page_id	title	source_catalog
aa446986(v=msdn.10)	OEMVerifyMemory	catalog-windows-ce-50
aa446987(v=msdn.10)	OEMWriteDebugByte	catalog-windows-ce-50
aa446988(v=msdn.10)	OEMWriteDebugLED	catalog-windows-ce-50
aa446989(v=msdn.10)	OEMWriteDebugString	catalog-windows-ce-50
aa446990(v=msdn.10)	OEMWriteFlash	catalog-windows-ce-50
aa446991(v=msdn.10)	PerfCountSinceTick	catalog-windows-ce-50
aa446992(v=msdn.10)	PFN_EnumProc	catalog-windows-ce-50
aa446993(v=msdn.10)	PFN_KITLTIMERCB	catalog-windows-ce-50
aa446994(v=msdn.10)	pfnNKDrWatsonClear	catalog-windows-ce-50
aa446995(v=msdn.10)	pfnNKDrWatsonFlush	catalog-windows-ce-50
aa446996(v=msdn.10)	pfnNKDrWatsonRead	catalog-windows-ce-50
aa446997(v=msdn.10)	pfnNKDrWatsonWrite	catalog-windows-ce-50
aa446998(v=msdn.10)	pfnOEMIntrOccurs	catalog-windows-ce-50
aa447001(v=msdn.10)	pfnOEMRefreshWatchDog	catalog-windows-ce-50
aa447002(v=msdn.10)	pfnOEMReschedule	catalog-windows-ce-50
aa447003(v=msdn.10)	pfnOEMSetMemoryAttributes	catalog-windows-ce-50
aa447004(v=msdn.10)	PFN_AllocHeapMem	catalog-windows-ce-50
aa447005(v=msdn.10)	PFN_FreeHeapMem	catalog-windows-ce-50
aa447006(v=msdn.10)	PHYSICAL_BASIC_INFORMATION	catalog-windows-ce-50
aa447007(v=msdn.10)	pNKEnumExtensionDRAM	catalog-windows-ce-50
aa447008(v=msdn.10)	pNotifyForceCleanboot	catalog-windows-ce-50
aa447009(v=msdn.10)	pOEMCalcFSPages	catalog-windows-ce-50
aa447010(v=msdn.10)	pOEMIsProcessorFeaturePresent	catalog-windows-ce-50
aa447011(v=msdn.10)	pOEMLoadInit	catalog-windows-ce-50
aa447012(v=msdn.10)	pOEMLoadModule	catalog-windows-ce-50
aa447013(v=msdn.10)	pOEMUpdateRescheduleTime	catalog-windows-ce-50
aa447014(v=msdn.10)	PowerOffSystem	catalog-windows-ce-50
aa447015(v=msdn.10)	pQueryPerformanceCounter	catalog-windows-ce-50
aa447016(v=msdn.10)	pQueryPerformanceFrequency	catalog-windows-ce-50
aa447017(v=msdn.10)	pReadRegistryFromOEM	catalog-windows-ce-50
aa447018(v=msdn.10)	PROCESSOR_INFO	catalog-windows-ce-50
aa447019(v=msdn.10)	pWriteDebugLED	catalog-windows-ce-50
aa447020(v=msdn.10)	pWriteRegistryToOEM	catalog-windows-ce-50
aa447021(v=msdn.10)	ReadRegistryFromOEM	catalog-windows-ce-50
aa447022(v=msdn.10)	SC_GetTickCount	catalog-windows-ce-50
aa447023(v=msdn.10)	SetCleanRebootFlag	catalog-windows-ce-50
aa447024(v=msdn.10)	SetOOMEvent	catalog-windows-ce-50
aa447025(v=msdn.10)	SH4CacheLines	catalog-windows-ce-50
aa447026(v=msdn.10)	StartUp	catalog-windows-ce-50
aa447027(v=msdn.10)	TLBClear	catalog-windows-ce-50
aa447028(v=msdn.10)	TRANPORTINFOSTRUCT	catalog-windows-ce-50
aa447029(v=msdn.10)	TransportDecode	catalog-windows-ce-50
aa447030(v=msdn.10)	TransportEnableInt	catalog-windows-ce-50
aa447031(v=msdn.10)	TransportEncode	catalog-windows-ce-50
aa447032(v=msdn.10)	TransportGetDevCfg	catalog-windows-ce-50
aa447033(v=msdn.10)	TransportRecv	catalog-windows-ce-50
aa447034(v=msdn.10)	TransportSend	catalog-windows-ce-50
aa447035(v=msdn.10)	TransportSetHostCfg	catalog-windows-ce-50
aa447036(v=msdn.10)	VirtualSetPageFlags	catalog-windows-ce-50
aa447037(v=msdn.10)	WIN_CERTIFICATE	catalog-windows-ce-50
aa447038(v=msdn.10)	WriteRegistryToOEM	catalog-windows-ce-50
aa447071(v=msdn.10)	Creating Stubs for OAL Functions	catalog-windows-ce-50
aa447072(v=msdn.10)	Creating Stubs for the Boot Loader OEM Functions	catalog-windows-ce-50
aa447074(v=msdn.10)	Creating the Boot Loader Main Function	catalog-windows-ce-50
aa447097(v=msdn.10)	Implementing the Boot Loader StartUp Function	catalog-windows-ce-50
aa447099(v=msdn.10)	Implementing the Flash Memory Erase Functions	catalog-windows-ce-50
aa447102(v=msdn.10)	Implementing the OEMIsFlashAddr Function	catalog-windows-ce-50
aa447103(v=msdn.10)	Implementing the OEMKitlInit Function	catalog-windows-ce-50
aa447104(v=msdn.10)	Implementing the OEMLaunch Function	catalog-windows-ce-50
aa447105(v=msdn.10)	Implementing the OEMMapMemAddr Function	catalog-windows-ce-50
aa447106(v=msdn.10)	Implementing the OEMPlatformInit Function	catalog-windows-ce-50
aa447107(v=msdn.10)	Implementing the OEMPreDownload Function	catalog-windows-ce-50
aa447108(v=msdn.10)	Implementing the OEMWriteFlash Function	catalog-windows-ce-50
aa447110(v=msdn.10)	Implementing the Serial Debug Functions	catalog-windows-ce-50
aa447143(v=msdn.10)	Boot Arguments Constants	catalog-windows-ce-50
aa447146(v=msdn.10)	Boot Arguments Reference Internal Interface	catalog-windows-ce-50
aa447151(v=msdn.10)	Cache Reference Internal Interface	catalog-windows-ce-50
aa447152(v=msdn.10)	Cache Reference Kernel Interface	catalog-windows-ce-50
aa447153(v=msdn.10)	Cache Reference OAL Interface	catalog-windows-ce-50
aa447155(v=msdn.10)	Interrupt Constants	catalog-windows-ce-50
aa447160(v=msdn.10)	Interrupt Latency Timing Reference Kernel Interface	catalog-windows-ce-50
aa447161(v=msdn.10)	Interrupt Latency Timing Reference OAL Interface	catalog-windows-ce-50
aa447165(v=msdn.10)	Interrupt Reference Internal Interface	catalog-windows-ce-50
aa447166(v=msdn.10)	Interrupt Reference Kernel Interface	catalog-windows-ce-50
aa447167(v=msdn.10)	Interrupt Reference OAL Interface	catalog-windows-ce-50
aa447168(v=msdn.10)	IOCTL Constants	catalog-windows-ce-50
aa447172(v=msdn.10)	IOCTL Reference External Interface	catalog-windows-ce-50
aa447181(v=msdn.10)	KITL Constants	catalog-windows-ce-50
aa447186(v=msdn.10)	KITL Reference Ethernet Driver Interface	catalog-windows-ce-50
aa447187(v=msdn.10)	KITL Reference Serial Driver Interface	catalog-windows-ce-50
aa447189(v=msdn.10)	Logging Constants	catalog-windows-ce-50
aa447194(v=msdn.10)	Logging Reference OAL Interface	catalog-windows-ce-50
aa447195(v=msdn.10)	Memory Constants	catalog-windows-ce-50
aa447199(v=msdn.10)	Memory Reference Kernel Interface	catalog-windows-ce-50
aa447200(v=msdn.10)	Memory Reference OAL Interface	catalog-windows-ce-50
aa447205(v=msdn.10)	PCI Reference OAL Interface	catalog-windows-ce-50
aa447211(v=msdn.10)	Timer Reference Internal Interface	catalog-windows-ce-50
aa447212(v=msdn.10)	Timer Reference Kernel Interface	catalog-windows-ce-50
aa447213(v=msdn.10)	Timer Reference OAL Interface	catalog-windows-ce-50
aa447215(v=msdn.10)	BSPIntrActiveIrq	catalog-windows-ce-50
aa447216(v=msdn.10)	BSPIntrDisableIrq	catalog-windows-ce-50
aa447217(v=msdn.10)	BSPIntrDoneIrq	catalog-windows-ce-50
aa447218(v=msdn.10)	BSPIntrEnableIrq	catalog-windows-ce-50
aa447219(v=msdn.10)	BSPIntrInit	catalog-windows-ce-50
aa447220(v=msdn.10)	BSPIntrRequestIrqs	catalog-windows-ce-50
aa447221(v=msdn.10)	CLRPORT16	catalog-windows-ce-50
aa447223(v=msdn.10)	CLRPORT32	catalog-windows-ce-50
aa447224(v=msdn.10)	CLRPORT8	catalog-windows-ce-50
aa447225(v=msdn.10)	CLRREG16	catalog-windows-ce-50
aa447226(v=msdn.10)	CLRREG32	catalog-windows-ce-50
aa447227(v=msdn.10)	CLRREG8	catalog-windows-ce-50
aa447228(v=msdn.10)	g_oalAddressTable	catalog-windows-ce-50
aa447229(v=msdn.10)	g_oalCacheInfo	catalog-windows-ce-50
aa447230(v=msdn.10)	g_oalILT	catalog-windows-ce-50
aa447231(v=msdn.10)	g_oalIoCtlClockSpeed	catalog-windows-ce-50
aa447232(v=msdn.10)	g_oalIoCtlInstructionSet	catalog-windows-ce-50
aa447233(v=msdn.10)	g_oalIoCtlPlatformOEM	catalog-windows-ce-50
aa447234(v=msdn.10)	g_oalIoCtlPlatformType	catalog-windows-ce-50
aa447235(v=msdn.10)	g_oalIoCtlProcessorCore	catalog-windows-ce-50
aa447236(v=msdn.10)	g_oalIoCtlProcessorName	catalog-windows-ce-50
aa447237(v=msdn.10)	g_oalIoCtlProcessorVendor	catalog-windows-ce-50
aa447238(v=msdn.10)	g_oalIoCtlTable	catalog-windows-ce-50
aa447239(v=msdn.10)	g_oalKitlBuffer	catalog-windows-ce-50
aa447240(v=msdn.10)	g_oalLogMask	catalog-windows-ce-50
aa447241(v=msdn.10)	g_oalTimer	catalog-windows-ce-50
aa447242(v=msdn.10)	INPORT16	catalog-windows-ce-50
aa447243(v=msdn.10)	INPORT32	catalog-windows-ce-50
aa447244(v=msdn.10)	INPORT8	catalog-windows-ce-50
aa447245(v=msdn.10)	INREG16	catalog-windows-ce-50
aa447246(v=msdn.10)	INREG32	catalog-windows-ce-50
aa447247(v=msdn.10)	INREG8	catalog-windows-ce-50
aa447248(v=msdn.10)	IOCTL_HAL_GET_HWENTROPY	catalog-windows-ce-50
aa447249(v=msdn.10)	IOCTL_OAL_BUSPOWEROFF	catalog-windows-ce-50
aa447250(v=msdn.10)	IOCTL_OAL_BUSPOWERON	catalog-windows-ce-50
aa447251(v=msdn.10)	IOCTL_OAL_READBUSDATA	catalog-windows-ce-50
aa447252(v=msdn.10)	IOCTL_OAL_TRANSBUSADDRESS	catalog-windows-ce-50
aa447253(v=msdn.10)	IOCTL_OAL_TRANSSYSADDRESS	catalog-windows-ce-50
aa447254(v=msdn.10)	IOCTL_OAL_WRITEBUSDATA	catalog-windows-ce-50
aa447255(v=msdn.10)	KITL_SERIAL_INFO	catalog-windows-ce-50
aa447256(v=msdn.10)	MASKPORT16	catalog-windows-ce-50
aa447257(v=msdn.10)	MASKPORT32	catalog-windows-ce-50
aa447258(v=msdn.10)	MASKPORT8	catalog-windows-ce-50
aa447259(v=msdn.10)	MASKREG16	catalog-windows-ce-50
aa447260(v=msdn.10)	MASKREG32	catalog-windows-ce-50
aa447261(v=msdn.10)	MASKREG8	catalog-windows-ce-50
aa447262(v=msdn.10)	OALArgsQuery	catalog-windows-ce-50
aa447263(v=msdn.10)	OALCacheGlobalsInit	catalog-windows-ce-50
aa447264(v=msdn.10)	OALCAtoUA	catalog-windows-ce-50
aa447265(v=msdn.10)	OALCleanDCache	catalog-windows-ce-50
aa447266(v=msdn.10)	OALCleanDCacheLines	catalog-windows-ce-50
aa447267(v=msdn.10)	OALClearDTLB	catalog-windows-ce-50
aa447268(v=msdn.10)	OALClearDTLBEntry	catalog-windows-ce-50
aa447269(v=msdn.10)	OALClearITLB	catalog-windows-ce-50
aa447270(v=msdn.10)	OALClearITLBEntry	catalog-windows-ce-50
aa447271(v=msdn.10)	OALClearTLB	catalog-windows-ce-50
aa447272(v=msdn.10)	OALClearTLBEntry	catalog-windows-ce-50
aa447273(v=msdn.10)	OALCPUIdle	catalog-windows-ce-50
aa447274(v=msdn.10)	OALFlushDCache	catalog-windows-ce-50
aa447275(v=msdn.10)	OALFlushDCacheLines	catalog-windows-ce-50
aa447276(v=msdn.10)	OALFlushICache	catalog-windows-ce-50
aa447277(v=msdn.10)	OALFlushICacheLines	catalog-windows-ce-50
aa447278(v=msdn.10)	OALGetTickCount	catalog-windows-ce-50
aa447279(v=msdn.10)	OALIntrDisableIrqs	catalog-windows-ce-50
aa447280(v=msdn.10)	OALIntrDoneIrqs	catalog-windows-ce-50
aa447281(v=msdn.10)	OALIntrEnableIrqs	catalog-windows-ce-50
aa447282(v=msdn.10)	OALIntrInit	catalog-windows-ce-50
aa447283(v=msdn.10)	OALIntrMapInit	catalog-windows-ce-50
aa447284(v=msdn.10)	OALIntrReleaseSysIntr	catalog-windows-ce-50
aa447285(v=msdn.10)	OALIntrRequestIrqs	catalog-windows-ce-50
aa447286(v=msdn.10)	OALIntrRequestSysIntr	catalog-windows-ce-50
aa447287(v=msdn.10)	OALIntrStaticTranslate	catalog-windows-ce-50
aa447288(v=msdn.10)	OALIntrTranslateIrq	catalog-windows-ce-50
aa447289(v=msdn.10)	OALIntrTranslateSysIntr	catalog-windows-ce-50
aa447290(v=msdn.10)	OALIoBusPowerOff	catalog-windows-ce-50
aa447291(v=msdn.10)	OALIoBusPowerOn	catalog-windows-ce-50
aa447292(v=msdn.10)	OALIoCtlHalDDI	catalog-windows-ce-50
aa447293(v=msdn.10)	OALIoCtlHalDdkCall	catalog-windows-ce-50
aa447294(v=msdn.10)	OALIoCtlHalGetCacheInfo	catalog-windows-ce-50
aa447295(v=msdn.10)	OALIoCtlHalGetDeviceId	catalog-windows-ce-50
aa447296(v=msdn.10)	OALIoCtlHalGetDeviceInfo	catalog-windows-ce-50
aa447297(v=msdn.10)	OALIoCtlHalGetHWEntropy	catalog-windows-ce-50
aa447298(v=msdn.10)	OALIoCtlHalGetRandomSeed	catalog-windows-ce-50
aa447299(v=msdn.10)	OALIoCtlHalGetRegSecureKeys	catalog-windows-ce-50
aa447300(v=msdn.10)	OALIoCtlHalGetUUID	catalog-windows-ce-50
aa447301(v=msdn.10)	OALIoCtlHalILTiming	catalog-windows-ce-50
aa447302(v=msdn.10)	OALIoCtlHalInitRegistry	catalog-windows-ce-50
aa447303(v=msdn.10)	OALIoCtlHalReboot	catalog-windows-ce-50
aa447304(v=msdn.10)	OALIoCtlHalReleaseSysIntr	catalog-windows-ce-50
aa447305(v=msdn.10)	OALIoCtlHalRequestIrq	catalog-windows-ce-50
aa447306(v=msdn.10)	OALIoCtlHalRequestSysIntr	catalog-windows-ce-50
aa447307(v=msdn.10)	OALIoCtlHalUpdateMode	catalog-windows-ce-50
aa447308(v=msdn.10)	OALIoCtlProcessorInfo	catalog-windows-ce-50
aa447309(v=msdn.10)	OALIoCtlVBridge	catalog-windows-ce-50
aa447310(v=msdn.10)	OALIoReadBusData	catalog-windows-ce-50
aa447311(v=msdn.10)	OALIoTransBusAddress	catalog-windows-ce-50
aa447312(v=msdn.10)	OALIoTransSystemAddress	catalog-windows-ce-50
aa447313(v=msdn.10)	OALIoWriteBusData	catalog-windows-ce-50
aa447314(v=msdn.10)	OALKitlCreateName	catalog-windows-ce-50
aa447315(v=msdn.10)	OALKitlDeviceName	catalog-windows-ce-50
aa447316(v=msdn.10)	OALKitlDeviceType	catalog-windows-ce-50
aa447317(v=msdn.10)	OALKitlFindDevice	catalog-windows-ce-50
aa447318(v=msdn.10)	OALKitlGetDevLoc	catalog-windows-ce-50
aa447319(v=msdn.10)	OALKitlInit	catalog-windows-ce-50
aa447320(v=msdn.10)	OALKitlInitRegistry	catalog-windows-ce-50
aa447321(v=msdn.10)	OALKitlIPtoString	catalog-windows-ce-50
aa447322(v=msdn.10)	OALKitlMACtoString	catalog-windows-ce-50
aa447323(v=msdn.10)	OALKitlPowerOff	catalog-windows-ce-50
aa447324(v=msdn.10)	OALKitlPowerOn	catalog-windows-ce-50
aa447325(v=msdn.10)	OALKitlStart	catalog-windows-ce-50
aa447326(v=msdn.10)	OALKitlStringToIP	catalog-windows-ce-50
aa447327(v=msdn.10)	OALKitlStringToMAC	catalog-windows-ce-50
aa447328(v=msdn.10)	OALLED	catalog-windows-ce-50
aa447329(v=msdn.10)	OALLog	catalog-windows-ce-50
aa447330(v=msdn.10)	OALLogPrintf	catalog-windows-ce-50
aa447331(v=msdn.10)	OALLogSerial	catalog-windows-ce-50
aa447332(v=msdn.10)	OALLogSetZones	catalog-windows-ce-50
aa447334(v=msdn.10)	OALLogV	catalog-windows-ce-50
aa447335(v=msdn.10)	OALMASK	catalog-windows-ce-50
aa447336(v=msdn.10)	OALMSG	catalog-windows-ce-50
aa447337(v=msdn.10)	OALMSGS	catalog-windows-ce-50
aa447338(v=msdn.10)	OALPAtoCA	catalog-windows-ce-50
aa447339(v=msdn.10)	OALPAtoUA	catalog-windows-ce-50
aa447340(v=msdn.10)	OALPAtoVA	catalog-windows-ce-50
aa447341(v=msdn.10)	OALPCICfgRead	catalog-windows-ce-50
aa447342(v=msdn.10)	OALPCICfgWrite	catalog-windows-ce-50
aa447343(v=msdn.10)	OALPCIConfig	catalog-windows-ce-50
aa447344(v=msdn.10)	OALPCIDump	catalog-windows-ce-50
aa447345(v=msdn.10)	OALPCIDumpConfig	catalog-windows-ce-50
aa447346(v=msdn.10)	OALPCIFindNextId	catalog-windows-ce-50
aa447347(v=msdn.10)	OALPCIGetHeaderType	catalog-windows-ce-50
aa447348(v=msdn.10)	OALPCIGetId	catalog-windows-ce-50
aa447349(v=msdn.10)	OALPCIGetInterruptPin	catalog-windows-ce-50
aa447350(v=msdn.10)	OALPCIGetMBAR	catalog-windows-ce-50
aa447351(v=msdn.10)	OALPCIGetSecBusNum	catalog-windows-ce-50
aa447352(v=msdn.10)	OALPCIGetSubBusNum	catalog-windows-ce-50
aa447353(v=msdn.10)	OALPCIInit	catalog-windows-ce-50
aa447354(v=msdn.10)	OALPCIPowerOff	catalog-windows-ce-50
aa447355(v=msdn.10)	OALPCIPowerOn	catalog-windows-ce-50
aa447356(v=msdn.10)	OALPCIRegisterAsUsed	catalog-windows-ce-50
aa447357(v=msdn.10)	OALPCITransBusAddress	catalog-windows-ce-50
aa447358(v=msdn.10)	OALStall	catalog-windows-ce-50
aa447359(v=msdn.10)	OALTimerCountsSinceSysTick	catalog-windows-ce-50
aa447360(v=msdn.10)	OALTimerGetCompare	catalog-windows-ce-50
aa447361(v=msdn.10)	OALTimerGetCount	catalog-windows-ce-50
aa447362(v=msdn.10)	OALTimerInit	catalog-windows-ce-50
aa447363(v=msdn.10)	OALTimerInitCount	catalog-windows-ce-50
aa447364(v=msdn.10)	OALTimerIntrHandler	catalog-windows-ce-50
aa447365(v=msdn.10)	OALTimerRecharge	catalog-windows-ce-50
aa447366(v=msdn.10)	OALTimerSetCompare	catalog-windows-ce-50
aa447367(v=msdn.10)	OALTimerUpdate	catalog-windows-ce-50
aa447368(v=msdn.10)	OALUAtoCA	catalog-windows-ce-50
aa447369(v=msdn.10)	OALVAtoPA	catalog-windows-ce-50
aa447370(v=msdn.10)	OALZONE	catalog-windows-ce-50
aa447371(v=msdn.10)	OAL_ADDRESS_TABLE	catalog-windows-ce-50
aa447372(v=msdn.10)	OAL_ARGS_HEADER	catalog-windows-ce-50
aa447373(v=msdn.10)	OAL_CACHE_INFO	catalog-windows-ce-50
aa447374(v=msdn.10)	OAL_DDK_PARAMS	catalog-windows-ce-50
aa447375(v=msdn.10)	OAL_ILT_STATE	catalog-windows-ce-50
aa447376(v=msdn.10)	OAL_IOCTL_HANDLER	catalog-windows-ce-50
aa447377(v=msdn.10)	OAL_KITLETH_CURRENT_PACKET_FILTER	catalog-windows-ce-50
aa447378(v=msdn.10)	OAL_KITLETH_DEINIT	catalog-windows-ce-50
aa447379(v=msdn.10)	OAL_KITLETH_DISABLE_INTS	catalog-windows-ce-50
aa447380(v=msdn.10)	OAL_KITLETH_ENABLE_INTS	catalog-windows-ce-50
aa447381(v=msdn.10)	OAL_KITLETH_GET_FRAME	catalog-windows-ce-50
aa447382(v=msdn.10)	OAL_KITLETH_INIT	catalog-windows-ce-50
aa447383(v=msdn.10)	OAL_KITLETH_INIT_DMABUFFER	catalog-windows-ce-50
aa447384(v=msdn.10)	OAL_KITLETH_MULTICAST_LIST	catalog-windows-ce-50
aa447385(v=msdn.10)	OAL_KITLETH_POWER_OFF	catalog-windows-ce-50
aa447386(v=msdn.10)	OAL_KITLETH_POWER_ON	catalog-windows-ce-50
aa447387(v=msdn.10)	OAL_KITLETH_SEND_FRAME	catalog-windows-ce-50
aa447388(v=msdn.10)	OAL_KITLSERIAL_DEINIT	catalog-windows-ce-50
aa447389(v=msdn.10)	OAL_KITLSERIAL_DISABLE_INTS	catalog-windows-ce-50
aa447390(v=msdn.10)	OAL_KITLSERIAL_ENABLE_INTS	catalog-windows-ce-50
aa447391(v=msdn.10)	OAL_KITLSERIAL_FLOW_CONTROL	catalog-windows-ce-50
aa447392(v=msdn.10)	OAL_KITLSERIAL_INIT	catalog-windows-ce-50
aa447393(v=msdn.10)	OAL_KITLSERIAL_POWER_OFF	catalog-windows-ce-50
aa447394(v=msdn.10)	OAL_KITLSERIAL_POWER_ON	catalog-windows-ce-50
aa447395(v=msdn.10)	OAL_KITLSERIAL_RECV	catalog-windows-ce-50
aa447396(v=msdn.10)	OAL_KITLSERIAL_SEND	catalog-windows-ce-50
aa447397(v=msdn.10)	OAL_KITLSERIAL_SENDCOMPLETE	catalog-windows-ce-50
aa447398(v=msdn.10)	OAL_KITL_ARGS	catalog-windows-ce-50
aa447399(v=msdn.10)	OAL_KITL_DEVICE	catalog-windows-ce-50
aa447400(v=msdn.10)	OAL_KITL_ETH_DRIVER	catalog-windows-ce-50
aa447401(v=msdn.10)	OAL_KITL_FLAGS	catalog-windows-ce-50
aa447402(v=msdn.10)	OAL_KITL_SERIAL_DRIVER	catalog-windows-ce-50
aa447403(v=msdn.10)	OAL_KITL_TYPE	catalog-windows-ce-50
aa447404(v=msdn.10)	OAL_PCI_LOCATION	catalog-windows-ce-50
aa447405(v=msdn.10)	OAL_TIMER_STATE	catalog-windows-ce-50
aa447406(v=msdn.10)	OEMIsRom	catalog-windows-ce-50
aa447407(v=msdn.10)	OUTPORT16	catalog-windows-ce-50
aa447408(v=msdn.10)	OUTPORT32	catalog-windows-ce-50
aa447409(v=msdn.10)	OUTPORT8	catalog-windows-ce-50
aa447410(v=msdn.10)	OUTREG16	catalog-windows-ce-50
aa447411(v=msdn.10)	OUTREG32	catalog-windows-ce-50
aa447412(v=msdn.10)	OUTREG8	catalog-windows-ce-50
aa447413(v=msdn.10)	pfnOEMIsRom	catalog-windows-ce-50
aa447414(v=msdn.10)	SETPORT16	catalog-windows-ce-50
aa447415(v=msdn.10)	SETPORT32	catalog-windows-ce-50
aa447416(v=msdn.10)	SETPORT8	catalog-windows-ce-50
aa447417(v=msdn.10)	SETREG16	catalog-windows-ce-50
aa447418(v=msdn.10)	SETREG32	catalog-windows-ce-50
aa447419(v=msdn.10)	SETREG8	catalog-windows-ce-50
aa448147(v=msdn.10)	StopDeviceNotifications	catalog-windows-ce-50
aa448371(v=msdn.10)	CDEFINES	catalog-windows-ce-50
aa448379(v=msdn.10)	CONDITIONAL_INCLUDES	catalog-windows-ce-50
aa448384(v=msdn.10)	Connmc	catalog-windows-ce-50
aa448385(v=msdn.10)	COPYRES	catalog-windows-ce-50
aa448390(v=msdn.10)	_CPUDEPPATH	catalog-windows-ce-50
aa448391(v=msdn.10)	_CPUINDPATH	catalog-windows-ce-50
aa448411(v=msdn.10)	DEFFILE	catalog-windows-ce-50
aa448422(v=msdn.10)	DLLENTRY	catalog-windows-ce-50
aa448433(v=msdn.10)	Ethman	catalog-windows-ce-50
aa448434(v=msdn.10)	EXEENTRY	catalog-windows-ce-50
aa448447(v=msdn.10)	X86BOOT	catalog-windows-ce-50
aa448448(v=msdn.10)	__COMMONPUBROOT	catalog-windows-ce-50
aa448449(v=msdn.10)	__PROJROOT	catalog-windows-ce-50
aa448547(v=msdn.10)	DIRS_NT	catalog-windows-ce-50
aa448562(v=msdn.10)	allocate	catalog-windows-ce-50
aa448563(v=msdn.10)	ARM10 Intrinsic Functions	catalog-windows-ce-50
aa448595(v=msdn.10)	ARM XSCALE Intrinsic Functions	catalog-windows-ce-50
aa448629(v=msdn.10)	ClassView	catalog-windows-ce-50
aa448662(v=msdn.10)	iw32	catalog-windows-ce-50
aa448663(v=msdn.10)	iwcall	catalog-windows-ce-50
aa448714(v=msdn.10)	naked	catalog-windows-ce-50
aa448722(v=msdn.10)	noinline	catalog-windows-ce-50
aa448724(v=msdn.10)	noreturn	catalog-windows-ce-50
aa448725(v=msdn.10)	nothrow	catalog-windows-ce-50
aa448726(v=msdn.10)	novtable	catalog-windows-ce-50
aa448791(v=msdn.10)	Prolog	catalog-windows-ce-50
aa448792(v=msdn.10)	property	catalog-windows-ce-50
aa449784(v=msdn.10)	Predefined Macros	catalog-windows-ce-50
aa449959(v=msdn.10)	Deleting a Macro	catalog-windows-ce-50
aa450298(v=msdn.10)	BD_ADDR	catalog-windows-ce-50
aa450299(v=msdn.10)	BD_BUFFER	catalog-windows-ce-50
aa450331(v=msdn.10)	DIALER_NOTIFICATION	catalog-windows-ce-50
aa450461(v=msdn.10)	IRDA_DEVICE_INFO	catalog-windows-ce-50
aa450541(v=msdn.10)	Fibers	catalog-windows-ce-50
aa450550(v=msdn.10)	Heaps	catalog-windows-ce-50
aa450561(v=msdn.10)	Interlocked Functions	catalog-windows-ce-50
aa450638(v=msdn.10)	Stack	catalog-windows-ce-50
aa450671(v=msdn.10)	Wait Functions	catalog-windows-ce-50
aa450785(v=msdn.10)	AllocPhysMem	catalog-windows-ce-50
aa450786(v=msdn.10)	CacheInfo	catalog-windows-ce-50
aa450787(v=msdn.10)	CacheRangeFlush	catalog-windows-ce-50
aa450788(v=msdn.10)	CacheSync	catalog-windows-ce-50
aa450789(v=msdn.10)	CallSnapshot	catalog-windows-ce-50
aa450790(v=msdn.10)	CallSnapshotEx	catalog-windows-ce-50
aa450791(v=msdn.10)	CeGetCacheInfo	catalog-windows-ce-50
aa450793(v=msdn.10)	CeGetCurrentTrust	catalog-windows-ce-50
aa450794(v=msdn.10)	CeGetRandomSeed	catalog-windows-ce-50
aa450832(v=msdn.10)	RasDevConfigDialogEdit	catalog-windows-ce-50
aa450834(v=msdn.10)	RasDial	catalog-windows-ce-50
aa450838(v=msdn.10)	RasEnumConnections	catalog-windows-ce-50
aa450839(v=msdn.10)	RasEnumDevices	catalog-windows-ce-50
aa450840(v=msdn.10)	RasEnumEntries	catalog-windows-ce-50
aa450841(v=msdn.10)	RasFreeBuffer	catalog-windows-ce-50
aa450842(v=msdn.10)	RasGetBuffer	catalog-windows-ce-50
aa450843(v=msdn.10)	RasGetConnectStatus	catalog-windows-ce-50
aa450844(v=msdn.10)	RasGetDispPhoneNum	catalog-windows-ce-50
aa450845(v=msdn.10)	RasGetEapConnectionData	catalog-windows-ce-50
aa450846(v=msdn.10)	RasGetEapUserData	catalog-windows-ce-50
aa450847(v=msdn.10)	RasGetEntryDialParams	catalog-windows-ce-50
aa450848(v=msdn.10)	RasGetEntryProperties	catalog-windows-ce-50
aa450849(v=msdn.10)	RasGetLinkStatistics	catalog-windows-ce-50
aa450850(v=msdn.10)	RasGetProjectionInfo	catalog-windows-ce-50
aa450851(v=msdn.10)	RasHangUp	catalog-windows-ce-50
aa450855(v=msdn.10)	RASPPPIPV6	catalog-windows-ce-50
aa450856(v=msdn.10)	RASPROJECTION	catalog-windows-ce-50
aa450857(v=msdn.10)	RasReceiveBuffer	catalog-windows-ce-50
aa450858(v=msdn.10)	RasRenameEntry	catalog-windows-ce-50
aa450859(v=msdn.10)	RasRetrieveBuffer	catalog-windows-ce-50
aa450860(v=msdn.10)	RasSendBuffer	catalog-windows-ce-50
aa450861(v=msdn.10)	RasSetEapConnectionData	catalog-windows-ce-50
aa450862(v=msdn.10)	RasSetEapUserData	catalog-windows-ce-50
aa450863(v=msdn.10)	RasSetEntryDialParams	catalog-windows-ce-50
aa450864(v=msdn.10)	RasSetEntryProperties	catalog-windows-ce-50
aa450866(v=msdn.10)	RasValidateEntryName	catalog-windows-ce-50
aa450901(v=msdn.10)	SleepTillTick	catalog-windows-ce-50
aa450903(v=msdn.10)	StartWatchDogTimer	catalog-windows-ce-50
aa450905(v=msdn.10)	StopWatchDogTimer	catalog-windows-ce-50
aa450950(v=msdn.10)	SOCKADDR_IRDA	catalog-windows-ce-50
aa450961(v=msdn.10)	UnhookInterrupt	catalog-windows-ce-50
aa450964(v=msdn.10)	STRINGFORMAT	catalog-windows-ce-50
aa450966(v=msdn.10)	UnlockPages	catalog-windows-ce-50
aa450968(v=msdn.10)	UnMapPtr	catalog-windows-ce-50
aa450977(v=msdn.10)	VirtualCopy	catalog-windows-ce-50
aa450982(v=msdn.10)	VirtualSetAttributes	catalog-windows-ce-50
aa450995(v=msdn.10)	XIPCHAIN_ENTRY	catalog-windows-ce-50
aa450996(v=msdn.10)	XIPCHAIN_INFO	catalog-windows-ce-50
aa451041(v=msdn.10)	cbNKPagingPoolSize	catalog-windows-ce-50
aa451135(v=msdn.10)	UNIMDM_CHG_DEVCFG	catalog-windows-ce-50
aa451136(v=msdn.10)	UNIMODEM_INFO	catalog-windows-ce-50
aa452657(v=msdn.10)	Handling Button Messages	catalog-windows-ce-50
aa452661(v=msdn.10)	Handling Notification Messages	catalog-windows-ce-50
aa452673(v=msdn.10)	Input Method Registry Values	catalog-windows-ce-50
aa452695(v=msdn.10)	Posting Messages	catalog-windows-ce-50
aa452697(v=msdn.10)	Processing Character Messages	catalog-windows-ce-50
aa452698(v=msdn.10)	Processing Keyboard Messages	catalog-windows-ce-50
aa452700(v=msdn.10)	Programming Input Methods	catalog-windows-ce-50
aa452701(v=msdn.10)	Receiving and Dispatching Messages	catalog-windows-ce-50
aa452717(v=msdn.10)	Sending Messages	catalog-windows-ce-50
aa452839(v=msdn.10)	ACCESSTIMEOUT	catalog-windows-ce-50
aa452846(v=msdn.10)	AdapterIPProperties	catalog-windows-ce-50
aa452847(v=msdn.10)	ADDCONNECT_DLGPARAMS	catalog-windows-ce-50
aa452887(v=msdn.10)	BitmapType	catalog-windows-ce-50
aa452902(v=msdn.10)	ButtonControlRectangleStyle_t	catalog-windows-ce-50
aa452937(v=msdn.10)	DestroyCursor	catalog-windows-ce-50
aa452939(v=msdn.10)	DestroyIcon_I	catalog-windows-ce-50
aa452955(v=msdn.10)	DisconnectDialog	catalog-windows-ce-50
aa452965(v=msdn.10)	DPA	catalog-windows-ce-50
aa452966(v=msdn.10)	DPA_FastGetPtr	catalog-windows-ce-50
aa452967(v=msdn.10)	DPA_GetPtr	catalog-windows-ce-50
aa452971(v=msdn.10)	DrawIcon	catalog-windows-ce-50
aa452973(v=msdn.10)	DrawIconEx_I	catalog-windows-ce-50
aa453139(v=msdn.10)	GetMouseMovePoints	catalog-windows-ce-50
aa453142(v=msdn.10)	GetNetString	catalog-windows-ce-50
aa453143(v=msdn.10)	GetNewPassword	catalog-windows-ce-50
aa453144(v=msdn.10)	GetNewPasswordEx	catalog-windows-ce-50
aa453158(v=msdn.10)	GetResourcePassword	catalog-windows-ce-50
aa453176(v=msdn.10)	GetUsernamePassword	catalog-windows-ce-50
aa453177(v=msdn.10)	GetUsernamePasswordEx	catalog-windows-ce-50
aa453187(v=msdn.10)	g_fShellAPI	catalog-windows-ce-50
aa453249(v=msdn.10)	KillTimer_I	catalog-windows-ce-50
aa453295(v=msdn.10)	LineConfigEdit	catalog-windows-ce-50
aa453408(v=msdn.10)	LoadAnimatedCursor	catalog-windows-ce-50
aa453410(v=msdn.10)	LoadCursor	catalog-windows-ce-50
aa453412(v=msdn.10)	LoadIconW_I	catalog-windows-ce-50
aa453541(v=msdn.10)	MAKEINTATOM	catalog-windows-ce-50
aa453658(v=msdn.10)	SetTimer_I	catalog-windows-ce-50
aa453659(v=msdn.10)	SettingsDialogData	catalog-windows-ce-50
aa453730(v=msdn.10)	ShowCursor	catalog-windows-ce-50
aa453748(v=msdn.10)	TOGGLEKEYS	catalog-windows-ce-50
aa453760(v=msdn.10)	TouchCalibrateUI_Done	catalog-windows-ce-50
aa453761(v=msdn.10)	TouchCalibrateUI_DrawConfirmationScreen	catalog-windows-ce-50
aa453762(v=msdn.10)	TouchCalibrateUI_DrawMainScreen	catalog-windows-ce-50
aa453763(v=msdn.10)	TouchCalibrateUI_HandleUserInputMessage	catalog-windows-ce-50
aa453764(v=msdn.10)	TouchCalibrateUI_Initialize	catalog-windows-ce-50
aa453765(v=msdn.10)	TouchCalibrateUI_WaitForConfirmation	catalog-windows-ce-50
aa453850(v=msdn.10)	WM_CTLCOLORSCROLLBAR	catalog-windows-ce-50
aa453863(v=msdn.10)	WM_GETICON	catalog-windows-ce-50
aa453869(v=msdn.10)	WM_HSCROLL	catalog-windows-ce-50
aa453878(v=msdn.10)	WM_LBUTTONDBLCLK	catalog-windows-ce-50
aa453879(v=msdn.10)	WM_LBUTTONDOWN	catalog-windows-ce-50
aa453880(v=msdn.10)	WM_LBUTTONUP	catalog-windows-ce-50
aa453881(v=msdn.10)	WM_MBUTTONDOWN	catalog-windows-ce-50
aa453882(v=msdn.10)	WM_MBUTTONUP	catalog-windows-ce-50
aa453885(v=msdn.10)	WM_MOUSEMOVE	catalog-windows-ce-50
aa453886(v=msdn.10)	WM_MOUSEWHEEL	catalog-windows-ce-50
aa453896(v=msdn.10)	WM_RBUTTONDOWN	catalog-windows-ce-50
aa453897(v=msdn.10)	WM_RBUTTONUP	catalog-windows-ce-50
aa453900(v=msdn.10)	WM_SETCURSOR	catalog-windows-ce-50
aa453903(v=msdn.10)	WM_SETICON	catalog-windows-ce-50
aa453916(v=msdn.10)	WM_TIMER	catalog-windows-ce-50
aa453918(v=msdn.10)	WM_USER	catalog-windows-ce-50
aa453919(v=msdn.10)	WM_VSCROLL	catalog-windows-ce-50
aa453922(v=msdn.10)	WNDCLASS	catalog-windows-ce-50
aa456321(v=msdn.10)	ODLIB	catalog-windows-ce-50
aa456344(v=msdn.10)	DRMLicenseHandle	catalog-windows-ce-50
aa456345(v=msdn.10)	DRM_MINIMUM_OUTPUT_PROTECTION_LEVELS	catalog-windows-ce-50
aa456346(v=msdn.10)	DRM_ND_DeregisterFromService	catalog-windows-ce-50
aa456347(v=msdn.10)	DRM_ND_GetPrivateKey	catalog-windows-ce-50
aa456348(v=msdn.10)	DRM_ND_Init	catalog-windows-ce-50
aa456349(v=msdn.10)	DRM_ND_RegisterWithService	catalog-windows-ce-50
aa456350(v=msdn.10)	DRM_OPL_OUTPUT_IDS	catalog-windows-ce-50
aa456351(v=msdn.10)	DRM_PLAY_OPL	catalog-windows-ce-50
aa456352(v=msdn.10)	DRM_VIDEO_OUTPUT_PROTECTION	catalog-windows-ce-50
aa456353(v=msdn.10)	DRM_VIDEO_OUTPUT_PROTECTION_IDS	catalog-windows-ce-50
aa456357(v=msdn.10)	DeviceStatus_e	catalog-windows-ce-50
aa456358(v=msdn.10)	Item_Attribute_e	catalog-windows-ce-50
aa456396(v=msdn.10)	MediaType_e	catalog-windows-ce-50
aa456397(v=msdn.10)	QueryEngineState_e	catalog-windows-ce-50
aa456400(v=msdn.10)	QuerySinkEvent_e	catalog-windows-ce-50
aa456401(v=msdn.10)	SearchBy_e	catalog-windows-ce-50
aa456413(v=msdn.10)	SortBy_e	catalog-windows-ce-50
aa462449(v=msdn.10)	Error 2020: Suspect Counter Values	catalog-windows-ce-50
aa462525(v=msdn.10)	Stepping Into a Function	catalog-windows-ce-50
aa462528(v=msdn.10)	ADDRESS_RANGE	catalog-windows-ce-50
aa462529(v=msdn.10)	_Alert	catalog-windows-ce-50
aa462530(v=msdn.10)	BP_KIND	catalog-windows-ce-50
aa462531(v=msdn.10)	BREAKPOINT_SUPPORT_TYPE2	catalog-windows-ce-50
aa462532(v=msdn.10)	_BuildVersion	catalog-windows-ce-50
aa462538(v=msdn.10)	CheckControlC	catalog-windows-ce-50
aa462553(v=msdn.10)	CleanupTestThread	catalog-windows-ce-50
aa462554(v=msdn.10)	CODE_BP_TYPE	catalog-windows-ce-50
aa462556(v=msdn.10)	CPU_REG_STRUCT	catalog-windows-ce-50
aa462557(v=msdn.10)	_CreateLogObject	catalog-windows-ce-50
aa462558(v=msdn.10)	CreateTransport	catalog-windows-ce-50
aa462563(v=msdn.10)	DATA_BP_TYPE	catalog-windows-ce-50
aa462564(v=msdn.10)	DEBUG_ACCESS_CAPABILITIES_STRUCT2	catalog-windows-ce-50
aa462565(v=msdn.10)	Disassm	catalog-windows-ce-50
aa462566(v=msdn.10)	_DisplayMsg	catalog-windows-ce-50
aa462567(v=msdn.10)	DoStressIteration	catalog-windows-ce-50
aa462568(v=msdn.10)	dprintf	catalog-windows-ce-50
aa462569(v=msdn.10)	EXCEPTION_CHANCE	catalog-windows-ce-50
aa462570(v=msdn.10)	EXCEPTION_DEFAULT_ACTION_TYPE2	catalog-windows-ce-50
aa462571(v=msdn.10)	EXCEPTION_TYPE2	catalog-windows-ce-50
aa462572(v=msdn.10)	_Exec	catalog-windows-ce-50
aa462573(v=msdn.10)	FileCustomAction	catalog-windows-ce-50
aa462574(v=msdn.10)	FileInfo	catalog-windows-ce-50
aa462575(v=msdn.10)	FileVerifyInfo	catalog-windows-ce-50
aa462576(v=msdn.10)	FileVerifyReference	catalog-windows-ce-50
aa462577(v=msdn.10)	FileVerifyResult	catalog-windows-ce-50
aa462578(v=msdn.10)	FileVerifyVersion	catalog-windows-ce-50
aa462579(v=msdn.10)	FLEXI_GETDATA_TYPE	catalog-windows-ce-50
aa462580(v=msdn.10)	FRAME_TYPE	catalog-windows-ce-50
aa462581(v=msdn.10)	FUNCTION_TABLE_ENTRY	catalog-windows-ce-50
aa462582(v=msdn.10)	GetContext	catalog-windows-ce-50
aa462583(v=msdn.10)	_GetCPU	catalog-windows-ce-50
aa462584(v=msdn.10)	GetDebuggerData	catalog-windows-ce-50
aa462585(v=msdn.10)	GetExpression	catalog-windows-ce-50
aa462586(v=msdn.10)	_GetOSVer	catalog-windows-ce-50
aa462587(v=msdn.10)	GetRunningModuleCount	catalog-windows-ce-50
aa462588(v=msdn.10)	GetSetSympath	catalog-windows-ce-50
aa462589(v=msdn.10)	GetSymbol	catalog-windows-ce-50
aa462590(v=msdn.10)	GLOBAL_TARGET_INFO_STRUCT2	catalog-windows-ce-50
aa462591(v=msdn.10)	HALT_REASON_CODE_TYPE2	catalog-windows-ce-50
aa462592(v=msdn.10)	HALT_REASON_TYPE2	catalog-windows-ce-50
aa463136(v=msdn.10)	Running to a Specified Function	catalog-windows-ce-50
aa463162(v=msdn.10)	Stepping Out of a Function	catalog-windows-ce-50
aa463163(v=msdn.10)	Stepping Over a Function	catalog-windows-ce-50
aa463194(v=msdn.10)	Viewing the Call Stack for a Function	catalog-windows-ce-50
aa463230(v=msdn.10)	GenFinder	catalog-windows-ce-50
aa463231(v=msdn.10)	Localization	catalog-windows-ce-50
aa463236(v=msdn.10)	RcmlSnap	catalog-windows-ce-50
aa463237(v=msdn.10)	RCToCS	catalog-windows-ce-50
aa463241(v=msdn.10)	Synchronization	catalog-windows-ce-50
aa463257(v=msdn.10)	Setup	catalog-windows-ce-50
aa463280(v=msdn.10)	Tests	catalog-windows-ce-50
aa516965(v=msdn.10)	BP_GetPartitionInfo	catalog-windows-ce-50
aa516966(v=msdn.10)	BP_Init	catalog-windows-ce-50
aa516967(v=msdn.10)	BP_LowLevelFormat	catalog-windows-ce-50
aa516968(v=msdn.10)	BP_OpenPartition	catalog-windows-ce-50
aa516969(v=msdn.10)	BP_ReadData	catalog-windows-ce-50
aa516970(v=msdn.10)	BP_SetDataPointer	catalog-windows-ce-50
aa516971(v=msdn.10)	BP_WriteData	catalog-windows-ce-50
aa516975(v=msdn.10)	CachedRead	catalog-windows-ce-50
aa516976(v=msdn.10)	CachedWrite	catalog-windows-ce-50
aa516977(v=msdn.10)	CacheIoControl	catalog-windows-ce-50
aa516984(v=msdn.10)	CeClearReplChangeBitsEx	catalog-windows-ce-50
aa517163(v=msdn.10)	CeGetReplChangeBitsEx	catalog-windows-ce-50
aa517168(v=msdn.10)	CeGetReplChangeMask	catalog-windows-ce-50
aa517172(v=msdn.10)	CeGetReplOtherBitsEx	catalog-windows-ce-50
aa517239(v=msdn.10)	CeRegisterReplNotification	catalog-windows-ce-50
aa517262(v=msdn.10)	CeSetReplChangeBitsEx	catalog-windows-ce-50
aa517264(v=msdn.10)	CeSetReplChangeMask	catalog-windows-ce-50
aa517266(v=msdn.10)	CeSetReplOtherBitsEx	catalog-windows-ce-50
aa517289(v=msdn.10)	CE_REGISTRY_INFO	catalog-windows-ce-50
aa517297(v=msdn.10)	CheckPassword	catalog-windows-ce-50
aa517313(v=msdn.10)	CreateCache	catalog-windows-ce-50
aa517931(v=msdn.10)	PEMPTYLOCKCONTAINER	catalog-windows-ce-50
bb509785(v=winembedded.60)	ReceiveCommand Method	catalog-windows-embedded-ce-60
bb509791(v=winembedded.60)	CommandUICommand Methods	catalog-windows-embedded-ce-60
bb509801(v=winembedded.60)	OnGetAllDeviceData Method	catalog-windows-embedded-ce-60
bb509804(v=winembedded.60)	OnStart Method	catalog-windows-embedded-ce-60
bb509806(v=winembedded.60)	GetData Method	catalog-windows-embedded-ce-60
bb509837(v=winembedded.60)	CopyToClipboard Method	catalog-windows-embedded-ce-60
bb509840(v=winembedded.60)	OnNodeUnselected Method	catalog-windows-embedded-ce-60
bb509844(v=winembedded.60)	RemoteToolFrameworkException Methods	catalog-windows-embedded-ce-60
bb509852(v=winembedded.60)	OnLayoutControls Method	catalog-windows-embedded-ce-60
bb509865(v=winembedded.60)	SendFile Method	catalog-windows-embedded-ce-60
bb509871(v=winembedded.60)	MakeDirectory Method	catalog-windows-embedded-ce-60
bb509875(v=winembedded.60)	RenderGeneric Method	catalog-windows-embedded-ce-60
bb509879(v=winembedded.60)	FindByGuid Method	catalog-windows-embedded-ce-60
bb509883(v=winembedded.60)	ConnectDevice Method	catalog-windows-embedded-ce-60
bb509885(v=winembedded.60)	GenericDataEventArgs Methods	catalog-windows-embedded-ce-60
bb509897(v=winembedded.60)	CommandUI.CommandRoot Enumeration	catalog-windows-embedded-ce-60
bb509898(v=winembedded.60)	OnNodeSelected Method	catalog-windows-embedded-ce-60
bb509909(v=winembedded.60)	WndProc Method	catalog-windows-embedded-ce-60
bb509910(v=winembedded.60)	BuiltInIcon Enumeration	catalog-windows-embedded-ce-60
bb509922(v=winembedded.60)	OnRightClick Method	catalog-windows-embedded-ce-60
bb509923(v=winembedded.60)	FindPlugin Method	catalog-windows-embedded-ce-60
bb521842(v=winembedded.60)	OnConnectionChanged Method	catalog-windows-embedded-ce-60
bb521847(v=winembedded.60)	RemoteConnectionEvent Enumeration	catalog-windows-embedded-ce-60
bb521848(v=winembedded.60)	OnLeftClick Method	catalog-windows-embedded-ce-60
bb521856(v=winembedded.60)	ToString Method	catalog-windows-embedded-ce-60
bb521860(v=winembedded.60)	DeleteFile Method	catalog-windows-embedded-ce-60
bb521867(v=winembedded.60)	ReceiveFile Method	catalog-windows-embedded-ce-60
bb521872(v=winembedded.60)	Select Method	catalog-windows-embedded-ce-60
bb521875(v=winembedded.60)	RemoteConnectionEventArgs Methods	catalog-windows-embedded-ce-60
bb521877(v=winembedded.60)	GetNextParameter Method	catalog-windows-embedded-ce-60
bb521880(v=winembedded.60)	LaunchProcess Method	catalog-windows-embedded-ce-60
bb521886(v=winembedded.60)	Finalize Method	catalog-windows-embedded-ce-60
bb521905(v=winembedded.60)	StopService Method	catalog-windows-embedded-ce-60
bb521918(v=winembedded.60)	ProcessCommand Method	catalog-windows-embedded-ce-60
bb521922(v=winembedded.60)	StartCommandHandlerSync Method	catalog-windows-embedded-ce-60
bb521924(v=winembedded.60)	OnRenderGeneric Method	catalog-windows-embedded-ce-60
bb521925(v=winembedded.60)	RefreshData Method	catalog-windows-embedded-ce-60
bb521932(v=winembedded.60)	CommandTransport.ConnectState Enumeration	catalog-windows-embedded-ce-60
bb521933(v=winembedded.60)	StartCommandHandlerAsync Method	catalog-windows-embedded-ce-60
bb521936(v=winembedded.60)	OnCommandPacketReceived Method	catalog-windows-embedded-ce-60
bb521943(v=winembedded.60)	AddData Method	catalog-windows-embedded-ce-60
bb521950(v=winembedded.60)	DeleteDirectory Method	catalog-windows-embedded-ce-60
bb521953(v=winembedded.60)	SendCommand Method	catalog-windows-embedded-ce-60
bb521955(v=winembedded.60)	CommandPacketParameterType Enumeration	catalog-windows-embedded-ce-60
bb521956(v=winembedded.60)	OnAutofitData Method	catalog-windows-embedded-ce-60
bb521963(v=winembedded.60)	Save Method	catalog-windows-embedded-ce-60
bb521973(v=winembedded.60)	RenderViews Method	catalog-windows-embedded-ce-60
bb521976(v=winembedded.60)	OnBuildControls Method	catalog-windows-embedded-ce-60
bb521978(v=winembedded.60)	OnPopulateControls Method	catalog-windows-embedded-ce-60
bb521983(v=winembedded.60)	OnCopyToClipboard Method	catalog-windows-embedded-ce-60
bb522002(v=winembedded.60)	OnInit Method	catalog-windows-embedded-ce-60
bb522007(v=winembedded.60)	CommandPacketEventArgs Methods	catalog-windows-embedded-ce-60
bb522012(v=winembedded.60)	AddNode Method	catalog-windows-embedded-ce-60
bb522021(v=winembedded.60)	RunOnPrimaryThread Method	catalog-windows-embedded-ce-60
bb522023(v=winembedded.60)	OnGetData Method	catalog-windows-embedded-ce-60
bb522043(v=winembedded.60)	CommandUI Methods	catalog-windows-embedded-ce-60
dd320882(v=vs.100)	IsValidPtrIn	catalog-windows-ce-net
ee478158(v=winembedded.60)	OEMKitlStartup	catalog-windows-embedded-ce-60
ee478176(v=winembedded.60)	OEMGLOBAL	catalog-windows-embedded-ce-60
ee478203(v=winembedded.60)	NKDeleteStaticMapping	catalog-windows-embedded-ce-60
ee478245(v=winembedded.60)	KD_IOCTL_KERNEL_HALT	catalog-windows-embedded-ce-60
ee478255(v=winembedded.60)	TRANPORTINFOSTRUCT_deleted	catalog-windows-embedded-ce-60
ee478304(v=winembedded.60)	OALTimerUpdateRescheduleTime	catalog-windows-embedded-ce-60
ee478328(v=winembedded.60)	IOCTL_HAL_GET_POOL_PARAMETERS	catalog-windows-embedded-ce-60
ee478378(v=winembedded.60)	KLibUnalignedAccessEnable	catalog-windows-embedded-ce-60
ee478380(v=winembedded.60)	PFN_SENDFRAME	catalog-windows-embedded-ce-60
ee478459(v=winembedded.60)	PFN_GETDEVCFG	catalog-windows-embedded-ce-60
ee478466(v=winembedded.60)	OALTimerQueryPerformanceFrequency	catalog-windows-embedded-ce-60
ee478501(v=winembedded.60)	KD_IOCTL_KERNEL_CONTINUE	catalog-windows-embedded-ce-60
ee478633(v=winembedded.60)	FILE_VIEW_RESOURCE_FOLDER	catalog-windows-embedded-ce-60
ee478668(v=winembedded.60)	TARGETFILES_MIDL	catalog-windows-embedded-ce-60
ee478703(v=winembedded.60)	TARGETFILES_MC	catalog-windows-embedded-ce-60
ee478711(v=winembedded.60)	NKGLOBAL	catalog-windows-embedded-ce-60
ee478723(v=winembedded.60)	OALTimerQueryPerformanceCounter	catalog-windows-embedded-ce-60
ee478792(v=winembedded.60)	PFN_ENABLEINT	catalog-windows-embedded-ce-60
ee478813(v=winembedded.60)	MANAGED_RESOURCES	catalog-windows-embedded-ce-60
ee478825(v=winembedded.60)	CODE_ANALYSIS	catalog-windows-embedded-ce-60
ee478849(v=winembedded.60)	MANAGED_WIN32ICONS	catalog-windows-embedded-ce-60
ee478870(v=winembedded.60)	NKPagePoolParameters	catalog-windows-embedded-ce-60
ee478916(v=winembedded.60)	dwCeLogLargeBuf	catalog-windows-embedded-ce-60
ee478936(v=winembedded.60)	NOCRTDLL	catalog-windows-embedded-ce-60
ee478971(v=winembedded.60)	FILE_VIEW_INCLUDES_FOLDER	catalog-windows-embedded-ce-60
ee479010(v=winembedded.60)	MANAGED_LINKRESOURCES	catalog-windows-embedded-ce-60
ee479013(v=winembedded.60)	PFN_ENCODE	catalog-windows-embedded-ce-60
ee479041(v=winembedded.60)	MANAGED_REFERENCES	catalog-windows-embedded-ce-60
ee479066(v=winembedded.60)	dwCeLogSmallBuf	catalog-windows-embedded-ce-60
ee479100(v=winembedded.60)	MANAGED_WIN32RESOURCES	catalog-windows-embedded-ce-60
ee479113(v=winembedded.60)	TARGETFILES_SDK	catalog-windows-embedded-ce-60
ee479120(v=winembedded.60)	TARGETFILES_OAK	catalog-windows-embedded-ce-60
ee479169(v=winembedded.60)	TARGETFILES_GUID	catalog-windows-embedded-ce-60
ee479175(v=winembedded.60)	MANAGED_ADDMODULES	catalog-windows-embedded-ce-60
ee479189(v=winembedded.60)	FILE_VIEW_ROOT_FOLDER	catalog-windows-embedded-ce-60
ee479193(v=winembedded.60)	TARGETRESNAME	catalog-windows-embedded-ce-60
ee479271(v=winembedded.60)	Windows Embedded CE 6.0 BSP Directory Structure	catalog-windows-embedded-ce-60
ee479302(v=winembedded.60)	__security_init_cookie	catalog-windows-embedded-ce-60
ee479336(v=winembedded.60)	PagePoolParameters	catalog-windows-embedded-ce-60
ee479376(v=winembedded.60)	__CacheRelease	catalog-windows-embedded-ce-60
ee479403(v=winembedded.60)	Security Issues for String Functions	catalog-windows-embedded-ce-60
ee479418(v=winembedded.60)	Intrinsic Forms of CRT Functions	catalog-windows-embedded-ce-60
ee479425(v=winembedded.60)	IntrPriority	catalog-windows-embedded-ce-60
ee479449(v=winembedded.60)	OEMKitlIoctl	catalog-windows-embedded-ce-60
ee479450(v=winembedded.60)	PFN_RECVFRAME	catalog-windows-embedded-ce-60
ee479453(v=winembedded.60)	PFN_DECODE	catalog-windows-embedded-ce-60
ee479455(v=winembedded.60)	PFN_SETHOSTCFG	catalog-windows-embedded-ce-60
ee479660(v=winembedded.60)	ReleaseConnection	catalog-windows-embedded-ce-60
ee479682(v=winembedded.60)	MIPS Warning Messages	catalog-windows-embedded-ce-60
ee479721(v=winembedded.60)	Unsupported Intrinsic Functions	catalog-windows-embedded-ce-60
ee479817(v=winembedded.60)	Handles	catalog-windows-embedded-ce-60
ee479894(v=winembedded.60)	__CacheWriteBack	catalog-windows-embedded-ce-60
ee479897(v=winembedded.60)	Deprecated CRT Functions	catalog-windows-embedded-ce-60
ee480040(v=winembedded.60)	DMPFILEINFO	catalog-windows-embedded-ce-60
ee480078(v=winembedded.60)	Overriding Call Profiler Data Collection Functions	catalog-windows-embedded-ce-60
ee480167(v=winembedded.60)	__trap	catalog-windows-embedded-ce-60
ee480268(v=winembedded.60)	_BucketResponse	catalog-windows-embedded-ce-60
ee480428(v=winembedded.60)	GetDmpLines	catalog-windows-embedded-ce-60
ee480446(v=winembedded.60)	WatsonUploadResponse	catalog-windows-embedded-ce-60
ee480800(v=winembedded.60)	Using the Service Callback Interface	catalog-windows-embedded-ce-60
ee480829(v=winembedded.60)	GetUserConsent	catalog-windows-embedded-ce-60
ee480970(v=winembedded.60)	ScheduleConnection	catalog-windows-embedded-ce-60
ee481030(v=winembedded.60)	LPArmTransfer	catalog-windows-embedded-ce-60
ee481041(v=winembedded.60)	FLASH_GET_SECTOR_ADDRESS	catalog-windows-embedded-ce-60
ee481048(v=winembedded.60)	CSP_PIN	catalog-windows-embedded-ce-60
ee481052(v=winembedded.60)	CSPROPERTY_VIDCAP_CAMERACONTROL	catalog-windows-embedded-ce-60
ee481081(v=winembedded.60)	IOCTL_FLASH_PDD_GET_REGION_COUNT	catalog-windows-embedded-ce-60
ee481087(v=winembedded.60)	PHYS_BUFF_LIST	catalog-windows-embedded-ce-60
ee481104(v=winembedded.60)	NDIS_802_11_LSM_PARAMETERS	catalog-windows-embedded-ce-60
ee481107(v=winembedded.60)	PDD_SetPowerState	catalog-windows-embedded-ce-60
ee481109(v=winembedded.60)	SDHCDDeleteContext	catalog-windows-embedded-ce-60
ee481120(v=winembedded.60)	FLASH_PDD_TRANSFER	catalog-windows-embedded-ce-60
ee481136(v=winembedded.60)	PDD_UnRegisterClientBuffer	catalog-windows-embedded-ce-60
ee481154(v=winembedded.60)	InitDmpTxt	catalog-windows-embedded-ce-60
ee481198(v=winembedded.60)	Controlling Debug Message Output With Macros	catalog-windows-embedded-ce-60
ee481240(v=winembedded.60)	CSPROPERTY_CONNECTION	catalog-windows-embedded-ce-60
ee481247(v=winembedded.60)	DEFINE_CSPROPERTY_ITEM	catalog-windows-embedded-ce-60
ee481253(v=winembedded.60)	FLASH_SET_BLOCK_STATUS_REQUEST	catalog-windows-embedded-ce-60
ee481262(v=winembedded.60)	LPDDHALSURFCB_SETCOLORKEY	catalog-windows-embedded-ce-60
ee481265(v=winembedded.60)	FLASH_PARTITION_CREATE_INFO	catalog-windows-embedded-ce-60
ee481277(v=winembedded.60)	LPDDHALSURFCB_FLIP	catalog-windows-embedded-ce-60
ee481287(v=winembedded.60)	PDD_DeInit	catalog-windows-embedded-ce-60
ee481298(v=winembedded.60)	CSPROPERTY_VIDCAP_DROPPEDFRAMES	catalog-windows-embedded-ce-60
ee481305(v=winembedded.60)	BLOCK_RUN	catalog-windows-embedded-ce-60
ee481306(v=winembedded.60)	LPDDHALSURFCB_UNLOCK	catalog-windows-embedded-ce-60
ee481327(v=winembedded.60)	FLASH_GET_PHYSICAL_SECTOR_ADDRESS_REQUEST	catalog-windows-embedded-ce-60
ee481330(v=winembedded.60)	PDD_HandleModeCustomProperties	catalog-windows-embedded-ce-60
ee481335(v=winembedded.60)	LPDDHALSURFCB_DESTROYSURFACE	catalog-windows-embedded-ce-60
ee481336(v=winembedded.60)	DMACloseTransfer	catalog-windows-embedded-ce-60
ee481394(v=winembedded.60)	CloseDmpTxt	catalog-windows-embedded-ce-60
ee481446(v=winembedded.60)	CS_VIDEO_FLAG Values	catalog-windows-embedded-ce-60
ee481459(v=winembedded.60)	CSPROPERTY_MEMBERSLIST	catalog-windows-embedded-ce-60
ee481471(v=winembedded.60)	CSPROPERTY_STEPPING_LONG	catalog-windows-embedded-ce-60
ee481489(v=winembedded.60)	SD_INFO_TYPE	catalog-windows-embedded-ce-60
ee481499(v=winembedded.60)	IOCTL_FMD_SET_SECTORSIZE	catalog-windows-embedded-ce-60
ee481505(v=winembedded.60)	IOCTL_DISK_SET_SECURE_WIPE_FLAG	catalog-windows-embedded-ce-60
ee481509(v=winembedded.60)	SDHCDIndicateBusRequestComplete	catalog-windows-embedded-ce-60
ee481530(v=winembedded.60)	DMARawTransferControl	catalog-windows-embedded-ce-60
ee481535(v=winembedded.60)	DMACancelTransfer	catalog-windows-embedded-ce-60
ee481560(v=winembedded.60)	Proxies	catalog-windows-embedded-ce-60
ee481646(v=winembedded.60)	RawWriteBlocksReq	catalog-windows-embedded-ce-60
ee481648(v=winembedded.60)	LPDDHALSURFCB_GETBLTSTATUS	catalog-windows-embedded-ce-60
ee481655(v=winembedded.60)	SDHCDInitializeHCLib	catalog-windows-embedded-ce-60
ee481677(v=winembedded.60)	DDHAL_GETDEVICEIDENTIFIERDATA	catalog-windows-embedded-ce-60
ee481704(v=winembedded.60)	WZCSetInterfaceEx	catalog-windows-embedded-ce-60
ee481708(v=winembedded.60)	WZCDeleteIntfObjEx	catalog-windows-embedded-ce-60
ee481734(v=winembedded.60)	LPPollingForTransferDone	catalog-windows-embedded-ce-60
ee481736(v=winembedded.60)	LPDDHAL_GETDRIVERINFO	catalog-windows-embedded-ce-60
ee481783(v=winembedded.60)	iResponseType	catalog-windows-embedded-ce-60
ee481801(v=winembedded.60)	GetDmpInfo	catalog-windows-embedded-ce-60
ee481850(v=winembedded.60)	IOCTL_FMD_GET_INFO	catalog-windows-embedded-ce-60
ee481865(v=winembedded.60)	IOCTL_SMARTCARD_RESET_EVENTS	catalog-windows-embedded-ce-60
ee481876(v=winembedded.60)	PDD_HandleCamControlChanges	catalog-windows-embedded-ce-60
ee481890(v=winembedded.60)	NDIS_802_11_RADIO_POWER_STATE	catalog-windows-embedded-ce-60
ee481910(v=winembedded.60)	CS_RGBQUAD	catalog-windows-embedded-ce-60
ee481911(v=winembedded.60)	CAM_Init	catalog-windows-embedded-ce-60
ee481917(v=winembedded.60)	IOCTL_FLASH_PDD_GET_BLOCK_STATUS	catalog-windows-embedded-ce-60
ee481939(v=winembedded.60)	FlashRegion	catalog-windows-embedded-ce-60
ee481982(v=winembedded.60)	OpenConnection	catalog-windows-embedded-ce-60
ee481985(v=winembedded.60)	Best Practices for Debug Messages	catalog-windows-embedded-ce-60
ee482026(v=winembedded.60)	CSDATAFORMAT_SUBTYPE Values	catalog-windows-embedded-ce-60
ee482063(v=winembedded.60)	IOCTL_FLASH_FORMAT_PARTITION	catalog-windows-embedded-ce-60
ee482077(v=winembedded.60)	CS_VIDEOINFOHEADER2	catalog-windows-embedded-ce-60
ee482086(v=winembedded.60)	SDBusRequestEx	catalog-windows-embedded-ce-60
ee482095(v=winembedded.60)	IOCTL_FMD_RAW_WRITE_BLOCKS	catalog-windows-embedded-ce-60
ee482097(v=winembedded.60)	SD_CARD_SWITCH_FUNCTION	catalog-windows-embedded-ce-60
ee482102(v=winembedded.60)	DMAGetAdapter	catalog-windows-embedded-ce-60
ee482104(v=winembedded.60)	LPDDHALCOLORCB_GAMMACONTROL	catalog-windows-embedded-ce-60
ee482105(v=winembedded.60)	CSSTREAM_ALLOCATOR	catalog-windows-embedded-ce-60
ee482211(v=winembedded.60)	CeDriverPerformCallback	catalog-windows-embedded-ce-60
ee482212(v=winembedded.60)	DDHAL_GAMMACONTROLDATA	catalog-windows-embedded-ce-60
ee482231(v=winembedded.60)	SDBusRequestResponse	catalog-windows-embedded-ce-60
ee482259(v=winembedded.60)	FLASH_TRANSFER_REQUEST	catalog-windows-embedded-ce-60
ee482261(v=winembedded.60)	DMAAllocateChannel	catalog-windows-embedded-ce-60
ee482268(v=winembedded.60)	PDD_DeInitSensorMode	catalog-windows-embedded-ce-60
ee482278(v=winembedded.60)	WZCRefreshInterfaceEx	catalog-windows-embedded-ce-60
ee482296(v=winembedded.60)	CSDATAFORMAT_SPECIFIER Values	catalog-windows-embedded-ce-60
ee482297(v=winembedded.60)	SD_HOST_ALLOC_FREE_DMA_BUFFER	catalog-windows-embedded-ce-60
ee482304(v=winembedded.60)	DMAIssueMultiBufferTransfer	catalog-windows-embedded-ce-60
ee482451(v=winembedded.60)	CSPROPERTY	catalog-windows-embedded-ce-60
ee482458(v=winembedded.60)	LPIsPhysAddrSupported	catalog-windows-embedded-ce-60
ee482468(v=winembedded.60)	CS_FRAMING_RANGE_WEIGHTED	catalog-windows-embedded-ce-60
ee482481(v=winembedded.60)	FlashInfoEx	catalog-windows-embedded-ce-60
ee482491(v=winembedded.60)	IOCTL_FLASH_GET_PARTITION_TABLE	catalog-windows-embedded-ce-60
ee482517(v=winembedded.60)	CAM_Open	catalog-windows-embedded-ce-60
ee482641(v=winembedded.60)	LPPollingTransferRemaining	catalog-windows-embedded-ce-60
ee482656(v=winembedded.60)	LPStartDmaTransfer	catalog-windows-embedded-ce-60
ee482661(v=winembedded.60)	IOCTL_DISK_GET_SECTOR_ADDR	catalog-windows-embedded-ce-60
ee482668(v=winembedded.60)	LPCanArmDMA	catalog-windows-embedded-ce-60
ee482669(v=winembedded.60)	PIN_Close	catalog-windows-embedded-ce-60
ee482673(v=winembedded.60)	LPOALAllocateCommonBuffer	catalog-windows-embedded-ce-60
ee482679(v=winembedded.60)	PIN_IoControl	catalog-windows-embedded-ce-60
ee482680(v=winembedded.60)	CSPROPERTY_VIDCAP_VIDEOCONTROL	catalog-windows-embedded-ce-60
ee482686(v=winembedded.60)	FLASH_READ_STATUS	catalog-windows-embedded-ce-60
ee482695(v=winembedded.60)	PIN_Open	catalog-windows-embedded-ce-60
ee482725(v=winembedded.60)	CS_FRAME_INFO	catalog-windows-embedded-ce-60
ee482728(v=winembedded.60)	NDIS_PACKET_8021Q_INFO	catalog-windows-embedded-ce-60
ee482746(v=winembedded.60)	DeleteStaticMapping	catalog-windows-embedded-ce-60
ee482761(v=winembedded.60)	CeCreateTokenFromAccount	catalog-windows-embedded-ce-60
ee482821(v=winembedded.60)	PFNAPIERRHANDLER	catalog-windows-embedded-ce-60
ee482823(v=winembedded.60)	RegisterDirectMethods	catalog-windows-embedded-ce-60
ee482824(v=winembedded.60)	ForwardDeviceIoControl	catalog-windows-embedded-ce-60
ee482831(v=winembedded.60)	UfnGetSystemSerialNumber	catalog-windows-embedded-ce-60
ee482836(v=winembedded.60)	DMA_PDD_TRANFER_CONTEXT	catalog-windows-embedded-ce-60
ee482859(v=winembedded.60)	LPPowerMgmtCallback	catalog-windows-embedded-ce-60
ee482865(v=winembedded.60)	FLASH_REGION_INFO	catalog-windows-embedded-ce-60
ee482869(v=winembedded.60)	SetAPIErrorHandler	catalog-windows-embedded-ce-60
ee482911(v=winembedded.60)	CS_TRUECOLORINFO	catalog-windows-embedded-ce-60
ee482912(v=winembedded.60)	PIN_DeInit	catalog-windows-embedded-ce-60
ee482917(v=winembedded.60)	BusChildIoControl	catalog-windows-embedded-ce-60
ee482925(v=winembedded.60)	DMAOpenBuffer	catalog-windows-embedded-ce-60
ee482927(v=winembedded.60)	CSPROPERTY_BUFFER_MODE	catalog-windows-embedded-ce-60
ee482935(v=winembedded.60)	DMAGetBufferPhysAddr	catalog-windows-embedded-ce-60
ee482954(v=winembedded.60)	PagePoolState	catalog-windows-embedded-ce-60
ee482962(v=winembedded.60)	CeImpersonateCurrentProcess	catalog-windows-embedded-ce-60
ee482963(v=winembedded.60)	CreateAPISet	catalog-windows-embedded-ce-60
ee482964(v=winembedded.60)	CeCallUserProc	catalog-windows-embedded-ce-60
ee482982(v=winembedded.60)	PFN_UIENTRYPOINT	catalog-windows-embedded-ce-60
ee482984(v=winembedded.60)	RegisterAPISet	catalog-windows-embedded-ce-60
ee482990(v=winembedded.60)	NKPagePoolState	catalog-windows-embedded-ce-60
ee482994(v=winembedded.60)	WaitForAPIReady	catalog-windows-embedded-ce-60
ee483005(v=winembedded.60)	IOCTL_KLIB_GET_POOL_STATE	catalog-windows-embedded-ce-60
ee483009(v=winembedded.60)	CSPROPERTY_VIDCAP_VIDEOPROCAMP	catalog-windows-embedded-ce-60
ee483015(v=winembedded.60)	LPDDHALCOLORCB_COLORCONTROL	catalog-windows-embedded-ce-60
ee483017(v=winembedded.60)	SD_SET_FEATURE_TYPE	catalog-windows-embedded-ce-60
ee483024(v=winembedded.60)	CreateAPIHandle	catalog-windows-embedded-ce-60
ee483040(v=winembedded.60)	Process ID Functions	catalog-windows-embedded-ce-60
ee483053(v=winembedded.60)	DMAStartTransfer	catalog-windows-embedded-ce-60
ee483062(v=winembedded.60)	IOCTL_FLASH_FORMAT_STORE	catalog-windows-embedded-ce-60
ee483088(v=winembedded.60)	IOCTL_CS_PROPERTY	catalog-windows-embedded-ce-60
ee483091(v=winembedded.60)	CSPROPERTY_CAMERACONTROL_S	catalog-windows-embedded-ce-60
ee483125(v=winembedded.60)	CE_DMA_BUFFER_BLOCK	catalog-windows-embedded-ce-60
ee483126(v=winembedded.60)	CSPROPERTY_SET	catalog-windows-embedded-ce-60
ee483137(v=winembedded.60)	CallSnapshot3	catalog-windows-embedded-ce-60
ee483145(v=winembedded.60)	IOCTL_FLASH_CREATE_PARTITION	catalog-windows-embedded-ce-60
ee483169(v=winembedded.60)	CSPROPERTY_ITEM	catalog-windows-embedded-ce-60
ee483172(v=winembedded.60)	IOCTL_FLASH_PDD_GET_PHYSICAL_SECTOR_ADDRESS	catalog-windows-embedded-ce-60
ee483184(v=winembedded.60)	LPCreateDmaPDDTransfer	catalog-windows-embedded-ce-60
ee483188(v=winembedded.60)	DDRAWI_DDRAWGAMMACONTROL_LCL	catalog-windows-embedded-ce-60
ee483192(v=winembedded.60)	IOCTL_FLASH_PDD_COPY_PHYSICAL_SECTORS	catalog-windows-embedded-ce-60
ee483197(v=winembedded.60)	SDHCDDeinitializeHCLib	catalog-windows-embedded-ce-60
ee483224(v=winembedded.60)	DDRAWI_DDRAWCOLORCONTROL_LCL	catalog-windows-embedded-ce-60
ee483301(v=winembedded.60)	LocationPluginOpen	catalog-windows-embedded-ce-60
ee483312(v=winembedded.60)	GPSGetPosition	catalog-windows-embedded-ce-60
ee483314(v=winembedded.60)	Mute	catalog-windows-embedded-ce-60
ee483324(v=winembedded.60)	CurrentPosition	catalog-windows-embedded-ce-60
ee483326(v=winembedded.60)	MarkerCount	catalog-windows-embedded-ce-60
ee483340(v=winembedded.60)	ErrorDescription	catalog-windows-embedded-ce-60
ee483354(v=winembedded.60)	EC_LOADSTATUS	catalog-windows-embedded-ce-60
ee483356(v=winembedded.60)	AllowHideControls	catalog-windows-embedded-ce-60
ee483360(v=winembedded.60)	ResolverGetLocation	catalog-windows-embedded-ce-60
ee483373(v=winembedded.60)	BaseURL	catalog-windows-embedded-ce-60
ee483385(v=winembedded.60)	BUFFER_COMMANDS	catalog-windows-embedded-ce-60
ee483400(v=winembedded.60)	CSDATAFORMAT	catalog-windows-embedded-ce-60
ee483427(v=winembedded.60)	WZCQueryInterfaceEx	catalog-windows-embedded-ce-60
ee483430(v=winembedded.60)	CSSTREAM_HEADER	catalog-windows-embedded-ce-60
ee483432(v=winembedded.60)	CSPROPERTY_BOUNDS_LONGLONG	catalog-windows-embedded-ce-60
ee483433(v=winembedded.60)	CSTIME	catalog-windows-embedded-ce-60
ee483440(v=winembedded.60)	CSPROPERTY_VIDEOCONTROL_CAPS_S	catalog-windows-embedded-ce-60
ee483467(v=winembedded.60)	SDHCDRegisterHostController	catalog-windows-embedded-ce-60
ee483476(v=winembedded.60)	InvokeURLs	catalog-windows-embedded-ce-60
ee483486(v=winembedded.60)	ProviderIoctlCall	catalog-windows-embedded-ce-60
ee483488(v=winembedded.60)	NewResolverReport	catalog-windows-embedded-ce-60
ee483493(v=winembedded.60)	DisplayForeColor	catalog-windows-embedded-ce-60
ee483504(v=winembedded.60)	LOCATION_REPORT_BUILDING	catalog-windows-embedded-ce-60
ee483520(v=winembedded.60)	LocationUnRegisterForReport	catalog-windows-embedded-ce-60
ee483523(v=winembedded.60)	CreationDate	catalog-windows-embedded-ce-60
ee483524(v=winembedded.60)	EnableTracker	catalog-windows-embedded-ce-60
ee483528(v=winembedded.60)	ContactAddress	catalog-windows-embedded-ce-60
ee483531(v=winembedded.60)	KeyPress	catalog-windows-embedded-ce-60
ee483532(v=winembedded.60)	ResolverIoctlOpen	catalog-windows-embedded-ce-60
ee483540(v=winembedded.60)	GPS_MAX_	catalog-windows-embedded-ce-60
ee483542(v=winembedded.60)	AutoRewind	catalog-windows-embedded-ce-60
ee483557(v=winembedded.60)	GPSCloseDevice	catalog-windows-embedded-ce-60
ee483567(v=winembedded.60)	FullScreenMode	catalog-windows-embedded-ce-60
ee483580(v=winembedded.60)	DEFINE_CSPROPERTY_SET	catalog-windows-embedded-ce-60
ee483581(v=winembedded.60)	FMDInfo	catalog-windows-embedded-ce-60
ee483599(v=winembedded.60)	LPTerminateTransfer	catalog-windows-embedded-ce-60
ee483644(v=winembedded.60)	SD_INTERFACE_MODE_EX	catalog-windows-embedded-ce-60
ee483662(v=winembedded.60)	DMACloseBuffer	catalog-windows-embedded-ce-60
ee483680(v=winembedded.60)	ResolverUnInitialize	catalog-windows-embedded-ce-60
ee483681(v=winembedded.60)	LostPackets	catalog-windows-embedded-ce-60
ee483685(v=winembedded.60)	OlSensitivity	catalog-windows-embedded-ce-60
ee483702(v=winembedded.60)	GPSGetDeviceState	catalog-windows-embedded-ce-60
ee483717(v=winembedded.60)	SendPlayStateChangeEvents	catalog-windows-embedded-ce-60
ee483720(v=winembedded.60)	codeINSTALL_INIT	catalog-windows-embedded-ce-60
ee483731(v=winembedded.60)	OlDaysOfWeek	catalog-windows-embedded-ce-60
ee483737(v=winembedded.60)	OlDefaultFolders	catalog-windows-embedded-ce-60
ee483758(v=winembedded.60)	ASX	catalog-windows-embedded-ce-60
ee483770(v=winembedded.60)	OlCurrentCity	catalog-windows-embedded-ce-60
ee483782(v=winembedded.60)	IOCTL_FLASH_LOCK_PARTITIONS	catalog-windows-embedded-ce-60
ee483793(v=winembedded.60)	IOCTL_FLASH_PDD_WRITE_PHYSICAL_SECTORS	catalog-windows-embedded-ce-60
ee483796(v=winembedded.60)	IOCTL_FLASH_PDD_ERASE_BLOCKS	catalog-windows-embedded-ce-60
ee483802(v=winembedded.60)	FLASH_SECTOR_DELETE	catalog-windows-embedded-ce-60
ee483810(v=winembedded.60)	SECTOR_RUN	catalog-windows-embedded-ce-60
ee483820(v=winembedded.60)	LPDDHAL_GETDEVICEIDENTIFIER	catalog-windows-embedded-ce-60
ee483833(v=winembedded.60)	OID_802_11_LATENCY_SENSITIVE_MODE	catalog-windows-embedded-ce-60
ee483849(v=winembedded.60)	DMAIssueRawTransfer	catalog-windows-embedded-ce-60
ee483851(v=winembedded.60)	DMA_PDD_ADAPTER_CONTEXT	catalog-windows-embedded-ce-60
ee483864(v=winembedded.60)	DMA_PDD_CHANNEL_CONTEXT	catalog-windows-embedded-ce-60
ee483874(v=winembedded.60)	DMAGetContexts	catalog-windows-embedded-ce-60
ee483891(v=winembedded.60)	OlReminderOptions	catalog-windows-embedded-ce-60
ee483892(v=winembedded.60)	ResolverIoctlCall	catalog-windows-embedded-ce-60
ee483920(v=winembedded.60)	AudioStream	catalog-windows-embedded-ce-60
ee483922(v=winembedded.60)	ResolverStop	catalog-windows-embedded-ce-60
ee483926(v=winembedded.60)	CanSeekToMarkers	catalog-windows-embedded-ce-60
ee483935(v=winembedded.60)	EnablePositionControls	catalog-windows-embedded-ce-60
ee483938(v=winembedded.60)	EC_EOS_SOON	catalog-windows-embedded-ce-60
ee483940(v=winembedded.60)	ShowStatusBar	catalog-windows-embedded-ce-60
ee483970(v=winembedded.60)	DisplayBackColor	catalog-windows-embedded-ce-60
ee483981(v=winembedded.60)	PDD_RegisterClientBuffer	catalog-windows-embedded-ce-60
ee483989(v=winembedded.60)	DMAGetStatus	catalog-windows-embedded-ce-60
ee483991(v=winembedded.60)	DMA_MDD_CHANNEL_CONTEXT	catalog-windows-embedded-ce-60
ee484003(v=winembedded.60)	PDD_AllocateBuffer	catalog-windows-embedded-ce-60
ee484009(v=winembedded.60)	PDD_GetAdapterInfo	catalog-windows-embedded-ce-60
ee484013(v=winembedded.60)	SD_CARD_INTERFACE_EX	catalog-windows-embedded-ce-60
ee484017(v=winembedded.60)	SD_SLOT_EVENT_TYPE	catalog-windows-embedded-ce-60
ee484028(v=winembedded.60)	SDHCDDeregisterHostController	catalog-windows-embedded-ce-60
ee484063(v=winembedded.60)	SDHCDIndicateSlotStateChange	catalog-windows-embedded-ce-60
ee484069(v=winembedded.60)	LPDDHALSURFCB_UPDATEOVERLAY	catalog-windows-embedded-ce-60
ee484070(v=winembedded.60)	LPDDHAL_GETAVAILDRIVERMEMORY	catalog-windows-embedded-ce-60
ee484073(v=winembedded.60)	IOCTL_FLASH_PDD_GET_REGION_INFO	catalog-windows-embedded-ce-60
ee484086(v=winembedded.60)	VideoBorder3D	catalog-windows-embedded-ce-60
ee484095(v=winembedded.60)	Enabled	catalog-windows-embedded-ce-60
ee484122(v=winembedded.60)	GPS_FIX_TYPE	catalog-windows-embedded-ce-60
ee484136(v=winembedded.60)	Volume	catalog-windows-embedded-ce-60
ee484142(v=winembedded.60)	EC_BANDWIDTHCHANGE	catalog-windows-embedded-ce-60
ee484145(v=winembedded.60)	Language	catalog-windows-embedded-ce-60
ee484149(v=winembedded.60)	Rate	catalog-windows-embedded-ce-60
ee484151(v=winembedded.60)	StreamCount	catalog-windows-embedded-ce-60
ee484155(v=winembedded.60)	BufferingTime	catalog-windows-embedded-ce-60
ee484175(v=winembedded.60)	GetMoreInfoURL	catalog-windows-embedded-ce-60
ee484195(v=winembedded.60)	PDD_InitSensorMode	catalog-windows-embedded-ce-60
ee484198(v=winembedded.60)	CSPIN_CINSTANCES	catalog-windows-embedded-ce-60
ee484200(v=winembedded.60)	IOCTL_FLASH_SECURE_WIPE	catalog-windows-embedded-ce-60
ee484206(v=winembedded.60)	ReservedReq	catalog-windows-embedded-ce-60
ee484209(v=winembedded.60)	NdisPacketPoolUsage	catalog-windows-embedded-ce-60
ee484210(v=winembedded.60)	IOCTL_FLASH_PDD_LOCK_BLOCKS	catalog-windows-embedded-ce-60
ee484223(v=winembedded.60)	LPTransferCompleteNotify	catalog-windows-embedded-ce-60
ee484244(v=winembedded.60)	CSPROPERTY_TYPE Values	catalog-windows-embedded-ce-60
ee484250(v=winembedded.60)	IOCTL_DISK_FLUSH_CACHE	catalog-windows-embedded-ce-60
ee484262(v=winembedded.60)	CSMULTIPLE_ITEM	catalog-windows-embedded-ce-60
ee484270(v=winembedded.60)	PDD_GetSensorModeInfo	catalog-windows-embedded-ce-60
ee484279(v=winembedded.60)	CS_BITMAPINFOHEADER	catalog-windows-embedded-ce-60
ee484298(v=winembedded.60)	CurrentState	catalog-windows-embedded-ce-60
ee484301(v=winembedded.60)	ReadyStateChange	catalog-windows-embedded-ce-60
ee484305(v=winembedded.60)	MouseMove	catalog-windows-embedded-ce-60
ee484331(v=winembedded.60)	IOCTL_GPS_DRIVER_GET_LOCATION_V1	catalog-windows-embedded-ce-60
ee484334(v=winembedded.60)	BufferingCount	catalog-windows-embedded-ce-60
ee484349(v=winembedded.60)	EC_VIDEOFRAMEREADY	catalog-windows-embedded-ce-60
ee484409(v=winembedded.60)	CS_VIDEOINFOHEADER	catalog-windows-embedded-ce-60
ee484413(v=winembedded.60)	CSSTATE	catalog-windows-embedded-ce-60
ee484414(v=winembedded.60)	RNDIS	catalog-windows-embedded-ce-60
ee484416(v=winembedded.60)	FLASH_GET_BLOCK_STATUS_REQUEST	catalog-windows-embedded-ce-60
ee484421(v=winembedded.60)	LPDMAPDDTransferIoControl	catalog-windows-embedded-ce-60
ee484426(v=winembedded.60)	CSPROPERTY_MEMBERSHEADER	catalog-windows-embedded-ce-60
ee484434(v=winembedded.60)	LPPowerOnReset	catalog-windows-embedded-ce-60
ee484506(v=winembedded.60)	EC_PLEASE_REOPEN	catalog-windows-embedded-ce-60
ee484512(v=winembedded.60)	OlItemType	catalog-windows-embedded-ce-60
ee484515(v=winembedded.60)	RESOLVER_INFORMATION	catalog-windows-embedded-ce-60
ee484521(v=winembedded.60)	OemHelpProc	catalog-windows-embedded-ce-60
ee484531(v=winembedded.60)	IsBroadcast	catalog-windows-embedded-ce-60
ee484537(v=winembedded.60)	COPYRIGHT	catalog-windows-embedded-ce-60
ee484548(v=winembedded.60)	Bandwidth	catalog-windows-embedded-ce-60
ee484557(v=winembedded.60)	PositionChange	catalog-windows-embedded-ce-60
ee484559(v=winembedded.60)	ErrorCode	catalog-windows-embedded-ce-60
ee484574(v=winembedded.60)	DisplaySize	catalog-windows-embedded-ce-60
ee484589(v=winembedded.60)	IOCTL_GPS_READ_ASSISTED	catalog-windows-embedded-ce-60
ee484592(v=winembedded.60)	OpenState	catalog-windows-embedded-ce-60
ee484599(v=winembedded.60)	CS_STREAM_DESCRIPTOR	catalog-windows-embedded-ce-60
ee484606(v=winembedded.60)	DMAFlushBlockBuffer	catalog-windows-embedded-ce-60
ee484627(v=winembedded.60)	CeDriverMapCallbackFunction	catalog-windows-embedded-ce-60
ee484631(v=winembedded.60)	CSPROPERTY_VIDEOCOMPRESSION_GETINFO_S	catalog-windows-embedded-ce-60
ee484644(v=winembedded.60)	DEFINE_CSPROPERTY_SET_TABLE	catalog-windows-embedded-ce-60
ee484645(v=winembedded.60)	IOCTL_FLASH_GET_SECTOR_ADDRESS	catalog-windows-embedded-ce-60
ee484660(v=winembedded.60)	PDD_Init	catalog-windows-embedded-ce-60
ee484667(v=winembedded.60)	IOCTL_FLASH_PDD_READ_PHYSICAL_SECTORS	catalog-windows-embedded-ce-60
ee484668(v=winembedded.60)	DMA_STATUS_CODE	catalog-windows-embedded-ce-60
ee484699(v=winembedded.60)	STARTMARKER	catalog-windows-embedded-ce-60
ee484705(v=winembedded.60)	FastReverse	catalog-windows-embedded-ce-60
ee484714(v=winembedded.60)	Initialize	catalog-windows-embedded-ce-60
ee484726(v=winembedded.60)	LocationGetPluginInfoForReport	catalog-windows-embedded-ce-60
ee484733(v=winembedded.60)	OemProcXXX	catalog-windows-embedded-ce-60
ee484745(v=winembedded.60)	ResolverIoctlClose	catalog-windows-embedded-ce-60
ee484751(v=winembedded.60)	ProviderStop	catalog-windows-embedded-ce-60
ee484753(v=winembedded.60)	OnSSPDisable	catalog-windows-embedded-ce-60
ee484758(v=winembedded.60)	CanScan	catalog-windows-embedded-ce-60
ee484760(v=winembedded.60)	EndOfStream	catalog-windows-embedded-ce-60
ee484783(v=winembedded.60)	codeINSTALL_EXIT	catalog-windows-embedded-ce-60
ee484804(v=winembedded.60)	CSPROPERTY_STEPPING_LONGLONG	catalog-windows-embedded-ce-60
ee484805(v=winembedded.60)	LPOALFreeCommonBuffer	catalog-windows-embedded-ce-60
ee484811(v=winembedded.60)	LPFreeDmaChannel	catalog-windows-embedded-ce-60
ee484830(v=winembedded.60)	FLASH_PARTITION_INFO	catalog-windows-embedded-ce-60
ee484837(v=winembedded.60)	LPDDHALSURFCB_LOCK	catalog-windows-embedded-ce-60
ee484849(v=winembedded.60)	FlashLayoutSector	catalog-windows-embedded-ce-60
ee484853(v=winembedded.60)	CSALLOCATOR Values	catalog-windows-embedded-ce-60
ee484862(v=winembedded.60)	CSDATARANGE	catalog-windows-embedded-ce-60
ee484876(v=winembedded.60)	LPCreateRawDmaPDDTransfer	catalog-windows-embedded-ce-60
ee484879(v=winembedded.60)	LPUpdateFlags	catalog-windows-embedded-ce-60
ee484903(v=winembedded.60)	GetMarkerTime	catalog-windows-embedded-ce-60
ee484909(v=winembedded.60)	LocationPluginIOCTL	catalog-windows-embedded-ce-60
ee484912(v=winembedded.60)	CanSeek	catalog-windows-embedded-ce-60
ee484927(v=winembedded.60)	GetCodecInstalled	catalog-windows-embedded-ce-60
ee484933(v=winembedded.60)	GetMediaParameterName	catalog-windows-embedded-ce-60
ee484946(v=winembedded.60)	VideoBorderColor	catalog-windows-embedded-ce-60
ee484958(v=winembedded.60)	BufferingProgress	catalog-windows-embedded-ce-60
ee484959(v=winembedded.60)	LocConsole	catalog-windows-embedded-ce-60
ee484972(v=winembedded.60)	GetMarkerName	catalog-windows-embedded-ce-60
ee484985(v=winembedded.60)	EC_DRMSTATUS	catalog-windows-embedded-ce-60
ee484992(v=winembedded.60)	GPS_POSITION	catalog-windows-embedded-ce-60
ee485024(v=winembedded.60)	FLASH_LIFE_CYCLE_INFO	catalog-windows-embedded-ce-60
ee485040(v=winembedded.60)	CS_COMPRESSION	catalog-windows-embedded-ce-60
ee485043(v=winembedded.60)	SDHCDGetAndLockCurrentRequest	catalog-windows-embedded-ce-60
ee485058(v=winembedded.60)	PDD_SetSensorState	catalog-windows-embedded-ce-60
ee485062(v=winembedded.60)	FLASH_IDENTITY_INFO	catalog-windows-embedded-ce-60
ee485063(v=winembedded.60)	FLASH_BLOCK_STATUS	catalog-windows-embedded-ce-60
ee485066(v=winembedded.60)	DMAIssueTransfer	catalog-windows-embedded-ce-60
ee485077(v=winembedded.60)	USB Function Composite Device Driver Functions	catalog-windows-embedded-ce-60
ee485125(v=winembedded.60)	LocationOpen	catalog-windows-embedded-ce-60
ee485135(v=winembedded.60)	ScriptCommand	catalog-windows-embedded-ce-60
ee485144(v=winembedded.60)	EC_STATUS	catalog-windows-embedded-ce-60
ee485150(v=winembedded.60)	ENDMARKER	catalog-windows-embedded-ce-60
ee485174(v=winembedded.60)	DblClick	catalog-windows-embedded-ce-60
ee485183(v=winembedded.60)	LOCATION_REPORT_BASE	catalog-windows-embedded-ce-60
ee485190(v=winembedded.60)	codeUNINSTALL_INIT	catalog-windows-embedded-ce-60
ee485191(v=winembedded.60)	ProviderGetLocation	catalog-windows-embedded-ce-60
ee485197(v=winembedded.60)	GPS_VALID_	catalog-windows-embedded-ce-60
ee485206(v=winembedded.60)	CSIDENTIFIER	catalog-windows-embedded-ce-60
ee485223(v=winembedded.60)	CSPROPERTY_VIDCAP_VIDEOCOMPRESSION	catalog-windows-embedded-ce-60
ee485235(v=winembedded.60)	PDD_TakeStillPicture	catalog-windows-embedded-ce-60
ee485270(v=winembedded.60)	FLASH_TRANSFER_REQUEST_FLAGS	catalog-windows-embedded-ce-60
ee485283(v=winembedded.60)	CSPROPERTY_DESCRIPTION	catalog-windows-embedded-ce-60
ee485284(v=winembedded.60)	IOCTL_FMD_GET_RESERVED_TABLE	catalog-windows-embedded-ce-60
ee485291(v=winembedded.60)	FLASH_PDD_COPY	catalog-windows-embedded-ce-60
ee485296(v=winembedded.60)	IOCTL_FLASH_GET_REGION_FREE_SPACE	catalog-windows-embedded-ce-60
ee485297(v=winembedded.60)	CSSTREAM_HEADER_OPTIONSF Values	catalog-windows-embedded-ce-60
ee485315(v=winembedded.60)	TscSettingsWrite	catalog-windows-embedded-ce-60
ee485319(v=winembedded.60)	GPS_DEVICE	catalog-windows-embedded-ce-60
ee485328(v=winembedded.60)	GPS_DATA_FLAGS_	catalog-windows-embedded-ce-60
ee485334(v=winembedded.60)	GetMediaParameter	catalog-windows-embedded-ce-60
ee485364(v=winembedded.60)	NewProviderReport	catalog-windows-embedded-ce-60
ee485372(v=winembedded.60)	PARAM	catalog-windows-embedded-ce-60
ee485386(v=winembedded.60)	GetCodecURL	catalog-windows-embedded-ce-60
ee485391(v=winembedded.60)	ContactPhone	catalog-windows-embedded-ce-60
ee485410(v=winembedded.60)	CAM_Close	catalog-windows-embedded-ce-60
ee485416(v=winembedded.60)	CSPROPERTY_VIDEOPROCAMP_S	catalog-windows-embedded-ce-60
ee485426(v=winembedded.60)	PDD_HandleVideoControlCapsChanges	catalog-windows-embedded-ce-60
ee485428(v=winembedded.60)	WZCEnumEapExtensions	catalog-windows-embedded-ce-60
ee485430(v=winembedded.60)	CE_DMA_ADAPTER	catalog-windows-embedded-ce-60
ee485446(v=winembedded.60)	DMATransferOnBlocks	catalog-windows-embedded-ce-60
ee485471(v=winembedded.60)	LPIsChannelSuitable	catalog-windows-embedded-ce-60
ee485474(v=winembedded.60)	FLASH_PARTITION_FLAGS	catalog-windows-embedded-ce-60
ee485481(v=winembedded.60)	CSALLOCATOR_FRAMING	catalog-windows-embedded-ce-60
ee485486(v=winembedded.60)	CS_FRAMING_RANGE	catalog-windows-embedded-ce-60
ee485496(v=winembedded.60)	IOCTL_FLASH_WRITE_LOGICAL_SECTORS	catalog-windows-embedded-ce-60
ee485502(v=winembedded.60)	IOCTL_CS_BUFFERS	catalog-windows-embedded-ce-60
ee485503(v=winembedded.60)	PDD_FillBuffer	catalog-windows-embedded-ce-60
ee485518(v=winembedded.60)	SendMouseClickEvents	catalog-windows-embedded-ce-60
ee485541(v=winembedded.60)	TscSettingsRead	catalog-windows-embedded-ce-60
ee485546(v=winembedded.60)	LocationPluginClose	catalog-windows-embedded-ce-60
ee485566(v=winembedded.60)	DefaultFrame	catalog-windows-embedded-ce-60
ee485570(v=winembedded.60)	OnSSPEnable	catalog-windows-embedded-ce-60
ee485589(v=winembedded.60)	AutoStart	catalog-windows-embedded-ce-60
ee485593(v=winembedded.60)	CodecCount	catalog-windows-embedded-ce-60
ee485606(v=winembedded.60)	ShowTracker	catalog-windows-embedded-ce-60
ee485615(v=winembedded.60)	IOCTL_FLASH_PDD_GET_IDENTITY_INFO	catalog-windows-embedded-ce-60
ee485625(v=winembedded.60)	CS_DATAFORMAT_VIDEOINFOHEADER	catalog-windows-embedded-ce-60
ee485640(v=winembedded.60)	IOCTL_FLASH_PDD_SET_BLOCK_STATUS	catalog-windows-embedded-ce-60
ee485657(v=winembedded.60)	FMD_GetInfoEx	catalog-windows-embedded-ce-60
ee485664(v=winembedded.60)	CSPROPERTY_VALUES	catalog-windows-embedded-ce-60
ee485671(v=winembedded.60)	LPFreeDmaTransfer	catalog-windows-embedded-ce-60
ee485678(v=winembedded.60)	CSALLOCATOR_FRAMING_EX	catalog-windows-embedded-ce-60
ee485686(v=winembedded.60)	SDHCDPowerUpDown	catalog-windows-embedded-ce-60
ee485717(v=winembedded.60)	FileName	catalog-windows-embedded-ce-60
ee485726(v=winembedded.60)	KeyUp	catalog-windows-embedded-ce-60
ee485728(v=winembedded.60)	PLUGIN_INFORMATION	catalog-windows-embedded-ce-60
ee485729(v=winembedded.60)	REF	catalog-windows-embedded-ce-60
ee485730(v=winembedded.60)	GetCurrentEntry	catalog-windows-embedded-ce-60
ee485759(v=winembedded.60)	GPS_FIX_QUALITY	catalog-windows-embedded-ce-60
ee485761(v=winembedded.60)	Balance	catalog-windows-embedded-ce-60
ee485793(v=winembedded.60)	Overall Parsed Data Code Structure	catalog-windows-embedded-ce-60
ee485796(v=winembedded.60)	LocationGetServiceState	catalog-windows-embedded-ce-60
ee485819(v=winembedded.60)	FLASH_REGION_INFO_FLAGS	catalog-windows-embedded-ce-60
ee485844(v=winembedded.60)	CS_FRAMING_ITEM	catalog-windows-embedded-ce-60
ee485853(v=winembedded.60)	WZCQueryLatencySensitiveMode	catalog-windows-embedded-ce-60
ee485875(v=winembedded.60)	CS_CompressionCaps	catalog-windows-embedded-ce-60
ee485880(v=winembedded.60)	CSPROPERTY_VIDEOCONTROL_ACTUAL_FRAME_RATE_S	catalog-windows-embedded-ce-60
ee485886(v=winembedded.60)	CSPROPERTY_VIDEOCOMPRESSION_S	catalog-windows-embedded-ce-60
ee485909(v=winembedded.60)	PDD_SetSensorModeFormat	catalog-windows-embedded-ce-60
ee485910(v=winembedded.60)	DEFINE_CSPROPERTY_TABLE	catalog-windows-embedded-ce-60
ee485917(v=winembedded.60)	CSPROPERTY_BOUNDS_LONG	catalog-windows-embedded-ce-60
ee485920(v=winembedded.60)	OlImportance	catalog-windows-embedded-ce-60
ee485924(v=winembedded.60)	LocationClose	catalog-windows-embedded-ce-60
ee485928(v=winembedded.60)	GetCodecDescription	catalog-windows-embedded-ce-60
ee485935(v=winembedded.60)	LOCATION_REPORT_802_11	catalog-windows-embedded-ce-60
ee485940(v=winembedded.60)	ShowPositionControls	catalog-windows-embedded-ce-60
ee485963(v=winembedded.60)	Error	catalog-windows-embedded-ce-60
ee485970(v=winembedded.60)	SelectionEnd	catalog-windows-embedded-ce-60
ee485973(v=winembedded.60)	OlBusyStatus	catalog-windows-embedded-ce-60
ee485975(v=winembedded.60)	GPSOpenDevice	catalog-windows-embedded-ce-60
ee485977(v=winembedded.60)	ReceivedPackets	catalog-windows-embedded-ce-60
ee485982(v=winembedded.60)	LocationGetReport	catalog-windows-embedded-ce-60
ee486006(v=winembedded.60)	Overall Raw Data Code Structure	catalog-windows-embedded-ce-60
ee486009(v=winembedded.60)	KeyDown	catalog-windows-embedded-ce-60
ee486015(v=winembedded.60)	ABSTRACT	catalog-windows-embedded-ce-60
ee486022(v=winembedded.60)	IOCTL_FMD_WRITE_RESERVED	catalog-windows-embedded-ce-60
ee486033(v=winembedded.60)	CSPROPERTY_MEMBER Values	catalog-windows-embedded-ce-60
ee486043(v=winembedded.60)	IOCTL_FMD_GET_RAW_BLOCK_SIZE	catalog-windows-embedded-ce-60
ee486081(v=winembedded.60)	DMA_MDD_TRANFER_CONTEXT	catalog-windows-embedded-ce-60
ee486093(v=winembedded.60)	CAM_IoControl	catalog-windows-embedded-ce-60
ee486108(v=winembedded.60)	CS_DATARANGE_VIDEO	catalog-windows-embedded-ce-60
ee486117(v=winembedded.60)	LPGetDmaAdapter	catalog-windows-embedded-ce-60
ee486128(v=winembedded.60)	ENTRYREF	catalog-windows-embedded-ce-60
ee486133(v=winembedded.60)	SetTabDispArea	catalog-windows-embedded-ce-60
ee486136(v=winembedded.60)	AUTHOR	catalog-windows-embedded-ce-60
ee486162(v=winembedded.60)	MouseUp	catalog-windows-embedded-ce-60
ee486176(v=winembedded.60)	LOCATION_REPORT_ADDRESS	catalog-windows-embedded-ce-60
ee486185(v=winembedded.60)	GetMediaInfoString	catalog-windows-embedded-ce-60
ee486193(v=winembedded.60)	CS_DATARANGE_VIDEO2	catalog-windows-embedded-ce-60
ee486200(v=winembedded.60)	FastForward	catalog-windows-embedded-ce-60
ee486202(v=winembedded.60)	ShowAudioControls	catalog-windows-embedded-ce-60
ee486213(v=winembedded.60)	CeDriverDuplicateCallerHandle	catalog-windows-embedded-ce-60
ee486218(v=winembedded.60)	MouseDown	catalog-windows-embedded-ce-60
ee486227(v=winembedded.60)	NdisAllocatePacketPoolEx	catalog-windows-embedded-ce-60
ee486229(v=winembedded.60)	PROVIDER_CONTROL_BLOCK	catalog-windows-embedded-ce-60
ee486237(v=winembedded.60)	CS_MPEG1VIDEOINFO	catalog-windows-embedded-ce-60
ee486246(v=winembedded.60)	LPDDHALSURFCB_GETFLIPSTATUS	catalog-windows-embedded-ce-60
ee486265(v=winembedded.60)	IOCTL_FLASH_DELETE_LOGICAL_SECTORS	catalog-windows-embedded-ce-60
ee486275(v=winembedded.60)	PIN_Init	catalog-windows-embedded-ce-60
ee486296(v=winembedded.60)	FILE ALIGNMENT Values	catalog-windows-embedded-ce-60
ee486307(v=winembedded.60)	PDD_HandleVidProcAmpChanges	catalog-windows-embedded-ce-60
ee486313(v=winembedded.60)	Camera Driver Interface	catalog-windows-embedded-ce-60
ee486319(v=winembedded.60)	DMAFreeChannel	catalog-windows-embedded-ce-60
ee486327(v=winembedded.60)	LocationGetResolversInfo	catalog-windows-embedded-ce-60
ee486337(v=winembedded.60)	ContactEmail	catalog-windows-embedded-ce-60
ee486374(v=winembedded.60)	MOREINFO	catalog-windows-embedded-ce-60
ee486380(v=winembedded.60)	LocationGetProvidersInfo	catalog-windows-embedded-ce-60
ee486399(v=winembedded.60)	DoOptionsDialog	catalog-windows-embedded-ce-60
ee486403(v=winembedded.60)	EC_CONTENTPROPERTY_CHANGED	catalog-windows-embedded-ce-60
ee486414(v=winembedded.60)	MarkerHit	catalog-windows-embedded-ce-60
ee486419(v=winembedded.60)	TransparentAtStart	catalog-windows-embedded-ce-60
ee486422(v=winembedded.60)	SetCurrentEntry	catalog-windows-embedded-ce-60
ee486426(v=winembedded.60)	PDD_DeAllocateBuffer	catalog-windows-embedded-ce-60
ee486445(v=winembedded.60)	LPAllocateChannel	catalog-windows-embedded-ce-60
ee486458(v=winembedded.60)	FUNCTION_POWER_STATE	catalog-windows-embedded-ce-60
ee486463(v=winembedded.60)	FLASH_SECTOR_TRANSFER	catalog-windows-embedded-ce-60
ee486468(v=winembedded.60)	CS_VIDEO_STREAM_CONFIG_CAPS	catalog-windows-embedded-ce-60
ee486481(v=winembedded.60)	CS_VideoControlFlags	catalog-windows-embedded-ce-60
ee486509(v=winembedded.60)	IOCTL_FLASH_PDD_GET_LIFE_CYCLE_INFO	catalog-windows-embedded-ce-60
ee486512(v=winembedded.60)	SDSynchronousBusRequestEx	catalog-windows-embedded-ce-60
ee486518(v=winembedded.60)	WZCSetLatencySensitiveMode	catalog-windows-embedded-ce-60
ee486519(v=winembedded.60)	OID_802_11_RADIO_POWER_STATE	catalog-windows-embedded-ce-60
ee486521(v=winembedded.60)	ReservedEntry	catalog-windows-embedded-ce-60
ee486546(v=winembedded.60)	GetAuxTabInfo	catalog-windows-embedded-ce-60
ee486565(v=winembedded.60)	IOCTL_GPS_WRITE_ALMANAC	catalog-windows-embedded-ce-60
ee486574(v=winembedded.60)	ResolverInitialize	catalog-windows-embedded-ce-60
ee486578(v=winembedded.60)	ProviderIoctlOpen	catalog-windows-embedded-ce-60
ee486612(v=winembedded.60)	AllowScan	catalog-windows-embedded-ce-60
ee486628(v=winembedded.60)	NDIS_802_11_LSM_MODE	catalog-windows-embedded-ce-60
ee486638(v=winembedded.60)	CSPROPERTY_PIN	catalog-windows-embedded-ce-60
ee486644(v=winembedded.60)	IOCTL_FLASH_READ_LOGICAL_SECTORS	catalog-windows-embedded-ce-60
ee486658(v=winembedded.60)	DEVICE_DMA_REQUIREMENT_INFO	catalog-windows-embedded-ce-60
ee486717(v=winembedded.60)	PDD_HandleAdapterCustomProperties	catalog-windows-embedded-ce-60
ee486720(v=winembedded.60)	CSPROPERTY_VIDEOCONTROL_MODE_S	catalog-windows-embedded-ce-60
ee486738(v=winembedded.60)	EC_FILE_CLOSED	catalog-windows-embedded-ce-60
ee486739(v=winembedded.60)	ProviderUnInitialize	catalog-windows-embedded-ce-60
ee486740(v=winembedded.60)	LocationRegisterForReport	catalog-windows-embedded-ce-60
ee486745(v=winembedded.60)	OlRecurrenceType	catalog-windows-embedded-ce-60
ee486754(v=winembedded.60)	ProviderUnavailable	catalog-windows-embedded-ce-60
ee486759(v=winembedded.60)	SourceLink	catalog-windows-embedded-ce-60
ee486775(v=winembedded.60)	IsDurationValid	catalog-windows-embedded-ce-60
ee486781(v=winembedded.60)	codeUNINSTALL_EXIT	catalog-windows-embedded-ce-60
ee486796(v=winembedded.60)	PlayState	catalog-windows-embedded-ce-60
ee486837(v=winembedded.60)	INTF_80211_CAPABILITY	catalog-windows-embedded-ce-60
ee486841(v=winembedded.60)	SDHCDAllocateContext	catalog-windows-embedded-ce-60
ee486847(v=winembedded.60)	INTF_ENTRY_EX	catalog-windows-embedded-ce-60
ee486852(v=winembedded.60)	LPDDHALSURFCB_SETOVERLAYPOSITION	catalog-windows-embedded-ce-60
ee486869(v=winembedded.60)	CSPROPERTY_VIDEOCONTROL_FRAME_RATES_S	catalog-windows-embedded-ce-60
ee486891(v=winembedded.60)	CAM_DeInit	catalog-windows-embedded-ce-60
ee486896(v=winembedded.60)	CSDATAFORMAT_TYPE Values	catalog-windows-embedded-ce-60
ee486899(v=winembedded.60)	IOCTL_STREAM_INSTANTIATE	catalog-windows-embedded-ce-60
ee486903(v=winembedded.60)	SDHCDUnlockRequest	catalog-windows-embedded-ce-60
ee486905(v=winembedded.60)	PARTITION_ID	catalog-windows-embedded-ce-60
ee486938(v=winembedded.60)	CSPROPERTY_CAMERACONTROL_FLAGS Values	catalog-windows-embedded-ce-60
ee486939(v=winembedded.60)	CSPROPERTY_DROPPEDFRAMES_CURRENT_S	catalog-windows-embedded-ce-60
ee486954(v=winembedded.60)	ContrastControl	catalog-windows-embedded-ce-60
ee486956(v=winembedded.60)	SelectionStart	catalog-windows-embedded-ce-60
ee486966(v=winembedded.60)	PROVIDER_INFORMATION	catalog-windows-embedded-ce-60
ee486969(v=winembedded.60)	IOCTL_FMD_READ_RESERVED	catalog-windows-embedded-ce-60
ee486977(v=winembedded.60)	IOCTL_FMD_GET_XIPMODE	catalog-windows-embedded-ce-60
ee486993(v=winembedded.60)	PlayStateChange	catalog-windows-embedded-ce-60
ee486994(v=winembedded.60)	HasError	catalog-windows-embedded-ce-60
ee487008(v=winembedded.60)	OpenComplete	catalog-windows-embedded-ce-60
ee487011(v=winembedded.60)	Next	catalog-windows-embedded-ce-60
ee487024(v=winembedded.60)	Cancel	catalog-windows-embedded-ce-60
ee487037(v=winembedded.60)	RESOLVER_CONTROL_BLOCK	catalog-windows-embedded-ce-60
ee487048(v=winembedded.60)	LOCATION_SERVICE_STATE	catalog-windows-embedded-ce-60
ee487052(v=winembedded.60)	MovieWindowSize	catalog-windows-embedded-ce-60
ee487063(v=winembedded.60)	ProviderInitialize	catalog-windows-embedded-ce-60
ee487066(v=winembedded.60)	LOCATION_REPORT_LATLONG	catalog-windows-embedded-ce-60
ee487082(v=winembedded.60)	BASE	catalog-windows-embedded-ce-60
ee487083(v=winembedded.60)	SendErrorEvents	catalog-windows-embedded-ce-60
ee487087(v=winembedded.60)	EC_ERRORABORTEX	catalog-windows-embedded-ce-60
ee487089(v=winembedded.60)	EntryCount	catalog-windows-embedded-ce-60
ee487091(v=winembedded.60)	ENTRY	catalog-windows-embedded-ce-60
ee487096(v=winembedded.60)	ReceptionQuality	catalog-windows-embedded-ce-60
ee487120(v=winembedded.60)	ProviderIoctlClose	catalog-windows-embedded-ce-60
ee487150(v=winembedded.60)	ClickToPlay	catalog-windows-embedded-ce-60
ee487151(v=winembedded.60)	HasMultipleItems	catalog-windows-embedded-ce-60
ee487161(v=winembedded.60)	Click	catalog-windows-embedded-ce-60
ee487162(v=winembedded.60)	Previous	catalog-windows-embedded-ce-60
ee487163(v=winembedded.60)	ChannelURL	catalog-windows-embedded-ce-60
ee487169(v=winembedded.60)	ErrorCorrection	catalog-windows-embedded-ce-60
ee487176(v=winembedded.60)	ChannelDescription	catalog-windows-embedded-ce-60
ee487177(v=winembedded.60)	PLUGIN_STATE	catalog-windows-embedded-ce-60
ee487178(v=winembedded.60)	OpenStateChange	catalog-windows-embedded-ce-60
ee487180(v=winembedded.60)	PlayCount	catalog-windows-embedded-ce-60
ee487181(v=winembedded.60)	IOCTL_GPS_READ_ALMANAC	catalog-windows-embedded-ce-60
ee487186(v=winembedded.60)	RecoveredPackets	catalog-windows-embedded-ce-60
ee487206(v=winembedded.60)	SendKeyboardEvents	catalog-windows-embedded-ce-60
ee487210(v=winembedded.60)	CurrentMarker	catalog-windows-embedded-ce-60
ee487212(v=winembedded.60)	Buffering	catalog-windows-embedded-ce-60
ee487220(v=winembedded.60)	ShowControls	catalog-windows-embedded-ce-60
ee487224(v=winembedded.60)	NewStream	catalog-windows-embedded-ce-60
ee487244(v=winembedded.60)	StateChange	catalog-windows-embedded-ce-60
ee487246(v=winembedded.60)	REPEAT	catalog-windows-embedded-ce-60
ee487256(v=winembedded.60)	SendMouseMoveEvents	catalog-windows-embedded-ce-60
ee487259(v=winembedded.60)	OlMeetingStatus	catalog-windows-embedded-ce-60
ee487263(v=winembedded.60)	SourceProtocol	catalog-windows-embedded-ce-60
ee487265(v=winembedded.60)	EC_MARKER_HIT	catalog-windows-embedded-ce-60
ee487273(v=winembedded.60)	AllowChangeDisplaySize	catalog-windows-embedded-ce-60
ee487275(v=winembedded.60)	ChannelName	catalog-windows-embedded-ce-60
ee487278(v=winembedded.60)	GPS_FIX_SELECTION	catalog-windows-embedded-ce-60
ee487279(v=winembedded.60)	Disconnect	catalog-windows-embedded-ce-60
ee487290(v=winembedded.60)	SendOpenStateChangeEvents	catalog-windows-embedded-ce-60
ee487293(v=winembedded.60)	RDP_TAB_INFO	catalog-windows-embedded-ce-60
ee487312(v=winembedded.60)	IOCTL_GPS_WRITE_ASSISTED	catalog-windows-embedded-ce-60
ee487324(v=winembedded.60)	ImageSourceWidth	catalog-windows-embedded-ce-60
ee487327(v=winembedded.60)	ImageSourceHeight	catalog-windows-embedded-ce-60
ee487328(v=winembedded.60)	VideoBorderWidth	catalog-windows-embedded-ce-60
ee487335(v=winembedded.60)	DRVM_MAPPER_PREFERRED_SET	catalog-windows-embedded-ce-60
ee487336(v=winembedded.60)	DRVM_MAPPER_PREFERRED_GET	catalog-windows-embedded-ce-60
ee487345(v=winembedded.60)	MM_WOM_SETSECONDARYGAINCLASS	catalog-windows-embedded-ce-60
ee487347(v=winembedded.60)	MM_WOM_FORCESPEAKER	catalog-windows-embedded-ce-60
ee487365(v=winembedded.60)	MIDI_MESSAGE_FREQGENOFF	catalog-windows-embedded-ce-60
ee487412(v=winembedded.60)	MIDI	catalog-windows-embedded-ce-60
ee487422(v=winembedded.60)	MM_WOM_SETSECONDARYGAINLIMIT	catalog-windows-embedded-ce-60
ee487455(v=winembedded.60)	TPGetViewVisBounds	catalog-windows-embedded-ce-60
ee487463(v=winembedded.60)	SecureLockIconConstants	catalog-windows-embedded-ce-60
ee487466(v=winembedded.60)	TPChangeZoomScale	catalog-windows-embedded-ce-60
ee487469(v=winembedded.60)	TPRedraw	catalog-windows-embedded-ce-60
ee487471(v=winembedded.60)	TPWindowToPage	catalog-windows-embedded-ce-60
ee487478(v=winembedded.60)	TILE_EVENT	catalog-windows-embedded-ce-60
ee487483(v=winembedded.60)	TPGetViewPosition	catalog-windows-embedded-ce-60
ee487486(v=winembedded.60)	TPChangeZoom	catalog-windows-embedded-ce-60
ee487487(v=winembedded.60)	TPGetViewDocSize	catalog-windows-embedded-ce-60
ee487507(v=winembedded.60)	TPGetWaitTimeout	catalog-windows-embedded-ce-60
ee487508(v=winembedded.60)	TPGetHostWindow	catalog-windows-embedded-ce-60
ee487515(v=winembedded.60)	WAVEFORMAT_MIDI	catalog-windows-embedded-ce-60
ee487518(v=winembedded.60)	MIDI_MESSAGE_UPDATETEMPO	catalog-windows-embedded-ce-60
ee487534(v=winembedded.60)	WAVEFORMAT_MIDI_MESSAGE	catalog-windows-embedded-ce-60
ee487545(v=winembedded.60)	MIDI_MESSAGE_FREQGENON	catalog-windows-embedded-ce-60
ee487552(v=winembedded.60)	Call Order for Waveform Audio Functions	catalog-windows-embedded-ce-60
ee487553(v=winembedded.60)	TPChangePos	catalog-windows-embedded-ce-60
ee487559(v=winembedded.60)	TPForwardWindowInput	catalog-windows-embedded-ce-60
ee487571(v=winembedded.60)	TPSetView	catalog-windows-embedded-ce-60
ee487584(v=winembedded.60)	TPShowTileWindow	catalog-windows-embedded-ce-60
ee487603(v=winembedded.60)	CommandStateChangeConstants	catalog-windows-embedded-ce-60
ee487611(v=winembedded.60)	TPGetWaitEvent	catalog-windows-embedded-ce-60
ee487613(v=winembedded.60)	READYSTATE	catalog-windows-embedded-ce-60
ee487617(v=winembedded.60)	TPGetIsChanging	catalog-windows-embedded-ce-60
ee487646(v=winembedded.60)	CreateTileProxy	catalog-windows-embedded-ce-60
ee487648(v=winembedded.60)	TPSetHtmlWindow	catalog-windows-embedded-ce-60
ee487667(v=winembedded.60)	TPSetPageChanged	catalog-windows-embedded-ce-60
ee487669(v=winembedded.60)	ReleaseTileProxy	catalog-windows-embedded-ce-60
ee487672(v=winembedded.60)	Resetting the Browser Registry Values	catalog-windows-embedded-ce-60
ee487791(v=winembedded.60)	TPSetViewPosition	catalog-windows-embedded-ce-60
ee487837(v=winembedded.60)	TPUpdate	catalog-windows-embedded-ce-60
ee487843(v=winembedded.60)	TPGetViewScale	catalog-windows-embedded-ce-60
ee487978(v=winembedded.60)	RegistryNotifyCallback	catalog-windows-embedded-ce-60
ee487986(v=winembedded.60)	AsynchronousBuffer_t	catalog-windows-embedded-ce-60
ee487990(v=winembedded.60)	CeRemoteHeapCreate	catalog-windows-embedded-ce-60
ee487998(v=winembedded.60)	CeRemoteHeapTranslatePointer	catalog-windows-embedded-ce-60
ee488003(v=winembedded.60)	CeSetProcessVersion	catalog-windows-embedded-ce-60
ee488009(v=winembedded.60)	RegistryBatchNotification	catalog-windows-embedded-ce-60
ee488033(v=winembedded.60)	REGISTRYNOTIFYCALLBACK Structure	catalog-windows-embedded-ce-60
ee488174(v=winembedded.60)	CeGetRawTime	catalog-windows-embedded-ce-60
ee488186(v=winembedded.60)	RegistryTestExchangeDWORD	catalog-windows-embedded-ce-60
ee488205(v=winembedded.60)	RegistryStopNotification	catalog-windows-embedded-ce-60
ee488220(v=winembedded.60)	NOTIFYMSGQUEUEPACKET	catalog-windows-embedded-ce-60
ee488231(v=winembedded.60)	RegistryNotifyWindow	catalog-windows-embedded-ce-60
ee488363(v=winembedded.60)	CeGetRawTimeOffset	catalog-windows-embedded-ce-60
ee488374(v=winembedded.60)	CeFlushAsynchronousBuffer	catalog-windows-embedded-ce-60
ee488391(v=winembedded.60)	ReadMsgQueueEx	catalog-windows-embedded-ce-60
ee488448(v=winembedded.60)	VirtualCopyEx	catalog-windows-embedded-ce-60
ee488568(v=winembedded.60)	REG_COMPARISONTYPE	catalog-windows-embedded-ce-60
ee488570(v=winembedded.60)	MarshalledBuffer_t	catalog-windows-embedded-ce-60
ee488582(v=winembedded.60)	RegistryGetDWORD	catalog-windows-embedded-ce-60
ee488595(v=winembedded.60)	RemoveVectoredExceptionHandler	catalog-windows-embedded-ce-60
ee488604(v=winembedded.60)	CeAllocAsynchronousBuffer	catalog-windows-embedded-ce-60
ee488606(v=winembedded.60)	AddVectoredExceptionHandler	catalog-windows-embedded-ce-60
ee488607(v=winembedded.60)	CeFreeAsynchronousBuffer	catalog-windows-embedded-ce-60
ee488611(v=winembedded.60)	RegistrySetString	catalog-windows-embedded-ce-60
ee488614(v=winembedded.60)	RegistryNotifyMsgQueue	catalog-windows-embedded-ce-60
ee488625(v=winembedded.60)	CheckRemoteDebuggerPresent	catalog-windows-embedded-ce-60
ee488629(v=winembedded.60)	VectoredHandler	catalog-windows-embedded-ce-60
ee488640(v=winembedded.60)	RegistryDeleteValue	catalog-windows-embedded-ce-60
ee488644(v=winembedded.60)	CeFreeDuplicateBuffer	catalog-windows-embedded-ce-60
ee488645(v=winembedded.60)	NOTIFICATIONCONDITION	catalog-windows-embedded-ce-60
ee488755(v=winembedded.60)	OpenThread	catalog-windows-embedded-ce-60
ee488757(v=winembedded.60)	VirtualSetAttributesEx	catalog-windows-embedded-ce-60
ee488764(v=winembedded.60)	RegistrySetDWORD	catalog-windows-embedded-ce-60
ee488770(v=winembedded.60)	CEL_BOOT_TIME	catalog-windows-embedded-ce-60
ee488776(v=winembedded.60)	RegistryNotifyApp	catalog-windows-embedded-ce-60
ee488789(v=winembedded.60)	CeAllocDuplicateBuffer	catalog-windows-embedded-ce-60
ee488791(v=winembedded.60)	DuplicatedBuffer_t	catalog-windows-embedded-ce-60
ee488799(v=winembedded.60)	IsDebuggerPresent	catalog-windows-embedded-ce-60
ee488909(v=winembedded.60)	DebugActiveProcessStop	catalog-windows-embedded-ce-60
ee488922(v=winembedded.60)	RegistryCloseNotification	catalog-windows-embedded-ce-60
ee488928(v=winembedded.60)	RegistryGetString	catalog-windows-embedded-ce-60
ee488937(v=winembedded.60)	GetSystemTimeAsFileTime	catalog-windows-embedded-ce-60
ee489209(v=winembedded.60)	CAUUID	catalog-windows-embedded-ce-60
ee489567(v=winembedded.60)	FSDMGR_SyncCache	catalog-windows-embedded-ce-60
ee489571(v=winembedded.60)	Synchronizing Read and Write Functions	catalog-windows-embedded-ce-60
ee489588(v=winembedded.60)	FSDMGR_DeleteCache	catalog-windows-embedded-ce-60
ee489597(v=winembedded.60)	FSDMGR_InstallFileLock	catalog-windows-embedded-ce-60
ee489609(v=winembedded.60)	FSDMGR_RemoveFileLockEx	catalog-windows-embedded-ce-60
ee489649(v=winembedded.60)	REG_NOTIFY_INFORMATION	catalog-windows-embedded-ce-60
ee489800(v=winembedded.60)	FSDMGR_CachedWrite	catalog-windows-embedded-ce-60
ee489837(v=winembedded.60)	FDQUERYFONTDATA	catalog-windows-embedded-ce-60
ee489842(v=winembedded.60)	GLYPHDATA	catalog-windows-embedded-ce-60
ee489843(v=winembedded.60)	FDGETFONTTABLE	catalog-windows-embedded-ce-60
ee489854(v=winembedded.60)	FDDESTROYFONT	catalog-windows-embedded-ce-60
ee489861(v=winembedded.60)	IFIMETRICS	catalog-windows-embedded-ce-60
ee489862(v=winembedded.60)	SURFOBJ	catalog-windows-embedded-ce-60
ee489869(v=winembedded.60)	FDQUERYFONT	catalog-windows-embedded-ce-60
ee489872(v=winembedded.60)	FONTOBJ	catalog-windows-embedded-ce-60
ee489873(v=winembedded.60)	FDQUERYFONTFILE	catalog-windows-embedded-ce-60
ee489875(v=winembedded.60)	GLYPHBITS	catalog-windows-embedded-ce-60
ee489877(v=winembedded.60)	FDLOADFONTFILE	catalog-windows-embedded-ce-60
ee489882(v=winembedded.60)	DrvTextOut	catalog-windows-embedded-ce-60
ee489893(v=winembedded.60)	FD_DEVICEMETRICS	catalog-windows-embedded-ce-60
ee489898(v=winembedded.60)	FDUNLOADFONTFILE	catalog-windows-embedded-ce-60
ee489903(v=winembedded.60)	CLIPOBJ	catalog-windows-embedded-ce-60
ee489906(v=winembedded.60)	STROBJ	catalog-windows-embedded-ce-60
ee489909(v=winembedded.60)	PATHOBJ	catalog-windows-embedded-ce-60
ee489919(v=winembedded.60)	BRUSHOBJ	catalog-windows-embedded-ce-60
ee489937(v=winembedded.60)	FSDMGR_FlushCache	catalog-windows-embedded-ce-60
ee489955(v=winembedded.60)	PRELEASEFILELOCKSTATE	catalog-windows-embedded-ce-60
ee490048(v=winembedded.60)	D3DMXVec4CrossFxd	catalog-windows-embedded-ce-60
ee490052(v=winembedded.60)	D3DMXLoadSurfaceFromFileInMemory	catalog-windows-embedded-ce-60
ee490058(v=winembedded.60)	D3DMXVec3LengthSqFxd	catalog-windows-embedded-ce-60
ee490065(v=winembedded.60)	D3DMXMatrixMultiply	catalog-windows-embedded-ce-60
ee490069(v=winembedded.60)	D3DMXVec4LengthSq	catalog-windows-embedded-ce-60
ee490073(v=winembedded.60)	D3DMXVec3Length	catalog-windows-embedded-ce-60
ee490078(v=winembedded.60)	D3DMX_FILTER Values	catalog-windows-embedded-ce-60
ee490084(v=winembedded.60)	D3DMXVec3Dot	catalog-windows-embedded-ce-60
ee490097(v=winembedded.60)	D3DMXVec4Scale	catalog-windows-embedded-ce-60
ee490100(v=winembedded.60)	D3DMXVECTOR3	catalog-windows-embedded-ce-60
ee490107(v=winembedded.60)	D3DMXIMAGE_INFO	catalog-windows-embedded-ce-60
ee490119(v=winembedded.60)	D3DMXVec4Dot	catalog-windows-embedded-ce-60
ee490122(v=winembedded.60)	D3DMXVec4Normalize	catalog-windows-embedded-ce-60
ee490127(v=winembedded.60)	Direct3D Mobile Surface Interfaces	catalog-windows-embedded-ce-60
ee490132(v=winembedded.60)	D3DMXVec3LengthFxd	catalog-windows-embedded-ce-60
ee490157(v=winembedded.60)	Data Types for Registry Values	catalog-windows-embedded-ce-60
ee490197(v=winembedded.60)	CeRegGetNotificationInfo	catalog-windows-embedded-ce-60
ee490230(v=winembedded.60)	CeRegGetInfo	catalog-windows-embedded-ce-60
ee490245(v=winembedded.60)	D3DMXVec3Normalize	catalog-windows-embedded-ce-60
ee490256(v=winembedded.60)	D3DMXVECTOR4	catalog-windows-embedded-ce-60
ee490268(v=winembedded.60)	D3DMXVec3Add	catalog-windows-embedded-ce-60
ee490286(v=winembedded.60)	D3DMXVec4AddFxd	catalog-windows-embedded-ce-60
ee490300(v=winembedded.60)	D3DMXDivFxd	catalog-windows-embedded-ce-60
ee490306(v=winembedded.60)	D3DMXVec3Scale	catalog-windows-embedded-ce-60
ee490314(v=winembedded.60)	FIXED	catalog-windows-embedded-ce-60
ee490343(v=winembedded.60)	D3DMXVec4NormalizeFxd	catalog-windows-embedded-ce-60
ee490368(v=winembedded.60)	FSDMGR_TestFileLock	catalog-windows-embedded-ce-60
ee490378(v=winembedded.60)	FSDMGR_InvalidateCache	catalog-windows-embedded-ce-60
ee490379(v=winembedded.60)	CeFindNextChangedRecord	catalog-windows-embedded-ce-60
ee490384(v=winembedded.60)	FSDMGR_ResizeCache	catalog-windows-embedded-ce-60
ee490391(v=winembedded.60)	FAT Utility Functions	catalog-windows-embedded-ce-60
ee490406(v=winembedded.60)	FSCTL_SET_EXTENDED_FLAGS	catalog-windows-embedded-ce-60
ee490446(v=winembedded.60)	D3DMXCreateTextureFromFileEx	catalog-windows-embedded-ce-60
ee490471(v=winembedded.60)	D3DMXVec4ScaleFxd	catalog-windows-embedded-ce-60
ee490472(v=winembedded.60)	D3DMXMatrixTranslationFxd	catalog-windows-embedded-ce-60
ee490484(v=winembedded.60)	D3DMXCheckTextureRequirements	catalog-windows-embedded-ce-60
ee490492(v=winembedded.60)	D3DMXCreateTextureFromResourceEx	catalog-windows-embedded-ce-60
ee490493(v=winembedded.60)	D3DMXMatrixPerspectiveFovLHFxd	catalog-windows-embedded-ce-60
ee490497(v=winembedded.60)	D3DMXMatrixRotationYawPitchRoll	catalog-windows-embedded-ce-60
ee490498(v=winembedded.60)	DDDEVICEIDENTIFIER	catalog-windows-embedded-ce-60
ee490501(v=winembedded.60)	D3DMXVec4LengthFxd	catalog-windows-embedded-ce-60
ee490508(v=winembedded.60)	D3DMXMatrixPerspectiveOffCenterLHFxd	catalog-windows-embedded-ce-60
ee490513(v=winembedded.60)	D3DMXMatrixRotationZ	catalog-windows-embedded-ce-60
ee490516(v=winembedded.60)	D3DMXMatrixfDeterminant	catalog-windows-embedded-ce-60
ee490517(v=winembedded.60)	D3DMXLoadSurfaceFromFile	catalog-windows-embedded-ce-60
ee490525(v=winembedded.60)	D3DMXVec4LengthSqFxd	catalog-windows-embedded-ce-60
ee490527(v=winembedded.60)	D3DMXVec4DotFxd	catalog-windows-embedded-ce-60
ee490534(v=winembedded.60)	D3DMXVec4Transform	catalog-windows-embedded-ce-60
ee490540(v=winembedded.60)	D3DMXVec3CrossFxd	catalog-windows-embedded-ce-60
ee490581(v=winembedded.60)	FSDMGR_CreateCache	catalog-windows-embedded-ce-60
ee490616(v=winembedded.60)	FSDMGR_TestFileLockEx	catalog-windows-embedded-ce-60
ee490621(v=winembedded.60)	FSDMGR_CacheIoControl	catalog-windows-embedded-ce-60
ee490635(v=winembedded.60)	CeRegTestSetValueW	catalog-windows-embedded-ce-60
ee490656(v=winembedded.60)	D3DMXMatrixInverse	catalog-windows-embedded-ce-60
ee490663(v=winembedded.60)	D3DMXMatrixRotationX	catalog-windows-embedded-ce-60
ee490670(v=winembedded.60)	Migrating DirectDraw Structures	catalog-windows-embedded-ce-60
ee490680(v=winembedded.60)	D3DMXMatrixRotationYFxd	catalog-windows-embedded-ce-60
ee490684(v=winembedded.60)	D3DMXMatrixTransposeFxd	catalog-windows-embedded-ce-60
ee490711(v=winembedded.60)	D3DMXMatrixRotationAxisFxd	catalog-windows-embedded-ce-60
ee490713(v=winembedded.60)	D3DMXVec4Add	catalog-windows-embedded-ce-60
ee490715(v=winembedded.60)	D3DMXVec3DotFxd	catalog-windows-embedded-ce-60
ee490726(v=winembedded.60)	D3DMXMatrixScaling	catalog-windows-embedded-ce-60
ee490729(v=winembedded.60)	D3DMXMATRIXFXD	catalog-windows-embedded-ce-60
ee490738(v=winembedded.60)	D3DMXMatrixTranspose	catalog-windows-embedded-ce-60
ee490768(v=winembedded.60)	FSDMGR_CachedRead	catalog-windows-embedded-ce-60
ee490807(v=winembedded.60)	D3DMXMatrixIdentity	catalog-windows-embedded-ce-60
ee490827(v=winembedded.60)	D3DMXMatrixPerspectiveOffCenterLH	catalog-windows-embedded-ce-60
ee490829(v=winembedded.60)	D3DMXMatrixRotationXFxd	catalog-windows-embedded-ce-60
ee490834(v=winembedded.60)	D3DMXVec3LengthSq	catalog-windows-embedded-ce-60
ee490841(v=winembedded.60)	MONITORINFOEX	catalog-windows-embedded-ce-60
ee490851(v=winembedded.60)	D3DMXVec3Cross	catalog-windows-embedded-ce-60
ee490854(v=winembedded.60)	D3DMXLoadSurfaceFromSurface	catalog-windows-embedded-ce-60
ee490855(v=winembedded.60)	Blitting	catalog-windows-embedded-ce-60
ee490860(v=winembedded.60)	D3DMXToFloat	catalog-windows-embedded-ce-60
ee490862(v=winembedded.60)	D3DMXVec3TransformFxd	catalog-windows-embedded-ce-60
ee490864(v=winembedded.60)	D3DMXVec3NormalizeFxd	catalog-windows-embedded-ce-60
ee490866(v=winembedded.60)	D3DMXVec4TransformFxd	catalog-windows-embedded-ce-60
ee490873(v=winembedded.60)	D3DMXMatrixRotationYawPitchRollFxd	catalog-windows-embedded-ce-60
ee491029(v=winembedded.60)	D3DMXMatrixInverseFxd	catalog-windows-embedded-ce-60
ee491035(v=winembedded.60)	D3DMXVec3AddFxd	catalog-windows-embedded-ce-60
ee491067(v=winembedded.60)	D3DMXVec3ScaleFxd	catalog-windows-embedded-ce-60
ee491077(v=winembedded.60)	D3DMXVec3SubtractFxd	catalog-windows-embedded-ce-60
ee491083(v=winembedded.60)	D3DMXVec4Cross	catalog-windows-embedded-ce-60
ee491086(v=winembedded.60)	D3DMX_ Values	catalog-windows-embedded-ce-60
ee491093(v=winembedded.60)	D3DMXMatrixOrthoOffCenterLHFxd	catalog-windows-embedded-ce-60
ee491097(v=winembedded.60)	D3DMXToFixed	catalog-windows-embedded-ce-60
ee491105(v=winembedded.60)	D3DMXToDegreeFxd	catalog-windows-embedded-ce-60
ee491234(v=winembedded.60)	D3DMXMatrixRotationY	catalog-windows-embedded-ce-60
ee491266(v=winembedded.60)	D3DMXMatrixOrthoOffCenterLH	catalog-windows-embedded-ce-60
ee491275(v=winembedded.60)	D3DMXCreateTexture	catalog-windows-embedded-ce-60
ee491286(v=winembedded.60)	D3DMXToRadianFxd	catalog-windows-embedded-ce-60
ee491287(v=winembedded.60)	D3DMXVec4Subtract	catalog-windows-embedded-ce-60
ee491290(v=winembedded.60)	D3DMXMatrixRotationAxis	catalog-windows-embedded-ce-60
ee491302(v=winembedded.60)	DDARGB	catalog-windows-embedded-ce-60
ee491305(v=winembedded.60)	D3DMXVECTOR4FXD	catalog-windows-embedded-ce-60
ee491308(v=winembedded.60)	D3DMXINLINE	catalog-windows-embedded-ce-60
ee491315(v=winembedded.60)	DDGAMMARAMP	catalog-windows-embedded-ce-60
ee491434(v=winembedded.60)	D3DMXMatrixScalingFxd	catalog-windows-embedded-ce-60
ee491442(v=winembedded.60)	D3DMXToRadian	catalog-windows-embedded-ce-60
ee491443(v=winembedded.60)	D3DMXMatrixfDeterminantFxd	catalog-windows-embedded-ce-60
ee491446(v=winembedded.60)	D3DMXMATRIX	catalog-windows-embedded-ce-60
ee491467(v=winembedded.60)	D3DMXVec4Length	catalog-windows-embedded-ce-60
ee491470(v=winembedded.60)	Migrating DirectDraw Interfaces and Functions	catalog-windows-embedded-ce-60
ee491471(v=winembedded.60)	D3DMXVec3Transform	catalog-windows-embedded-ce-60
ee491483(v=winembedded.60)	D3DMXVec4SubtractFxd	catalog-windows-embedded-ce-60
ee491511(v=winembedded.60)	D3DMXMatrixMultiplyFxd	catalog-windows-embedded-ce-60
ee491516(v=winembedded.60)	D3DMXMulFxd	catalog-windows-embedded-ce-60
ee491519(v=winembedded.60)	D3DMXLoadSurfaceFromResource	catalog-windows-embedded-ce-60
ee491591(v=winembedded.60)	D3DMXToDegree	catalog-windows-embedded-ce-60
ee491593(v=winembedded.60)	D3DMXMatrixRotationZFxd	catalog-windows-embedded-ce-60
ee491600(v=winembedded.60)	D3DMXMatrixTranslation	catalog-windows-embedded-ce-60
ee491621(v=winembedded.60)	D3DMXMatrixPerspectiveFovLH	catalog-windows-embedded-ce-60
ee491628(v=winembedded.60)	D3DMXMatrixLookAtLHFxd	catalog-windows-embedded-ce-60
ee491634(v=winembedded.60)	D3DMXVec3Subtract	catalog-windows-embedded-ce-60
ee491650(v=winembedded.60)	D3DMXMatrixIdentityFxd	catalog-windows-embedded-ce-60
ee491659(v=winembedded.60)	D3DMXVECTOR3FXD	catalog-windows-embedded-ce-60
ee491676(v=winembedded.60)	D3DMXMatrixLookAtLH	catalog-windows-embedded-ce-60
ee491699(v=winembedded.60)	COMPOSITIONSTRING	catalog-windows-embedded-ce-60
ee491852(v=winembedded.60)	IDM_REDO	catalog-windows-embedded-ce-60
ee491853(v=winembedded.60)	CoInternetCreateSecurityManager	catalog-windows-embedded-ce-60
ee491860(v=winembedded.60)	Subscript	catalog-windows-embedded-ce-60
ee492021(v=winembedded.60)	PlayImage	catalog-windows-embedded-ce-60
ee492064(v=winembedded.60)	IDM_SUBSCRIPT	catalog-windows-embedded-ce-60
ee492087(v=winembedded.60)	IDM_BLOCKDIRRTL	catalog-windows-embedded-ce-60
ee492160(v=winembedded.60)	IDM_DYNSRCPLAY	catalog-windows-embedded-ce-60
ee492176(v=winembedded.60)	StopImage	catalog-windows-embedded-ce-60
ee492181(v=winembedded.60)	PrivacySetZonePreferenceW	catalog-windows-embedded-ce-60
ee492185(v=winembedded.60)	Undo	catalog-windows-embedded-ce-60
ee492337(v=winembedded.60)	EDVDNavException	catalog-windows-embedded-ce-60
ee492376(v=winembedded.60)	Redo	catalog-windows-embedded-ce-60
ee492417(v=winembedded.60)	CoInternetCreateZoneManager	catalog-windows-embedded-ce-60
ee492439(v=winembedded.60)	BlockDirLTR	catalog-windows-embedded-ce-60
ee492553(v=winembedded.60)	ISmartTee Interface	catalog-windows-embedded-ce-60
ee492595(v=winembedded.60)	StrikeThrough	catalog-windows-embedded-ce-60
ee492602(v=winembedded.60)	InternetClearAllPerSiteCookieDecisions	catalog-windows-embedded-ce-60
ee492637(v=winembedded.60)	IDM_STRIKETHROUGH	catalog-windows-embedded-ce-60
ee492645(v=winembedded.60)	BlockDirRTL	catalog-windows-embedded-ce-60
ee492739(v=winembedded.60)	EC_PLAY_NEXT	catalog-windows-embedded-ce-60
ee492807(v=winembedded.60)	PrivacyGetZonePreferenceW	catalog-windows-embedded-ce-60
ee492871(v=winembedded.60)	Superscript	catalog-windows-embedded-ce-60
ee492884(v=winembedded.60)	IDM_UNDO	catalog-windows-embedded-ce-60
ee492895(v=winembedded.60)	IDM_SUPERSCRIPT	catalog-windows-embedded-ce-60
ee492899(v=winembedded.60)	IDM_BLOCKDIRLTR	catalog-windows-embedded-ce-60
ee492903(v=winembedded.60)	IDM_DYNSRCSTOP	catalog-windows-embedded-ce-60
ee492924(v=winembedded.60)	Domains	catalog-windows-embedded-ce-60
ee492940(v=winembedded.60)	AM_FILESINK_FLAGS	catalog-windows-embedded-ce-60
ee492946(v=winembedded.60)	Clocks	catalog-windows-embedded-ce-60
ee493196(v=winembedded.60)	CompressionCaps	catalog-windows-embedded-ce-60
ee493197(v=winembedded.60)	DVD_NAV_CMD	catalog-windows-embedded-ce-60
ee493253(v=winembedded.60)	RasEapGetInfo	catalog-windows-embedded-ce-60
ee493364(v=winembedded.60)	EC_CAP_SAMPLE_PROCESSED	catalog-windows-embedded-ce-60
ee493373(v=winembedded.60)	EC_BUFFER_FULL	catalog-windows-embedded-ce-60
ee493533(v=winembedded.60)	EDVDSParamEvent	catalog-windows-embedded-ce-60
ee493608(v=winembedded.60)	EC_PLAY_PREVIOUS	catalog-windows-embedded-ce-60
ee493724(v=winembedded.60)	ENavCmdArea	catalog-windows-embedded-ce-60
ee493758(v=winembedded.60)	Access Additional Interfaces	catalog-windows-embedded-ce-60
ee493807(v=winembedded.60)	Override the CheckInputType Member Function	catalog-windows-embedded-ce-60
ee493844(v=winembedded.60)	RasEapInvokeConfigUI	catalog-windows-embedded-ce-60
ee493934(v=winembedded.60)	DVD_TEXT_LANGUAGE_UNIT	catalog-windows-embedded-ce-60
ee493948(v=winembedded.60)	Pins	catalog-windows-embedded-ce-60
ee494007(v=winembedded.60)	DVD_SUBPICTURE_STREAM_ATTR	catalog-windows-embedded-ce-60
ee494027(v=winembedded.60)	RasEapMakeMessage	catalog-windows-embedded-ce-60
ee494147(v=winembedded.60)	CameraControlProperty	catalog-windows-embedded-ce-60
ee494167(v=winembedded.60)	Callbacks	catalog-windows-embedded-ce-60
ee494286(v=winembedded.60)	RasEapInvokeInteractiveUI	catalog-windows-embedded-ce-60
ee494302(v=winembedded.60)	RasEapFreeMemory	catalog-windows-embedded-ce-60
ee494408(v=winembedded.60)	Override the GetMediaType Member Function	catalog-windows-embedded-ce-60
ee494434(v=winembedded.60)	IPPROTO_RAW	catalog-windows-embedded-ce-60
ee494566(v=winembedded.60)	CameraControlFlags	catalog-windows-embedded-ce-60
ee494595(v=winembedded.60)	DVD_ISRC	catalog-windows-embedded-ce-60
ee494601(v=winembedded.60)	DVD_TITLE_SET_INFO	catalog-windows-embedded-ce-60
ee494633(v=winembedded.60)	Override the Transform Member Function	catalog-windows-embedded-ce-60
ee494717(v=winembedded.60)	RasEapEnd	catalog-windows-embedded-ce-60
ee494724(v=winembedded.60)	RasEapBegin	catalog-windows-embedded-ce-60
ee494725(v=winembedded.60)	RasEapInitialize	catalog-windows-embedded-ce-60
ee494784(v=winembedded.60)	DVD_RECT	catalog-windows-embedded-ce-60
ee494810(v=winembedded.60)	AMExtendedSeekingCapabilities	catalog-windows-embedded-ce-60
ee494854(v=winembedded.60)	_DSCP_TRAFFIC_TYPE	catalog-windows-embedded-ce-60
ee494944(v=winembedded.60)	EDVDDomainType	catalog-windows-embedded-ce-60
ee494963(v=winembedded.60)	Override Pin Member Functions	catalog-windows-embedded-ce-60
ee494968(v=winembedded.60)	Override the CheckTransform Member Function	catalog-windows-embedded-ce-60
ee495166(v=winembedded.60)	RasEapGetIdentity	catalog-windows-embedded-ce-60
ee495176(v=winembedded.60)	UNICODE_PATH	catalog-windows-embedded-ce-60
ee495208(v=winembedded.60)	DVD_CELL_PIECE	catalog-windows-embedded-ce-60
ee495236(v=winembedded.60)	EC_CAP_FILE_COMPLETED	catalog-windows-embedded-ce-60
ee495355(v=winembedded.60)	BthNotifyEvent	catalog-windows-embedded-ce-60
ee495449(v=winembedded.60)	WODM_OPEN_CLOSE_A2DP	catalog-windows-embedded-ce-60
ee495452(v=winembedded.60)	BthReadRSSI	catalog-windows-embedded-ce-60
ee495472(v=winembedded.60)	Override the Transform Function	catalog-windows-embedded-ce-60
ee495508(v=winembedded.60)	IEnumDVD_CELL_PIECE	catalog-windows-embedded-ce-60
ee495572(v=winembedded.60)	StopBluetoothNotifications	catalog-windows-embedded-ce-60
ee495604(v=winembedded.60)	DVD_PROVIDER_ID	catalog-windows-embedded-ce-60
ee495608(v=winembedded.60)	BthSwitchRole	catalog-windows-embedded-ce-60
ee495609(v=winembedded.60)	BTH_RADIO_MODE	catalog-windows-embedded-ce-60
ee495610(v=winembedded.60)	BT_ROLE_SWITCH_EVENT	catalog-windows-embedded-ce-60
ee495612(v=winembedded.60)	RequestBluetoothNotifications	catalog-windows-embedded-ce-60
ee495631(v=winembedded.60)	BthGetMode	catalog-windows-embedded-ce-60
ee495660(v=winembedded.60)	BT_AVDTP_STATE_CHANGE	catalog-windows-embedded-ce-60
ee495692(v=winembedded.60)	DVD_AUDIO_MU_ATTR	catalog-windows-embedded-ce-60
ee495720(v=winembedded.60)	Using the IVideoWindow Interface	catalog-windows-embedded-ce-60
ee495780(v=winembedded.60)	BT_LINK_KEY_EVENT	catalog-windows-embedded-ce-60
ee495813(v=winembedded.60)	IOCTL_AG_SET_USE_HF_AUDIO	catalog-windows-embedded-ce-60
ee495829(v=winembedded.60)	BthGetRole	catalog-windows-embedded-ce-60
ee495834(v=winembedded.60)	BthSetMode	catalog-windows-embedded-ce-60
ee495839(v=winembedded.60)	BT_DISCONNECT_EVENT	catalog-windows-embedded-ce-60
ee495854(v=winembedded.60)	BthActivatePAN	catalog-windows-embedded-ce-60
ee495860(v=winembedded.60)	BthAGNetworkDropSwapCall	catalog-windows-embedded-ce-60
ee495863(v=winembedded.60)	BT_SERVICE_REQUEST	catalog-windows-embedded-ce-60
ee495879(v=winembedded.60)	BthSetCODInquiryFilter	catalog-windows-embedded-ce-60
ee495892(v=winembedded.60)	EPGCLinkType	catalog-windows-embedded-ce-60
ee495911(v=winembedded.60)	BT_MODE_CHANGE_EVENT	catalog-windows-embedded-ce-60
ee495914(v=winembedded.60)	IEnumDVD_TEXT_LANGUAGE_UNIT	catalog-windows-embedded-ce-60
ee495956(v=winembedded.60)	DVD_CELL_PLAYBACK	catalog-windows-embedded-ce-60
ee495980(v=winembedded.60)	DVD_POS_CODE	catalog-windows-embedded-ce-60
ee495996(v=winembedded.60)	BT_CONNECT_EVENT	catalog-windows-embedded-ce-60
ee495997(v=winembedded.60)	AM_VIDEO_RENDERER_MODE	catalog-windows-embedded-ce-60
ee496010(v=winembedded.60)	BTEVENT	catalog-windows-embedded-ce-60
ee496080(v=winembedded.60)	VideoProcAmpFlags	catalog-windows-embedded-ce-60
ee496145(v=winembedded.60)	EDDVDPlaybackState	catalog-windows-embedded-ce-60
ee496156(v=winembedded.60)	Override the DecideBufferSize Member Function	catalog-windows-embedded-ce-60
ee496191(v=winembedded.60)	RASENTRY	catalog-windows-embedded-ce-60
ee496209(v=winembedded.60)	CENOTIFICATION	catalog-windows-embedded-ce-60
ee496215(v=winembedded.60)	CEGUID	catalog-windows-embedded-ce-60
ee496225(v=winembedded.60)	CEDBASEINFO	catalog-windows-embedded-ce-60
ee496235(v=winembedded.60)	CENOTIFYREQUEST	catalog-windows-embedded-ce-60
ee496261(v=winembedded.60)	EPGCPlaybackMode	catalog-windows-embedded-ce-60
ee496270(v=winembedded.60)	Filters	catalog-windows-embedded-ce-60
ee496279(v=winembedded.60)	Allocators	catalog-windows-embedded-ce-60
ee496315(v=winembedded.60)	DVD_AUDIO_STREAM_ATTR	catalog-windows-embedded-ce-60
ee496343(v=winembedded.60)	VideoControlFlags	catalog-windows-embedded-ce-60
ee496354(v=winembedded.60)	EC_CAP_FILE_WRITE_ERROR	catalog-windows-embedded-ce-60
ee496369(v=winembedded.60)	SORTORDERSPEC	catalog-windows-embedded-ce-60
ee496387(v=winembedded.60)	RAPISTREAMFLAG	catalog-windows-embedded-ce-60
ee496429(v=winembedded.60)	RASENTRYNAME	catalog-windows-embedded-ce-60
ee496442(v=winembedded.60)	RAPIDEVICEID	catalog-windows-embedded-ce-60
ee496512(v=winembedded.60)	DVD_TEXT_ITEM	catalog-windows-embedded-ce-60
ee496526(v=winembedded.60)	StructEncoderParameter	catalog-windows-embedded-ce-60
ee496581(v=winembedded.60)	RASDIALPARAMS	catalog-windows-embedded-ce-60
ee496597(v=winembedded.60)	CEVALUNION	catalog-windows-embedded-ce-60
ee496609(v=winembedded.60)	CEOIDINFO	catalog-windows-embedded-ce-60
ee496614(v=winembedded.60)	RAPI_DEVICEINFO	catalog-windows-embedded-ce-60
ee496682(v=winembedded.60)	DVDUserGOPData	catalog-windows-embedded-ce-60
ee496717(v=winembedded.60)	IEnumDVD_TEXT_ITEM	catalog-windows-embedded-ce-60
ee496731(v=winembedded.60)	_AM_FILTER_MISC_FLAGS	catalog-windows-embedded-ce-60
ee496746(v=winembedded.60)	VideoProcAmpProperty	catalog-windows-embedded-ce-60
ee496793(v=winembedded.60)	RAPI_DEVICESTATUS	catalog-windows-embedded-ce-60
ee496830(v=winembedded.60)	ConnMgrProviderMessage	catalog-windows-embedded-ce-60
ee496834(v=winembedded.60)	RILVGCSVBSCALLINFO	catalog-windows-embedded-ce-60
ee496840(v=winembedded.60)	CONNMGR_DESTINATION_INFO	catalog-windows-embedded-ce-60
ee496845(v=winembedded.60)	Audio Device Constants	catalog-windows-embedded-ce-60
ee496846(v=winembedded.60)	SimWritePhonebookEntryEx	catalog-windows-embedded-ce-60
ee496849(v=winembedded.60)	RIL_SetLockingStatus	catalog-windows-embedded-ce-60
ee496851(v=winembedded.60)	RIL_ReadMsg	catalog-windows-embedded-ce-60
ee496853(v=winembedded.60)	RILCALLFORWARDINGSETTINGS Parameter Constants	catalog-windows-embedded-ce-60
ee496856(v=winembedded.60)	lineSetPreferredOperator	catalog-windows-embedded-ce-60
ee496860(v=winembedded.60)	RILPHONEBOOKENTRY Parameter Constants	catalog-windows-embedded-ce-60
ee496864(v=winembedded.60)	CeSyncStop	catalog-windows-embedded-ce-60
ee496867(v=winembedded.60)	RIL_GetCallBarringStatus	catalog-windows-embedded-ce-60
ee496868(v=winembedded.60)	WAP_PRIMITIVE_TYPE	catalog-windows-embedded-ce-60
ee496869(v=winembedded.60)	SimReadRecord	catalog-windows-embedded-ce-60
ee496870(v=winembedded.60)	RILCLOSEDGROUPSETTINGS	catalog-windows-embedded-ce-60
ee496871(v=winembedded.60)	Caps Phonebook Constants	catalog-windows-embedded-ce-60
ee496872(v=winembedded.60)	RILCBMSGCONFIG Parameter Constants	catalog-windows-embedded-ce-60
ee496873(v=winembedded.60)	WapGetNextPrimitiveSize	catalog-windows-embedded-ce-60
ee496874(v=winembedded.60)	BROADCAST_PROVIDER_SPECIFIC_GEOGRAPHICAL_SCOPE	catalog-windows-embedded-ce-60
ee496875(v=winembedded.60)	RILSIMCMDPARAMETERS Parameter Constants	catalog-windows-embedded-ce-60
ee496876(v=winembedded.60)	WTP_INVOKE	catalog-windows-embedded-ce-60
ee496877(v=winembedded.60)	Call Barring Status Constants	catalog-windows-embedded-ce-60
ee496878(v=winembedded.60)	RIL_SetMOSMSService	catalog-windows-embedded-ce-60
ee496879(v=winembedded.60)	RIL_DeleteRequestedQualityOfService	catalog-windows-embedded-ce-60
ee496880(v=winembedded.60)	SimWritePhonebookEntry	catalog-windows-embedded-ce-60
ee496883(v=winembedded.60)	RIL_GetDevCaps	catalog-windows-embedded-ce-60
ee496884(v=winembedded.60)	RILBEARERSVCINFO Parameter Constants	catalog-windows-embedded-ce-60
ee496885(v=winembedded.60)	RILSUBADDRESS	catalog-windows-embedded-ce-60
ee496886(v=winembedded.60)	RIL_SetHideIdStatus	catalog-windows-embedded-ce-60
ee496887(v=winembedded.60)	RIL_TransferCall	catalog-windows-embedded-ce-60
ee496889(v=winembedded.60)	Caps Information Class Constants	catalog-windows-embedded-ce-60
ee496890(v=winembedded.60)	GPRS Header Compression Constants	catalog-windows-embedded-ce-60
ee496891(v=winembedded.60)	RILMESSAGE	catalog-windows-embedded-ce-60
ee496892(v=winembedded.60)	LINE_GPRSCLASS	catalog-windows-embedded-ce-60
ee496893(v=winembedded.60)	RIL_GetAllOperatorsList	catalog-windows-embedded-ce-60
ee496894(v=winembedded.60)	SIMTKITRSPITEM	catalog-windows-embedded-ce-60
ee496895(v=winembedded.60)	RIL_GetHSCSDOptions	catalog-windows-embedded-ce-60
ee496896(v=winembedded.60)	NCH Status Constant	catalog-windows-embedded-ce-60
ee496897(v=winembedded.60)	Special Phonebook Constants	catalog-windows-embedded-ce-60
ee496899(v=winembedded.60)	lineGetHSCSDState	catalog-windows-embedded-ce-60
ee496900(v=winembedded.60)	RILERRORCORRECTIONINFO Parameter Constants	catalog-windows-embedded-ce-60
ee496901(v=winembedded.60)	CONNMGR_CONNECTION_IPADDR	catalog-windows-embedded-ce-60
ee496902(v=winembedded.60)	RILHIDEIDSETTINGS Parameter Constants	catalog-windows-embedded-ce-60
ee496903(v=winembedded.60)	RIL_NDIS_ReceivePacketDone	catalog-windows-embedded-ce-60
ee496904(v=winembedded.60)	Notification VGC and VBC Constant	catalog-windows-embedded-ce-60
ee496905(v=winembedded.60)	LINE_USSD	catalog-windows-embedded-ce-60
ee496906(v=winembedded.60)	SmsGetMessageSize	catalog-windows-embedded-ce-60
ee496907(v=winembedded.60)	Forwarding Reason Constants	catalog-windows-embedded-ce-60
ee496908(v=winembedded.60)	SIMTKITRSPRECEIVEDATA	catalog-windows-embedded-ce-60
ee496909(v=winembedded.60)	RIL_GetPacketByteCount	catalog-windows-embedded-ce-60
ee496910(v=winembedded.60)	RIL_GetCallerIdSettings	catalog-windows-embedded-ce-60
ee496911(v=winembedded.60)	RIL_GetRequestedQualityOfServiceList	catalog-windows-embedded-ce-60
ee496912(v=winembedded.60)	SmsReadMessage	catalog-windows-embedded-ce-60
ee496913(v=winembedded.60)	RIL_SendAKey	catalog-windows-embedded-ce-60
ee496914(v=winembedded.60)	RILSIMTOOLKITEVENTCAPS	catalog-windows-embedded-ce-60
ee496915(v=winembedded.60)	RILSIMTOOLKITRSP	catalog-windows-embedded-ce-60
ee496916(v=winembedded.60)	RIL_SetSimToolkitProfile	catalog-windows-embedded-ce-60
ee496918(v=winembedded.60)	SCHEDULEDCONNECTIONINFO	catalog-windows-embedded-ce-60
ee496919(v=winembedded.60)	Call Management Constants	catalog-windows-embedded-ce-60
ee496921(v=winembedded.60)	GPRS Precedence Class Constants	catalog-windows-embedded-ce-60
ee496922(v=winembedded.60)	SimGetPhoneLockedState	catalog-windows-embedded-ce-60
ee496923(v=winembedded.60)	RILCALLHSCSDINFO Parameter Constants	catalog-windows-embedded-ce-60
ee496924(v=winembedded.60)	XXX_GetSize	catalog-windows-embedded-ce-60
ee496925(v=winembedded.60)	lineGetRegisterStatus	catalog-windows-embedded-ce-60
ee496926(v=winembedded.60)	RILMESSAGE_IN_SIM	catalog-windows-embedded-ce-60
ee496927(v=winembedded.60)	RILGAININFO	catalog-windows-embedded-ce-60
ee496928(v=winembedded.60)	SIMPHONEBOOKADDITIONALNUMBER	catalog-windows-embedded-ce-60
ee496929(v=winembedded.60)	RIL_GetLockingStatus	catalog-windows-embedded-ce-60
ee496930(v=winembedded.60)	RIL_GetCurrentOperator	catalog-windows-embedded-ce-60
ee496931(v=winembedded.60)	RILSIMRESPONSE	catalog-windows-embedded-ce-60
ee496932(v=winembedded.60)	RIL_SetMsgConfig	catalog-windows-embedded-ce-60
ee496933(v=winembedded.60)	RILNDISGPRSCONTEXT	catalog-windows-embedded-ce-60
ee496934(v=winembedded.60)	ConnMgrEnumDestinations	catalog-windows-embedded-ce-60
ee496935(v=winembedded.60)	RILSIMTOOLKITNOTIFYCAPS Parameter Constants	catalog-windows-embedded-ce-60
ee496936(v=winembedded.60)	RIL_LogEventToRadio	catalog-windows-embedded-ce-60
ee496937(v=winembedded.60)	RIL_GetRadioPresence	catalog-windows-embedded-ce-60
ee496938(v=winembedded.60)	LINEGENERALINFO	catalog-windows-embedded-ce-60
ee496939(v=winembedded.60)	HSCSD Special Constants	catalog-windows-embedded-ce-60
ee496941(v=winembedded.60)	RIL_DeleteGPRSContext	catalog-windows-embedded-ce-60
ee496943(v=winembedded.60)	Data Rate Constants	catalog-windows-embedded-ce-60
ee496944(v=winembedded.60)	RILRINGINFO	catalog-windows-embedded-ce-60
ee496945(v=winembedded.60)	RIL_GetCellTowerInfo	catalog-windows-embedded-ce-60
ee496946(v=winembedded.60)	lineGetUSSD	catalog-windows-embedded-ce-60
ee496948(v=winembedded.60)	RIL_TerminateSimToolkitSession	catalog-windows-embedded-ce-60
ee496949(v=winembedded.60)	RIL_SendMsg	catalog-windows-embedded-ce-60
ee496970(v=winembedded.60)	RASCONNSTATE	catalog-windows-embedded-ce-60
ee496978(v=winembedded.60)	RAPI_CONNECTIONINFO	catalog-windows-embedded-ce-60
ee497014(v=winembedded.60)	RILCAPSMSGMEMORYLOCATIONS	catalog-windows-embedded-ce-60
ee497016(v=winembedded.60)	Phonebook Storage Constants	catalog-windows-embedded-ce-60
ee497020(v=winembedded.60)	Notification Class Constants	catalog-windows-embedded-ce-60
ee497024(v=winembedded.60)	RILCAPSPBENTRYLENGTH	catalog-windows-embedded-ce-60
ee497025(v=winembedded.60)	RILMESSAGE CDMA Parameter Constants	catalog-windows-embedded-ce-60
ee497027(v=winembedded.60)	SIMUSSD	catalog-windows-embedded-ce-60
ee497029(v=winembedded.60)	lineSetSendCallerIDState	catalog-windows-embedded-ce-60
ee497030(v=winembedded.60)	CALLER_ID_OPTIONS	catalog-windows-embedded-ce-60
ee497033(v=winembedded.60)	RIL_SetEquipmentState	catalog-windows-embedded-ce-60
ee497035(v=winembedded.60)	CPI Status Constants	catalog-windows-embedded-ce-60
ee497038(v=winembedded.60)	SIMLAUNCHBROWSER	catalog-windows-embedded-ce-60
ee497040(v=winembedded.60)	Radio Presence States Constants	catalog-windows-embedded-ce-60
ee497043(v=winembedded.60)	RASIPADDR	catalog-windows-embedded-ce-60
ee497047(v=winembedded.60)	RIL_SendDTMF	catalog-windows-embedded-ce-60
ee497048(v=winembedded.60)	Message Service Constants	catalog-windows-embedded-ce-60
ee497050(v=winembedded.60)	RILRESULTCALLBACK	catalog-windows-embedded-ce-60
ee497051(v=winembedded.60)	RIL_Dial	catalog-windows-embedded-ce-60
ee497055(v=winembedded.60)	CELLBEARERINFO	catalog-windows-embedded-ce-60
ee497059(v=winembedded.60)	RIL_GetOperatorList	catalog-windows-embedded-ce-60
ee497060(v=winembedded.60)	SmsGetTime	catalog-windows-embedded-ce-60
ee497062(v=winembedded.60)	CUG Special Constants	catalog-windows-embedded-ce-60
ee497065(v=winembedded.60)	Supplementary Service Data Status Constants	catalog-windows-embedded-ce-60
ee497066(v=winembedded.60)	RILMSGSTORAGEINFO Parameter Constants	catalog-windows-embedded-ce-60
ee497071(v=winembedded.60)	RIL_SetHideConnectedIdStatus	catalog-windows-embedded-ce-60
ee497073(v=winembedded.60)	RILNDISSTATUS Parameter Constants	catalog-windows-embedded-ce-60
ee497074(v=winembedded.60)	RILAUDIODEVICEINFO Parameter Constants	catalog-windows-embedded-ce-60
ee497080(v=winembedded.60)	RIL_GetSerialPortHandle	catalog-windows-embedded-ce-60
ee497084(v=winembedded.60)	Message DCS Constants	catalog-windows-embedded-ce-60
ee497086(v=winembedded.60)	Bearer Service Constants	catalog-windows-embedded-ce-60
ee497087(v=winembedded.60)	Remote Party Constants	catalog-windows-embedded-ce-60
ee497090(v=winembedded.60)	SIMTKITRSPTEXT	catalog-windows-embedded-ce-60
ee497092(v=winembedded.60)	RILGPRSQOSPROFILE Parameter Constants	catalog-windows-embedded-ce-60
ee497093(v=winembedded.60)	WAP_PRIMITIVE_BASE	catalog-windows-embedded-ce-60
ee497094(v=winembedded.60)	RIL_ManageCalls	catalog-windows-embedded-ce-60
ee497095(v=winembedded.60)	RIL_GetHideConnectedIdSettings	catalog-windows-embedded-ce-60
ee497096(v=winembedded.60)	RIL_SetCurrentAddressId	catalog-windows-embedded-ce-60
ee497097(v=winembedded.60)	Notification Messaging Constants	catalog-windows-embedded-ce-60
ee497098(v=winembedded.60)	Signal Strength Constants	catalog-windows-embedded-ce-60
ee497099(v=winembedded.60)	RIL_GetSystemTime	catalog-windows-embedded-ce-60
ee497100(v=winembedded.60)	RIL_SendSimCmd	catalog-windows-embedded-ce-60
ee497101(v=winembedded.60)	WCMP_PROVIDER_SPECIFIC_DATA	catalog-windows-embedded-ce-60
ee497102(v=winembedded.60)	RIL_GetPhonebookOptions	catalog-windows-embedded-ce-60
ee497103(v=winembedded.60)	SIMLOCKINGPWDLENGTH	catalog-windows-embedded-ce-60
ee497104(v=winembedded.60)	Uplink Access Status Constant	catalog-windows-embedded-ce-60
ee497105(v=winembedded.60)	RIL_NDIS_SetGPRSContextActivated	catalog-windows-embedded-ce-60
ee497106(v=winembedded.60)	ConnMgrQueryDetailedStatus	catalog-windows-embedded-ce-60
ee497107(v=winembedded.60)	RIL_GetMsgConfig	catalog-windows-embedded-ce-60
ee497108(v=winembedded.60)	Auto Answer Constant	catalog-windows-embedded-ce-60
ee497109(v=winembedded.60)	Connection Manager Control Flag Constants	catalog-windows-embedded-ce-60
ee497110(v=winembedded.60)	SMS_STATUS_INFORMATION	catalog-windows-embedded-ce-60
ee497112(v=winembedded.60)	RILNCHINDICATION	catalog-windows-embedded-ce-60
ee497114(v=winembedded.60)	SIMSENDDATA	catalog-windows-embedded-ce-60
ee497115(v=winembedded.60)	Bit Error Rate Constants	catalog-windows-embedded-ce-60
ee497116(v=winembedded.60)	Operator Name Constants	catalog-windows-embedded-ce-60
ee497117(v=winembedded.60)	WAP Constants	catalog-windows-embedded-ce-60
ee497118(v=winembedded.60)	RIL_DisableNotifications	catalog-windows-embedded-ce-60
ee497119(v=winembedded.60)	RILEQUIPMENTINFO Parameter Constants	catalog-windows-embedded-ce-60
ee497120(v=winembedded.60)	SimChangeLockingPassword	catalog-windows-embedded-ce-60
ee497122(v=winembedded.60)	RILBYTECOUNTER	catalog-windows-embedded-ce-60
ee497123(v=winembedded.60)	RILCELLTOWERINFO	catalog-windows-embedded-ce-60
ee497124(v=winembedded.60)	lineGetCurrentSystemType	catalog-windows-embedded-ce-60
ee497125(v=winembedded.60)	ITC Constants	catalog-windows-embedded-ce-60
ee497126(v=winembedded.60)	Connection Manager Connection Options Constants	catalog-windows-embedded-ce-60
ee497127(v=winembedded.60)	Message Storage Constants	catalog-windows-embedded-ce-60
ee497128(v=winembedded.60)	RILSUBSCRIBERINFO Parameter Constants	catalog-windows-embedded-ce-60
ee497129(v=winembedded.60)	Network Settings Constant	catalog-windows-embedded-ce-60
ee497130(v=winembedded.60)	SIM Manager Error Constants	catalog-windows-embedded-ce-60
ee497131(v=winembedded.60)	SMS_BROADCAST_RANGES	catalog-windows-embedded-ce-60
ee497132(v=winembedded.60)	RIL_SetGPRSClass	catalog-windows-embedded-ce-60
ee497133(v=winembedded.60)	RILNDISIPCONFIG	catalog-windows-embedded-ce-60
ee497134(v=winembedded.60)	RIL_GetMsgServiceOptions	catalog-windows-embedded-ce-60
ee497136(v=winembedded.60)	Caps HSCSD Traffic Channel Constants	catalog-windows-embedded-ce-60
ee497137(v=winembedded.60)	Line Registration Constants	catalog-windows-embedded-ce-60
ee497138(v=winembedded.60)	Caps Call Barring Constants	catalog-windows-embedded-ce-60
ee497139(v=winembedded.60)	RIL_SetCallWaitingStatus	catalog-windows-embedded-ce-60
ee497140(v=winembedded.60)	RILCOSTINFO	catalog-windows-embedded-ce-60
ee497141(v=winembedded.60)	Caps Dialing Option Constants	catalog-windows-embedded-ce-60
ee497143(v=winembedded.60)	Notification Call Control Constants	catalog-windows-embedded-ce-60
ee497144(v=winembedded.60)	SimReadMessage	catalog-windows-embedded-ce-60
ee497145(v=winembedded.60)	RIL_SetPhonebookOptions	catalog-windows-embedded-ce-60
ee497146(v=winembedded.60)	RILNDISSTATUS	catalog-windows-embedded-ce-60
ee497147(v=winembedded.60)	RILENTERGPRSDATAMODE	catalog-windows-embedded-ce-60
ee497149(v=winembedded.60)	RIL_CancelSupServiceDataSession	catalog-windows-embedded-ce-60
ee497150(v=winembedded.60)	WDP_UNITDATA	catalog-windows-embedded-ce-60
ee497151(v=winembedded.60)	RIL_GetDataCompression	catalog-windows-embedded-ce-60
ee497168(v=winembedded.60)	Connection Manager Proxy Flag Constants	catalog-windows-embedded-ce-60
ee497171(v=winembedded.60)	lineGetGPRSClass	catalog-windows-embedded-ce-60
ee497173(v=winembedded.60)	RIL_SetMinimumQualityOfService	catalog-windows-embedded-ce-60
ee497175(v=winembedded.60)	RILRANGE	catalog-windows-embedded-ce-60
ee497177(v=winembedded.60)	LINECALLPARAMSDEVSPECIFIC	catalog-windows-embedded-ce-60
ee497180(v=winembedded.60)	lineGetCurrentOperator	catalog-windows-embedded-ce-60
ee497181(v=winembedded.60)	Data Compression Constants	catalog-windows-embedded-ce-60
ee497183(v=winembedded.60)	OEMNDISEVENTTYPE	catalog-windows-embedded-ce-60
ee497188(v=winembedded.60)	RIL_GetDialedIdSettings	catalog-windows-embedded-ce-60
ee497189(v=winembedded.60)	Call Multiparty Constants	catalog-windows-embedded-ce-60
ee497194(v=winembedded.60)	GPRS Reliability Class Constants	catalog-windows-embedded-ce-60
ee497197(v=winembedded.60)	Supplemental Activation Constants	catalog-windows-embedded-ce-60
ee497200(v=winembedded.60)	RILDIALEDIDSETTINGS	catalog-windows-embedded-ce-60
ee497202(v=winembedded.60)	WTP_RESULT	catalog-windows-embedded-ce-60
ee497211(v=winembedded.60)	Traffic Class Constant	catalog-windows-embedded-ce-60
ee497213(v=winembedded.60)	RILNDISPACKET	catalog-windows-embedded-ce-60
ee497215(v=winembedded.60)	Connection Manager Status Constants	catalog-windows-embedded-ce-60
ee497217(v=winembedded.60)	RIL_GetRoamingMode	catalog-windows-embedded-ce-60
ee497219(v=winembedded.60)	RILEQUIPMENTINFO	catalog-windows-embedded-ce-60
ee497220(v=winembedded.60)	Operator Special Constants	catalog-windows-embedded-ce-60
ee497225(v=winembedded.60)	CELLDATACOMPINFO	catalog-windows-embedded-ce-60
ee497226(v=winembedded.60)	Connection Manager Parameter Constants	catalog-windows-embedded-ce-60
ee497228(v=winembedded.60)	RILNDISSTATUSCALLBACK	catalog-windows-embedded-ce-60
ee497229(v=winembedded.60)	Call Type Constants	catalog-windows-embedded-ce-60
ee497230(v=winembedded.60)	RILCAPSRLP	catalog-windows-embedded-ce-60
ee497231(v=winembedded.60)	RIL_GetPhoneLockedState	catalog-windows-embedded-ce-60
ee497236(v=winembedded.60)	RILTRAFFICFLOWTEMPLATE	catalog-windows-embedded-ce-60
ee497238(v=winembedded.60)	RIL_SetPreferredPrivacyMode	catalog-windows-embedded-ce-60
ee497240(v=winembedded.60)	Message Class Constants	catalog-windows-embedded-ce-60
ee497242(v=winembedded.60)	RILCALLHSCSDINFO	catalog-windows-embedded-ce-60
ee497245(v=winembedded.60)	lineGetHSCSDCaps	catalog-windows-embedded-ce-60
ee497249(v=winembedded.60)	lineGetCurrentHSCSDStatus	catalog-windows-embedded-ce-60
ee497250(v=winembedded.60)	SMS_ADDRESS_TYPE	catalog-windows-embedded-ce-60
ee497251(v=winembedded.60)	SIMMENU	catalog-windows-embedded-ce-60
ee497253(v=winembedded.60)	ConnMgrSetConnectionPriority	catalog-windows-embedded-ce-60
ee497255(v=winembedded.60)	API Result Constants	catalog-windows-embedded-ce-60
ee497258(v=winembedded.60)	CeSyncStart	catalog-windows-embedded-ce-60
ee497259(v=winembedded.60)	RIL_SetClosedGroupSettings	catalog-windows-embedded-ce-60
ee497261(v=winembedded.60)	SimGetPhonebookStatus	catalog-windows-embedded-ce-60
ee497263(v=winembedded.60)	RIL_GetAudioDevices	catalog-windows-embedded-ce-60
ee497267(v=winembedded.60)	RIL_GetSimToolkitProfile	catalog-windows-embedded-ce-60
ee497268(v=winembedded.60)	RILSIGNALQUALITY Parameter Constants	catalog-windows-embedded-ce-60
ee497272(v=winembedded.60)	RILGPRSPROTOCOLCAPS	catalog-windows-embedded-ce-60
ee497274(v=winembedded.60)	RIL_GetCallWaitingSettings	catalog-windows-embedded-ce-60
ee497276(v=winembedded.60)	WAP_LAYER	catalog-windows-embedded-ce-60
ee497278(v=winembedded.60)	SIMEVENTLIST	catalog-windows-embedded-ce-60
ee497280(v=winembedded.60)	tapiRequestMakeCall	catalog-windows-embedded-ce-60
ee497282(v=winembedded.60)	RILHSCSDINFO Parameter Constants	catalog-windows-embedded-ce-60
ee497285(v=winembedded.60)	RILEQUIPMENTSTATE Parameter Constants	catalog-windows-embedded-ce-60
ee497287(v=winembedded.60)	RILADDRESS	catalog-windows-embedded-ce-60
ee497291(v=winembedded.60)	RIL_SetRoamingMode	catalog-windows-embedded-ce-60
ee497293(v=winembedded.60)	RIL_GetBearerServiceOptions	catalog-windows-embedded-ce-60
ee497295(v=winembedded.60)	ConnMgrApiReadyEvent	catalog-windows-embedded-ce-60
ee497297(v=winembedded.60)	RIL_GetGPRSAddress	catalog-windows-embedded-ce-60
ee497299(v=winembedded.60)	ConnMgrRegisterForStatusChangeNotification	catalog-windows-embedded-ce-60
ee497300(v=winembedded.60)	Caps Phone Lock Constants	catalog-windows-embedded-ce-60
ee497301(v=winembedded.60)	RAS_STATS	catalog-windows-embedded-ce-60
ee497305(v=winembedded.60)	RILMSGCONFIG	catalog-windows-embedded-ce-60
ee497307(v=winembedded.60)	lineGetCallBarringState	catalog-windows-embedded-ce-60
ee497308(v=winembedded.60)	RILBEARERSVCINFO	catalog-windows-embedded-ce-60
ee497310(v=winembedded.60)	Message Priority Class Constants	catalog-windows-embedded-ce-60
ee497312(v=winembedded.60)	RIL_GetSimRecordStatus	catalog-windows-embedded-ce-60
ee497314(v=winembedded.60)	GPRS Mean Throughput Class Constants	catalog-windows-embedded-ce-60
ee497317(v=winembedded.60)	RIL_SetAudioGain	catalog-windows-embedded-ce-60
ee497319(v=winembedded.60)	RIL3GQOSPROFILE	catalog-windows-embedded-ce-60
ee497323(v=winembedded.60)	LINE_RADIOPRESENCE	catalog-windows-embedded-ce-60
ee497328(v=winembedded.60)	WapSend	catalog-windows-embedded-ce-60
ee497332(v=winembedded.60)	RIL_WriteMsg	catalog-windows-embedded-ce-60
ee497336(v=winembedded.60)	lineSetMuteState	catalog-windows-embedded-ce-60
ee497337(v=winembedded.60)	RILSUPSERVICEDATA	catalog-windows-embedded-ce-60
ee497339(v=winembedded.60)	SmsClearMessageNotification	catalog-windows-embedded-ce-60
ee497341(v=winembedded.60)	RIL_SendFlash	catalog-windows-embedded-ce-60
ee497346(v=winembedded.60)	RILSUPSERVICEDATA Parameter Constants	catalog-windows-embedded-ce-60
ee497347(v=winembedded.60)	WTP_ABORT	catalog-windows-embedded-ce-60
ee497348(v=winembedded.60)	IOCTL_RIL_NOTIFICATIONS	catalog-windows-embedded-ce-60
ee497349(v=winembedded.60)	ConnMgrConnectionStatus	catalog-windows-embedded-ce-60
ee497350(v=winembedded.60)	lineGetSendCallerIDState	catalog-windows-embedded-ce-60
ee497351(v=winembedded.60)	RIL_ClearCCBSRegistration	catalog-windows-embedded-ce-60
ee497352(v=winembedded.60)	PROVIDER_SPECIFIC_REPLACE_OPTION	catalog-windows-embedded-ce-60
ee497353(v=winembedded.60)	RIL_GetClosedGroupSettings	catalog-windows-embedded-ce-60
ee497354(v=winembedded.60)	RIL_SetRLPOptions	catalog-windows-embedded-ce-60
ee497355(v=winembedded.60)	RIL_GetDriverVersion	catalog-windows-embedded-ce-60
ee497358(v=winembedded.60)	RILCALLWAITINGINFO Parameter Constants	catalog-windows-embedded-ce-60
ee497359(v=winembedded.60)	Dialing Option Constants	catalog-windows-embedded-ce-60
ee497361(v=winembedded.60)	SIMPBECHANGE	catalog-windows-embedded-ce-60
ee497362(v=winembedded.60)	RILHIDECONNECTEDIDSETTINGS Parameter Constants	catalog-windows-embedded-ce-60
ee497363(v=winembedded.60)	SIMCALLBACK	catalog-windows-embedded-ce-60
ee497365(v=winembedded.60)	Caps SIM Toolkit Constants	catalog-windows-embedded-ce-60
ee497367(v=winembedded.60)	SmsGetSMSC	catalog-windows-embedded-ce-60
ee497369(v=winembedded.60)	SIMRUNATCMD	catalog-windows-embedded-ce-60
ee497370(v=winembedded.60)	RIL_SendSimToolkitEventDownload	catalog-windows-embedded-ce-60
ee497371(v=winembedded.60)	RIL_Answer	catalog-windows-embedded-ce-60
ee497372(v=winembedded.60)	WAP_ADDRESS_TYPE	catalog-windows-embedded-ce-60
ee497373(v=winembedded.60)	RIL_GetEquipmentState	catalog-windows-embedded-ce-60
ee497374(v=winembedded.60)	WAP_ADDRESS	catalog-windows-embedded-ce-60
ee497376(v=winembedded.60)	Message Protocol Constants	catalog-windows-embedded-ce-60
ee497377(v=winembedded.60)	SmsSetMessageNotification	catalog-windows-embedded-ce-60
ee497382(v=winembedded.60)	RILNDISRECEIVECALLBACK	catalog-windows-embedded-ce-60
ee497384(v=winembedded.60)	SimWriteRecord	catalog-windows-embedded-ce-60
ee497385(v=winembedded.60)	RIL_FetchSimToolkitCmd	catalog-windows-embedded-ce-60
ee497387(v=winembedded.60)	RILCAPSHSCSD	catalog-windows-embedded-ce-60
ee497390(v=winembedded.60)	XXX_Read	catalog-windows-embedded-ce-60
ee497391(v=winembedded.60)	Connection Manager Priority Constants	catalog-windows-embedded-ce-60
ee497393(v=winembedded.60)	RILSIMTOOLKITNOTIFYCAPS	catalog-windows-embedded-ce-60
ee497394(v=winembedded.60)	SimGetDevCaps	catalog-windows-embedded-ce-60
ee497399(v=winembedded.60)	lineRegister	catalog-windows-embedded-ce-60
ee497400(v=winembedded.60)	RILMSGSTORAGEINFO	catalog-windows-embedded-ce-60
ee497402(v=winembedded.60)	RILCAPSDATACOMPRESSION Parameter Constants	catalog-windows-embedded-ce-60
ee497408(v=winembedded.60)	SimDeletePhonebookEntry	catalog-windows-embedded-ce-60
ee497409(v=winembedded.60)	RIL_UnlockPhone	catalog-windows-embedded-ce-60
ee497411(v=winembedded.60)	RASCONNSTATUS	catalog-windows-embedded-ce-60
ee497412(v=winembedded.60)	RIL_GetGPRSRegistrationStatus	catalog-windows-embedded-ce-60
ee497413(v=winembedded.60)	Security Modules Constant	catalog-windows-embedded-ce-60
ee497415(v=winembedded.60)	RILCAPSERRORCORRECTION Parameter Constants	catalog-windows-embedded-ce-60
ee497419(v=winembedded.60)	Line Status Constants	catalog-windows-embedded-ce-60
ee497421(v=winembedded.60)	Connection Manager Connection Subtype Constants	catalog-windows-embedded-ce-60
ee497422(v=winembedded.60)	Message DCS Alphabets Constants	catalog-windows-embedded-ce-60
ee497425(v=winembedded.60)	RILATRINFO	catalog-windows-embedded-ce-60
ee497426(v=winembedded.60)	RASDEVINFO	catalog-windows-embedded-ce-60
ee497428(v=winembedded.60)	RILDIALINFO Parameter Constants	catalog-windows-embedded-ce-60
ee497430(v=winembedded.60)	RILMESSAGE GSM Parameter Constants	catalog-windows-embedded-ce-60
ee497432(v=winembedded.60)	RIL_GetCurrentAddressId	catalog-windows-embedded-ce-60
ee497435(v=winembedded.60)	RIL_SetHSCSDOptions	catalog-windows-embedded-ce-60
ee497439(v=winembedded.60)	lineSetEquipmentState	catalog-windows-embedded-ce-60
ee497441(v=winembedded.60)	SMS_RANGE	catalog-windows-embedded-ce-60
ee497443(v=winembedded.60)	Caps HSCSD Air Interface Constants	catalog-windows-embedded-ce-60
ee497445(v=winembedded.60)	SMS_DATA_ENCODING	catalog-windows-embedded-ce-60
ee497450(v=winembedded.60)	RILMULTIPLECALLSETTINGS	catalog-windows-embedded-ce-60
ee497453(v=winembedded.60)	RILCALLFORWARDINGSETTINGS	catalog-windows-embedded-ce-60
ee497456(v=winembedded.60)	GPRS Peak Throughput Class Constants	catalog-windows-embedded-ce-60
ee497458(v=winembedded.60)	RILNDISBUFFER	catalog-windows-embedded-ce-60
ee497460(v=winembedded.60)	Address Type Constants	catalog-windows-embedded-ce-60
ee497463(v=winembedded.60)	lineGetRadioPresence	catalog-windows-embedded-ce-60
ee497465(v=winembedded.60)	lineGetCallBarringCaps	catalog-windows-embedded-ce-60
ee497467(v=winembedded.60)	RIL_InitializeEmergency	catalog-windows-embedded-ce-60
ee497471(v=winembedded.60)	RIL_GetGPRSContextList	catalog-windows-embedded-ce-60
ee497474(v=winembedded.60)	GPRS SMS Constants	catalog-windows-embedded-ce-60
ee497476(v=winembedded.60)	GPRS Protocol Constants	catalog-windows-embedded-ce-60
ee497478(v=winembedded.60)	WDP_PROVIDER_SPECIFIC_DATA	catalog-windows-embedded-ce-60
ee497480(v=winembedded.60)	Subaddress Type Constants	catalog-windows-embedded-ce-60
ee497482(v=winembedded.60)	RILSERIALPORTSTATS	catalog-windows-embedded-ce-60
ee497483(v=winembedded.60)	RAPI_CONNECTIONTYPE	catalog-windows-embedded-ce-60
ee497484(v=winembedded.60)	Message DCS Flags Constants	catalog-windows-embedded-ce-60
ee497485(v=winembedded.60)	RAPI_GETDEVICEOPCODE	catalog-windows-embedded-ce-60
ee497486(v=winembedded.60)	lineUnregister	catalog-windows-embedded-ce-60
ee497488(v=winembedded.60)	RIL_GetCCBSStatus	catalog-windows-embedded-ce-60
ee497489(v=winembedded.60)	CEBLOB	catalog-windows-embedded-ce-60
ee497492(v=winembedded.60)	SimWritePhonebookTag	catalog-windows-embedded-ce-60
ee497495(v=winembedded.60)	RIL_ReadPhonebookEntries	catalog-windows-embedded-ce-60
ee497497(v=winembedded.60)	RILCAPSBARRINGPWDLENGTH	catalog-windows-embedded-ce-60
ee497499(v=winembedded.60)	RILCAPSPBENTRYLENGTH Parameter Constants	catalog-windows-embedded-ce-60
ee497506(v=winembedded.60)	ConnMgrEstablishConnection	catalog-windows-embedded-ce-60
ee497508(v=winembedded.60)	SmsGetMessageStatus	catalog-windows-embedded-ce-60
ee497510(v=winembedded.60)	RILSIMRECORDSTATUS	catalog-windows-embedded-ce-60
ee497512(v=winembedded.60)	RILEQUIPMENTSTATE	catalog-windows-embedded-ce-60
ee497514(v=winembedded.60)	RILSERVICEINFO	catalog-windows-embedded-ce-60
ee497516(v=winembedded.60)	RILOPERATORNAMES	catalog-windows-embedded-ce-60
ee497518(v=winembedded.60)	XXX_GetMessageInfo	catalog-windows-embedded-ce-60
ee497519(v=winembedded.60)	RILGPRSQOSPROFILE	catalog-windows-embedded-ce-60
ee497520(v=winembedded.60)	CERECORDINFO	catalog-windows-embedded-ce-60
ee497523(v=winembedded.60)	Connection Manager Connection Type Constants	catalog-windows-embedded-ce-60
ee497525(v=winembedded.60)	RIL_GetCellBroadcastMsgConfig	catalog-windows-embedded-ce-60
ee497527(v=winembedded.60)	Wireless Network Constant	catalog-windows-embedded-ce-60
ee497531(v=winembedded.60)	RILNITZINFO	catalog-windows-embedded-ce-60
ee497533(v=winembedded.60)	RILCONNECTINFO	catalog-windows-embedded-ce-60
ee497536(v=winembedded.60)	RILMESSAGE_IN_SIM Parameter Constants	catalog-windows-embedded-ce-60
ee497538(v=winembedded.60)	SimGetSmsStorageStatus	catalog-windows-embedded-ce-60
ee497546(v=winembedded.60)	RASPPPIP	catalog-windows-embedded-ce-60
ee497561(v=winembedded.60)	CEPROPVAL	catalog-windows-embedded-ce-60
ee497565(v=winembedded.60)	RASCONN	catalog-windows-embedded-ce-60
ee497594(v=winembedded.60)	RIL_WritePhonebookEntry	catalog-windows-embedded-ce-60
ee497595(v=winembedded.60)	Caps Forwarding Constants	catalog-windows-embedded-ce-60
ee497597(v=winembedded.60)	lineSendUSSD	catalog-windows-embedded-ce-60
ee497598(v=winembedded.60)	SMSREGISTRATIONDATA	catalog-windows-embedded-ce-60
ee497599(v=winembedded.60)	RILCBMSGCONFIG	catalog-windows-embedded-ce-60
ee497600(v=winembedded.60)	RIL_GetHideIdSettings	catalog-windows-embedded-ce-60
ee497601(v=winembedded.60)	RILGPRSQOSPROFILECAPS	catalog-windows-embedded-ce-60
ee497602(v=winembedded.60)	ConnMgrUnregisterScheduledConnection	catalog-windows-embedded-ce-60
ee497603(v=winembedded.60)	RILADDRESS Parameter Constants	catalog-windows-embedded-ce-60
ee497604(v=winembedded.60)	RIL_GetHSCSDCallSettings	catalog-windows-embedded-ce-60
ee497605(v=winembedded.60)	Phone Locked Constants	catalog-windows-embedded-ce-60
ee497606(v=winembedded.60)	WTP_TRANSACTION_HANDLE	catalog-windows-embedded-ce-60
ee497607(v=winembedded.60)	RILMSGCONFIG Parameter Constants	catalog-windows-embedded-ce-60
ee497609(v=winembedded.60)	SIM Refresh Constants	catalog-windows-embedded-ce-60
ee497610(v=winembedded.60)	TEXT_PROVIDER_SPECIFIC_PRIORITY_TYPE	catalog-windows-embedded-ce-60
ee497612(v=winembedded.60)	RIL_Hangup	catalog-windows-embedded-ce-60
ee497613(v=winembedded.60)	GPRS Class Constants	catalog-windows-embedded-ce-60
ee497614(v=winembedded.60)	Message Command Constants	catalog-windows-embedded-ce-60
ee497617(v=winembedded.60)	SimGetPhonebookCapabilities	catalog-windows-embedded-ce-60
ee497618(v=winembedded.60)	RILEMLPPPRIORITY	catalog-windows-embedded-ce-60
ee497619(v=winembedded.60)	RILCAPSBEARERSVC Parameter Constants	catalog-windows-embedded-ce-60
ee497620(v=winembedded.60)	WTP_TRANSACTION_SECURITY_LEVEL	catalog-windows-embedded-ce-60
ee497623(v=winembedded.60)	SMSSTOREITEM	catalog-windows-embedded-ce-60
ee497624(v=winembedded.60)	RILSERVICEINFO Parameter Constants	catalog-windows-embedded-ce-60
ee497626(v=winembedded.60)	SIM Toolkit Terminate Constants	catalog-windows-embedded-ce-60
ee497627(v=winembedded.60)	lineSetCallBarringPassword	catalog-windows-embedded-ce-60
ee497628(v=winembedded.60)	SIMPHONEBOOKCAPS	catalog-windows-embedded-ce-60
ee497629(v=winembedded.60)	Notification Supplementary Service Constants	catalog-windows-embedded-ce-60
ee497630(v=winembedded.60)	RILCLOSEDGROUPSETTINGS Parameter Constants	catalog-windows-embedded-ce-60
ee497631(v=winembedded.60)	SIMFILEREFRESH	catalog-windows-embedded-ce-60
ee497632(v=winembedded.60)	RILCALLINFO Parameter Constants	catalog-windows-embedded-ce-60
ee497633(v=winembedded.60)	Message Send Constants	catalog-windows-embedded-ce-60
ee497634(v=winembedded.60)	Error Class Constants	catalog-windows-embedded-ce-60
ee497635(v=winembedded.60)	CELLRADIOLINKINFO	catalog-windows-embedded-ce-60
ee497636(v=winembedded.60)	RIL_Deinitialize	catalog-windows-embedded-ce-60
ee497637(v=winembedded.60)	RIL_SetCallForwardingStatus	catalog-windows-embedded-ce-60
ee497638(v=winembedded.60)	XXX_Send	catalog-windows-embedded-ce-60
ee497639(v=winembedded.60)	RILPHONEBOOKINFO Parameter Constants	catalog-windows-embedded-ce-60
ee497640(v=winembedded.60)	RIL_GetGPRSClass	catalog-windows-embedded-ce-60
ee497641(v=winembedded.60)	RIL_RegisterOnNetwork	catalog-windows-embedded-ce-60
ee497642(v=winembedded.60)	System Type Constants	catalog-windows-embedded-ce-60
ee497643(v=winembedded.60)	RILHIDECONNECTEDIDSETTINGS	catalog-windows-embedded-ce-60
ee497645(v=winembedded.60)	Message Validity Constants	catalog-windows-embedded-ce-60
ee497646(v=winembedded.60)	SIMSMS	catalog-windows-embedded-ce-60
ee497647(v=winembedded.60)	Message Status Constants	catalog-windows-embedded-ce-60
ee497649(v=winembedded.60)	GPRS L2 Protocol Constants	catalog-windows-embedded-ce-60
ee497650(v=winembedded.60)	LINEOPERATOR	catalog-windows-embedded-ce-60
ee497651(v=winembedded.60)	RIL_NDIS_SendPacket	catalog-windows-embedded-ce-60
ee497652(v=winembedded.60)	RILCAPSBARRINGPWDLENGTH Parameter Constants	catalog-windows-embedded-ce-60
ee497653(v=winembedded.60)	WTP_TRANSACTION_CLASS_TYPE	catalog-windows-embedded-ce-60
ee497655(v=winembedded.60)	WDP_PROVIDER_SPECIFIC_PORT_ADDRESSING	catalog-windows-embedded-ce-60
ee497656(v=winembedded.60)	RILCAPSBEARERSVC	catalog-windows-embedded-ce-60
ee497657(v=winembedded.60)	SimDeleteMessage	catalog-windows-embedded-ce-60
ee497659(v=winembedded.60)	Connection Manager Messages	catalog-windows-embedded-ce-60
ee497660(v=winembedded.60)	ConnMgrReleaseConnection	catalog-windows-embedded-ce-60
ee497661(v=winembedded.60)	Call Privacy Constants	catalog-windows-embedded-ce-60
ee497663(v=winembedded.60)	Operator Selection Constants	catalog-windows-embedded-ce-60
ee497664(v=winembedded.60)	SIMPHONEBOOKENTRYEX	catalog-windows-embedded-ce-60
ee497667(v=winembedded.60)	RIL_SetDataCompression	catalog-windows-embedded-ce-60
ee497668(v=winembedded.60)	RILPHONEBOOKENTRY	catalog-windows-embedded-ce-60
ee497669(v=winembedded.60)	Notification Network Constants	catalog-windows-embedded-ce-60
ee497671(v=winembedded.60)	RILGPRSCONTEXTACTIVATED	catalog-windows-embedded-ce-60
ee497672(v=winembedded.60)	LINE_CURRENTSYSTEMCHANGE	catalog-windows-embedded-ce-60
ee497673(v=winembedded.60)	RIL_SetBearerServiceOptions	catalog-windows-embedded-ce-60
ee497674(v=winembedded.60)	RIL_EnableNotifications	catalog-windows-embedded-ce-60
ee497675(v=winembedded.60)	RIL_SetCallerIdStatus	catalog-windows-embedded-ce-60
ee497676(v=winembedded.60)	RILCAPSDIAL Parameter Constants	catalog-windows-embedded-ce-60
ee497677(v=winembedded.60)	RILREMOTEPARTYINFO	catalog-windows-embedded-ce-60
ee497678(v=winembedded.60)	RIL_SetErrorCorrection	catalog-windows-embedded-ce-60
ee497679(v=winembedded.60)	LINE_REGISTERSTATE	catalog-windows-embedded-ce-60
ee497680(v=winembedded.60)	lineSetHSCSDState	catalog-windows-embedded-ce-60
ee497681(v=winembedded.60)	WapOpen	catalog-windows-embedded-ce-60
ee497682(v=winembedded.60)	RILSIMTOOLKITCMD	catalog-windows-embedded-ce-60
ee497683(v=winembedded.60)	PROVIDER_SPECIFIC_MESSAGE_CLASS	catalog-windows-embedded-ce-60
ee497684(v=winembedded.60)	SimGetLockingStatus	catalog-windows-embedded-ce-60
ee497685(v=winembedded.60)	RILMSGSERVICEINFO	catalog-windows-embedded-ce-60
ee497686(v=winembedded.60)	Lock Facility Constants	catalog-windows-embedded-ce-60
ee497687(v=winembedded.60)	RIL_SetGPRSAttached	catalog-windows-embedded-ce-60
ee497688(v=winembedded.60)	Caps Type Constants	catalog-windows-embedded-ce-60
ee497690(v=winembedded.60)	SIMLOCALINFO	catalog-windows-embedded-ce-60
ee497693(v=winembedded.60)	RIL_SetCallBarringStatus	catalog-windows-embedded-ce-60
ee497695(v=winembedded.60)	WapPing	catalog-windows-embedded-ce-60
ee497697(v=winembedded.60)	LINE_EQUIPSTATECHANGE	catalog-windows-embedded-ce-60
ee497800(v=winembedded.60)	RIL_DeleteMsg	catalog-windows-embedded-ce-60
ee497801(v=winembedded.60)	SIMMESSAGE	catalog-windows-embedded-ce-60
ee497802(v=winembedded.60)	SIMSENDDTMF	catalog-windows-embedded-ce-60
ee497803(v=winembedded.60)	SimReadPhonebookEntries	catalog-windows-embedded-ce-60
ee497804(v=winembedded.60)	ConnMgrMapConRef	catalog-windows-embedded-ce-60
ee497805(v=winembedded.60)	WapClose	catalog-windows-embedded-ce-60
ee497806(v=winembedded.60)	Caps Message Service Constants	catalog-windows-embedded-ce-60
ee497807(v=winembedded.60)	Call Status Constants	catalog-windows-embedded-ce-60
ee497808(v=winembedded.60)	SIMCAPS	catalog-windows-embedded-ce-60
ee497809(v=winembedded.60)	RILRINGINFO Parameter Constants	catalog-windows-embedded-ce-60
ee497810(v=winembedded.60)	ConnMgrMapURL	catalog-windows-embedded-ce-60
ee497811(v=winembedded.60)	RIL_DeleteMinimumQualityOfService	catalog-windows-embedded-ce-60
ee497812(v=winembedded.60)	RIL_Initialize	catalog-windows-embedded-ce-60
ee497813(v=winembedded.60)	RILCELLTOWERINFO Parameter Constants	catalog-windows-embedded-ce-60
ee497814(v=winembedded.60)	RIL_ChangeLockingPassword	catalog-windows-embedded-ce-60
ee497815(v=winembedded.60)	TEXT_PROVIDER_SPECIFIC_DATA	catalog-windows-embedded-ce-60
ee497816(v=winembedded.60)	RIL_SetCellBroadcastMsgConfig	catalog-windows-embedded-ce-60
ee497817(v=winembedded.60)	RILPDPPACKETSUPPORTCAPS	catalog-windows-embedded-ce-60
ee497818(v=winembedded.60)	RIL_GetGPRSAttached	catalog-windows-embedded-ce-60
ee497819(v=winembedded.60)	SmsSetBroadcastMsgRanges	catalog-windows-embedded-ce-60
ee497820(v=winembedded.60)	RILREMOTEPARTYINFO Parameter Constants	catalog-windows-embedded-ce-60
ee497822(v=winembedded.60)	RILCAPSRLP Parameter Constants	catalog-windows-embedded-ce-60
ee497824(v=winembedded.60)	SMSROUTERMSGINFO	catalog-windows-embedded-ce-60
ee497825(v=winembedded.60)	RIL_GetEquipmentInfo	catalog-windows-embedded-ce-60
ee497826(v=winembedded.60)	SIMCALL	catalog-windows-embedded-ce-60
ee497827(v=winembedded.60)	RILVGCSVBSSTATEATTR	catalog-windows-embedded-ce-60
ee497828(v=winembedded.60)	SIMLANGUAGE	catalog-windows-embedded-ce-60
ee497829(v=winembedded.60)	PDP Data Compression Constant	catalog-windows-embedded-ce-60
ee497830(v=winembedded.60)	RILPROTOCOLMODE	catalog-windows-embedded-ce-60
ee497831(v=winembedded.60)	RILCALLTYPECALLBACK	catalog-windows-embedded-ce-60
ee497832(v=winembedded.60)	RILOPERATORINFO	catalog-windows-embedded-ce-60
ee497833(v=winembedded.60)	SIMTEXT	catalog-windows-embedded-ce-60
ee497834(v=winembedded.60)	LINEOPERATORSTATUS	catalog-windows-embedded-ce-60
ee497836(v=winembedded.60)	Call Direction Constants	catalog-windows-embedded-ce-60
ee497838(v=winembedded.60)	RILCONNECTINFO Parameter Constants	catalog-windows-embedded-ce-60
ee497839(v=winembedded.60)	SmsSetSMSC	catalog-windows-embedded-ce-60
ee497840(v=winembedded.60)	SIM Record Constants	catalog-windows-embedded-ce-60
ee497842(v=winembedded.60)	RIL_GetSignalQuality	catalog-windows-embedded-ce-60
ee497843(v=winembedded.60)	lineSetCallBarringState	catalog-windows-embedded-ce-60
ee497844(v=winembedded.60)	Supplementary Service Provisioning Constants	catalog-windows-embedded-ce-60
ee497845(v=winembedded.60)	RIL_RemovePreferredOperator	catalog-windows-embedded-ce-60
ee497846(v=winembedded.60)	Disconnect Initiation Constants	catalog-windows-embedded-ce-60
ee497848(v=winembedded.60)	Caps Call Management Constants	catalog-windows-embedded-ce-60
ee497850(v=winembedded.60)	RIL_DevSpecific	catalog-windows-embedded-ce-60
ee497851(v=winembedded.60)	RIL_SetMsgServiceOptions	catalog-windows-embedded-ce-60
ee497852(v=winembedded.60)	CELLGPRSCONNECTIONINFO	catalog-windows-embedded-ce-60
ee497854(v=winembedded.60)	RIL_SetCostInfo	catalog-windows-embedded-ce-60
ee497856(v=winembedded.60)	Caps DCS Language Constants	catalog-windows-embedded-ce-60
ee497857(v=winembedded.60)	RILSECONDARYPDPCONTEXT	catalog-windows-embedded-ce-60
ee497858(v=winembedded.60)	SIMCLOSECHANNEL	catalog-windows-embedded-ce-60
ee497859(v=winembedded.60)	Maximum Lengths Constants	catalog-windows-embedded-ce-60
ee497860(v=winembedded.60)	SIMMESSAGECHANGE	catalog-windows-embedded-ce-60
ee497861(v=winembedded.60)	RIL_GetMinimumQualityOfServiceList	catalog-windows-embedded-ce-60
ee497862(v=winembedded.60)	SmsClose	catalog-windows-embedded-ce-60
ee497863(v=winembedded.60)	RIL_SetAudioDevices	catalog-windows-embedded-ce-60
ee497864(v=winembedded.60)	RILNDISIPV6ADDR	catalog-windows-embedded-ce-60
ee497865(v=winembedded.60)	Numbering Plan Constants	catalog-windows-embedded-ce-60
ee497866(v=winembedded.60)	RILCAPSLOCKINGPWDLENGTH	catalog-windows-embedded-ce-60
ee497867(v=winembedded.60)	DMProcessConfigXML	catalog-windows-embedded-ce-60
ee497868(v=winembedded.60)	SIMTONE	catalog-windows-embedded-ce-60
ee497869(v=winembedded.60)	SimInitialize	catalog-windows-embedded-ce-60
ee497871(v=winembedded.60)	PROXY_CONFIG	catalog-windows-embedded-ce-60
ee497874(v=winembedded.60)	HSCSD Air Interface Constants	catalog-windows-embedded-ce-60
ee497875(v=winembedded.60)	RIL_SetGPRSContext	catalog-windows-embedded-ce-60
ee497876(v=winembedded.60)	SIMFILEREFERENCE	catalog-windows-embedded-ce-60
ee497877(v=winembedded.60)	RILCAPSMSGMEMORYLOCATIONS Parameter Constants	catalog-windows-embedded-ce-60
ee497878(v=winembedded.60)	RIL_SendSimToolkitCmdResponse	catalog-windows-embedded-ce-60
ee497880(v=winembedded.60)	RILERRORCORRECTIONINFO	catalog-windows-embedded-ce-60
ee497882(v=winembedded.60)	RIL_GetAudioGain	catalog-windows-embedded-ce-60
ee497884(v=winembedded.60)	RIL_GetATR	catalog-windows-embedded-ce-60
ee497885(v=winembedded.60)	Caps Message Status Constants	catalog-windows-embedded-ce-60
ee497886(v=winembedded.60)	NOTIFICATION_PROVIDER_SPECIFIC_DATA	catalog-windows-embedded-ce-60
ee497887(v=winembedded.60)	Notification Phonebook Constants	catalog-windows-embedded-ce-60
ee497889(v=winembedded.60)	RIL_GetGPRSContextActivatedList	catalog-windows-embedded-ce-60
ee497890(v=winembedded.60)	GPRS Delay Class Constants	catalog-windows-embedded-ce-60
ee497891(v=winembedded.60)	lineGetCurrentAddressID	catalog-windows-embedded-ce-60
ee497892(v=winembedded.60)	CELLGPRSQOSSETTINGS	catalog-windows-embedded-ce-60
ee497893(v=winembedded.60)	lineGetOperatorStatus	catalog-windows-embedded-ce-60
ee497894(v=winembedded.60)	Caps Message Storage Constants	catalog-windows-embedded-ce-60
ee497895(v=winembedded.60)	RIL_GetSerialPortStatistics	catalog-windows-embedded-ce-60
ee497896(v=winembedded.60)	RILNOTIFYCALLBACK	catalog-windows-embedded-ce-60
ee497898(v=winembedded.60)	RILGPRSANSWER	catalog-windows-embedded-ce-60
ee497899(v=winembedded.60)	Operator Status Constants	catalog-windows-embedded-ce-60
ee497900(v=winembedded.60)	RILDATACOMPINFO	catalog-windows-embedded-ce-60
ee497926(v=winembedded.60)	LASSClose	catalog-windows-embedded-ce-60
ee497978(v=winembedded.60)	VerifyUserAsync	catalog-windows-embedded-ce-60
ee498003(v=winembedded.60)	System Capabilities Constants	catalog-windows-embedded-ce-60
ee498005(v=winembedded.60)	RIL_AddPreferredOperator	catalog-windows-embedded-ce-60
ee498006(v=winembedded.60)	SMS_ADDRESS	catalog-windows-embedded-ce-60
ee498007(v=winembedded.60)	BROADCAST_PROVIDER_SPECIFIC_DATA	catalog-windows-embedded-ce-60
ee498008(v=winembedded.60)	Complete Call Busy Constants	catalog-windows-embedded-ce-60
ee498009(v=winembedded.60)	SIMPHONEBOOKENTRY	catalog-windows-embedded-ce-60
ee498010(v=winembedded.60)	RIL_GetMOSMSService	catalog-windows-embedded-ce-60
ee498011(v=winembedded.60)	LINE_CURRENTLINECHANGE	catalog-windows-embedded-ce-60
ee498012(v=winembedded.60)	CUG Information Level Constants	catalog-windows-embedded-ce-60
ee498013(v=winembedded.60)	SIMPHONEBOOKEMAILADDRESS	catalog-windows-embedded-ce-60
ee498014(v=winembedded.60)	PTT Key Status Constant	catalog-windows-embedded-ce-60
ee498015(v=winembedded.60)	RIL_UnregisterFromNetwork	catalog-windows-embedded-ce-60
ee498016(v=winembedded.60)	RILPHONEBOOKINFO	catalog-windows-embedded-ce-60
ee498017(v=winembedded.60)	RILDIALINFO	catalog-windows-embedded-ce-60
ee498018(v=winembedded.60)	RILMSGDCS Parameter Constants	catalog-windows-embedded-ce-60
ee498019(v=winembedded.60)	Notification Radio State Change Constants	catalog-windows-embedded-ce-60
ee498020(v=winembedded.60)	SIM Status Constants	catalog-windows-embedded-ce-60
ee498021(v=winembedded.60)	SmsGetBroadcastMsgRanges	catalog-windows-embedded-ce-60
ee498022(v=winembedded.60)	RILCAPSDATACOMPRESSION	catalog-windows-embedded-ce-60
ee498023(v=winembedded.60)	RILCALLWAITINGINFO	catalog-windows-embedded-ce-60
ee498025(v=winembedded.60)	SIMRECEIVEDATA	catalog-windows-embedded-ce-60
ee498026(v=winembedded.60)	RILCALLERIDSETTINGS Parameter Constants	catalog-windows-embedded-ce-60
ee498027(v=winembedded.60)	RIL_ResetPacketByteCount	catalog-windows-embedded-ce-60
ee498028(v=winembedded.60)	Unavailable Constants	catalog-windows-embedded-ce-60
ee498029(v=winembedded.60)	SmsOpen	catalog-windows-embedded-ce-60
ee498030(v=winembedded.60)	RILVGCSUPLINKINFO	catalog-windows-embedded-ce-60
ee498031(v=winembedded.60)	Call Barring Facility Constants	catalog-windows-embedded-ce-60
ee498032(v=winembedded.60)	Message Type Constants	catalog-windows-embedded-ce-60
ee498034(v=winembedded.60)	RILCAPSLOCKINGPWDLENGTH Parameter Constants	catalog-windows-embedded-ce-60
ee498036(v=winembedded.60)	RILSIMCMDPARAMETERS	catalog-windows-embedded-ce-60
ee498038(v=winembedded.60)	RIL_SetAudioMuting	catalog-windows-embedded-ce-60
ee498039(v=winembedded.60)	Equipment State Constants	catalog-windows-embedded-ce-60
ee498040(v=winembedded.60)	RIL_AddCallForwarding	catalog-windows-embedded-ce-60
ee498041(v=winembedded.60)	SimReadPhonebookTag	catalog-windows-embedded-ce-60
ee498042(v=winembedded.60)	Message Status Type Constants	catalog-windows-embedded-ce-60
ee498043(v=winembedded.60)	RILMSGDCS	catalog-windows-embedded-ce-60
ee498044(v=winembedded.60)	RILSERIALPORTSTATS Parameter Constants	catalog-windows-embedded-ce-60
ee498045(v=winembedded.60)	RIL_SendRestrictedSimCmd	catalog-windows-embedded-ce-60
ee498046(v=winembedded.60)	RILNDISTRANSMITCALLBACK	catalog-windows-embedded-ce-60
ee498047(v=winembedded.60)	RILDIALEDIDSETTINGS Parameter Constants	catalog-windows-embedded-ce-60
ee498048(v=winembedded.60)	RIL_GetPreferredPrivacyMode	catalog-windows-embedded-ce-60
ee498049(v=winembedded.60)	GPRS Data Comp Constants	catalog-windows-embedded-ce-60
ee498050(v=winembedded.60)	RIL_GetCallForwardingSettings	catalog-windows-embedded-ce-60
ee498051(v=winembedded.60)	Roaming Mode Constants	catalog-windows-embedded-ce-60
ee498052(v=winembedded.60)	RILGPRSCONTEXTCAPS	catalog-windows-embedded-ce-60
ee498053(v=winembedded.60)	Bearer Service Connection Elements Constants	catalog-windows-embedded-ce-60
ee498054(v=winembedded.60)	PDP Header Compression Constant	catalog-windows-embedded-ce-60
ee498056(v=winembedded.60)	DTMF Duration Constants	catalog-windows-embedded-ce-60
ee498058(v=winembedded.60)	CONNMGR_CONNECTIONINFO	catalog-windows-embedded-ce-60
ee498059(v=winembedded.60)	RIL_GetAudioMuting	catalog-windows-embedded-ce-60
ee498060(v=winembedded.60)	Information Class Constants	catalog-windows-embedded-ce-60
ee498061(v=winembedded.60)	lineGetNumberCalls	catalog-windows-embedded-ce-60
ee498062(v=winembedded.60)	RIL_SetGPRSContextActivated	catalog-windows-embedded-ce-60
ee498063(v=winembedded.60)	Notification Toolkit Constants	catalog-windows-embedded-ce-60
ee498064(v=winembedded.60)	Message DCS Broadcast Constants	catalog-windows-embedded-ce-60
ee498065(v=winembedded.60)	RILLOCATIONINFO	catalog-windows-embedded-ce-60
ee498067(v=winembedded.60)	RILDATACOMPINFO Parameter Constants	catalog-windows-embedded-ce-60
ee498068(v=winembedded.60)	ConnMgrRegisterScheduledConnection	catalog-windows-embedded-ce-60
ee498070(v=winembedded.60)	RIL_SetRequestedQualityOfService	catalog-windows-embedded-ce-60
ee498071(v=winembedded.60)	Caps Bearer Name Constants	catalog-windows-embedded-ce-60
ee498073(v=winembedded.60)	lineGetGeneralInfo	catalog-windows-embedded-ce-60
ee498074(v=winembedded.60)	RILCALLERIDSETTINGS	catalog-windows-embedded-ce-60
ee498075(v=winembedded.60)	RILSIGNALQUALITY	catalog-windows-embedded-ce-60
ee498076(v=winembedded.60)	lineGetCallWaitingCaps	catalog-windows-embedded-ce-60
ee498077(v=winembedded.60)	RIL Message Display Mode Constants	catalog-windows-embedded-ce-60
ee498078(v=winembedded.60)	RILSIMRECORDSTATUS Parameter Constants	catalog-windows-embedded-ce-60
ee498079(v=winembedded.60)	RILMESSAGEINFO	catalog-windows-embedded-ce-60
ee498080(v=winembedded.60)	RIL_GetUserIdentity	catalog-windows-embedded-ce-60
ee498083(v=winembedded.60)	Message Delivery Constants	catalog-windows-embedded-ce-60
ee498084(v=winembedded.60)	RIL_SetDialedIdStatus	catalog-windows-embedded-ce-60
ee498085(v=winembedded.60)	RILAUDIODEVICEINFO	catalog-windows-embedded-ce-60
ee498087(v=winembedded.60)	RILCAPSERRORCORRECTION	catalog-windows-embedded-ce-60
ee498088(v=winembedded.60)	lineGetEquipmentState	catalog-windows-embedded-ce-60
ee498091(v=winembedded.60)	WAP_PRIMITIVE_ID	catalog-windows-embedded-ce-60
ee498092(v=winembedded.60)	VGC and VBC List Mode Constant	catalog-windows-embedded-ce-60
ee498093(v=winembedded.60)	NOTIFICATION_PROVIDER_SPECIFIC_INDICATOR_TYPE	catalog-windows-embedded-ce-60
ee498094(v=winembedded.60)	CELLDEVCONFIG	catalog-windows-embedded-ce-60
ee498095(v=winembedded.60)	Data Compression Negotiation Constants	catalog-windows-embedded-ce-60
ee498096(v=winembedded.60)	RILOPERATORNAMES Parameter Constants	catalog-windows-embedded-ce-60
ee498097(v=winembedded.60)	RIL_DeletePhonebookEntry	catalog-windows-embedded-ce-60
ee498099(v=winembedded.60)	SimReadPhonebookEntry	catalog-windows-embedded-ce-60
ee498100(v=winembedded.60)	RILCOSTINFO Parameter Constants	catalog-windows-embedded-ce-60
ee498101(v=winembedded.60)	Caps Bearer Speed2 Constants	catalog-windows-embedded-ce-60
ee498102(v=winembedded.60)	SimWriteMessage	catalog-windows-embedded-ce-60
ee498158(v=winembedded.60)	LAPDisplayPreWipe	catalog-windows-embedded-ce-60
ee498204(v=winembedded.60)	RIL_SendSimToolkitEnvelopeCmd	catalog-windows-embedded-ce-60
ee498205(v=winembedded.60)	SIM Command Constants	catalog-windows-embedded-ce-60
ee498206(v=winembedded.60)	SimDeinitialize	catalog-windows-embedded-ce-60
ee498207(v=winembedded.60)	SIMMENUITEM	catalog-windows-embedded-ce-60
ee498208(v=winembedded.60)	RIL_GetSerialPortHandleFromContextID	catalog-windows-embedded-ce-60
ee498209(v=winembedded.60)	RILSIMRESPONSE Parameter Constants	catalog-windows-embedded-ce-60
ee498210(v=winembedded.60)	WapRead	catalog-windows-embedded-ce-60
ee498211(v=winembedded.60)	SIMOPENCHANNEL	catalog-windows-embedded-ce-60
ee498212(v=winembedded.60)	RILHSCSDINFO	catalog-windows-embedded-ce-60
ee498213(v=winembedded.60)	RILVGCSTALKERACCESSINFO	catalog-windows-embedded-ce-60
ee498214(v=winembedded.60)	Message DCS Classes Constants	catalog-windows-embedded-ce-60
ee498215(v=winembedded.60)	SIMTKITRSPCLOSECHANNEL	catalog-windows-embedded-ce-60
ee498216(v=winembedded.60)	RILGPRSCONTEXT Parameter Constants	catalog-windows-embedded-ce-60
ee498217(v=winembedded.60)	Message Flag Constants	catalog-windows-embedded-ce-60
ee498218(v=winembedded.60)	RIL_GetRegistrationStatus	catalog-windows-embedded-ce-60
ee498219(v=winembedded.60)	RIL_GetErrorCorrection	catalog-windows-embedded-ce-60
ee498220(v=winembedded.60)	RIL_SendSupServiceData	catalog-windows-embedded-ce-60
ee498221(v=winembedded.60)	RIL_GetSubscriberNumbers	catalog-windows-embedded-ce-60
ee498223(v=winembedded.60)	RILMSGSERVICEINFO Parameter Constants	catalog-windows-embedded-ce-60
ee498224(v=winembedded.60)	RIL_GetRLPOptions	catalog-windows-embedded-ce-60
ee498225(v=winembedded.60)	Message Geographic Constants	catalog-windows-embedded-ce-60
ee498226(v=winembedded.60)	RILGAININFO Parameter Constants	catalog-windows-embedded-ce-60
ee498229(v=winembedded.60)	WCMP_PROVIDER_SPECIFIC_MESSAGE_TYPE	catalog-windows-embedded-ce-60
ee498230(v=winembedded.60)	RILMESSAGEINFO Parameter Constants	catalog-windows-embedded-ce-60
ee498231(v=winembedded.60)	lineSetGPRSClass	catalog-windows-embedded-ce-60
ee498232(v=winembedded.60)	RIL_RemoveCallForwarding	catalog-windows-embedded-ce-60
ee498233(v=winembedded.60)	RILSUBSCRIBERINFO	catalog-windows-embedded-ce-60
ee498235(v=winembedded.60)	XXX_RecognizeMessage	catalog-windows-embedded-ce-60
ee498236(v=winembedded.60)	Message DCS Indication Constants	catalog-windows-embedded-ce-60
ee498238(v=winembedded.60)	RILSUBADDRESS Parameter Constants	catalog-windows-embedded-ce-60
ee498240(v=winembedded.60)	SimSetLockingStatus	catalog-windows-embedded-ce-60
ee498241(v=winembedded.60)	RILRLPINFO Parameter Constants	catalog-windows-embedded-ce-60
ee498242(v=winembedded.60)	SimUnlockPhone	catalog-windows-embedded-ce-60
ee498243(v=winembedded.60)	SIMTKITRSPPOLLINTERVAL	catalog-windows-embedded-ce-60
ee498244(v=winembedded.60)	SmsSendMessage	catalog-windows-embedded-ce-60
ee498245(v=winembedded.60)	ConnMgrConRefTypeEnum	catalog-windows-embedded-ce-60
ee498246(v=winembedded.60)	Message Teleservice Constants	catalog-windows-embedded-ce-60
ee498247(v=winembedded.60)	RILOPERATORINFO Parameter Constants	catalog-windows-embedded-ce-60
ee498249(v=winembedded.60)	RIL_ChangeCallBarringPassword	catalog-windows-embedded-ce-60
ee498251(v=winembedded.60)	Message Privacy Class Constants	catalog-windows-embedded-ce-60
ee498252(v=winembedded.60)	lineSetCallWaitingState	catalog-windows-embedded-ce-60
ee498253(v=winembedded.60)	Caps Call Type Constants	catalog-windows-embedded-ce-60
ee498254(v=winembedded.60)	CONNMGR_CONNECTION_DETAILED_STATUS	catalog-windows-embedded-ce-60
ee498255(v=winembedded.60)	HSCSD Traffic Channel Constants	catalog-windows-embedded-ce-60
ee498256(v=winembedded.60)	Telephony Service Constants	catalog-windows-embedded-ce-60
ee498257(v=winembedded.60)	RIL_GetCurrentPrivacyStatus	catalog-windows-embedded-ce-60
ee498258(v=winembedded.60)	RAW_PROVIDER_SPECIFIC_DATA	catalog-windows-embedded-ce-60
ee498259(v=winembedded.60)	SimGetRecordInfo	catalog-windows-embedded-ce-60
ee498260(v=winembedded.60)	SIMTKITRSPSENDDATA	catalog-windows-embedded-ce-60
ee498261(v=winembedded.60)	RIL_EnterGPRSDataMode	catalog-windows-embedded-ce-60
ee498262(v=winembedded.60)	RIL_GPRSAnswer	catalog-windows-embedded-ce-60
ee498264(v=winembedded.60)	RIL_GetCurrentSystemType	catalog-windows-embedded-ce-60
ee498265(v=winembedded.60)	lineGetMuteState	catalog-windows-embedded-ce-60
ee498266(v=winembedded.60)	lineGetCallWaitingState	catalog-windows-embedded-ce-60
ee498267(v=winembedded.60)	RIL_SetDTMFMonitoring	catalog-windows-embedded-ce-60
ee498268(v=winembedded.60)	RILGPRSCONTEXT	catalog-windows-embedded-ce-60
ee498269(v=winembedded.60)	RIL_GetPreferredOperatorList	catalog-windows-embedded-ce-60
ee498270(v=winembedded.60)	Notification Miscellaneous Constants	catalog-windows-embedded-ce-60
ee498271(v=winembedded.60)	Error Correction Constants	catalog-windows-embedded-ce-60
ee498272(v=winembedded.60)	Caps Bearer Speed1 Constants	catalog-windows-embedded-ce-60
ee498273(v=winembedded.60)	ConnMgrEstablishConnectionSync	catalog-windows-embedded-ce-60
ee498274(v=winembedded.60)	RILCAPSDIAL	catalog-windows-embedded-ce-60
ee498275(v=winembedded.60)	SIMRECORDINFO	catalog-windows-embedded-ce-60
ee498276(v=winembedded.60)	RIL_SendStoredMsg	catalog-windows-embedded-ce-60
ee498277(v=winembedded.60)	eMLPP Priority Levels Constant	catalog-windows-embedded-ce-60
ee498278(v=winembedded.60)	RILCAPSHSCSD Parameter Constants	catalog-windows-embedded-ce-60
ee498279(v=winembedded.60)	Caps Equipment Constants	catalog-windows-embedded-ce-60
ee498280(v=winembedded.60)	RILRLPINFO	catalog-windows-embedded-ce-60
ee498281(v=winembedded.60)	RILCALLINFO	catalog-windows-embedded-ce-60
ee498282(v=winembedded.60)	RILBYTECOUNTER Parameter Constants	catalog-windows-embedded-ce-60
ee498283(v=winembedded.60)	RILHIDEIDSETTINGS	catalog-windows-embedded-ce-60
ee498284(v=winembedded.60)	SmsGetPhoneNumber	catalog-windows-embedded-ce-60
ee498285(v=winembedded.60)	NOTIFICATION_PROVIDER_SPECIFIC_MSG_WAITING_TYPE	catalog-windows-embedded-ce-60
ee498289(v=winembedded.60)	LINE_GPRSREGISTERSTATE	catalog-windows-embedded-ce-60
ee498290(v=winembedded.60)	RIL_SendMsgAcknowledgement	catalog-windows-embedded-ce-60
ee498291(v=winembedded.60)	Lock Status Constants	catalog-windows-embedded-ce-60
ee498292(v=winembedded.60)	STATUS_PROVIDER_SPECIFIC_DATA	catalog-windows-embedded-ce-60
ee498293(v=winembedded.60)	Message Encoding Constants	catalog-windows-embedded-ce-60
ee498294(v=winembedded.60)	lineSetCurrentAddressID	catalog-windows-embedded-ce-60
ee498295(v=winembedded.60)	LAPDisplayCodeword	catalog-windows-embedded-ce-60
ee498323(v=winembedded.60)	SecPkgContext_MasterKeyInfo	catalog-windows-embedded-ce-60
ee498374(v=winembedded.60)	LAPLockoutUser	catalog-windows-embedded-ce-60
ee498418(v=winembedded.60)	WSD_LOCALIZED_STRING	catalog-windows-embedded-ce-60
ee498421(v=winembedded.60)	WSDXML_ELEMENT_LIST	catalog-windows-embedded-ce-60
ee498435(v=winembedded.60)	WSD_OPERATION	catalog-windows-embedded-ce-60
ee498442(v=winembedded.60)	WSD_THIS_DEVICE_METADATA	catalog-windows-embedded-ce-60
ee498475(v=winembedded.60)	WSD_PORT_TYPE	catalog-windows-embedded-ce-60
ee498492(v=winembedded.60)	WSD_METADATA_SECTION	catalog-windows-embedded-ce-60
ee498494(v=winembedded.60)	WSD_NAME_LIST	catalog-windows-embedded-ce-60
ee498571(v=winembedded.60)	CertVerify	catalog-windows-embedded-ce-60
ee498605(v=winembedded.60)	REQUESTBODY_Unsubscribe	catalog-windows-embedded-ce-60
ee498610(v=winembedded.60)	WSD_RELATIONSHIP_METADATA	catalog-windows-embedded-ce-60
ee498612(v=winembedded.60)	REQUESTBODY_GetStatus	catalog-windows-embedded-ce-60
ee498632(v=winembedded.60)	WSDXMLAddChild	catalog-windows-embedded-ce-60
ee498635(v=winembedded.60)	WSDXMLCreateContext	catalog-windows-embedded-ce-60
ee498648(v=winembedded.60)	Web Services on Devices Constants	catalog-windows-embedded-ce-60
ee498654(v=winembedded.60)	WSDGenerateFaultEx	catalog-windows-embedded-ce-60
ee498662(v=winembedded.60)	WSDCreateHttpMessageParameters	catalog-windows-embedded-ce-60
ee498682(v=winembedded.60)	WSDXMLGetNameFromBuiltinNamespace	catalog-windows-embedded-ce-60
ee498686(v=winembedded.60)	REQUESTBODY_Renew	catalog-windows-embedded-ce-60
ee498689(v=winembedded.60)	WSD_SOAP_FAULT_CODE	catalog-windows-embedded-ce-60
ee498710(v=winembedded.60)	LAPCancelVerifySequence	catalog-windows-embedded-ce-60
ee498713(v=winembedded.60)	CertInit	catalog-windows-embedded-ce-60
ee498744(v=winembedded.60)	LASSGetResult	catalog-windows-embedded-ce-60
ee498753(v=winembedded.60)	LASSGetValue	catalog-windows-embedded-ce-60
ee498804(v=winembedded.60)	WSD_UNKNOWN_LOOKUP	catalog-windows-embedded-ce-60
ee498805(v=winembedded.60)	WSDGenerateFault	catalog-windows-embedded-ce-60
ee498807(v=winembedded.60)	WSDXML_NODE	catalog-windows-embedded-ce-60
ee498819(v=winembedded.60)	WSD_SOAP_MESSAGE	catalog-windows-embedded-ce-60
ee498826(v=winembedded.60)	WSD_RESOLVE	catalog-windows-embedded-ce-60
ee498829(v=winembedded.60)	WSD_EVENTING_FILTER_ACTION	catalog-windows-embedded-ce-60
ee498840(v=winembedded.60)	WSD_EVENTING_EXPIRES	catalog-windows-embedded-ce-60
ee498851(v=winembedded.60)	WSD_PROTOCOL_TYPE	catalog-windows-embedded-ce-60
ee498865(v=winembedded.60)	WSDXML_ATTRIBUTE	catalog-windows-embedded-ce-60
ee498898(v=winembedded.60)	WSD_HOST_METADATA	catalog-windows-embedded-ce-60
ee498922(v=winembedded.60)	WSDXML_ELEMENT	catalog-windows-embedded-ce-60
ee498941(v=winembedded.60)	WSD_HEADER_RELATESTO	catalog-windows-embedded-ce-60
ee498943(v=winembedded.60)	WSD_SOAP_FAULT_REASON	catalog-windows-embedded-ce-60
ee498962(v=winembedded.60)	WSD_SOAP_FAULT_SUBCODE	catalog-windows-embedded-ce-60
ee498965(v=winembedded.60)	WSD_EVENTING_FILTER	catalog-windows-embedded-ce-60
ee498987(v=winembedded.60)	WSD_ENDPOINT_REFERENCE	catalog-windows-embedded-ce-60
ee498989(v=winembedded.60)	WSDXMLBuildAnyForSingleElement	catalog-windows-embedded-ce-60
ee498997(v=winembedded.60)	WSDUdpMessageType	catalog-windows-embedded-ce-60
ee498998(v=winembedded.60)	WSDCreateUdpAddress	catalog-windows-embedded-ce-60
ee499014(v=winembedded.60)	WSD_HANDLER_CONTEXT	catalog-windows-embedded-ce-60
ee499015(v=winembedded.60)	WSD_RESOLVE_MATCHES	catalog-windows-embedded-ce-60
ee499018(v=winembedded.60)	WSDCreateHttpAddress	catalog-windows-embedded-ce-60
ee499023(v=winembedded.60)	PWSD_SOAP_MESSAGE_HANDLER	catalog-windows-embedded-ce-60
ee499104(v=winembedded.60)	UDM_GETPOS32	catalog-windows-embedded-ce-60
ee499109(v=winembedded.60)	IOCTL_CONSOLE_GETSCREENROWS	catalog-windows-embedded-ce-60
ee499157(v=winembedded.60)	WSDEventType	catalog-windows-embedded-ce-60
ee499172(v=winembedded.60)	WSDXML_NAMESPACE	catalog-windows-embedded-ce-60
ee499176(v=winembedded.60)	WSDDetachLinkedMemory	catalog-windows-embedded-ce-60
ee499177(v=winembedded.60)	WSD_THIS_MODEL_METADATA	catalog-windows-embedded-ce-60
ee499191(v=winembedded.60)	WSD_ENDPOINT_REFERENCE_LIST	catalog-windows-embedded-ce-60
ee499200(v=winembedded.60)	RESPONSEBODY_Renew	catalog-windows-embedded-ce-60
ee499202(v=winembedded.60)	IWSDAttachment	catalog-windows-embedded-ce-60
ee499210(v=winembedded.60)	RESPONSEBODY_SubscriptionEnd	catalog-windows-embedded-ce-60
ee499211(v=winembedded.60)	WSD_SYNCHRONOUS_RESPONSE_CONTEXT	catalog-windows-embedded-ce-60
ee499213(v=winembedded.60)	WSDCreateDeviceHost	catalog-windows-embedded-ce-60
ee499225(v=winembedded.60)	WSDXMLAddSibling	catalog-windows-embedded-ce-60
ee499228(v=winembedded.60)	WSDXMLGetValueFromAny	catalog-windows-embedded-ce-60
ee499232(v=winembedded.60)	WSD_STUB_FUNCTION	catalog-windows-embedded-ce-60
ee499247(v=winembedded.60)	PH_MAKEPHONECALL_PARAMETERS	catalog-windows-embedded-ce-60
ee499254(v=winembedded.60)	STATUS_HEADER_PRIORITY	catalog-windows-embedded-ce-60
ee499265(v=winembedded.60)	PHMS_ITEM	catalog-windows-embedded-ce-60
ee499282(v=winembedded.60)	PHMessageBox	catalog-windows-embedded-ce-60
ee499311(v=winembedded.60)	PHMakePhoneCall	catalog-windows-embedded-ce-60
ee499326(v=winembedded.60)	PHAddSpeedDialEntry	catalog-windows-embedded-ce-60
ee499435(v=winembedded.60)	WSD_EVENTING_DELIVERY_MODE_PUSH	catalog-windows-embedded-ce-60
ee499437(v=winembedded.60)	WSDFreeLinkedMemory	catalog-windows-embedded-ce-60
ee499462(v=winembedded.60)	WSD_LOCALIZED_STRING_LIST	catalog-windows-embedded-ce-60
ee499467(v=winembedded.60)	WSD_PROBE_MATCHES	catalog-windows-embedded-ce-60
ee499481(v=winembedded.60)	WSDCreateUdpMessageParameters	catalog-windows-embedded-ce-60
ee499484(v=winembedded.60)	WSDRegisterNamespaces	catalog-windows-embedded-ce-60
ee499494(v=winembedded.60)	WSD_EVENTING_DELIVERY_MODE	catalog-windows-embedded-ce-60
ee499533(v=winembedded.60)	WSDXML_TYPE	catalog-windows-embedded-ce-60
ee499541(v=winembedded.60)	PHInitCallerInfoDB	catalog-windows-embedded-ce-60
ee499552(v=winembedded.60)	STATUS_HEADER_PARAMETERS_EX	catalog-windows-embedded-ce-60
ee499558(v=winembedded.60)	PHRegisterSingletonApplication	catalog-windows-embedded-ce-60
ee499603(v=winembedded.60)	PHDialogScreen	catalog-windows-embedded-ce-60
ee499617(v=winembedded.60)	RTCFF_	catalog-windows-embedded-ce-60
ee499665(v=winembedded.60)	WM_GESTURE	catalog-windows-embedded-ce-60
ee499705(v=winembedded.60)	IOCTL_CONSOLE_CLS	catalog-windows-embedded-ce-60
ee499712(v=winembedded.60)	WSD_METADATA_SECTION_LIST	catalog-windows-embedded-ce-60
ee499716(v=winembedded.60)	WSD_URI_LIST	catalog-windows-embedded-ce-60
ee499762(v=winembedded.60)	EnableGestures	catalog-windows-embedded-ce-60
ee499798(v=winembedded.60)	WSDXML_NAME	catalog-windows-embedded-ce-60
ee499802(v=winembedded.60)	WSDCreateDeviceProxyAdvanced	catalog-windows-embedded-ce-60
ee499806(v=winembedded.60)	WSD_BYE	catalog-windows-embedded-ce-60
ee499825(v=winembedded.60)	WSDXML_TEXT	catalog-windows-embedded-ce-60
ee499826(v=winembedded.60)	WSDAttachLinkedMemory	catalog-windows-embedded-ce-60
ee499844(v=winembedded.60)	PH_COLOR	catalog-windows-embedded-ce-60
ee499848(v=winembedded.60)	RTCSP_PRIVACY_	catalog-windows-embedded-ce-60
ee499852(v=winembedded.60)	PH_SPEEDDIAL_ENTRY	catalog-windows-embedded-ce-60
ee499853(v=winembedded.60)	PHDrawBackground	catalog-windows-embedded-ce-60
ee499854(v=winembedded.60)	RTCSP_	catalog-windows-embedded-ce-60
ee499871(v=winembedded.60)	PHSetting	catalog-windows-embedded-ce-60
ee499873(v=winembedded.60)	PHGetVolumeSetting	catalog-windows-embedded-ce-60
ee499875(v=winembedded.60)	PHSetValue	catalog-windows-embedded-ce-60
ee499881(v=winembedded.60)	PHGetColor	catalog-windows-embedded-ce-60
ee500108(v=winembedded.60)	PHInitCommonControls	catalog-windows-embedded-ce-60
ee500115(v=winembedded.60)	VOIP_INVALID_SPEED_DIAL_ENTRY	catalog-windows-embedded-ce-60
ee500185(v=winembedded.60)	WSD_SERVICE_METADATA	catalog-windows-embedded-ce-60
ee500190(v=winembedded.60)	RESPONSEBODY_GetStatus	catalog-windows-embedded-ce-60
ee500217(v=winembedded.60)	WSDCreateDeviceHostAdvanced	catalog-windows-embedded-ce-60
ee500259(v=winembedded.60)	WSD_SOAP_FAULT	catalog-windows-embedded-ce-60
ee500273(v=winembedded.60)	GESTUREMETRICS	catalog-windows-embedded-ce-60
ee500290(v=winembedded.60)	IOCTL_CONSOLE_GETMODE	catalog-windows-embedded-ce-60
ee500295(v=winembedded.60)	GetAnimateMessageInfo	catalog-windows-embedded-ce-60
ee500306(v=winembedded.60)	WSD_PROBE_MATCH_LIST	catalog-windows-embedded-ce-60
ee500315(v=winembedded.60)	WSD_APP_SEQUENCE	catalog-windows-embedded-ce-60
ee500372(v=winembedded.60)	PH_FONT	catalog-windows-embedded-ce-60
ee500378(v=winembedded.60)	PHVolumeSetting	catalog-windows-embedded-ce-60
ee500389(v=winembedded.60)	PHUnInitCommonControls	catalog-windows-embedded-ce-60
ee500404(v=winembedded.60)	RTC Version 1.3 Objects and Interfaces	catalog-windows-embedded-ce-60
ee500408(v=winembedded.60)	PhCommon Return Values	catalog-windows-embedded-ce-60
ee500412(v=winembedded.60)	PHProcessProvisionXML	catalog-windows-embedded-ce-60
ee500423(v=winembedded.60)	PHReadPIN	catalog-windows-embedded-ce-60
ee500453(v=winembedded.60)	QueryPhysicsEngine	catalog-windows-embedded-ce-60
ee500508(v=winembedded.60)	WSD_HELLO	catalog-windows-embedded-ce-60
ee500522(v=winembedded.60)	WSD_SOAP_HEADER	catalog-windows-embedded-ce-60
ee500531(v=winembedded.60)	WSD_SERVICE_METADATA_LIST	catalog-windows-embedded-ce-60
ee500561(v=winembedded.60)	RESPONSEBODY_Subscribe	catalog-windows-embedded-ce-60
ee500635(v=winembedded.60)	WSD_EVENT	catalog-windows-embedded-ce-60
ee500680(v=winembedded.60)	PHSetActiveVolume	catalog-windows-embedded-ce-60
ee500686(v=winembedded.60)	PH_AUTHENTICATE_USER_PARAMETERS	catalog-windows-embedded-ce-60
ee500691(v=winembedded.60)	PHOnHookDialing	catalog-windows-embedded-ce-60
ee500707(v=winembedded.60)	STATUS_HEADER_PARAMETERS	catalog-windows-embedded-ce-60
ee500723(v=winembedded.60)	RTC_SUBSCRIPTION_STATE	catalog-windows-embedded-ce-60
ee500747(v=winembedded.60)	REQUESTBODY_Subscribe	catalog-windows-embedded-ce-60
ee500750(v=winembedded.60)	WSDCreateDiscoveryProvider	catalog-windows-embedded-ce-60
ee500770(v=winembedded.60)	WSDSetConfigurationOption	catalog-windows-embedded-ce-60
ee500780(v=winembedded.60)	SetPhysicsEngineUserTime	catalog-windows-embedded-ce-60
ee500793(v=winembedded.60)	UDM_SETPOS32	catalog-windows-embedded-ce-60
ee500819(v=winembedded.60)	WSDCreateDiscoveryPublisher	catalog-windows-embedded-ce-60
ee500820(v=winembedded.60)	WSD_RESOLVE_MATCH	catalog-windows-embedded-ce-60
ee500826(v=winembedded.60)	WSDGetConfigurationOption	catalog-windows-embedded-ce-60
ee500847(v=winembedded.60)	WSDXMLCleanupElement	catalog-windows-embedded-ce-60
ee500867(v=winembedded.60)	WSD_DATETIME	catalog-windows-embedded-ce-60
ee500876(v=winembedded.60)	WSDCreateDeviceProxy	catalog-windows-embedded-ce-60
ee500879(v=winembedded.60)	WSD_DURATION	catalog-windows-embedded-ce-60
ee500912(v=winembedded.60)	WSD_REFERENCE_PARAMETERS	catalog-windows-embedded-ce-60
ee500942(v=winembedded.60)	WSDXML_PREFIX_MAPPING	catalog-windows-embedded-ce-60
ee500962(v=winembedded.60)	PHSendCommandLine	catalog-windows-embedded-ce-60
ee500995(v=winembedded.60)	PHAuthenticateUser	catalog-windows-embedded-ce-60
ee501008(v=winembedded.60)	PHWritePIN	catalog-windows-embedded-ce-60
ee501029(v=winembedded.60)	PHInitCallLogDB	catalog-windows-embedded-ce-60
ee501030(v=winembedded.60)	PH_APPLICATION	catalog-windows-embedded-ce-60
ee501035(v=winembedded.60)	RTCRTPHeader	catalog-windows-embedded-ce-60
ee501040(v=winembedded.60)	PHGetFont	catalog-windows-embedded-ce-60
ee501048(v=winembedded.60)	PHCreateLabeledEditDisplayItem	catalog-windows-embedded-ce-60
ee501049(v=winembedded.60)	PHCreateTextDisplayItem	catalog-windows-embedded-ce-60
ee501085(v=winembedded.60)	RESPONSEBODY_GetMetadata	catalog-windows-embedded-ce-60
ee501094(v=winembedded.60)	WSD_REFERENCE_PROPERTIES	catalog-windows-embedded-ce-60
ee501098(v=winembedded.60)	WSDAllocateLinkedMemory	catalog-windows-embedded-ce-60
ee501103(v=winembedded.60)	WSDCreateOutboundAttachment	catalog-windows-embedded-ce-60
ee501157(v=winembedded.60)	WSD_SCOPES	catalog-windows-embedded-ce-60
ee501206(v=winembedded.60)	WSD_PROBE_MATCH	catalog-windows-embedded-ce-60
ee501230(v=winembedded.60)	WSD_PROBE	catalog-windows-embedded-ce-60
ee501276(v=winembedded.60)	WSDUdpRetransmitParams	catalog-windows-embedded-ce-60
ee501290(v=winembedded.60)	PH_MENU_SCREEN_PARAMETERS	catalog-windows-embedded-ce-60
ee501292(v=winembedded.60)	PHSetVolume	catalog-windows-embedded-ce-60
ee501318(v=winembedded.60)	PH_MESSAGE_BOX_PARAMETERS	catalog-windows-embedded-ce-60
ee501328(v=winembedded.60)	DIALOG_HOOK_PROC	catalog-windows-embedded-ce-60
ee501360(v=winembedded.60)	PHCancelAuthenticationRequest	catalog-windows-embedded-ce-60
ee501471(v=winembedded.60)	RGBA	catalog-windows-embedded-ce-60
ee501486(v=winembedded.60)	XRLineStackingStrategy	catalog-windows-embedded-ce-60
ee501488(v=winembedded.60)	IXRDoubleCollection	catalog-windows-embedded-ce-60
ee501497(v=winembedded.60)	Silverlight for Windows Embedded Error Messages	catalog-windows-embedded-ce-60
ee501503(v=winembedded.60)	IXRLineBreak	catalog-windows-embedded-ce-60
ee501505(v=winembedded.60)	XRTextWrapping	catalog-windows-embedded-ce-60
ee501509(v=winembedded.60)	XRFontWeight	catalog-windows-embedded-ce-60
ee501524(v=winembedded.60)	PHLaunchProcess	catalog-windows-embedded-ce-60
ee501527(v=winembedded.60)	PHActiveVolumeMode	catalog-windows-embedded-ce-60
ee501538(v=winembedded.60)	XRPenLineJoin	catalog-windows-embedded-ce-60
ee501556(v=winembedded.60)	XRPoint	catalog-windows-embedded-ce-60
ee501562(v=winembedded.60)	XRClockState	catalog-windows-embedded-ce-60
ee501567(v=winembedded.60)	AuthenticationResult_e	catalog-windows-embedded-ce-60
ee501571(v=winembedded.60)	XRDuration	catalog-windows-embedded-ce-60
ee501611(v=winembedded.60)	PH_DIALOG_SCREEN_PARAMETERS	catalog-windows-embedded-ce-60
ee501619(v=winembedded.60)	XRColorInterpolationMode	catalog-windows-embedded-ce-60
ee501622(v=winembedded.60)	PHGetAppWindow	catalog-windows-embedded-ce-60
ee501625(v=winembedded.60)	GetXRApplicationInstance	catalog-windows-embedded-ce-60
ee501628(v=winembedded.60)	IXRImageSource	catalog-windows-embedded-ce-60
ee501635(v=winembedded.60)	PHValidateProvisionXML	catalog-windows-embedded-ce-60
ee501637(v=winembedded.60)	XRGridUnitType	catalog-windows-embedded-ce-60
ee501650(v=winembedded.60)	PHGetSetting	catalog-windows-embedded-ce-60
ee501662(v=winembedded.60)	IXRVisualTransitionCollection	catalog-windows-embedded-ce-60
ee501664(v=winembedded.60)	IXRPathSegmentCollection	catalog-windows-embedded-ce-60
ee501697(v=winembedded.60)	RTC Version 1.5 Objects and Interfaces	catalog-windows-embedded-ce-60
ee501700(v=winembedded.60)	PHGetActiveVolume	catalog-windows-embedded-ce-60
ee501712(v=winembedded.60)	PHMenuScreen	catalog-windows-embedded-ce-60
ee501726(v=winembedded.60)	WAGINFO	catalog-windows-embedded-ce-60
ee501743(v=winembedded.60)	CreatePhysicsEngine	catalog-windows-embedded-ce-60
ee501819(v=winembedded.60)	XRStretch	catalog-windows-embedded-ce-60
ee501824(v=winembedded.60)	IXRLinearColorKeyFrame	catalog-windows-embedded-ce-60
ee501838(v=winembedded.60)	IXRTriggerCollection	catalog-windows-embedded-ce-60
ee501839(v=winembedded.60)	XRStyleSimulations	catalog-windows-embedded-ce-60
ee501840(v=winembedded.60)	XRGradientSpreadMethod	catalog-windows-embedded-ce-60
ee501844(v=winembedded.60)	DEFINE_XR_IID2	catalog-windows-embedded-ce-60
ee501855(v=winembedded.60)	XRThreeState	catalog-windows-embedded-ce-60
ee501873(v=winembedded.60)	IXRItemCollection	catalog-windows-embedded-ce-60
ee501875(v=winembedded.60)	FreeXRValue	catalog-windows-embedded-ce-60
ee501942(v=winembedded.60)	AllKeys	catalog-windows-embedded-ce-60
ee501984(v=winembedded.60)	PHYSICSENGINESTATE	catalog-windows-embedded-ce-60
ee502112(v=winembedded.60)	IXRCheckBox	catalog-windows-embedded-ce-60
ee502118(v=winembedded.60)	XRPenLineCap	catalog-windows-embedded-ce-60
ee502119(v=winembedded.60)	IXRPathSegment	catalog-windows-embedded-ce-60
ee502120(v=winembedded.60)	XRAlignmentY	catalog-windows-embedded-ce-60
ee502128(v=winembedded.60)	IXRInlineCollection	catalog-windows-embedded-ce-60
ee502139(v=winembedded.60)	XRBrushMappingMode	catalog-windows-embedded-ce-60
ee502150(v=winembedded.60)	IXRVisualStateCollection	catalog-windows-embedded-ce-60
ee502164(v=winembedded.60)	XRSelectionChangedEventArgs	catalog-windows-embedded-ce-60
ee502169(v=winembedded.60)	IXRDiscreteObjectKeyFrame	catalog-windows-embedded-ce-60
ee502172(v=winembedded.60)	XRSizeChangedEventArgs	catalog-windows-embedded-ce-60
ee502195(v=winembedded.60)	IXRDiscreteColorKeyFrame	catalog-windows-embedded-ce-60
ee502203(v=winembedded.60)	IXRCanvas	catalog-windows-embedded-ce-60
ee502208(v=winembedded.60)	XRRepeatBehavior	catalog-windows-embedded-ce-60
ee502425(v=winembedded.60)	XRVerticalAlignment	catalog-windows-embedded-ce-60
ee502426(v=winembedded.60)	XRVisibility	catalog-windows-embedded-ce-60
ee502439(v=winembedded.60)	XREventArgs	catalog-windows-embedded-ce-60
ee502453(v=winembedded.60)	XRMouseButtonEventArgs	catalog-windows-embedded-ce-60
ee502478(v=winembedded.60)	XRSweepDirection	catalog-windows-embedded-ce-60
ee502491(v=winembedded.60)	XRMouseEventArgs	catalog-windows-embedded-ce-60
ee502513(v=winembedded.60)	XamlRuntimeInitialize	catalog-windows-embedded-ce-60
ee502517(v=winembedded.60)	IXRDiscreteDoubleKeyFrame	catalog-windows-embedded-ce-60
ee502547(v=winembedded.60)	Gesture	catalog-windows-embedded-ce-60
ee502549(v=winembedded.60)	DestroyPhysicsEngine	catalog-windows-embedded-ce-60
ee502566(v=winembedded.60)	IOCTL_CONSOLE_SETTITLE	catalog-windows-embedded-ce-60
ee502665(v=winembedded.60)	XRTextChangedEventArgs	catalog-windows-embedded-ce-60
ee502685(v=winembedded.60)	XRDragStartedEventArgs	catalog-windows-embedded-ce-60
ee502689(v=winembedded.60)	IXRTransformCollection	catalog-windows-embedded-ce-60
ee502711(v=winembedded.60)	XRTextDecorationType	catalog-windows-embedded-ce-60
ee502724(v=winembedded.60)	XRXamlSource	catalog-windows-embedded-ce-60
ee502731(v=winembedded.60)	IXRPointKeyFrameCollection	catalog-windows-embedded-ce-60
ee502747(v=winembedded.60)	XRTextAlignment	catalog-windows-embedded-ce-60
ee502809(v=winembedded.60)	XRKeyEventArgs	catalog-windows-embedded-ce-60
ee502822(v=winembedded.60)	XRScrollEventArgs	catalog-windows-embedded-ce-60
ee502823(v=winembedded.60)	IXREllipse	catalog-windows-embedded-ce-60
ee502915(v=winembedded.60)	ANIMATEMESSAGEINFO	catalog-windows-embedded-ce-60
ee502943(v=winembedded.60)	IXRRowDefinitionCollection	catalog-windows-embedded-ce-60
ee502946(v=winembedded.60)	XRDependencyPropertyMetaData	catalog-windows-embedded-ce-60
ee502966(v=winembedded.60)	IXRPointCollection	catalog-windows-embedded-ce-60
ee502975(v=winembedded.60)	XRWindowCreateParams	catalog-windows-embedded-ce-60
ee502978(v=winembedded.60)	XRRoutedEventArgs	catalog-windows-embedded-ce-60
ee502981(v=winembedded.60)	XRCornerRadius	catalog-windows-embedded-ce-60
ee502984(v=winembedded.60)	IXRTimelineCollection	catalog-windows-embedded-ce-60
ee502995(v=winembedded.60)	IXRCacheMode	catalog-windows-embedded-ce-60
ee502998(v=winembedded.60)	XRFontStretch	catalog-windows-embedded-ce-60
ee503026(v=winembedded.60)	PFN_PROPERTY_CHANGE	catalog-windows-embedded-ce-60
ee503028(v=winembedded.60)	XRFillRule	catalog-windows-embedded-ce-60
ee503217(v=winembedded.60)	GetGestureInfo	catalog-windows-embedded-ce-60
ee503247(v=winembedded.60)	XRKeyTime	catalog-windows-embedded-ce-60
ee503249(v=winembedded.60)	XRGestureEventArgs	catalog-windows-embedded-ce-60
ee503262(v=winembedded.60)	IXRItemsPanelTemplate	catalog-windows-embedded-ce-60
ee503280(v=winembedded.60)	IXRTriggerActionCollection	catalog-windows-embedded-ce-60
ee503321(v=winembedded.60)	XRKeyboardNavigationMode	catalog-windows-embedded-ce-60
ee503344(v=winembedded.60)	XRHorizontalAlignment	catalog-windows-embedded-ce-60
ee503351(v=winembedded.60)	IXRLinearPointKeyFrame	catalog-windows-embedded-ce-60
ee503353(v=winembedded.60)	IXRColorKeyFrameCollection	catalog-windows-embedded-ce-60
ee503425(v=winembedded.60)	IOCTL_CONSOLE_GETSCREENCOLS	catalog-windows-embedded-ce-60
ee503559(v=winembedded.60)	XRThickness	catalog-windows-embedded-ce-60
ee503561(v=winembedded.60)	IXRFrameworkTemplate	catalog-windows-embedded-ce-60
ee503573(v=winembedded.60)	XROrientation	catalog-windows-embedded-ce-60
ee503575(v=winembedded.60)	IXRStylusPointCollection	catalog-windows-embedded-ce-60
ee503585(v=winembedded.60)	XRScrollEventType	catalog-windows-embedded-ce-60
ee503595(v=winembedded.60)	IXRLinearDoubleKeyFrame	catalog-windows-embedded-ce-60
ee503597(v=winembedded.60)	QueryGestures	catalog-windows-embedded-ce-60
ee503609(v=winembedded.60)	IXRButton	catalog-windows-embedded-ce-60
ee503620(v=winembedded.60)	IXRItemsPresenter	catalog-windows-embedded-ce-60
ee503659(v=winembedded.60)	XRScrollChangedEventArgs	catalog-windows-embedded-ce-60
ee503684(v=winembedded.60)	IXRGeometryCollection	catalog-windows-embedded-ce-60
ee503686(v=winembedded.60)	XRClickMode	catalog-windows-embedded-ce-60
ee503729(v=winembedded.60)	FreeString	catalog-windows-embedded-ce-60
ee503736(v=winembedded.60)	SetWindowAutoGesture	catalog-windows-embedded-ce-60
ee503739(v=winembedded.60)	GetNextParameterType	catalog-windows-embedded-ce-60
ee503740(v=winembedded.60)	pfnCommandCallback	catalog-windows-embedded-ce-60
ee503752(v=winembedded.60)	AddParameterString	catalog-windows-embedded-ce-60
ee503755(v=winembedded.60)	GetParameterString	catalog-windows-embedded-ce-60
ee503756(v=winembedded.60)	StartCommandHandler	catalog-windows-embedded-ce-60
ee503774(v=winembedded.60)	GetParameterWORD	catalog-windows-embedded-ce-60
ee503779(v=winembedded.60)	SetAllocatedSize	catalog-windows-embedded-ce-60
ee503788(v=winembedded.60)	PushCommand	catalog-windows-embedded-ce-60
ee503792(v=winembedded.60)	GetParameterDWORD	catalog-windows-embedded-ce-60
ee503794(v=winembedded.60)	GetAvailableDataSize	catalog-windows-embedded-ce-60
ee503795(v=winembedded.60)	MANAGED_COMMANDHANDLER_TYPE	catalog-windows-embedded-ce-60
ee503813(v=winembedded.60)	CDeviceRemoteTool	catalog-windows-embedded-ce-60
ee503816(v=winembedded.60)	UnInitializeService	catalog-windows-embedded-ce-60
ee503817(v=winembedded.60)	InitializeService	catalog-windows-embedded-ce-60
ee503832(v=winembedded.60)	END_COMMAND	catalog-windows-embedded-ce-60
ee503836(v=winembedded.60)	GetParameterBytes	catalog-windows-embedded-ce-60
ee503840(v=winembedded.60)	AddParameterBytes	catalog-windows-embedded-ce-60
ee503851(v=winembedded.60)	CCommandPacket	catalog-windows-embedded-ce-60
ee503852(v=winembedded.60)	COMMAND_MESSAGE_DATA	catalog-windows-embedded-ce-60
ee503862(v=winembedded.60)	AddParameterWORD	catalog-windows-embedded-ce-60
ee503863(v=winembedded.60)	AddParameterDWORD	catalog-windows-embedded-ce-60
ee503866(v=winembedded.60)	Reset	catalog-windows-embedded-ce-60
ee503868(v=winembedded.60)	CreateCommand	catalog-windows-embedded-ce-60
ee503869(v=winembedded.60)	WaitOnCommandHandler	catalog-windows-embedded-ce-60
ee503871(v=winembedded.60)	MANAGED_DATATYPE	catalog-windows-embedded-ce-60
ee503878(v=winembedded.60)	FreeCommand	catalog-windows-embedded-ce-60
ee503880(v=winembedded.60)	StopCommandHandler	catalog-windows-embedded-ce-60
ee503892(v=winembedded.60)	GESTUREINFO	catalog-windows-embedded-ce-60
ee503942(v=winembedded.60)	PHYSICSENGINEINIT	catalog-windows-embedded-ce-60
ee503944(v=winembedded.60)	IXRPathFigureCollection	catalog-windows-embedded-ce-60
ee503990(v=winembedded.60)	IXRComboBoxItem	catalog-windows-embedded-ce-60
ee503992(v=winembedded.60)	DEFINE_XR_IID	catalog-windows-embedded-ce-60
ee503994(v=winembedded.60)	XRFillBehavior	catalog-windows-embedded-ce-60
ee504007(v=winembedded.60)	PFN_CREATE_CONTROL	catalog-windows-embedded-ce-60
ee504011(v=winembedded.60)	ICONINFO	catalog-windows-embedded-ce-60
ee504017(v=winembedded.60)	XRAlignmentX	catalog-windows-embedded-ce-60
ee504053(v=winembedded.60)	DisableGestures	catalog-windows-embedded-ce-60
ee504059(v=winembedded.60)	XRSize	catalog-windows-embedded-ce-60
ee504069(v=winembedded.60)	XRDragCompletedEventArgs	catalog-windows-embedded-ce-60
ee504080(v=winembedded.60)	XRTimeSpan	catalog-windows-embedded-ce-60
ee504170(v=winembedded.60)	IXRObjectKeyFrameCollection	catalog-windows-embedded-ce-60
ee504173(v=winembedded.60)	IXRDoubleKeyFrameCollection	catalog-windows-embedded-ce-60
ee504179(v=winembedded.60)	XRScrollBarVisibility	catalog-windows-embedded-ce-60
ee504187(v=winembedded.60)	PFN_TYPE_CONVERTER	catalog-windows-embedded-ce-60
ee504189(v=winembedded.60)	IXRDiscretePointKeyFrame	catalog-windows-embedded-ce-60
ee504201(v=winembedded.60)	XRCursor	catalog-windows-embedded-ce-60
ee504243(v=winembedded.60)	IXRGradientStopCollection	catalog-windows-embedded-ce-60
ee504247(v=winembedded.60)	XRDragDeltaEventArgs	catalog-windows-embedded-ce-60
ee504258(v=winembedded.60)	IXRUIElementCollection	catalog-windows-embedded-ce-60
ee504263(v=winembedded.60)	IXRTriggerAction	catalog-windows-embedded-ce-60
ee504275(v=winembedded.60)	XR_HOOKPROC	catalog-windows-embedded-ce-60
ee504277(v=winembedded.60)	IXRColumnDefinitionCollection	catalog-windows-embedded-ce-60
ee504292(v=winembedded.60)	CloseGestureInfoHandle	catalog-windows-embedded-ce-60
ee504419(v=winembedded.60)	XRValue	catalog-windows-embedded-ce-60
ee504428(v=winembedded.60)	XRRect	catalog-windows-embedded-ce-60
ee504450(v=winembedded.60)	IXRVisualStateGroupCollection	catalog-windows-embedded-ce-60
ee504466(v=winembedded.60)	XamlRuntimeUninitialize	catalog-windows-embedded-ce-60
ee504467(v=winembedded.60)	XRFontStyle	catalog-windows-embedded-ce-60
ee504492(v=winembedded.60)	IXRTriggerBase	catalog-windows-embedded-ce-60
ee504494(v=winembedded.60)	XRGridLength	catalog-windows-embedded-ce-60
ee504501(v=winembedded.60)	IXRTransform	catalog-windows-embedded-ce-60
ee504518(v=winembedded.60)	IOCTL_CONSOLE_SETCONTROLCEVENT	catalog-windows-embedded-ce-60
ee504550(v=winembedded.60)	Gesture Flags and Constants	catalog-windows-embedded-ce-60
ee504657(v=winembedded.60)	DefaultInstall	catalog-windows-embedded-ce-60
ee505235(v=winembedded.60)	GetGestureExtraArguments	catalog-windows-embedded-ce-60
ee505272(v=winembedded.60)	IOCTL_CONSOLE_GETTITLE	catalog-windows-embedded-ce-60
ee505286(v=winembedded.60)	IOCTL_CONSOLE_FLUSHINPUT	catalog-windows-embedded-ce-60
ee505292(v=winembedded.60)	Touch Functions	catalog-windows-embedded-ce-60
ee505492(v=winembedded.60)	CustomTrackPopupMenu	catalog-windows-embedded-ce-60
ee505685(v=winembedded.60)	IOCTL_CONSOLE_SETMODE	catalog-windows-embedded-ce-60
ee505707(v=winembedded.60)	RegisterGesture	catalog-windows-embedded-ce-60
ee506067(v=winembedded.60)	Physics Engine Constants	catalog-windows-embedded-ce-60
ee506075(v=winembedded.60)	GetWindowAutoGesture	catalog-windows-embedded-ce-60
ee941503(v=winembedded.60)	IOCTL_EDBG_REGISTER_CLIENT	catalog-windows-embedded-ce-60
ee941504(v=winembedded.60)	IOCTL_EDBG_DEREGISTER_CLIENT	catalog-windows-embedded-ce-60
ee941506(v=winembedded.60)	IOCTL_EDBG_SET_DEBUG	catalog-windows-embedded-ce-60
ee941508(v=winembedded.60)	pfnSetMemoryAttributes	catalog-windows-embedded-ce-60
ee941509(v=winembedded.60)	IOCTL_EDBG_RECV	catalog-windows-embedded-ce-60
ee941513(v=winembedded.60)	IOCTL_EDBG_SEND	catalog-windows-embedded-ce-60
ee941515(v=winembedded.60)	MTPIPCONNECTIONINFO	catalog-windows-embedded-ce-60
ee941517(v=winembedded.60)	MTPIPRegisterConnectionNotification	catalog-windows-embedded-ce-60
ee941518(v=winembedded.60)	MTPIPGetConnectionData	catalog-windows-embedded-ce-60
ee941519(v=winembedded.60)	MTPIPAuthorizeConnection	catalog-windows-embedded-ce-60
ms859578(v=msdn.10)	Choosing Between Functions and Macros	catalog-windows-ce-50
ms859590(v=msdn.10)	Sorting	catalog-windows-ce-50
ms859601(v=msdn.10)	_alloca	catalog-windows-ce-50
ms859602(v=msdn.10)	abs	catalog-windows-ce-50
ms859603(v=msdn.10)	acos	catalog-windows-ce-50
ms859604(v=msdn.10)	asin	catalog-windows-ce-50
ms859607(v=msdn.10)	calloc	catalog-windows-ce-50
ms859608(v=msdn.10)	ceil	catalog-windows-ce-50
ms859609(v=msdn.10)	clearerr	catalog-windows-ce-50
ms859614(v=msdn.10)	Data Type Constants	catalog-windows-ce-50
ms859616(v=msdn.10)	div	catalog-windows-ce-50
ms859618(v=msdn.10)	exp	catalog-windows-ce-50
ms859619(v=msdn.10)	fabs	catalog-windows-ce-50
ms859621(v=msdn.10)	feof	catalog-windows-ce-50
ms859622(v=msdn.10)	ferror	catalog-windows-ce-50
ms859623(v=msdn.10)	fflush	catalog-windows-ce-50
ms859625(v=msdn.10)	fgetpos	catalog-windows-ce-50
ms859628(v=msdn.10)	File Translation Constants	catalog-windows-ce-50
ms859629(v=msdn.10)	floor	catalog-windows-ce-50
ms859630(v=msdn.10)	fmod	catalog-windows-ce-50
ms859637(v=msdn.10)	fread	catalog-windows-ce-50
ms859638(v=msdn.10)	free	catalog-windows-ce-50
ms859639(v=msdn.10)	frexp	catalog-windows-ce-50
ms859641(v=msdn.10)	fseek	catalog-windows-ce-50
ms859643(v=msdn.10)	fsetpos	catalog-windows-ce-50
ms859644(v=msdn.10)	ftell	catalog-windows-ce-50
ms859645(v=msdn.10)	fwrite	catalog-windows-ce-50
ms859648(v=msdn.10)	HUGE_VAL	catalog-windows-ce-50
ms859660(v=msdn.10)	labs	catalog-windows-ce-50
ms859661(v=msdn.10)	ldexp	catalog-windows-ce-50
ms859662(v=msdn.10)	ldiv	catalog-windows-ce-50
ms859664(v=msdn.10)	longjmp	catalog-windows-ce-50
ms859665(v=msdn.10)	malloc	catalog-windows-ce-50
ms859667(v=msdn.10)	mbstowcs	catalog-windows-ce-50
ms859671(v=msdn.10)	memmove	catalog-windows-ce-50
ms859743(v=msdn.10)	modf	catalog-windows-ce-50
ms859850(v=msdn.10)	NULL	catalog-windows-ce-50
ms859860(v=msdn.10)	pow	catalog-windows-ce-50
ms860352(v=msdn.10)	qsort	catalog-windows-ce-50
ms860353(v=msdn.10)	rand	catalog-windows-ce-50
ms860356(v=msdn.10)	RAND_MAX	catalog-windows-ce-50
ms860357(v=msdn.10)	realloc	catalog-windows-ce-50
ms860366(v=msdn.10)	setjmp	catalog-windows-ce-50
ms860368(v=msdn.10)	setvbuf	catalog-windows-ce-50
ms860375(v=msdn.10)	sqrt	catalog-windows-ce-50
ms860377(v=msdn.10)	srand	catalog-windows-ce-50
ms860394(v=msdn.10)	StringCbCat	catalog-windows-ce-50
ms860396(v=msdn.10)	StringCbCatEx	catalog-windows-ce-50
ms860397(v=msdn.10)	StringCbCatN	catalog-windows-ce-50
ms860398(v=msdn.10)	StringCbCatNEx	catalog-windows-ce-50
ms860399(v=msdn.10)	StringCbCopy	catalog-windows-ce-50
ms860400(v=msdn.10)	StringCbCopyEx	catalog-windows-ce-50
ms860401(v=msdn.10)	StringCbCopyN	catalog-windows-ce-50
ms860402(v=msdn.10)	StringCbCopyNEx	catalog-windows-ce-50
ms860403(v=msdn.10)	StringCbGets	catalog-windows-ce-50
ms860404(v=msdn.10)	StringCbGetsEx	catalog-windows-ce-50
ms860405(v=msdn.10)	StringCbLength	catalog-windows-ce-50
ms860406(v=msdn.10)	StringCbPrintf	catalog-windows-ce-50
ms860407(v=msdn.10)	StringCbPrintfEx	catalog-windows-ce-50
ms860408(v=msdn.10)	StringCbVPrintf	catalog-windows-ce-50
ms860409(v=msdn.10)	StringCbVPrintfEx	catalog-windows-ce-50
ms860410(v=msdn.10)	StringCchCat	catalog-windows-ce-50
ms860411(v=msdn.10)	StringCchCatEx	catalog-windows-ce-50
ms860413(v=msdn.10)	StringCchCatN	catalog-windows-ce-50
ms860415(v=msdn.10)	StringCchCatNEx	catalog-windows-ce-50
ms860418(v=msdn.10)	StringCchCopy	catalog-windows-ce-50
ms860420(v=msdn.10)	StringCchCopyEx	catalog-windows-ce-50
ms860422(v=msdn.10)	StringCchCopyN	catalog-windows-ce-50
ms860424(v=msdn.10)	StringCchCopyNEx	catalog-windows-ce-50
ms860427(v=msdn.10)	StringCchGets	catalog-windows-ce-50
ms860429(v=msdn.10)	StringCchGetsEx	catalog-windows-ce-50
ms860431(v=msdn.10)	StringCchLength	catalog-windows-ce-50
ms860433(v=msdn.10)	StringCchPrintf	catalog-windows-ce-50
ms860435(v=msdn.10)	StringCchPrintfEx	catalog-windows-ce-50
ms860438(v=msdn.10)	StringCchVPrintf	catalog-windows-ce-50
ms860440(v=msdn.10)	StringCchVPrintfEx	catalog-windows-ce-50
ms860473(v=msdn.10)	towlower	catalog-windows-ce-50
ms860474(v=msdn.10)	towupper	catalog-windows-ce-50
ms860477(v=msdn.10)	Translation Mode Constants	catalog-windows-ce-50
ms860481(v=msdn.10)	_cabs	catalog-windows-ce-50
ms860483(v=msdn.10)	_chgsign	catalog-windows-ce-50
ms860486(v=msdn.10)	_copysign	catalog-windows-ce-50
ms860488(v=msdn.10)	_ecvt	catalog-windows-ce-50
ms860490(v=msdn.10)	_fcvt	catalog-windows-ce-50
ms860492(v=msdn.10)	_fileno	catalog-windows-ce-50
ms860495(v=msdn.10)	_finite	catalog-windows-ce-50
ms860498(v=msdn.10)	_flushall	catalog-windows-ce-50
ms860503(v=msdn.10)	_fmode	catalog-windows-ce-50
ms860506(v=msdn.10)	_fpclass	catalog-windows-ce-50
ms860509(v=msdn.10)	_fpieee_flt	catalog-windows-ce-50
ms860513(v=msdn.10)	_fpreset	catalog-windows-ce-50
ms860516(v=msdn.10)	_gcvt	catalog-windows-ce-50
ms860519(v=msdn.10)	_hypot	catalog-windows-ce-50
ms860526(v=msdn.10)	_isnan	catalog-windows-ce-50
ms860535(v=msdn.10)	_logb	catalog-windows-ce-50
ms860546(v=msdn.10)	_memccpy	catalog-windows-ce-50
ms860871(v=msdn.10)	_memicmp	catalog-windows-ce-50
ms860937(v=msdn.10)	_msize	catalog-windows-ce-50
ms861004(v=msdn.10)	_nextafter	catalog-windows-ce-50
ms861134(v=msdn.10)	_scalb	catalog-windows-ce-50
ms861138(v=msdn.10)	_setmode	catalog-windows-ce-50
ms861151(v=msdn.10)	_statusfp	catalog-windows-ce-50
ms861247(v=msdn.10)	_swab	catalog-windows-ce-50
ms861280(v=msdn.10)	_wfdopen	catalog-windows-ce-50
ms861432(v=msdn.10)	wcstombs	catalog-windows-ce-50
ms861441(v=msdn.10)	_set_new_handler	catalog-windows-ce-50
ms861451(v=msdn.10)	_set_new_mode	catalog-windows-ce-50
ms864744(v=msdn.10)	MulDiv	catalog-windows-ce-50
ms881896(v=msdn.10)	HCI_DataPacketDown_In	catalog-windows-ce-50
ms881897(v=msdn.10)	HCI_DataPacketDown_Out	catalog-windows-ce-50
ms881898(v=msdn.10)	HCI_DataPacketUp	catalog-windows-ce-50
ms881899(v=msdn.10)	HCI_DataPacketUpAclUnbuffered	catalog-windows-ce-50
ms881901(v=msdn.10)	HCI IOCTL Functions	catalog-windows-ce-50
ms883398(v=msdn.10)	Parsing an SDP Record Using COM Interfaces	catalog-windows-ce-50
ms885152(v=msdn.10)	CeSetMemoryAttributes	catalog-windows-ce-50
ms885153(v=msdn.10)	CeSetPowerOnEvent	catalog-windows-ce-50
ms885157(v=msdn.10)	CeVirtualSharedAlloc	catalog-windows-ce-50
ms885185(v=msdn.10)	CreateStaticMapping	catalog-windows-ce-50
ms885190(v=msdn.10)	CreateWatchDogTimer	catalog-windows-ce-50
ms885203(v=msdn.10)	DrWatsonClear	catalog-windows-ce-50
ms885204(v=msdn.10)	DrWatsonFlush	catalog-windows-ce-50
ms885205(v=msdn.10)	DrWatsonGetSize	catalog-windows-ce-50
ms885206(v=msdn.10)	DrWatsonReadData	catalog-windows-ce-50
ms885207(v=msdn.10)	DrWatsonWriteData	catalog-windows-ce-50
ms885598(v=msdn.10)	ForcePageout	catalog-windows-ce-50
ms885603(v=msdn.10)	FreePhysMem	catalog-windows-ce-50
ms885604(v=msdn.10)	GetCallerProcess	catalog-windows-ce-50
ms885612(v=msdn.10)	GetCurrentPermissions	catalog-windows-ce-50
ms885618(v=msdn.10)	GetEPC	catalog-windows-ce-50
ms885619(v=msdn.10)	GetEventData	catalog-windows-ce-50
ms885633(v=msdn.10)	GetOwnerProcess	catalog-windows-ce-50
ms885637(v=msdn.10)	GetStdioPathW	catalog-windows-ce-50
ms885639(v=msdn.10)	GetSystemMemoryDivision	catalog-windows-ce-50
ms885641(v=msdn.10)	GetThreadCallStack	catalog-windows-ce-50
ms885664(v=msdn.10)	HookInterrupt	catalog-windows-ce-50
ms885675(v=msdn.10)	InterruptDisable	catalog-windows-ce-50
ms885676(v=msdn.10)	InterruptDone	catalog-windows-ce-50
ms885677(v=msdn.10)	InterruptInitialize	catalog-windows-ce-50
ms885678(v=msdn.10)	InterruptMask	catalog-windows-ce-50
ms885679(v=msdn.10)	INTERRUPTS_ENABLE	catalog-windows-ce-50
ms885680(v=msdn.10)	INTERRUPTS_OFF	catalog-windows-ce-50
ms885681(v=msdn.10)	INTERRUPTS_ON	catalog-windows-ce-50
ms885686(v=msdn.10)	IsAPIReady	catalog-windows-ce-50
ms885784(v=msdn.10)	Using the Callback Function	catalog-windows-ce-50
ms885964(v=msdn.10)	Protected Registry Keys and Values	catalog-windows-ce-50
ms886626(v=msdn.10)	WPA	catalog-windows-ce-50
ms886723(v=msdn.10)	IsInPwrHdlr	catalog-windows-ce-50
ms886725(v=msdn.10)	IsNamedEventSignaled	catalog-windows-ce-50
ms886727(v=msdn.10)	ISRHandler	catalog-windows-ce-50
ms886728(v=msdn.10)	KCompareFileTime	catalog-windows-ce-50
ms886729(v=msdn.10)	KernelIoControl	catalog-windows-ce-50
ms886730(v=msdn.10)	KernelLibIoControl	catalog-windows-ce-50
ms886731(v=msdn.10)	KFileTimeToSystemTime	catalog-windows-ce-50
ms886732(v=msdn.10)	KSystemTimeToFileTime	catalog-windows-ce-50
ms886735(v=msdn.10)	LoadDriver	catalog-windows-ce-50
ms886744(v=msdn.10)	LockPages	catalog-windows-ce-50
ms886749(v=msdn.10)	MapCallerPtr	catalog-windows-ce-50
ms886751(v=msdn.10)	MapPtrToProcess	catalog-windows-ce-50
ms886763(v=msdn.10)	OEMProfilerData	catalog-windows-ce-50
ms886767(v=msdn.10)	OpenWatchDogTimer	catalog-windows-ce-50
ms886771(v=msdn.10)	PageOutModule	catalog-windows-ce-50
ms886776(v=msdn.10)	ProfileCaptureStatus	catalog-windows-ce-50
ms886778(v=msdn.10)	ProfilerControl	catalog-windows-ce-50
ms886779(v=msdn.10)	ProfilerHit	catalog-windows-ce-50
ms886780(v=msdn.10)	ProfilerHitEx	catalog-windows-ce-50
ms886781(v=msdn.10)	ProfileStart	catalog-windows-ce-50
ms886782(v=msdn.10)	ProfileStartEx	catalog-windows-ce-50
ms886783(v=msdn.10)	ProfileStop	catalog-windows-ce-50
ms886795(v=msdn.10)	RefreshWatchDogTimer	catalog-windows-ce-50
ms886802(v=msdn.10)	ROMHDR	catalog-windows-ce-50
ms886809(v=msdn.10)	SetDbgZone	catalog-windows-ce-50
ms886811(v=msdn.10)	SetEventData	catalog-windows-ce-50
ms886813(v=msdn.10)	SetInterruptEvent	catalog-windows-ce-50
ms886814(v=msdn.10)	SetJITDebuggerPath	catalog-windows-ce-50
ms886815(v=msdn.10)	SetKernelCommDev	catalog-windows-ce-50
ms886816(v=msdn.10)	SetKMode	catalog-windows-ce-50
ms886819(v=msdn.10)	SetProcPermissions	catalog-windows-ce-50
ms886820(v=msdn.10)	SetStdioPathW	catalog-windows-ce-50
ms886821(v=msdn.10)	SetStoreQueueBase	catalog-windows-ce-50
ms886822(v=msdn.10)	SetSystemMemoryDivision	catalog-windows-ce-50
ms887842(v=msdn.10)	BTH_HCI_IOCTL_GET_BASEBAND_HANDLES	catalog-windows-ce-50
ms887843(v=msdn.10)	BTH_HCI_IOCTL_GET_BD_FOR_HANDLE	catalog-windows-ce-50
ms887844(v=msdn.10)	BTH_HCI_IOCTL_GET_COMMANDSIZE	catalog-windows-ce-50
ms887845(v=msdn.10)	BTH_HCI_IOCTL_GET_ERRORS	catalog-windows-ce-50
ms887846(v=msdn.10)	BTH_HCI_IOCTL_GET_FLOW	catalog-windows-ce-50
ms887847(v=msdn.10)	BTH_HCI_IOCTL_GET_HANDLE_FOR_BD	catalog-windows-ce-50
ms887848(v=msdn.10)	BTH_HCI_IOCTL_GET_HANDLE_MODE	catalog-windows-ce-50
ms887849(v=msdn.10)	BTH_HCI_IOCTL_GET_HARDWARE_STATUS	catalog-windows-ce-50
ms887850(v=msdn.10)	BTH_HCI_IOCTL_GET_INQUIRY	catalog-windows-ce-50
ms887851(v=msdn.10)	BTH_HCI_IOCTL_GET_LAST_INQUIRY_DATA	catalog-windows-ce-50
ms887852(v=msdn.10)	BTH_HCI_IOCTL_GET_LOOPBACK	catalog-windows-ce-50
ms887853(v=msdn.10)	BTH_HCI_IOCTL_GET_NUM_ONDEVICE	catalog-windows-ce-50
ms887854(v=msdn.10)	BTH_HCI_IOCTL_GET_NUM_PENDING	catalog-windows-ce-50
ms887855(v=msdn.10)	BTH_HCI_IOCTL_GET_NUM_UNSENT	catalog-windows-ce-50
ms887856(v=msdn.10)	BTH_HCI_IOCTL_GET_PERIODIC_INQUIRY	catalog-windows-ce-50
ms887857(v=msdn.10)	BTH_HCI_IOCTL_GET_UNDER_TEST	catalog-windows-ce-50
ms887858(v=msdn.10)	BTH_HCI_IOCTL_HANDLE_AUTHENTICATED	catalog-windows-ce-50
ms887859(v=msdn.10)	BTH_HCI_IOCTL_HANDLE_ENCRYPTED	catalog-windows-ce-50
ms887894(v=msdn.10)	BTH_STACK_IOCTL_GET_CONNECTED	catalog-windows-ce-50
ms887901(v=msdn.10)	BTH_HCI_IOCTL_GET_BASEBAND_CONNECTIONS	catalog-windows-ce-50
ms887902(v=msdn.10)	BTH_HCI_IOCTL_GET_REMOTE_COD	catalog-windows-ce-50
ms887903(v=msdn.10)	BTH_HCI_IOCTL_GET_SCO_PARAMETERS	catalog-windows-ce-50
ms887915(v=msdn.10)	ControllerEvent	catalog-windows-ce-50
ms887931(v=msdn.10)	DEFRAG_OPTIONS	catalog-windows-ce-50
ms887939(v=msdn.10)	DefragVolume	catalog-windows-ce-50
ms887947(v=msdn.10)	DefragVolumeEx	catalog-windows-ce-50
ms887957(v=msdn.10)	DefragVolumeUI	catalog-windows-ce-50
ms887962(v=msdn.10)	DEFRAG_PARAMS	catalog-windows-ce-50
ms887970(v=msdn.10)	DEFRAG_RESULTS	catalog-windows-ce-50
ms887992(v=msdn.10)	DeleteCache	catalog-windows-ce-50
ms889011(v=msdn.10)	DISK_COPY_EXTERNAL	catalog-windows-ce-50
ms889307(v=msdn.10)	FILE_ALLOCATED_RANGE_BUFFER	catalog-windows-ce-50
ms889492(v=msdn.10)	FILE_COPY_EXTERNAL	catalog-windows-ce-50
ms889606(v=msdn.10)	FILE_ZERO_DATA_INFORMATION	catalog-windows-ce-50
ms890202(v=msdn.10)	FlushCache	catalog-windows-ce-50
ms890315(v=msdn.10)	HCI_Buffer_Size	catalog-windows-ce-50
ms890316(v=msdn.10)	HCI_CloseDeviceContext	catalog-windows-ce-50
ms890317(v=msdn.10)	HCI_EstablishDeviceContext	catalog-windows-ce-50
ms890318(v=msdn.10)	HCIEventContext	catalog-windows-ce-50
ms890331(v=msdn.10)	IAS_QUERY	catalog-windows-ce-50
ms890332(v=msdn.10)	IAS_SET	catalog-windows-ce-50
ms890413(v=msdn.10)	FORMAT_OPTIONS	catalog-windows-ce-50
ms890458(v=msdn.10)	FormatVolume	catalog-windows-ce-50
ms890467(v=msdn.10)	FormatVolumeEx	catalog-windows-ce-50
ms890480(v=msdn.10)	FormatVolumeUI	catalog-windows-ce-50
ms890489(v=msdn.10)	FORMAT_PARAMS	catalog-windows-ce-50
ms890505(v=msdn.10)	FORMAT_RESULTS	catalog-windows-ce-50
ms890514(v=msdn.10)	FRAGNODE	catalog-windows-ce-50
ms890532(v=msdn.10)	FSCTL_COPY_EXTERNAL_COMPLETE	catalog-windows-ce-50
ms890545(v=msdn.10)	FSCTL_COPY_EXTERNAL_START	catalog-windows-ce-50
ms890558(v=msdn.10)	FSCTL_GET_COMPRESSION	catalog-windows-ce-50
ms890569(v=msdn.10)	FSCTL_GET_REGISTRY_INFO	catalog-windows-ce-50
ms890585(v=msdn.10)	FSCTL_QUERY_ALLOCATED_RANGES	catalog-windows-ce-50
ms890601(v=msdn.10)	FSCTL_SET_COMPRESSION	catalog-windows-ce-50
ms890611(v=msdn.10)	FSCTL_SET_SPARSE	catalog-windows-ce-50
ms890637(v=msdn.10)	FSCTL_SET_ZERO_DATA	catalog-windows-ce-50
ms890651(v=msdn.10)	FSCTL_USER	catalog-windows-ce-50
ms890667(v=msdn.10)	FSD_BUFFER_INFO	catalog-windows-ce-50
ms890695(v=msdn.10)	FSD_DISK_INFO	catalog-windows-ce-50
ms890878(v=msdn.10)	FSSCTL_FLUSH_BUFFERS	catalog-windows-ce-50
ms890976(v=msdn.10)	GetOIDSearchID	catalog-windows-ce-50
ms890987(v=msdn.10)	InquiryResultBuffer	catalog-windows-ce-50
ms890993(v=msdn.10)	GetPasswordActive	catalog-windows-ce-50
ms891004(v=msdn.10)	GetPasswordStatus	catalog-windows-ce-50
ms891226(v=msdn.10)	GetUserDirectory	catalog-windows-ce-50
ms891340(v=msdn.10)	HiveRAMInfo	catalog-windows-ce-50
ms891349(v=msdn.10)	HiveRAMRegion	catalog-windows-ce-50
ms891359(v=msdn.10)	InvalidateCache	catalog-windows-ce-50
ms891368(v=msdn.10)	IOCTL_DISK_FORMAT_VOLUME	catalog-windows-ce-50
ms891377(v=msdn.10)	IOCTL_DISK_SCAN_VOLUME	catalog-windows-ce-50
ms891378(v=msdn.10)	IOCTL_DISK_COPY_EXTERNAL_COMPLETE	catalog-windows-ce-50
ms891382(v=msdn.10)	IOCTL_DISK_COPY_EXTERNAL_START	catalog-windows-ce-50
ms891423(v=msdn.10)	PARTENTRY	catalog-windows-ce-50
ms891446(v=msdn.10)	ReadGenericData	catalog-windows-ce-50
ms891447(v=msdn.10)	ReadRegData	catalog-windows-ce-50
ms891449(v=msdn.10)	RegCopyFile	catalog-windows-ce-50
ms891457(v=msdn.10)	RegistryOperation	catalog-windows-ce-50
ms891463(v=msdn.10)	RegReplaceKey	catalog-windows-ce-50
ms891464(v=msdn.10)	RegRestoreFile	catalog-windows-ce-50
ms891466(v=msdn.10)	RegSaveKey	catalog-windows-ce-50
ms891467(v=msdn.10)	RegSecureKey	catalog-windows-ce-50
ms891468(v=msdn.10)	RegSecureKeyList	catalog-windows-ce-50
ms891472(v=msdn.10)	REPLCHANGEINFO	catalog-windows-ce-50
ms891473(v=msdn.10)	ReplChangeSyncSettings	catalog-windows-ce-50
ms891474(v=msdn.10)	ReplCheckpoint	catalog-windows-ce-50
ms891698(v=msdn.10)	ReplCloseSync	catalog-windows-ce-50
ms891775(v=msdn.10)	ReplFindNextChange	catalog-windows-ce-50
ms891783(v=msdn.10)	ReplGetOidStatus	catalog-windows-ce-50
ms891797(v=msdn.10)	ReplGetSyncState	catalog-windows-ce-50
ms891805(v=msdn.10)	ReplOpenSync	catalog-windows-ce-50
ms891818(v=msdn.10)	ResizeCache	catalog-windows-ce-50
ms891827(v=msdn.10)	SCAN_OPTIONS	catalog-windows-ce-50
ms891845(v=msdn.10)	ScanVolume	catalog-windows-ce-50
ms891858(v=msdn.10)	ScanVolumeEx	catalog-windows-ce-50
ms891864(v=msdn.10)	ScanVolumeUI	catalog-windows-ce-50
ms891875(v=msdn.10)	SCAN_PARAMS	catalog-windows-ce-50
ms891883(v=msdn.10)	SCAN_RESULTS	catalog-windows-ce-50
ms891894(v=msdn.10)	SECTOR_LIST_ENTRY	catalog-windows-ce-50
ms891903(v=msdn.10)	SetCurrentUser	catalog-windows-ce-50
ms891953(v=msdn.10)	SetPassword	catalog-windows-ce-50
ms891968(v=msdn.10)	SetPasswordActive	catalog-windows-ce-50
ms891976(v=msdn.10)	SetPasswordStatus	catalog-windows-ce-50
ms891984(v=msdn.10)	SetUserData	catalog-windows-ce-50
ms892139(v=msdn.10)	SyncCache	catalog-windows-ce-50
ms892381(v=msdn.10)	WriteGenericData	catalog-windows-ce-50
ms892382(v=msdn.10)	WriteRegData	catalog-windows-ce-50
ms893200(v=msdn.10)	Close Function	catalog-windows-ce-50
ms893202(v=msdn.10)	Collect Function	catalog-windows-ce-50
ms893210(v=msdn.10)	CommentMarkAtProfile	catalog-windows-ce-50
ms893211(v=msdn.10)	CommentMarkProfile	catalog-windows-ce-50
ms893239(v=msdn.10)	Debugging Macros	catalog-windows-ce-50
ms893321(v=msdn.10)	L2TP_CONFIG_DATA	catalog-windows-ce-50
ms893401(v=msdn.10)	LINE_APPNEWCALL	catalog-windows-ce-50
ms894150(v=msdn.10)	LINE_GATHERDIGITS	catalog-windows-ce-50
ms894342(v=msdn.10)	MarkProfile	catalog-windows-ce-50
ms894396(v=msdn.10)	NameProfile	catalog-windows-ce-50
ms894415(v=msdn.10)	Open Function	catalog-windows-ce-50
ms894451(v=msdn.10)	PERF_COUNTER_BLOCK	catalog-windows-ce-50
ms894453(v=msdn.10)	PERF_COUNTER_DEFINITION	catalog-windows-ce-50
ms894455(v=msdn.10)	PERF_DATA_BLOCK	catalog-windows-ce-50
ms894456(v=msdn.10)	PERF_INSTANCE_DEFINITION	catalog-windows-ce-50
ms894458(v=msdn.10)	PERF_OBJECT_TYPE	catalog-windows-ce-50
ms894459(v=msdn.10)	LINE_REPLY	catalog-windows-ce-50
ms894925(v=msdn.10)	ResumeProfile	catalog-windows-ce-50
ms894946(v=msdn.10)	ShellProc	catalog-windows-ce-50
ms894960(v=msdn.10)	StartProfile	catalog-windows-ce-50
ms894963(v=msdn.10)	StopProfile	catalog-windows-ce-50
ms894972(v=msdn.10)	Suppressed and Ignored Functions	catalog-windows-ce-50
ms894973(v=msdn.10)	SuspendProfile	catalog-windows-ce-50
ms894990(v=msdn.10)	TestProc	catalog-windows-ce-50
ms895030(v=msdn.10)	Using the ICcBootstrap Interface	catalog-windows-ce-50
ms895086(v=msdn.10)	Exception Handling Messages	catalog-windows-ce-50
ms895418(v=msdn.10)	ICcDeviceContainer	catalog-windows-ce-50
ms895514(v=msdn.10)	ICcFileContainer	catalog-windows-ce-50
ms895520(v=msdn.10)	ICcFormFactor	catalog-windows-ce-50
ms895526(v=msdn.10)	ICcFormFactorContainer	catalog-windows-ce-50
ms895561(v=msdn.10)	ICcOSImageContainer	catalog-windows-ce-50
ms895575(v=msdn.10)	ICcPackageContainer	catalog-windows-ce-50
ms895599(v=msdn.10)	ICcPackageTypeContainer	catalog-windows-ce-50
ms895613(v=msdn.10)	ICcPlatformContainer	catalog-windows-ce-50
ms895660(v=msdn.10)	ICcProject	catalog-windows-ce-50
ms895670(v=msdn.10)	ICcProjectContainer	catalog-windows-ce-50
ms895685(v=msdn.10)	ICcPropertyContainer	catalog-windows-ce-50
ms895730(v=msdn.10)	ICcServiceCategoryContainer	catalog-windows-ce-50
ms895751(v=msdn.10)	NSPLookupServiceEnd	catalog-windows-ce-50
ms895758(v=msdn.10)	NSPRemoveServiceClass	catalog-windows-ce-50
ms895762(v=msdn.10)	ICcServiceInfo	catalog-windows-ce-50
ms895772(v=msdn.10)	ICcServiceInfoContainer	catalog-windows-ce-50
ms895828(v=msdn.10)	PacketMarker	catalog-windows-ce-50
ms895833(v=msdn.10)	ICcTypeToArchitectureMap	catalog-windows-ce-50
ms895989(v=msdn.10)	PHONE_REPLY	catalog-windows-ce-50
ms896362(v=msdn.10)	RasCustomScriptExecute	catalog-windows-ce-50
ms896363(v=msdn.10)	RasDeleteEntry	catalog-windows-ce-50
ms898286(v=msdn.10)	DEVDETAIL	catalog-windows-ce-50
ms898580(v=msdn.10)	WM_RASDIALEVENT	catalog-windows-ce-50
ms898644(v=msdn.10)	InitializeStressModule	catalog-windows-ce-50
ms898645(v=msdn.10)	InitializeStressUtils	catalog-windows-ce-50
ms898646(v=msdn.10)	InitializeTestThread	catalog-windows-ce-50
ms898647(v=msdn.10)	Ioctl	catalog-windows-ce-50
ms898784(v=msdn.10)	WSPAddressToString	catalog-windows-ce-50
ms898785(v=msdn.10)	WSPAsyncSelect	catalog-windows-ce-50
ms898786(v=msdn.10)	WSPBind	catalog-windows-ce-50
ms898787(v=msdn.10)	WSPCleanup	catalog-windows-ce-50
ms898788(v=msdn.10)	WSPCloseSocket	catalog-windows-ce-50
ms898789(v=msdn.10)	WSPConnect	catalog-windows-ce-50
ms898790(v=msdn.10)	WSPDuplicateSocket	catalog-windows-ce-50
ms898791(v=msdn.10)	WSPEnumNetworkEvents	catalog-windows-ce-50
ms898792(v=msdn.10)	WSPEventSelect	catalog-windows-ce-50
ms898793(v=msdn.10)	WSPGetOverlappedResult	catalog-windows-ce-50
ms898794(v=msdn.10)	WSPGetPeerName	catalog-windows-ce-50
ms898811(v=msdn.10)	WSPGetSockName	catalog-windows-ce-50
ms898877(v=msdn.10)	WSPGetSockOpt	catalog-windows-ce-50
ms898897(v=msdn.10)	WSPIoctl	catalog-windows-ce-50
ms898901(v=msdn.10)	WSPJoinLeaf	catalog-windows-ce-50
ms898902(v=msdn.10)	WSPListen	catalog-windows-ce-50
ms898903(v=msdn.10)	WSPRecv	catalog-windows-ce-50
ms898904(v=msdn.10)	WSPRecvDisconnect	catalog-windows-ce-50
ms898905(v=msdn.10)	WSPRecvFrom	catalog-windows-ce-50
ms898906(v=msdn.10)	WSPSelect	catalog-windows-ce-50
ms898907(v=msdn.10)	WSPSend	catalog-windows-ce-50
ms898908(v=msdn.10)	WSPSendDisconnect	catalog-windows-ce-50
ms898909(v=msdn.10)	WSPSendTo	catalog-windows-ce-50
ms898910(v=msdn.10)	WSPSetSockOpt	catalog-windows-ce-50
ms898911(v=msdn.10)	WSPShutdown	catalog-windows-ce-50
ms898912(v=msdn.10)	WSPSocket	catalog-windows-ce-50
ms900464(v=msdn.10)	ITERATION_INFO	catalog-windows-ce-50
ms900471(v=msdn.10)	DEVICELIST	catalog-windows-ce-50
ms900505(v=msdn.10)	KatoBeginLevel	catalog-windows-ce-50
ms900509(v=msdn.10)	KatoCallback	catalog-windows-ce-50
ms900512(v=msdn.10)	KATOCALLBACKSTRUCT	catalog-windows-ce-50
ms900515(v=msdn.10)	KatoComment	catalog-windows-ce-50
ms900522(v=msdn.10)	KatoCreate	catalog-windows-ce-50
ms900524(v=msdn.10)	KatoDebug	catalog-windows-ce-50
ms900534(v=msdn.10)	KatoDestroy	catalog-windows-ce-50
ms900537(v=msdn.10)	KatoEndLevel	catalog-windows-ce-50
ms900541(v=msdn.10)	KatoFlush	catalog-windows-ce-50
ms900543(v=msdn.10)	KatoGetCurrentLevel	catalog-windows-ce-50
ms900545(v=msdn.10)	KatoGetDefaultObject	catalog-windows-ce-50
ms900546(v=msdn.10)	IrSock Functions	catalog-windows-ce-50
ms900547(v=msdn.10)	KatoGetItemData	catalog-windows-ce-50
ms900549(v=msdn.10)	KatoGetServer	catalog-windows-ce-50
ms900551(v=msdn.10)	KatoGetVerbosityCount	catalog-windows-ce-50
ms900554(v=msdn.10)	KatoLog	catalog-windows-ce-50
ms900564(v=msdn.10)	KatoSendSystemData	catalog-windows-ce-50
ms900566(v=msdn.10)	KatoSetCallback	catalog-windows-ce-50
ms900569(v=msdn.10)	KatoSetItemData	catalog-windows-ce-50
ms900571(v=msdn.10)	KatoSetServer	catalog-windows-ce-50
ms900574(v=msdn.10)	_Kill	catalog-windows-ce-50
ms900578(v=msdn.10)	KITLDeInitLibrary	catalog-windows-ce-50
ms900581(v=msdn.10)	KITLDeRegisterClient	catalog-windows-ce-50
ms900585(v=msdn.10)	KITLGetTranXMLParams	catalog-windows-ce-50
ms900589(v=msdn.10)	KITLInitLibrary	catalog-windows-ce-50
ms900600(v=msdn.10)	KITLLoadTransportLib	catalog-windows-ce-50
ms900603(v=msdn.10)	KITLRecv	catalog-windows-ce-50
ms900606(v=msdn.10)	KITLRegisterClient	catalog-windows-ce-50
ms900608(v=msdn.10)	KITLSend	catalog-windows-ce-50
ms900611(v=msdn.10)	KITLSetTranParam	catalog-windows-ce-50
ms900612(v=msdn.10)	KITLUnloadTransportLib	catalog-windows-ce-50
ms900613(v=msdn.10)	KITLWaitForSvcConnect	catalog-windows-ce-50
ms900614(v=msdn.10)	_LangHost	catalog-windows-ce-50
ms900615(v=msdn.10)	LINEAR_MEM_MAP_TYPE	catalog-windows-ce-50
ms900620(v=msdn.10)	Log	catalog-windows-ce-50
ms900622(v=msdn.10)	LogAll	catalog-windows-ce-50
ms900624(v=msdn.10)	LogComment	catalog-windows-ce-50
ms900626(v=msdn.10)	LogEx	catalog-windows-ce-50
ms900629(v=msdn.10)	LogFail	catalog-windows-ce-50
ms900631(v=msdn.10)	_LogMemUse	catalog-windows-ce-50
ms900634(v=msdn.10)	LogVerbose	catalog-windows-ce-50
ms900636(v=msdn.10)	LogWarn1	catalog-windows-ce-50
ms900640(v=msdn.10)	LogWarn2	catalog-windows-ce-50
ms900643(v=msdn.10)	MEMMAP_DESCRIPTION_TYPE	catalog-windows-ce-50
ms900645(v=msdn.10)	MEM_ACCESS_EXCLUSION_RANGE	catalog-windows-ce-50
ms900647(v=msdn.10)	MEM_TYPE2	catalog-windows-ce-50
ms900651(v=msdn.10)	MISC_EXDIACCESS_SERVICE_INFO	catalog-windows-ce-50
ms900654(v=msdn.10)	MODULE_PARAMS	catalog-windows-ce-50
ms900859(v=msdn.10)	MODULE_FIELD_IDS	catalog-windows-ce-50
ms900900(v=msdn.10)	_MsgBox	catalog-windows-ce-50
ms901010(v=msdn.10)	_Name	catalog-windows-ce-50
ms901069(v=msdn.10)	_NewScriptThread	catalog-windows-ce-50
ms901157(v=msdn.10)	PACKAGE_FILE_INFO	catalog-windows-ce-50
ms901166(v=msdn.10)	PERF_100NSEC_MULTI_TIMER	catalog-windows-ce-50
ms901167(v=msdn.10)	PERF_100NSEC_MULTI_TIMER_INV	catalog-windows-ce-50
ms901168(v=msdn.10)	PERF_100NSEC_TIMER	catalog-windows-ce-50
ms901169(v=msdn.10)	PERF_100NSEC_TIMER_INV	catalog-windows-ce-50
ms901170(v=msdn.10)	PERF_AVERAGE_BULK	catalog-windows-ce-50
ms901171(v=msdn.10)	PERF_AVERAGE_TIMER	catalog-windows-ce-50
ms901172(v=msdn.10)	PERF_COUNTER_BULK_COUNT	catalog-windows-ce-50
ms901173(v=msdn.10)	PERF_COUNTER_COUNTER	catalog-windows-ce-50
ms901174(v=msdn.10)	PERF_COUNTER_LARGE_RAWCOUNT	catalog-windows-ce-50
ms901175(v=msdn.10)	PERF_COUNTER_LARGE_RAWCOUNT_HEX	catalog-windows-ce-50
ms901176(v=msdn.10)	PERF_COUNTER_MULTI_TIMER	catalog-windows-ce-50
ms901177(v=msdn.10)	PERF_COUNTER_MULTI_TIMER_INV	catalog-windows-ce-50
ms901178(v=msdn.10)	PERF_COUNTER_QUEUELEN_TYPE	catalog-windows-ce-50
ms901179(v=msdn.10)	PERF_COUNTER_RAWCOUNT	catalog-windows-ce-50
ms901180(v=msdn.10)	PERF_COUNTER_RAWCOUNT_HEX	catalog-windows-ce-50
ms901181(v=msdn.10)	PERF_COUNTER_TIMER	catalog-windows-ce-50
ms901182(v=msdn.10)	PERF_COUNTER_TIMER_INV	catalog-windows-ce-50
ms901183(v=msdn.10)	PERF_ELAPSED_TIME	catalog-windows-ce-50
ms901184(v=msdn.10)	PERF_RAW_FRACTION	catalog-windows-ce-50
ms901186(v=msdn.10)	PERF_SAMPLE_COUNTER	catalog-windows-ce-50
ms901187(v=msdn.10)	PERF_SAMPLE_FRACTION	catalog-windows-ce-50
ms901188(v=msdn.10)	SystemInfo	catalog-windows-ce-50
ms901189(v=msdn.10)	PROC_FIELD_IDS	catalog-windows-ce-50
ms901190(v=msdn.10)	PTM_FIELD_DESC	catalog-windows-ce-50
ms901191(v=msdn.10)	PTM_RAW_DATA	catalog-windows-ce-50
ms901192(v=msdn.10)	ReadControlSpace	catalog-windows-ce-50
ms901193(v=msdn.10)	ReadIoSpace	catalog-windows-ce-50
ms901194(v=msdn.10)	ReadMemory	catalog-windows-ce-50
ms901195(v=msdn.10)	ReadPhysical	catalog-windows-ce-50
ms901196(v=msdn.10)	_ReleaseThenLaunch	catalog-windows-ce-50
ms901197(v=msdn.10)	ROUTINE_DATA	catalog-windows-ce-50
ms901198(v=msdn.10)	RUN_STATUS_TYPE2	catalog-windows-ce-50
ms901199(v=msdn.10)	SetContext	catalog-windows-ce-50
ms901200(v=msdn.10)	SetThreadForOperation	catalog-windows-ce-50
ms901201(v=msdn.10)	_SignalEvent	catalog-windows-ce-50
ms901202(v=msdn.10)	SPM_BEGIN_GROUP	catalog-windows-ce-50
ms901203(v=msdn.10)	SPM_BEGIN_TEST	catalog-windows-ce-50
ms901204(v=msdn.10)	SPM_END_GROUP	catalog-windows-ce-50
ms901205(v=msdn.10)	SPM_END_TEST	catalog-windows-ce-50
ms901206(v=msdn.10)	SPM_EXCEPTION	catalog-windows-ce-50
ms901207(v=msdn.10)	SPM_LOAD_DLL	catalog-windows-ce-50
ms901208(v=msdn.10)	SPM_REGISTER	catalog-windows-ce-50
ms901209(v=msdn.10)	SPM_SHELL_INFO	catalog-windows-ce-50
ms901210(v=msdn.10)	SPM_START_SCRIPT	catalog-windows-ce-50
ms901211(v=msdn.10)	SPM_STOP_SCRIPT	catalog-windows-ce-50
ms901212(v=msdn.10)	SPM_UNLOAD_DLL	catalog-windows-ce-50
ms901213(v=msdn.10)	SPS_BEGIN_TEST	catalog-windows-ce-50
ms901214(v=msdn.10)	SPS_END_TEST	catalog-windows-ce-50
ms901215(v=msdn.10)	SPS_EXCEPTION	catalog-windows-ce-50
ms901216(v=msdn.10)	SPS_LOAD_DLL	catalog-windows-ce-50
ms901217(v=msdn.10)	SPS_REGISTER	catalog-windows-ce-50
ms901218(v=msdn.10)	SPS_SHELL_INFO	catalog-windows-ce-50
ms901219(v=msdn.10)	StackTrace	catalog-windows-ce-50
ms901220(v=msdn.10)	_StrConv	catalog-windows-ce-50
ms901221(v=msdn.10)	TerminateStressModule	catalog-windows-ce-50
ms901223(v=msdn.10)	THREAD_FIELD_IDS	catalog-windows-ce-50
ms901224(v=msdn.10)	TL_FLAGS	catalog-windows-ce-50
ms901225(v=msdn.10)	TLPUBINFO	catalog-windows-ce-50
ms901226(v=msdn.10)	TPM_EXECUTE	catalog-windows-ce-50
ms901227(v=msdn.10)	TPM_QUERY_THREAD_COUNT	catalog-windows-ce-50
ms901228(v=msdn.10)	TPS_EXECUTE	catalog-windows-ce-50
ms901229(v=msdn.10)	TPS_QUERY_THREAD_COUNT	catalog-windows-ce-50
ms901230(v=msdn.10)	TranCreate	catalog-windows-ce-50
ms901231(v=msdn.10)	TranDeInitLibrary	catalog-windows-ce-50
ms901232(v=msdn.10)	TranDelete	catalog-windows-ce-50
ms901233(v=msdn.10)	TranEnumKnownDevice	catalog-windows-ce-50
ms901234(v=msdn.10)	TranGetHostCfg	catalog-windows-ce-50
ms901235(v=msdn.10)	TranGetInfo	catalog-windows-ce-50
ms901236(v=msdn.10)	TranGetXMLParams	catalog-windows-ce-50
ms901237(v=msdn.10)	TranInitLibrary	catalog-windows-ce-50
ms901238(v=msdn.10)	TranRecv	catalog-windows-ce-50
ms901239(v=msdn.10)	TranSend	catalog-windows-ce-50
ms901240(v=msdn.10)	TranSetDevCfg	catalog-windows-ce-50
ms901241(v=msdn.10)	TranSetParam	catalog-windows-ce-50
ms901242(v=msdn.10)	TRISTATE_TYPE	catalog-windows-ce-50
ms901243(v=msdn.10)	WriteIoSpace	catalog-windows-ce-50
ms901244(v=msdn.10)	_WriteLocalLog	catalog-windows-ce-50
ms901245(v=msdn.10)	WriteMemory	catalog-windows-ce-50
ms901246(v=msdn.10)	WritePhysical	catalog-windows-ce-50
ms901247(v=msdn.10)	_OutputDebugString	catalog-windows-ce-50
ms901248(v=msdn.10)	_Sleep	catalog-windows-ce-50
ms902344(v=msdn.10)	OEMAddressTable	catalog-windows-ce-50
ms902356(v=msdn.10)	PerfCountFreq	catalog-windows-ce-50
ms902412(v=msdn.10)	CPU Dependencies for OAL Functions	catalog-windows-ce-50
ms903982(v=msdn.10)	BootloaderMain	catalog-windows-ce-50
ms903983(v=msdn.10)	bProfileTimerRunning	catalog-windows-ce-50
ms903984(v=msdn.10)	CacheErrorHandler	catalog-windows-ce-50
ms903985(v=msdn.10)	CallEdbgDeregisterClient	catalog-windows-ce-50
ms903986(v=msdn.10)	CallEdbgRecv	catalog-windows-ce-50
ms903987(v=msdn.10)	CallEdbgRegisterClient	catalog-windows-ce-50
ms903988(v=msdn.10)	CallEdbgSend	catalog-windows-ce-50
ms903989(v=msdn.10)	CallEdbgSetDebug	catalog-windows-ce-50
ms903990(v=msdn.10)	cbNKCoProcRegSize	catalog-windows-ce-50
ms903991(v=msdn.10)	CeLogExportTable	catalog-windows-ce-50
ms903993(v=msdn.10)	CeLogImportTable	catalog-windows-ce-50
ms903994(v=msdn.10)	CEProcessorType	catalog-windows-ce-50
ms903995(v=msdn.10)	CertifyModule	catalog-windows-ce-50
ms903996(v=msdn.10)	CertifyModuleFinal	catalog-windows-ce-50
ms903997(v=msdn.10)	CertifyModuleInit	catalog-windows-ce-50
ms903998(v=msdn.10)	CreateInstance	catalog-windows-ce-50
ms904001(v=msdn.10)	CTL_CODE	catalog-windows-ce-50
ms904002(v=msdn.10)	CurMSec	catalog-windows-ce-50
ms904003(v=msdn.10)	curridlehigh	catalog-windows-ce-50
ms904004(v=msdn.10)	curridlelow	catalog-windows-ce-50
ms904005(v=msdn.10)	DestroyInstance	catalog-windows-ce-50
ms904006(v=msdn.10)	DEVICE_ID	catalog-windows-ce-50
ms904007(v=msdn.10)	DEVICE_PSL_NOTIFY	catalog-windows-ce-50
ms904008(v=msdn.10)	DiffMSec	catalog-windows-ce-50
ms904011(v=msdn.10)	dwCeLogTLBMiss	catalog-windows-ce-50
ms904012(v=msdn.10)	dwDefaultThreadQuantum	catalog-windows-ce-50
ms904013(v=msdn.10)	dwNKAlarmResolutionMSec	catalog-windows-ce-50
ms904014(v=msdn.10)	dwNKCoProcEnableBits	catalog-windows-ce-50
ms904015(v=msdn.10)	dwNKDrWatsonSize	catalog-windows-ce-50
ms904016(v=msdn.10)	dwNKMaxPrioNoScav	catalog-windows-ce-50
ms904017(v=msdn.10)	dwNKWatchDogThreadPriority	catalog-windows-ce-50
ms904018(v=msdn.10)	dwOEMCleanPages	catalog-windows-ce-50
ms904019(v=msdn.10)	dwOEMPTPoolSize	catalog-windows-ce-50
ms904020(v=msdn.10)	dwOEMWatchDogPeriod	catalog-windows-ce-50
ms904021(v=msdn.10)	dwPartialDiffMSec	catalog-windows-ce-50
ms904022(v=msdn.10)	dwPreempt	catalog-windows-ce-50
ms904023(v=msdn.10)	dwReschedTime	catalog-windows-ce-50
ms904024(v=msdn.10)	dwSleepMin	catalog-windows-ce-50
ms904025(v=msdn.10)	EbootEtherReadData	catalog-windows-ce-50
ms904026(v=msdn.10)	EbootGetDHCPAddr	catalog-windows-ce-50
ms904027(v=msdn.10)	EbootInitEtherTransport	catalog-windows-ce-50
ms904028(v=msdn.10)	EbootWaitForHostConnect	catalog-windows-ce-50
ms904138(v=msdn.10)	EDBG_ADDR	catalog-windows-ce-50
ms904153(v=msdn.10)	FileSystemPowerFunction	catalog-windows-ce-50
ms904164(v=msdn.10)	FlushDCache	catalog-windows-ce-50
ms904173(v=msdn.10)	FlushICache	catalog-windows-ce-50
ms904184(v=msdn.10)	fNKSaveCoProcReg	catalog-windows-ce-50
ms904192(v=msdn.10)	FreeIntChainHandler	catalog-windows-ce-50
ms904201(v=msdn.10)	fUseIterations	catalog-windows-ce-50
ms904213(v=msdn.10)	GIISR_INFO	catalog-windows-ce-50
ms904231(v=msdn.10)	GwesPowerOffSystem	catalog-windows-ce-50
ms904322(v=msdn.10)	idleconv	catalog-windows-ce-50
ms904416(v=msdn.10)	ILTIMING_MESSAGE	catalog-windows-ce-50
ms904424(v=msdn.10)	IMAGE_DATA_DIRECTORY	catalog-windows-ce-50
ms904425(v=msdn.10)	InitClock	catalog-windows-ce-50
ms904426(v=msdn.10)	InitPubKey	catalog-windows-ce-50
ms904427(v=msdn.10)	IntrMask	catalog-windows-ce-50
ms904428(v=msdn.10)	IntrPrio	catalog-windows-ce-50
ms904429(v=msdn.10)	IOControl	catalog-windows-ce-50
ms904430(v=msdn.10)	IOCTL_CELOG_GETDESKTOPZONE	catalog-windows-ce-50
ms904431(v=msdn.10)	IOCTL_CELOG_REGISTER	catalog-windows-ce-50
ms904433(v=msdn.10)	IOCTL_HAL_AUTHENTICATE_DEVICE	catalog-windows-ce-50
ms904434(v=msdn.10)	IOCTL_HAL_DDK_CALL	catalog-windows-ce-50
ms904435(v=msdn.10)	IOCTL_HAL_DISABLE_WAKE	catalog-windows-ce-50
ms904436(v=msdn.10)	IOCTL_HAL_ENABLE_WAKE	catalog-windows-ce-50
ms904437(v=msdn.10)	IOCTL_HAL_GETBUSDATA	catalog-windows-ce-50
ms904438(v=msdn.10)	IOCTL_HAL_GET_DEVICEID	catalog-windows-ce-50
ms904439(v=msdn.10)	IOCTL_HAL_GET_DEVICE_INFO	catalog-windows-ce-50
ms904450(v=msdn.10)	IOCTL_HAL_GET_HIVE_CLEAN_FLAG	catalog-windows-ce-50
ms904451(v=msdn.10)	IOCTL_HAL_GET_HIVE_RAM_REGION	catalog-windows-ce-50
ms904452(v=msdn.10)	IOCTL_HAL_GET_IMAGE_SIGNED_STATE	catalog-windows-ce-50
ms904453(v=msdn.10)	IOCTL_HAL_GET_IP_ADDR	catalog-windows-ce-50
ms904454(v=msdn.10)	IOCTL_HAL_GET_RANDOM_SEED	catalog-windows-ce-50
ms904455(v=msdn.10)	IOCTL_HAL_GETREGSECUREKEYS	catalog-windows-ce-50
ms904456(v=msdn.10)	IOCTL_HAL_GET_UUID	catalog-windows-ce-50
ms904457(v=msdn.10)	IOCTL_HAL_GET_WAKE_SOURCE	catalog-windows-ce-50
ms904458(v=msdn.10)	IOCTL_HAL_ILTIMING	catalog-windows-ce-50
ms904459(v=msdn.10)	IOCTL_HAL_INITREGISTRY	catalog-windows-ce-50
ms904460(v=msdn.10)	IOCTL_HAL_INIT_RTC	catalog-windows-ce-50
ms904461(v=msdn.10)	IOCTL_HAL_POSTINIT	catalog-windows-ce-50
ms904462(v=msdn.10)	IOCTL_HAL_PRESUSPEND	catalog-windows-ce-50
ms904463(v=msdn.10)	IOCTL_HAL_QUERY_DEVICE_SETTINGS	catalog-windows-ce-50
ms904464(v=msdn.10)	IOCTL_HAL_QUERY_DISPLAYSETTINGS	catalog-windows-ce-50
ms904465(v=msdn.10)	IOCTL_HAL_REBOOT	catalog-windows-ce-50
ms904466(v=msdn.10)	IOCTL_HAL_RELEASE_SYSINTR	catalog-windows-ce-50
ms904467(v=msdn.10)	IOCTL_HAL_REQUEST_IRQ	catalog-windows-ce-50
ms904468(v=msdn.10)	IOCTL_HAL_REQUEST_SYSINTR	catalog-windows-ce-50
ms904469(v=msdn.10)	IOCTL_HAL_SAVE_HIVE_RAM_REGION	catalog-windows-ce-50
ms904470(v=msdn.10)	IOCTL_HAL_SETBUSDATA	catalog-windows-ce-50
ms904471(v=msdn.10)	IOCTL_HAL_SET_DEVICE_INFO	catalog-windows-ce-50
ms904472(v=msdn.10)	IOCTL_HAL_TRANSLATE_IRQ	catalog-windows-ce-50
ms904473(v=msdn.10)	IOCTL_HAL_WHQL_TEST_MODE	catalog-windows-ce-50
ms904474(v=msdn.10)	IOCTL_KITL_GET_INFO	catalog-windows-ce-50
ms904475(v=msdn.10)	IOCTL_KLIB_GETALARMRESOLUTION	catalog-windows-ce-50
ms904476(v=msdn.10)	IOCTL_PROCESSOR_INFORMATION	catalog-windows-ce-50
ms904477(v=msdn.10)	IOCTL_PSL_NOTIFY	catalog-windows-ce-50
ms904478(v=msdn.10)	IOCTL_SET_KERNEL_COMM_DEV	catalog-windows-ce-50
ms904479(v=msdn.10)	IOCTL_VBRIDGE_802_3_MULTICAST_LIST	catalog-windows-ce-50
ms904480(v=msdn.10)	IOCTL_VBRIDGE_CURRENT_PACKET_FILTER	catalog-windows-ce-50
ms904481(v=msdn.10)	IOCTL_VBRIDGE_GET_ETHERNET_MAC	catalog-windows-ce-50
ms904482(v=msdn.10)	IOCTL_VBRIDGE_GET_RX_PACKET	catalog-windows-ce-50
ms904483(v=msdn.10)	IOCTL_VBRIDGE_GET_RX_PACKET_COMPLETE	catalog-windows-ce-50
ms904484(v=msdn.10)	IOCTL_VBRIDGE_GET_TX_PACKET	catalog-windows-ce-50
ms904485(v=msdn.10)	IOCTL_VBRIDGE_GET_TX_PACKET_COMPLETE	catalog-windows-ce-50
ms904486(v=msdn.10)	IOCTL_VBRIDGE_SHARED_ETHERNET	catalog-windows-ce-50
ms904487(v=msdn.10)	IOCTL_VBRIDGE_WILD_CARD	catalog-windows-ce-50
ms904488(v=msdn.10)	IOCTL_VBRIDGE_WILD_CARD_RESET_BUFFER	catalog-windows-ce-50
ms904489(v=msdn.10)	IOCTL_VBRIDGE_WILD_CARD_VB_INITIALIZED	catalog-windows-ce-50
ms904490(v=msdn.10)	IOCTL_CELOG_DEREGISTER	catalog-windows-ce-50
ms904491(v=msdn.10)	IOCTL_CELOG_IMPORT	catalog-windows-ce-50
ms904492(v=msdn.10)	IOCTL_CELOG_REPORTZONECHANGE	catalog-windows-ce-50
ms904493(v=msdn.10)	IOCTL_HAL_GET_CACHE_INFO	catalog-windows-ce-50
ms904494(v=msdn.10)	IOCTL_HAL_GET_RNDIS_MACADDR	catalog-windows-ce-50
ms904495(v=msdn.10)	IOCTL_HAL_OEM_PROFILER	catalog-windows-ce-50
ms904496(v=msdn.10)	IOCTL_HAL_QUERY_FORMAT_PARTITION	catalog-windows-ce-50
ms904497(v=msdn.10)	IsCeLogEnabled	catalog-windows-ce-50
ms904498(v=msdn.10)	IsCeLogStatus	catalog-windows-ce-50
ms904499(v=msdn.10)	IsCeLogZoneEnabled	catalog-windows-ce-50
ms904500(v=msdn.10)	KD_BPINFO	catalog-windows-ce-50
ms904501(v=msdn.10)	KD_IOCTL_CLEAR_CBP	catalog-windows-ce-50
ms904502(v=msdn.10)	KD_IOCTL_CLEAR_DBP	catalog-windows-ce-50
ms904503(v=msdn.10)	KD_IOCTL_ENUM_CBP	catalog-windows-ce-50
ms904504(v=msdn.10)	KD_IOCTL_ENUM_DBP	catalog-windows-ce-50
ms904505(v=msdn.10)	KD_IOCTL_QUERY_CBP	catalog-windows-ce-50
ms904506(v=msdn.10)	KD_IOCTL_QUERY_DBP	catalog-windows-ce-50
ms904507(v=msdn.10)	KD_IOCTL_SET_CBP	catalog-windows-ce-50
ms904508(v=msdn.10)	KD_IOCTL_SET_DBP	catalog-windows-ce-50
ms904509(v=msdn.10)	KD_EXCEPTION_INFO	catalog-windows-ce-50
ms904510(v=msdn.10)	KD_IOCTL_DMPGEN_END	catalog-windows-ce-50
ms904511(v=msdn.10)	KD_IOCTL_DMPGEN_START	catalog-windows-ce-50
ms904512(v=msdn.10)	KD_IOCTL_INIT	catalog-windows-ce-50
ms904513(v=msdn.10)	KD_IOCTL_JIT_NOTIF	catalog-windows-ce-50
ms904514(v=msdn.10)	KD_IOCTL_MAP_EXCEPTION	catalog-windows-ce-50
ms904515(v=msdn.10)	KD_IOCTL_MEMORY_INACCESSIBLE	catalog-windows-ce-50
ms904516(v=msdn.10)	KD_IOCTL_RESET	catalog-windows-ce-50
ms904517(v=msdn.10)	KitlInit	catalog-windows-ce-50
ms904518(v=msdn.10)	KITLOutputDebugString	catalog-windows-ce-50
ms904519(v=msdn.10)	KitlSendRawData	catalog-windows-ce-50
ms904520(v=msdn.10)	KitlSetTimerCallback	catalog-windows-ce-50
ms904521(v=msdn.10)	KitlStopTimerCallback	catalog-windows-ce-50
ms904766(v=msdn.10)	KITLTRANSPORT	catalog-windows-ce-50
ms904841(v=msdn.10)	KLibAllocShareMem	catalog-windows-ce-50
ms904850(v=msdn.10)	KLibFreeShareMem	catalog-windows-ce-50
ms904853(v=msdn.10)	KLocalFileTimeToFileTime	catalog-windows-ce-50
ms904854(v=msdn.10)	LoadIntChainHandler	catalog-windows-ce-50
ms904855(v=msdn.10)	LoadKernelLibrary	catalog-windows-ce-50
ms904856(v=msdn.10)	lpNKHaltSystem	catalog-windows-ce-50
ms904857(v=msdn.10)	lpReadDebugByteFunc	catalog-windows-ce-50
ms904858(v=msdn.10)	lpWriteDebugByteFunc	catalog-windows-ce-50
ms904859(v=msdn.10)	lpWriteDebugStringFunc	catalog-windows-ce-50
ms904860(v=msdn.10)	MainMemoryEndAddress	catalog-windows-ce-50
ms904862(v=msdn.10)	MEMORY_SECTION	catalog-windows-ce-50
ms904863(v=msdn.10)	NKCallIntChain	catalog-windows-ce-50
ms904864(v=msdn.10)	NKCreateStaticMapping	catalog-windows-ce-50
ms904865(v=msdn.10)	NKForceCleanBoot	catalog-windows-ce-50
ms904866(v=msdn.10)	NKIsSysIntrValid	catalog-windows-ce-50
ms904867(v=msdn.10)	NKrdmsr	catalog-windows-ce-50
ms904868(v=msdn.10)	NKRegCloseKey	catalog-windows-ce-50
ms904869(v=msdn.10)	NKRegCreateKeyEx	catalog-windows-ce-50
ms904870(v=msdn.10)	NKRegOpenKeyEx	catalog-windows-ce-50
ms904871(v=msdn.10)	NKRegQueryValueEx	catalog-windows-ce-50
ms904872(v=msdn.10)	NKRegSetValueEx	catalog-windows-ce-50
ms904873(v=msdn.10)	NKSetDataAbortHandler	catalog-windows-ce-50
ms904874(v=msdn.10)	NKVirtualSetAttributes	catalog-windows-ce-50
ms904875(v=msdn.10)	NKwrmsr	catalog-windows-ce-50
ms904876(v=msdn.10)	NotifyWinUserSystem	catalog-windows-ce-50
ms904877(v=msdn.10)	OEMARMCacheMode	catalog-windows-ce-50
ms904878(v=msdn.10)	OEMCacheRangeFlush	catalog-windows-ce-50
ms904879(v=msdn.10)	OEMCertifyModule	catalog-windows-ce-50
ms904880(v=msdn.10)	OEMCertifyModuleInit	catalog-windows-ce-50
ms904881(v=msdn.10)	OEMCheckSignature	catalog-windows-ce-50
ms904882(v=msdn.10)	OEMClearDebugCommError	catalog-windows-ce-50
ms904883(v=msdn.10)	OEMClearIntSources	catalog-windows-ce-50
ms904884(v=msdn.10)	OEMContinueEraseFlash	catalog-windows-ce-50
ms904885(v=msdn.10)	OEMDataAbortHandler	catalog-windows-ce-50
ms904886(v=msdn.10)	OEMDebugInit	catalog-windows-ce-50
ms904887(v=msdn.10)	OEMEnumExtensionDRAM	catalog-windows-ce-50
ms904889(v=msdn.10)	OEMEthDisableInts	catalog-windows-ce-50
ms904890(v=msdn.10)	OEMEthEnableInts	catalog-windows-ce-50
ms904891(v=msdn.10)	OEMEthGetFrame	catalog-windows-ce-50
ms904892(v=msdn.10)	OEMEthGetSecs	catalog-windows-ce-50
ms904893(v=msdn.10)	OEMEthInit	catalog-windows-ce-50
ms904894(v=msdn.10)	OEMEthISR	catalog-windows-ce-50
ms904895(v=msdn.10)	OEMEthQueryClientInfo	catalog-windows-ce-50
ms904896(v=msdn.10)	OEMEthSendFrame	catalog-windows-ce-50
ms904897(v=msdn.10)	OEMExtraCCR	catalog-windows-ce-50
ms904898(v=msdn.10)	OEMFindFirstWakeSource	catalog-windows-ce-50
ms904899(v=msdn.10)	OEMFinishEraseFlash	catalog-windows-ce-50
ms904900(v=msdn.10)	OEMFlushCache	catalog-windows-ce-50
ms904901(v=msdn.10)	OEMGetExtensionDRAM	catalog-windows-ce-50
ms904902(v=msdn.10)	OEMGetInterrupt	catalog-windows-ce-50
ms904903(v=msdn.10)	OEMGetRealTime	catalog-windows-ce-50
ms904904(v=msdn.10)	OEMGetWakeupSource	catalog-windows-ce-50
ms904905(v=msdn.10)	OEMHandleVFPException	catalog-windows-ce-50
ms904906(v=msdn.10)	OEMIdle	catalog-windows-ce-50
ms904907(v=msdn.10)	OEMIndicateIntSource	catalog-windows-ce-50
ms904908(v=msdn.10)	OEMInit	catalog-windows-ce-50
ms904909(v=msdn.10)	OEMInitCoProcRegisterSavedArea	catalog-windows-ce-50
ms904910(v=msdn.10)	OEMInitDebugSerial	catalog-windows-ce-50
ms904911(v=msdn.10)	OEMInterruptDisable	catalog-windows-ce-50
ms904912(v=msdn.10)	OEMInterruptDone	catalog-windows-ce-50
ms904913(v=msdn.10)	OEMInterruptEnable	catalog-windows-ce-50
ms904914(v=msdn.10)	OEMInterruptHandler	catalog-windows-ce-50
ms904915(v=msdn.10)	OEMInterruptHandlerFIQ	catalog-windows-ce-50
ms904916(v=msdn.10)	OEMIntrOccurs	catalog-windows-ce-50
ms904917(v=msdn.10)	OEMIoControl	catalog-windows-ce-50
ms904918(v=msdn.10)	OEMIsFlashAddr	catalog-windows-ce-50
ms904919(v=msdn.10)	OEMKDIoControl	catalog-windows-ce-50
ms904920(v=msdn.10)	OEMKitlGetSecs	catalog-windows-ce-50
ms904921(v=msdn.10)	OEMKitlInit	catalog-windows-ce-50
ms904922(v=msdn.10)	OEMLaunch	catalog-windows-ce-50
ms904923(v=msdn.10)	OEMMapMemAddr	catalog-windows-ce-50
ms904924(v=msdn.10)	OEMMemoryMap	catalog-windows-ce-50
ms904925(v=msdn.10)	OEMMultiBINNotify	catalog-windows-ce-50
ms904926(v=msdn.10)	OEMNMI	catalog-windows-ce-50
ms904927(v=msdn.10)	OEMNMIHandler	catalog-windows-ce-50
ms904928(v=msdn.10)	OEMPlatformInit	catalog-windows-ce-50
ms904929(v=msdn.10)	OEMPowerManagerInit	catalog-windows-ce-50
ms904930(v=msdn.10)	OEMPowerOff	catalog-windows-ce-50
ms904931(v=msdn.10)	OEMPreDownload	catalog-windows-ce-50
ms904932(v=msdn.10)	OEMProfileTimerDisable	catalog-windows-ce-50
ms904933(v=msdn.10)	OEMProfileTimerEnable	catalog-windows-ce-50
ms904934(v=msdn.10)	OEMReadData	catalog-windows-ce-50
ms904935(v=msdn.10)	OEMReadDebugByte	catalog-windows-ce-50
ms904936(v=msdn.10)	OEMRequestSysIntr	catalog-windows-ce-50
ms904937(v=msdn.10)	OEMReschedule	catalog-windows-ce-50
ms904938(v=msdn.10)	OEMResetWakeupSource	catalog-windows-ce-50
ms904939(v=msdn.10)	OEMRestoreCoProcRegister	catalog-windows-ce-50
ms904940(v=msdn.10)	OEMRestoreVFPCtrlRegs	catalog-windows-ce-50
ms904941(v=msdn.10)	OEMRomChain	catalog-windows-ce-50
ms904942(v=msdn.10)	OEMSaveCoProcRegister	catalog-windows-ce-50
ms904943(v=msdn.10)	OEMSaveVFPCtrlRegs	catalog-windows-ce-50
ms904944(v=msdn.10)	OEMSetAlarmTime	catalog-windows-ce-50
ms904945(v=msdn.10)	OEMSetRealTime	catalog-windows-ce-50
ms904946(v=msdn.10)	OEMSetWakeupSource	catalog-windows-ce-50
ms904947(v=msdn.10)	OEMShowProgress	catalog-windows-ce-50
ms904948(v=msdn.10)	OEMStartEraseFlash	catalog-windows-ce-50
ms904949(v=msdn.10)	OEMTLBSize	catalog-windows-ce-50
ms904950(v=msdn.10)	OEMTranslateIrq	catalog-windows-ce-50
ms904951(v=msdn.10)	OEMTranslateSysIntr	catalog-windows-ce-50
ms905105(v=msdn.10)	CeLog IOCTL Interface	catalog-windows-ce-50
ms905110(v=msdn.10)	CeLog Table Interfaces	catalog-windows-ce-50
ms905122(v=msdn.10)	Common External Interfaces	catalog-windows-ce-50
ms905147(v=msdn.10)	Services	catalog-windows-ce-50
ms905165(v=msdn.10)	EXTSTACKTRACE	catalog-windows-ce-50
ms905226(v=msdn.10)	Terminology	catalog-windows-ce-50
ms906868(v=msdn.10)	Using Internal GDI Methods	catalog-windows-ce-50
ms906879(v=msdn.10)	Using Menu Creation Functions	catalog-windows-ce-50
ms908075(v=msdn.10)	CeEventHasOccurred	catalog-windows-ce-50
ms908084(v=msdn.10)	CeNotifyPrivate_ClearUserAlarm	catalog-windows-ce-50
ms908085(v=msdn.10)	CeNotifyPrivate_DeleteNotification	catalog-windows-ce-50
ms908086(v=msdn.10)	CeNotifyPrivate_FilterType	catalog-windows-ce-50
ms908087(v=msdn.10)	CeNotifyPrivate_Lock	catalog-windows-ce-50
ms908088(v=msdn.10)	CeNotifyPrivate_Reschedule	catalog-windows-ce-50
ms908089(v=msdn.10)	CeNotifyPrivate_SetUserAlarm	catalog-windows-ce-50
ms908090(v=msdn.10)	CeNotifyPrivate_TranslateOID	catalog-windows-ce-50
ms908091(v=msdn.10)	CeNotifyPrivate_Unlock	catalog-windows-ce-50
ms908092(v=msdn.10)	CeNotifyPublic_DisposeOfPacket	catalog-windows-ce-50
ms908093(v=msdn.10)	CeNotifyPublic_FilterEvent	catalog-windows-ce-50
ms908094(v=msdn.10)	CeNotifyPublic_FilterUserNotification	catalog-windows-ce-50
ms908095(v=msdn.10)	CeNotifyPublic_Initialize	catalog-windows-ce-50
ms908096(v=msdn.10)	CeNotifyPublic_NewPacket	catalog-windows-ce-50
ms908097(v=msdn.10)	CeNotifyPublic_PresentSettingsBox	catalog-windows-ce-50
ms908098(v=msdn.10)	CeNotifyPublic_UIWndProc	catalog-windows-ce-50
ms908099(v=msdn.10)	CeNotifyPublic_UserAlarmSignalled	catalog-windows-ce-50
ms908100(v=msdn.10)	CeNotifyPublic_InitializeUI	catalog-windows-ce-50
ms908101(v=msdn.10)	CeNotifyPublic_Uninitialize	catalog-windows-ce-50
ms908147(v=msdn.10)	ConnectionDialog	catalog-windows-ce-50
ms908151(v=msdn.10)	COPYDATASTRUCT	catalog-windows-ce-50
ms908167(v=msdn.10)	CreateCursor	catalog-windows-ce-50
ms908176(v=msdn.10)	CreateIconIndirect_I	catalog-windows-ce-50
ms908186(v=msdn.10)	CreateScanDevice	catalog-windows-ce-50
ms909854(v=msdn.10)	InsetRect	catalog-windows-ce-50
ms911697(v=msdn.10)	MAKEROP4	catalog-windows-ce-50
ms911890(v=msdn.10)	NotifyPacket	catalog-windows-ce-50
ms911894(v=msdn.10)	OomUICallback_CloseWindow	catalog-windows-ce-50
ms911895(v=msdn.10)	OomUICallback_IsCritical	catalog-windows-ce-50
ms911896(v=msdn.10)	OomUICallback_NonClientPaint	catalog-windows-ce-50
ms911897(v=msdn.10)	OomUI_CreateNotRespondingWindow	catalog-windows-ce-50
ms911898(v=msdn.10)	OomUI_CreateOomWindow	catalog-windows-ce-50
ms911899(v=msdn.10)	OomUI_FShowOomWindow	catalog-windows-ce-50
ms911900(v=msdn.10)	OomUI_Initialize	catalog-windows-ce-50
ms911901(v=msdn.10)	OomUI_NotRespondingWndProc	catalog-windows-ce-50
ms911902(v=msdn.10)	OomUI_OnShow	catalog-windows-ce-50
ms911903(v=msdn.10)	OomUI_OomWndProc	catalog-windows-ce-50
ms911904(v=msdn.10)	OomUI_SetWindowsInfo	catalog-windows-ce-50
ms911914(v=msdn.10)	PALETTEINDEX2BPP	catalog-windows-ce-50
ms911915(v=msdn.10)	PALETTERGB	catalog-windows-ce-50
ms911929(v=msdn.10)	PersistentPacket	catalog-windows-ce-50
ms911932(v=msdn.10)	POINTSTOPOINT	catalog-windows-ce-50
ms913115(v=msdn.10)	RegisterIPClass	catalog-windows-ce-50
ms913219(v=msdn.10)	SBM_GETPOS	catalog-windows-ce-50
ms913229(v=msdn.10)	SBM_GETRANGE	catalog-windows-ce-50
ms913236(v=msdn.10)	SBM_GETSCROLLINFO	catalog-windows-ce-50
ms913244(v=msdn.10)	SBM_SETPOS	catalog-windows-ce-50
ms913253(v=msdn.10)	SBM_SETRANGE	catalog-windows-ce-50
ms913263(v=msdn.10)	SBM_SETRANGEREDRAW	catalog-windows-ce-50
ms913272(v=msdn.10)	SBM_SETSCROLLINFO	catalog-windows-ce-50
ms913645(v=msdn.10)	CEShortcuts	catalog-windows-ce-50
ms913648(v=msdn.10)	CEStrings	catalog-windows-ce-50
ms913651(v=msdn.10)	CLZ	catalog-windows-ce-50
ms913654(v=msdn.10)	_Convolve	catalog-windows-ce-50
ms913660(v=msdn.10)	_CopyDoubleFromInt64	catalog-windows-ce-50
ms913665(v=msdn.10)	CopyFiles	catalog-windows-ce-50
ms913673(v=msdn.10)	_CopyFloatFromInt32	catalog-windows-ce-50
ms913676(v=msdn.10)	_CopyInt32FromFloat	catalog-windows-ce-50
ms913680(v=msdn.10)	_CopyInt64FromDouble	catalog-windows-ce-50
ms913682(v=msdn.10)	_CountLeadingOnes	catalog-windows-ce-50
ms913685(v=msdn.10)	_CountLeadingOnes64	catalog-windows-ce-50
ms913687(v=msdn.10)	_CountLeadingSigns	catalog-windows-ce-50
ms913689(v=msdn.10)	_CountLeadingSigns64	catalog-windows-ce-50
ms913691(v=msdn.10)	_CountLeadingZeros	catalog-windows-ce-50
ms913693(v=msdn.10)	_CountLeadingZeros64	catalog-windows-ce-50
ms913694(v=msdn.10)	_CountOneBits	catalog-windows-ce-50
ms913696(v=msdn.10)	_CountOneBits64	catalog-windows-ce-50
ms913893(v=msdn.10)	_DAddSatInt	catalog-windows-ce-50
ms914084(v=msdn.10)	UnregisterIPClass	catalog-windows-ce-50
ms914098(v=msdn.10)	WidgetId	catalog-windows-ce-50
ms914100(v=msdn.10)	WINDOWINFO	catalog-windows-ce-50
ms914107(v=msdn.10)	WM_APP	catalog-windows-ce-50
ms914109(v=msdn.10)	WM_CAPTURECHANGED	catalog-windows-ce-50
ms914398(v=msdn.10)	Editing a Macro	catalog-windows-ce-50
ms919831(v=msdn.10)	RequestDeviceNotifications	catalog-windows-ce-50
ms923573(v=msdn.10)	INCLUDES	catalog-windows-ce-50
ms923580(v=msdn.10)	KCALL_PROFILE	catalog-windows-ce-50
ms923581(v=msdn.10)	LDEFSTACK	catalog-windows-ce-50
ms923585(v=msdn.10)	MIDL_UUIDDIR	catalog-windows-ce-50
ms923604(v=msdn.10)	NOMIPS16CODE	catalog-windows-ce-50
ms923615(v=msdn.10)	Pegterm	catalog-windows-ce-50
ms923627(v=msdn.10)	PRECOMPILED_CXX	catalog-windows-ce-50
ms923628(v=msdn.10)	PRECOMPILED_INCLUDE	catalog-windows-ce-50
ms923629(v=msdn.10)	PRECOMPILED_OBJ	catalog-windows-ce-50
ms923630(v=msdn.10)	PRECOMPILED_PCH	catalog-windows-ce-50
ms923631(v=msdn.10)	PRECOMPILED_TARGET	catalog-windows-ce-50
ms923632(v=msdn.10)	PREPROCESSDEFFILE	catalog-windows-ce-50
ms923639(v=msdn.10)	RDEFINES	catalog-windows-ce-50
ms923644(v=msdn.10)	RELEASETYPE	catalog-windows-ce-50
ms923646(v=msdn.10)	RESFILE	catalog-windows-ce-50
ms923648(v=msdn.10)	Rnaapp	catalog-windows-ce-50
ms924249(v=msdn.10)	Epilog	catalog-windows-ce-50
ms924318(v=msdn.10)	Integer Intrinsic Functions	catalog-windows-ce-50
ms924326(v=msdn.10)	iw16	catalog-windows-ce-50
ms924468(v=msdn.10)	SOURCELIBS	catalog-windows-ce-50
ms924469(v=msdn.10)	SOURCES	catalog-windows-ce-50
ms924475(v=msdn.10)	SYNCHRONIZE_BLOCK	catalog-windows-ce-50
ms924476(v=msdn.10)	SYNCHRONIZE_DRAIN	catalog-windows-ce-50
ms924479(v=msdn.10)	TARGETLIBS	catalog-windows-ce-50
ms924480(v=msdn.10)	TARGETNAME	catalog-windows-ce-50
ms924481(v=msdn.10)	TARGETPATH	catalog-windows-ce-50
ms924482(v=msdn.10)	TARGETTYPE	catalog-windows-ce-50
ms924497(v=msdn.10)	Source Code Configuration File Macros	catalog-windows-ce-50
ms924504(v=msdn.10)	WINCECOD	catalog-windows-ce-50
ms924505(v=msdn.10)	WINCECPU	catalog-windows-ce-50
ms924506(v=msdn.10)	WINCEMAP	catalog-windows-ce-50
ms924507(v=msdn.10)	WINCEOEM	catalog-windows-ce-50
ms924508(v=msdn.10)	WINCETARGETFILE0	catalog-windows-ce-50
ms924509(v=msdn.10)	WINCETARGETFILES	catalog-windows-ce-50
ms924538(v=msdn.10)	ADEFINES	catalog-windows-ce-50
ms924539(v=msdn.10)	AUTOSIZE	catalog-windows-ce-50
ms924540(v=msdn.10)	BOOTJUMP	catalog-windows-ce-50
ms924541(v=msdn.10)	COMPRESSION	catalog-windows-ce-50
ms924542(v=msdn.10)	DIRS	catalog-windows-ce-50
ms924543(v=msdn.10)	DIRS_CE	catalog-windows-ce-50
ms924544(v=msdn.10)	DLLBASE	catalog-windows-ce-50
ms924545(v=msdn.10)	EXEBASE	catalog-windows-ce-50
ms924546(v=msdn.10)	FSRAMPERCENT	catalog-windows-ce-50
ms924547(v=msdn.10)	KERNELFIXUPS	catalog-windows-ce-50
ms924548(v=msdn.10)	LDEFINES	catalog-windows-ce-50
ms924549(v=msdn.10)	OPTIONAL_DIRS	catalog-windows-ce-50
ms924550(v=msdn.10)	OUTPUT	catalog-windows-ce-50
ms924551(v=msdn.10)	PROFILE	catalog-windows-ce-50
ms924552(v=msdn.10)	RESETVECTOR	catalog-windows-ce-50
ms924553(v=msdn.10)	ROMFLAGS	catalog-windows-ce-50
ms924554(v=msdn.10)	ROMOFFSET	catalog-windows-ce-50
ms924556(v=msdn.10)	ROMSIZE	catalog-windows-ce-50
ms924557(v=msdn.10)	ROMSTART	catalog-windows-ce-50
ms924558(v=msdn.10)	ROMWIDTH	catalog-windows-ce-50
ms924559(v=msdn.10)	SKIPBUILD	catalog-windows-ce-50
ms924560(v=msdn.10)	SRE	catalog-windows-ce-50
ms924561(v=msdn.10)	WINCE_OVERRIDE_CFLAGS	catalog-windows-ce-50
ms924909(v=msdn.10)	AUTOSIZE_DLLADDRGAP	catalog-windows-ce-50
ms924910(v=msdn.10)	AUTOSIZE_DLLCODEADDRGAP	catalog-windows-ce-50
ms924911(v=msdn.10)	AUTOSIZE_DLLDATAADDRGAP	catalog-windows-ce-50
ms924912(v=msdn.10)	AUTOSIZE_ROMGAP	catalog-windows-ce-50
ms924914(v=msdn.10)	COMPILE_DEBUG	catalog-windows-ce-50
ms924915(v=msdn.10)	DLLADDR_AUTOSIZE	catalog-windows-ce-50
ms924916(v=msdn.10)	DLLHIGHADDR	catalog-windows-ce-50
ms924917(v=msdn.10)	DLLHIGHCODEADDR	catalog-windows-ce-50
ms924918(v=msdn.10)	DLLLOWADDR	catalog-windows-ce-50
ms924919(v=msdn.10)	DLLLOWCODEADDR	catalog-windows-ce-50
ms924920(v=msdn.10)	FIXUPVAR	catalog-windows-ce-50
ms924922(v=msdn.10)	RAM_AUTOSIZE	catalog-windows-ce-50
ms924924(v=msdn.10)	ROM_AUTOSIZE	catalog-windows-ce-50
ms924927(v=msdn.10)	XIPSCHAIN	catalog-windows-ce-50
ms925506(v=msdn.10)	selectany	catalog-windows-ce-50
ms925759(v=msdn.10)	String and Block Intrinsic Functions	catalog-windows-ce-50
ms925881(v=msdn.10)	Supported and Expanded MIPS Intrinsic Functions	catalog-windows-ce-50
ms927234(v=msdn.10)	Working with Wordwrap Functions	catalog-windows-ce-50
ms927620(v=msdn.10)	GDI Macros	catalog-windows-ce-50
ms927875(v=msdn.10)	Customizing the Template Gateway User Interface	catalog-windows-ce-50
ms928570(v=msdn.10)	CheckAndWaitForGWE	catalog-windows-ce-50
ms928585(v=msdn.10)	ClipCursor	catalog-windows-ce-50
ms928587(v=msdn.10)	CloseUsernamePasswordDialog	catalog-windows-ce-50
ms929199(v=msdn.10)	Gdi_GetStretchBltMode_I	catalog-windows-ce-50
ms929200(v=msdn.10)	Gdi_SetStretchBltMode_I	catalog-windows-ce-50
ms929208(v=msdn.10)	GetCapture	catalog-windows-ce-50
ms929220(v=msdn.10)	GetClipCursor	catalog-windows-ce-50
ms929225(v=msdn.10)	GetCursor	catalog-windows-ce-50
ms929226(v=msdn.10)	GetCursorPos	catalog-windows-ce-50
ms929237(v=msdn.10)	GetDoubleClickTime	catalog-windows-ce-50
ms929238(v=msdn.10)	GetDriverName	catalog-windows-ce-50
ms929239(v=msdn.10)	GETDRIVERNAMEPARMS	catalog-windows-ce-50
ms929245(v=msdn.10)	GetForegroundWindow_I	catalog-windows-ce-50
ms929248(v=msdn.10)	GetIPAddress	catalog-windows-ce-50
ms929931(v=msdn.10)	HIGHCONTRAST	catalog-windows-ce-50
ms931453(v=msdn.10)	mouse_event	catalog-windows-ce-50
ms931455(v=msdn.10)	MOUSEKEYS	catalog-windows-ce-50
ms931459(v=msdn.10)	MSG	catalog-windows-ce-50
ms931462(v=msdn.10)	NcHitTestCode	catalog-windows-ce-50
ms931464(v=msdn.10)	NetMsgBox	catalog-windows-ce-50
ms931465(v=msdn.10)	NETUI_RESPWD	catalog-windows-ce-50
ms931466(v=msdn.10)	NETUI_USERPWD	catalog-windows-ce-50
ms931467(v=msdn.10)	NETUI_NEWPWD	catalog-windows-ce-50
ms932603(v=msdn.10)	ScrollBarInfoInternal	catalog-windows-ce-50
ms932706(v=msdn.10)	SCROLLINFO	catalog-windows-ce-50
ms932712(v=msdn.10)	SCROLL_STATE	catalog-windows-ce-50
ms933184(v=msdn.10)	__assume	catalog-windows-ce-50
ms933186(v=msdn.10)	__noop	catalog-windows-ce-50
ms933191(v=msdn.10)	AddReg	catalog-windows-ce-50
ms933194(v=msdn.10)	_AddSatInt	catalog-windows-ce-50
ms933208(v=msdn.10)	BKPT	catalog-windows-ce-50
ms933212(v=msdn.10)	_byteswap_uint64	catalog-windows-ce-50
ms933215(v=msdn.10)	_byteswap_ulong	catalog-windows-ce-50
ms933220(v=msdn.10)	_byteswap_ushort	catalog-windows-ce-50
ms933224(v=msdn.10)	_CacheRelease	catalog-windows-ce-50
ms933227(v=msdn.10)	_CacheWriteBack	catalog-windows-ce-50
ms933231(v=msdn.10)	CEDevice	catalog-windows-ce-50
ms933236(v=msdn.10)	Dependents	catalog-windows-ce-50
ms933238(v=msdn.10)	DestinationDirs	catalog-windows-ce-50
ms933241(v=msdn.10)	_disable	catalog-windows-ce-50
ms933243(v=msdn.10)	_Dot3dVW0	catalog-windows-ce-50
ms933246(v=msdn.10)	_Dot3dVW1	catalog-windows-ce-50
ms933250(v=msdn.10)	_Dot4dV	catalog-windows-ce-50
ms933259(v=msdn.10)	_DSubSatInt	catalog-windows-ce-50
ms933264(v=msdn.10)	__emul	catalog-windows-ce-50
ms933268(v=msdn.10)	__emulu	catalog-windows-ce-50
ms933277(v=msdn.10)	_enable	catalog-windows-ce-50
ms933524(v=msdn.10)	__fmac	catalog-windows-ce-50
ms933590(v=msdn.10)	_PreLoad	catalog-windows-ce-50
ms933591(v=msdn.10)	PROLOGUE_END	catalog-windows-ce-50
ms933594(v=msdn.10)	_ReadCoProcessor	catalog-windows-ce-50
ms933596(v=msdn.10)	_ReadWriteBarrier	catalog-windows-ce-50
ms933597(v=msdn.10)	__regsize	catalog-windows-ce-50
ms933598(v=msdn.10)	RESET	catalog-windows-ce-50
ms933599(v=msdn.10)	_ReturnAddress	catalog-windows-ce-50
ms933602(v=msdn.10)	_SaveMatrix	catalog-windows-ce-50
ms933603(v=msdn.10)	_SmulAddHiLo_SW_ACC	catalog-windows-ce-50
ms933604(v=msdn.10)	_SmulAddHiLo_SW_SL	catalog-windows-ce-50
ms933605(v=msdn.10)	_SmulAddHiLo_SW_SQ	catalog-windows-ce-50
ms933606(v=msdn.10)	_SmulAddHi_SW_ACC	catalog-windows-ce-50
ms933607(v=msdn.10)	_SmulAddHi_SW_SL	catalog-windows-ce-50
ms933608(v=msdn.10)	_SmulAddHi_SW_SQ	catalog-windows-ce-50
ms933609(v=msdn.10)	_SmulAddLoHi_SW_ACC	catalog-windows-ce-50
ms933610(v=msdn.10)	_SmulAddLoHi_SW_SL	catalog-windows-ce-50
ms933611(v=msdn.10)	_SmulAddLoHi_SW_SQ	catalog-windows-ce-50
ms933612(v=msdn.10)	_SmulAddLo_SW_ACC	catalog-windows-ce-50
ms933613(v=msdn.10)	_SmulAddLo_SW_SL	catalog-windows-ce-50
ms933614(v=msdn.10)	_SmulAddLo_SW_SQ	catalog-windows-ce-50
ms933615(v=msdn.10)	_SmulAddPack_2SW_ACC	catalog-windows-ce-50
ms933616(v=msdn.10)	_SmulAdd_SL_ACC	catalog-windows-ce-50
ms933617(v=msdn.10)	_SmulAddWHi_SW_SL	catalog-windows-ce-50
ms933618(v=msdn.10)	_SmulAddWLo_SW_SL	catalog-windows-ce-50
ms933619(v=msdn.10)	_SmulHiLo_SW_SL	catalog-windows-ce-50
ms933620(v=msdn.10)	_SmulHi_SW_SL	catalog-windows-ce-50
ms933621(v=msdn.10)	_SmulLoHi_SW_SL	catalog-windows-ce-50
ms933729(v=msdn.10)	_SmulLo_SW_SL	catalog-windows-ce-50
ms933738(v=msdn.10)	_SmulWHi_SW_SL	catalog-windows-ce-50
ms933739(v=msdn.10)	_SmulWLo_SW_SL	catalog-windows-ce-50
ms933740(v=msdn.10)	SourceDisksFiles	catalog-windows-ce-50
ms933741(v=msdn.10)	SourceDisksNames	catalog-windows-ce-50
ms933742(v=msdn.10)	Special Nmake.exe Macros	catalog-windows-ce-50
ms933745(v=msdn.10)	Strings	catalog-windows-ce-50
ms933746(v=msdn.10)	_SubSatInt	catalog-windows-ce-50
ms933748(v=msdn.10)	Targets	catalog-windows-ce-50
ms933751(v=msdn.10)	_trap	catalog-windows-ce-50
ms933753(v=msdn.10)	__ull_rshift	catalog-windows-ce-50
ms933757(v=msdn.10)	Version	catalog-windows-ce-50
ms933758(v=msdn.10)	VIEW	catalog-windows-ce-50
ms933761(v=msdn.10)	_WriteBarrier	catalog-windows-ce-50
ms933762(v=msdn.10)	_WriteCoProcessor	catalog-windows-ce-50
ms933763(v=msdn.10)	_XDMultMatrix	catalog-windows-ce-50
ms933764(v=msdn.10)	_XDXform3dV	catalog-windows-ce-50
ms933765(v=msdn.10)	_XDXform4dV	catalog-windows-ce-50
ms933766(v=msdn.10)	_Xform3dV	catalog-windows-ce-50
ms933767(v=msdn.10)	_Xform4dV	catalog-windows-ce-50
ms933768(v=msdn.10)	__debugbreak	catalog-windows-ce-50
ms933769(v=msdn.10)	_InterlockedCompareExchange	catalog-windows-ce-50
ms933770(v=msdn.10)	_InterlockedDecrement	catalog-windows-ce-50
ms933771(v=msdn.10)	_InterlockedExchange	catalog-windows-ce-50
ms933772(v=msdn.10)	_InterlockedExchangeAdd	catalog-windows-ce-50
ms933773(v=msdn.10)	_InterlockedIncrement	catalog-windows-ce-50
ms933776(v=msdn.10)	_swi	catalog-windows-ce-50
ms933778(v=msdn.10)	__emit	catalog-windows-ce-50
ms933966(v=msdn.10)	Recording a Quick Macro	catalog-windows-ce-50
ms933979(v=msdn.10)	Renaming a Macro	catalog-windows-ce-50
ms934006(v=msdn.10)	Menus Constants	catalog-windows-ce-50
ms934026(v=msdn.10)	RegisterDesktop	catalog-windows-ce-50
ms934027(v=msdn.10)	RegisterTaskBarEx	catalog-windows-ce-50
ms934869(v=msdn.10)	Platform	catalog-windows-ce-50
ms937078(v=msdn.10)	System Intrinsic Functions	catalog-windows-ce-50
ms937373(v=msdn.10)	uuid	catalog-windows-ce-50
ms937399(v=msdn.10)	Working with Packing Structures	catalog-windows-ce-50
ms937418(v=msdn.10)	__asm	catalog-windows-ce-50
ms939728(v=msdn.10)	RegisterTaskBar	catalog-windows-ce-50
ms939750(v=msdn.10)	ReleaseCapture	catalog-windows-ce-50
ms939803(v=msdn.10)	RGB	catalog-windows-ce-50
ms939982(v=msdn.10)	SendMessageW_I	catalog-windows-ce-50
ms940011(v=msdn.10)	SetCapture	catalog-windows-ce-50
ms940016(v=msdn.10)	SetCursor	catalog-windows-ce-50
ms940017(v=msdn.10)	SetCursorPos	catalog-windows-ce-50
ms940025(v=msdn.10)	SetForegroundWindow_I	catalog-windows-ce-50
ms940347(v=msdn.10)	SOUNDSENTRY	catalog-windows-ce-50
ms940351(v=msdn.10)	Startup_DestroyDialogCallback	catalog-windows-ce-50
ms940352(v=msdn.10)	Startup_DlgProc	catalog-windows-ce-50
ms940353(v=msdn.10)	Startup_Initialize	catalog-windows-ce-50
ms940354(v=msdn.10)	Startup_PowerOffWhileStartupActiveNotification	catalog-windows-ce-50
ms940355(v=msdn.10)	Startup_PowerOnNotification	catalog-windows-ce-50
ms940357(v=msdn.10)	Startup_WantStartupScreen	catalog-windows-ce-50
ms940360(v=msdn.10)	StaticControlType	catalog-windows-ce-50
ms940365(v=msdn.10)	STICKYKEYS	catalog-windows-ce-50
ms940536(v=msdn.10)	_ICacheRefresh	catalog-windows-ce-50
ms940664(v=msdn.10)	_IMAGE_CE_RUNTIME_FUNCTION_ENTRY	catalog-windows-ce-50
ms940731(v=msdn.10)	_IMAGE_ALPHA_RUNTIME_FUNCTION_ENTRY	catalog-windows-ce-50
ms940742(v=msdn.10)	_INTRINSIC_IS_HELPER	catalog-windows-ce-50
ms940743(v=msdn.10)	_INTRINSIC_IS_INLINE	catalog-windows-ce-50
ms940745(v=msdn.10)	_INTRINSIC_IS_SAFE	catalog-windows-ce-50
ms940746(v=msdn.10)	_INTRINSIC_IS_SUPPORTED	catalog-windows-ce-50
ms940747(v=msdn.10)	_isunordered	catalog-windows-ce-50
ms940748(v=msdn.10)	_isunorderedf	catalog-windows-ce-50
ms940752(v=msdn.10)	LIST	catalog-windows-ce-50
ms940753(v=msdn.10)	__ll_lshift	catalog-windows-ce-50
ms940754(v=msdn.10)	__ll_rshift	catalog-windows-ce-50
ms940755(v=msdn.10)	_LoadMatrix	catalog-windows-ce-50
ms940758(v=msdn.10)	__movca	catalog-windows-ce-50
ms940759(v=msdn.10)	_MulHigh	catalog-windows-ce-50
ms940760(v=msdn.10)	_Multiply4dM	catalog-windows-ce-50
ms940761(v=msdn.10)	_MulUnsignedHigh	catalog-windows-ce-50
ms940764(v=msdn.10)	Nmake.exe Macro	catalog-windows-ce-50
ms940765(v=msdn.10)	PDATA_EH	catalog-windows-ce-50
ms940767(v=msdn.10)	_prefetch	catalog-windows-ce-50
