1	Windows CE 5.0 :: Product Documentation
1	Windows CE 5.0 :: Product Documentation :: Bringing Up a Hardware Platform :: Developing a Board Support Package
2	Windows CE 5.0 :: Product Documentation :: Bringing Up a Hardware Platform :: Developing a Board Support Package :: Board Support Package Overview
3	Windows CE 5.0 :: Product Documentation :: Bringing Up a Hardware Platform :: Developing a Board Support Package :: Board Support Package Overview :: Device Driver Libraries
1	Windows CE 5.0 :: Product Documentation :: Bringing Up a Hardware Platform :: Developing a Board Support Package :: Developing a Boot Loader :: Boot Loader Reference :: Boot Loader Structures
3	Windows CE 5.0 :: Product Documentation :: Bringing Up a Hardware Platform :: Developing a Board Support Package :: Developing a Boot Loader :: Boot Loader Reference :: Optional Boot Loader Functions
4	Windows CE 5.0 :: Product Documentation :: Bringing Up a Hardware Platform :: Developing a Board Support Package :: Developing a Boot Loader :: Boot Loader Reference :: Required Boot Loader Functions :: Control Flow Functions
4	Windows CE 5.0 :: Product Documentation :: Bringing Up a Hardware Platform :: Developing a Board Support Package :: Developing a Boot Loader :: Boot Loader Reference :: Required Boot Loader Functions :: Debug Functions
3	Windows CE 5.0 :: Product Documentation :: Bringing Up a Hardware Platform :: Developing a Board Support Package :: Developing a Boot Loader :: Boot Loader Reference :: Required Boot Loader Functions :: Download Functions
6	Windows CE 5.0 :: Product Documentation :: Bringing Up a Hardware Platform :: Developing a Board Support Package :: Developing a Boot Loader :: Boot Loader Reference :: Required Boot Loader Functions :: Ethernet Controller Functions
5	Windows CE 5.0 :: Product Documentation :: Bringing Up a Hardware Platform :: Developing a Board Support Package :: Developing a Boot Loader :: Boot Loader Reference :: Required Boot Loader Functions :: Flash Functions
2	Windows CE 5.0 :: Product Documentation :: Bringing Up a Hardware Platform :: Developing a Board Support Package :: Developing a Boot Loader :: Boot Loader Reference :: Required Boot Loader Functions :: Initialization Functions
1	Windows CE 5.0 :: Product Documentation :: Bringing Up a Hardware Platform :: Developing a Board Support Package :: Developing a Boot Loader :: Boot Loader Reference :: Required Boot Loader Functions :: Timer Functions
2	Windows CE 5.0 :: Product Documentation :: Bringing Up a Hardware Platform :: Developing a Board Support Package :: Developing a Boot Loader :: Boot Loaders
4	Windows CE 5.0 :: Product Documentation :: Bringing Up a Hardware Platform :: Developing a Board Support Package :: Developing a Boot Loader :: Boot Loaders :: Boot Loader Support Libraries
4	Windows CE 5.0 :: Product Documentation :: Bringing Up a Hardware Platform :: Developing a Board Support Package :: Developing a Boot Loader :: Boot Loaders :: Ethernet Boot Loader
2	Windows CE 5.0 :: Product Documentation :: Bringing Up a Hardware Platform :: Developing a Board Support Package :: Developing a Boot Loader :: Boot Loaders :: Modes for Booting the OS
1	Windows CE 5.0 :: Product Documentation :: Bringing Up a Hardware Platform :: Developing a Board Support Package :: Developing a Boot Loader :: Boot Loaders :: Specialized Boot Loaders
3	Windows CE 5.0 :: Product Documentation :: Bringing Up a Hardware Platform :: Developing a Board Support Package :: Developing a Boot Loader :: Boot Loaders :: Specialized Boot Loaders :: x86 BIOS Boot Loader
5	Windows CE 5.0 :: Product Documentation :: Bringing Up a Hardware Platform :: Developing a Board Support Package :: Developing a Boot Loader :: Boot Loaders :: Specialized Boot Loaders :: x86 ROM Boot Loader
28	Windows CE 5.0 :: Product Documentation :: Bringing Up a Hardware Platform :: Developing a Board Support Package :: Developing a Boot Loader :: How to Develop a Boot Loader
8	Windows CE 5.0 :: Product Documentation :: Bringing Up a Hardware Platform :: Developing a Board Support Package :: Developing an OEM Adaptation Layer :: How to Develop an OEM Adaptation Layer
2	Windows CE 5.0 :: Product Documentation :: Bringing Up a Hardware Platform :: Developing a Board Support Package :: Developing an OEM Adaptation Layer :: How to Develop an OEM Adaptation Layer :: Adding KITL Initialization Code
2	Windows CE 5.0 :: Product Documentation :: Bringing Up a Hardware Platform :: Developing a Board Support Package :: Developing an OEM Adaptation Layer :: How to Develop an OEM Adaptation Layer :: Completing an OAL
2	Windows CE 5.0 :: Product Documentation :: Bringing Up a Hardware Platform :: Developing a Board Support Package :: Developing an OEM Adaptation Layer :: How to Develop an OEM Adaptation Layer :: Completing an OAL :: Supporting High-Resolution Timers
3	Windows CE 5.0 :: Product Documentation :: Bringing Up a Hardware Platform :: Developing a Board Support Package :: Developing an OEM Adaptation Layer :: How to Develop an OEM Adaptation Layer :: Customizing Memory
4	Windows CE 5.0 :: Product Documentation :: Bringing Up a Hardware Platform :: Developing a Board Support Package :: Developing an OEM Adaptation Layer :: How to Develop an OEM Adaptation Layer :: Customizing Memory :: Configuring System Memory
2	Windows CE 5.0 :: Product Documentation :: Bringing Up a Hardware Platform :: Developing a Board Support Package :: Developing an OEM Adaptation Layer :: How to Develop an OEM Adaptation Layer :: Enabling Power Management
1	Windows CE 5.0 :: Product Documentation :: Bringing Up a Hardware Platform :: Developing a Board Support Package :: Developing an OEM Adaptation Layer :: How to Develop an OEM Adaptation Layer :: Enabling Power Management :: Sample OAL Implementations of OEMIdle
5	Windows CE 5.0 :: Product Documentation :: Bringing Up a Hardware Platform :: Developing a Board Support Package :: Developing an OEM Adaptation Layer :: How to Develop an OEM Adaptation Layer :: Enabling Power Management :: Sample OAL Implementations of OEMIdle :: Boilerplate Interface Routines
6	Windows CE 5.0 :: Product Documentation :: Bringing Up a Hardware Platform :: Developing a Board Support Package :: Developing an OEM Adaptation Layer :: How to Develop an OEM Adaptation Layer :: Implementing an ISR
2	Windows CE 5.0 :: Product Documentation :: Bringing Up a Hardware Platform :: Developing a Board Support Package :: Developing an OEM Adaptation Layer :: How to Develop an OEM Adaptation Layer :: Implementing the OEMInit Function
4	Windows CE 5.0 :: Product Documentation :: Bringing Up a Hardware Platform :: Developing a Board Support Package :: Developing an OEM Adaptation Layer :: How to Develop an OEM Adaptation Layer :: Implementing the OEMIoControl Function
2	Windows CE 5.0 :: Product Documentation :: Bringing Up a Hardware Platform :: Developing a Board Support Package :: Developing an OEM Adaptation Layer :: How to Develop an OEM Adaptation Layer :: Implementing the OEMIoControl Function :: Supporting Interrupt Latency Timing
3	Windows CE 5.0 :: Product Documentation :: Bringing Up a Hardware Platform :: Developing a Board Support Package :: Developing an OEM Adaptation Layer :: How to Develop an OEM Adaptation Layer :: Microprocessor-specific Issues
1	Windows CE 5.0 :: Product Documentation :: Bringing Up a Hardware Platform :: Developing a Board Support Package :: Developing an OEM Adaptation Layer :: How to Develop an OEM Adaptation Layer :: Microprocessor-specific Issues :: x86 Microprocessor
3	Windows CE 5.0 :: Product Documentation :: Bringing Up a Hardware Platform :: Developing a Board Support Package :: Developing an OEM Adaptation Layer :: How to Develop an OEM Adaptation Layer :: OAL StartUp Function Implementation :: CPU Initialization
1	Windows CE 5.0 :: Product Documentation :: Bringing Up a Hardware Platform :: Developing a Board Support Package :: Developing an OEM Adaptation Layer :: How to Develop an OEM Adaptation Layer :: OAL StartUp Function Implementation :: CPU Initialization :: ARM Kernels
4	Windows CE 5.0 :: Product Documentation :: Bringing Up a Hardware Platform :: Developing a Board Support Package :: Developing an OEM Adaptation Layer :: How to Develop an OEM Adaptation Layer :: OAL StartUp Function Implementation :: Kernel Initialization
4	Windows CE 5.0 :: Product Documentation :: Bringing Up a Hardware Platform :: Developing a Board Support Package :: Developing an OEM Adaptation Layer :: How to Develop an OEM Adaptation Layer :: OAL StartUp Function Implementation :: Kernel Initialization :: Other Kernel Tasks
1	Windows CE 5.0 :: Product Documentation :: Bringing Up a Hardware Platform :: Developing a Board Support Package :: Developing an OEM Adaptation Layer :: How to Develop an OEM Adaptation Layer :: OEMCacheRangeFlush Function Implementation
3	Windows CE 5.0 :: Product Documentation :: Bringing Up a Hardware Platform :: Developing a Board Support Package :: Developing an OEM Adaptation Layer :: OEM Adaptation Layer
3	Windows CE 5.0 :: Product Documentation :: Bringing Up a Hardware Platform :: Developing a Board Support Package :: Developing an OEM Adaptation Layer :: OEM Adaptation Layer :: Kernel Independent Transport Layer
2	Windows CE 5.0 :: Product Documentation :: Bringing Up a Hardware Platform :: Developing a Board Support Package :: Developing an OEM Adaptation Layer :: OEM Adaptation Layer :: Kernel Independent Transport Layer :: Ethernet Debugging Services
2	Windows CE 5.0 :: Product Documentation :: Bringing Up a Hardware Platform :: Developing a Board Support Package :: Developing an OEM Adaptation Layer :: OEM Adaptation Layer :: Kernel Scheduler
4	Windows CE 5.0 :: Product Documentation :: Bringing Up a Hardware Platform :: Developing a Board Support Package :: Developing an OEM Adaptation Layer :: OEM Adaptation Layer :: Kernel States
1	Windows CE 5.0 :: Product Documentation :: Bringing Up a Hardware Platform :: Developing a Board Support Package :: Developing an OEM Adaptation Layer :: OEM Adaptation Layer Reference
1	Windows CE 5.0 :: Product Documentation :: Bringing Up a Hardware Platform :: Developing a Board Support Package :: Developing an OEM Adaptation Layer :: OEM Adaptation Layer Reference :: OAL Functions
6	Windows CE 5.0 :: Product Documentation :: Bringing Up a Hardware Platform :: Developing a Board Support Package :: Developing an OEM Adaptation Layer :: OEM Adaptation Layer Reference :: OAL Functions :: Optional KITL Functions
62	Windows CE 5.0 :: Product Documentation :: Bringing Up a Hardware Platform :: Developing a Board Support Package :: Developing an OEM Adaptation Layer :: OEM Adaptation Layer Reference :: OAL Functions :: Optional OAL Functions
27	Windows CE 5.0 :: Product Documentation :: Bringing Up a Hardware Platform :: Developing a Board Support Package :: Developing an OEM Adaptation Layer :: OEM Adaptation Layer Reference :: OAL Functions :: Other OAL Functions
2	Windows CE 5.0 :: Product Documentation :: Bringing Up a Hardware Platform :: Developing a Board Support Package :: Developing an OEM Adaptation Layer :: OEM Adaptation Layer Reference :: OAL Functions :: Required ILTiming Functions
16	Windows CE 5.0 :: Product Documentation :: Bringing Up a Hardware Platform :: Developing a Board Support Package :: Developing an OEM Adaptation Layer :: OEM Adaptation Layer Reference :: OAL Functions :: Required KITL Functions
27	Windows CE 5.0 :: Product Documentation :: Bringing Up a Hardware Platform :: Developing a Board Support Package :: Developing an OEM Adaptation Layer :: OEM Adaptation Layer Reference :: OAL Functions :: Required OAL Functions
2	Windows CE 5.0 :: Product Documentation :: Bringing Up a Hardware Platform :: Developing a Board Support Package :: Developing an OEM Adaptation Layer :: OEM Adaptation Layer Reference :: OAL Functions :: Required Profiling Functions
1	Windows CE 5.0 :: Product Documentation :: Bringing Up a Hardware Platform :: Developing a Board Support Package :: Developing an OEM Adaptation Layer :: OEM Adaptation Layer Reference :: OAL Global Variables
27	Windows CE 5.0 :: Product Documentation :: Bringing Up a Hardware Platform :: Developing a Board Support Package :: Developing an OEM Adaptation Layer :: OEM Adaptation Layer Reference :: OAL Global Variables :: Optional OAL Variables
7	Windows CE 5.0 :: Product Documentation :: Bringing Up a Hardware Platform :: Developing a Board Support Package :: Developing an OEM Adaptation Layer :: OEM Adaptation Layer Reference :: OAL Global Variables :: Required OAL Variables
7	Windows CE 5.0 :: Product Documentation :: Bringing Up a Hardware Platform :: Developing a Board Support Package :: Developing an OEM Adaptation Layer :: OEM Adaptation Layer Reference :: OAL IOCTLs :: CEDDK IOCTLs
8	Windows CE 5.0 :: Product Documentation :: Bringing Up a Hardware Platform :: Developing a Board Support Package :: Developing an OEM Adaptation Layer :: OEM Adaptation Layer Reference :: OAL IOCTLs :: Device Information IOCTLs
6	Windows CE 5.0 :: Product Documentation :: Bringing Up a Hardware Platform :: Developing a Board Support Package :: Developing an OEM Adaptation Layer :: OEM Adaptation Layer Reference :: OAL IOCTLs :: Filesys.exe IOCTLs
1	Windows CE 5.0 :: Product Documentation :: Bringing Up a Hardware Platform :: Developing a Board Support Package :: Developing an OEM Adaptation Layer :: OEM Adaptation Layer Reference :: OAL IOCTLs :: KITL IOCTLs
15	Windows CE 5.0 :: Product Documentation :: Bringing Up a Hardware Platform :: Developing a Board Support Package :: Developing an OEM Adaptation Layer :: OEM Adaptation Layer Reference :: OAL IOCTLs :: Kernel Debugger IOCTLs
10	Windows CE 5.0 :: Product Documentation :: Bringing Up a Hardware Platform :: Developing a Board Support Package :: Developing an OEM Adaptation Layer :: OEM Adaptation Layer Reference :: OAL IOCTLs :: Other OAL IOCTLs
5	Windows CE 5.0 :: Product Documentation :: Bringing Up a Hardware Platform :: Developing a Board Support Package :: Developing an OEM Adaptation Layer :: OEM Adaptation Layer Reference :: OAL IOCTLs :: Power Manager IOCTLs
2	Windows CE 5.0 :: Product Documentation :: Bringing Up a Hardware Platform :: Developing a Board Support Package :: Developing an OEM Adaptation Layer :: OEM Adaptation Layer Reference :: OAL IOCTLs :: Security IOCTLs
7	Windows CE 5.0 :: Product Documentation :: Bringing Up a Hardware Platform :: Developing a Board Support Package :: Developing an OEM Adaptation Layer :: OEM Adaptation Layer Reference :: OAL IOCTLs :: Tools IOCTLs
11	Windows CE 5.0 :: Product Documentation :: Bringing Up a Hardware Platform :: Developing a Board Support Package :: Developing an OEM Adaptation Layer :: OEM Adaptation Layer Reference :: OAL IOCTLs :: VMINI IOCTLs
4	Windows CE 5.0 :: Product Documentation :: Bringing Up a Hardware Platform :: Developing a Board Support Package :: Developing an OEM Adaptation Layer :: OEM Adaptation Layer Reference :: OAL Macros
16	Windows CE 5.0 :: Product Documentation :: Bringing Up a Hardware Platform :: Developing a Board Support Package :: Developing an OEM Adaptation Layer :: OEM Adaptation Layer Reference :: OAL Structures
5	Windows CE 5.0 :: Product Documentation :: Bringing Up a Hardware Platform :: Developing a Board Support Package :: Developing an OEM Adaptation Layer :: Production-Quality OAL
11	Windows CE 5.0 :: Product Documentation :: Bringing Up a Hardware Platform :: Developing a Board Support Package :: Developing an OEM Adaptation Layer :: Production-Quality OAL :: Production-Quality OAL Components
2	Windows CE 5.0 :: Product Documentation :: Bringing Up a Hardware Platform :: Developing a Board Support Package :: Developing an OEM Adaptation Layer :: Production-Quality OAL :: Production-Quality OAL Reference :: Boot Arguments Reference
1	Windows CE 5.0 :: Product Documentation :: Bringing Up a Hardware Platform :: Developing a Board Support Package :: Developing an OEM Adaptation Layer :: Production-Quality OAL :: Production-Quality OAL Reference :: Boot Arguments Reference :: Boot Arguments Functions
1	Windows CE 5.0 :: Product Documentation :: Bringing Up a Hardware Platform :: Developing a Board Support Package :: Developing an OEM Adaptation Layer :: Production-Quality OAL :: Production-Quality OAL Reference :: Boot Arguments Reference :: Boot Arguments Structures
3	Windows CE 5.0 :: Product Documentation :: Bringing Up a Hardware Platform :: Developing a Board Support Package :: Developing an OEM Adaptation Layer :: Production-Quality OAL :: Production-Quality OAL Reference :: Cache Reference
14	Windows CE 5.0 :: Product Documentation :: Bringing Up a Hardware Platform :: Developing a Board Support Package :: Developing an OEM Adaptation Layer :: Production-Quality OAL :: Production-Quality OAL Reference :: Cache Reference :: Cache Functions
1	Windows CE 5.0 :: Product Documentation :: Bringing Up a Hardware Platform :: Developing a Board Support Package :: Developing an OEM Adaptation Layer :: Production-Quality OAL :: Production-Quality OAL Reference :: Cache Reference :: Cache Global Variables
1	Windows CE 5.0 :: Product Documentation :: Bringing Up a Hardware Platform :: Developing a Board Support Package :: Developing an OEM Adaptation Layer :: Production-Quality OAL :: Production-Quality OAL Reference :: Cache Reference :: Cache Structures
2	Windows CE 5.0 :: Product Documentation :: Bringing Up a Hardware Platform :: Developing a Board Support Package :: Developing an OEM Adaptation Layer :: Production-Quality OAL :: Production-Quality OAL Reference :: I/O Reference
7	Windows CE 5.0 :: Product Documentation :: Bringing Up a Hardware Platform :: Developing a Board Support Package :: Developing an OEM Adaptation Layer :: Production-Quality OAL :: Production-Quality OAL Reference :: I/O Reference :: I/O Functions
6	Windows CE 5.0 :: Product Documentation :: Bringing Up a Hardware Platform :: Developing a Board Support Package :: Developing an OEM Adaptation Layer :: Production-Quality OAL :: Production-Quality OAL Reference :: I/O Reference :: I/O IOCTLs
30	Windows CE 5.0 :: Product Documentation :: Bringing Up a Hardware Platform :: Developing a Board Support Package :: Developing an OEM Adaptation Layer :: Production-Quality OAL :: Production-Quality OAL Reference :: I/O Reference :: I/O Macros
1	Windows CE 5.0 :: Product Documentation :: Bringing Up a Hardware Platform :: Developing a Board Support Package :: Developing an OEM Adaptation Layer :: Production-Quality OAL :: Production-Quality OAL Reference :: I/O Reference :: I/O Structures
2	Windows CE 5.0 :: Product Documentation :: Bringing Up a Hardware Platform :: Developing a Board Support Package :: Developing an OEM Adaptation Layer :: Production-Quality OAL :: Production-Quality OAL Reference :: IOCTL Reference
11	Windows CE 5.0 :: Product Documentation :: Bringing Up a Hardware Platform :: Developing a Board Support Package :: Developing an OEM Adaptation Layer :: Production-Quality OAL :: Production-Quality OAL Reference :: IOCTL Reference :: IOCTL Functions
8	Windows CE 5.0 :: Product Documentation :: Bringing Up a Hardware Platform :: Developing a Board Support Package :: Developing an OEM Adaptation Layer :: Production-Quality OAL :: Production-Quality OAL Reference :: IOCTL Reference :: IOCTL Global Variables
1	Windows CE 5.0 :: Product Documentation :: Bringing Up a Hardware Platform :: Developing a Board Support Package :: Developing an OEM Adaptation Layer :: Production-Quality OAL :: Production-Quality OAL Reference :: IOCTL Reference :: IOCTL Structures
2	Windows CE 5.0 :: Product Documentation :: Bringing Up a Hardware Platform :: Developing a Board Support Package :: Developing an OEM Adaptation Layer :: Production-Quality OAL :: Production-Quality OAL Reference :: Interrupt Latency Timing Reference
1	Windows CE 5.0 :: Product Documentation :: Bringing Up a Hardware Platform :: Developing a Board Support Package :: Developing an OEM Adaptation Layer :: Production-Quality OAL :: Production-Quality OAL Reference :: Interrupt Latency Timing Reference :: Interrupt Latency Timing Functions
1	Windows CE 5.0 :: Product Documentation :: Bringing Up a Hardware Platform :: Developing a Board Support Package :: Developing an OEM Adaptation Layer :: Production-Quality OAL :: Production-Quality OAL Reference :: Interrupt Latency Timing Reference :: Interrupt Latency Timing Global Variables
1	Windows CE 5.0 :: Product Documentation :: Bringing Up a Hardware Platform :: Developing a Board Support Package :: Developing an OEM Adaptation Layer :: Production-Quality OAL :: Production-Quality OAL Reference :: Interrupt Latency Timing Reference :: Interrupt Latency Timing Structures
5	Windows CE 5.0 :: Product Documentation :: Bringing Up a Hardware Platform :: Developing a Board Support Package :: Developing an OEM Adaptation Layer :: Production-Quality OAL :: Production-Quality OAL Reference :: Interrupt Reference
20	Windows CE 5.0 :: Product Documentation :: Bringing Up a Hardware Platform :: Developing a Board Support Package :: Developing an OEM Adaptation Layer :: Production-Quality OAL :: Production-Quality OAL Reference :: Interrupt Reference :: Interrupt Functions
3	Windows CE 5.0 :: Product Documentation :: Bringing Up a Hardware Platform :: Developing a Board Support Package :: Developing an OEM Adaptation Layer :: Production-Quality OAL :: Production-Quality OAL Reference :: KITL Reference
2	Windows CE 5.0 :: Product Documentation :: Bringing Up a Hardware Platform :: Developing a Board Support Package :: Developing an OEM Adaptation Layer :: Production-Quality OAL :: Production-Quality OAL Reference :: KITL Reference :: KITL Enumerations
36	Windows CE 5.0 :: Product Documentation :: Bringing Up a Hardware Platform :: Developing a Board Support Package :: Developing an OEM Adaptation Layer :: Production-Quality OAL :: Production-Quality OAL Reference :: KITL Reference :: KITL Functions
1	Windows CE 5.0 :: Product Documentation :: Bringing Up a Hardware Platform :: Developing a Board Support Package :: Developing an OEM Adaptation Layer :: Production-Quality OAL :: Production-Quality OAL Reference :: KITL Reference :: KITL Global Variables
5	Windows CE 5.0 :: Product Documentation :: Bringing Up a Hardware Platform :: Developing a Board Support Package :: Developing an OEM Adaptation Layer :: Production-Quality OAL :: Production-Quality OAL Reference :: KITL Reference :: KITL Structures
3	Windows CE 5.0 :: Product Documentation :: Bringing Up a Hardware Platform :: Developing a Board Support Package :: Developing an OEM Adaptation Layer :: Production-Quality OAL :: Production-Quality OAL Reference :: Logging Reference
5	Windows CE 5.0 :: Product Documentation :: Bringing Up a Hardware Platform :: Developing a Board Support Package :: Developing an OEM Adaptation Layer :: Production-Quality OAL :: Production-Quality OAL Reference :: Logging Reference :: Logging Functions
1	Windows CE 5.0 :: Product Documentation :: Bringing Up a Hardware Platform :: Developing a Board Support Package :: Developing an OEM Adaptation Layer :: Production-Quality OAL :: Production-Quality OAL Reference :: Logging Reference :: Logging Global Variables
5	Windows CE 5.0 :: Product Documentation :: Bringing Up a Hardware Platform :: Developing a Board Support Package :: Developing an OEM Adaptation Layer :: Production-Quality OAL :: Production-Quality OAL Reference :: Logging Reference :: Logging Macros
3	Windows CE 5.0 :: Product Documentation :: Bringing Up a Hardware Platform :: Developing a Board Support Package :: Developing an OEM Adaptation Layer :: Production-Quality OAL :: Production-Quality OAL Reference :: Memory Reference
6	Windows CE 5.0 :: Product Documentation :: Bringing Up a Hardware Platform :: Developing a Board Support Package :: Developing an OEM Adaptation Layer :: Production-Quality OAL :: Production-Quality OAL Reference :: Memory Reference :: Memory Functions
1	Windows CE 5.0 :: Product Documentation :: Bringing Up a Hardware Platform :: Developing a Board Support Package :: Developing an OEM Adaptation Layer :: Production-Quality OAL :: Production-Quality OAL Reference :: Memory Reference :: Memory Global Variables
1	Windows CE 5.0 :: Product Documentation :: Bringing Up a Hardware Platform :: Developing a Board Support Package :: Developing an OEM Adaptation Layer :: Production-Quality OAL :: Production-Quality OAL Reference :: Memory Reference :: Memory Structures
1	Windows CE 5.0 :: Product Documentation :: Bringing Up a Hardware Platform :: Developing a Board Support Package :: Developing an OEM Adaptation Layer :: Production-Quality OAL :: Production-Quality OAL Reference :: PCI Reference
17	Windows CE 5.0 :: Product Documentation :: Bringing Up a Hardware Platform :: Developing a Board Support Package :: Developing an OEM Adaptation Layer :: Production-Quality OAL :: Production-Quality OAL Reference :: PCI Reference :: PCI Functions
1	Windows CE 5.0 :: Product Documentation :: Bringing Up a Hardware Platform :: Developing a Board Support Package :: Developing an OEM Adaptation Layer :: Production-Quality OAL :: Production-Quality OAL Reference :: PCI Reference :: PCI Structures
3	Windows CE 5.0 :: Product Documentation :: Bringing Up a Hardware Platform :: Developing a Board Support Package :: Developing an OEM Adaptation Layer :: Production-Quality OAL :: Production-Quality OAL Reference :: Timer Reference
12	Windows CE 5.0 :: Product Documentation :: Bringing Up a Hardware Platform :: Developing a Board Support Package :: Developing an OEM Adaptation Layer :: Production-Quality OAL :: Production-Quality OAL Reference :: Timer Reference :: Timer Functions
1	Windows CE 5.0 :: Product Documentation :: Bringing Up a Hardware Platform :: Developing a Board Support Package :: Developing an OEM Adaptation Layer :: Production-Quality OAL :: Production-Quality OAL Reference :: Timer Reference :: Timer Global Variables
1	Windows CE 5.0 :: Product Documentation :: Bringing Up a Hardware Platform :: Developing a Board Support Package :: Developing an OEM Adaptation Layer :: Production-Quality OAL :: Production-Quality OAL Reference :: Timer Reference :: Timer Structures
7	Windows CE 5.0 :: Product Documentation :: Bringing Up a Hardware Platform :: Migrating a Board Support Package
2	Windows CE 5.0 :: Product Documentation :: Bringing Up a Hardware Platform :: Standard Development Board Design
4	Windows CE 5.0 :: Product Documentation :: Bringing Up a Hardware Platform :: Supported Board Support Packages
4	Windows CE 5.0 :: Product Documentation :: Bringing Up a Hardware Platform :: Supported Board Support Packages :: ARM BSPs :: How to Use the BSP for the Intel PXA27x Development Platform (MainstoneII)
6	Windows CE 5.0 :: Product Documentation :: Bringing Up a Hardware Platform :: Supported Board Support Packages :: ARM BSPs :: How to Use the BSP for the SMDK2410 Samsung MCU Development Kit
6	Windows CE 5.0 :: Product Documentation :: Bringing Up a Hardware Platform :: Supported Board Support Packages :: MIPS BSPs :: How to Use the BSP for the AMD DBAu1000 Development Board
6	Windows CE 5.0 :: Product Documentation :: Bringing Up a Hardware Platform :: Supported Board Support Packages :: MIPS BSPs :: How to Use the BSP for the AMD DBAu1100 Development Board
6	Windows CE 5.0 :: Product Documentation :: Bringing Up a Hardware Platform :: Supported Board Support Packages :: MIPS BSPs :: How to Use the BSP for the AMD DBAu1500 Development Board
5	Windows CE 5.0 :: Product Documentation :: Bringing Up a Hardware Platform :: Supported Board Support Packages :: MIPS BSPs :: How to Use the BSP for the Broadcom VoIP Screen Phone
7	Windows CE 5.0 :: Product Documentation :: Bringing Up a Hardware Platform :: Supported Board Support Packages :: MIPS BSPs :: How to Use the BSP for the NEC Solution Gear 2-Vr4131 Development Kit
7	Windows CE 5.0 :: Product Documentation :: Bringing Up a Hardware Platform :: Supported Board Support Packages :: MIPS BSPs :: How to Use the BSP for the NEC Solution Gear 2-Vr5500 Development Kit
7	Windows CE 5.0 :: Product Documentation :: Bringing Up a Hardware Platform :: Supported Board Support Packages :: SHx BSPs :: How to Use the BSP for the Renesas US7750R HARP (Aspen) SDB
3	Windows CE 5.0 :: Product Documentation :: Bringing Up a Hardware Platform :: Supported Board Support Packages :: x86 BSPs :: Advantech PCM-5822 and PCM-5823 Biscuit PC
3	Windows CE 5.0 :: Product Documentation :: Bringing Up a Hardware Platform :: Supported Board Support Packages :: x86 BSPs :: CEPC-based SDBs
3	Windows CE 5.0 :: Product Documentation :: Bringing Up a Hardware Platform :: Supported Board Support Packages :: x86 BSPs :: CEPC-based SDBs :: How to Add a CEPC to an Ethernet Network
2	Windows CE 5.0 :: Product Documentation :: Bringing Up a Hardware Platform :: Supported Board Support Packages :: x86 BSPs :: CEPC-based SDBs :: How to Boot a Run-Time Image on a CEPC from a Hard Disk Drive
2	Windows CE 5.0 :: Product Documentation :: Bringing Up a Hardware Platform :: Supported Board Support Packages :: x86 BSPs :: CEPC-based SDBs :: How to Configure Hard Disk Drives on a CEPC
1	Windows CE 5.0 :: Product Documentation :: Bringing Up a Hardware Platform :: Supported Board Support Packages :: x86 BSPs :: CEPC-based SDBs :: How to Configure and Build a Run-Time Image for a CEPC
5	Windows CE 5.0 :: Product Documentation :: Bringing Up a Hardware Platform :: Supported Board Support Packages :: x86 BSPs :: CEPC-based SDBs :: How to Configure and Download a Run-Time Image to a CEPC
1	Windows CE 5.0 :: Product Documentation :: Bringing Up a Hardware Platform :: Supported Board Support Packages :: x86 BSPs :: CEPC-based SDBs :: How to Customize Memory on a CEPC
1	Windows CE 5.0 :: Product Documentation :: Bringing Up a Hardware Platform :: Supported Board Support Packages :: x86 BSPs :: CEPC-based SDBs :: How to Decrease Run-Time Image Size on a CEPC
1	Windows CE 5.0 :: Product Documentation :: Bringing Up a Hardware Platform :: Supported Board Support Packages :: x86 BSPs :: CEPC-based SDBs :: How to Develop an Application for a CEPC
4	Windows CE 5.0 :: Product Documentation :: Bringing Up a Hardware Platform :: Supported Board Support Packages :: x86 BSPs :: CEPC-based SDBs :: How to Set Up a CEPC
3	Windows CE 5.0 :: Product Documentation :: Bringing Up a Hardware Platform :: Supported Board Support Packages :: x86 BSPs :: CEPC-based SDBs :: Other CEPC-based SDBs
3	Windows CE 5.0 :: Product Documentation :: Bringing Up a Hardware Platform :: Supported Board Support Packages :: x86 BSPs :: Lanner EM-350 and EM-351 Embedded Single Board Computers
2	Windows CE 5.0 :: Product Documentation :: Bringing Up a Hardware Platform :: Supported Board Support Packages :: x86 BSPs :: National Geode SP4SC30 Development Platform
1	Windows CE 5.0 :: Product Documentation :: Debugging and Testing :: Debugging Resources Overview
1	Windows CE 5.0 :: Product Documentation :: Debugging and Testing :: Debugging and Testing How-to Topics
8	Windows CE 5.0 :: Product Documentation :: Debugging and Testing :: Debugging and Testing How-to Topics :: How to Analyze CETK Test Results to Debug a Driver
6	Windows CE 5.0 :: Product Documentation :: Debugging and Testing :: Debugging and Testing How-to Topics :: How to Connect to a Target Device for Debugging
1	Windows CE 5.0 :: Product Documentation :: Debugging and Testing :: Debugging and Testing How-to Topics :: How to Debug a Boot Loader with eXDI
2	Windows CE 5.0 :: Product Documentation :: Debugging and Testing :: Debugging and Testing How-to Topics :: How to Use Platform Builder to Connect to Multiple Target Devices
2	Windows CE 5.0 :: Product Documentation :: Debugging and Testing :: Debugging and Testing How-to Topics :: How to Use Remote Call Profiler to Find Performance Problems
1	Windows CE 5.0 :: Product Documentation :: Debugging and Testing :: Techniques for Debugging :: Battery Life Debugging
2	Windows CE 5.0 :: Product Documentation :: Debugging and Testing :: Techniques for Debugging :: Battery Life Debugging :: Battery Life Debugging Techniques
4	Windows CE 5.0 :: Product Documentation :: Debugging and Testing :: Techniques for Debugging :: Battery Life Debugging :: Hardware Considerations for Battery Life
2	Windows CE 5.0 :: Product Documentation :: Debugging and Testing :: Techniques for Debugging :: Battery Life Debugging :: Software Considerations for Battery Life
2	Windows CE 5.0 :: Product Documentation :: Debugging and Testing :: Tools for Debugging and Testing :: CeLog Event Tracking :: CeLog Data Collection :: Avoiding CeLog Data Loss
1	Windows CE 5.0 :: Product Documentation :: Debugging and Testing :: Tools for Debugging and Testing :: CeLog Event Tracking :: CeLog Data Collection :: CeLog Data Collection Overview
4	Windows CE 5.0 :: Product Documentation :: Debugging and Testing :: Tools for Debugging and Testing :: CeLog Event Tracking :: CeLog Data Collection :: Filtering CeLog Events
2	Windows CE 5.0 :: Product Documentation :: Debugging and Testing :: Tools for Debugging and Testing :: CeLog Event Tracking :: CeLog Data Viewing
3	Windows CE 5.0 :: Product Documentation :: Debugging and Testing :: Tools for Debugging and Testing :: CeLog Event Tracking :: CeLog Event Tracking Overview
1	Windows CE 5.0 :: Product Documentation :: Debugging and Testing :: Tools for Debugging and Testing :: CeLog Event Tracking :: CeLog Tool Customization
1	Windows CE 5.0 :: Product Documentation :: Debugging and Testing :: Tools for Debugging and Testing :: CeLog Event Tracking :: CeLog Tool Customization :: Implementing a Custom Event Tracking Library
2	Windows CE 5.0 :: Product Documentation :: Debugging and Testing :: Tools for Debugging and Testing :: CeLog Event Tracking :: CeLog Tool Customization :: Implementing a Custom Event Tracking Library :: Implementing an Event Tracking Library
4	Windows CE 5.0 :: Product Documentation :: Debugging and Testing :: Tools for Debugging and Testing :: CeLog Event Tracking :: CeLog Tool Customization :: Implementing a Custom Event Tracking Library :: Implementing an Event Tracking Library :: Logging Event Data
1	Windows CE 5.0 :: Product Documentation :: Debugging and Testing :: Tools for Debugging and Testing :: CeLog Event Tracking :: CeLog Tool Customization :: Implementing a Custom Event Tracking Library :: OAL Elements for CeLog Event Tracking
5	Windows CE 5.0 :: Product Documentation :: Debugging and Testing :: Tools for Debugging and Testing :: CeLog Event Tracking :: CeLog Tool Customization :: Logging Your Own CeLog Events
2	Windows CE 5.0 :: Product Documentation :: Debugging and Testing :: Tools for Debugging and Testing :: CeLog Event Tracking :: CeLog Tool Customization :: Logging Your Own CeLog Events :: Capturing Events With Custom Data Structures
1	Windows CE 5.0 :: Product Documentation :: Debugging and Testing :: Tools for Debugging and Testing :: CeLog Event Tracking :: CeLog Tool Customization :: Writing Your Own CeLog Flush Application
1	Windows CE 5.0 :: Product Documentation :: Debugging and Testing :: Tools for Debugging and Testing :: CeLog Event Tracking :: CeLog Tools
6	Windows CE 5.0 :: Product Documentation :: Debugging and Testing :: Tools for Debugging and Testing :: CeLog Event Tracking :: CeLog Tools :: CeLogFlush.exe
8	Windows CE 5.0 :: Product Documentation :: Debugging and Testing :: Tools for Debugging and Testing :: CeLog Event Tracking :: CeLog Tools :: OSCapture.exe
6	Windows CE 5.0 :: Product Documentation :: Debugging and Testing :: Tools for Debugging and Testing :: CeLog Event Tracking :: CeLog Tools :: Readlog Viewing Tool
3	Windows CE 5.0 :: Product Documentation :: Debugging and Testing :: Tools for Debugging and Testing :: CeLog Event Tracking :: CeLog Tools :: Readlog Viewing Tool :: Working with Event Ranges in Readlog
1	Windows CE 5.0 :: Product Documentation :: Debugging and Testing :: Tools for Debugging and Testing :: Core Connectivity :: Application Connectivity
1	Windows CE 5.0 :: Product Documentation :: Debugging and Testing :: Tools for Debugging and Testing :: Core Connectivity :: Application Connectivity :: Application Download Services
3	Windows CE 5.0 :: Product Documentation :: Debugging and Testing :: Tools for Debugging and Testing :: Core Connectivity :: Core Connectivity Datastore
7	Windows CE 5.0 :: Product Documentation :: Debugging and Testing :: Tools for Debugging and Testing :: Core Connectivity :: Core Connectivity Datastore :: Datastore Schema
1	Windows CE 5.0 :: Product Documentation :: Debugging and Testing :: Tools for Debugging and Testing :: Core Connectivity :: Core Connectivity Overview
3	Windows CE 5.0 :: Product Documentation :: Debugging and Testing :: Tools for Debugging and Testing :: Core Connectivity :: Core Connectivity Overview :: Connectivity Service Model
16	Windows CE 5.0 :: Product Documentation :: Debugging and Testing :: Tools for Debugging and Testing :: Core Connectivity :: Core Connectivity Reference :: Core Connectivity Datastore Interfaces
3	Windows CE 5.0 :: Product Documentation :: Debugging and Testing :: Tools for Debugging and Testing :: Core Connectivity :: Core Connectivity Reference :: Core Connectivity Datastore Interfaces :: ICcCollection
10	Windows CE 5.0 :: Product Documentation :: Debugging and Testing :: Tools for Debugging and Testing :: Core Connectivity :: Core Connectivity Reference :: Core Connectivity Datastore Interfaces :: ICcDatastore
6	Windows CE 5.0 :: Product Documentation :: Debugging and Testing :: Tools for Debugging and Testing :: Core Connectivity :: Core Connectivity Reference :: Core Connectivity Datastore Interfaces :: ICcDevice
3	Windows CE 5.0 :: Product Documentation :: Debugging and Testing :: Tools for Debugging and Testing :: Core Connectivity :: Core Connectivity Reference :: Core Connectivity Datastore Interfaces :: ICcFile
1	Windows CE 5.0 :: Product Documentation :: Debugging and Testing :: Tools for Debugging and Testing :: Core Connectivity :: Core Connectivity Reference :: Core Connectivity Datastore Interfaces :: ICcOSImage
4	Windows CE 5.0 :: Product Documentation :: Debugging and Testing :: Tools for Debugging and Testing :: Core Connectivity :: Core Connectivity Reference :: Core Connectivity Datastore Interfaces :: ICcObject
4	Windows CE 5.0 :: Product Documentation :: Debugging and Testing :: Tools for Debugging and Testing :: Core Connectivity :: Core Connectivity Reference :: Core Connectivity Datastore Interfaces :: ICcObjectContainer
1	Windows CE 5.0 :: Product Documentation :: Debugging and Testing :: Tools for Debugging and Testing :: Core Connectivity :: Core Connectivity Reference :: Core Connectivity Datastore Interfaces :: ICcPackage
1	Windows CE 5.0 :: Product Documentation :: Debugging and Testing :: Tools for Debugging and Testing :: Core Connectivity :: Core Connectivity Reference :: Core Connectivity Datastore Interfaces :: ICcPackageType
3	Windows CE 5.0 :: Product Documentation :: Debugging and Testing :: Tools for Debugging and Testing :: Core Connectivity :: Core Connectivity Reference :: Core Connectivity Datastore Interfaces :: ICcPlatform
2	Windows CE 5.0 :: Product Documentation :: Debugging and Testing :: Tools for Debugging and Testing :: Core Connectivity :: Core Connectivity Reference :: Core Connectivity Datastore Interfaces :: ICcProperty
1	Windows CE 5.0 :: Product Documentation :: Debugging and Testing :: Tools for Debugging and Testing :: Core Connectivity :: Core Connectivity Reference :: Core Connectivity Datastore Interfaces :: ICcServiceCategory
1	Windows CE 5.0 :: Product Documentation :: Debugging and Testing :: Tools for Debugging and Testing :: Core Connectivity :: Core Connectivity Reference :: Core Connectivity Enumerations
6	Windows CE 5.0 :: Product Documentation :: Debugging and Testing :: Tools for Debugging and Testing :: Core Connectivity :: Core Connectivity Reference :: Core Connectivity Interfaces :: ICcBootstrap
3	Windows CE 5.0 :: Product Documentation :: Debugging and Testing :: Tools for Debugging and Testing :: Core Connectivity :: Core Connectivity Reference :: Core Connectivity Interfaces :: ICcCeshCB
26	Windows CE 5.0 :: Product Documentation :: Debugging and Testing :: Tools for Debugging and Testing :: Core Connectivity :: Core Connectivity Reference :: Core Connectivity Interfaces :: ICcConnection
1	Windows CE 5.0 :: Product Documentation :: Debugging and Testing :: Tools for Debugging and Testing :: Core Connectivity :: Core Connectivity Reference :: Core Connectivity Interfaces :: ICcDbgMsgCB
4	Windows CE 5.0 :: Product Documentation :: Debugging and Testing :: Tools for Debugging and Testing :: Core Connectivity :: Core Connectivity Reference :: Core Connectivity Interfaces :: ICcKitl
5	Windows CE 5.0 :: Product Documentation :: Debugging and Testing :: Tools for Debugging and Testing :: Core Connectivity :: Core Connectivity Reference :: Core Connectivity Interfaces :: ICcServer
10	Windows CE 5.0 :: Product Documentation :: Debugging and Testing :: Tools for Debugging and Testing :: Core Connectivity :: Core Connectivity Reference :: Core Connectivity Interfaces :: ICcService
2	Windows CE 5.0 :: Product Documentation :: Debugging and Testing :: Tools for Debugging and Testing :: Core Connectivity :: Core Connectivity Reference :: Core Connectivity Interfaces :: ICcServiceCB
4	Windows CE 5.0 :: Product Documentation :: Debugging and Testing :: Tools for Debugging and Testing :: Core Connectivity :: Core Connectivity Reference :: Core Connectivity Interfaces :: ICcServiceConfigure
4	Windows CE 5.0 :: Product Documentation :: Debugging and Testing :: Tools for Debugging and Testing :: Core Connectivity :: Core Connectivity Reference :: Core Connectivity Interfaces :: ICcSvcHost
4	Windows CE 5.0 :: Product Documentation :: Debugging and Testing :: Tools for Debugging and Testing :: Core Connectivity :: Core Connectivity Reference :: Core Connectivity Interfaces :: ICcTransport
1	Windows CE 5.0 :: Product Documentation :: Debugging and Testing :: Tools for Debugging and Testing :: Core Connectivity :: Core Connectivity Reference :: Core Connectivity Interfaces :: ICcTransportInit
7	Windows CE 5.0 :: Product Documentation :: Debugging and Testing :: Tools for Debugging and Testing :: Core Connectivity :: Core Connectivity Reference :: Core Connectivity Interfaces :: ICcTransportStream
8	Windows CE 5.0 :: Product Documentation :: Debugging and Testing :: Tools for Debugging and Testing :: Core Connectivity :: Core Connectivity Reference :: Core Connectivity Interfaces :: IConMan
6	Windows CE 5.0 :: Product Documentation :: Debugging and Testing :: Tools for Debugging and Testing :: Core Connectivity :: Core Connectivity Reference :: Core Connectivity Structures
1	Windows CE 5.0 :: Product Documentation :: Debugging and Testing :: Tools for Debugging and Testing :: Core Connectivity :: Kernel Connectivity
1	Windows CE 5.0 :: Product Documentation :: Debugging and Testing :: Tools for Debugging and Testing :: Core Connectivity :: Kernel Connectivity :: Kernel Download Services
1	Windows CE 5.0 :: Product Documentation :: Debugging and Testing :: Tools for Debugging and Testing :: Core Connectivity :: Kernel Connectivity :: Kernel Download Services :: Creating Custom Download Services
1	Windows CE 5.0 :: Product Documentation :: Debugging and Testing :: Tools for Debugging and Testing :: Core Connectivity :: Kernel Connectivity :: Kernel Download Services :: Download Interfaces
3	Windows CE 5.0 :: Product Documentation :: Debugging and Testing :: Tools for Debugging and Testing :: Core Connectivity :: Kernel Connectivity :: Kernel Download Services :: Download Service Selection
1	Windows CE 5.0 :: Product Documentation :: Debugging and Testing :: Tools for Debugging and Testing :: Core Connectivity :: Kernel Connectivity :: Kernel Transport Services
2	Windows CE 5.0 :: Product Documentation :: Debugging and Testing :: Tools for Debugging and Testing :: Core Connectivity :: Kernel Connectivity :: Kernel Transport Services :: Transport Interfaces
2	Windows CE 5.0 :: Product Documentation :: Debugging and Testing :: Tools for Debugging and Testing :: Core Connectivity :: Kernel Connectivity :: Other Kernel Services
1	Windows CE 5.0 :: Product Documentation :: Debugging and Testing :: Tools for Debugging and Testing :: Core Connectivity :: Kernel Connectivity :: Other Kernel Services :: Kernel Debugger Services
2	Windows CE 5.0 :: Product Documentation :: Debugging and Testing :: Tools for Debugging and Testing :: Core Connectivity :: Kernel Connectivity :: Other Kernel Services :: Service Callback Service
4	Windows CE 5.0 :: Product Documentation :: Debugging and Testing :: Tools for Debugging and Testing :: Emulator
1	Windows CE 5.0 :: Product Documentation :: Debugging and Testing :: Tools for Debugging and Testing :: Emulator :: Emulator Key Combinations
1	Windows CE 5.0 :: Product Documentation :: Debugging and Testing :: Tools for Debugging and Testing :: Emulator :: Emulator Skin
3	Windows CE 5.0 :: Product Documentation :: Debugging and Testing :: Tools for Debugging and Testing :: Emulator :: Emulator Skin :: Emulator Skin Development
5	Windows CE 5.0 :: Product Documentation :: Debugging and Testing :: Tools for Debugging and Testing :: Emulator :: Emulator Usage Scenarios
3	Windows CE 5.0 :: Product Documentation :: Debugging and Testing :: Tools for Debugging and Testing :: Kernel Profiler :: Controlling the Kernel Profiler
1	Windows CE 5.0 :: Product Documentation :: Debugging and Testing :: Tools for Debugging and Testing :: Kernel Profiler :: Controlling the Kernel Profiler :: Buffered and Unbuffered Profiling
1	Windows CE 5.0 :: Product Documentation :: Debugging and Testing :: Tools for Debugging and Testing :: Kernel Profiler :: Interpretation of the Output of the Kernel Profiler
3	Windows CE 5.0 :: Product Documentation :: Debugging and Testing :: Tools for Debugging and Testing :: Kernel Profiler :: Kernel Profiler Modes
4	Windows CE 5.0 :: Product Documentation :: Debugging and Testing :: Tools for Debugging and Testing :: Kernel Profiler :: Setting Up the Kernel Profiler
3	Windows CE 5.0 :: Product Documentation :: Debugging and Testing :: Tools for Debugging and Testing :: Kernel Profiler :: Setting Up the Kernel Profiler :: Building a Run-Time Image That Supports the Kernel Profiler
1	Windows CE 5.0 :: Product Documentation :: Debugging and Testing :: Tools for Debugging and Testing :: Remote Tools :: Remote Tool Connectivity
1	Windows CE 5.0 :: Product Documentation :: Debugging and Testing :: Tools for Debugging and Testing :: Remote Tools :: Remote Tool Connectivity :: Application Connectivity
2	Windows CE 5.0 :: Product Documentation :: Debugging and Testing :: Tools for Debugging and Testing :: Remote Tools :: Remote Tool Connectivity :: Application Connectivity :: Connecting to a Target Device with a Remote Tool
2	Windows CE 5.0 :: Product Documentation :: Debugging and Testing :: Tools for Debugging and Testing :: Remote Tools :: Remote Tool Connectivity :: Application Connectivity :: Custom Transport Creation
2	Windows CE 5.0 :: Product Documentation :: Debugging and Testing :: Tools for Debugging and Testing :: Remote Tools :: Remote Tool Connectivity :: Application Connectivity :: Custom Transport Creation :: Transport API
2	Windows CE 5.0 :: Product Documentation :: Debugging and Testing :: Tools for Debugging and Testing :: Remote Tools :: Remote Tool Connectivity :: Application Connectivity :: Startup Server Selection
1	Windows CE 5.0 :: Product Documentation :: Debugging and Testing :: Tools for Debugging and Testing :: Remote Tools :: Remote Tool Connectivity :: Application Connectivity :: Startup Server Selection :: CESH Startup Server
1	Windows CE 5.0 :: Product Documentation :: Debugging and Testing :: Tools for Debugging and Testing :: Remote Tools :: Remote Tool Connectivity :: Application Connectivity :: Transport Selection
1	Windows CE 5.0 :: Product Documentation :: Debugging and Testing :: Tools for Debugging and Testing :: Remote Tools :: Remote Tool Connectivity :: Application Connectivity :: Transport Selection :: ActiveSync Transport
1	Windows CE 5.0 :: Product Documentation :: Debugging and Testing :: Tools for Debugging and Testing :: Remote Tools :: Remote Tool Connectivity :: Application Connectivity :: Transport Selection :: TCP/IP Transport
6	Windows CE 5.0 :: Product Documentation :: Debugging and Testing :: Tools for Debugging and Testing :: Remote Tools :: Remote Tool Connectivity :: Platform Manager Object Model
4	Windows CE 5.0 :: Product Documentation :: Debugging and Testing :: Tools for Debugging and Testing :: Remote Tools :: Remote Tool Development :: Publish/Subscribe Infrastructure
3	Windows CE 5.0 :: Product Documentation :: Debugging and Testing :: Tools for Debugging and Testing :: Remote Tools :: Remote Tool Development :: Remote Tool Development Reference :: Remote Tool Development Classes :: CConnection
3	Windows CE 5.0 :: Product Documentation :: Debugging and Testing :: Tools for Debugging and Testing :: Remote Tools :: Remote Tool Development :: Remote Tool Development Reference :: Remote Tool Development Classes :: CTransport
1	Windows CE 5.0 :: Product Documentation :: Debugging and Testing :: Tools for Debugging and Testing :: Remote Tools :: Remote Tool Development :: Remote Tool Development Reference :: Remote Tool Development Enumerations
23	Windows CE 5.0 :: Product Documentation :: Debugging and Testing :: Tools for Debugging and Testing :: Remote Tools :: Remote Tool Development :: Remote Tool Development Reference :: Remote Tool Development Functions :: KITL Functions
1	Windows CE 5.0 :: Product Documentation :: Debugging and Testing :: Tools for Debugging and Testing :: Remote Tools :: Remote Tool Development :: Remote Tool Development Reference :: Remote Tool Development Functions :: Transport Layer Functions
4	Windows CE 5.0 :: Product Documentation :: Debugging and Testing :: Tools for Debugging and Testing :: Remote Tools :: Remote Tool Development :: Remote Tool Development Reference :: Remote Tool Development Interfaces :: Download Service Interfaces :: IDownload:IUnknown
1	Windows CE 5.0 :: Product Documentation :: Debugging and Testing :: Tools for Debugging and Testing :: Remote Tools :: Remote Tool Development :: Remote Tool Development Reference :: Remote Tool Development Interfaces :: Download Service Interfaces :: _IDownloadProgress:IUnknown
2	Windows CE 5.0 :: Product Documentation :: Debugging and Testing :: Tools for Debugging and Testing :: Remote Tools :: Remote Tool Development :: Remote Tool Development Reference :: Remote Tool Development Interfaces :: Platform Manager Interfaces :: IEnumVariant
8	Windows CE 5.0 :: Product Documentation :: Debugging and Testing :: Tools for Debugging and Testing :: Remote Tools :: Remote Tool Development :: Remote Tool Development Reference :: Remote Tool Development Interfaces :: Platform Manager Interfaces :: IPMBootableDevice
8	Windows CE 5.0 :: Product Documentation :: Debugging and Testing :: Tools for Debugging and Testing :: Remote Tools :: Remote Tool Development :: Remote Tool Development Reference :: Remote Tool Development Interfaces :: Platform Manager Interfaces :: IPMCPU
18	Windows CE 5.0 :: Product Documentation :: Debugging and Testing :: Tools for Debugging and Testing :: Remote Tools :: Remote Tool Development :: Remote Tool Development Reference :: Remote Tool Development Interfaces :: Platform Manager Interfaces :: IPMConnection
4	Windows CE 5.0 :: Product Documentation :: Debugging and Testing :: Tools for Debugging and Testing :: Remote Tools :: Remote Tool Development :: Remote Tool Development Reference :: Remote Tool Development Interfaces :: Platform Manager Interfaces :: IPMConnectionStream
5	Windows CE 5.0 :: Product Documentation :: Debugging and Testing :: Tools for Debugging and Testing :: Remote Tools :: Remote Tool Development :: Remote Tool Development Reference :: Remote Tool Development Interfaces :: Platform Manager Interfaces :: IPMOS
7	Windows CE 5.0 :: Product Documentation :: Debugging and Testing :: Tools for Debugging and Testing :: Remote Tools :: Remote Tool Development :: Remote Tool Development Reference :: Remote Tool Development Interfaces :: Platform Manager Interfaces :: IPMPackage
12	Windows CE 5.0 :: Product Documentation :: Debugging and Testing :: Tools for Debugging and Testing :: Remote Tools :: Remote Tool Development :: Remote Tool Development Reference :: Remote Tool Development Interfaces :: Platform Manager Interfaces :: IPMPackageFile
32	Windows CE 5.0 :: Product Documentation :: Debugging and Testing :: Tools for Debugging and Testing :: Remote Tools :: Remote Tool Development :: Remote Tool Development Reference :: Remote Tool Development Interfaces :: Platform Manager Interfaces :: IPMPlatform
35	Windows CE 5.0 :: Product Documentation :: Debugging and Testing :: Tools for Debugging and Testing :: Remote Tools :: Remote Tool Development :: Remote Tool Development Reference :: Remote Tool Development Interfaces :: Platform Manager Interfaces :: IPMPlatformManager
3	Windows CE 5.0 :: Product Documentation :: Debugging and Testing :: Tools for Debugging and Testing :: Remote Tools :: Remote Tool Development :: Remote Tool Development Reference :: Remote Tool Development Interfaces :: Platform Manager Interfaces :: IPMPropInfo
9	Windows CE 5.0 :: Product Documentation :: Debugging and Testing :: Tools for Debugging and Testing :: Remote Tools :: Remote Tool Development :: Remote Tool Development Reference :: Remote Tool Development Interfaces :: Platform Manager Interfaces :: IPMProperty
13	Windows CE 5.0 :: Product Documentation :: Debugging and Testing :: Tools for Debugging and Testing :: Remote Tools :: Remote Tool Development :: Remote Tool Development Reference :: Remote Tool Development Interfaces :: Platform Manager Interfaces :: IPMRemoteDevice
6	Windows CE 5.0 :: Product Documentation :: Debugging and Testing :: Tools for Debugging and Testing :: Remote Tools :: Remote Tool Development :: Remote Tool Development Reference :: Remote Tool Development Interfaces :: Platform Manager Interfaces :: IPMService
10	Windows CE 5.0 :: Product Documentation :: Debugging and Testing :: Tools for Debugging and Testing :: Remote Tools :: Remote Tool Development :: Remote Tool Development Reference :: Remote Tool Development Interfaces :: Platform Manager Interfaces :: IPMServiceCategory
6	Windows CE 5.0 :: Product Documentation :: Debugging and Testing :: Tools for Debugging and Testing :: Remote Tools :: Remote Tool Development :: Remote Tool Development Reference :: Remote Tool Development Interfaces :: Platform Manager Interfaces :: IPMServiceInfo
2	Windows CE 5.0 :: Product Documentation :: Debugging and Testing :: Tools for Debugging and Testing :: Remote Tools :: Remote Tool Development :: Remote Tool Development Reference :: Remote Tool Development Interfaces :: Platform Manager Interfaces :: IPMStartupServerInfo
2	Windows CE 5.0 :: Product Documentation :: Debugging and Testing :: Tools for Debugging and Testing :: Remote Tools :: Remote Tool Development :: Remote Tool Development Reference :: Remote Tool Development Interfaces :: Platform Manager Interfaces :: IPMTransportInfo
2	Windows CE 5.0 :: Product Documentation :: Debugging and Testing :: Tools for Debugging and Testing :: Remote Tools :: Remote Tool Development :: Remote Tool Development Reference :: Remote Tool Development Interfaces :: Publish/Subscribe Interfaces :: IPublishSubscribeMgr
1	Windows CE 5.0 :: Product Documentation :: Debugging and Testing :: Tools for Debugging and Testing :: Remote Tools :: Remote Tool Development :: Remote Tool Development Reference :: Remote Tool Development Interfaces :: Publish/Subscribe Interfaces :: IPublisher
3	Windows CE 5.0 :: Product Documentation :: Debugging and Testing :: Tools for Debugging and Testing :: Remote Tools :: Remote Tool Development :: Remote Tool Development Reference :: Remote Tool Development Interfaces :: Publish/Subscribe Interfaces :: IPublisherManagement
2	Windows CE 5.0 :: Product Documentation :: Debugging and Testing :: Tools for Debugging and Testing :: Remote Tools :: Remote Tool Development :: Remote Tool Development Reference :: Remote Tool Development Interfaces :: Publish/Subscribe Interfaces :: ISubscriber
7	Windows CE 5.0 :: Product Documentation :: Debugging and Testing :: Tools for Debugging and Testing :: Remote Tools :: Remote Tool Development :: Remote Tool Development Reference :: Remote Tool Development Interfaces :: Transport Layer Interfaces :: ITransport
3	Windows CE 5.0 :: Product Documentation :: Debugging and Testing :: Tools for Debugging and Testing :: Remote Tools :: Remote Tool Development :: Remote Tool Development Reference :: Remote Tool Development Interfaces :: Transport Layer Interfaces :: ITransportConnection
2	Windows CE 5.0 :: Product Documentation :: Debugging and Testing :: Tools for Debugging and Testing :: Remote Tools :: Remote Tool Development :: Remote Tool Development Reference :: Remote Tool Development Structures
6	Windows CE 5.0 :: Product Documentation :: Debugging and Testing :: Tools for Debugging and Testing :: Remote Tools :: Remote Tools for Debugging :: Remote Heap Walker
4	Windows CE 5.0 :: Product Documentation :: Debugging and Testing :: Tools for Debugging and Testing :: Remote Tools :: Remote Tools for Debugging :: Remote Process Viewer
4	Windows CE 5.0 :: Product Documentation :: Debugging and Testing :: Tools for Debugging and Testing :: Remote Tools :: Remote Tools for Debugging :: Remote Spy
6	Windows CE 5.0 :: Product Documentation :: Debugging and Testing :: Tools for Debugging and Testing :: Remote Tools :: Remote Tools for Information Management :: Remote File Viewer
7	Windows CE 5.0 :: Product Documentation :: Debugging and Testing :: Tools for Debugging and Testing :: Remote Tools :: Remote Tools for Information Management :: Remote Registry Editor
4	Windows CE 5.0 :: Product Documentation :: Debugging and Testing :: Tools for Debugging and Testing :: Remote Tools :: Remote Tools for Information Management :: Remote System Information
7	Windows CE 5.0 :: Product Documentation :: Debugging and Testing :: Tools for Debugging and Testing :: Remote Tools :: Remote Tools for Information Management :: Remote Zoom-in
1	Windows CE 5.0 :: Product Documentation :: Debugging and Testing :: Tools for Debugging and Testing :: Remote Tools :: Remote Tools for Performance Profiling :: Remote Call Profiler :: Code Profiling
1	Windows CE 5.0 :: Product Documentation :: Debugging and Testing :: Tools for Debugging and Testing :: Remote Tools :: Remote Tools for Performance Profiling :: Remote Call Profiler :: Code Profiling :: Data Collection Control
3	Windows CE 5.0 :: Product Documentation :: Debugging and Testing :: Tools for Debugging and Testing :: Remote Tools :: Remote Tools for Performance Profiling :: Remote Call Profiler :: Code Profiling :: Data Collection Control :: Profiling Levels
1	Windows CE 5.0 :: Product Documentation :: Debugging and Testing :: Tools for Debugging and Testing :: Remote Tools :: Remote Tools for Performance Profiling :: Remote Call Profiler :: Code Profiling :: Data Collection Control :: Remote Call Profiler Collection Control Window
3	Windows CE 5.0 :: Product Documentation :: Debugging and Testing :: Tools for Debugging and Testing :: Remote Tools :: Remote Tools for Performance Profiling :: Remote Call Profiler :: Code Profiling :: Data Collection Control :: Remote Call Profiler Data Collection API Reference
8	Windows CE 5.0 :: Product Documentation :: Debugging and Testing :: Tools for Debugging and Testing :: Remote Tools :: Remote Tools for Performance Profiling :: Remote Call Profiler :: Code Profiling :: Data Collection Control :: Remote Call Profiler Data Collection API Reference :: Remote Call Profiler Data Collection Functions
1	Windows CE 5.0 :: Product Documentation :: Debugging and Testing :: Tools for Debugging and Testing :: Remote Tools :: Remote Tools for Performance Profiling :: Remote Call Profiler :: Data Viewing in Remote Call Profiler
2	Windows CE 5.0 :: Product Documentation :: Debugging and Testing :: Tools for Debugging and Testing :: Remote Tools :: Remote Tools for Performance Profiling :: Remote Call Profiler :: Data Viewing in Remote Call Profiler :: Properties Window
2	Windows CE 5.0 :: Product Documentation :: Debugging and Testing :: Tools for Debugging and Testing :: Remote Tools :: Remote Tools for Performance Profiling :: Remote Call Profiler :: Data Viewing in Remote Call Profiler :: Remote Call Profiler .icp Files
28	Windows CE 5.0 :: Product Documentation :: Debugging and Testing :: Tools for Debugging and Testing :: Remote Tools :: Remote Tools for Performance Profiling :: Remote Call Profiler :: Data Viewing in Remote Call Profiler :: Remote Call Profiler Output Window
2	Windows CE 5.0 :: Product Documentation :: Debugging and Testing :: Tools for Debugging and Testing :: Remote Tools :: Remote Tools for Performance Profiling :: Remote Call Profiler :: Data Viewing in Remote Call Profiler :: Remote Call Profiler View Windows
1	Windows CE 5.0 :: Product Documentation :: Debugging and Testing :: Tools for Debugging and Testing :: Remote Tools :: Remote Tools for Performance Profiling :: Remote Call Profiler :: Data Viewing in Remote Call Profiler :: Remote Call Profiler View Windows :: Butterfly View
1	Windows CE 5.0 :: Product Documentation :: Debugging and Testing :: Tools for Debugging and Testing :: Remote Tools :: Remote Tools for Performance Profiling :: Remote Call Profiler :: Data Viewing in Remote Call Profiler :: Remote Call Profiler View Windows :: Call Graph View
1	Windows CE 5.0 :: Product Documentation :: Debugging and Testing :: Tools for Debugging and Testing :: Remote Tools :: Remote Tools for Performance Profiling :: Remote Call Profiler :: Data Viewing in Remote Call Profiler :: Remote Call Profiler View Windows :: Call Trace and Function Trace Views
1	Windows CE 5.0 :: Product Documentation :: Debugging and Testing :: Tools for Debugging and Testing :: Remote Tools :: Remote Tools for Performance Profiling :: Remote Call Profiler :: Data Viewing in Remote Call Profiler :: Remote Call Profiler View Windows :: Call Tree View
1	Windows CE 5.0 :: Product Documentation :: Debugging and Testing :: Tools for Debugging and Testing :: Remote Tools :: Remote Tools for Performance Profiling :: Remote Call Profiler :: Data Viewing in Remote Call Profiler :: Remote Call Profiler View Windows :: Top X View
2	Windows CE 5.0 :: Product Documentation :: Debugging and Testing :: Tools for Debugging and Testing :: Remote Tools :: Remote Tools for Performance Profiling :: Remote Call Profiler :: Data Viewing in Remote Call Profiler :: Timeline Window
2	Windows CE 5.0 :: Product Documentation :: Debugging and Testing :: Tools for Debugging and Testing :: Remote Tools :: Remote Tools for Performance Profiling :: Remote Call Profiler :: Introduction to Remote Call Profiler :: Remote Call Profiler Quick Start
3	Windows CE 5.0 :: Product Documentation :: Debugging and Testing :: Tools for Debugging and Testing :: Remote Tools :: Remote Tools for Performance Profiling :: Remote Call Profiler :: Remote Call Profiler Data File Sharing
3	Windows CE 5.0 :: Product Documentation :: Debugging and Testing :: Tools for Debugging and Testing :: Remote Tools :: Remote Tools for Performance Profiling :: Remote Call Profiler :: Remote Call Profiler Instrumented Module Building
4	Windows CE 5.0 :: Product Documentation :: Debugging and Testing :: Tools for Debugging and Testing :: Remote Tools :: Remote Tools for Performance Profiling :: Remote Call Profiler :: Remote Call Profiler Performance Data
1	Windows CE 5.0 :: Product Documentation :: Debugging and Testing :: Tools for Debugging and Testing :: Remote Tools :: Remote Tools for Performance Profiling :: Remote Kernel Tracker
5	Windows CE 5.0 :: Product Documentation :: Debugging and Testing :: Tools for Debugging and Testing :: Remote Tools :: Remote Tools for Performance Profiling :: Remote Kernel Tracker :: Data Collection and Display
8	Windows CE 5.0 :: Product Documentation :: Debugging and Testing :: Tools for Debugging and Testing :: Remote Tools :: Remote Tools for Performance Profiling :: Remote Kernel Tracker :: Data Selection and Analysis
1	Windows CE 5.0 :: Product Documentation :: Debugging and Testing :: Tools for Debugging and Testing :: Remote Tools :: Remote Tools for Performance Profiling :: Remote Kernel Tracker :: Data Selection and Analysis :: Viewing Events While They Occur
1	Windows CE 5.0 :: Product Documentation :: Debugging and Testing :: Tools for Debugging and Testing :: Remote Tools :: Remote Tools for Performance Profiling :: Remote Kernel Tracker :: System Troubleshooting with Remote Kernel Tracker
8	Windows CE 5.0 :: Product Documentation :: Debugging and Testing :: Tools for Debugging and Testing :: Remote Tools :: Remote Tools for Performance Profiling :: Remote Performance Monitor :: Alert View Window
6	Windows CE 5.0 :: Product Documentation :: Debugging and Testing :: Tools for Debugging and Testing :: Remote Tools :: Remote Tools for Performance Profiling :: Remote Performance Monitor :: Chart View Window
8	Windows CE 5.0 :: Product Documentation :: Debugging and Testing :: Tools for Debugging and Testing :: Remote Tools :: Remote Tools for Performance Profiling :: Remote Performance Monitor :: Log View Window
1	Windows CE 5.0 :: Product Documentation :: Debugging and Testing :: Tools for Debugging and Testing :: Remote Tools :: Remote Tools for Performance Profiling :: Remote Performance Monitor :: Performance Monitoring Reference
5	Windows CE 5.0 :: Product Documentation :: Debugging and Testing :: Tools for Debugging and Testing :: Remote Tools :: Remote Tools for Performance Profiling :: Remote Performance Monitor :: Performance Monitoring Reference :: Performance Monitoring Structures
1	Windows CE 5.0 :: Product Documentation :: Debugging and Testing :: Tools for Debugging and Testing :: Remote Tools :: Remote Tools for Performance Profiling :: Remote Performance Monitor :: Remote Performance Monitor Extension DLL Authoring
27	Windows CE 5.0 :: Product Documentation :: Debugging and Testing :: Tools for Debugging and Testing :: Remote Tools :: Remote Tools for Performance Profiling :: Remote Performance Monitor :: Remote Performance Monitor Extension DLL Authoring :: Calculations for Raw Counter Data
4	Windows CE 5.0 :: Product Documentation :: Debugging and Testing :: Tools for Debugging and Testing :: Remote Tools :: Remote Tools for Performance Profiling :: Remote Performance Monitor :: Remote Performance Monitor Extension DLL Authoring :: Performance Extension DLL Creation
3	Windows CE 5.0 :: Product Documentation :: Debugging and Testing :: Tools for Debugging and Testing :: Remote Tools :: Remote Tools for Performance Profiling :: Remote Performance Monitor :: Remote Performance Monitor Extension DLL Authoring :: Registry Updates
1	Windows CE 5.0 :: Product Documentation :: Debugging and Testing :: Tools for Debugging and Testing :: Remote Tools :: Remote Tools for Performance Profiling :: Remote Performance Monitor :: Remote Performance Monitor Extension DLL Authoring :: Registry Updates :: Counter Name and Description Additions to the Registry
2	Windows CE 5.0 :: Product Documentation :: Debugging and Testing :: Tools for Debugging and Testing :: Remote Tools :: Remote Tools for Performance Profiling :: Remote Performance Monitor :: Remote Performance Monitor Extension DLL Authoring :: Remote Performance Monitor TickStats Sample
6	Windows CE 5.0 :: Product Documentation :: Debugging and Testing :: Tools for Debugging and Testing :: Remote Tools :: Remote Tools for Performance Profiling :: Remote Performance Monitor :: Report View Window
2	Windows CE 5.0 :: Product Documentation :: Debugging and Testing :: Tools for Debugging and Testing :: System Debugging :: Debugger Extension :: Debugger Extension Development
20	Windows CE 5.0 :: Product Documentation :: Debugging and Testing :: Tools for Debugging and Testing :: System Debugging :: Debugger Extension :: Debugger Extension Functions
1	Windows CE 5.0 :: Product Documentation :: Debugging and Testing :: Tools for Debugging and Testing :: System Debugging :: Extended Debugging Interface
4	Windows CE 5.0 :: Product Documentation :: Debugging and Testing :: Tools for Debugging and Testing :: System Debugging :: Extended Debugging Interface :: eXDI Driver Development
1	Windows CE 5.0 :: Product Documentation :: Debugging and Testing :: Tools for Debugging and Testing :: System Debugging :: Extended Debugging Interface :: eXDI Driver Development :: Using the eXDI2 Helpers
3	Windows CE 5.0 :: Product Documentation :: Debugging and Testing :: Tools for Debugging and Testing :: System Debugging :: Extended Debugging Interface :: eXDI Overview
3	Windows CE 5.0 :: Product Documentation :: Debugging and Testing :: Tools for Debugging and Testing :: System Debugging :: Extended Debugging Interface :: eXDI Overview :: Memory and Register Access
1	Windows CE 5.0 :: Product Documentation :: Debugging and Testing :: Tools for Debugging and Testing :: System Debugging :: Extended Debugging Interface :: eXDI Overview :: OS Access
3	Windows CE 5.0 :: Product Documentation :: Debugging and Testing :: Tools for Debugging and Testing :: System Debugging :: Extended Debugging Interface :: eXDI Reference :: IFlexiPTMInfo Enumerations
4	Windows CE 5.0 :: Product Documentation :: Debugging and Testing :: Tools for Debugging and Testing :: System Debugging :: Extended Debugging Interface :: eXDI Reference :: IFlexiPTMInfo Interface
3	Windows CE 5.0 :: Product Documentation :: Debugging and Testing :: Tools for Debugging and Testing :: System Debugging :: Extended Debugging Interface :: eXDI Reference :: IFlexiPTMInfo Structures
10	Windows CE 5.0 :: Product Documentation :: Debugging and Testing :: Tools for Debugging and Testing :: System Debugging :: Extended Debugging Interface :: eXDI Reference :: IMiniSH Interface
2	Windows CE 5.0 :: Product Documentation :: Debugging and Testing :: Tools for Debugging and Testing :: System Debugging :: Extended Debugging Interface :: eXDI Reference :: IOsAxs Interfaces :: IOsAxsCe50Generic
1	Windows CE 5.0 :: Product Documentation :: Debugging and Testing :: Tools for Debugging and Testing :: System Debugging :: Extended Debugging Interface :: eXDI Reference :: IOsAxs Interfaces :: IOsAxsCe50Module
1	Windows CE 5.0 :: Product Documentation :: Debugging and Testing :: Tools for Debugging and Testing :: System Debugging :: Extended Debugging Interface :: eXDI Reference :: IOsAxs Interfaces :: IOsAxsCe50Process
2	Windows CE 5.0 :: Product Documentation :: Debugging and Testing :: Tools for Debugging and Testing :: System Debugging :: Extended Debugging Interface :: eXDI Reference :: IOsAxs Interfaces :: IOsAxsCe50Thread
1	Windows CE 5.0 :: Product Documentation :: Debugging and Testing :: Tools for Debugging and Testing :: System Debugging :: Extended Debugging Interface :: eXDI Reference :: IOsAxs Interfaces :: IOsAxsClientModuleEvents
1	Windows CE 5.0 :: Product Documentation :: Debugging and Testing :: Tools for Debugging and Testing :: System Debugging :: Extended Debugging Interface :: eXDI Reference :: IOsAxs Interfaces :: IOsAxsClientPageInEvents
1	Windows CE 5.0 :: Product Documentation :: Debugging and Testing :: Tools for Debugging and Testing :: System Debugging :: Extended Debugging Interface :: eXDI Reference :: IOsAxs Interfaces :: IOsAxsClientProcessEvents
1	Windows CE 5.0 :: Product Documentation :: Debugging and Testing :: Tools for Debugging and Testing :: System Debugging :: Extended Debugging Interface :: eXDI Reference :: IOsAxs Interfaces :: IOsAxsClientThreadEvents
1	Windows CE 5.0 :: Product Documentation :: Debugging and Testing :: Tools for Debugging and Testing :: System Debugging :: Extended Debugging Interface :: eXDI Reference :: IOsAxs Interfaces :: IOsAxsClientThreadSwitchEvents
1	Windows CE 5.0 :: Product Documentation :: Debugging and Testing :: Tools for Debugging and Testing :: System Debugging :: Extended Debugging Interface :: eXDI Reference :: IOsAxs Interfaces :: IOsAxsCodeBp
1	Windows CE 5.0 :: Product Documentation :: Debugging and Testing :: Tools for Debugging and Testing :: System Debugging :: Extended Debugging Interface :: eXDI Reference :: IOsAxs Interfaces :: IOsAxsDataBp
5	Windows CE 5.0 :: Product Documentation :: Debugging and Testing :: Tools for Debugging and Testing :: System Debugging :: Extended Debugging Interface :: eXDI Reference :: IOsAxs Interfaces :: IOsAxsEnumModule
5	Windows CE 5.0 :: Product Documentation :: Debugging and Testing :: Tools for Debugging and Testing :: System Debugging :: Extended Debugging Interface :: eXDI Reference :: IOsAxs Interfaces :: IOsAxsEnumProcess
5	Windows CE 5.0 :: Product Documentation :: Debugging and Testing :: Tools for Debugging and Testing :: System Debugging :: Extended Debugging Interface :: eXDI Reference :: IOsAxs Interfaces :: IOsAxsEnumThread
7	Windows CE 5.0 :: Product Documentation :: Debugging and Testing :: Tools for Debugging and Testing :: System Debugging :: Extended Debugging Interface :: eXDI Reference :: IOsAxs Interfaces :: IOsAxsExec
17	Windows CE 5.0 :: Product Documentation :: Debugging and Testing :: Tools for Debugging and Testing :: System Debugging :: Extended Debugging Interface :: eXDI Reference :: IOsAxs Interfaces :: IOsAxsGeneric
5	Windows CE 5.0 :: Product Documentation :: Debugging and Testing :: Tools for Debugging and Testing :: System Debugging :: Extended Debugging Interface :: eXDI Reference :: IOsAxs Interfaces :: IOsAxsMem
3	Windows CE 5.0 :: Product Documentation :: Debugging and Testing :: Tools for Debugging and Testing :: System Debugging :: Extended Debugging Interface :: eXDI Reference :: IOsAxs Interfaces :: IOsAxsModule
3	Windows CE 5.0 :: Product Documentation :: Debugging and Testing :: Tools for Debugging and Testing :: System Debugging :: Extended Debugging Interface :: eXDI Reference :: IOsAxs Interfaces :: IOsAxsOleEvents
4	Windows CE 5.0 :: Product Documentation :: Debugging and Testing :: Tools for Debugging and Testing :: System Debugging :: Extended Debugging Interface :: eXDI Reference :: IOsAxs Interfaces :: IOsAxsProcess
5	Windows CE 5.0 :: Product Documentation :: Debugging and Testing :: Tools for Debugging and Testing :: System Debugging :: Extended Debugging Interface :: eXDI Reference :: IOsAxs Interfaces :: IOsAxsThread
3	Windows CE 5.0 :: Product Documentation :: Debugging and Testing :: Tools for Debugging and Testing :: System Debugging :: Extended Debugging Interface :: eXDI Reference :: IOsAxs Interfaces :: IOsAxsVirtualMem
1	Windows CE 5.0 :: Product Documentation :: Debugging and Testing :: Tools for Debugging and Testing :: System Debugging :: Extended Debugging Interface :: eXDI Reference :: IOsAxs Interfaces :: IOsAxsWatsonDump
2	Windows CE 5.0 :: Product Documentation :: Debugging and Testing :: Tools for Debugging and Testing :: System Debugging :: Extended Debugging Interface :: eXDI Reference :: IOsAxs Structures
8	Windows CE 5.0 :: Product Documentation :: Debugging and Testing :: Tools for Debugging and Testing :: System Debugging :: Extended Debugging Interface :: eXDI Reference :: IeXDI2 Enumerations
1	Windows CE 5.0 :: Product Documentation :: Debugging and Testing :: Tools for Debugging and Testing :: System Debugging :: Extended Debugging Interface :: eXDI Reference :: IeXDI2 Interfaces :: IeXdi2ClientAuthorizeContinuation
1	Windows CE 5.0 :: Product Documentation :: Debugging and Testing :: Tools for Debugging and Testing :: System Debugging :: Extended Debugging Interface :: eXDI Reference :: IeXDI2 Interfaces :: IeXdi2ClientNotifyMemChg
1	Windows CE 5.0 :: Product Documentation :: Debugging and Testing :: Tools for Debugging and Testing :: System Debugging :: Extended Debugging Interface :: eXDI Reference :: IeXDI2 Interfaces :: IeXdi2ClientNotifyRunChg
3	Windows CE 5.0 :: Product Documentation :: Debugging and Testing :: Tools for Debugging and Testing :: System Debugging :: Extended Debugging Interface :: eXDI Reference :: IeXDI2 Interfaces :: IeXdi2CodeBp
3	Windows CE 5.0 :: Product Documentation :: Debugging and Testing :: Tools for Debugging and Testing :: System Debugging :: Extended Debugging Interface :: eXDI Reference :: IeXDI2 Interfaces :: IeXdi2DataBp
9	Windows CE 5.0 :: Product Documentation :: Debugging and Testing :: Tools for Debugging and Testing :: System Debugging :: Extended Debugging Interface :: eXDI Reference :: IeXDI2 Interfaces :: IeXdi2EnumCodeBp
8	Windows CE 5.0 :: Product Documentation :: Debugging and Testing :: Tools for Debugging and Testing :: System Debugging :: Extended Debugging Interface :: eXDI Reference :: IeXDI2 Interfaces :: IeXdi2EnumCpuRegs
9	Windows CE 5.0 :: Product Documentation :: Debugging and Testing :: Tools for Debugging and Testing :: System Debugging :: Extended Debugging Interface :: eXDI Reference :: IeXDI2 Interfaces :: IeXdi2EnumDataBp
18	Windows CE 5.0 :: Product Documentation :: Debugging and Testing :: Tools for Debugging and Testing :: System Debugging :: Extended Debugging Interface :: eXDI Reference :: IeXDI2 Interfaces :: IeXdi2Exec
6	Windows CE 5.0 :: Product Documentation :: Debugging and Testing :: Tools for Debugging and Testing :: System Debugging :: Extended Debugging Interface :: eXDI Reference :: IeXDI2 Interfaces :: IeXdi2Generic
2	Windows CE 5.0 :: Product Documentation :: Debugging and Testing :: Tools for Debugging and Testing :: System Debugging :: Extended Debugging Interface :: eXDI Reference :: IeXDI2 Interfaces :: IeXdi2Generic2
4	Windows CE 5.0 :: Product Documentation :: Debugging and Testing :: Tools for Debugging and Testing :: System Debugging :: Extended Debugging Interface :: eXDI Reference :: IeXDI2 Interfaces :: IeXdi2HelperGeneric
15	Windows CE 5.0 :: Product Documentation :: Debugging and Testing :: Tools for Debugging and Testing :: System Debugging :: Extended Debugging Interface :: eXDI Reference :: IeXDI2 Interfaces :: IeXdi2Mem
35	Windows CE 5.0 :: Product Documentation :: Debugging and Testing :: Tools for Debugging and Testing :: System Debugging :: Extended Debugging Interface :: eXDI Reference :: IeXDI2 Interfaces :: IeXdi2OleAutoServer
7	Windows CE 5.0 :: Product Documentation :: Debugging and Testing :: Tools for Debugging and Testing :: System Debugging :: Extended Debugging Interface :: eXDI Reference :: IeXDI2 Interfaces :: IeXdi2OleEvents
6	Windows CE 5.0 :: Product Documentation :: Debugging and Testing :: Tools for Debugging and Testing :: System Debugging :: Extended Debugging Interface :: eXDI Reference :: IeXDI2 Interfaces :: IeXdi2ProbeHandlerGeneric
12	Windows CE 5.0 :: Product Documentation :: Debugging and Testing :: Tools for Debugging and Testing :: System Debugging :: Extended Debugging Interface :: eXDI Reference :: IeXDI2 Structures
3	Windows CE 5.0 :: Product Documentation :: Debugging and Testing :: Tools for Debugging and Testing :: System Debugging :: Hardware-assisted Debugging
1	Windows CE 5.0 :: Product Documentation :: Debugging and Testing :: Tools for Debugging and Testing :: System Debugging :: Kernel Debugger :: Application Debugging with the Kernel Debugger
4	Windows CE 5.0 :: Product Documentation :: Debugging and Testing :: Tools for Debugging and Testing :: System Debugging :: Kernel Debugger :: Application Debugging with the Kernel Debugger :: Debug Messages :: Debug Zones
2	Windows CE 5.0 :: Product Documentation :: Debugging and Testing :: Tools for Debugging and Testing :: System Debugging :: Kernel Debugger :: Application Debugging with the Kernel Debugger :: Debug Messages :: Debug Zones :: Understanding the Debug Zones Dialog Box
4	Windows CE 5.0 :: Product Documentation :: Debugging and Testing :: Tools for Debugging and Testing :: System Debugging :: Kernel Debugger :: Application Debugging with the Kernel Debugger :: Debug Messages :: Setting Debug Message Options
1	Windows CE 5.0 :: Product Documentation :: Debugging and Testing :: Tools for Debugging and Testing :: System Debugging :: Kernel Debugger :: Breakpoints
2	Windows CE 5.0 :: Product Documentation :: Debugging and Testing :: Tools for Debugging and Testing :: System Debugging :: Kernel Debugger :: Breakpoints :: Breakpoint Overview
4	Windows CE 5.0 :: Product Documentation :: Debugging and Testing :: Tools for Debugging and Testing :: System Debugging :: Kernel Debugger :: Breakpoints :: Handling Breakpoint Behavior
4	Windows CE 5.0 :: Product Documentation :: Debugging and Testing :: Tools for Debugging and Testing :: System Debugging :: Kernel Debugger :: Breakpoints :: Handling Breakpoint Behavior :: Setting and Removing Breakpoints
6	Windows CE 5.0 :: Product Documentation :: Debugging and Testing :: Tools for Debugging and Testing :: System Debugging :: Kernel Debugger :: Debugger Execution Control
3	Windows CE 5.0 :: Product Documentation :: Debugging and Testing :: Tools for Debugging and Testing :: System Debugging :: Kernel Debugger :: Debugger Execution Control :: Function Stepping
4	Windows CE 5.0 :: Product Documentation :: Debugging and Testing :: Tools for Debugging and Testing :: System Debugging :: Kernel Debugger :: Debugger Execution Control :: Running to a Location
5	Windows CE 5.0 :: Product Documentation :: Debugging and Testing :: Tools for Debugging and Testing :: System Debugging :: Kernel Debugger :: Debugging Setup
5	Windows CE 5.0 :: Product Documentation :: Debugging and Testing :: Tools for Debugging and Testing :: System Debugging :: Kernel Debugger :: Debugging Setup :: Levels of Debugging Support
4	Windows CE 5.0 :: Product Documentation :: Debugging and Testing :: Tools for Debugging and Testing :: System Debugging :: Kernel Debugger :: Exception Handling
1	Windows CE 5.0 :: Product Documentation :: Debugging and Testing :: Tools for Debugging and Testing :: System Debugging :: Kernel Debugger :: Just-in-Time Kernel Debugging
4	Windows CE 5.0 :: Product Documentation :: Debugging and Testing :: Tools for Debugging and Testing :: System Debugging :: Kernel Debugger :: Post-Mortem Debugging
4	Windows CE 5.0 :: Product Documentation :: Debugging and Testing :: Tools for Debugging and Testing :: System Debugging :: Kernel Debugger :: Post-Mortem Debugging :: Dump Files in the Kernel Debugger
5	Windows CE 5.0 :: Product Documentation :: Debugging and Testing :: Tools for Debugging and Testing :: System Debugging :: Kernel Debugger :: Viewing Debug Information :: Viewing Breakpoint Information
2	Windows CE 5.0 :: Product Documentation :: Debugging and Testing :: Tools for Debugging and Testing :: System Debugging :: Kernel Debugger :: Viewing Debug Information :: Viewing Disassembly and Source Code
7	Windows CE 5.0 :: Product Documentation :: Debugging and Testing :: Tools for Debugging and Testing :: System Debugging :: Kernel Debugger :: Viewing Debug Information :: Viewing Function Calls
2	Windows CE 5.0 :: Product Documentation :: Debugging and Testing :: Tools for Debugging and Testing :: System Debugging :: Kernel Debugger :: Viewing Debug Information :: Viewing Memory and Registers
11	Windows CE 5.0 :: Product Documentation :: Debugging and Testing :: Tools for Debugging and Testing :: System Debugging :: Kernel Debugger :: Viewing Debug Information :: Viewing Modules and Symbols
6	Windows CE 5.0 :: Product Documentation :: Debugging and Testing :: Tools for Debugging and Testing :: System Debugging :: Kernel Debugger :: Viewing Debug Information :: Viewing Process Information
9	Windows CE 5.0 :: Product Documentation :: Debugging and Testing :: Tools for Debugging and Testing :: System Debugging :: Kernel Debugger :: Viewing Debug Information :: Viewing Thread Information
5	Windows CE 5.0 :: Product Documentation :: Debugging and Testing :: Tools for Debugging and Testing :: System Debugging :: Kernel Debugger :: Viewing Debug Information :: Watching Variables and Expressions
5	Windows CE 5.0 :: Product Documentation :: Debugging and Testing :: Windows CE Test Kit :: CETK Setup
5	Windows CE 5.0 :: Product Documentation :: Debugging and Testing :: Windows CE Test Kit :: CETK Setup :: Manual Connection of the CETK to a Target Device
2	Windows CE 5.0 :: Product Documentation :: Debugging and Testing :: Windows CE Test Kit :: CETK Tests :: Audio CD Driver Test
2	Windows CE 5.0 :: Product Documentation :: Debugging and Testing :: Windows CE Test Kit :: CETK Tests :: Bluetooth Performance Test
1	Windows CE 5.0 :: Product Documentation :: Debugging and Testing :: Windows CE Test Kit :: CETK Tests :: Bluetooth Test
1	Windows CE 5.0 :: Product Documentation :: Debugging and Testing :: Windows CE Test Kit :: CETK Tests :: CD/DVD-ROM Block Driver Test
2	Windows CE 5.0 :: Product Documentation :: Debugging and Testing :: Windows CE Test Kit :: CETK Tests :: CD/DVD-ROM File System Driver Test
2	Windows CE 5.0 :: Product Documentation :: Debugging and Testing :: Windows CE Test Kit :: CETK Tests :: Direct3D Mobile Driver Comparison Test
2	Windows CE 5.0 :: Product Documentation :: Debugging and Testing :: Windows CE Test Kit :: CETK Tests :: Direct3D Mobile Driver Verification Test
2	Windows CE 5.0 :: Product Documentation :: Debugging and Testing :: Windows CE Test Kit :: CETK Tests :: Direct3D Mobile Interface Test
2	Windows CE 5.0 :: Product Documentation :: Debugging and Testing :: Windows CE Test Kit :: CETK Tests :: DirectDraw Test
1	Windows CE 5.0 :: Product Documentation :: Debugging and Testing :: Windows CE Test Kit :: CETK Tests :: File System Driver Test
2	Windows CE 5.0 :: Product Documentation :: Debugging and Testing :: Windows CE Test Kit :: CETK Tests :: Flash Memory Read/Write and Performance Test
2	Windows CE 5.0 :: Product Documentation :: Debugging and Testing :: Windows CE Test Kit :: CETK Tests :: Graphics Device Interface Performance Test
1	Windows CE 5.0 :: Product Documentation :: Debugging and Testing :: Windows CE Test Kit :: CETK Tests :: Graphics Device Interface Performance Test :: Script Development for the Graphics Device Interface Performance Test
2	Windows CE 5.0 :: Product Documentation :: Debugging and Testing :: Windows CE Test Kit :: CETK Tests :: Graphics Device Interface Performance Test :: Script Development for the Graphics Device Interface Performance Test :: Keywords for a Script for the Graphics Device Interface Performance Test
2	Windows CE 5.0 :: Product Documentation :: Debugging and Testing :: Windows CE Test Kit :: CETK Tests :: Graphics Device Interface Printing Test
1	Windows CE 5.0 :: Product Documentation :: Debugging and Testing :: Windows CE Test Kit :: CETK Tests :: Graphics Device Interface Test
1	Windows CE 5.0 :: Product Documentation :: Debugging and Testing :: Windows CE Test Kit :: CETK Tests :: IR Port Test (Winsock 1.1)
1	Windows CE 5.0 :: Product Documentation :: Debugging and Testing :: Windows CE Test Kit :: CETK Tests :: IR Port Test (Winsock 2.0)
1	Windows CE 5.0 :: Product Documentation :: Debugging and Testing :: Windows CE Test Kit :: CETK Tests :: Keyboard Mapping Test
1	Windows CE 5.0 :: Product Documentation :: Debugging and Testing :: Windows CE Test Kit :: CETK Tests :: Keyboard Test
1	Windows CE 5.0 :: Product Documentation :: Debugging and Testing :: Windows CE Test Kit :: CETK Tests :: Mouse Test
1	Windows CE 5.0 :: Product Documentation :: Debugging and Testing :: Windows CE Test Kit :: CETK Tests :: NDIS Performance Test
2	Windows CE 5.0 :: Product Documentation :: Debugging and Testing :: Windows CE Test Kit :: CETK Tests :: NDIS Performance Test :: Running the NDIS Performance Test
3	Windows CE 5.0 :: Product Documentation :: Debugging and Testing :: Windows CE Test Kit :: CETK Tests :: OAL Cache Test
1	Windows CE 5.0 :: Product Documentation :: Debugging and Testing :: Windows CE Test Kit :: CETK Tests :: OAL IOCTL Test
1	Windows CE 5.0 :: Product Documentation :: Debugging and Testing :: Windows CE Test Kit :: CETK Tests :: OAL Timer Test
2	Windows CE 5.0 :: Product Documentation :: Debugging and Testing :: Windows CE Test Kit :: CETK Tests :: One-Card Network Card Miniport Driver Test
2	Windows CE 5.0 :: Product Documentation :: Debugging and Testing :: Windows CE Test Kit :: CETK Tests :: PC Card Driver Stack Test
1	Windows CE 5.0 :: Product Documentation :: Debugging and Testing :: Windows CE Test Kit :: CETK Tests :: Parallel Port Test
1	Windows CE 5.0 :: Product Documentation :: Debugging and Testing :: Windows CE Test Kit :: CETK Tests :: Partition Driver Test
1	Windows CE 5.0 :: Product Documentation :: Debugging and Testing :: Windows CE Test Kit :: CETK Tests :: RDP User Scenario Performance Test
1	Windows CE 5.0 :: Product Documentation :: Debugging and Testing :: Windows CE Test Kit :: CETK Tests :: Serial Communications Test
1	Windows CE 5.0 :: Product Documentation :: Debugging and Testing :: Windows CE Test Kit :: CETK Tests :: Serial Port Driver Test
1	Windows CE 5.0 :: Product Documentation :: Debugging and Testing :: Windows CE Test Kit :: CETK Tests :: Smart Card Resource Manager Test
2	Windows CE 5.0 :: Product Documentation :: Debugging and Testing :: Windows CE Test Kit :: CETK Tests :: Storage Device Block Driver API Test
2	Windows CE 5.0 :: Product Documentation :: Debugging and Testing :: Windows CE Test Kit :: CETK Tests :: Storage Device Block Driver Benchmark Test
1	Windows CE 5.0 :: Product Documentation :: Debugging and Testing :: Windows CE Test Kit :: CETK Tests :: Storage Device Block Driver Read/Write Test
1	Windows CE 5.0 :: Product Documentation :: Debugging and Testing :: Windows CE Test Kit :: CETK Tests :: Telephony API Client Test
1	Windows CE 5.0 :: Product Documentation :: Debugging and Testing :: Windows CE Test Kit :: CETK Tests :: Telephony API Server Test
1	Windows CE 5.0 :: Product Documentation :: Debugging and Testing :: Windows CE Test Kit :: CETK Tests :: Touch Panel Test
2	Windows CE 5.0 :: Product Documentation :: Debugging and Testing :: Windows CE Test Kit :: CETK Tests :: Two-Card Network Card Miniport Driver Test
1	Windows CE 5.0 :: Product Documentation :: Debugging and Testing :: Windows CE Test Kit :: CETK Tests :: Waveform Audio Driver Test
1	Windows CE 5.0 :: Product Documentation :: Debugging and Testing :: Windows CE Test Kit :: CETK Tests :: Winsock 2.0 Test (v4/v6)
9	Windows CE 5.0 :: Product Documentation :: Debugging and Testing :: Windows CE Test Kit :: CETK Tests :: Winsock Performance Test
1	Windows CE 5.0 :: Product Documentation :: Debugging and Testing :: Windows CE Test Kit :: CETK Tests :: Winsock Stress Test
8	Windows CE 5.0 :: Product Documentation :: Debugging and Testing :: Windows CE Test Kit :: CETK Tool Operation
1	Windows CE 5.0 :: Product Documentation :: Debugging and Testing :: Windows CE Test Kit :: CETK Tool Operation :: Test Kits in the CETK
1	Windows CE 5.0 :: Product Documentation :: Debugging and Testing :: Windows CE Test Kit :: Device Driver Loader and Tux Extender
7	Windows CE 5.0 :: Product Documentation :: Debugging and Testing :: Windows CE Test Kit :: Dialog Boxes in the CETK
4	Windows CE 5.0 :: Product Documentation :: Debugging and Testing :: Windows CE Test Kit :: Dialog Boxes in the CETK :: Server Settings Dialog Box
1	Windows CE 5.0 :: Product Documentation :: Debugging and Testing :: Windows CE Test Kit :: Kato Logging Engine
11	Windows CE 5.0 :: Product Documentation :: Debugging and Testing :: Windows CE Test Kit :: Kato Logging Engine :: Kato Reference :: C Interface for Kato
14	Windows CE 5.0 :: Product Documentation :: Debugging and Testing :: Windows CE Test Kit :: Kato Logging Engine :: Kato Reference :: CKato (C++)
7	Windows CE 5.0 :: Product Documentation :: Debugging and Testing :: Windows CE Test Kit :: Kato Logging Engine :: Kato Reference :: Common Functions for C and C++ Interfaces
1	Windows CE 5.0 :: Product Documentation :: Debugging and Testing :: Windows CE Test Kit :: Kato Logging Engine :: Kato Reference :: Common Structures for C and C++ Interfaces
1	Windows CE 5.0 :: Product Documentation :: Debugging and Testing :: Windows CE Test Kit :: Source Code for CETK Tests
2	Windows CE 5.0 :: Product Documentation :: Debugging and Testing :: Windows CE Test Kit :: Tools for Testing From the CETK :: Application Verifier Tool
2	Windows CE 5.0 :: Product Documentation :: Debugging and Testing :: Windows CE Test Kit :: Tools for Testing From the CETK :: Application Verifier Tool :: Running the Application Verifier Tool
3	Windows CE 5.0 :: Product Documentation :: Debugging and Testing :: Windows CE Test Kit :: Tools for Testing From the CETK :: CPU Monitor Tool :: Running the CPU Monitor Tool
3	Windows CE 5.0 :: Product Documentation :: Debugging and Testing :: Windows CE Test Kit :: Tools for Testing From the CETK :: Mobility Toolkit Development Kit :: DATK Automation Policies
4	Windows CE 5.0 :: Product Documentation :: Debugging and Testing :: Windows CE Test Kit :: Tools for Testing From the CETK :: Mobility Toolkit Development Kit :: Developing UI Test Automation with DATK
8	Windows CE 5.0 :: Product Documentation :: Debugging and Testing :: Windows CE Test Kit :: Tools for Testing From the CETK :: Mobility Toolkit Development Kit :: Mobile Devices Automation Framework Overview
3	Windows CE 5.0 :: Product Documentation :: Debugging and Testing :: Windows CE Test Kit :: Tools for Testing From the CETK :: Mobility Toolkit Development Kit :: UI Abstraction Layer Developer's Guide
3	Windows CE 5.0 :: Product Documentation :: Debugging and Testing :: Windows CE Test Kit :: Tools for Testing From the CETK :: Mobility Toolkit Development Kit :: UI Abstraction Layer Developer's Guide :: UIAL Tools
1	Windows CE 5.0 :: Product Documentation :: Debugging and Testing :: Windows CE Test Kit :: Tools for Testing From the CETK :: Print Screen Tool
1	Windows CE 5.0 :: Product Documentation :: Debugging and Testing :: Windows CE Test Kit :: Tools for Testing From the CETK :: Scripting Host Tool
19	Windows CE 5.0 :: Product Documentation :: Debugging and Testing :: Windows CE Test Kit :: Tools for Testing From the CETK :: Scripting Host Tool :: Scripting Host Functions
6	Windows CE 5.0 :: Product Documentation :: Debugging and Testing :: Windows CE Test Kit :: Tools for Testing From the CETK :: Windows CE Stress Tool
2	Windows CE 5.0 :: Product Documentation :: Debugging and Testing :: Windows CE Test Kit :: Tools for Testing From the CETK :: Windows CE Stress Tool :: Custom Module Creation for the Windows CE Stress Tool
5	Windows CE 5.0 :: Product Documentation :: Debugging and Testing :: Windows CE Test Kit :: Tools for Testing From the CETK :: Windows CE Stress Tool :: Custom Module Creation for the Windows CE Stress Tool :: Custom Stress Module Functions
1	Windows CE 5.0 :: Product Documentation :: Debugging and Testing :: Windows CE Test Kit :: Tools for Testing From the CETK :: Windows CE Stress Tool :: Custom Module Creation for the Windows CE Stress Tool :: Windows CE Stress Tool Enumerations
10	Windows CE 5.0 :: Product Documentation :: Debugging and Testing :: Windows CE Test Kit :: Tools for Testing From the CETK :: Windows CE Stress Tool :: Custom Module Creation for the Windows CE Stress Tool :: Windows CE Stress Tool Functions
2	Windows CE 5.0 :: Product Documentation :: Debugging and Testing :: Windows CE Test Kit :: Tools for Testing From the CETK :: Windows CE Stress Tool :: Custom Module Creation for the Windows CE Stress Tool :: Windows CE Stress Tool Structures
17	Windows CE 5.0 :: Product Documentation :: Debugging and Testing :: Windows CE Test Kit :: Tools for Testing From the CETK :: Windows CE Stress Tool :: Test Modules for the Windows CE Stress Tool
4	Windows CE 5.0 :: Product Documentation :: Debugging and Testing :: Windows CE Test Kit :: Tux and Tux.Net Test Harnesses :: Tux Test Harness :: Tux Architecture
1	Windows CE 5.0 :: Product Documentation :: Debugging and Testing :: Windows CE Test Kit :: Tux and Tux.Net Test Harnesses :: Tux Test Harness :: Tux Test Module Reference
2	Windows CE 5.0 :: Product Documentation :: Debugging and Testing :: Windows CE Test Kit :: Tux and Tux.Net Test Harnesses :: Tux Test Harness :: Tux Test Module Reference :: Tux Functions
11	Windows CE 5.0 :: Product Documentation :: Debugging and Testing :: Windows CE Test Kit :: Tux and Tux.Net Test Harnesses :: Tux Test Harness :: Tux Test Module Reference :: Tux Messages :: ShellProc Messages
2	Windows CE 5.0 :: Product Documentation :: Debugging and Testing :: Windows CE Test Kit :: Tux and Tux.Net Test Harnesses :: Tux Test Harness :: Tux Test Module Reference :: Tux Messages :: TestProc Messages
1	Windows CE 5.0 :: Product Documentation :: Debugging and Testing :: Windows CE Test Kit :: Tux and Tux.Net Test Harnesses :: Tux Test Harness :: Tux Test Module Reference :: Tux Structures
6	Windows CE 5.0 :: Product Documentation :: Debugging and Testing :: Windows CE Test Kit :: Tux and Tux.Net Test Harnesses :: Tux Test Harness :: Tux Test Module Reference :: Tux Structures :: ShellProc Structures
2	Windows CE 5.0 :: Product Documentation :: Debugging and Testing :: Windows CE Test Kit :: Tux and Tux.Net Test Harnesses :: Tux Test Harness :: Tux Test Module Reference :: Tux Structures :: TestProc Structures
1	Windows CE 5.0 :: Product Documentation :: Debugging and Testing :: Windows CE Test Kit :: Tux and Tux.Net Test Harnesses :: Tux.Net Test Harness
9	Windows CE 5.0 :: Product Documentation :: Debugging and Testing :: Windows CE Test Kit :: Tux and Tux.Net Test Harnesses :: Tux.Net Test Harness :: Developing with Tux.Net
2	Windows CE 5.0 :: Product Documentation :: Debugging and Testing :: Windows CE Test Kit :: Tux and Tux.Net Test Harnesses :: Tux.Net Test Harness :: Developing with Tux.Net :: Advanced Logging
4	Windows CE 5.0 :: Product Documentation :: Debugging and Testing :: Windows CE Test Kit :: Tux and Tux.Net Test Harnesses :: Tux.Net Test Harness :: Tux.Net Overview
6	Windows CE 5.0 :: Product Documentation :: Developing a Device Driver :: Best Practices for Developing a Device Driver
12	Windows CE 5.0 :: Product Documentation :: Developing a Device Driver :: Device Driver Development Concepts
2	Windows CE 5.0 :: Product Documentation :: Developing a Device Driver :: Device Driver Development Concepts :: Device Interfaces :: Device Interface Notifications :: Device Interface Notifications Reference :: Device Interface Notifications Functions
1	Windows CE 5.0 :: Product Documentation :: Developing a Device Driver :: Device Driver Development Concepts :: Device Interfaces :: Device Interface Notifications :: Device Interface Notifications Reference :: Device Interface Notifications Structures
2	Windows CE 5.0 :: Product Documentation :: Developing a Device Driver :: Device Driver Development Concepts :: Interrupts
6	Windows CE 5.0 :: Product Documentation :: Developing a Device Driver :: Device Driver Development Concepts :: Interrupts :: Interrupt Handling
4	Windows CE 5.0 :: Product Documentation :: Developing a Device Driver :: Device Driver Development Concepts :: Interrupts :: Interrupt Service Routines
4	Windows CE 5.0 :: Product Documentation :: Developing a Device Driver :: Device Driver Development Concepts :: Troubleshooting a Device Driver
1	Windows CE 5.0 :: Product Documentation :: Developing a Device Driver :: Device Driver Development Helper Libraries
4	Windows CE 5.0 :: Product Documentation :: Developing a Device Driver :: Device Driver Development Helper Libraries :: CEDDK Dynamic-Link Library :: CEDDK Dynamic-Link Library Reference :: CEDDK Dynamic-Link Library Address Mapping Reference :: CEDDK Dynamic-Link Library Address Mapping Functions
1	Windows CE 5.0 :: Product Documentation :: Developing a Device Driver :: Device Driver Development Helper Libraries :: CEDDK Dynamic-Link Library :: CEDDK Dynamic-Link Library Reference :: CEDDK Dynamic-Link Library Bus Access Reference
2	Windows CE 5.0 :: Product Documentation :: Developing a Device Driver :: Device Driver Development Helper Libraries :: CEDDK Dynamic-Link Library :: CEDDK Dynamic-Link Library Reference :: CEDDK Dynamic-Link Library Bus Access Reference :: CEDDK Dynamic-Link Library Bus Access Enumerations
21	Windows CE 5.0 :: Product Documentation :: Developing a Device Driver :: Device Driver Development Helper Libraries :: CEDDK Dynamic-Link Library :: CEDDK Dynamic-Link Library Reference :: CEDDK Dynamic-Link Library Bus Access Reference :: CEDDK Dynamic-Link Library Bus Access Functions
3	Windows CE 5.0 :: Product Documentation :: Developing a Device Driver :: Device Driver Development Helper Libraries :: CEDDK Dynamic-Link Library :: CEDDK Dynamic-Link Library Reference :: CEDDK Dynamic-Link Library DMA Reference :: CEDDK Dynamic-Link Library DMA Functions
1	Windows CE 5.0 :: Product Documentation :: Developing a Device Driver :: Device Driver Development Helper Libraries :: CEDDK Dynamic-Link Library :: CEDDK Dynamic-Link Library Reference :: CEDDK Dynamic-Link Library DMA Reference :: CEDDK Dynamic-Link Library DMA Structures
24	Windows CE 5.0 :: Product Documentation :: Developing a Device Driver :: Device Driver Development Helper Libraries :: CEDDK Dynamic-Link Library :: CEDDK Dynamic-Link Library Reference :: CEDDK Dynamic-Link Library I/O Reference :: CEDDK Dynamic-Link Library I/O Functions
3	Windows CE 5.0 :: Product Documentation :: Developing a Device Driver :: Device Driver Development Helper Libraries :: Registry Helper Reference :: Registry Helper Functions
4	Windows CE 5.0 :: Product Documentation :: Developing a Device Driver :: Device Driver Development Helper Libraries :: Registry Helper Reference :: Registry Helper Structures
1	Windows CE 5.0 :: Product Documentation :: Developing a Device Driver :: Device Driver Development How-to Topics
2	Windows CE 5.0 :: Product Documentation :: Developing a Device Driver :: Device Driver Development How-to Topics :: How to Create a Device Driver
1	Windows CE 5.0 :: Product Documentation :: Developing a Device Driver :: Device Driver Development How-to Topics :: How to Debug a Device Driver
4	Windows CE 5.0 :: Product Documentation :: Developing a Device Driver :: Device Driver Development Overview
5	Windows CE 5.0 :: Product Documentation :: Developing a Device Driver :: Device Manager
1	Windows CE 5.0 :: Product Documentation :: Developing a Device Driver :: Device Manager :: Device Manager Reference :: Device Manager Enumerations
22	Windows CE 5.0 :: Product Documentation :: Developing a Device Driver :: Device Manager :: Device Manager Reference :: Device Manager Functions
3	Windows CE 5.0 :: Product Documentation :: Developing a Device Driver :: Device Manager :: Device Manager Reference :: Device Manager Structures
4	Windows CE 5.0 :: Product Documentation :: Developing a Device Driver :: Power Management :: Activity Timers
1	Windows CE 5.0 :: Product Documentation :: Developing a Device Driver :: Power Management :: Best Practices for Power Management
10	Windows CE 5.0 :: Product Documentation :: Developing a Device Driver :: Power Management :: Device Power Management Guidelines
1	Windows CE 5.0 :: Product Documentation :: Developing a Device Driver :: Power Management :: Device Power Management Guidelines :: Device Power Self-Management
3	Windows CE 5.0 :: Product Documentation :: Developing a Device Driver :: Power Management :: Power Management Architecture
1	Windows CE 5.0 :: Product Documentation :: Developing a Device Driver :: Power Management :: Power Management Reference :: Power Management Enumerations
19	Windows CE 5.0 :: Product Documentation :: Developing a Device Driver :: Power Management :: Power Management Reference :: Power Management Functions
5	Windows CE 5.0 :: Product Documentation :: Developing a Device Driver :: Power Management :: Power Management Reference :: Power Management IOCTLs
4	Windows CE 5.0 :: Product Documentation :: Developing a Device Driver :: Power Management :: Power Management Reference :: Power Management Structures
1	Windows CE 5.0 :: Product Documentation :: Developing a Device Driver :: Power Management :: Power Manager Interfaces
2	Windows CE 5.0 :: Product Documentation :: Developing a Device Driver :: Power Management :: Power Manager Interfaces :: Application Interface
2	Windows CE 5.0 :: Product Documentation :: Developing a Device Driver :: Power Management :: Power Manager Interfaces :: Device Driver Interface
2	Windows CE 5.0 :: Product Documentation :: Developing a Device Driver :: Power Management :: Power States
3	Windows CE 5.0 :: Product Documentation :: Developing a Device Driver :: Power Management :: Power States :: System Power States
3	Windows CE 5.0 :: Product Documentation :: Developing a Device Driver :: Power Management :: Suspend Time-out Support
1	Windows CE 5.0 :: Product Documentation :: Developing a Device Driver :: Windows CE Drivers
2	Windows CE 5.0 :: Product Documentation :: Developing a Device Driver :: Windows CE Drivers :: Audio Drivers
1	Windows CE 5.0 :: Product Documentation :: Developing a Device Driver :: Windows CE Drivers :: Audio Drivers :: Audio Driver Development Concepts
3	Windows CE 5.0 :: Product Documentation :: Developing a Device Driver :: Windows CE Drivers :: Audio Drivers :: Audio Driver Development Concepts :: Audio Compression Manager Drivers
1	Windows CE 5.0 :: Product Documentation :: Developing a Device Driver :: Windows CE Drivers :: Audio Drivers :: Audio Driver Development Concepts :: Audio Compression Manager Drivers :: ACM Driver Development
5	Windows CE 5.0 :: Product Documentation :: Developing a Device Driver :: Windows CE Drivers :: Audio Drivers :: Audio Driver Development Concepts :: Pluggable Codec Requirements
2	Windows CE 5.0 :: Product Documentation :: Developing a Device Driver :: Windows CE Drivers :: Audio Drivers :: Audio Driver Development Concepts :: Unified Audio Model
1	Windows CE 5.0 :: Product Documentation :: Developing a Device Driver :: Windows CE Drivers :: Audio Drivers :: Audio Driver Development Concepts :: Unified Audio Model :: Waveform Audio Driver
10	Windows CE 5.0 :: Product Documentation :: Developing a Device Driver :: Windows CE Drivers :: Audio Drivers :: Audio Driver Reference :: Audio Compression Manager Driver Reference :: ACM Driver Functions
19	Windows CE 5.0 :: Product Documentation :: Developing a Device Driver :: Windows CE Drivers :: Audio Drivers :: Audio Driver Reference :: Audio Compression Manager Driver Reference :: ACM Driver Messages
6	Windows CE 5.0 :: Product Documentation :: Developing a Device Driver :: Windows CE Drivers :: Audio Drivers :: Audio Driver Reference :: Audio Compression Manager Driver Reference :: ACM Driver Structures
9	Windows CE 5.0 :: Product Documentation :: Developing a Device Driver :: Windows CE Drivers :: Audio Drivers :: Audio Driver Reference :: Audio Mixer Driver Reference :: Audio Mixer Messages
1	Windows CE 5.0 :: Product Documentation :: Developing a Device Driver :: Windows CE Drivers :: Audio Drivers :: Audio Driver Reference :: Audio Mixer Driver Reference :: Audio Mixer Structures
7	Windows CE 5.0 :: Product Documentation :: Developing a Device Driver :: Windows CE Drivers :: Audio Drivers :: Audio Driver Reference :: Waveform Audio Driver Reference :: Audio PDD Functions
14	Windows CE 5.0 :: Product Documentation :: Developing a Device Driver :: Windows CE Drivers :: Audio Drivers :: Audio Driver Reference :: Waveform Audio Driver Reference :: WPDM Messages
10	Windows CE 5.0 :: Product Documentation :: Developing a Device Driver :: Windows CE Drivers :: Audio Drivers :: Audio Driver Reference :: Waveform Audio Driver Reference :: Waveform Audio Driver Functions
4	Windows CE 5.0 :: Product Documentation :: Developing a Device Driver :: Windows CE Drivers :: Audio Drivers :: Audio Driver Reference :: Waveform Audio Driver Reference :: Waveform Audio Driver Structures
13	Windows CE 5.0 :: Product Documentation :: Developing a Device Driver :: Windows CE Drivers :: Audio Drivers :: Audio Driver Reference :: Waveform Audio Driver Reference :: Waveform Input Driver Messages
21	Windows CE 5.0 :: Product Documentation :: Developing a Device Driver :: Windows CE Drivers :: Audio Drivers :: Audio Driver Reference :: Waveform Audio Driver Reference :: Waveform Output Driver Messages
1	Windows CE 5.0 :: Product Documentation :: Developing a Device Driver :: Windows CE Drivers :: Audio Drivers :: Audio Driver Samples
3	Windows CE 5.0 :: Product Documentation :: Developing a Device Driver :: Windows CE Drivers :: Audio Drivers :: Audio Driver Samples :: Sample Wavedev Drivers
3	Windows CE 5.0 :: Product Documentation :: Developing a Device Driver :: Windows CE Drivers :: Battery Drivers
1	Windows CE 5.0 :: Product Documentation :: Developing a Device Driver :: Windows CE Drivers :: Battery Drivers :: Battery Driver Migration
1	Windows CE 5.0 :: Product Documentation :: Developing a Device Driver :: Windows CE Drivers :: Battery Drivers :: Battery Driver Reference
12	Windows CE 5.0 :: Product Documentation :: Developing a Device Driver :: Windows CE Drivers :: Battery Drivers :: Battery Driver Reference :: Battery Driver Functions
6	Windows CE 5.0 :: Product Documentation :: Developing a Device Driver :: Windows CE Drivers :: Battery Drivers :: Battery Driver Reference :: Battery Driver IOCTLs
1	Windows CE 5.0 :: Product Documentation :: Developing a Device Driver :: Windows CE Drivers :: Battery Drivers :: Battery Driver Reference :: Battery Driver Structures
1	Windows CE 5.0 :: Product Documentation :: Developing a Device Driver :: Windows CE Drivers :: Block Drivers
8	Windows CE 5.0 :: Product Documentation :: Developing a Device Driver :: Windows CE Drivers :: Block Drivers :: Block Driver Development Concepts
1	Windows CE 5.0 :: Product Documentation :: Developing a Device Driver :: Windows CE Drivers :: Block Drivers :: Block Driver Development Concepts :: Block Device File Systems
22	Windows CE 5.0 :: Product Documentation :: Developing a Device Driver :: Windows CE Drivers :: Block Drivers :: Block Driver Reference :: Block Driver IOCTLs
13	Windows CE 5.0 :: Product Documentation :: Developing a Device Driver :: Windows CE Drivers :: Block Drivers :: Block Driver Reference :: Block Driver Structures
2	Windows CE 5.0 :: Product Documentation :: Developing a Device Driver :: Windows CE Drivers :: Block Drivers :: Block Driver Samples
1	Windows CE 5.0 :: Product Documentation :: Developing a Device Driver :: Windows CE Drivers :: Block Drivers :: Block Driver Samples :: Sample ATAPI Driver
1	Windows CE 5.0 :: Product Documentation :: Developing a Device Driver :: Windows CE Drivers :: Bluetooth HCI Transport Driver
4	Windows CE 5.0 :: Product Documentation :: Developing a Device Driver :: Windows CE Drivers :: Bluetooth HCI Transport Driver :: Bluetooth HCI Transport Layer
2	Windows CE 5.0 :: Product Documentation :: Developing a Device Driver :: Windows CE Drivers :: Bluetooth HCI Transport Driver :: Bluetooth HCI Transport Layer Reference :: Bluetooth HCI Transport Layer Enumerations
8	Windows CE 5.0 :: Product Documentation :: Developing a Device Driver :: Windows CE Drivers :: Bluetooth HCI Transport Driver :: Bluetooth HCI Transport Layer Reference :: Bluetooth HCI Transport Layer Functions
1	Windows CE 5.0 :: Product Documentation :: Developing a Device Driver :: Windows CE Drivers :: Bluetooth HCI Transport Driver :: Bluetooth HCI Transport Layer Reference :: Bluetooth HCI Transport Layer Structures
3	Windows CE 5.0 :: Product Documentation :: Developing a Device Driver :: Windows CE Drivers :: Bluetooth HCI Transport Driver :: Bluetooth Protocol Stack
6	Windows CE 5.0 :: Product Documentation :: Developing a Device Driver :: Windows CE Drivers :: Bluetooth HCI Transport Driver :: Bluetooth Protocol Stack :: Common Layer Characteristics
1	Windows CE 5.0 :: Product Documentation :: Developing a Device Driver :: Windows CE Drivers :: DVD-Video Renderer
1	Windows CE 5.0 :: Product Documentation :: Developing a Device Driver :: Windows CE Drivers :: DVD-Video Renderer :: DVD-Video Renderer Development Concepts
2	Windows CE 5.0 :: Product Documentation :: Developing a Device Driver :: Windows CE Drivers :: DVD-Video Renderer :: DVD-Video Renderer Development Concepts :: COM Architecture for Meta-Rendering
2	Windows CE 5.0 :: Product Documentation :: Developing a Device Driver :: Windows CE Drivers :: DVD-Video Renderer :: DVD-Video Renderer Reference
7	Windows CE 5.0 :: Product Documentation :: Developing a Device Driver :: Windows CE Drivers :: DVD-Video Renderer :: DVD-Video Renderer Reference :: DVD-Video Renderer Enumerations
5	Windows CE 5.0 :: Product Documentation :: Developing a Device Driver :: Windows CE Drivers :: DVD-Video Renderer :: DVD-Video Renderer Reference :: DVD-Video Renderer Interfaces :: IBitstreamProcessor
8	Windows CE 5.0 :: Product Documentation :: Developing a Device Driver :: Windows CE Drivers :: DVD-Video Renderer :: DVD-Video Renderer Reference :: DVD-Video Renderer Interfaces :: IDMAChannel
12	Windows CE 5.0 :: Product Documentation :: Developing a Device Driver :: Windows CE Drivers :: DVD-Video Renderer :: DVD-Video Renderer Reference :: DVD-Video Renderer Interfaces :: IDVDDecoderCSS
20	Windows CE 5.0 :: Product Documentation :: Developing a Device Driver :: Windows CE Drivers :: DVD-Video Renderer :: DVD-Video Renderer Reference :: DVD-Video Renderer Interfaces :: IDVDRenderer
1	Windows CE 5.0 :: Product Documentation :: Developing a Device Driver :: Windows CE Drivers :: Direct3D Mobile Display Drivers
1	Windows CE 5.0 :: Product Documentation :: Developing a Device Driver :: Windows CE Drivers :: Direct3D Mobile Display Drivers :: Direct3D Mobile Driver Development Concepts
7	Windows CE 5.0 :: Product Documentation :: Developing a Device Driver :: Windows CE Drivers :: Direct3D Mobile Display Drivers :: Direct3D Mobile Driver Development Concepts :: Driver Interactions with the Direct3D Mobile Middleware
3	Windows CE 5.0 :: Product Documentation :: Developing a Device Driver :: Windows CE Drivers :: Direct3D Mobile Display Drivers :: Direct3D Mobile Driver Development Concepts :: Rendering Pipeline in Direct3D Mobile Drivers
2	Windows CE 5.0 :: Product Documentation :: Developing a Device Driver :: Windows CE Drivers :: Direct3D Mobile Display Drivers :: Direct3D Mobile Driver Development Concepts :: Resources in Direct3D Mobile Drivers
5	Windows CE 5.0 :: Product Documentation :: Developing a Device Driver :: Windows CE Drivers :: Direct3D Mobile Display Drivers :: Direct3D Mobile Driver Development Concepts :: Resources in Direct3D Mobile Drivers :: Surface Creation by Direct3D Mobile Drivers
11	Windows CE 5.0 :: Product Documentation :: Developing a Device Driver :: Windows CE Drivers :: Direct3D Mobile Display Drivers :: Direct3D Mobile Driver Reference :: Direct3D Mobile Driver Data Types
4	Windows CE 5.0 :: Product Documentation :: Developing a Device Driver :: Windows CE Drivers :: Direct3D Mobile Display Drivers :: Direct3D Mobile Driver Reference :: Direct3D Mobile Driver Enumerations
12	Windows CE 5.0 :: Product Documentation :: Developing a Device Driver :: Windows CE Drivers :: Direct3D Mobile Display Drivers :: Direct3D Mobile Driver Reference :: Direct3D Mobile Driver Functions
5	Windows CE 5.0 :: Product Documentation :: Developing a Device Driver :: Windows CE Drivers :: Direct3D Mobile Display Drivers :: Direct3D Mobile Driver Reference :: Direct3D Mobile Driver Macros
37	Windows CE 5.0 :: Product Documentation :: Developing a Device Driver :: Windows CE Drivers :: Direct3D Mobile Display Drivers :: Direct3D Mobile Driver Reference :: Direct3D Mobile Driver Structures
4	Windows CE 5.0 :: Product Documentation :: Developing a Device Driver :: Windows CE Drivers :: DirectDraw Display Drivers :: DirectDraw Display Driver Development Concepts
4	Windows CE 5.0 :: Product Documentation :: Developing a Device Driver :: Windows CE Drivers :: DirectDraw Display Drivers :: DirectDraw Display Driver Development Concepts :: DirectDraw Display Driver Creation
2	Windows CE 5.0 :: Product Documentation :: Developing a Device Driver :: Windows CE Drivers :: DirectDraw Display Drivers :: DirectDraw Display Driver Development Concepts :: DirectDraw Display Driver Creation Without DDGPE
1	Windows CE 5.0 :: Product Documentation :: Developing a Device Driver :: Windows CE Drivers :: DirectDraw Display Drivers :: DirectDraw Display Driver Development Concepts :: DirectDraw Driver Extension
3	Windows CE 5.0 :: Product Documentation :: Developing a Device Driver :: Windows CE Drivers :: DirectDraw Display Drivers :: DirectDraw Display Driver Development Concepts :: DirectDraw Driver Extension :: Driver Extension Using DDGPE
20	Windows CE 5.0 :: Product Documentation :: Developing a Device Driver :: Windows CE Drivers :: DirectDraw Display Drivers :: DirectDraw Display Driver Reference :: DDGPE Reference :: DDGPE Base Classes :: DDGPE Class
24	Windows CE 5.0 :: Product Documentation :: Developing a Device Driver :: Windows CE Drivers :: DirectDraw Display Drivers :: DirectDraw Display Driver Reference :: DDGPE Reference :: DDGPE Base Classes :: DDGPESurf Class
8	Windows CE 5.0 :: Product Documentation :: Developing a Device Driver :: Windows CE Drivers :: DirectDraw Display Drivers :: DirectDraw Display Driver Reference :: DDGPE Reference :: DDGPE Base Classes :: SurfaceHeap Class
8	Windows CE 5.0 :: Product Documentation :: Developing a Device Driver :: Windows CE Drivers :: DirectDraw Display Drivers :: DirectDraw Display Driver Reference :: DDGPE Reference :: DDGPE Data Structures, Types, and Constants
2	Windows CE 5.0 :: Product Documentation :: Developing a Device Driver :: Windows CE Drivers :: DirectDraw Display Drivers :: DirectDraw Display Driver Reference :: DDGPE Reference :: DDGPE Interface Definition
2	Windows CE 5.0 :: Product Documentation :: Developing a Device Driver :: Windows CE Drivers :: DirectDraw Display Drivers :: DirectDraw Display Driver Reference :: DDGPE Reference :: DDGPE Interface Definition :: Required Functions
4	Windows CE 5.0 :: Product Documentation :: Developing a Device Driver :: Windows CE Drivers :: DirectDraw Display Drivers :: DirectDraw Display Driver Reference :: DDGPE Reference :: DDGPE Interface Definition :: Required Variables
1	Windows CE 5.0 :: Product Documentation :: Developing a Device Driver :: Windows CE Drivers :: DirectDraw Display Drivers :: DirectDraw Display Driver Reference :: DDHAL Reference
1	Windows CE 5.0 :: Product Documentation :: Developing a Device Driver :: Windows CE Drivers :: DirectDraw Display Drivers :: DirectDraw Display Driver Reference :: DDHAL Reference :: DDHAL Callback Functions :: Color Control Callback Functions
10	Windows CE 5.0 :: Product Documentation :: Developing a Device Driver :: Windows CE Drivers :: DirectDraw Display Drivers :: DirectDraw Display Driver Reference :: DDHAL Reference :: DDHAL Callback Functions :: DirectDraw Display Driver Callback Functions
1	Windows CE 5.0 :: Product Documentation :: Developing a Device Driver :: Windows CE Drivers :: DirectDraw Display Drivers :: DirectDraw Display Driver Reference :: DDHAL Reference :: DDHAL Callback Functions :: DirectDraw Driver Extension Callback
2	Windows CE 5.0 :: Product Documentation :: Developing a Device Driver :: Windows CE Drivers :: DirectDraw Display Drivers :: DirectDraw Display Driver Reference :: DDHAL Reference :: DDHAL Callback Functions :: DirectDrawPalette Callback Functions
12	Windows CE 5.0 :: Product Documentation :: Developing a Device Driver :: Windows CE Drivers :: DirectDraw Display Drivers :: DirectDraw Display Driver Reference :: DDHAL Reference :: DDHAL Callback Functions :: DirectDrawSurface Callback Functions
4	Windows CE 5.0 :: Product Documentation :: Developing a Device Driver :: Windows CE Drivers :: DirectDraw Display Drivers :: DirectDraw Display Driver Reference :: DDHAL Reference :: DDHAL Callback Functions :: Miscellaneous Callback Functions
15	Windows CE 5.0 :: Product Documentation :: Developing a Device Driver :: Windows CE Drivers :: DirectDraw Display Drivers :: DirectDraw Display Driver Reference :: DDHAL Reference :: DDHAL Callback Functions :: Video Port Extension Callback Functions
2	Windows CE 5.0 :: Product Documentation :: Developing a Device Driver :: Windows CE Drivers :: DirectDraw Display Drivers :: DirectDraw Display Driver Reference :: DDHAL Reference :: DDHAL Macros
1	Windows CE 5.0 :: Product Documentation :: Developing a Device Driver :: Windows CE Drivers :: DirectDraw Display Drivers :: DirectDraw Display Driver Reference :: DDHAL Reference :: DDHAL Structures :: Color Control Structure
8	Windows CE 5.0 :: Product Documentation :: Developing a Device Driver :: Windows CE Drivers :: DirectDraw Display Drivers :: DirectDraw Display Driver Reference :: DDHAL Reference :: DDHAL Structures :: DDHAL Callback Structures
15	Windows CE 5.0 :: Product Documentation :: Developing a Device Driver :: Windows CE Drivers :: DirectDraw Display Drivers :: DirectDraw Display Driver Reference :: DDHAL Reference :: DDHAL Structures :: DirectDraw Display Driver Structures
3	Windows CE 5.0 :: Product Documentation :: Developing a Device Driver :: Windows CE Drivers :: DirectDraw Display Drivers :: DirectDraw Display Driver Reference :: DDHAL Reference :: DDHAL Structures :: DirectDrawClipper Structures
5	Windows CE 5.0 :: Product Documentation :: Developing a Device Driver :: Windows CE Drivers :: DirectDraw Display Drivers :: DirectDraw Display Driver Reference :: DDHAL Reference :: DDHAL Structures :: DirectDrawPalette Structures
22	Windows CE 5.0 :: Product Documentation :: Developing a Device Driver :: Windows CE Drivers :: DirectDraw Display Drivers :: DirectDraw Display Driver Reference :: DDHAL Reference :: DDHAL Structures :: DirectDrawSurface Structures
3	Windows CE 5.0 :: Product Documentation :: Developing a Device Driver :: Windows CE Drivers :: DirectDraw Display Drivers :: DirectDraw Display Driver Reference :: DDHAL Reference :: DDHAL Structures :: Display Memory Structures
3	Windows CE 5.0 :: Product Documentation :: Developing a Device Driver :: Windows CE Drivers :: DirectDraw Display Drivers :: DirectDraw Display Driver Reference :: DDHAL Reference :: DDHAL Structures :: Miscellaneous Structures
17	Windows CE 5.0 :: Product Documentation :: Developing a Device Driver :: Windows CE Drivers :: DirectDraw Display Drivers :: DirectDraw Display Driver Reference :: DDHAL Reference :: DDHAL Structures :: Video Port Structures
3	Windows CE 5.0 :: Product Documentation :: Developing a Device Driver :: Windows CE Drivers :: Display Drivers
9	Windows CE 5.0 :: Product Documentation :: Developing a Device Driver :: Windows CE Drivers :: Display Drivers :: Display Driver Development Concepts
2	Windows CE 5.0 :: Product Documentation :: Developing a Device Driver :: Windows CE Drivers :: Display Drivers :: Display Driver Development Concepts :: Display Driver Escape Codes
5	Windows CE 5.0 :: Product Documentation :: Developing a Device Driver :: Windows CE Drivers :: Display Drivers :: Display Driver Development Concepts :: Display Driver Extensions
3	Windows CE 5.0 :: Product Documentation :: Developing a Device Driver :: Windows CE Drivers :: Display Drivers :: Display Driver Development Concepts :: Display Driver Extensions :: Bit Block Transfers and Line Drawing Acceleration
1	Windows CE 5.0 :: Product Documentation :: Developing a Device Driver :: Windows CE Drivers :: Display Drivers :: Display Driver Development Concepts :: Display Driver Performance
3	Windows CE 5.0 :: Product Documentation :: Developing a Device Driver :: Windows CE Drivers :: Display Drivers :: Display Driver Development Concepts :: Display Driver Performance :: Improving the Performance of Software Blits by Generating Blit Functions at Run Time
6	Windows CE 5.0 :: Product Documentation :: Developing a Device Driver :: Windows CE Drivers :: Display Drivers :: Display Driver Development Concepts :: GPE Base Classes
1	Windows CE 5.0 :: Product Documentation :: Developing a Device Driver :: Windows CE Drivers :: Display Drivers :: Display Driver How-to Topics :: How to Decide Whether to Use GPE in a Display Driver
8	Windows CE 5.0 :: Product Documentation :: Developing a Device Driver :: Windows CE Drivers :: Display Drivers :: Display Driver How-to Topics :: How to Profile and Optimize a Display Driver
31	Windows CE 5.0 :: Product Documentation :: Developing a Device Driver :: Windows CE Drivers :: Display Drivers :: Display Driver Reference :: Display Driver Functions
1	Windows CE 5.0 :: Product Documentation :: Developing a Device Driver :: Windows CE Drivers :: Display Drivers :: Display Driver Reference :: Display Driver IOCTLs
11	Windows CE 5.0 :: Product Documentation :: Developing a Device Driver :: Windows CE Drivers :: Display Drivers :: Display Driver Reference :: Display Driver Methods
11	Windows CE 5.0 :: Product Documentation :: Developing a Device Driver :: Windows CE Drivers :: Display Drivers :: Display Driver Reference :: Display Driver Structures
13	Windows CE 5.0 :: Product Documentation :: Developing a Device Driver :: Windows CE Drivers :: Display Drivers :: Display Driver Reference :: GDI Functions for Display Drivers
3	Windows CE 5.0 :: Product Documentation :: Developing a Device Driver :: Windows CE Drivers :: Display Drivers :: Display Driver Samples
1	Windows CE 5.0 :: Product Documentation :: Developing a Device Driver :: Windows CE Drivers :: Display Drivers :: Display Driver Samples :: ATI Sample Display Driver
2	Windows CE 5.0 :: Product Documentation :: Developing a Device Driver :: Windows CE Drivers :: Flash Media Drivers
11	Windows CE 5.0 :: Product Documentation :: Developing a Device Driver :: Windows CE Drivers :: Flash Media Drivers :: Flash Media Driver Reference :: Flash Media Driver Functions
5	Windows CE 5.0 :: Product Documentation :: Developing a Device Driver :: Windows CE Drivers :: Flash Media Drivers :: Flash Media Driver Reference :: Flash Media Driver IOCTLs
5	Windows CE 5.0 :: Product Documentation :: Developing a Device Driver :: Windows CE Drivers :: Flash Media Drivers :: Flash Media Driver Reference :: Flash Media Driver Structures
3	Windows CE 5.0 :: Product Documentation :: Developing a Device Driver :: Windows CE Drivers :: HID Drivers
10	Windows CE 5.0 :: Product Documentation :: Developing a Device Driver :: Windows CE Drivers :: HID Drivers :: HID Driver Development Concepts
1	Windows CE 5.0 :: Product Documentation :: Developing a Device Driver :: Windows CE Drivers :: HID Drivers :: HID Driver and HID Parser Reference :: HID Driver Enumerations
8	Windows CE 5.0 :: Product Documentation :: Developing a Device Driver :: Windows CE Drivers :: HID Drivers :: HID Driver and HID Parser Reference :: HID Driver Functions
2	Windows CE 5.0 :: Product Documentation :: Developing a Device Driver :: Windows CE Drivers :: HID Drivers :: HID Driver and HID Parser Reference :: HID Driver Structures
2	Windows CE 5.0 :: Product Documentation :: Developing a Device Driver :: Windows CE Drivers :: HID Drivers :: HID Driver and HID Parser Reference :: HID Parser Enumerations
26	Windows CE 5.0 :: Product Documentation :: Developing a Device Driver :: Windows CE Drivers :: HID Drivers :: HID Driver and HID Parser Reference :: HID Parser Functions
5	Windows CE 5.0 :: Product Documentation :: Developing a Device Driver :: Windows CE Drivers :: HID Drivers :: HID Driver and HID Parser Reference :: HID Parser Macros
9	Windows CE 5.0 :: Product Documentation :: Developing a Device Driver :: Windows CE Drivers :: HID Drivers :: HID Driver and HID Parser Reference :: HID Parser Structures
2	Windows CE 5.0 :: Product Documentation :: Developing a Device Driver :: Windows CE Drivers :: IEEE 1394 Drivers :: IEEE 1394 AV/C VCR Subunit Drivers
15	Windows CE 5.0 :: Product Documentation :: Developing a Device Driver :: Windows CE Drivers :: IEEE 1394 Drivers :: IEEE 1394 AV/C VCR Subunit Drivers :: IEEE 1394 AV/C VCR Subunit Driver Reference :: IEEE 1394 AV/C VCR Subunit Driver IOCTLs
1	Windows CE 5.0 :: Product Documentation :: Developing a Device Driver :: Windows CE Drivers :: IEEE 1394 Drivers :: IEEE 1394 AV/C VCR Subunit Drivers :: IEEE 1394 AV/C VCR Subunit Driver Reference :: IEEE 1394 AV/C VCR Subunit Driver Structures
1	Windows CE 5.0 :: Product Documentation :: Developing a Device Driver :: Windows CE Drivers :: IEEE 1394 Drivers :: IEEE 1394 Bus Drivers
3	Windows CE 5.0 :: Product Documentation :: Developing a Device Driver :: Windows CE Drivers :: IEEE 1394 Drivers :: IEEE 1394 Bus Drivers :: IEEE 1394 Bus Driver Development Concepts
3	Windows CE 5.0 :: Product Documentation :: Developing a Device Driver :: Windows CE Drivers :: IEEE 1394 Drivers :: IEEE 1394 SBP-2 Drivers
2	Windows CE 5.0 :: Product Documentation :: Developing a Device Driver :: Windows CE Drivers :: IEEE 1394 Drivers :: IEEE 1394 Streaming Filter Drivers
1	Windows CE 5.0 :: Product Documentation :: Developing a Device Driver :: Windows CE Drivers :: IEEE 1394 Drivers :: IEEE 1394 Streaming Filter Drivers :: IEEE 1394 Streaming Filter Driver Development Concepts
1	Windows CE 5.0 :: Product Documentation :: Developing a Device Driver :: Windows CE Drivers :: IEEE 1394 Drivers :: IEEE 1394 Streaming Filter Drivers :: IEEE 1394 Streaming Filter Driver Development Concepts :: IEEE 1394 Streaming Filter Driver Support in an AV/C Subunit
3	Windows CE 5.0 :: Product Documentation :: Developing a Device Driver :: Windows CE Drivers :: IEEE 1394 Drivers :: IEEE 1394 Streaming Filter Drivers :: IEEE 1394 Streaming Filter Driver Development Concepts :: IEEE 1394 Streaming Filter Driver Support in an AV/C Subunit :: IEEE 1394 Streaming Filter Driver IRP Requirements
6	Windows CE 5.0 :: Product Documentation :: Developing a Device Driver :: Windows CE Drivers :: IEEE 1394 Drivers :: IEEE 1394 Streaming Filter Drivers :: IEEE 1394 Streaming Filter Driver Development Concepts :: IEEE 1394 Streaming Filter Driver Use From an Application
2	Windows CE 5.0 :: Product Documentation :: Developing a Device Driver :: Windows CE Drivers :: IEEE 1394 Drivers :: IEEE 1394 Streaming Filter Drivers :: IEEE 1394 Streaming Filter Driver Reference :: IEEE 1394 Streaming Filter Driver Enumerations
13	Windows CE 5.0 :: Product Documentation :: Developing a Device Driver :: Windows CE Drivers :: IEEE 1394 Drivers :: IEEE 1394 Streaming Filter Drivers :: IEEE 1394 Streaming Filter Driver Reference :: IEEE 1394 Streaming Filter Driver IOCTLs
21	Windows CE 5.0 :: Product Documentation :: Developing a Device Driver :: Windows CE Drivers :: IEEE 1394 Drivers :: IEEE 1394 Streaming Filter Drivers :: IEEE 1394 Streaming Filter Driver Reference :: IEEE 1394 Streaming Filter Driver Structures
2	Windows CE 5.0 :: Product Documentation :: Developing a Device Driver :: Windows CE Drivers :: IEEE 1394 Drivers :: IEEE 1394 Unit Filter Drivers
7	Windows CE 5.0 :: Product Documentation :: Developing a Device Driver :: Windows CE Drivers :: IEEE 1394 Drivers :: IEEE 1394 Unit Filter Drivers :: IEEE 1394 Unit Filter Driver Development Concepts
6	Windows CE 5.0 :: Product Documentation :: Developing a Device Driver :: Windows CE Drivers :: IEEE 1394 Drivers :: IEEE 1394 Unit Filter Drivers :: IEEE 1394 Unit Filter Driver Reference :: IEEE 1394 Unit Filter Driver Functions
9	Windows CE 5.0 :: Product Documentation :: Developing a Device Driver :: Windows CE Drivers :: IEEE 1394 Drivers :: IEEE 1394 Unit Filter Drivers :: IEEE 1394 Unit Filter Driver Reference :: IEEE 1394 Unit Filter Driver IOCTLs
10	Windows CE 5.0 :: Product Documentation :: Developing a Device Driver :: Windows CE Drivers :: IEEE 1394 Drivers :: IEEE 1394 Unit Filter Drivers :: IEEE 1394 Unit Filter Driver Reference :: IEEE 1394 Unit Filter Driver Structures
2	Windows CE 5.0 :: Product Documentation :: Developing a Device Driver :: Windows CE Drivers :: IEEE 1394 Drivers :: IEEE 1394 Virtual VCR Drivers
2	Windows CE 5.0 :: Product Documentation :: Developing a Device Driver :: Windows CE Drivers :: IEEE 1394 Drivers :: IEEE 1394 Virtual VCR Drivers :: IEEE 1394 Virtual VCR Driver Development Concepts
2	Windows CE 5.0 :: Product Documentation :: Developing a Device Driver :: Windows CE Drivers :: IEEE 1394 Drivers :: IEEE 1394 Virtual VCR Drivers :: IEEE 1394 Virtual VCR Driver Reference :: IEEE 1394 Virtual VCR Driver Enumerations
6	Windows CE 5.0 :: Product Documentation :: Developing a Device Driver :: Windows CE Drivers :: IEEE 1394 Drivers :: IEEE 1394 Virtual VCR Drivers :: IEEE 1394 Virtual VCR Driver Reference :: IEEE 1394 Virtual VCR Driver IOCTLs
7	Windows CE 5.0 :: Product Documentation :: Developing a Device Driver :: Windows CE Drivers :: IEEE 1394 Drivers :: IEEE 1394 Virtual VCR Drivers :: IEEE 1394 Virtual VCR Driver Reference :: IEEE 1394 Virtual VCR Driver Structures
2	Windows CE 5.0 :: Product Documentation :: Developing a Device Driver :: Windows CE Drivers :: Keyboard Drivers
3	Windows CE 5.0 :: Product Documentation :: Developing a Device Driver :: Windows CE Drivers :: Keyboard Drivers :: Keyboard Driver Development Concepts
2	Windows CE 5.0 :: Product Documentation :: Developing a Device Driver :: Windows CE Drivers :: Keyboard Drivers :: Keyboard Driver Development Concepts :: Layout Manager
1	Windows CE 5.0 :: Product Documentation :: Developing a Device Driver :: Windows CE Drivers :: Keyboard Drivers :: Keyboard Driver Development Concepts :: Layout Manager :: Device Layouts
1	Windows CE 5.0 :: Product Documentation :: Developing a Device Driver :: Windows CE Drivers :: Keyboard Drivers :: Keyboard Driver Development Concepts :: Layout Manager :: Input Languages
12	Windows CE 5.0 :: Product Documentation :: Developing a Device Driver :: Windows CE Drivers :: Keyboard Drivers :: Keyboard Driver Development Concepts :: Layout Manager :: Translating Scan Codes to Virtual-Key Codes
2	Windows CE 5.0 :: Product Documentation :: Developing a Device Driver :: Windows CE Drivers :: Keyboard Drivers :: Keyboard Driver How-to Topics :: How to Migrate a Keyboard Driver Without Conforming to the Layout Manager Interface
10	Windows CE 5.0 :: Product Documentation :: Developing a Device Driver :: Windows CE Drivers :: Keyboard Drivers :: Keyboard Driver How-to Topics :: How to Migrate a Keyboard Driver to Conform to the Layout Manager Interface
2	Windows CE 5.0 :: Product Documentation :: Developing a Device Driver :: Windows CE Drivers :: Keyboard Drivers :: Keyboard Driver Migration
1	Windows CE 5.0 :: Product Documentation :: Developing a Device Driver :: Windows CE Drivers :: Keyboard Drivers :: Keyboard Driver Reference :: Keyboard Driver DDI Data Types
2	Windows CE 5.0 :: Product Documentation :: Developing a Device Driver :: Windows CE Drivers :: Keyboard Drivers :: Keyboard Driver Reference :: Keyboard Driver DDI Structures
16	Windows CE 5.0 :: Product Documentation :: Developing a Device Driver :: Windows CE Drivers :: Keyboard Drivers :: Keyboard Driver Reference :: Keyboard Driver MDD Functions
4	Windows CE 5.0 :: Product Documentation :: Developing a Device Driver :: Windows CE Drivers :: Keyboard Drivers :: Keyboard Driver Reference :: Keyboard Driver PDD Functions
1	Windows CE 5.0 :: Product Documentation :: Developing a Device Driver :: Windows CE Drivers :: Keyboard Drivers :: Keyboard Driver Reference :: Keyboard Driver PDD Structures
1	Windows CE 5.0 :: Product Documentation :: Developing a Device Driver :: Windows CE Drivers :: Network Drivers
1	Windows CE 5.0 :: Product Documentation :: Developing a Device Driver :: Windows CE Drivers :: Network Drivers :: Network Driver Development Concepts
4	Windows CE 5.0 :: Product Documentation :: Developing a Device Driver :: Windows CE Drivers :: Network Drivers :: Network Driver Development Concepts :: 802.1x Authentication
2	Windows CE 5.0 :: Product Documentation :: Developing a Device Driver :: Windows CE Drivers :: Network Drivers :: Network Driver Development Concepts :: 802.1x Authentication :: 802.1x Deployment Issues
3	Windows CE 5.0 :: Product Documentation :: Developing a Device Driver :: Windows CE Drivers :: Network Drivers :: Network Driver Development Concepts :: 802.1x Authentication :: Wireless Authentication Implementation
2	Windows CE 5.0 :: Product Documentation :: Developing a Device Driver :: Windows CE Drivers :: Network Drivers :: Network Driver Development Concepts :: Miniports, Intermediate Drivers, and Protocol Drivers :: Intermediate Drivers
4	Windows CE 5.0 :: Product Documentation :: Developing a Device Driver :: Windows CE Drivers :: Network Drivers :: Network Driver Development Concepts :: Miniports, Intermediate Drivers, and Protocol Drivers :: Miniport Drivers
3	Windows CE 5.0 :: Product Documentation :: Developing a Device Driver :: Windows CE Drivers :: Network Drivers :: Network Driver Development Concepts :: Miniports, Intermediate Drivers, and Protocol Drivers :: Miniport Drivers :: How to Develop a Connectionless NDIS Miniport Driver
6	Windows CE 5.0 :: Product Documentation :: Developing a Device Driver :: Windows CE Drivers :: Network Drivers :: Network Driver Development Concepts :: Miniports, Intermediate Drivers, and Protocol Drivers :: Miniport Drivers :: How to Test an NDIS Miniport Driver
7	Windows CE 5.0 :: Product Documentation :: Developing a Device Driver :: Windows CE Drivers :: Network Drivers :: Network Driver Development Concepts :: Miniports, Intermediate Drivers, and Protocol Drivers :: Miniport Drivers :: Improving Performance of an NDIS Miniport Driver
3	Windows CE 5.0 :: Product Documentation :: Developing a Device Driver :: Windows CE Drivers :: Network Drivers :: Network Driver Development Concepts :: Miniports, Intermediate Drivers, and Protocol Drivers :: Miniport Drivers :: NDIS Support for Media Sense
3	Windows CE 5.0 :: Product Documentation :: Developing a Device Driver :: Windows CE Drivers :: Network Drivers :: Network Driver Development Concepts :: Miniports, Intermediate Drivers, and Protocol Drivers :: Miniport Drivers :: Registering MiniportXXX Functions
5	Windows CE 5.0 :: Product Documentation :: Developing a Device Driver :: Windows CE Drivers :: Network Drivers :: Network Driver Development Concepts :: Miniports, Intermediate Drivers, and Protocol Drivers :: Miniport Drivers :: WAN Miniport Drivers
3	Windows CE 5.0 :: Product Documentation :: Developing a Device Driver :: Windows CE Drivers :: Network Drivers :: Network Driver Development Concepts :: Miniports, Intermediate Drivers, and Protocol Drivers :: Protocol Drivers
2	Windows CE 5.0 :: Product Documentation :: Developing a Device Driver :: Windows CE Drivers :: Network Drivers :: Network Driver Development Concepts :: Miniports, Intermediate Drivers, and Protocol Drivers :: Protocol Drivers :: Protocol Driver Entry and Initialization
1	Windows CE 5.0 :: Product Documentation :: Developing a Device Driver :: Windows CE Drivers :: Network Drivers :: Network Driver Development Concepts :: Miniports, Intermediate Drivers, and Protocol Drivers :: Protocol Drivers :: Protocol Driver Packet Management
3	Windows CE 5.0 :: Product Documentation :: Developing a Device Driver :: Windows CE Drivers :: Network Drivers :: Network Driver Development Concepts :: Miniports, Intermediate Drivers, and Protocol Drivers :: Protocol Drivers :: Protocol Driver Send and Receive :: Receiving Data in a Protocol Driver
1	Windows CE 5.0 :: Product Documentation :: Developing a Device Driver :: Windows CE Drivers :: Network Drivers :: Network Driver Development Concepts :: Miniports, Intermediate Drivers, and Protocol Drivers :: Protocol Drivers :: Protocol Driver Send and Receive :: Sending Protocol Driver-Originated Packets
5	Windows CE 5.0 :: Product Documentation :: Developing a Device Driver :: Windows CE Drivers :: Network Drivers :: Network Driver Development Concepts :: Network Driver Programming Considerations
3	Windows CE 5.0 :: Product Documentation :: Developing a Device Driver :: Windows CE Drivers :: Network Drivers :: Network Driver Development Concepts :: Network Driver Programming Considerations :: Dynamic Adapter Binding
2	Windows CE 5.0 :: Product Documentation :: Developing a Device Driver :: Windows CE Drivers :: Network Drivers :: Network Driver Development Concepts :: Network Driver Programming Considerations :: NDIS DMA Support Implementation
9	Windows CE 5.0 :: Product Documentation :: Developing a Device Driver :: Windows CE Drivers :: Network Drivers :: Network Driver Development Concepts :: Network Driver Programming Considerations :: NDIS Objects
7	Windows CE 5.0 :: Product Documentation :: Developing a Device Driver :: Windows CE Drivers :: Network Drivers :: Network Driver Development Concepts :: Network Driver Programming Considerations :: NDIS Support for Power Management
3	Windows CE 5.0 :: Product Documentation :: Developing a Device Driver :: Windows CE Drivers :: Network Drivers :: Network Driver Development Concepts :: Network Driver Programming Considerations :: NDIS Synchronization
4	Windows CE 5.0 :: Product Documentation :: Developing a Device Driver :: Windows CE Drivers :: Network Drivers :: Network Driver Development Concepts :: Network Driver Programming Considerations :: NDIS User-Mode I/O Driver :: NDISUIO Implementation
1	Windows CE 5.0 :: Product Documentation :: Developing a Device Driver :: Windows CE Drivers :: Network Drivers :: Network Driver Development Concepts :: RNDIS Driver Implementation Guide
5	Windows CE 5.0 :: Product Documentation :: Developing a Device Driver :: Windows CE Drivers :: Network Drivers :: Network Driver Development Concepts :: RNDIS Driver Implementation Guide :: RNDIS Concepts
2	Windows CE 5.0 :: Product Documentation :: Developing a Device Driver :: Windows CE Drivers :: Network Drivers :: Network Driver Development Concepts :: RNDIS Driver Implementation Guide :: RNDIS Concepts :: RNDIS Messaging
2	Windows CE 5.0 :: Product Documentation :: Developing a Device Driver :: Windows CE Drivers :: Network Drivers :: Network Driver Development Concepts :: RNDIS Driver Implementation Guide :: RNDIS Concepts :: RNDIS Messaging :: RNDIS Data Message
6	Windows CE 5.0 :: Product Documentation :: Developing a Device Driver :: Windows CE Drivers :: Network Drivers :: Network Driver Development Concepts :: RNDIS Driver Implementation Guide :: RNDIS Concepts :: RNDIS Objects
1	Windows CE 5.0 :: Product Documentation :: Developing a Device Driver :: Windows CE Drivers :: Network Drivers :: Network Driver Development Concepts :: RNDIS Driver Implementation Guide :: RNDIS To USB Mapping
2	Windows CE 5.0 :: Product Documentation :: Developing a Device Driver :: Windows CE Drivers :: Network Drivers :: Network Driver Development Concepts :: RNDIS Driver Implementation Guide :: RNDIS To USB Mapping :: Data Channel Characteristics
5	Windows CE 5.0 :: Product Documentation :: Developing a Device Driver :: Windows CE Drivers :: Network Drivers :: Network Driver Development Concepts :: RNDIS Driver Implementation Guide :: RNDIS To USB Mapping :: USB-Level Initialization
7	Windows CE 5.0 :: Product Documentation :: Developing a Device Driver :: Windows CE Drivers :: Network Drivers :: Network Driver Development Concepts :: RNDIS Driver Implementation Guide :: USB-RNDIS Ethernet Device Sample
9	Windows CE 5.0 :: Product Documentation :: Developing a Device Driver :: Windows CE Drivers :: Network Drivers :: Network Driver Migration :: How to Migrate a Windows-based Desktop NDIS Miniport Driver to Windows CE
1	Windows CE 5.0 :: Product Documentation :: Developing a Device Driver :: Windows CE Drivers :: Network Drivers :: Network Driver Reference :: Automatic Configuration Reference
8	Windows CE 5.0 :: Product Documentation :: Developing a Device Driver :: Windows CE Drivers :: Network Drivers :: Network Driver Reference :: Automatic Configuration Reference :: Automatic Configuration Functions
7	Windows CE 5.0 :: Product Documentation :: Developing a Device Driver :: Windows CE Drivers :: Network Drivers :: Network Driver Reference :: Automatic Configuration Reference :: Automatic Configuration Structures
17	Windows CE 5.0 :: Product Documentation :: Developing a Device Driver :: Windows CE Drivers :: Network Drivers :: Network Driver Reference :: Network Driver Data Types :: NDIS Data Types
5	Windows CE 5.0 :: Product Documentation :: Developing a Device Driver :: Windows CE Drivers :: Network Drivers :: Network Driver Reference :: Network Driver Data Types :: Remote NDIS Data Types
12	Windows CE 5.0 :: Product Documentation :: Developing a Device Driver :: Windows CE Drivers :: Network Drivers :: Network Driver Reference :: Network Driver Enumerations
248	Windows CE 5.0 :: Product Documentation :: Developing a Device Driver :: Windows CE Drivers :: Network Drivers :: Network Driver Reference :: Network Driver Functions :: NDIS Library Functions
15	Windows CE 5.0 :: Product Documentation :: Developing a Device Driver :: Windows CE Drivers :: Network Drivers :: Network Driver Reference :: Network Driver Functions :: NDIS Lower-Edge Functions
21	Windows CE 5.0 :: Product Documentation :: Developing a Device Driver :: Windows CE Drivers :: Network Drivers :: Network Driver Reference :: Network Driver Functions :: NDIS Upper-Edge Functions
16	Windows CE 5.0 :: Product Documentation :: Developing a Device Driver :: Windows CE Drivers :: Network Drivers :: Network Driver Reference :: Network Driver Functions :: Remote NDIS Functions
20	Windows CE 5.0 :: Product Documentation :: Developing a Device Driver :: Windows CE Drivers :: Network Drivers :: Network Driver Reference :: Network Driver IOCTLs
33	Windows CE 5.0 :: Product Documentation :: Developing a Device Driver :: Windows CE Drivers :: Network Drivers :: Network Driver Reference :: Network Driver Macros
3	Windows CE 5.0 :: Product Documentation :: Developing a Device Driver :: Windows CE Drivers :: Network Drivers :: Network Driver Reference :: Network Driver Messages :: NDIS Messages
13	Windows CE 5.0 :: Product Documentation :: Developing a Device Driver :: Windows CE Drivers :: Network Drivers :: Network Driver Reference :: Network Driver Messages :: Remote NDIS Messages
128	Windows CE 5.0 :: Product Documentation :: Developing a Device Driver :: Windows CE Drivers :: Network Drivers :: Network Driver Reference :: Network Driver Object Identifiers :: 802.11 Wireless LAN Object Identifiers
15	Windows CE 5.0 :: Product Documentation :: Developing a Device Driver :: Windows CE Drivers :: Network Drivers :: Network Driver Reference :: Network Driver Object Identifiers :: Ethernet Object Identifiers
24	Windows CE 5.0 :: Product Documentation :: Developing a Device Driver :: Windows CE Drivers :: Network Drivers :: Network Driver Reference :: Network Driver Object Identifiers :: General Object Identifiers
11	Windows CE 5.0 :: Product Documentation :: Developing a Device Driver :: Windows CE Drivers :: Network Drivers :: Network Driver Reference :: Network Driver Object Identifiers :: IrDA Object Identifiers
34	Windows CE 5.0 :: Product Documentation :: Developing a Device Driver :: Windows CE Drivers :: Network Drivers :: Network Driver Reference :: Network Driver Object Identifiers :: NDISTAPI Object Identifiers
12	Windows CE 5.0 :: Product Documentation :: Developing a Device Driver :: Windows CE Drivers :: Network Drivers :: Network Driver Reference :: Network Driver Object Identifiers :: NDISWAN Object Identifiers
9	Windows CE 5.0 :: Product Documentation :: Developing a Device Driver :: Windows CE Drivers :: Network Drivers :: Network Driver Reference :: Network Driver Object Identifiers :: Plug and Play and Power Management Object Identifiers
1	Windows CE 5.0 :: Product Documentation :: Developing a Device Driver :: Windows CE Drivers :: Network Drivers :: Network Driver Reference :: Network Driver Object Identifiers :: Task Offload Object Identifiers
7	Windows CE 5.0 :: Product Documentation :: Developing a Device Driver :: Windows CE Drivers :: Network Drivers :: Network Driver Reference :: Network Driver Object Identifiers :: Token Ring Object Identifiers
83	Windows CE 5.0 :: Product Documentation :: Developing a Device Driver :: Windows CE Drivers :: Network Drivers :: Network Driver Reference :: Network Driver Structures :: NDIS Structures
6	Windows CE 5.0 :: Product Documentation :: Developing a Device Driver :: Windows CE Drivers :: Network Drivers :: Network Driver Reference :: Network Driver Structures :: Remote NDIS Structures
3	Windows CE 5.0 :: Product Documentation :: Developing a Device Driver :: Windows CE Drivers :: Network Drivers :: Network Driver Registry Settings
4	Windows CE 5.0 :: Product Documentation :: Developing a Device Driver :: Windows CE Drivers :: Network Drivers :: Network Driver Registry Settings :: PCI Bus Enumerator Registry Settings
2	Windows CE 5.0 :: Product Documentation :: Developing a Device Driver :: Windows CE Drivers :: Notification LED Drivers
1	Windows CE 5.0 :: Product Documentation :: Developing a Device Driver :: Windows CE Drivers :: Notification LED Drivers :: Notification LED Driver Migration
6	Windows CE 5.0 :: Product Documentation :: Developing a Device Driver :: Windows CE Drivers :: Notification LED Drivers :: Notification LED Driver Reference :: Notification LED Driver Functions
3	Windows CE 5.0 :: Product Documentation :: Developing a Device Driver :: Windows CE Drivers :: Notification LED Drivers :: Notification LED Driver Reference :: Notification LED Driver Structures
1	Windows CE 5.0 :: Product Documentation :: Developing a Device Driver :: Windows CE Drivers :: PC Card Drivers
1	Windows CE 5.0 :: Product Documentation :: Developing a Device Driver :: Windows CE Drivers :: PC Card Drivers :: PC Card Development Concepts
2	Windows CE 5.0 :: Product Documentation :: Developing a Device Driver :: Windows CE Drivers :: PC Card Drivers :: PC Card Development Concepts :: Legacy PCMCIA Driver Support
1	Windows CE 5.0 :: Product Documentation :: Developing a Device Driver :: Windows CE Drivers :: PC Card Drivers :: PC Card Development Concepts :: PC Card Bus-Agnostic Client Drivers
5	Windows CE 5.0 :: Product Documentation :: Developing a Device Driver :: Windows CE Drivers :: PC Card Drivers :: PC Card Development Concepts :: PC Card Socket Service Shared Code Library
1	Windows CE 5.0 :: Product Documentation :: Developing a Device Driver :: Windows CE Drivers :: PC Card Drivers :: PC Card Driver Reference
30	Windows CE 5.0 :: Product Documentation :: Developing a Device Driver :: Windows CE Drivers :: PC Card Drivers :: PC Card Driver Reference :: PC Card Driver Functions
10	Windows CE 5.0 :: Product Documentation :: Developing a Device Driver :: Windows CE Drivers :: PC Card Drivers :: PC Card Driver Reference :: PC Card Driver Structures
4	Windows CE 5.0 :: Product Documentation :: Developing a Device Driver :: Windows CE Drivers :: PC Card Drivers :: PC Card Driver Reference :: PCMCIA Legacy Compatiblity Layer Reference
5	Windows CE 5.0 :: Product Documentation :: Developing a Device Driver :: Windows CE Drivers :: PC Card Drivers :: PC Card Driver Reference :: PCMCIA Legacy Compatiblity Layer Reference :: PCMCIA Legacy Compatibility Layer Functions
8	Windows CE 5.0 :: Product Documentation :: Developing a Device Driver :: Windows CE Drivers :: PC Card Drivers :: PC Card Driver Reference :: PCMCIA Legacy Compatiblity Layer Reference :: PCMCIA Legacy Compatiblity Layer Structures
10	Windows CE 5.0 :: Product Documentation :: Developing a Device Driver :: Windows CE Drivers :: PC Card Drivers :: PC Card Driver Reference :: Socket Service Reference :: Socket Service Functions
6	Windows CE 5.0 :: Product Documentation :: Developing a Device Driver :: Windows CE Drivers :: PC Card Drivers :: PC Card Driver Reference :: Socket Service Reference :: Socket Service Structures
2	Windows CE 5.0 :: Product Documentation :: Developing a Device Driver :: Windows CE Drivers :: PCI Bus Driver
2	Windows CE 5.0 :: Product Documentation :: Developing a Device Driver :: Windows CE Drivers :: PCI Bus Driver :: PCI Bus Driver Development Concepts
5	Windows CE 5.0 :: Product Documentation :: Developing a Device Driver :: Windows CE Drivers :: PCI Bus Driver :: PCI Bus Driver Development Concepts :: Loading Drivers on the PCI Bus :: Example: Loading Drivers on the PCI Bus
5	Windows CE 5.0 :: Product Documentation :: Developing a Device Driver :: Windows CE Drivers :: PCI Bus Driver :: PCI Bus Driver Reference :: Device Configuration Functions
2	Windows CE 5.0 :: Product Documentation :: Developing a Device Driver :: Windows CE Drivers :: PCI Bus Driver :: PCI Bus Driver Reference :: PCI Bus Driver Functions
7	Windows CE 5.0 :: Product Documentation :: Developing a Device Driver :: Windows CE Drivers :: PCI Bus Driver :: PCI Bus Driver Reference :: PCI Bus Driver Structures
3	Windows CE 5.0 :: Product Documentation :: Developing a Device Driver :: Windows CE Drivers :: Parallel Port Drivers
3	Windows CE 5.0 :: Product Documentation :: Developing a Device Driver :: Windows CE Drivers :: Printer Drivers
2	Windows CE 5.0 :: Product Documentation :: Developing a Device Driver :: Windows CE Drivers :: Printer Drivers :: Printer Driver Development Concepts
8	Windows CE 5.0 :: Product Documentation :: Developing a Device Driver :: Windows CE Drivers :: Printer Drivers :: Printer Driver Reference :: Printer Driver Functions
2	Windows CE 5.0 :: Product Documentation :: Developing a Device Driver :: Windows CE Drivers :: Root Bus Driver
1	Windows CE 5.0 :: Product Documentation :: Developing a Device Driver :: Windows CE Drivers :: Secure Digital Card Drivers
2	Windows CE 5.0 :: Product Documentation :: Developing a Device Driver :: Windows CE Drivers :: Secure Digital Card Drivers :: Secure Digital Card Driver Development Concepts
4	Windows CE 5.0 :: Product Documentation :: Developing a Device Driver :: Windows CE Drivers :: Secure Digital Card Drivers :: Secure Digital Card Driver Development Concepts :: Secure Digital Card Client Driver
2	Windows CE 5.0 :: Product Documentation :: Developing a Device Driver :: Windows CE Drivers :: Secure Digital Card Drivers :: Secure Digital Card Driver Development Concepts :: Secure Digital Card Client Driver :: Client Driver Bus Requests
1	Windows CE 5.0 :: Product Documentation :: Developing a Device Driver :: Windows CE Drivers :: Secure Digital Card Drivers :: Secure Digital Card Driver Development Concepts :: Secure Digital Card Host Controller Driver
3	Windows CE 5.0 :: Product Documentation :: Developing a Device Driver :: Windows CE Drivers :: Secure Digital Card Drivers :: Secure Digital Card Driver Development Concepts :: Single Function, Multi-Function, and Combo Cards
1	Windows CE 5.0 :: Product Documentation :: Developing a Device Driver :: Windows CE Drivers :: Secure Digital Card Drivers :: Secure Digital Card Driver Reference
6	Windows CE 5.0 :: Product Documentation :: Developing a Device Driver :: Windows CE Drivers :: Secure Digital Card Drivers :: Secure Digital Card Driver Reference :: Secure Digital Card Driver Enumerations
20	Windows CE 5.0 :: Product Documentation :: Developing a Device Driver :: Windows CE Drivers :: Secure Digital Card Drivers :: Secure Digital Card Driver Reference :: Secure Digital Card Driver Functions
5	Windows CE 5.0 :: Product Documentation :: Developing a Device Driver :: Windows CE Drivers :: Secure Digital Card Drivers :: Secure Digital Card Driver Reference :: Secure Digital Card Driver Macros
10	Windows CE 5.0 :: Product Documentation :: Developing a Device Driver :: Windows CE Drivers :: Secure Digital Card Drivers :: Secure Digital Card Driver Reference :: Secure Digital Card Driver Structures
2	Windows CE 5.0 :: Product Documentation :: Developing a Device Driver :: Windows CE Drivers :: Serial Port Drivers
4	Windows CE 5.0 :: Product Documentation :: Developing a Device Driver :: Windows CE Drivers :: Serial Port Drivers :: Serial Port Driver Development Concepts
1	Windows CE 5.0 :: Product Documentation :: Developing a Device Driver :: Windows CE Drivers :: Serial Port Drivers :: Serial Port Driver Migration
23	Windows CE 5.0 :: Product Documentation :: Developing a Device Driver :: Windows CE Drivers :: Serial Port Drivers :: Serial Port Driver Reference :: Serial Port Driver IOCTLs
9	Windows CE 5.0 :: Product Documentation :: Developing a Device Driver :: Windows CE Drivers :: Serial Port Drivers :: Serial Port Driver Reference :: Serial Port Driver MDD Functions
34	Windows CE 5.0 :: Product Documentation :: Developing a Device Driver :: Windows CE Drivers :: Serial Port Drivers :: Serial Port Driver Reference :: Serial Port Driver PDD Functions
5	Windows CE 5.0 :: Product Documentation :: Developing a Device Driver :: Windows CE Drivers :: Serial Port Drivers :: Serial Port Driver Reference :: Serial Port Driver Structures
2	Windows CE 5.0 :: Product Documentation :: Developing a Device Driver :: Windows CE Drivers :: Smart Card Drivers
2	Windows CE 5.0 :: Product Documentation :: Developing a Device Driver :: Windows CE Drivers :: Smart Card Drivers :: Smart Card Driver Development Concepts
22	Windows CE 5.0 :: Product Documentation :: Developing a Device Driver :: Windows CE Drivers :: Smart Card Drivers :: Smart Card Driver Reference :: Smart Card Driver Functions
11	Windows CE 5.0 :: Product Documentation :: Developing a Device Driver :: Windows CE Drivers :: Smart Card Drivers :: Smart Card Driver Reference :: Smart Card Driver IOCTLs
6	Windows CE 5.0 :: Product Documentation :: Developing a Device Driver :: Windows CE Drivers :: Smart Card Drivers :: Smart Card Driver Reference :: Smart Card Driver Structures
1	Windows CE 5.0 :: Product Documentation :: Developing a Device Driver :: Windows CE Drivers :: Stream Interface Drivers :: Stream Interface Driver Development Concepts
1	Windows CE 5.0 :: Product Documentation :: Developing a Device Driver :: Windows CE Drivers :: Stream Interface Drivers :: Stream Interface Driver Development Concepts :: Stream Interface Driver Implementation
12	Windows CE 5.0 :: Product Documentation :: Developing a Device Driver :: Windows CE Drivers :: Stream Interface Drivers :: Stream Interface Driver Reference :: Stream Interface Driver Functions
3	Windows CE 5.0 :: Product Documentation :: Developing a Device Driver :: Windows CE Drivers :: Timer Driver
9	Windows CE 5.0 :: Product Documentation :: Developing a Device Driver :: Windows CE Drivers :: Timer Driver :: Timer Driver Reference :: Timer Driver Functions
2	Windows CE 5.0 :: Product Documentation :: Developing a Device Driver :: Windows CE Drivers :: Timer Driver :: Timer Driver Reference :: Timer Driver Structures
3	Windows CE 5.0 :: Product Documentation :: Developing a Device Driver :: Windows CE Drivers :: Touch Screen Drivers
8	Windows CE 5.0 :: Product Documentation :: Developing a Device Driver :: Windows CE Drivers :: Touch Screen Drivers :: Touch Screen Driver Reference :: Touch Screen Driver DDSI Functions
1	Windows CE 5.0 :: Product Documentation :: Developing a Device Driver :: Windows CE Drivers :: Touch Screen Drivers :: Touch Screen Driver Reference :: Touch Screen Driver Data Types
1	Windows CE 5.0 :: Product Documentation :: Developing a Device Driver :: Windows CE Drivers :: Touch Screen Drivers :: Touch Screen Driver Reference :: Touch Screen Driver Enumerations
12	Windows CE 5.0 :: Product Documentation :: Developing a Device Driver :: Windows CE Drivers :: Touch Screen Drivers :: Touch Screen Driver Reference :: Touch Screen Driver Functions
3	Windows CE 5.0 :: Product Documentation :: Developing a Device Driver :: Windows CE Drivers :: Touch Screen Drivers :: Touch Screen Driver Reference :: Touch Screen Driver Structures
1	Windows CE 5.0 :: Product Documentation :: Developing a Device Driver :: Windows CE Drivers :: USB Function Drivers
1	Windows CE 5.0 :: Product Documentation :: Developing a Device Driver :: Windows CE Drivers :: USB Function Drivers :: USB Function Client Drivers :: USB Function Client Driver Reference
1	Windows CE 5.0 :: Product Documentation :: Developing a Device Driver :: Windows CE Drivers :: USB Function Drivers :: USB Function Client Drivers :: USB Function Client Driver Reference :: USB Function Client Driver Helper Library Functions
2	Windows CE 5.0 :: Product Documentation :: Developing a Device Driver :: Windows CE Drivers :: USB Function Drivers :: USB Function Client Drivers :: USB Function Mass Storage Client Driver
5	Windows CE 5.0 :: Product Documentation :: Developing a Device Driver :: Windows CE Drivers :: USB Function Drivers :: USB Function Client Drivers :: USB Function Mass Storage Client Driver :: USB Function Mass Storage Client Driver Development Concepts
2	Windows CE 5.0 :: Product Documentation :: Developing a Device Driver :: Windows CE Drivers :: USB Function Drivers :: USB Function Client Drivers :: USB Function Mass Storage Client Driver :: USB Function Mass Storage Client Driver Reference :: USB Function Mass Storage Client Driver Functions
2	Windows CE 5.0 :: Product Documentation :: Developing a Device Driver :: Windows CE Drivers :: USB Function Drivers :: USB Function Client Drivers :: USB Function Mass Storage Client Driver :: USB Function Mass Storage Client Driver Reference :: USB Function Mass Storage Client Driver Structures
1	Windows CE 5.0 :: Product Documentation :: Developing a Device Driver :: Windows CE Drivers :: USB Function Drivers :: USB Function Client Drivers :: USB Function Serial Client Drivers
1	Windows CE 5.0 :: Product Documentation :: Developing a Device Driver :: Windows CE Drivers :: USB Function Drivers :: USB Function Controller Drivers
1	Windows CE 5.0 :: Product Documentation :: Developing a Device Driver :: Windows CE Drivers :: USB Function Drivers :: USB Function Controller Drivers :: USB Function Controller Driver Development Concepts
5	Windows CE 5.0 :: Product Documentation :: Developing a Device Driver :: Windows CE Drivers :: USB Function Drivers :: USB Function Controller Drivers :: USB Function Controller Driver Development Concepts :: USB Function Controller Driver Architecture
1	Windows CE 5.0 :: Product Documentation :: Developing a Device Driver :: Windows CE Drivers :: USB Function Drivers :: USB Function Controller Drivers :: USB Function Controller Driver Migration
3	Windows CE 5.0 :: Product Documentation :: Developing a Device Driver :: Windows CE Drivers :: USB Function Drivers :: USB Function Controller Drivers :: USB Function Controller Driver Reference
1	Windows CE 5.0 :: Product Documentation :: Developing a Device Driver :: Windows CE Drivers :: USB Host Drivers
3	Windows CE 5.0 :: Product Documentation :: Developing a Device Driver :: Windows CE Drivers :: USB Host Drivers :: USB Host Client Drivers
17	Windows CE 5.0 :: Product Documentation :: Developing a Device Driver :: Windows CE Drivers :: USB Host Drivers :: USB Host Client Drivers :: USB Host Client Driver Reference :: USB Host Client Driver Functions
2	Windows CE 5.0 :: Product Documentation :: Developing a Device Driver :: Windows CE Drivers :: USB Host Drivers :: USB Host Client Drivers :: USB Host Client Driver Reference :: USB Host Client Driver Structures
1	Windows CE 5.0 :: Product Documentation :: Developing a Device Driver :: Windows CE Drivers :: USB Host Drivers :: USB Host Client Drivers :: USB Host Mass Storage Client Driver
1	Windows CE 5.0 :: Product Documentation :: Developing a Device Driver :: Windows CE Drivers :: USB Host Drivers :: USB Host Client Drivers :: USB Host Printer Client Driver
2	Windows CE 5.0 :: Product Documentation :: Developing a Device Driver :: Windows CE Drivers :: USB Host Drivers :: USB Host Controller Drivers
5	Windows CE 5.0 :: Product Documentation :: Developing a Device Driver :: Windows CE Drivers :: USB Host Drivers :: USB Host Controller Drivers :: USB Host Controller Driver Development Concepts
4	Windows CE 5.0 :: Product Documentation :: Developing a Device Driver :: Windows CE Drivers :: USB Host Drivers :: USB Host Controller Drivers :: USB Host Controller Driver Development Concepts :: USB Device Driver Implementation
2	Windows CE 5.0 :: Product Documentation :: Developing a Device Driver :: Windows CE Drivers :: USB Host Drivers :: USB Host Controller Drivers :: USB Host Controller Driver Development Concepts :: USB Host Controller Driver Architecture :: The Enhanced Host Controller Interface (EHCI) Driver
2	Windows CE 5.0 :: Product Documentation :: Developing a Device Driver :: Windows CE Drivers :: USB Host Drivers :: USB Host Controller Drivers :: USB Host Controller Driver Development Concepts :: USB Host Controller Driver Architecture :: The Enhanced Host Controller Interface (EHCI) Driver :: EHCI-specific Code
7	Windows CE 5.0 :: Product Documentation :: Developing a Device Driver :: Windows CE Drivers :: USB Host Drivers :: USB Host Controller Drivers :: USB Host Controller Driver Reference :: USB Host Controller Driver MDD Functions
12	Windows CE 5.0 :: Product Documentation :: Developing a Device Driver :: Windows CE Drivers :: USB Host Drivers :: USB Host Controller Drivers :: USB Host Controller Driver Reference :: USB Host Controller Driver PDD Functions
51	Windows CE 5.0 :: Product Documentation :: Developing a Device Driver :: Windows CE Drivers :: USB Host Drivers :: USB Host Controller Drivers :: USB Host Driver Reference :: USB Host Driver Functions
10	Windows CE 5.0 :: Product Documentation :: Developing a Device Driver :: Windows CE Drivers :: USB Host Drivers :: USB Host Controller Drivers :: USB Host Driver Reference :: USB Host Driver Structures
1	Windows CE 5.0 :: Product Documentation :: Developing a Device Driver :: Windows CE Drivers :: USB Serial Host Driver
3	Windows CE 5.0 :: Product Documentation :: Developing a Device Driver :: Windows CE Drivers :: USB Serial Host Driver :: USB Serial Host Driver Development Concepts
6	Windows CE 5.0 :: Product Documentation :: Developing a Target Device :: Developing a Gateway
1	Windows CE 5.0 :: Product Documentation :: Developing a Target Device :: Developing a Gateway :: Creating End User Documentation for a Gateway
10	Windows CE 5.0 :: Product Documentation :: Developing a Target Device :: Developing a Gateway :: Customizing a Gateway
4	Windows CE 5.0 :: Product Documentation :: Developing a Target Device :: Developing a Gateway :: Gateway Architecture
1	Windows CE 5.0 :: Product Documentation :: Developing a Target Device :: Developing a Gateway :: Gateway Registry Settings
3	Windows CE 5.0 :: Product Documentation :: Developing a Target Device :: Developing a Gateway :: How to Develop a Gateway
5	Windows CE 5.0 :: Product Documentation :: Developing a Target Device :: Developing a Networked Media Device
2	Windows CE 5.0 :: Product Documentation :: Developing a Target Device :: Developing a Networked Media Device :: Adding a Digital Video Recorder
1	Windows CE 5.0 :: Product Documentation :: Developing a Target Device :: Developing a Networked Media Device :: Adding a Digital Video Recorder :: Customizing a Digital Video Recorder
3	Windows CE 5.0 :: Product Documentation :: Developing a Target Device :: Developing a Networked Media Device :: Adding a Digital Video Recorder :: Digital Video Recorder Architecture
2	Windows CE 5.0 :: Product Documentation :: Developing a Target Device :: Developing a Networked Media Device :: Customizing a Networked Media Device :: Customizing WMDRM-ND
3	Windows CE 5.0 :: Product Documentation :: Developing a Target Device :: Developing a Networked Media Device :: Customizing a Networked Media Device :: User Interface Customization for a Networked Media Device
1	Windows CE 5.0 :: Product Documentation :: Developing a Target Device :: Developing a Networked Media Device :: Customizing a Networked Media Device :: User Interface Customization for a Networked Media Device :: User Interface Design Guidelines
5	Windows CE 5.0 :: Product Documentation :: Developing a Target Device :: Developing a Networked Media Device :: Debugging and Testing a Networked Media Device
2	Windows CE 5.0 :: Product Documentation :: Developing a Target Device :: Developing a Networked Media Device :: Designing Hardware for Networked Media Devices
13	Windows CE 5.0 :: Product Documentation :: Developing a Target Device :: Developing a Networked Media Device :: Designing Hardware for Networked Media Devices :: Performance Considerations for the Hardware Components of Networked Media Devices
2	Windows CE 5.0 :: Product Documentation :: Developing a Target Device :: Developing a Networked Media Device :: How to Develop a Networked Media Device
3	Windows CE 5.0 :: Product Documentation :: Developing a Target Device :: Developing a Networked Media Device :: Media Device Overview
5	Windows CE 5.0 :: Product Documentation :: Developing a Target Device :: Developing a Networked Media Device :: Networked Media Device Architecture
1	Windows CE 5.0 :: Product Documentation :: Developing a Target Device :: Developing a Networked Media Device :: Networked Media Device Architecture :: Media Query Engine
3	Windows CE 5.0 :: Product Documentation :: Developing a Target Device :: Developing a Networked Media Device :: Networked Media Device Architecture :: Media Query Engine :: Media Query Engine Architecture
1	Windows CE 5.0 :: Product Documentation :: Developing a Target Device :: Developing a Networked Media Device :: Networked Media Device Architecture :: Media Query Engine :: Media Query Engine Reference
7	Windows CE 5.0 :: Product Documentation :: Developing a Target Device :: Developing a Networked Media Device :: Networked Media Device Architecture :: Media Query Engine :: Media Query Engine Reference :: Media Query Engine Enumerations
3	Windows CE 5.0 :: Product Documentation :: Developing a Target Device :: Developing a Networked Media Device :: Networked Media Device Architecture :: Media Query Engine :: Media Query Engine Reference :: Media Query Engine Interfaces :: MediaItemBatch_t
5	Windows CE 5.0 :: Product Documentation :: Developing a Target Device :: Developing a Networked Media Device :: Networked Media Device Architecture :: Media Query Engine :: Media Query Engine Reference :: Media Query Engine Interfaces :: MediaItem_t
16	Windows CE 5.0 :: Product Documentation :: Developing a Target Device :: Developing a Networked Media Device :: Networked Media Device Architecture :: Media Query Engine :: Media Query Engine Reference :: Media Query Engine Interfaces :: MediaQueryEngine_t
5	Windows CE 5.0 :: Product Documentation :: Developing a Target Device :: Developing a Networked Media Device :: Networked Media Device Architecture :: Media Query Engine :: Media Query Engine Reference :: Media Query Engine Interfaces :: MediaQuery_t
1	Windows CE 5.0 :: Product Documentation :: Developing a Target Device :: Developing a Networked Media Device :: Networked Media Device Architecture :: Media Query Engine :: Media Query Engine Reference :: Media Query Engine Interfaces :: QueryParams_t
3	Windows CE 5.0 :: Product Documentation :: Developing a Target Device :: Developing a Networked Media Device :: Networked Media Device Architecture :: Media Query Engine :: Media Query Engine Reference :: Media Query Engine Interfaces :: ServerInfoCollection_t
6	Windows CE 5.0 :: Product Documentation :: Developing a Target Device :: Developing a Networked Media Device :: Networked Media Device Architecture :: Media Query Engine :: Media Query Engine Reference :: Media Query Engine Interfaces :: ServerInfo_t
2	Windows CE 5.0 :: Product Documentation :: Developing a Target Device :: Developing a Networked Media Device :: Networked Media Device Architecture :: Networked Media Device Sample Application
2	Windows CE 5.0 :: Product Documentation :: Developing a Target Device :: Developing a Networked Media Device :: Networked Media Device Architecture :: Windows Media DRM for Network Devices
6	Windows CE 5.0 :: Product Documentation :: Developing a Target Device :: Developing a Networked Media Device :: Networked Media Device Architecture :: Windows Media DRM for Network Devices :: Windows Media DRM 10 for Network Devices Reference :: Windows Media DRM 10 for Network Devices Data Structures
4	Windows CE 5.0 :: Product Documentation :: Developing a Target Device :: Developing a Networked Media Device :: Networked Media Device Architecture :: Windows Media DRM for Network Devices :: Windows Media DRM 10 for Network Devices Reference :: Windows Media DRM 10 for Network Devices Interfaces
2	Windows CE 5.0 :: Product Documentation :: Developing a Target Device :: Developing a Target Device Without Using a Design Template
8	Windows CE 5.0 :: Product Documentation :: Developing a Target Device :: Developing a Target Device by Using a Design Template
2	Windows CE 5.0 :: Product Documentation :: Developing a Target Device :: Developing a Target Device by Using a Design Template :: Creating End User Documentation for an OS Design :: Creating a Quick Start Guide for a Device
3	Windows CE 5.0 :: Product Documentation :: Developing a Target Device :: Developing a Target Device by Using a Design Template :: Debugging and Testing a Run-Time Image
7	Windows CE 5.0 :: Product Documentation :: Developing a Target Device :: Developing a Windows Thin Client
1	Windows CE 5.0 :: Product Documentation :: Developing a Target Device :: Developing a Windows Thin Client :: Creating End User Documentation for a Thin Client
9	Windows CE 5.0 :: Product Documentation :: Developing a Target Device :: Developing a Windows Thin Client :: Customizing a Thin Client
3	Windows CE 5.0 :: Product Documentation :: Developing a Target Device :: Developing a Windows Thin Client :: Customizing a Thin Client :: Configuring the Windows Thin Client Shell
1	Windows CE 5.0 :: Product Documentation :: Developing a Target Device :: Developing a Windows Thin Client :: Debugging and Testing a Thin Client
4	Windows CE 5.0 :: Product Documentation :: Developing a Target Device :: Developing a Windows Thin Client :: Thin Client Architecture
1	Windows CE 5.0 :: Product Documentation :: Developing a Target Device :: Developing a Windows Thin Client :: Thin Client Architecture :: Working with UUIDs
2	Windows CE 5.0 :: Product Documentation :: Developing a Target Device :: Developing a Windows Thin Client :: Thin Client Registry Settings
7	Windows CE 5.0 :: Product Documentation :: Developing a Target Device :: Developing an IP Phone
8	Windows CE 5.0 :: Product Documentation :: Developing a Target Device :: Developing an IP Phone :: Customizing an IP Phone :: Common IP Phone Customization Tasks
3	Windows CE 5.0 :: Product Documentation :: Developing a Target Device :: Developing an IP Phone :: Customizing an IP Phone :: Customizing IP Phone Functionality
3	Windows CE 5.0 :: Product Documentation :: Developing a Target Device :: Developing an IP Phone :: Customizing an IP Phone :: How to Create a Default IP Phone on a CEPC
3	Windows CE 5.0 :: Product Documentation :: Developing a Target Device :: Developing an IP Phone :: Customizing an IP Phone :: How to Create a Default IP Phone on an Emulator
9	Windows CE 5.0 :: Product Documentation :: Developing a Target Device :: Developing an IP Phone :: How to Develop an IP Phone
3	Windows CE 5.0 :: Product Documentation :: Developing a Target Device :: Developing an IP Phone :: IP Phone Architecture
3	Windows CE 5.0 :: Product Documentation :: Developing a Target Device :: Developing an IP Phone :: IP Phone Architecture :: IP Phone Functionality in Windows CE
5	Windows CE 5.0 :: Product Documentation :: Developing a Target Device :: Developing an IP Phone :: IP Phone Architecture :: VoIP Technology and Protocol Overview
3	Windows CE 5.0 :: Product Documentation :: Developing an Application
1	Windows CE 5.0 :: Product Documentation :: Developing an Application :: Application Development with an Imported SDK
1	Windows CE 5.0 :: Product Documentation :: Developing an Application :: Microsoft C Run-time Library for Windows CE
6	Windows CE 5.0 :: Product Documentation :: Developing an Application :: Microsoft C Run-time Library for Windows CE :: C Run-time Libraries
3	Windows CE 5.0 :: Product Documentation :: Developing an Application :: Microsoft C Run-time Library for Windows CE :: Generic Text Mappings
1	Windows CE 5.0 :: Product Documentation :: Developing an Application :: Microsoft C Run-time Library for Windows CE :: Global Variables and Standard Types
1	Windows CE 5.0 :: Product Documentation :: Developing an Application :: Microsoft C Run-time Library for Windows CE :: Global Variables and Standard Types :: Global Variables
11	Windows CE 5.0 :: Product Documentation :: Developing an Application :: Microsoft C Run-time Library for Windows CE :: Run-time Library Global Constants
141	Windows CE 5.0 :: Product Documentation :: Developing an Application :: Microsoft C Run-time Library for Windows CE :: Run-time Library Reference
6	Windows CE 5.0 :: Product Documentation :: Developing an Application :: Microsoft C Run-time Library for Windows CE :: Run-time Library Reference :: printf, wprintf
3	Windows CE 5.0 :: Product Documentation :: Developing an Application :: Microsoft C Run-time Library for Windows CE :: Run-time Library Reference :: scanf, wscanf
4	Windows CE 5.0 :: Product Documentation :: Developing an Application :: Microsoft C Run-time Library for Windows CE :: Run-time Library Reference :: vprintf Functions
9	Windows CE 5.0 :: Product Documentation :: Developing an Application :: Microsoft C Run-time Library for Windows CE :: Run-time Routines by Category
3	Windows CE 5.0 :: Product Documentation :: Developing an Application :: Safe String Functions
15	Windows CE 5.0 :: Product Documentation :: Developing an Application :: Safe String Functions :: Safe String Reference :: StrSafe.h Byte-Count Functions
15	Windows CE 5.0 :: Product Documentation :: Developing an Application :: Safe String Functions :: Safe String Reference :: StrSafe.h Character-Count Functions
4	Windows CE 5.0 :: Product Documentation :: Developing an Operating System
2	Windows CE 5.0 :: Product Documentation :: Developing an Operating System :: Build System :: Build System Migration
3	Windows CE 5.0 :: Product Documentation :: Developing an Operating System :: Build System :: Build System Migration :: Device Driver and BSP Updater
2	Windows CE 5.0 :: Product Documentation :: Developing an Operating System :: Build System :: Catalog Item Management
2	Windows CE 5.0 :: Product Documentation :: Developing an Operating System :: Build System :: Catalog Item Management :: Catalog Item Dependencies
2	Windows CE 5.0 :: Product Documentation :: Developing an Operating System :: Build System :: Catalog Item Management :: Driver Dependencies
6	Windows CE 5.0 :: Product Documentation :: Developing an Operating System :: Build System :: Environment Variables
1	Windows CE 5.0 :: Product Documentation :: Developing an Operating System :: Build System :: OS Design Configuration Files :: Run-Time Image Configuration Files
30	Windows CE 5.0 :: Product Documentation :: Developing an Operating System :: Build System :: OS Design Configuration Files :: Run-Time Image Configuration Files :: Binary Image Builder File :: CONFIG Section
1	Windows CE 5.0 :: Product Documentation :: Developing an Operating System :: Build System :: OS Design Configuration Files :: Run-Time Image Configuration Files :: Binary Image Builder File :: MEMORY Section
2	Windows CE 5.0 :: Product Documentation :: Developing an Operating System :: Build System :: OS Design Configuration Files :: Run-Time Image Configuration Files :: File System File
1	Windows CE 5.0 :: Product Documentation :: Developing an Operating System :: Build System :: OS Design Configuration Files :: Run-Time Image Configuration Files :: Registry File
3	Windows CE 5.0 :: Product Documentation :: Developing an Operating System :: Build System :: OS Design Configuration Files :: Source Code Configuration Files
4	Windows CE 5.0 :: Product Documentation :: Developing an Operating System :: Build System :: OS Design Configuration Files :: Source Code Configuration Files :: Dirs File
45	Windows CE 5.0 :: Product Documentation :: Developing an Operating System :: Build System :: OS Design Configuration Files :: Source Code Configuration Files :: Sources File
2	Windows CE 5.0 :: Product Documentation :: Developing an Operating System :: Build System :: Run-Time Image Files
3	Windows CE 5.0 :: Product Documentation :: Developing an Operating System :: Build System :: Sysgen Variables
3	Windows CE 5.0 :: Product Documentation :: Developing an Operating System :: Build System :: Workspace Creation
1	Windows CE 5.0 :: Product Documentation :: Developing an Operating System :: Building and Downloading a Run-Time Image
1	Windows CE 5.0 :: Product Documentation :: Developing an Operating System :: Building and Downloading a Run-Time Image :: Run-Time Image Build Process
1	Windows CE 5.0 :: Product Documentation :: Developing an Operating System :: Building and Downloading a Run-Time Image :: Run-Time Image Build Process :: Build Configurations
1	Windows CE 5.0 :: Product Documentation :: Developing an Operating System :: Building and Downloading a Run-Time Image :: Run-Time Image Build Process :: Build Error Debugging Process
4	Windows CE 5.0 :: Product Documentation :: Developing an Operating System :: Building and Downloading a Run-Time Image :: Run-Time Image Build Process :: Build Phases
10	Windows CE 5.0 :: Product Documentation :: Developing an Operating System :: Building and Downloading a Run-Time Image :: Run-Time Image Build Process :: Build Tasks
2	Windows CE 5.0 :: Product Documentation :: Developing an Operating System :: Building and Downloading a Run-Time Image :: Run-Time Image Build Process :: How to Determine the Contents of a Run-Time Image
5	Windows CE 5.0 :: Product Documentation :: Developing an Operating System :: Building and Downloading a Run-Time Image :: Run-Time Image Downloading Process
3	Windows CE 5.0 :: Product Documentation :: Developing an Operating System :: Building and Downloading a Run-Time Image :: Run-Time Image Downloading Process :: Run-Time Image Download Considerations
11	Windows CE 5.0 :: Product Documentation :: Developing an Operating System :: Creating an OS Design with the New Platform Wizard
10	Windows CE 5.0 :: Product Documentation :: Developing an Operating System :: Creating an OS Design with the New Platform Wizard :: Design Template Selection
1	Windows CE 5.0 :: Product Documentation :: Developing an Operating System :: How to Create a Windows CE OS Design
1	Windows CE 5.0 :: Product Documentation :: Developing an Operating System :: How to Migrate a Windows CE .NET 4.2 OS Design to Windows CE 5.0
2	Windows CE 5.0 :: Product Documentation :: Developing an Operating System :: Modifying an OS Design
4	Windows CE 5.0 :: Product Documentation :: Developing an Operating System :: Modifying an OS Design :: Adding to an OS Design
5	Windows CE 5.0 :: Product Documentation :: Developing an Operating System :: Modifying an OS Design :: Adding to an OS Design :: Adding Catalog Items to an OS Design
2	Windows CE 5.0 :: Product Documentation :: Developing an Operating System :: Modifying an OS Design :: Adding to an OS Design :: Adding a Project to an OS Design
1	Windows CE 5.0 :: Product Documentation :: Developing an Operating System :: Modifying an OS Design :: Adding to an OS Design :: Adding a Run-Time File to an OS Design
7	Windows CE 5.0 :: Product Documentation :: Developing an Operating System :: Modifying an OS Design :: Creating a Project
1	Windows CE 5.0 :: Product Documentation :: Developing an Operating System :: Modifying an OS Design :: Developing OS Design Elements
4	Windows CE 5.0 :: Product Documentation :: Developing an Operating System :: Modifying an OS Design :: Developing OS Design Elements :: How to Add a Media File to a Run-time Image
2	Windows CE 5.0 :: Product Documentation :: Developing an Operating System :: Modifying an OS Design :: Developing OS Design Elements :: How to Replace the Network UI for a Target Device
4	Windows CE 5.0 :: Product Documentation :: Developing an Operating System :: Modifying an OS Design :: Developing OS Design Elements :: How to Replace the Network UI for a Target Device :: Functions Exported by the Network UI
14	Windows CE 5.0 :: Product Documentation :: Developing an Operating System :: Modifying an OS Design :: Developing OS Design Elements :: How to Set Up a Wireless Network with a Security Infrastructure
2	Windows CE 5.0 :: Product Documentation :: Developing an Operating System :: Modifying an OS Design :: Developing OS Design Elements :: How to Set Up a Wireless Network with a Security Infrastructure :: Configuring the Wireless Access Points for a Network with a Security Infrastructure
13	Windows CE 5.0 :: Product Documentation :: Developing an Operating System :: Modifying an OS Design :: Developing OS Design Elements :: How to Set Up an 802.1x Network and Connect to It with a CEPC
4	Windows CE 5.0 :: Product Documentation :: Developing an Operating System :: Modifying an OS Design :: Developing OS Design Elements :: How to Set Up an 802.1x Network and Connect to It with a CEPC :: Testing Wireless Connectivity
2	Windows CE 5.0 :: Product Documentation :: Developing an Operating System :: Modifying an OS Design :: Developing OS Design Elements :: Troubleshooting: Performance Insufficient
10	Windows CE 5.0 :: Product Documentation :: Developing an Operating System :: Modifying an OS Design :: Enhancing the Security of a Device
3	Windows CE 5.0 :: Product Documentation :: Developing an Operating System :: Modifying an OS Design :: Enhancing the Security of a Device :: Trusted Environment Creation
2	Windows CE 5.0 :: Product Documentation :: Developing an Operating System :: Modifying an OS Design :: Enhancing the Security of a Device :: Trusted Environment Creation :: Signature Creation
3	Windows CE 5.0 :: Product Documentation :: Developing an Operating System :: Modifying an OS Design :: How to Add a Device Driver to the Catalog
4	Windows CE 5.0 :: Product Documentation :: Developing an Operating System :: Modifying an OS Design :: How to Add an Application to the Catalog
1	Windows CE 5.0 :: Product Documentation :: Developing an Operating System :: Modifying an OS Design :: How to Configure the Registry to Run an Application at Startup
7	Windows CE 5.0 :: Product Documentation :: Developing an Operating System :: Modifying an OS Design :: OS Localization
1	Windows CE 5.0 :: Product Documentation :: Developing an Operating System :: Modifying an OS Design :: OS Localization :: Configuring the NLS Table
1	Windows CE 5.0 :: Product Documentation :: Developing an Operating System :: Modifying an OS Design :: OS Localization :: Run-time Image Configuration File Localization
6	Windows CE 5.0 :: Product Documentation :: Developing an Operating System :: Modifying an OS Design :: Platform Settings
2	Windows CE 5.0 :: Product Documentation :: Developing an Operating System :: Modifying an OS Design :: Transport Layer Development
6	Windows CE 5.0 :: Product Documentation :: Developing an Operating System :: Modifying an OS Design :: Using Shared Source Code in an OS Design
1	Windows CE 5.0 :: Product Documentation :: Developing an Operating System :: Modifying an OS Design :: Using Shared Source Code in an OS Design :: Building a Run-Time Image Using Modified Shared Source Code
4	Windows CE 5.0 :: Product Documentation :: Developing an Operating System :: SDK Development
1	Windows CE 5.0 :: Product Documentation :: Developing an Operating System :: SDK Development :: Development Language Selection for an SDK
2	Windows CE 5.0 :: Product Documentation :: Developing an Operating System :: SDK Development :: How to Create an SDK for an OS Design
1	Windows CE 5.0 :: Product Documentation :: Developing an Operating System :: SDK Development :: How to Create an SDK for an OS Design :: Choosing the Configuration that the SDK Supports
1	Windows CE 5.0 :: Product Documentation :: Developing an Operating System :: SDK Development :: How to Create an SDK for an OS Design :: Configuring an SDK
1	Windows CE 5.0 :: Product Documentation :: Developing an Operating System :: SDK Development :: How to Create an SDK for an OS Design :: Custom Help Files
2	Windows CE 5.0 :: Product Documentation :: Developing an Operating System :: SDK Development :: How to Create an SDK for an OS Design :: Custom Transport Layer Additions to an SDK
2	Windows CE 5.0 :: Product Documentation :: Developing an Operating System :: SDK Development :: How to Create an SDK for an OS Design :: Emulator Support for an SDK
1	Windows CE 5.0 :: Product Documentation :: Developing an Operating System :: SDK Development :: How to Create an SDK for an OS Design :: OEM End User License Agreement
2	Windows CE 5.0 :: Product Documentation :: Developing an Operating System :: SDK Development :: How to Create an SDK for an OS Design :: Startup Server Additions to an SDK
3	Windows CE 5.0 :: Product Documentation :: Developing an Operating System :: SDK Development :: How to Create an SDK for an OS Design :: User-defined Files in an SDK
3	Windows CE 5.0 :: Product Documentation :: Developing an Operating System :: SDK Development :: SDK Installation and Product Properties
7	Windows CE 5.0 :: Product Documentation :: Developing an Operating System :: Windows CE Modules and Components
31	Windows CE 5.0 :: Product Documentation :: Developing an Operating System :: Windows CE Modules and Components :: Common Windows CE Modules
1	Windows CE 5.0 :: Product Documentation :: Developing an Operating System :: Windows CE Modules and Components :: Speech Modules
8	Windows CE 5.0 :: Product Documentation :: Developing an Operating System :: Windows CE Modules and Components :: directx Modules
2	Windows CE 5.0 :: Product Documentation :: Developing an Operating System :: Windows CE Modules and Components :: ie Modules
4	Windows CE 5.0 :: Product Documentation :: Developing an Operating System :: Windows CE Modules and Components :: ie Modules :: msxml3 Module
1	Windows CE 5.0 :: Product Documentation :: Developing an Operating System :: Windows CE Modules and Components :: rdp Modules
3	Windows CE 5.0 :: Product Documentation :: Developing an Operating System :: Windows CE Modules and Components :: servers Modules
2	Windows CE 5.0 :: Product Documentation :: Developing an Operating System :: Windows CE Modules and Components :: servers Modules :: httpd Module
1	Windows CE 5.0 :: Product Documentation :: Developing an Operating System :: Windows CE Modules and Components :: servers Modules :: msmq Modules
3	Windows CE 5.0 :: Product Documentation :: Developing an Operating System :: Windows CE Modules and Components :: wceshellfe Modules
5	Windows CE 5.0 :: Product Documentation :: Migrating from an Earlier Version of Windows CE
2	Windows CE 5.0 :: Product Documentation :: Migrating from an Earlier Version of Windows CE :: Migrating Windows CE OS Functionality
3	Windows CE 5.0 :: Product Documentation :: Migrating from an Earlier Version of Windows CE :: Version-Specific Migration Information
7	Windows CE 5.0 :: Product Documentation :: Platform Builder User's Guide :: Build System Tools
1	Windows CE 5.0 :: Product Documentation :: Platform Builder User's Guide :: Build System Tools :: Cesysgen Batch File
2	Windows CE 5.0 :: Product Documentation :: Platform Builder User's Guide :: Build System Tools :: Make Binary Image Tool
1	Windows CE 5.0 :: Product Documentation :: Platform Builder User's Guide :: Build System Tools :: Nmake Tool
3	Windows CE 5.0 :: Product Documentation :: Platform Builder User's Guide :: Build System Tools :: Nmake Tool :: Commands in a .mak File
2	Windows CE 5.0 :: Product Documentation :: Platform Builder User's Guide :: Build System Tools :: Nmake Tool :: Description Blocks
6	Windows CE 5.0 :: Product Documentation :: Platform Builder User's Guide :: Build System Tools :: Nmake Tool :: Inference Rules
2	Windows CE 5.0 :: Product Documentation :: Platform Builder User's Guide :: Build System Tools :: Nmake Tool :: Macros and Nmake.exe
1	Windows CE 5.0 :: Product Documentation :: Platform Builder User's Guide :: Build System Tools :: Nmake Tool :: Preprocessing Using a .mak File
1	Windows CE 5.0 :: Product Documentation :: Platform Builder User's Guide :: Build System Tools :: Romimage
1	Windows CE 5.0 :: Product Documentation :: Platform Builder User's Guide :: Build System Tools :: Set Environment Variable Tool
5	Windows CE 5.0 :: Product Documentation :: Platform Builder User's Guide :: Build System Tools :: fMerge Tool
1	Windows CE 5.0 :: Product Documentation :: Platform Builder User's Guide :: Catalog Overview
11	Windows CE 5.0 :: Product Documentation :: Platform Builder User's Guide :: Catalog Overview :: Catalog Customization
5	Windows CE 5.0 :: Product Documentation :: Platform Builder User's Guide :: Catalog Overview :: Catalog Customization :: Catalog Item Files
5	Windows CE 5.0 :: Product Documentation :: Platform Builder User's Guide :: Catalog Overview :: Catalog Customization :: How to Edit .cec Files Using a Text Editor
1	Windows CE 5.0 :: Product Documentation :: Platform Builder User's Guide :: Compilers for Microprocessors :: ARM Technology Guide
2	Windows CE 5.0 :: Product Documentation :: Platform Builder User's Guide :: Compilers for Microprocessors :: ARM Technology Guide :: ARM Calling Sequence Specification
3	Windows CE 5.0 :: Product Documentation :: Platform Builder User's Guide :: Compilers for Microprocessors :: ARM Technology Guide :: ARM Calling Sequence Specification :: ARM Assembler
8	Windows CE 5.0 :: Product Documentation :: Platform Builder User's Guide :: Compilers for Microprocessors :: ARM Technology Guide :: ARM Calling Sequence Specification :: ARM Assembler :: ARM Assembler Directives
1	Windows CE 5.0 :: Product Documentation :: Platform Builder User's Guide :: Compilers for Microprocessors :: ARM Technology Guide :: ARM Calling Sequence Specification :: ARM Assembler :: ARM Assembler Directives :: ARM Initialization and Layout Directives
5	Windows CE 5.0 :: Product Documentation :: Platform Builder User's Guide :: Compilers for Microprocessors :: ARM Technology Guide :: ARM Calling Sequence Specification :: ARM Assembler :: ARM Assembler Error Messages
4	Windows CE 5.0 :: Product Documentation :: Platform Builder User's Guide :: Compilers for Microprocessors :: ARM Technology Guide :: ARM Calling Sequence Specification :: ARM Prolog and Epilog
9	Windows CE 5.0 :: Product Documentation :: Platform Builder User's Guide :: Compilers for Microprocessors :: ARM Technology Guide :: ARM Calling Sequence Specification :: ARM Prolog and Epilog :: ARM Assembler Macros
3	Windows CE 5.0 :: Product Documentation :: Platform Builder User's Guide :: Compilers for Microprocessors :: ARM Technology Guide :: ARM Calling Sequence Specification :: THUMB-enabled ARM Implementation
3	Windows CE 5.0 :: Product Documentation :: Platform Builder User's Guide :: Compilers for Microprocessors :: ARM Technology Guide :: ARM Calling Sequence Specification :: THUMB-enabled ARM Implementation :: Declspecs
6	Windows CE 5.0 :: Product Documentation :: Platform Builder User's Guide :: Compilers for Microprocessors :: ARM Technology Guide :: ARM Compiler Options
3	Windows CE 5.0 :: Product Documentation :: Platform Builder User's Guide :: Compilers for Microprocessors :: ARM Technology Guide :: Intrinsic Functions for ARM Microprocessors
35	Windows CE 5.0 :: Product Documentation :: Platform Builder User's Guide :: Compilers for Microprocessors :: ARM Technology Guide :: Intrinsic Functions for ARM Microprocessors :: ARM Intrinsic Function Reference
1	Windows CE 5.0 :: Product Documentation :: Platform Builder User's Guide :: Compilers for Microprocessors :: About Supported Microprocessors
2	Windows CE 5.0 :: Product Documentation :: Platform Builder User's Guide :: Compilers for Microprocessors :: Compiler and Linker Build Options
2	Windows CE 5.0 :: Product Documentation :: Platform Builder User's Guide :: Compilers for Microprocessors :: Compiler and Linker Build Options :: Compiler Options
79	Windows CE 5.0 :: Product Documentation :: Platform Builder User's Guide :: Compilers for Microprocessors :: Compiler and Linker Build Options :: Compiler Options :: Compiler Option Reference
1	Windows CE 5.0 :: Product Documentation :: Platform Builder User's Guide :: Compilers for Microprocessors :: Compiler and Linker Build Options :: Compiler Options :: Compiler Option Reference :: /YX - Automate Precompiled Header
1	Windows CE 5.0 :: Product Documentation :: Platform Builder User's Guide :: Compilers for Microprocessors :: Compiler and Linker Build Options :: Compiler Options :: Compiler Option Reference :: /Ze - Enable Language Extensions
2	Windows CE 5.0 :: Product Documentation :: Platform Builder User's Guide :: Compilers for Microprocessors :: Compiler and Linker Build Options :: Compiler-generated Decorated Function Names
1	Windows CE 5.0 :: Product Documentation :: Platform Builder User's Guide :: Compilers for Microprocessors :: Compiler and Linker Build Options :: Environment Variables for CL.exe and Link.exe
4	Windows CE 5.0 :: Product Documentation :: Platform Builder User's Guide :: Compilers for Microprocessors :: Compiler and Linker Build Options :: Linker Options
52	Windows CE 5.0 :: Product Documentation :: Platform Builder User's Guide :: Compilers for Microprocessors :: Compiler and Linker Build Options :: Linker Options :: Linker Reference
23	Windows CE 5.0 :: Product Documentation :: Platform Builder User's Guide :: Compilers for Microprocessors :: Error Messages :: Build Errors :: BSCMAKE Errors BK1500 through BK4503
12	Windows CE 5.0 :: Product Documentation :: Platform Builder User's Guide :: Compilers for Microprocessors :: Error Messages :: Build Errors :: C Run-Time Errors R6002 through R6025
29	Windows CE 5.0 :: Product Documentation :: Platform Builder User's Guide :: Compilers for Microprocessors :: Error Messages :: Build Errors :: CVPACK Errors CK1001 Through CK4010
23	Windows CE 5.0 :: Product Documentation :: Platform Builder User's Guide :: Compilers for Microprocessors :: Error Messages :: Build Errors :: Command-Line Errors D2000 Through D4028
92	Windows CE 5.0 :: Product Documentation :: Platform Builder User's Guide :: Compilers for Microprocessors :: Error Messages :: Build Errors :: Compiler Errors C2001 through C2099
96	Windows CE 5.0 :: Product Documentation :: Platform Builder User's Guide :: Compilers for Microprocessors :: Error Messages :: Build Errors :: Compiler Errors C2100 through C2199
87	Windows CE 5.0 :: Product Documentation :: Platform Builder User's Guide :: Compilers for Microprocessors :: Error Messages :: Build Errors :: Compiler Errors C2200 through C2299
70	Windows CE 5.0 :: Product Documentation :: Platform Builder User's Guide :: Compilers for Microprocessors :: Error Messages :: Build Errors :: Compiler Errors C2300 Through C2398
90	Windows CE 5.0 :: Product Documentation :: Platform Builder User's Guide :: Compilers for Microprocessors :: Error Messages :: Build Errors :: Compiler Errors C2400 Through C2499
99	Windows CE 5.0 :: Product Documentation :: Platform Builder User's Guide :: Compilers for Microprocessors :: Error Messages :: Build Errors :: Compiler Errors C2500 Through C2599
82	Windows CE 5.0 :: Product Documentation :: Platform Builder User's Guide :: Compilers for Microprocessors :: Error Messages :: Build Errors :: Compiler Errors C2600 Through C2699
63	Windows CE 5.0 :: Product Documentation :: Platform Builder User's Guide :: Compilers for Microprocessors :: Error Messages :: Build Errors :: Compiler Errors C2700 Through C2799
75	Windows CE 5.0 :: Product Documentation :: Platform Builder User's Guide :: Compilers for Microprocessors :: Error Messages :: Build Errors :: Compiler Errors C2800 Through C2899
157	Windows CE 5.0 :: Product Documentation :: Platform Builder User's Guide :: Compilers for Microprocessors :: Error Messages :: Build Errors :: Compiler Errors C2900 Through C3401
112	Windows CE 5.0 :: Product Documentation :: Platform Builder User's Guide :: Compilers for Microprocessors :: Error Messages :: Build Errors :: Compiler Fatal Errors C999 through C1999
94	Windows CE 5.0 :: Product Documentation :: Platform Builder User's Guide :: Compilers for Microprocessors :: Error Messages :: Build Errors :: Compiler Warnings C4001 Through C4099
81	Windows CE 5.0 :: Product Documentation :: Platform Builder User's Guide :: Compilers for Microprocessors :: Error Messages :: Build Errors :: Compiler Warnings C4100 Through C4192
145	Windows CE 5.0 :: Product Documentation :: Platform Builder User's Guide :: Compilers for Microprocessors :: Error Messages :: Build Errors :: Compiler Warnings C4200 Through C4584
83	Windows CE 5.0 :: Product Documentation :: Platform Builder User's Guide :: Compilers for Microprocessors :: Error Messages :: Build Errors :: Compiler Warnings C4610 Through C4999
69	Windows CE 5.0 :: Product Documentation :: Platform Builder User's Guide :: Compilers for Microprocessors :: Error Messages :: Build Errors :: Expression Evaluator Errors CXX0000 Through CXX0072
214	Windows CE 5.0 :: Product Documentation :: Platform Builder User's Guide :: Compilers for Microprocessors :: Error Messages :: Build Errors :: Linker Tools Errors and Warnings
14	Windows CE 5.0 :: Product Documentation :: Platform Builder User's Guide :: Compilers for Microprocessors :: Error Messages :: Build Errors :: Math Errors M6101 through M6205
89	Windows CE 5.0 :: Product Documentation :: Platform Builder User's Guide :: Compilers for Microprocessors :: Error Messages :: Build Errors :: NMAKE Errors U1000 through U4011
183	Windows CE 5.0 :: Product Documentation :: Platform Builder User's Guide :: Compilers for Microprocessors :: Error Messages :: Resource Compiler Errors
10	Windows CE 5.0 :: Product Documentation :: Platform Builder User's Guide :: Compilers for Microprocessors :: Error Messages :: Resource Compiler Errors :: CVTRES Errors CVT1100 Through CVT4001
14	Windows CE 5.0 :: Product Documentation :: Platform Builder User's Guide :: Compilers for Microprocessors :: MIPS Technology Guide :: Intrinsic Functions for MIPS Microprocessors
1	Windows CE 5.0 :: Product Documentation :: Platform Builder User's Guide :: Compilers for Microprocessors :: MIPS Technology Guide :: MIPS Calling Sequence Specification
1	Windows CE 5.0 :: Product Documentation :: Platform Builder User's Guide :: Compilers for Microprocessors :: MIPS Technology Guide :: MIPS Calling Sequence Specification :: MIPS Assembler
5	Windows CE 5.0 :: Product Documentation :: Platform Builder User's Guide :: Compilers for Microprocessors :: MIPS Technology Guide :: MIPS Calling Sequence Specification :: MIPS Assembler :: MIPS Assembler Error Messages
2	Windows CE 5.0 :: Product Documentation :: Platform Builder User's Guide :: Compilers for Microprocessors :: MIPS Technology Guide :: MIPS Calling Sequence Specification :: MIPS Assembler :: MIPS Inline Assembly Language
2	Windows CE 5.0 :: Product Documentation :: Platform Builder User's Guide :: Compilers for Microprocessors :: MIPS Technology Guide :: MIPS Calling Sequence Specification :: MIPS Prolog and Epilog
5	Windows CE 5.0 :: Product Documentation :: Platform Builder User's Guide :: Compilers for Microprocessors :: MIPS Technology Guide :: MIPS Calling Sequence Specification :: MIPS Prolog and Epilog :: MIPS Assembler Macros
1	Windows CE 5.0 :: Product Documentation :: Platform Builder User's Guide :: Compilers for Microprocessors :: MIPS Technology Guide :: MIPS Calling Sequence Specification :: MIPS Stack Frame Layout
5	Windows CE 5.0 :: Product Documentation :: Platform Builder User's Guide :: Compilers for Microprocessors :: MIPS Technology Guide :: MIPS Compiler Options
1	Windows CE 5.0 :: Product Documentation :: Platform Builder User's Guide :: Compilers for Microprocessors :: PREfast Analysis Tool
2	Windows CE 5.0 :: Product Documentation :: Platform Builder User's Guide :: Compilers for Microprocessors :: PREfast Analysis Tool :: Defect Log User Interface
2	Windows CE 5.0 :: Product Documentation :: Platform Builder User's Guide :: Compilers for Microprocessors :: PREfast Analysis Tool :: Defect Log User Interface :: Filtering the Message List Window
129	Windows CE 5.0 :: Product Documentation :: Platform Builder User's Guide :: Compilers for Microprocessors :: PREfast Analysis Tool :: PREfast Warning Message Reference :: PREfast Warnings by Number
6	Windows CE 5.0 :: Product Documentation :: Platform Builder User's Guide :: Compilers for Microprocessors :: PREfast Analysis Tool :: PREfast Warning Message Reference :: Warnings by Category
1	Windows CE 5.0 :: Product Documentation :: Platform Builder User's Guide :: Compilers for Microprocessors :: PREfast Analysis Tool :: Running PREfast
4	Windows CE 5.0 :: Product Documentation :: Platform Builder User's Guide :: Compilers for Microprocessors :: PREfast Analysis Tool :: Running PREfast :: PREfast Commands
14	Windows CE 5.0 :: Product Documentation :: Platform Builder User's Guide :: Compilers for Microprocessors :: Renesas Technology Guide :: Intrinsic Functions for Renesas Microprocessors
3	Windows CE 5.0 :: Product Documentation :: Platform Builder User's Guide :: Compilers for Microprocessors :: Renesas Technology Guide :: Renesas Compiler Options
2	Windows CE 5.0 :: Product Documentation :: Platform Builder User's Guide :: Compilers for Microprocessors :: Renesas Technology Guide :: SH-4 Calling Sequence Specification
3	Windows CE 5.0 :: Product Documentation :: Platform Builder User's Guide :: Compilers for Microprocessors :: Renesas Technology Guide :: SH-4 Calling Sequence Specification :: SH-4 Inline Assembly Language
5	Windows CE 5.0 :: Product Documentation :: Platform Builder User's Guide :: Compilers for Microprocessors :: Renesas Technology Guide :: SH-4 Calling Sequence Specification :: SH-4 Inline Assembly Language :: Elements of the SH-4 __asm Block
3	Windows CE 5.0 :: Product Documentation :: Platform Builder User's Guide :: Compilers for Microprocessors :: Renesas Technology Guide :: SH-4 Calling Sequence Specification :: SH-4 Prolog and Epilog
10	Windows CE 5.0 :: Product Documentation :: Platform Builder User's Guide :: Compilers for Microprocessors :: Renesas Technology Guide :: SH-4 Calling Sequence Specification :: SH-4 Prolog and Epilog :: SH-4 Assembler Macros
2	Windows CE 5.0 :: Product Documentation :: Platform Builder User's Guide :: Compilers for Microprocessors :: Renesas Technology Guide :: SH-4 Calling Sequence Specification :: SH-4 Series Assembler
1	Windows CE 5.0 :: Product Documentation :: Platform Builder User's Guide :: Compilers for Microprocessors :: Renesas Technology Guide :: SH-4 Calling Sequence Specification :: SH-4 Series Assembler :: SH-4 Assembler Command-line Options
8	Windows CE 5.0 :: Product Documentation :: Platform Builder User's Guide :: Compilers for Microprocessors :: Renesas Technology Guide :: SH-4 Calling Sequence Specification :: SH-4 Series Assembler :: SH-4 Assembler Directives
3	Windows CE 5.0 :: Product Documentation :: Platform Builder User's Guide :: Compilers for Microprocessors :: Renesas Technology Guide :: SH-4 Calling Sequence Specification :: SH-4 Series Assembler :: SH-4 Assembler Directives :: SH-4 Assembler Listing Directives
8	Windows CE 5.0 :: Product Documentation :: Platform Builder User's Guide :: Compilers for Microprocessors :: Renesas Technology Guide :: SH-4 Calling Sequence Specification :: SH-4 Series Assembler :: SH-4 Assembler Error Messages
1	Windows CE 5.0 :: Product Documentation :: Platform Builder User's Guide :: Compilers for Microprocessors :: Windows CE Compilers
4	Windows CE 5.0 :: Product Documentation :: Platform Builder User's Guide :: Compilers for Microprocessors :: Windows CE Compilers :: Common Intrinsic Functions
31	Windows CE 5.0 :: Product Documentation :: Platform Builder User's Guide :: Compilers for Microprocessors :: Windows CE Compilers :: Common Intrinsic Functions :: Common Intrinsic Function Reference
4	Windows CE 5.0 :: Product Documentation :: Platform Builder User's Guide :: Compilers for Microprocessors :: Windows CE Compilers :: Common Intrinsic Functions :: Macros for Common Intrinsics
1	Windows CE 5.0 :: Product Documentation :: Platform Builder User's Guide :: Compilers for Microprocessors :: Windows CE Compilers :: Exception Handling for Windows CE
1	Windows CE 5.0 :: Product Documentation :: Platform Builder User's Guide :: Compilers for Microprocessors :: Windows CE Compilers :: Exception Handling for Windows CE :: Exception Handling for Embedded Visual C++
1	Windows CE 5.0 :: Product Documentation :: Platform Builder User's Guide :: Compilers for Microprocessors :: Windows CE Compilers :: Exception Handling for Windows CE :: Exception-Handler Syntax
2	Windows CE 5.0 :: Product Documentation :: Platform Builder User's Guide :: Compilers for Microprocessors :: Windows CE Compilers :: Exception Handling for Windows CE :: Structured Exception Handling in Windows CE
3	Windows CE 5.0 :: Product Documentation :: Platform Builder User's Guide :: Compilers for Microprocessors :: Windows CE Compilers :: Exception Handling for Windows CE :: Structured Exception Handling in Windows CE :: PDATA Structures
4	Windows CE 5.0 :: Product Documentation :: Platform Builder User's Guide :: Compilers for Microprocessors :: Windows CE Compilers :: Exception Handling for Windows CE :: Structured Exception Handling in Windows CE :: SEH in RISC Environments
1	Windows CE 5.0 :: Product Documentation :: Platform Builder User's Guide :: Compilers for Microprocessors :: Windows CE Compilers :: Microsoft-Specific Modifiers
9	Windows CE 5.0 :: Product Documentation :: Platform Builder User's Guide :: Compilers for Microprocessors :: Windows CE Compilers :: Microsoft-Specific Modifiers :: __declspec
2	Windows CE 5.0 :: Product Documentation :: Platform Builder User's Guide :: Compilers for Microprocessors :: Windows CE Compilers :: Microsoft-Specific Modifiers :: __declspec :: align
1	Windows CE 5.0 :: Product Documentation :: Platform Builder User's Guide :: Compilers for Microprocessors :: Windows CE Compilers :: Microsoft-Specific Modifiers :: __declspec :: dllexport, dllimport
3	Windows CE 5.0 :: Product Documentation :: Platform Builder User's Guide :: Compilers for Microprocessors :: Windows CE Compilers :: Windows CE Compiler Overview
5	Windows CE 5.0 :: Product Documentation :: Platform Builder User's Guide :: Compilers for Microprocessors :: Windows CE Compilers :: Windows CE Compiler Overview :: What's New in Supported Compilers
6	Windows CE 5.0 :: Product Documentation :: Platform Builder User's Guide :: Compilers for Microprocessors :: Windows CE Compilers :: Working with Data Alignment Issues
54	Windows CE 5.0 :: Product Documentation :: Platform Builder User's Guide :: Context-Sensitive Help
1	Windows CE 5.0 :: Product Documentation :: Platform Builder User's Guide :: Context-Sensitive Help :: Accelerator Editor Window
2	Windows CE 5.0 :: Product Documentation :: Platform Builder User's Guide :: Context-Sensitive Help :: Binary Editor Window
8	Windows CE 5.0 :: Product Documentation :: Platform Builder User's Guide :: Context-Sensitive Help :: Browse Source Windows
2	Windows CE 5.0 :: Product Documentation :: Platform Builder User's Guide :: Context-Sensitive Help :: Catalog Properties Dialog Box
1	Windows CE 5.0 :: Product Documentation :: Platform Builder User's Guide :: Context-Sensitive Help :: Configurations Dialog Box
1	Windows CE 5.0 :: Product Documentation :: Platform Builder User's Guide :: Context-Sensitive Help :: Cursor Editor Window
5	Windows CE 5.0 :: Product Documentation :: Platform Builder User's Guide :: Context-Sensitive Help :: Customize Dialog Box
9	Windows CE 5.0 :: Product Documentation :: Platform Builder User's Guide :: Context-Sensitive Help :: Debug Windows
3	Windows CE 5.0 :: Product Documentation :: Platform Builder User's Guide :: Context-Sensitive Help :: Debug Windows :: Advanced Memory Window
1	Windows CE 5.0 :: Product Documentation :: Platform Builder User's Guide :: Context-Sensitive Help :: Debug Windows :: Breakpoints List Window
1	Windows CE 5.0 :: Product Documentation :: Platform Builder User's Guide :: Context-Sensitive Help :: Debug Windows :: Variables Window
5	Windows CE 5.0 :: Product Documentation :: Platform Builder User's Guide :: Context-Sensitive Help :: Dialog Editor Window
1	Windows CE 5.0 :: Product Documentation :: Platform Builder User's Guide :: Context-Sensitive Help :: Icon Editor Window
3	Windows CE 5.0 :: Product Documentation :: Platform Builder User's Guide :: Context-Sensitive Help :: Image Editor Window
1	Windows CE 5.0 :: Product Documentation :: Platform Builder User's Guide :: Context-Sensitive Help :: Insert Resource Dialog Box :: Insert Resource: New Custom Resource Dialog Box
3	Windows CE 5.0 :: Product Documentation :: Platform Builder User's Guide :: Context-Sensitive Help :: Menu Editor Window
6	Windows CE 5.0 :: Product Documentation :: Platform Builder User's Guide :: Context-Sensitive Help :: New Breakpoint Dialog Box
2	Windows CE 5.0 :: Product Documentation :: Platform Builder User's Guide :: Context-Sensitive Help :: New Dialog Box
1	Windows CE 5.0 :: Product Documentation :: Platform Builder User's Guide :: Context-Sensitive Help :: New Folder Dialog Box
9	Windows CE 5.0 :: Product Documentation :: Platform Builder User's Guide :: Context-Sensitive Help :: Options Dialog Box
6	Windows CE 5.0 :: Product Documentation :: Platform Builder User's Guide :: Context-Sensitive Help :: Platform Settings Dialog Box
5	Windows CE 5.0 :: Product Documentation :: Platform Builder User's Guide :: Context-Sensitive Help :: Project Settings Dialog Box
2	Windows CE 5.0 :: Product Documentation :: Platform Builder User's Guide :: Context-Sensitive Help :: Resource Symbols Dialog Box
10	Windows CE 5.0 :: Product Documentation :: Platform Builder User's Guide :: Context-Sensitive Help :: SDK Settings Dialog Box
1	Windows CE 5.0 :: Product Documentation :: Platform Builder User's Guide :: Context-Sensitive Help :: SDK Settings Dialog Box :: SDK Settings Dialog Box: Startup Servers Tab
1	Windows CE 5.0 :: Product Documentation :: Platform Builder User's Guide :: Context-Sensitive Help :: SDK Settings Dialog Box :: SDK Settings Dialog Box: Transports Tab
1	Windows CE 5.0 :: Product Documentation :: Platform Builder User's Guide :: Context-Sensitive Help :: String Table Editor Window
9	Windows CE 5.0 :: Product Documentation :: Platform Builder User's Guide :: Context-Sensitive Help :: Target Device Connectivity Options Dialog Box
1	Windows CE 5.0 :: Product Documentation :: Platform Builder User's Guide :: Context-Sensitive Help :: Toolbar Editor Window
5	Windows CE 5.0 :: Product Documentation :: Platform Builder User's Guide :: Context-Sensitive Help :: Workspace Window
3	Windows CE 5.0 :: Product Documentation :: Platform Builder User's Guide :: Platform Builder Directory Structure :: Run-Time Image and OS Directories
3	Windows CE 5.0 :: Product Documentation :: Platform Builder User's Guide :: Platform Builder Directory Structure :: Run-Time Image and OS Directories :: Platform Directory :: %_TGTPLAT% Directory
2	Windows CE 5.0 :: Product Documentation :: Platform Builder User's Guide :: Platform Builder Directory Structure :: Run-Time Image and OS Directories :: Public Directory
1	Windows CE 5.0 :: Product Documentation :: Platform Builder User's Guide :: Platform Builder Directory Structure :: Run-Time Image and OS Directories :: Public Directory :: Public CEBASE Directory
4	Windows CE 5.0 :: Product Documentation :: Platform Builder User's Guide :: Platform Builder Directory Structure :: Run-Time Image and OS Directories :: Public Directory :: Public Common Directory
3	Windows CE 5.0 :: Product Documentation :: Platform Builder User's Guide :: Platform Builder Directory Structure :: Run-Time Image and OS Directories :: Public Directory :: Public DCOM Directory
3	Windows CE 5.0 :: Product Documentation :: Platform Builder User's Guide :: Platform Builder Directory Structure :: Run-Time Image and OS Directories :: Public Directory :: Public Datasync Directory
3	Windows CE 5.0 :: Product Documentation :: Platform Builder User's Guide :: Platform Builder Directory Structure :: Run-Time Image and OS Directories :: Public Directory :: Public DirectX Directory
3	Windows CE 5.0 :: Product Documentation :: Platform Builder User's Guide :: Platform Builder Directory Structure :: Run-Time Image and OS Directories :: Public Directory :: Public IE Directory
2	Windows CE 5.0 :: Product Documentation :: Platform Builder User's Guide :: Platform Builder Directory Structure :: Run-Time Image and OS Directories :: Public Directory :: Public Netcf Directory
2	Windows CE 5.0 :: Product Documentation :: Platform Builder User's Guide :: Platform Builder Directory Structure :: Run-Time Image and OS Directories :: Public Directory :: Public RDP Directory
2	Windows CE 5.0 :: Product Documentation :: Platform Builder User's Guide :: Platform Builder Directory Structure :: Run-Time Image and OS Directories :: Public Directory :: Public SQLCE Directory
2	Windows CE 5.0 :: Product Documentation :: Platform Builder User's Guide :: Platform Builder Directory Structure :: Run-Time Image and OS Directories :: Public Directory :: Public Script Directory
3	Windows CE 5.0 :: Product Documentation :: Platform Builder User's Guide :: Platform Builder Directory Structure :: Run-Time Image and OS Directories :: Public Directory :: Public Servers Directory
2	Windows CE 5.0 :: Product Documentation :: Platform Builder User's Guide :: Platform Builder Directory Structure :: Run-Time Image and OS Directories :: Public Directory :: Public Shell Directory
3	Windows CE 5.0 :: Product Documentation :: Platform Builder User's Guide :: Platform Builder Directory Structure :: Run-Time Image and OS Directories :: Public Directory :: Public Shellsdk Directory
3	Windows CE 5.0 :: Product Documentation :: Platform Builder User's Guide :: Platform Builder Directory Structure :: Run-Time Image and OS Directories :: Public Directory :: Public Speech Directory
2	Windows CE 5.0 :: Product Documentation :: Platform Builder User's Guide :: Platform Builder Directory Structure :: Run-Time Image and OS Directories :: Public Directory :: Public Viewers Directory
3	Windows CE 5.0 :: Product Documentation :: Platform Builder User's Guide :: Platform Builder Directory Structure :: Run-Time Image and OS Directories :: Public Directory :: Public VoIP Directory
2	Windows CE 5.0 :: Product Documentation :: Platform Builder User's Guide :: Platform Builder Directory Structure :: Run-Time Image and OS Directories :: Public Directory :: Public Wceappsfe Directory
2	Windows CE 5.0 :: Product Documentation :: Platform Builder User's Guide :: Platform Builder Directory Structure :: Run-Time Image and OS Directories :: Public Directory :: Public Wceshellfe Directory
2	Windows CE 5.0 :: Product Documentation :: Platform Builder User's Guide :: Platform Builder Directory Structure :: Shared Source Code Directories
6	Windows CE 5.0 :: Product Documentation :: Platform Builder User's Guide :: Platform Builder Directory Structure :: Shared Source Code Directories :: Shared Source Others Directory
1	Windows CE 5.0 :: Product Documentation :: Platform Builder User's Guide :: Platform Builder Directory Structure :: Shared Source Code Directories :: Shared Source Private Directory
6	Windows CE 5.0 :: Product Documentation :: Platform Builder User's Guide :: Platform Builder Directory Structure :: Shared Source Code Directories :: Shared Source Private Directory :: Private Servers Directory
2	Windows CE 5.0 :: Product Documentation :: Platform Builder User's Guide :: Platform Builder Directory Structure :: Shared Source Code Directories :: Shared Source Private Directory :: Private Winceos Directory
7	Windows CE 5.0 :: Product Documentation :: Platform Builder User's Guide :: Platform Builder Directory Structure :: Shared Source Code Directories :: Shared Source Public Directory
1	Windows CE 5.0 :: Product Documentation :: Platform Builder User's Guide :: Platform Builder Directory Structure :: Shared Source Code Directories :: Shared Source Public Directory :: Shared Source Public Common Directory
5	Windows CE 5.0 :: Product Documentation :: Platform Builder User's Guide :: Platform Builder Directory Structure :: Shared Source Code Directories :: Shared Source Public Directory :: Shared Source Public Common Directory :: Shared Source Public Common OAK Directory
1	Windows CE 5.0 :: Product Documentation :: Platform Builder User's Guide :: Platform Builder Directory Structure :: Shared Source Code Directories :: Shared Source Public Directory :: Shared Source Public DCOM Directory
1	Windows CE 5.0 :: Product Documentation :: Platform Builder User's Guide :: Platform Builder Directory Structure :: Shared Source Code Directories :: Shared Source Public Directory :: Shared Source Public Datasync Directory
2	Windows CE 5.0 :: Product Documentation :: Platform Builder User's Guide :: Platform Builder Directory Structure :: Shared Source Code Directories :: Shared Source Public Directory :: Shared Source Public DirectX Directory
1	Windows CE 5.0 :: Product Documentation :: Platform Builder User's Guide :: Platform Builder Directory Structure :: Shared Source Code Directories :: Shared Source Public Directory :: Shared Source Public RDP Directory
3	Windows CE 5.0 :: Product Documentation :: Platform Builder User's Guide :: Platform Builder Directory Structure :: Shared Source Code Directories :: Shared Source Public Directory :: Shared Source Public Servers Directory
1	Windows CE 5.0 :: Product Documentation :: Platform Builder User's Guide :: Platform Builder Directory Structure :: Shared Source Code Directories :: Shared Source Public Directory :: Shared Source Public Speech Directory
1	Windows CE 5.0 :: Product Documentation :: Platform Builder User's Guide :: Platform Builder Directory Structure :: Shared Source Code Directories :: Shared Source Public Directory :: Shared Source Public Wceshellfe Directory
1	Windows CE 5.0 :: Product Documentation :: Platform Builder User's Guide :: Platform Builder IDE :: Add-in Reference :: Add-in Events
4	Windows CE 5.0 :: Product Documentation :: Platform Builder User's Guide :: Platform Builder IDE :: Add-in Reference :: Add-in Interfaces :: IApplication
2	Windows CE 5.0 :: Product Documentation :: Platform Builder User's Guide :: Platform Builder IDE :: Add-in Reference :: Add-in Interfaces :: IDSAddIn
3	Windows CE 5.0 :: Product Documentation :: Platform Builder User's Guide :: Platform Builder IDE :: Macros and Add-ins
4	Windows CE 5.0 :: Product Documentation :: Platform Builder User's Guide :: Platform Builder IDE :: Macros and Add-ins :: Add-in Connection and Disconnection
3	Windows CE 5.0 :: Product Documentation :: Platform Builder User's Guide :: Platform Builder IDE :: Macros and Add-ins :: Add-in Implementation
2	Windows CE 5.0 :: Product Documentation :: Platform Builder User's Guide :: Platform Builder IDE :: Macros and Add-ins :: Add-in Wizard Results
14	Windows CE 5.0 :: Product Documentation :: Platform Builder User's Guide :: Platform Builder IDE :: Macros and Add-ins :: Macro Implementation
4	Windows CE 5.0 :: Product Documentation :: Platform Builder User's Guide :: Platform Builder IDE :: Macros and Add-ins :: New Commands and Toolbar Buttons
1	Windows CE 5.0 :: Product Documentation :: Platform Builder User's Guide :: Platform Builder IDE :: Platform Builder User Interface
10	Windows CE 5.0 :: Product Documentation :: Platform Builder User's Guide :: Platform Builder IDE :: Platform Builder User Interface :: Menu Descriptions
1	Windows CE 5.0 :: Product Documentation :: Platform Builder User's Guide :: Platform Builder IDE :: Platform Builder User Interface :: Menu Descriptions :: Build OS Menu Options
1	Windows CE 5.0 :: Product Documentation :: Platform Builder User's Guide :: Platform Builder IDE :: Platform Builder User Interface :: Menu Descriptions :: Build Project Menu Options
4	Windows CE 5.0 :: Product Documentation :: Platform Builder User's Guide :: Platform Builder IDE :: Platform Builder User Interface :: Shortcut Keys
7	Windows CE 5.0 :: Product Documentation :: Platform Builder User's Guide :: Platform Builder IDE :: Platform Builder User Interface :: Toolbars and Menus
5	Windows CE 5.0 :: Product Documentation :: Platform Builder User's Guide :: Platform Builder IDE :: Platform Builder User Interface :: Toolbars and Menus :: Menu Customization on Toolbars
9	Windows CE 5.0 :: Product Documentation :: Platform Builder User's Guide :: Platform Builder IDE :: Platform Builder User Interface :: Toolbars and Menus :: Menu and Menu Item Customization
8	Windows CE 5.0 :: Product Documentation :: Platform Builder User's Guide :: Platform Builder IDE :: Platform Builder User Interface :: Toolbars and Menus :: Toolbar Button and Menu Command Customization
9	Windows CE 5.0 :: Product Documentation :: Platform Builder User's Guide :: Platform Builder IDE :: Platform Builder User Interface :: Toolbars and Menus :: Toolbar Creation and Customization
2	Windows CE 5.0 :: Product Documentation :: Platform Builder User's Guide :: Platform Builder IDE :: Platform Builder User Interface :: Toolbars and Menus :: Toolbar Docking and Floating
4	Windows CE 5.0 :: Product Documentation :: Platform Builder User's Guide :: Platform Builder IDE :: Platform Builder User Interface :: Toolbars and Menus :: Tools Menu Customization
1	Windows CE 5.0 :: Product Documentation :: Platform Builder User's Guide :: Platform Builder IDE :: Platform Builder User Interface :: Windows and Document Views
14	Windows CE 5.0 :: Product Documentation :: Platform Builder User's Guide :: Platform Builder IDE :: Platform Builder User Interface :: Windows and Document Views :: Document Windows
6	Windows CE 5.0 :: Product Documentation :: Platform Builder User's Guide :: Platform Builder IDE :: Platform Builder User Interface :: Windows and Document Views :: Windows in Floating or Docked Mode
6	Windows CE 5.0 :: Product Documentation :: Platform Builder User's Guide :: Platform Builder IDE :: Platform Builder Wizards
6	Windows CE 5.0 :: Product Documentation :: Platform Builder User's Guide :: Platform Builder IDE :: Projects
3	Windows CE 5.0 :: Product Documentation :: Platform Builder User's Guide :: Platform Builder IDE :: Projects :: Build Process Customization
4	Windows CE 5.0 :: Product Documentation :: Platform Builder User's Guide :: Platform Builder IDE :: Projects :: Class Management
7	Windows CE 5.0 :: Product Documentation :: Platform Builder User's Guide :: Platform Builder IDE :: Projects :: Class Management :: WizardBar Toolbar
3	Windows CE 5.0 :: Product Documentation :: Platform Builder User's Guide :: Platform Builder IDE :: Projects :: Project File Management
1	Windows CE 5.0 :: Product Documentation :: Platform Builder User's Guide :: Platform Builder IDE :: Projects :: Subprojects
4	Windows CE 5.0 :: Product Documentation :: Platform Builder User's Guide :: Platform Builder IDE :: Resources and Resource Editors
6	Windows CE 5.0 :: Product Documentation :: Platform Builder User's Guide :: Platform Builder IDE :: Resources and Resource Editors :: Accelerator Editor
3	Windows CE 5.0 :: Product Documentation :: Platform Builder User's Guide :: Platform Builder IDE :: Resources and Resource Editors :: Binary Editor
2	Windows CE 5.0 :: Product Documentation :: Platform Builder User's Guide :: Platform Builder IDE :: Resources and Resource Editors :: Dialog Editor
5	Windows CE 5.0 :: Product Documentation :: Platform Builder User's Guide :: Platform Builder IDE :: Resources and Resource Editors :: Dialog Editor :: Control Aligning with a Dialog Box
2	Windows CE 5.0 :: Product Documentation :: Platform Builder User's Guide :: Platform Builder IDE :: Resources and Resource Editors :: Dialog Editor :: Control Selection
5	Windows CE 5.0 :: Product Documentation :: Platform Builder User's Guide :: Platform Builder IDE :: Resources and Resource Editors :: Dialog Editor :: Dialog Box Controls
4	Windows CE 5.0 :: Product Documentation :: Platform Builder User's Guide :: Platform Builder IDE :: Resources and Resource Editors :: Dialog Editor :: Dialog Box Editing
1	Windows CE 5.0 :: Product Documentation :: Platform Builder User's Guide :: Platform Builder IDE :: Resources and Resource Editors :: Dialog Editor :: Dialog Box Testing
11	Windows CE 5.0 :: Product Documentation :: Platform Builder User's Guide :: Platform Builder IDE :: Resources and Resource Editors :: Dialog Editor :: Guides and Layout Grids
4	Windows CE 5.0 :: Product Documentation :: Platform Builder User's Guide :: Platform Builder IDE :: Resources and Resource Editors :: Dialog Editor :: Individual Control Sizing
1	Windows CE 5.0 :: Product Documentation :: Platform Builder User's Guide :: Platform Builder IDE :: Resources and Resource Editors :: Graphics Editor
8	Windows CE 5.0 :: Product Documentation :: Platform Builder User's Guide :: Platform Builder IDE :: Resources and Resource Editors :: Graphics Editor :: Color Customization
4	Windows CE 5.0 :: Product Documentation :: Platform Builder User's Guide :: Platform Builder IDE :: Resources and Resource Editors :: Graphics Editor :: Custom Brush Creation
2	Windows CE 5.0 :: Product Documentation :: Platform Builder User's Guide :: Platform Builder IDE :: Resources and Resource Editors :: Graphics Editor :: Drawing and Erasing Tools
3	Windows CE 5.0 :: Product Documentation :: Platform Builder User's Guide :: Platform Builder IDE :: Resources and Resource Editors :: Graphics Editor :: Graphic Property Modification
6	Windows CE 5.0 :: Product Documentation :: Platform Builder User's Guide :: Platform Builder IDE :: Resources and Resource Editors :: Graphics Editor :: Graphic Resizing and Rotating
8	Windows CE 5.0 :: Product Documentation :: Platform Builder User's Guide :: Platform Builder IDE :: Resources and Resource Editors :: Graphics Editor :: Graphic Selection and Editing
4	Windows CE 5.0 :: Product Documentation :: Platform Builder User's Guide :: Platform Builder IDE :: Resources and Resource Editors :: Graphics Editor :: Graphics Editor Workspace
2	Windows CE 5.0 :: Product Documentation :: Platform Builder User's Guide :: Platform Builder IDE :: Resources and Resource Editors :: Graphics Editor :: Line and Closed Figure Drawing
4	Windows CE 5.0 :: Product Documentation :: Platform Builder User's Guide :: Platform Builder IDE :: Resources and Resource Editors :: HTML Resources
7	Windows CE 5.0 :: Product Documentation :: Platform Builder User's Guide :: Platform Builder IDE :: Resources and Resource Editors :: Menu Editor
3	Windows CE 5.0 :: Product Documentation :: Platform Builder User's Guide :: Platform Builder IDE :: Resources and Resource Editors :: Resource Template
8	Windows CE 5.0 :: Product Documentation :: Platform Builder User's Guide :: Platform Builder IDE :: Resources and Resource Editors :: Resources
9	Windows CE 5.0 :: Product Documentation :: Platform Builder User's Guide :: Platform Builder IDE :: Resources and Resource Editors :: String Editor
3	Windows CE 5.0 :: Product Documentation :: Platform Builder User's Guide :: Platform Builder IDE :: Resources and Resource Editors :: Toolbar Editor
8	Windows CE 5.0 :: Product Documentation :: Platform Builder User's Guide :: Platform Builder IDE :: Resources and Resource Editors :: Toolbar Editor :: Toolbar Button Operations
4	Windows CE 5.0 :: Product Documentation :: Platform Builder User's Guide :: Platform Builder IDE :: Resources and Resource Editors :: Version Information Editor
4	Windows CE 5.0 :: Product Documentation :: Platform Builder User's Guide :: Platform Builder IDE :: Source Code Control
2	Windows CE 5.0 :: Product Documentation :: Platform Builder User's Guide :: Platform Builder IDE :: Source Code Control :: File Checkin and Checkout
11	Windows CE 5.0 :: Product Documentation :: Platform Builder User's Guide :: Platform Builder IDE :: Text Editor :: BRIEF Emulation Command Quick Reference
19	Windows CE 5.0 :: Product Documentation :: Platform Builder User's Guide :: Platform Builder IDE :: Text Editor :: Epsilon Emulation Command Quick Reference
9	Windows CE 5.0 :: Product Documentation :: Platform Builder User's Guide :: Platform Builder IDE :: Text Editor :: File Management
6	Windows CE 5.0 :: Product Documentation :: Platform Builder User's Guide :: Platform Builder IDE :: Text Editor :: File Navigation :: Bookmarks
1	Windows CE 5.0 :: Product Documentation :: Platform Builder User's Guide :: Platform Builder IDE :: Text Editor :: File Navigation :: Conditional Statement Matching
3	Windows CE 5.0 :: Product Documentation :: Platform Builder User's Guide :: Platform Builder IDE :: Text Editor :: File Navigation :: Delimiter Matching
1	Windows CE 5.0 :: Product Documentation :: Platform Builder User's Guide :: Platform Builder IDE :: Text Editor :: File Navigation :: Go To Dialog Box Options
1	Windows CE 5.0 :: Product Documentation :: Platform Builder User's Guide :: Platform Builder IDE :: Text Editor :: File Navigation :: Virtual Space
1	Windows CE 5.0 :: Product Documentation :: Platform Builder User's Guide :: Platform Builder IDE :: Text Editor :: IntelliSense Options :: Code Comment Viewing
4	Windows CE 5.0 :: Product Documentation :: Platform Builder User's Guide :: Platform Builder IDE :: Text Editor :: IntelliSense Options :: IntelliSense Option Modification
2	Windows CE 5.0 :: Product Documentation :: Platform Builder User's Guide :: Platform Builder IDE :: Text Editor :: IntelliSense Options :: Members List Viewing
1	Windows CE 5.0 :: Product Documentation :: Platform Builder User's Guide :: Platform Builder IDE :: Text Editor :: IntelliSense Options :: Parameter List Viewing for a Function
2	Windows CE 5.0 :: Product Documentation :: Platform Builder User's Guide :: Platform Builder IDE :: Text Editor :: IntelliSense Options :: Variable Type Viewing
1	Windows CE 5.0 :: Product Documentation :: Platform Builder User's Guide :: Platform Builder IDE :: Text Editor :: IntelliSense Options :: Variable or Function Name Automatic Completion
1	Windows CE 5.0 :: Product Documentation :: Platform Builder User's Guide :: Platform Builder IDE :: Text Editor :: IntelliSense Options :: When IntelliSense Is Unavailable
4	Windows CE 5.0 :: Product Documentation :: Platform Builder User's Guide :: Platform Builder IDE :: Text Editor :: Syntax Coloring
11	Windows CE 5.0 :: Product Documentation :: Platform Builder User's Guide :: Platform Builder IDE :: Text Editor :: Text Editing
10	Windows CE 5.0 :: Product Documentation :: Platform Builder User's Guide :: Platform Builder IDE :: Text Editor :: Text Editor Command Quick Reference
1	Windows CE 5.0 :: Product Documentation :: Platform Builder User's Guide :: Platform Builder IDE :: Text Editor :: Text Editor Customization :: Font Style, Size, and Color
1	Windows CE 5.0 :: Product Documentation :: Platform Builder User's Guide :: Platform Builder IDE :: Text Editor :: Text Editor Customization :: Preferences for Saving Files
2	Windows CE 5.0 :: Product Documentation :: Platform Builder User's Guide :: Platform Builder IDE :: Text Editor :: Text Editor Customization :: Selection Margin
6	Windows CE 5.0 :: Product Documentation :: Platform Builder User's Guide :: Platform Builder IDE :: Text Editor :: Text Editor Customization :: Tabs and Indents
2	Windows CE 5.0 :: Product Documentation :: Platform Builder User's Guide :: Platform Builder IDE :: Text Editor :: Text Editor Emulation
10	Windows CE 5.0 :: Product Documentation :: Platform Builder User's Guide :: Platform Builder IDE :: Text Editor :: Text Search Methods
8	Windows CE 5.0 :: Product Documentation :: Platform Builder User's Guide :: Platform Builder IDE :: Workspaces
14	Windows CE 5.0 :: Product Documentation :: Platform Builder User's Guide :: Utilities
1	Windows CE 5.0 :: Product Documentation :: Platform Builder User's Guide :: Utilities :: CAB Wizard
13	Windows CE 5.0 :: Product Documentation :: Platform Builder User's Guide :: Utilities :: CAB Wizard :: Information File
3	Windows CE 5.0 :: Product Documentation :: Platform Builder User's Guide :: Utilities :: CAB Wizard :: Information File :: DefaultInstall
1	Windows CE 5.0 :: Product Documentation :: Platform Builder User's Guide :: Utilities :: CAB Wizard :: Information File :: Device-Side Application Installation Options
2	Windows CE 5.0 :: Product Documentation :: Platform Builder User's Guide :: Utilities :: Command-Line Tool Commands
1	Windows CE 5.0 :: Product Documentation :: Platform Builder User's Guide :: Utilities :: Cvrtbin Tool
2	Windows CE 5.0 :: Product Documentation :: Platform Builder User's Guide :: Utilities :: DUMPBIN Tool
19	Windows CE 5.0 :: Product Documentation :: Platform Builder User's Guide :: Utilities :: DUMPBIN Tool :: DUMPBIN Options
1	Windows CE 5.0 :: Product Documentation :: Platform Builder User's Guide :: Utilities :: Guidgen Tool
2	Windows CE 5.0 :: Product Documentation :: Platform Builder User's Guide :: Utilities :: Load CEPC Tool
1	Windows CE 5.0 :: Product Documentation :: Platform Builder User's Guide :: Utilities :: Sysgen Capture Tool
2	Windows CE 5.0 :: Product Documentation :: Platform Builder User's Guide :: Utilities :: Target Control Debugging
8	Windows CE 5.0 :: Product Documentation :: Platform Builder User's Guide :: Utilities :: Target Control Debugging :: Target Control Debugging Commands
1	Windows CE 5.0 :: Product Documentation :: Platform Builder User's Guide :: Utilities :: Target Control Debugging :: Target Control Debugging Commands :: Target Control Debugging: gi Command
1	Windows CE 5.0 :: Product Documentation :: Samples
5	Windows CE 5.0 :: Product Documentation :: Welcome to Windows CE 5.0
4	Windows CE 5.0 :: Product Documentation :: Welcome to Windows CE 5.0 :: Getting Assistance
2	Windows CE 5.0 :: Product Documentation :: Welcome to Windows CE 5.0 :: Getting Assistance :: Help Filters
9	Windows CE 5.0 :: Product Documentation :: Welcome to Windows CE 5.0 :: Tutorials :: Tutorial: Building a Run-Time Image for a CEPC
8	Windows CE 5.0 :: Product Documentation :: Welcome to Windows CE 5.0 :: Tutorials :: Tutorial: Building a Run-Time Image for the Emulator
8	Windows CE 5.0 :: Product Documentation :: Welcome to Windows CE 5.0 :: Tutorials :: Tutorial: Creating a Catalog Item and Adding It to an OS Design
1	Windows CE 5.0 :: Product Documentation :: Windows CE Features :: Applications - End User
3	Windows CE 5.0 :: Product Documentation :: Windows CE Features :: Applications - End User :: ActiveSync
2	Windows CE 5.0 :: Product Documentation :: Windows CE Features :: Applications - End User :: ActiveSync :: ActiveSync Application Development
4	Windows CE 5.0 :: Product Documentation :: Windows CE Features :: Applications - End User :: ActiveSync :: ActiveSync Application Development :: ActiveSync Programming Overview
4	Windows CE 5.0 :: Product Documentation :: Windows CE Features :: Applications - End User :: ActiveSync :: ActiveSync Application Development :: Creating the ActiveSync Service Provider
7	Windows CE 5.0 :: Product Documentation :: Windows CE Features :: Applications - End User :: ActiveSync :: ActiveSync Application Development :: Creating the ActiveSync Service Provider :: Developing the Desktop Provider
1	Windows CE 5.0 :: Product Documentation :: Windows CE Features :: Applications - End User :: ActiveSync :: ActiveSync Application Development :: Creating the ActiveSync Service Provider :: Developing the Desktop Provider :: Sending and Receiving Changed Objects
1	Windows CE 5.0 :: Product Documentation :: Windows CE Features :: Applications - End User :: ActiveSync :: ActiveSync Application Development :: Creating the ActiveSync Service Provider :: Implementing the Desktop Interfaces
3	Windows CE 5.0 :: Product Documentation :: Windows CE Features :: Applications - End User :: ActiveSync :: ActiveSync Application Development :: Creating the ActiveSync Service Provider :: Implementing the Desktop Interfaces :: Developing the Device Provider
4	Windows CE 5.0 :: Product Documentation :: Windows CE Features :: Applications - End User :: ActiveSync :: ActiveSync Application Development :: Design Guidelines for ActiveSync Synchronization Service Providers
4	Windows CE 5.0 :: Product Documentation :: Windows CE Features :: Applications - End User :: ActiveSync :: ActiveSync Application Development :: Design Guidelines for ActiveSync Synchronization Service Providers :: Handling Sync and Initialization Errors
1	Windows CE 5.0 :: Product Documentation :: Windows CE Features :: Applications - End User :: ActiveSync :: ActiveSync Application Development :: Design Guidelines for ActiveSync Synchronization Service Providers :: Implementing a Service Provider
3	Windows CE 5.0 :: Product Documentation :: Windows CE Features :: Applications - End User :: ActiveSync :: ActiveSync Application Development :: Design Guidelines for ActiveSync Synchronization Service Providers :: Supporting User Settings
5	Windows CE 5.0 :: Product Documentation :: Windows CE Features :: Applications - End User :: ActiveSync :: ActiveSync Application Development :: Managing Connection Notification, File Converters, and Partnerships :: Converting File Formats
1	Windows CE 5.0 :: Product Documentation :: Windows CE Features :: Applications - End User :: ActiveSync :: ActiveSync Application Development :: Managing Connection Notification, File Converters, and Partnerships :: Converting File Formats :: Implementing and Using a File Filter
3	Windows CE 5.0 :: Product Documentation :: Windows CE Features :: Applications - End User :: ActiveSync :: ActiveSync Application Development :: Managing Connection Notification, File Converters, and Partnerships :: Handling Connection Notification
2	Windows CE 5.0 :: Product Documentation :: Windows CE Features :: Applications - End User :: ActiveSync :: ActiveSync Application Development :: Managing Connection Notification, File Converters, and Partnerships :: Using the CEUTIL Helper DLL for ActiveSync
1	Windows CE 5.0 :: Product Documentation :: Windows CE Features :: Applications - End User :: ActiveSync :: ActiveSync OS Design Development
2	Windows CE 5.0 :: Product Documentation :: Windows CE Features :: Applications - End User :: ActiveSync :: ActiveSync Reference :: ActiveSync Enumerations
27	Windows CE 5.0 :: Product Documentation :: Windows CE Features :: Applications - End User :: ActiveSync :: ActiveSync Reference :: ActiveSync Functions
3	Windows CE 5.0 :: Product Documentation :: Windows CE Features :: Applications - End User :: ActiveSync :: ActiveSync Reference :: ActiveSync Interfaces :: ICeFileFilter
1	Windows CE 5.0 :: Product Documentation :: Windows CE Features :: Applications - End User :: ActiveSync :: ActiveSync Reference :: ActiveSync Interfaces :: ICeFileFilterOptions
6	Windows CE 5.0 :: Product Documentation :: Windows CE Features :: Applications - End User :: ActiveSync :: ActiveSync Reference :: ActiveSync Interfaces :: ICeFileFilterSite
5	Windows CE 5.0 :: Product Documentation :: Windows CE Features :: Applications - End User :: ActiveSync :: ActiveSync Reference :: ActiveSync Interfaces :: IEnumReplItem
3	Windows CE 5.0 :: Product Documentation :: Windows CE Features :: Applications - End User :: ActiveSync :: ActiveSync Reference :: ActiveSync Interfaces :: IPegasusFileFilter
6	Windows CE 5.0 :: Product Documentation :: Windows CE Features :: Applications - End User :: ActiveSync :: ActiveSync Reference :: ActiveSync Interfaces :: IPegasusFileFilterSite
5	Windows CE 5.0 :: Product Documentation :: Windows CE Features :: Applications - End User :: ActiveSync :: ActiveSync Reference :: ActiveSync Interfaces :: IReplNotify
5	Windows CE 5.0 :: Product Documentation :: Windows CE Features :: Applications - End User :: ActiveSync :: ActiveSync Reference :: ActiveSync Interfaces :: IReplObjHandler
22	Windows CE 5.0 :: Product Documentation :: Windows CE Features :: Applications - End User :: ActiveSync :: ActiveSync Reference :: ActiveSync Interfaces :: IReplStore
19	Windows CE 5.0 :: Product Documentation :: Windows CE Features :: Applications - End User :: ActiveSync :: ActiveSync Reference :: ActiveSync Structures
3	Windows CE 5.0 :: Product Documentation :: Windows CE Features :: Applications - End User :: ActiveSync :: ActiveSync Registry Settings
4	Windows CE 5.0 :: Product Documentation :: Windows CE Features :: Applications - End User :: ActiveSync :: Remote Application Programming Interface (RAPI) Reference :: RAPI Enumerations
79	Windows CE 5.0 :: Product Documentation :: Windows CE Features :: Applications - End User :: ActiveSync :: Remote Application Programming Interface (RAPI) Reference :: RAPI Functions
2	Windows CE 5.0 :: Product Documentation :: Windows CE Features :: Applications - End User :: ActiveSync :: Remote Application Programming Interface (RAPI) Reference :: RAPI Interfaces :: IRAPIStream
7	Windows CE 5.0 :: Product Documentation :: Windows CE Features :: Applications - End User :: ActiveSync :: Remote Application Programming Interface (RAPI) Reference :: RAPI Structures
2	Windows CE 5.0 :: Product Documentation :: Windows CE Features :: Applications - End User :: File Viewers
1	Windows CE 5.0 :: Product Documentation :: Windows CE Features :: Applications - End User :: File Viewers :: File Viewers OS Design Development
6	Windows CE 5.0 :: Product Documentation :: Windows CE Features :: Applications - End User :: Remote Desktop Protocol
3	Windows CE 5.0 :: Product Documentation :: Windows CE Features :: Applications - End User :: Remote Desktop Protocol :: RDP Application Development
5	Windows CE 5.0 :: Product Documentation :: Windows CE Features :: Applications - End User :: Remote Desktop Protocol :: RDP Application Development :: Implementing Virtual Channels
2	Windows CE 5.0 :: Product Documentation :: Windows CE Features :: Applications - End User :: Remote Desktop Protocol :: RDP Application Development :: Terminal Services Programming Guidelines
3	Windows CE 5.0 :: Product Documentation :: Windows CE Features :: Applications - End User :: Remote Desktop Protocol :: RDP Migration
3	Windows CE 5.0 :: Product Documentation :: Windows CE Features :: Applications - End User :: Remote Desktop Protocol :: RDP OS Design Development
1	Windows CE 5.0 :: Product Documentation :: Windows CE Features :: Applications - End User :: Remote Desktop Protocol :: RDP OS Design Development :: Windows CE Terminal Services Client (CETSC)
14	Windows CE 5.0 :: Product Documentation :: Windows CE Features :: Applications - End User :: Remote Desktop Protocol :: RDP Reference :: RDP Functions
4	Windows CE 5.0 :: Product Documentation :: Windows CE Features :: Applications - End User :: Remote Desktop Protocol :: RDP Reference :: RDP Structures
5	Windows CE 5.0 :: Product Documentation :: Windows CE Features :: Applications - End User :: Remote Desktop Protocol :: RDP Reference :: Remote Desktop ActiveX Control Interface :: IMsRdpClient
1	Windows CE 5.0 :: Product Documentation :: Windows CE Features :: Applications - End User :: Remote Desktop Protocol :: RDP Reference :: Remote Desktop ActiveX Control Interface :: IMsRdpClientAdvancedSettings
5	Windows CE 5.0 :: Product Documentation :: Windows CE Features :: Applications - End User :: Remote Desktop Protocol :: RDP Reference :: Remote Desktop ActiveX Control Interface :: IMsRdpClientAdvancedSettings :: IMsRdpClientAdvancedSettings Property Descriptions
2	Windows CE 5.0 :: Product Documentation :: Windows CE Features :: Applications - End User :: Remote Desktop Protocol :: RDP Reference :: Remote Desktop ActiveX Control Interface :: IMsRdpClientNonScriptable
1	Windows CE 5.0 :: Product Documentation :: Windows CE Features :: Applications - End User :: Remote Desktop Protocol :: RDP Reference :: Remote Desktop ActiveX Control Interface :: IMsRdpClientSecuredSettings
14	Windows CE 5.0 :: Product Documentation :: Windows CE Features :: Applications - End User :: Remote Desktop Protocol :: RDP Reference :: Remote Desktop ActiveX Control Interface :: IMsTscAdvancedSettings
23	Windows CE 5.0 :: Product Documentation :: Windows CE Features :: Applications - End User :: Remote Desktop Protocol :: RDP Reference :: Remote Desktop ActiveX Control Interface :: IMsTscAx
9	Windows CE 5.0 :: Product Documentation :: Windows CE Features :: Applications - End User :: Remote Desktop Protocol :: RDP Reference :: Remote Desktop ActiveX Control Interface :: IMsTscAxEvents
10	Windows CE 5.0 :: Product Documentation :: Windows CE Features :: Applications - End User :: Remote Desktop Protocol :: RDP Reference :: Remote Desktop ActiveX Control Interface :: IMsTscNonScriptable
4	Windows CE 5.0 :: Product Documentation :: Windows CE Features :: Applications - End User :: Remote Desktop Protocol :: RDP Reference :: Remote Desktop ActiveX Control Interface :: IMsTscSecuredSettings
1	Windows CE 5.0 :: Product Documentation :: Windows CE Features :: Applications - End User :: User Help
4	Windows CE 5.0 :: Product Documentation :: Windows CE Features :: Applications - End User :: User Help :: User Help Application Development
3	Windows CE 5.0 :: Product Documentation :: Windows CE Features :: Applications - End User :: Windows Messenger
2	Windows CE 5.0 :: Product Documentation :: Windows CE Features :: Applications - End User :: Windows Messenger :: Windows Messenger OS Design Development
1	Windows CE 5.0 :: Product Documentation :: Windows CE Features :: Applications and Services Development
2	Windows CE 5.0 :: Product Documentation :: Windows CE Features :: Applications and Services Development :: .NET Compact Framework
2	Windows CE 5.0 :: Product Documentation :: Windows CE Features :: Applications and Services Development :: Component Services (COM and DCOM)
11	Windows CE 5.0 :: Product Documentation :: Windows CE Features :: Applications and Services Development :: Component Services (COM and DCOM) :: COM and DCOM Application Development
7	Windows CE 5.0 :: Product Documentation :: Windows CE Features :: Applications and Services Development :: Component Services (COM and DCOM) :: COM and DCOM Application Development :: Automation
2	Windows CE 5.0 :: Product Documentation :: Windows CE Features :: Applications and Services Development :: Component Services (COM and DCOM) :: COM and DCOM Reference :: Automation Reference :: Automation Data Types
7	Windows CE 5.0 :: Product Documentation :: Windows CE Features :: Applications and Services Development :: Component Services (COM and DCOM) :: COM and DCOM Reference :: Automation Reference :: Automation Enumerations
157	Windows CE 5.0 :: Product Documentation :: Windows CE Features :: Applications and Services Development :: Component Services (COM and DCOM) :: COM and DCOM Reference :: Automation Reference :: Automation Functions
5	Windows CE 5.0 :: Product Documentation :: Windows CE Features :: Applications and Services Development :: Component Services (COM and DCOM) :: COM and DCOM Reference :: Automation Reference :: Automation Interfaces :: ICreateErrorInfo
21	Windows CE 5.0 :: Product Documentation :: Windows CE Features :: Applications and Services Development :: Component Services (COM and DCOM) :: COM and DCOM Reference :: Automation Reference :: Automation Interfaces :: ICreateTypeInfo
14	Windows CE 5.0 :: Product Documentation :: Windows CE Features :: Applications and Services Development :: Component Services (COM and DCOM) :: COM and DCOM Reference :: Automation Reference :: Automation Interfaces :: ICreateTypeInfo2
8	Windows CE 5.0 :: Product Documentation :: Windows CE Features :: Applications and Services Development :: Component Services (COM and DCOM) :: COM and DCOM Reference :: Automation Reference :: Automation Interfaces :: ICreateTypeLib
4	Windows CE 5.0 :: Product Documentation :: Windows CE Features :: Applications and Services Development :: Component Services (COM and DCOM) :: COM and DCOM Reference :: Automation Reference :: Automation Interfaces :: ICreateTypeLib2
5	Windows CE 5.0 :: Product Documentation :: Windows CE Features :: Applications and Services Development :: Component Services (COM and DCOM) :: COM and DCOM Reference :: Automation Reference :: Automation Interfaces :: IDispatch
4	Windows CE 5.0 :: Product Documentation :: Windows CE Features :: Applications and Services Development :: Component Services (COM and DCOM) :: COM and DCOM Reference :: Automation Reference :: Automation Interfaces :: IEnumVARIANT
5	Windows CE 5.0 :: Product Documentation :: Windows CE Features :: Applications and Services Development :: Component Services (COM and DCOM) :: COM and DCOM Reference :: Automation Reference :: Automation Interfaces :: IErrorInfo
1	Windows CE 5.0 :: Product Documentation :: Windows CE Features :: Applications and Services Development :: Component Services (COM and DCOM) :: COM and DCOM Reference :: Automation Reference :: Automation Interfaces :: ISupportErrorInfo
2	Windows CE 5.0 :: Product Documentation :: Windows CE Features :: Applications and Services Development :: Component Services (COM and DCOM) :: COM and DCOM Reference :: Automation Reference :: Automation Interfaces :: ITypeComp
19	Windows CE 5.0 :: Product Documentation :: Windows CE Features :: Applications and Services Development :: Component Services (COM and DCOM) :: COM and DCOM Reference :: Automation Reference :: Automation Interfaces :: ITypeInfo
15	Windows CE 5.0 :: Product Documentation :: Windows CE Features :: Applications and Services Development :: Component Services (COM and DCOM) :: COM and DCOM Reference :: Automation Reference :: Automation Interfaces :: ITypeInfo2
10	Windows CE 5.0 :: Product Documentation :: Windows CE Features :: Applications and Services Development :: Component Services (COM and DCOM) :: COM and DCOM Reference :: Automation Reference :: Automation Interfaces :: ITypeLib
4	Windows CE 5.0 :: Product Documentation :: Windows CE Features :: Applications and Services Development :: Component Services (COM and DCOM) :: COM and DCOM Reference :: Automation Reference :: Automation Interfaces :: ITypeLib2
20	Windows CE 5.0 :: Product Documentation :: Windows CE Features :: Applications and Services Development :: Component Services (COM and DCOM) :: COM and DCOM Reference :: Automation Reference :: Automation Structures
91	Windows CE 5.0 :: Product Documentation :: Windows CE Features :: Applications and Services Development :: Component Services (COM and DCOM) :: COM and DCOM Reference :: COM Reference :: COM Functions
1	Windows CE 5.0 :: Product Documentation :: Windows CE Features :: Applications and Services Development :: Component Services (COM and DCOM) :: COM and DCOM Reference :: COM Reference :: COM Interfaces
6	Windows CE 5.0 :: Product Documentation :: Windows CE Features :: Applications and Services Development :: Component Services (COM and DCOM) :: COM and DCOM Reference :: COM Reference :: COM Interfaces :: IAccessControl
10	Windows CE 5.0 :: Product Documentation :: Windows CE Features :: Applications and Services Development :: Component Services (COM and DCOM) :: COM and DCOM Reference :: COM Reference :: COM Interfaces :: IBindCtx
6	Windows CE 5.0 :: Product Documentation :: Windows CE Features :: Applications and Services Development :: Component Services (COM and DCOM) :: COM and DCOM Reference :: COM Reference :: COM Interfaces :: ICatInformation
6	Windows CE 5.0 :: Product Documentation :: Windows CE Features :: Applications and Services Development :: Component Services (COM and DCOM) :: COM and DCOM Reference :: COM Reference :: COM Interfaces :: ICatRegister
1	Windows CE 5.0 :: Product Documentation :: Windows CE Features :: Applications and Services Development :: Component Services (COM and DCOM) :: COM and DCOM Reference :: COM Reference :: COM Interfaces :: IClassActivator
2	Windows CE 5.0 :: Product Documentation :: Windows CE Features :: Applications and Services Development :: Component Services (COM and DCOM) :: COM and DCOM Reference :: COM Reference :: COM Interfaces :: IClassFactory
3	Windows CE 5.0 :: Product Documentation :: Windows CE Features :: Applications and Services Development :: Component Services (COM and DCOM) :: COM and DCOM Reference :: COM Reference :: COM Interfaces :: IClassFactory2
3	Windows CE 5.0 :: Product Documentation :: Windows CE Features :: Applications and Services Development :: Component Services (COM and DCOM) :: COM and DCOM Reference :: COM Reference :: COM Interfaces :: IClientSecurity
5	Windows CE 5.0 :: Product Documentation :: Windows CE Features :: Applications and Services Development :: Component Services (COM and DCOM) :: COM and DCOM Reference :: COM Reference :: COM Interfaces :: IConnectionPoint
2	Windows CE 5.0 :: Product Documentation :: Windows CE Features :: Applications and Services Development :: Component Services (COM and DCOM) :: COM and DCOM Reference :: COM Reference :: COM Interfaces :: IConnectionPointContainer
2	Windows CE 5.0 :: Product Documentation :: Windows CE Features :: Applications and Services Development :: Component Services (COM and DCOM) :: COM and DCOM Reference :: COM Reference :: COM Interfaces :: IContinueCallback
9	Windows CE 5.0 :: Product Documentation :: Windows CE Features :: Applications and Services Development :: Component Services (COM and DCOM) :: COM and DCOM Reference :: COM Reference :: COM Interfaces :: IDataObject
3	Windows CE 5.0 :: Product Documentation :: Windows CE Features :: Applications and Services Development :: Component Services (COM and DCOM) :: COM and DCOM Reference :: COM Reference :: COM Interfaces :: IDccMan
8	Windows CE 5.0 :: Product Documentation :: Windows CE Features :: Applications and Services Development :: Component Services (COM and DCOM) :: COM and DCOM Reference :: COM Reference :: COM Interfaces :: IDccManSink
4	Windows CE 5.0 :: Product Documentation :: Windows CE Features :: Applications and Services Development :: Component Services (COM and DCOM) :: COM and DCOM Reference :: COM Reference :: COM Interfaces :: IEnumConnectionPoints
4	Windows CE 5.0 :: Product Documentation :: Windows CE Features :: Applications and Services Development :: Component Services (COM and DCOM) :: COM and DCOM Reference :: COM Reference :: COM Interfaces :: IEnumConnections
4	Windows CE 5.0 :: Product Documentation :: Windows CE Features :: Applications and Services Development :: Component Services (COM and DCOM) :: COM and DCOM Reference :: COM Reference :: COM Interfaces :: IEnumFORMATETC
4	Windows CE 5.0 :: Product Documentation :: Windows CE Features :: Applications and Services Development :: Component Services (COM and DCOM) :: COM and DCOM Reference :: COM Reference :: COM Interfaces :: IEnumMoniker
4	Windows CE 5.0 :: Product Documentation :: Windows CE Features :: Applications and Services Development :: Component Services (COM and DCOM) :: COM and DCOM Reference :: COM Reference :: COM Interfaces :: IEnumSTATDATA
4	Windows CE 5.0 :: Product Documentation :: Windows CE Features :: Applications and Services Development :: Component Services (COM and DCOM) :: COM and DCOM Reference :: COM Reference :: COM Interfaces :: IEnumSTATSTG
4	Windows CE 5.0 :: Product Documentation :: Windows CE Features :: Applications and Services Development :: Component Services (COM and DCOM) :: COM and DCOM Reference :: COM Reference :: COM Interfaces :: IEnumString
1	Windows CE 5.0 :: Product Documentation :: Windows CE Features :: Applications and Services Development :: Component Services (COM and DCOM) :: COM and DCOM Reference :: COM Reference :: COM Interfaces :: IErrorlog
2	Windows CE 5.0 :: Product Documentation :: Windows CE Features :: Applications and Services Development :: Component Services (COM and DCOM) :: COM and DCOM Reference :: COM Reference :: COM Interfaces :: IExternalConnection
5	Windows CE 5.0 :: Product Documentation :: Windows CE Features :: Applications and Services Development :: Component Services (COM and DCOM) :: COM and DCOM Reference :: COM Reference :: COM Interfaces :: IFillLockBytes
3	Windows CE 5.0 :: Product Documentation :: Windows CE Features :: Applications and Services Development :: Component Services (COM and DCOM) :: COM and DCOM Reference :: COM Reference :: COM Interfaces :: IGlobalInterfaceTable
6	Windows CE 5.0 :: Product Documentation :: Windows CE Features :: Applications and Services Development :: Component Services (COM and DCOM) :: COM and DCOM Reference :: COM Reference :: COM Interfaces :: IMalloc
12	Windows CE 5.0 :: Product Documentation :: Windows CE Features :: Applications and Services Development :: Component Services (COM and DCOM) :: COM and DCOM Reference :: COM Reference :: COM Interfaces :: IMallocSpy
7	Windows CE 5.0 :: Product Documentation :: Windows CE Features :: Applications and Services Development :: Component Services (COM and DCOM) :: COM and DCOM Reference :: COM Reference :: COM Interfaces :: IMarshal
3	Windows CE 5.0 :: Product Documentation :: Windows CE Features :: Applications and Services Development :: Component Services (COM and DCOM) :: COM and DCOM Reference :: COM Reference :: COM Interfaces :: IMessageFilter
15	Windows CE 5.0 :: Product Documentation :: Windows CE Features :: Applications and Services Development :: Component Services (COM and DCOM) :: COM and DCOM Reference :: COM Reference :: COM Interfaces :: IMoniker
1	Windows CE 5.0 :: Product Documentation :: Windows CE Features :: Applications and Services Development :: Component Services (COM and DCOM) :: COM and DCOM Reference :: COM Reference :: COM Interfaces :: IMultiQI
2	Windows CE 5.0 :: Product Documentation :: Windows CE Features :: Applications and Services Development :: Component Services (COM and DCOM) :: COM and DCOM Reference :: COM Reference :: COM Interfaces :: IObjectSafety
7	Windows CE 5.0 :: Product Documentation :: Windows CE Features :: Applications and Services Development :: Component Services (COM and DCOM) :: COM and DCOM Reference :: COM Reference :: COM Interfaces :: IOleControlSite
3	Windows CE 5.0 :: Product Documentation :: Windows CE Features :: Applications and Services Development :: Component Services (COM and DCOM) :: COM and DCOM Reference :: COM Reference :: COM Interfaces :: IOleItemContainer
11	Windows CE 5.0 :: Product Documentation :: Windows CE Features :: Applications and Services Development :: Component Services (COM and DCOM) :: COM and DCOM Reference :: COM Reference :: COM Interfaces :: IOleLink
1	Windows CE 5.0 :: Product Documentation :: Windows CE Features :: Applications and Services Development :: Component Services (COM and DCOM) :: COM and DCOM Reference :: COM Reference :: COM Interfaces :: IParseDisplayName
1	Windows CE 5.0 :: Product Documentation :: Windows CE Features :: Applications and Services Development :: Component Services (COM and DCOM) :: COM and DCOM Reference :: COM Reference :: COM Interfaces :: IPersist
5	Windows CE 5.0 :: Product Documentation :: Windows CE Features :: Applications and Services Development :: Component Services (COM and DCOM) :: COM and DCOM Reference :: COM Reference :: COM Interfaces :: IPersistFile
3	Windows CE 5.0 :: Product Documentation :: Windows CE Features :: Applications and Services Development :: Component Services (COM and DCOM) :: COM and DCOM Reference :: COM Reference :: COM Interfaces :: IPersistPropertyBag:IPersist
6	Windows CE 5.0 :: Product Documentation :: Windows CE Features :: Applications and Services Development :: Component Services (COM and DCOM) :: COM and DCOM Reference :: COM Reference :: COM Interfaces :: IPersistStorage
5	Windows CE 5.0 :: Product Documentation :: Windows CE Features :: Applications and Services Development :: Component Services (COM and DCOM) :: COM and DCOM Reference :: COM Reference :: COM Interfaces :: IPersistStream
5	Windows CE 5.0 :: Product Documentation :: Windows CE Features :: Applications and Services Development :: Component Services (COM and DCOM) :: COM and DCOM Reference :: COM Reference :: COM Interfaces :: IPersistStreamInit
1	Windows CE 5.0 :: Product Documentation :: Windows CE Features :: Applications and Services Development :: Component Services (COM and DCOM) :: COM and DCOM Reference :: COM Reference :: COM Interfaces :: IProgressNotify
2	Windows CE 5.0 :: Product Documentation :: Windows CE Features :: Applications and Services Development :: Component Services (COM and DCOM) :: COM and DCOM Reference :: COM Reference :: COM Interfaces :: IPropertyBag
1	Windows CE 5.0 :: Product Documentation :: Windows CE Features :: Applications and Services Development :: Component Services (COM and DCOM) :: COM and DCOM Reference :: COM Reference :: COM Interfaces :: IProvideClassInfo
1	Windows CE 5.0 :: Product Documentation :: Windows CE Features :: Applications and Services Development :: Component Services (COM and DCOM) :: COM and DCOM Reference :: COM Reference :: COM Interfaces :: IProvideClassInfo2
1	Windows CE 5.0 :: Product Documentation :: Windows CE Features :: Applications and Services Development :: Component Services (COM and DCOM) :: COM and DCOM Reference :: COM Reference :: COM Interfaces :: IROTData
5	Windows CE 5.0 :: Product Documentation :: Windows CE Features :: Applications and Services Development :: Component Services (COM and DCOM) :: COM and DCOM Reference :: COM Reference :: COM Interfaces :: IRunnableObject
7	Windows CE 5.0 :: Product Documentation :: Windows CE Features :: Applications and Services Development :: Component Services (COM and DCOM) :: COM and DCOM Reference :: COM Reference :: COM Interfaces :: IRunningObjectTable
2	Windows CE 5.0 :: Product Documentation :: Windows CE Features :: Applications and Services Development :: Component Services (COM and DCOM) :: COM and DCOM Reference :: COM Reference :: COM Interfaces :: ISequentialStream
4	Windows CE 5.0 :: Product Documentation :: Windows CE Features :: Applications and Services Development :: Component Services (COM and DCOM) :: COM and DCOM Reference :: COM Reference :: COM Interfaces :: IServerSecurity
1	Windows CE 5.0 :: Product Documentation :: Windows CE Features :: Applications and Services Development :: Component Services (COM and DCOM) :: COM and DCOM Reference :: COM Reference :: COM Interfaces :: IStdMarshalInfo
2	Windows CE 5.0 :: Product Documentation :: Windows CE Features :: Applications and Services Development :: Component Services (COM and DCOM) :: COM and DCOM Reference :: COM Reference :: COM Interfaces :: ISurrogate
3	Windows CE 5.0 :: Product Documentation :: Windows CE Features :: Applications and Services Development :: Component Services (COM and DCOM) :: COM and DCOM Reference :: COM Reference :: COM Interfaces :: IUnknown
1	Windows CE 5.0 :: Product Documentation :: Windows CE Features :: Applications and Services Development :: Component Services (COM and DCOM) :: COM and DCOM Reference :: COM Reference :: COM Interfaces :: IViewObject2
5	Windows CE 5.0 :: Product Documentation :: Windows CE Features :: Applications and Services Development :: Component Services (COM and DCOM) :: COM and DCOM Reference :: COM Reference :: COM Interfaces :: IViewObjectEx
19	Windows CE 5.0 :: Product Documentation :: Windows CE Features :: Applications and Services Development :: Component Services (COM and DCOM) :: COM and DCOM Reference :: COM Reference :: COM Structures and Enumerations
82	Windows CE 5.0 :: Product Documentation :: Windows CE Features :: Applications and Services Development :: Component Services (COM and DCOM) :: COM and DCOM Reference :: OLE Reference :: OLE Functions
5	Windows CE 5.0 :: Product Documentation :: Windows CE Features :: Applications and Services Development :: Component Services (COM and DCOM) :: COM and DCOM Reference :: OLE Reference :: OLE Interfaces :: IAdviseSink
4	Windows CE 5.0 :: Product Documentation :: Windows CE Features :: Applications and Services Development :: Component Services (COM and DCOM) :: COM and DCOM Reference :: OLE Reference :: OLE Interfaces :: IEnumOLEVERB
6	Windows CE 5.0 :: Product Documentation :: Windows CE Features :: Applications and Services Development :: Component Services (COM and DCOM) :: COM and DCOM Reference :: OLE Reference :: OLE Interfaces :: IOleAdviseHolder
6	Windows CE 5.0 :: Product Documentation :: Windows CE Features :: Applications and Services Development :: Component Services (COM and DCOM) :: COM and DCOM Reference :: OLE Reference :: OLE Interfaces :: IOleClientSite
2	Windows CE 5.0 :: Product Documentation :: Windows CE Features :: Applications and Services Development :: Component Services (COM and DCOM) :: COM and DCOM Reference :: OLE Reference :: OLE Interfaces :: IOleContainer
10	Windows CE 5.0 :: Product Documentation :: Windows CE Features :: Applications and Services Development :: Component Services (COM and DCOM) :: COM and DCOM Reference :: OLE Reference :: OLE Interfaces :: IOleInPlaceSite
21	Windows CE 5.0 :: Product Documentation :: Windows CE Features :: Applications and Services Development :: Component Services (COM and DCOM) :: COM and DCOM Reference :: OLE Reference :: OLE Interfaces :: IOleObject
2	Windows CE 5.0 :: Product Documentation :: Windows CE Features :: Applications and Services Development :: Component Services (COM and DCOM) :: COM and DCOM Reference :: OLE Reference :: OLE Interfaces :: IOleWindow
6	Windows CE 5.0 :: Product Documentation :: Windows CE Features :: Applications and Services Development :: Component Services (COM and DCOM) :: COM and DCOM Reference :: OLE Reference :: OLE Interfaces :: IViewObject
6	Windows CE 5.0 :: Product Documentation :: Windows CE Features :: Applications and Services Development :: Component Services (COM and DCOM) :: COM and DCOM Reference :: OLE Reference :: OLE Structures
7	Windows CE 5.0 :: Product Documentation :: Windows CE Features :: Applications and Services Development :: Component Services (COM and DCOM) :: COM and DCOM Reference :: Storage Reference :: Storage Enumerations
8	Windows CE 5.0 :: Product Documentation :: Windows CE Features :: Applications and Services Development :: Component Services (COM and DCOM) :: COM and DCOM Reference :: Storage Reference :: Storage Functions
7	Windows CE 5.0 :: Product Documentation :: Windows CE Features :: Applications and Services Development :: Component Services (COM and DCOM) :: COM and DCOM Reference :: Storage Reference :: Storage Interfaces :: ILockBytes
1	Windows CE 5.0 :: Product Documentation :: Windows CE Features :: Applications and Services Development :: Component Services (COM and DCOM) :: COM and DCOM Reference :: Storage Reference :: Storage Interfaces :: IRootStorage
15	Windows CE 5.0 :: Product Documentation :: Windows CE Features :: Applications and Services Development :: Component Services (COM and DCOM) :: COM and DCOM Reference :: Storage Reference :: Storage Interfaces :: IStorage
11	Windows CE 5.0 :: Product Documentation :: Windows CE Features :: Applications and Services Development :: Component Services (COM and DCOM) :: COM and DCOM Reference :: Storage Reference :: Storage Interfaces :: IStream
17	Windows CE 5.0 :: Product Documentation :: Windows CE Features :: Applications and Services Development :: Component Services (COM and DCOM) :: COM and DCOM Reference :: Storage Reference :: Storage Structures
8	Windows CE 5.0 :: Product Documentation :: Windows CE Features :: Applications and Services Development :: Component Services (COM and DCOM) :: COM and DCOM Registry Settings
4	Windows CE 5.0 :: Product Documentation :: Windows CE Features :: Applications and Services Development :: Component Services (COM and DCOM) :: COM and DCOM Security
5	Windows CE 5.0 :: Product Documentation :: Windows CE Features :: Applications and Services Development :: Exchange Client
3	Windows CE 5.0 :: Product Documentation :: Windows CE Features :: Applications and Services Development :: Exchange Client :: Exchange Client Application Development
1	Windows CE 5.0 :: Product Documentation :: Windows CE Features :: Applications and Services Development :: Exchange Client :: Exchange Client Reference :: Exchange Client Constants
2	Windows CE 5.0 :: Product Documentation :: Windows CE Features :: Applications and Services Development :: Exchange Client :: Exchange Client Reference :: Exchange Client Enumerations
9	Windows CE 5.0 :: Product Documentation :: Windows CE Features :: Applications and Services Development :: Exchange Client :: Exchange Client Reference :: Exchange Client Interfaces :: IExchangeClient
7	Windows CE 5.0 :: Product Documentation :: Windows CE Features :: Applications and Services Development :: Exchange Client :: Exchange Client Reference :: Exchange Client Interfaces :: IExchangeClientContactInformation
2	Windows CE 5.0 :: Product Documentation :: Windows CE Features :: Applications and Services Development :: Exchange Client :: Exchange Client Reference :: Exchange Client Interfaces :: IExchangeClientDataItemArray
3	Windows CE 5.0 :: Product Documentation :: Windows CE Features :: Applications and Services Development :: Exchange Client :: Exchange Client Reference :: Exchange Client Interfaces :: IExchangeClientFreeBusyInformation
5	Windows CE 5.0 :: Product Documentation :: Windows CE Features :: Applications and Services Development :: Exchange Client :: Exchange Client Reference :: Exchange Client Interfaces :: IExchangeClientGALSearchInformation
5	Windows CE 5.0 :: Product Documentation :: Windows CE Features :: Applications and Services Development :: Exchange Client :: Exchange Client Reference :: Exchange Client Interfaces :: IExchangeClientRequest
2	Windows CE 5.0 :: Product Documentation :: Windows CE Features :: Applications and Services Development :: Exchange Client :: Exchange Client Reference :: Exchange Client Interfaces :: IExchangeClientRequestCallback
3	Windows CE 5.0 :: Product Documentation :: Windows CE Features :: Applications and Services Development :: Exchange Client :: Exchange Client Reference :: Exchange Client Structures
5	Windows CE 5.0 :: Product Documentation :: Windows CE Features :: Applications and Services Development :: Lightweight Directory Access Protocol (LDAP) Client
1	Windows CE 5.0 :: Product Documentation :: Windows CE Features :: Applications and Services Development :: Lightweight Directory Access Protocol (LDAP) Client :: LDAP Application Development
3	Windows CE 5.0 :: Product Documentation :: Windows CE Features :: Applications and Services Development :: Lightweight Directory Access Protocol (LDAP) Client :: LDAP Application Development :: LDAP Directory Service
3	Windows CE 5.0 :: Product Documentation :: Windows CE Features :: Applications and Services Development :: Lightweight Directory Access Protocol (LDAP) Client :: LDAP Application Development :: LDAP Protocol Operations
8	Windows CE 5.0 :: Product Documentation :: Windows CE Features :: Applications and Services Development :: Lightweight Directory Access Protocol (LDAP) Client :: LDAP Application Development :: Using the LDAP API
2	Windows CE 5.0 :: Product Documentation :: Windows CE Features :: Applications and Services Development :: Lightweight Directory Access Protocol (LDAP) Client :: LDAP Application Development :: Using the LDAP API :: Processing Search
1	Windows CE 5.0 :: Product Documentation :: Windows CE Features :: Applications and Services Development :: Lightweight Directory Access Protocol (LDAP) Client :: LDAP Reference
1	Windows CE 5.0 :: Product Documentation :: Windows CE Features :: Applications and Services Development :: Lightweight Directory Access Protocol (LDAP) Client :: LDAP Reference :: LDAP Enumerations
5	Windows CE 5.0 :: Product Documentation :: Windows CE Features :: Applications and Services Development :: Lightweight Directory Access Protocol (LDAP) Client :: LDAP Reference :: LDAP Functions :: LDAP Callback Functions
20	Windows CE 5.0 :: Product Documentation :: Windows CE Features :: Applications and Services Development :: Lightweight Directory Access Protocol (LDAP) Client :: LDAP Reference :: LDAP Functions :: LDAP Directory Entry Functions
4	Windows CE 5.0 :: Product Documentation :: Windows CE Features :: Applications and Services Development :: Lightweight Directory Access Protocol (LDAP) Client :: LDAP Reference :: LDAP Functions :: LDAP Error Handling Functions
6	Windows CE 5.0 :: Product Documentation :: Windows CE Features :: Applications and Services Development :: Lightweight Directory Access Protocol (LDAP) Client :: LDAP Reference :: LDAP Functions :: LDAP Memory Management Functions
32	Windows CE 5.0 :: Product Documentation :: Windows CE Features :: Applications and Services Development :: Lightweight Directory Access Protocol (LDAP) Client :: LDAP Reference :: LDAP Functions :: LDAP Search Functions
16	Windows CE 5.0 :: Product Documentation :: Windows CE Features :: Applications and Services Development :: Lightweight Directory Access Protocol (LDAP) Client :: LDAP Reference :: LDAP Functions :: LDAP Session Functions
19	Windows CE 5.0 :: Product Documentation :: Windows CE Features :: Applications and Services Development :: Lightweight Directory Access Protocol (LDAP) Client :: LDAP Reference :: LDAP Functions :: Other LDAP Functions
10	Windows CE 5.0 :: Product Documentation :: Windows CE Features :: Applications and Services Development :: Lightweight Directory Access Protocol (LDAP) Client :: LDAP Reference :: LDAP Structures
3	Windows CE 5.0 :: Product Documentation :: Windows CE Features :: Applications and Services Development :: Pocket Outlook Object Model (POOM)
2	Windows CE 5.0 :: Product Documentation :: Windows CE Features :: Applications and Services Development :: Pocket Outlook Object Model (POOM) :: Pocket Outlook Object Model Application Development
9	Windows CE 5.0 :: Product Documentation :: Windows CE Features :: Applications and Services Development :: Pocket Outlook Object Model (POOM) :: Pocket Outlook Object Model Application Development :: Differences Between the Windows CE and Desktop Models
2	Windows CE 5.0 :: Product Documentation :: Windows CE Features :: Applications and Services Development :: Pocket Outlook Object Model (POOM) :: Pocket Outlook Object Model Application Development :: Pocket Outlook Object Model Code Examples
1	Windows CE 5.0 :: Product Documentation :: Windows CE Features :: Applications and Services Development :: Pocket Outlook Object Model (POOM) :: Pocket Outlook Object Model Reference
1	Windows CE 5.0 :: Product Documentation :: Windows CE Features :: Applications and Services Development :: Pocket Outlook Object Model (POOM) :: Pocket Outlook Object Model Reference :: Pocket Outlook Object Model Functions
8	Windows CE 5.0 :: Product Documentation :: Windows CE Features :: Applications and Services Development :: Pocket Outlook Object Model (POOM) :: Pocket Outlook Object Model Reference :: Pocket Outlook Object Model Interfaces :: IAppointment
4	Windows CE 5.0 :: Product Documentation :: Windows CE Features :: Applications and Services Development :: Pocket Outlook Object Model (POOM) :: Pocket Outlook Object Model Reference :: Pocket Outlook Object Model Interfaces :: IContact
1	Windows CE 5.0 :: Product Documentation :: Windows CE Features :: Applications and Services Development :: Pocket Outlook Object Model (POOM) :: Pocket Outlook Object Model Reference :: Pocket Outlook Object Model Interfaces :: IException
2	Windows CE 5.0 :: Product Documentation :: Windows CE Features :: Applications and Services Development :: Pocket Outlook Object Model (POOM) :: Pocket Outlook Object Model Reference :: Pocket Outlook Object Model Interfaces :: IExceptions
4	Windows CE 5.0 :: Product Documentation :: Windows CE Features :: Applications and Services Development :: Pocket Outlook Object Model (POOM) :: Pocket Outlook Object Model Reference :: Pocket Outlook Object Model Interfaces :: IFolder
1	Windows CE 5.0 :: Product Documentation :: Windows CE Features :: Applications and Services Development :: Pocket Outlook Object Model (POOM) :: Pocket Outlook Object Model Reference :: Pocket Outlook Object Model Interfaces :: IPOlRecipient
10	Windows CE 5.0 :: Product Documentation :: Windows CE Features :: Applications and Services Development :: Pocket Outlook Object Model (POOM) :: Pocket Outlook Object Model Reference :: Pocket Outlook Object Model Interfaces :: IPOutlookApp
8	Windows CE 5.0 :: Product Documentation :: Windows CE Features :: Applications and Services Development :: Pocket Outlook Object Model (POOM) :: Pocket Outlook Object Model Reference :: Pocket Outlook Object Model Interfaces :: IPOutlookItemCollection
1	Windows CE 5.0 :: Product Documentation :: Windows CE Features :: Applications and Services Development :: Pocket Outlook Object Model (POOM) :: Pocket Outlook Object Model Reference :: Pocket Outlook Object Model Interfaces :: IRecipient
4	Windows CE 5.0 :: Product Documentation :: Windows CE Features :: Applications and Services Development :: Pocket Outlook Object Model (POOM) :: Pocket Outlook Object Model Reference :: Pocket Outlook Object Model Interfaces :: IRecipients
2	Windows CE 5.0 :: Product Documentation :: Windows CE Features :: Applications and Services Development :: Pocket Outlook Object Model (POOM) :: Pocket Outlook Object Model Reference :: Pocket Outlook Object Model Interfaces :: IRecurrencePattern
7	Windows CE 5.0 :: Product Documentation :: Windows CE Features :: Applications and Services Development :: Pocket Outlook Object Model (POOM) :: Pocket Outlook Object Model Reference :: Pocket Outlook Object Model Interfaces :: ITask
1	Windows CE 5.0 :: Product Documentation :: Windows CE Features :: Applications and Services Development :: Pocket Outlook Object Model (POOM) :: Pocket Outlook Object Model Reference :: Pocket Outlook Object Model Interfaces :: ITimeZone
5	Windows CE 5.0 :: Product Documentation :: Windows CE Features :: Applications and Services Development :: SOAP Toolkit
6	Windows CE 5.0 :: Product Documentation :: Windows CE Features :: Applications and Services Development :: SOAP Toolkit :: SOAP Application Development
1	Windows CE 5.0 :: Product Documentation :: Windows CE Features :: Applications and Services Development :: SOAP Toolkit :: SOAP Application Development :: A Quick Introduction to WSDL
6	Windows CE 5.0 :: Product Documentation :: Windows CE Features :: Applications and Services Development :: SOAP Toolkit :: SOAP Application Development :: About the Calc.wsdl File
1	Windows CE 5.0 :: Product Documentation :: Windows CE Features :: Applications and Services Development :: SOAP Toolkit :: SOAP Application Development :: About the Calc.wsml File
4	Windows CE 5.0 :: Product Documentation :: Windows CE Features :: Applications and Services Development :: SOAP Toolkit :: SOAP Application Development :: Advanced Topics
2	Windows CE 5.0 :: Product Documentation :: Windows CE Features :: Applications and Services Development :: SOAP Toolkit :: SOAP Application Development :: Advanced Topics :: Handling Complex Types
1	Windows CE 5.0 :: Product Documentation :: Windows CE Features :: Applications and Services Development :: SOAP Toolkit :: SOAP Application Development :: Server-Side Data Flow
1	Windows CE 5.0 :: Product Documentation :: Windows CE Features :: Applications and Services Development :: SOAP Toolkit :: SOAP Reference :: SOAP Objects and Interfaces :: HttpConnector
3	Windows CE 5.0 :: Product Documentation :: Windows CE Features :: Applications and Services Development :: SOAP Toolkit :: SOAP Reference :: SOAP Objects and Interfaces :: IHeaderHandler
5	Windows CE 5.0 :: Product Documentation :: Windows CE Features :: Applications and Services Development :: SOAP Toolkit :: SOAP Reference :: SOAP Objects and Interfaces :: ISOAPError
8	Windows CE 5.0 :: Product Documentation :: Windows CE Features :: Applications and Services Development :: SOAP Toolkit :: SOAP Reference :: SOAP Objects and Interfaces :: ISoapClient
9	Windows CE 5.0 :: Product Documentation :: Windows CE Features :: Applications and Services Development :: SOAP Toolkit :: SOAP Reference :: SOAP Objects and Interfaces :: ISoapConnector
1	Windows CE 5.0 :: Product Documentation :: Windows CE Features :: Applications and Services Development :: SOAP Toolkit :: SOAP Reference :: SOAP Objects and Interfaces :: ISoapConnectorFactory
20	Windows CE 5.0 :: Product Documentation :: Windows CE Features :: Applications and Services Development :: SOAP Toolkit :: SOAP Reference :: SOAP Objects and Interfaces :: ISoapReader
15	Windows CE 5.0 :: Product Documentation :: Windows CE Features :: Applications and Services Development :: SOAP Toolkit :: SOAP Reference :: SOAP Objects and Interfaces :: ISoapSerializer
2	Windows CE 5.0 :: Product Documentation :: Windows CE Features :: Applications and Services Development :: SOAP Toolkit :: SOAP Reference :: SOAP Objects and Interfaces :: ISoapServer
4	Windows CE 5.0 :: Product Documentation :: Windows CE Features :: Applications and Services Development :: SOAP Toolkit :: SOAP Reference :: SOAP Objects and Interfaces :: ISoapTypeMapper
8	Windows CE 5.0 :: Product Documentation :: Windows CE Features :: Applications and Services Development :: SOAP Toolkit :: SOAP Reference :: SOAP Objects and Interfaces :: ISoapTypeMapperFactory
4	Windows CE 5.0 :: Product Documentation :: Windows CE Features :: Applications and Services Development :: SOAP Toolkit :: SOAP Reference :: SOAP WSDL and WSML Objects :: EnumWSDLService, EnumWSDLPorts, EnumWSDLOperations, and EnumSoapMappers
10	Windows CE 5.0 :: Product Documentation :: Windows CE Features :: Applications and Services Development :: SOAP Toolkit :: SOAP Reference :: SOAP WSDL and WSML Objects :: SoapMapper
10	Windows CE 5.0 :: Product Documentation :: Windows CE Features :: Applications and Services Development :: SOAP Toolkit :: SOAP Reference :: SOAP WSDL and WSML Objects :: WSDLOperation
5	Windows CE 5.0 :: Product Documentation :: Windows CE Features :: Applications and Services Development :: SOAP Toolkit :: SOAP Reference :: SOAP WSDL and WSML Objects :: WSDLPort
4	Windows CE 5.0 :: Product Documentation :: Windows CE Features :: Applications and Services Development :: SOAP Toolkit :: SOAP Reference :: SOAP WSDL and WSML Objects :: WSDLReader
3	Windows CE 5.0 :: Product Documentation :: Windows CE Features :: Applications and Services Development :: SOAP Toolkit :: SOAP Reference :: SOAP WSDL and WSML Objects :: WSDLService
1	Windows CE 5.0 :: Product Documentation :: Windows CE Features :: Applications and Services Development :: SQL Server 2000 Windows CE Edition 2.0
3	Windows CE 5.0 :: Product Documentation :: Windows CE Features :: Applications and Services Development :: Speech API (SAPI) 5.0
3	Windows CE 5.0 :: Product Documentation :: Windows CE Features :: Applications and Services Development :: Speech API (SAPI) 5.0 :: SAPI Application Development
2	Windows CE 5.0 :: Product Documentation :: Windows CE Features :: Applications and Services Development :: Speech API (SAPI) 5.0 :: SAPI Application Development :: International Phoneme Representation
2	Windows CE 5.0 :: Product Documentation :: Windows CE Features :: Applications and Services Development :: Speech API (SAPI) 5.0 :: SAPI Application Development :: SAPI Overview
2	Windows CE 5.0 :: Product Documentation :: Windows CE Features :: Applications and Services Development :: Speech API (SAPI) 5.0 :: SAPI Reference
41	Windows CE 5.0 :: Product Documentation :: Windows CE Features :: Applications and Services Development :: Speech API (SAPI) 5.0 :: SAPI Reference :: SAPI Enumerations
28	Windows CE 5.0 :: Product Documentation :: Windows CE Features :: Applications and Services Development :: Speech API (SAPI) 5.0 :: SAPI Reference :: SAPI Functions
9	Windows CE 5.0 :: Product Documentation :: Windows CE Features :: Applications and Services Development :: Speech API (SAPI) 5.0 :: SAPI Reference :: SAPI Global Variables
6	Windows CE 5.0 :: Product Documentation :: Windows CE Features :: Applications and Services Development :: Speech API (SAPI) 5.0 :: SAPI Reference :: SAPI Interfaces :: IEnumSpObjectTokens
9	Windows CE 5.0 :: Product Documentation :: Windows CE Features :: Applications and Services Development :: Speech API (SAPI) 5.0 :: SAPI Reference :: SAPI Interfaces :: ISpAudio
2	Windows CE 5.0 :: Product Documentation :: Windows CE Features :: Applications and Services Development :: Speech API (SAPI) 5.0 :: SAPI Reference :: SAPI Interfaces :: ISpCFGInterpreter
3	Windows CE 5.0 :: Product Documentation :: Windows CE Features :: Applications and Services Development :: Speech API (SAPI) 5.0 :: SAPI Reference :: SAPI Interfaces :: ISpCFGInterpreterSite
1	Windows CE 5.0 :: Product Documentation :: Windows CE Features :: Applications and Services Development :: Speech API (SAPI) 5.0 :: SAPI Reference :: SAPI Interfaces :: ISpContainerLexicon
12	Windows CE 5.0 :: Product Documentation :: Windows CE Features :: Applications and Services Development :: Speech API (SAPI) 5.0 :: SAPI Reference :: SAPI Interfaces :: ISpDataKey
1	Windows CE 5.0 :: Product Documentation :: Windows CE Features :: Applications and Services Development :: Speech API (SAPI) 5.0 :: SAPI Reference :: SAPI Interfaces :: ISpErrorLog
2	Windows CE 5.0 :: Product Documentation :: Windows CE Features :: Applications and Services Development :: Speech API (SAPI) 5.0 :: SAPI Reference :: SAPI Interfaces :: ISpEventSink
3	Windows CE 5.0 :: Product Documentation :: Windows CE Features :: Applications and Services Development :: Speech API (SAPI) 5.0 :: SAPI Reference :: SAPI Interfaces :: ISpEventSource
2	Windows CE 5.0 :: Product Documentation :: Windows CE Features :: Applications and Services Development :: Speech API (SAPI) 5.0 :: SAPI Reference :: SAPI Interfaces :: ISpGramCompBackend
8	Windows CE 5.0 :: Product Documentation :: Windows CE Features :: Applications and Services Development :: Speech API (SAPI) 5.0 :: SAPI Reference :: SAPI Interfaces :: ISpGrammarBuilder
1	Windows CE 5.0 :: Product Documentation :: Windows CE Features :: Applications and Services Development :: Speech API (SAPI) 5.0 :: SAPI Reference :: SAPI Interfaces :: ISpGrammarCompiler
2	Windows CE 5.0 :: Product Documentation :: Windows CE Features :: Applications and Services Development :: Speech API (SAPI) 5.0 :: SAPI Reference :: SAPI Interfaces :: ISpITNProcessor
6	Windows CE 5.0 :: Product Documentation :: Windows CE Features :: Applications and Services Development :: Speech API (SAPI) 5.0 :: SAPI Reference :: SAPI Interfaces :: ISpLexicon
7	Windows CE 5.0 :: Product Documentation :: Windows CE Features :: Applications and Services Development :: Speech API (SAPI) 5.0 :: SAPI Reference :: SAPI Interfaces :: ISpMMSysAudio
1	Windows CE 5.0 :: Product Documentation :: Windows CE Features :: Applications and Services Development :: Speech API (SAPI) 5.0 :: SAPI Reference :: SAPI Interfaces :: ISpNotifyCallback
1	Windows CE 5.0 :: Product Documentation :: Windows CE Features :: Applications and Services Development :: Speech API (SAPI) 5.0 :: SAPI Reference :: SAPI Interfaces :: ISpNotifySink
7	Windows CE 5.0 :: Product Documentation :: Windows CE Features :: Applications and Services Development :: Speech API (SAPI) 5.0 :: SAPI Reference :: SAPI Interfaces :: ISpNotifySource
6	Windows CE 5.0 :: Product Documentation :: Windows CE Features :: Applications and Services Development :: Speech API (SAPI) 5.0 :: SAPI Reference :: SAPI Interfaces :: ISpNotifyTranslator
10	Windows CE 5.0 :: Product Documentation :: Windows CE Features :: Applications and Services Development :: Speech API (SAPI) 5.0 :: SAPI Reference :: SAPI Interfaces :: ISpObjectToken
6	Windows CE 5.0 :: Product Documentation :: Windows CE Features :: Applications and Services Development :: Speech API (SAPI) 5.0 :: SAPI Reference :: SAPI Interfaces :: ISpObjectTokenCategory
5	Windows CE 5.0 :: Product Documentation :: Windows CE Features :: Applications and Services Development :: Speech API (SAPI) 5.0 :: SAPI Reference :: SAPI Interfaces :: ISpObjectTokenEnumBuilder
1	Windows CE 5.0 :: Product Documentation :: Windows CE Features :: Applications and Services Development :: Speech API (SAPI) 5.0 :: SAPI Reference :: SAPI Interfaces :: ISpObjectTokenInit
2	Windows CE 5.0 :: Product Documentation :: Windows CE Features :: Applications and Services Development :: Speech API (SAPI) 5.0 :: SAPI Reference :: SAPI Interfaces :: ISpObjectWithToken
2	Windows CE 5.0 :: Product Documentation :: Windows CE Features :: Applications and Services Development :: Speech API (SAPI) 5.0 :: SAPI Reference :: SAPI Interfaces :: ISpPhoneConverter
4	Windows CE 5.0 :: Product Documentation :: Windows CE Features :: Applications and Services Development :: Speech API (SAPI) 5.0 :: SAPI Reference :: SAPI Interfaces :: ISpPhrase
2	Windows CE 5.0 :: Product Documentation :: Windows CE Features :: Applications and Services Development :: Speech API (SAPI) 5.0 :: SAPI Reference :: SAPI Interfaces :: ISpPhraseAlt
6	Windows CE 5.0 :: Product Documentation :: Windows CE Features :: Applications and Services Development :: Speech API (SAPI) 5.0 :: SAPI Reference :: SAPI Interfaces :: ISpPhraseBuilder
18	Windows CE 5.0 :: Product Documentation :: Windows CE Features :: Applications and Services Development :: Speech API (SAPI) 5.0 :: SAPI Reference :: SAPI Interfaces :: ISpRecoContext
17	Windows CE 5.0 :: Product Documentation :: Windows CE Features :: Applications and Services Development :: Speech API (SAPI) 5.0 :: SAPI Reference :: SAPI Interfaces :: ISpRecoGrammar
7	Windows CE 5.0 :: Product Documentation :: Windows CE Features :: Applications and Services Development :: Speech API (SAPI) 5.0 :: SAPI Reference :: SAPI Interfaces :: ISpRecoResult
16	Windows CE 5.0 :: Product Documentation :: Windows CE Features :: Applications and Services Development :: Speech API (SAPI) 5.0 :: SAPI Reference :: SAPI Interfaces :: ISpRecognizer
1	Windows CE 5.0 :: Product Documentation :: Windows CE Features :: Applications and Services Development :: Speech API (SAPI) 5.0 :: SAPI Reference :: SAPI Interfaces :: ISpRegDataKey
2	Windows CE 5.0 :: Product Documentation :: Windows CE Features :: Applications and Services Development :: Speech API (SAPI) 5.0 :: SAPI Reference :: SAPI Interfaces :: ISpResourceManager
2	Windows CE 5.0 :: Product Documentation :: Windows CE Features :: Applications and Services Development :: Speech API (SAPI) 5.0 :: SAPI Reference :: SAPI Interfaces :: ISpSRAlternates
29	Windows CE 5.0 :: Product Documentation :: Windows CE Features :: Applications and Services Development :: Speech API (SAPI) 5.0 :: SAPI Reference :: SAPI Interfaces :: ISpSREngine
18	Windows CE 5.0 :: Product Documentation :: Windows CE Features :: Applications and Services Development :: Speech API (SAPI) 5.0 :: SAPI Reference :: SAPI Interfaces :: ISpSREngineSite
4	Windows CE 5.0 :: Product Documentation :: Windows CE Features :: Applications and Services Development :: Speech API (SAPI) 5.0 :: SAPI Reference :: SAPI Interfaces :: ISpStream
1	Windows CE 5.0 :: Product Documentation :: Windows CE Features :: Applications and Services Development :: Speech API (SAPI) 5.0 :: SAPI Reference :: SAPI Interfaces :: ISpStreamFormat
6	Windows CE 5.0 :: Product Documentation :: Windows CE Features :: Applications and Services Development :: Speech API (SAPI) 5.0 :: SAPI Reference :: SAPI Interfaces :: ISpStreamFormatConverter
9	Windows CE 5.0 :: Product Documentation :: Windows CE Features :: Applications and Services Development :: Speech API (SAPI) 5.0 :: SAPI Reference :: SAPI Interfaces :: ISpTTSEngine
1	Windows CE 5.0 :: Product Documentation :: Windows CE Features :: Applications and Services Development :: Speech API (SAPI) 5.0 :: SAPI Reference :: SAPI Interfaces :: ISpTask
7	Windows CE 5.0 :: Product Documentation :: Windows CE Features :: Applications and Services Development :: Speech API (SAPI) 5.0 :: SAPI Reference :: SAPI Interfaces :: ISpTaskManager
9	Windows CE 5.0 :: Product Documentation :: Windows CE Features :: Applications and Services Development :: Speech API (SAPI) 5.0 :: SAPI Reference :: SAPI Interfaces :: ISpThreadControl
3	Windows CE 5.0 :: Product Documentation :: Windows CE Features :: Applications and Services Development :: Speech API (SAPI) 5.0 :: SAPI Reference :: SAPI Interfaces :: ISpThreadTask
2	Windows CE 5.0 :: Product Documentation :: Windows CE Features :: Applications and Services Development :: Speech API (SAPI) 5.0 :: SAPI Reference :: SAPI Interfaces :: ISpTokenUI
2	Windows CE 5.0 :: Product Documentation :: Windows CE Features :: Applications and Services Development :: Speech API (SAPI) 5.0 :: SAPI Reference :: SAPI Interfaces :: ISpTranscript
25	Windows CE 5.0 :: Product Documentation :: Windows CE Features :: Applications and Services Development :: Speech API (SAPI) 5.0 :: SAPI Reference :: SAPI Interfaces :: ISpVoice
2	Windows CE 5.0 :: Product Documentation :: Windows CE Features :: Applications and Services Development :: Speech API (SAPI) 5.0 :: SAPI Reference :: SAPI Interfaces :: _ISpPrivateEngineCall
1	Windows CE 5.0 :: Product Documentation :: Windows CE Features :: Applications and Services Development :: Speech API (SAPI) 5.0 :: SAPI Reference :: SAPI Macros
40	Windows CE 5.0 :: Product Documentation :: Windows CE Features :: Applications and Services Development :: Speech API (SAPI) 5.0 :: SAPI Reference :: SAPI Structures
1	Windows CE 5.0 :: Product Documentation :: Windows CE Features :: Applications and Services Development :: Speech API (SAPI) 5.0 :: SAPI Samples
1	Windows CE 5.0 :: Product Documentation :: Windows CE Features :: Applications and Services Development :: Standard SDK for Windows CE
2	Windows CE 5.0 :: Product Documentation :: Windows CE Features :: Applications and Services Development :: XML
4	Windows CE 5.0 :: Product Documentation :: Windows CE Features :: Applications and Services Development :: XML :: XML Core Services and Document Object Model
2	Windows CE 5.0 :: Product Documentation :: Windows CE Features :: Applications and Services Development :: XML :: XML Core Services and Document Object Model :: XML DOM Application Development
1	Windows CE 5.0 :: Product Documentation :: Windows CE Features :: Applications and Services Development :: XML :: XML Core Services and Document Object Model :: XML DOM Reference
3	Windows CE 5.0 :: Product Documentation :: Windows CE Features :: Applications and Services Development :: XML :: XML Core Services and Document Object Model :: XML DOM Reference :: XML DOM Events
65	Windows CE 5.0 :: Product Documentation :: Windows CE Features :: Applications and Services Development :: XML :: XML Core Services and Document Object Model :: XML DOM Reference :: XML DOM Methods
21	Windows CE 5.0 :: Product Documentation :: Windows CE Features :: Applications and Services Development :: XML :: XML Core Services and Document Object Model :: XML DOM Reference :: XML DOM Objects/Interfaces
67	Windows CE 5.0 :: Product Documentation :: Windows CE Features :: Applications and Services Development :: XML :: XML Core Services and Document Object Model :: XML DOM Reference :: XML DOM Properties
4	Windows CE 5.0 :: Product Documentation :: Windows CE Features :: Applications and Services Development :: XML :: XML Core Services and Document Object Model :: XML DOM Reference :: XML Error Messages
6	Windows CE 5.0 :: Product Documentation :: Windows CE Features :: Applications and Services Development :: XML :: XML Core Services and Document Object Model :: XML HTTP :: XML HTTP Reference :: XML HTTP Methods
1	Windows CE 5.0 :: Product Documentation :: Windows CE Features :: Applications and Services Development :: XML :: XML Core Services and Document Object Model :: XML HTTP :: XML HTTP Reference :: XML HTTP Objects/Interfaces :: IXMLHTTPRequest
8	Windows CE 5.0 :: Product Documentation :: Windows CE Features :: Applications and Services Development :: XML :: XML Core Services and Document Object Model :: XML HTTP :: XML HTTP Reference :: XML HTTP Properties
2	Windows CE 5.0 :: Product Documentation :: Windows CE Features :: Applications and Services Development :: XML :: XML Core Services and Document Object Model :: XML Query Language (XQL)
4	Windows CE 5.0 :: Product Documentation :: Windows CE Features :: Applications and Services Development :: XML :: XML Core Services and Document Object Model :: XML Query Language (XQL) :: XML Stylesheet Language Transformations (XSLT)
7	Windows CE 5.0 :: Product Documentation :: Windows CE Features :: Applications and Services Development :: XML :: XML Core Services and Document Object Model :: XML Query Language (XQL) :: XML Stylesheet Language Transformations (XSLT) :: XSLT Application Development :: XSLT Developer Guide :: Exploring XSLT Capabilities :: Advanced XSLT Functionality
12	Windows CE 5.0 :: Product Documentation :: Windows CE Features :: Applications and Services Development :: XML :: XML Core Services and Document Object Model :: XML Query Language (XQL) :: XML Stylesheet Language Transformations (XSLT) :: XSLT Application Development :: XSLT Developer Guide :: Exploring XSLT Capabilities :: Controlling White Space with XSLT
5	Windows CE 5.0 :: Product Documentation :: Windows CE Features :: Applications and Services Development :: XML :: XML Core Services and Document Object Model :: XML Query Language (XQL) :: XML Stylesheet Language Transformations (XSLT) :: XSLT Application Development :: XSLT Developer Guide :: Exploring XSLT Capabilities :: XPath
5	Windows CE 5.0 :: Product Documentation :: Windows CE Features :: Applications and Services Development :: XML :: XML Core Services and Document Object Model :: XML Query Language (XQL) :: XML Stylesheet Language Transformations (XSLT) :: XSLT Application Development :: XSLT Developer Guide :: Exploring XSLT Capabilities :: XSLT Fundamentals
2	Windows CE 5.0 :: Product Documentation :: Windows CE Features :: Applications and Services Development :: XML :: XML Core Services and Document Object Model :: XML Query Language (XQL) :: XML Stylesheet Language Transformations (XSLT) :: XSLT Application Development :: XSLT Developer Guide :: Getting Started with XSLT
5	Windows CE 5.0 :: Product Documentation :: Windows CE Features :: Applications and Services Development :: XML :: XML Core Services and Document Object Model :: XML Query Language (XQL) :: XML Stylesheet Language Transformations (XSLT) :: XSLT Application Development :: XSLT Developer Guide :: Getting Started with XSLT :: Tutorial: Getting Started with XSLT
1	Windows CE 5.0 :: Product Documentation :: Windows CE Features :: Applications and Services Development :: XML :: XML Core Services and Document Object Model :: XML Query Language (XQL) :: XML Stylesheet Language Transformations (XSLT) :: XSLT Reference
36	Windows CE 5.0 :: Product Documentation :: Windows CE Features :: Applications and Services Development :: XML :: XML Core Services and Document Object Model :: XML Query Language (XQL) :: XML Stylesheet Language Transformations (XSLT) :: XSLT Reference :: XSLT Elements
8	Windows CE 5.0 :: Product Documentation :: Windows CE Features :: Applications and Services Development :: XML :: XML Core Services and Document Object Model :: XML Query Language (XQL) :: XML Stylesheet Language Transformations (XSLT) :: XSLT Reference :: XSLT Functions
1	Windows CE 5.0 :: Product Documentation :: Windows CE Features :: Applications and Services Development :: XML :: XML Core Services and Document Object Model :: XML Query Language (XQL) :: XML Stylesheet Language Transformations (XSLT) :: XSLT Reference :: XSLT Interfaces :: IXTLRuntime
9	Windows CE 5.0 :: Product Documentation :: Windows CE Features :: Applications and Services Development :: XML :: XML Core Services and Document Object Model :: XML Query Language (XQL) :: XML Stylesheet Language Transformations (XSLT) :: XSLT Reference :: XSLT Methods
6	Windows CE 5.0 :: Product Documentation :: Windows CE Features :: Applications and Services Development :: XML :: XML Core Services and Document Object Model :: XML Query Language (XQL) :: XQL Application Development
5	Windows CE 5.0 :: Product Documentation :: Windows CE Features :: Applications and Services Development :: XML :: XML Core Services and Document Object Model :: XML Query Language (XQL) :: XQL Application Development :: Location Paths
6	Windows CE 5.0 :: Product Documentation :: Windows CE Features :: Applications and Services Development :: XML :: XML Core Services and Document Object Model :: XML Query Language (XQL) :: XQL Application Development :: XPath Syntax
5	Windows CE 5.0 :: Product Documentation :: Windows CE Features :: Applications and Services Development :: XML :: XML Core Services and Document Object Model :: XML Query Language (XQL) :: XQL Reference :: XPath Functions :: Boolean Functions
9	Windows CE 5.0 :: Product Documentation :: Windows CE Features :: Applications and Services Development :: XML :: XML Core Services and Document Object Model :: XML Query Language (XQL) :: XQL Reference :: XPath Functions :: Node-Set Functions
5	Windows CE 5.0 :: Product Documentation :: Windows CE Features :: Applications and Services Development :: XML :: XML Core Services and Document Object Model :: XML Query Language (XQL) :: XQL Reference :: XPath Functions :: Number Functions
10	Windows CE 5.0 :: Product Documentation :: Windows CE Features :: Applications and Services Development :: XML :: XML Core Services and Document Object Model :: XML Query Language (XQL) :: XQL Reference :: XPath Functions :: String Functions
3	Windows CE 5.0 :: Product Documentation :: Windows CE Features :: Applications and Services Development :: XML :: XML Core Services and Document Object Model :: XML SAX
1	Windows CE 5.0 :: Product Documentation :: Windows CE Features :: Applications and Services Development :: XML :: XML Core Services and Document Object Model :: XML SAX :: XML SAX Application Development :: SAX2 Developer Guide
2	Windows CE 5.0 :: Product Documentation :: Windows CE Features :: Applications and Services Development :: XML :: XML Core Services and Document Object Model :: XML SAX :: XML SAX Application Development :: SAX2 Developer Guide :: Getting Started with SAX2
3	Windows CE 5.0 :: Product Documentation :: Windows CE Features :: Applications and Services Development :: XML :: XML Core Services and Document Object Model :: XML SAX :: XML SAX Application Development :: SAX2 Developer Guide :: Getting Started with SAX2 :: Choosing Between SAX and DOM
4	Windows CE 5.0 :: Product Documentation :: Windows CE Features :: Applications and Services Development :: XML :: XML Core Services and Document Object Model :: XML SAX :: XML SAX Application Development :: SAX2 Developer Guide :: Getting Started with SAX2 :: SAX2 Implementation Examples
3	Windows CE 5.0 :: Product Documentation :: Windows CE Features :: Applications and Services Development :: XML :: XML Core Services and Document Object Model :: XML SAX :: XML SAX Application Development :: SAX2 Developer Guide :: JumpStart for Creating a SAX2 Application :: Tutorial: JumpStart for Creating a SAX2 Application with C++
11	Windows CE 5.0 :: Product Documentation :: Windows CE Features :: Applications and Services Development :: XML :: XML Core Services and Document Object Model :: XML SAX :: XML SAX Reference :: XML SAX Interfaces :: IMXAttributes
3	Windows CE 5.0 :: Product Documentation :: Windows CE Features :: Applications and Services Development :: XML :: XML Core Services and Document Object Model :: XML SAX :: XML SAX Reference :: XML SAX Interfaces :: IMXReaderControl
9	Windows CE 5.0 :: Product Documentation :: Windows CE Features :: Applications and Services Development :: XML :: XML Core Services and Document Object Model :: XML SAX :: XML SAX Reference :: XML SAX Interfaces :: IMXWriter
13	Windows CE 5.0 :: Product Documentation :: Windows CE Features :: Applications and Services Development :: XML :: XML Core Services and Document Object Model :: XML SAX :: XML SAX Reference :: XML SAX Interfaces :: ISAXAttributes
11	Windows CE 5.0 :: Product Documentation :: Windows CE Features :: Applications and Services Development :: XML :: XML Core Services and Document Object Model :: XML SAX :: XML SAX Reference :: XML SAX Interfaces :: ISAXContentHandler
2	Windows CE 5.0 :: Product Documentation :: Windows CE Features :: Applications and Services Development :: XML :: XML Core Services and Document Object Model :: XML SAX :: XML SAX Reference :: XML SAX Interfaces :: ISAXDTDHandler
4	Windows CE 5.0 :: Product Documentation :: Windows CE Features :: Applications and Services Development :: XML :: XML Core Services and Document Object Model :: XML SAX :: XML SAX Reference :: XML SAX Interfaces :: ISAXDeclHandler
1	Windows CE 5.0 :: Product Documentation :: Windows CE Features :: Applications and Services Development :: XML :: XML Core Services and Document Object Model :: XML SAX :: XML SAX Reference :: XML SAX Interfaces :: ISAXEntityResolver
3	Windows CE 5.0 :: Product Documentation :: Windows CE Features :: Applications and Services Development :: XML :: XML Core Services and Document Object Model :: XML SAX :: XML SAX Reference :: XML SAX Interfaces :: ISAXErrorHandler
7	Windows CE 5.0 :: Product Documentation :: Windows CE Features :: Applications and Services Development :: XML :: XML Core Services and Document Object Model :: XML SAX :: XML SAX Reference :: XML SAX Interfaces :: ISAXLexicalHandler
4	Windows CE 5.0 :: Product Documentation :: Windows CE Features :: Applications and Services Development :: XML :: XML Core Services and Document Object Model :: XML SAX :: XML SAX Reference :: XML SAX Interfaces :: ISAXLocator
2	Windows CE 5.0 :: Product Documentation :: Windows CE Features :: Applications and Services Development :: XML :: XML Core Services and Document Object Model :: XML SAX :: XML SAX Reference :: XML SAX Interfaces :: ISAXXMLFilter
18	Windows CE 5.0 :: Product Documentation :: Windows CE Features :: Applications and Services Development :: XML :: XML Core Services and Document Object Model :: XML SAX :: XML SAX Reference :: XML SAX Interfaces :: ISAXXMLReader
4	Windows CE 5.0 :: Product Documentation :: Windows CE Features :: Applications and Services Development :: XML :: XML Minimal Parser
1	Windows CE 5.0 :: Product Documentation :: Windows CE Features :: Applications and Services Development :: XML :: XML Minimal Parser :: XML Minimal Parser Reference
1	Windows CE 5.0 :: Product Documentation :: Windows CE Features :: Communication Services and Networking
5	Windows CE 5.0 :: Product Documentation :: Windows CE Features :: Communication Services and Networking :: Networking - General :: Domain Discovery
2	Windows CE 5.0 :: Product Documentation :: Windows CE Features :: Communication Services and Networking :: Networking - General :: Domain Discovery :: Domain Discovery Reference :: Domain Discovery Functions
1	Windows CE 5.0 :: Product Documentation :: Windows CE Features :: Communication Services and Networking :: Networking - General :: Domain Discovery :: Domain Discovery Reference :: Domain Discovery Structures
5	Windows CE 5.0 :: Product Documentation :: Windows CE Features :: Communication Services and Networking :: Networking - General :: Extensible Authentication Protocol
3	Windows CE 5.0 :: Product Documentation :: Windows CE Features :: Communication Services and Networking :: Networking - General :: Extensible Authentication Protocol :: EAP Application Development
1	Windows CE 5.0 :: Product Documentation :: Windows CE Features :: Communication Services and Networking :: Networking - General :: Extensible Authentication Protocol :: EAP Application Development :: Configuration User Interface
4	Windows CE 5.0 :: Product Documentation :: Windows CE Features :: Communication Services and Networking :: Networking - General :: Extensible Authentication Protocol :: EAP Application Development :: EAP Authentication Protocols
4	Windows CE 5.0 :: Product Documentation :: Windows CE Features :: Communication Services and Networking :: Networking - General :: Extensible Authentication Protocol :: EAP Application Development :: EAP Implementation Details
1	Windows CE 5.0 :: Product Documentation :: Windows CE Features :: Communication Services and Networking :: Networking - General :: Extensible Authentication Protocol :: EAP Reference
2	Windows CE 5.0 :: Product Documentation :: Windows CE Features :: Communication Services and Networking :: Networking - General :: Extensible Authentication Protocol :: EAP Reference :: EAP Enumerations
5	Windows CE 5.0 :: Product Documentation :: Windows CE Features :: Communication Services and Networking :: Networking - General :: Extensible Authentication Protocol :: EAP Reference :: EAP Structures
6	Windows CE 5.0 :: Product Documentation :: Windows CE Features :: Communication Services and Networking :: Networking - General :: Firewall
3	Windows CE 5.0 :: Product Documentation :: Windows CE Features :: Communication Services and Networking :: Networking - General :: Firewall :: IP Firewall Application Development
5	Windows CE 5.0 :: Product Documentation :: Windows CE Features :: Communication Services and Networking :: Networking - General :: Firewall :: IP Firewall Application Development :: Firewall Rule Examples :: General Firewall Rule Examples
3	Windows CE 5.0 :: Product Documentation :: Windows CE Features :: Communication Services and Networking :: Networking - General :: Firewall :: IP Firewall Logging Reference
1	Windows CE 5.0 :: Product Documentation :: Windows CE Features :: Communication Services and Networking :: Networking - General :: Firewall :: IP Firewall Reference :: IP Firewall Data Types
5	Windows CE 5.0 :: Product Documentation :: Windows CE Features :: Communication Services and Networking :: Networking - General :: Firewall :: IP Firewall Reference :: IP Firewall Enumerations
9	Windows CE 5.0 :: Product Documentation :: Windows CE Features :: Communication Services and Networking :: Networking - General :: Firewall :: IP Firewall Reference :: IP Firewall Functions
3	Windows CE 5.0 :: Product Documentation :: Windows CE Features :: Communication Services and Networking :: Networking - General :: Firewall :: IP Firewall Reference :: IP Firewall Structures
5	Windows CE 5.0 :: Product Documentation :: Windows CE Features :: Communication Services and Networking :: Networking - General :: IPSec v4
1	Windows CE 5.0 :: Product Documentation :: Windows CE Features :: Communication Services and Networking :: Networking - General :: IPSec v4 :: IPSec Application Development
6	Windows CE 5.0 :: Product Documentation :: Windows CE Features :: Communication Services and Networking :: Networking - General :: IPSec v4 :: IPSec Reference :: IPSec Functions
2	Windows CE 5.0 :: Product Documentation :: Windows CE Features :: Communication Services and Networking :: Networking - General :: IPSec v4 :: IPSec Reference :: IPSec Structures
4	Windows CE 5.0 :: Product Documentation :: Windows CE Features :: Communication Services and Networking :: Networking - General :: Internet Connection Sharing
2	Windows CE 5.0 :: Product Documentation :: Windows CE Features :: Communication Services and Networking :: Networking - General :: Internet Connection Sharing :: ICS Application Development
2	Windows CE 5.0 :: Product Documentation :: Windows CE Features :: Communication Services and Networking :: Networking - General :: Internet Connection Sharing :: ICS Application Development :: Auto Dial for ICS
2	Windows CE 5.0 :: Product Documentation :: Windows CE Features :: Communication Services and Networking :: Networking - General :: Internet Connection Sharing :: ICS Application Development :: DHCP Allocator
1	Windows CE 5.0 :: Product Documentation :: Windows CE Features :: Communication Services and Networking :: Networking - General :: Internet Connection Sharing :: ICS Application Development :: DNS Proxy
4	Windows CE 5.0 :: Product Documentation :: Windows CE Features :: Communication Services and Networking :: Networking - General :: Internet Connection Sharing :: ICS Application Development :: NAT Editor
6	Windows CE 5.0 :: Product Documentation :: Windows CE Features :: Communication Services and Networking :: Networking - General :: Internet Connection Sharing :: ICS Application Development :: Network Address Translation
1	Windows CE 5.0 :: Product Documentation :: Windows CE Features :: Communication Services and Networking :: Networking - General :: Internet Connection Sharing :: ICS Application Development :: Network Address Translation :: NAT Traversal
1	Windows CE 5.0 :: Product Documentation :: Windows CE Features :: Communication Services and Networking :: Networking - General :: Internet Connection Sharing :: ICS Application Development :: Network Address Translation :: NAT and Applications
5	Windows CE 5.0 :: Product Documentation :: Windows CE Features :: Communication Services and Networking :: Networking - General :: Internet Connection Sharing :: ICS Reference :: ICS Functions
8	Windows CE 5.0 :: Product Documentation :: Windows CE Features :: Communication Services and Networking :: Networking - General :: Internet Connection Sharing :: ICS Registry Settings
3	Windows CE 5.0 :: Product Documentation :: Windows CE Features :: Communication Services and Networking :: Networking - General :: Internet Protocol Version 6
6	Windows CE 5.0 :: Product Documentation :: Windows CE Features :: Communication Services and Networking :: Networking - General :: Internet Protocol Version 6 :: How to Convert an Application from IPv4 to IPv4/IPv6
2	Windows CE 5.0 :: Product Documentation :: Windows CE Features :: Communication Services and Networking :: Networking - General :: Internet Protocol Version 6 :: How to Convert an Application from IPv4 to IPv4/IPv6 :: Changing the Application Source Code to Support IPv6
2	Windows CE 5.0 :: Product Documentation :: Windows CE Features :: Communication Services and Networking :: Networking - General :: Internet Protocol Version 6 :: How to Convert an Application from IPv4 to IPv4/IPv6 :: IP Independent Source Code Examples
2	Windows CE 5.0 :: Product Documentation :: Windows CE Features :: Communication Services and Networking :: Networking - General :: Internet Protocol Version 6 :: How to Convert an Application from IPv4 to IPv4/IPv6 :: IPv4-only Source Code Examples
5	Windows CE 5.0 :: Product Documentation :: Windows CE Features :: Communication Services and Networking :: Networking - General :: Internet Protocol Version 6 :: How to Set Up and Use an IPv6 Test Lab
5	Windows CE 5.0 :: Product Documentation :: Windows CE Features :: Communication Services and Networking :: Networking - General :: Internet Protocol Version 6 :: How to Set Up and Use an IPv6 Test Lab :: Creating the Run-Time Images for the IPv6 Test Lab
2	Windows CE 5.0 :: Product Documentation :: Windows CE Features :: Communication Services and Networking :: Networking - General :: Internet Protocol Version 6 :: IPv6 Application Development
3	Windows CE 5.0 :: Product Documentation :: Windows CE Features :: Communication Services and Networking :: Networking - General :: Internet Protocol Version 6 :: IPv6 Application Development :: Assigning an IPv6 Address to a Device
1	Windows CE 5.0 :: Product Documentation :: Windows CE Features :: Communication Services and Networking :: Networking - General :: Internet Protocol Version 6 :: IPv6 Application Development :: Converting to IPv6
2	Windows CE 5.0 :: Product Documentation :: Windows CE Features :: Communication Services and Networking :: Networking - General :: Internet Protocol Version 6 :: IPv6 Application Development :: Core Protocol Stack for IPv6 :: Host Name Resolution for IPv6
4	Windows CE 5.0 :: Product Documentation :: Windows CE Features :: Communication Services and Networking :: Networking - General :: Internet Protocol Version 6 :: IPv6 Application Development :: Core Protocol Stack for IPv6 :: Internet Protocol (IP) for IPv6
4	Windows CE 5.0 :: Product Documentation :: Windows CE Features :: Communication Services and Networking :: Networking - General :: Internet Protocol Version 6 :: IPv6 Application Development :: Core Protocol Stack for IPv6 :: Internet Protocol (IP) for IPv6 :: Core Protocols of IPv6
6	Windows CE 5.0 :: Product Documentation :: Windows CE Features :: Communication Services and Networking :: Networking - General :: Internet Protocol Version 6 :: IPv6 Application Development :: Core Protocol Stack for IPv6 :: Internet Protocol (IP) for IPv6 :: IPv6 Addressing
2	Windows CE 5.0 :: Product Documentation :: Windows CE Features :: Communication Services and Networking :: Networking - General :: Internet Protocol Version 6 :: IPv6 Application Development :: Core Protocol Stack for IPv6 :: Internet Protocol (IP) for IPv6 :: IPv6 Addressing :: Methods for Configuring IPv6 Addresses
5	Windows CE 5.0 :: Product Documentation :: Windows CE Features :: Communication Services and Networking :: Networking - General :: Internet Protocol Version 6 :: IPv6 Application Development :: Core Protocol Stack for IPv6 :: Internet Protocol (IP) for IPv6 :: IPv6 Implementations
2	Windows CE 5.0 :: Product Documentation :: Windows CE Features :: Communication Services and Networking :: Networking - General :: Internet Protocol Version 6 :: IPv6 Application Development :: Core Protocol Stack for IPv6 :: Managing IPv6 Routes
4	Windows CE 5.0 :: Product Documentation :: Windows CE Features :: Communication Services and Networking :: Networking - General :: Internet Protocol Version 6 :: IPv6 Application Development :: Core Protocol Stack for IPv6 :: Managing IPv6 Routes :: Maintaining Route Tables for IPv6
5	Windows CE 5.0 :: Product Documentation :: Windows CE Features :: Communication Services and Networking :: Networking - General :: Internet Protocol Version 6 :: IPv6 OS Design Development
3	Windows CE 5.0 :: Product Documentation :: Windows CE Features :: Communication Services and Networking :: Networking - General :: Internet Protocol Version 6 :: TCP/IPv6 Registry Settings
3	Windows CE 5.0 :: Product Documentation :: Windows CE Features :: Communication Services and Networking :: Networking - General :: NDIS Packet Capturing
2	Windows CE 5.0 :: Product Documentation :: Windows CE Features :: Communication Services and Networking :: Networking - General :: NDIS Packet Capturing :: NDIS Packet Capturing Application Development
4	Windows CE 5.0 :: Product Documentation :: Windows CE Features :: Communication Services and Networking :: Networking - General :: Network Bridging
1	Windows CE 5.0 :: Product Documentation :: Windows CE Features :: Communication Services and Networking :: Networking - General :: Network Bridging :: Network Bridging Application Development
2	Windows CE 5.0 :: Product Documentation :: Windows CE Features :: Communication Services and Networking :: Networking - General :: Network Bridging :: Network Bridging Application Development :: Network Bridging Spanning Tree Algorithm
3	Windows CE 5.0 :: Product Documentation :: Windows CE Features :: Communication Services and Networking :: Networking - General :: Network Bridging :: Network Bridging Reference :: Network Bridging Object Identifiers
1	Windows CE 5.0 :: Product Documentation :: Windows CE Features :: Communication Services and Networking :: Networking - General :: Network Bridging :: Network Bridging Registry Settings
4	Windows CE 5.0 :: Product Documentation :: Windows CE Features :: Communication Services and Networking :: Networking - General :: Network Utilities
6	Windows CE 5.0 :: Product Documentation :: Windows CE Features :: Communication Services and Networking :: Networking - General :: Network Utilities :: Network Utilities Application Development
6	Windows CE 5.0 :: Product Documentation :: Windows CE Features :: Communication Services and Networking :: Networking - General :: Network Utilities :: Network Utilities Application Development :: TCP/IPv6 Troubleshooting Tools :: Diagnosing Connections
32	Windows CE 5.0 :: Product Documentation :: Windows CE Features :: Communication Services and Networking :: Networking - General :: Network Utilities :: Network Utilities Application Development :: TCP/IPv6 Troubleshooting Tools :: IPv6
4	Windows CE 5.0 :: Product Documentation :: Windows CE Features :: Communication Services and Networking :: Networking - General :: Reference Gateway User Interface
5	Windows CE 5.0 :: Product Documentation :: Windows CE Features :: Communication Services and Networking :: Networking - General :: Remote Configuration Framework
1	Windows CE 5.0 :: Product Documentation :: Windows CE Features :: Communication Services and Networking :: Networking - General :: Remote Configuration Framework :: Remote Configuration Framework Application Development
20	Windows CE 5.0 :: Product Documentation :: Windows CE Features :: Communication Services and Networking :: Networking - General :: Remote Configuration Framework :: Remote Configuration Framework Application Development :: Remote Configuration Framework Modules
7	Windows CE 5.0 :: Product Documentation :: Windows CE Features :: Communication Services and Networking :: Networking - General :: Remote Configuration Framework :: Remote Configuration Framework Reference :: Remote Configuration Framework Interfaces :: IRemoteUIModule
5	Windows CE 5.0 :: Product Documentation :: Windows CE Features :: Communication Services and Networking :: Networking - General :: Remote Configuration Framework :: Remote Configuration Framework Reference :: Remote Configuration Framework Interfaces :: IRemoteUI_Array
8	Windows CE 5.0 :: Product Documentation :: Windows CE Features :: Communication Services and Networking :: Networking - General :: Remote Configuration Framework :: Remote Configuration Framework Reference :: Remote Configuration Framework Interfaces :: IVariableContainer
5	Windows CE 5.0 :: Product Documentation :: Windows CE Features :: Communication Services and Networking :: Networking - General :: TCP/IP
9	Windows CE 5.0 :: Product Documentation :: Windows CE Features :: Communication Services and Networking :: Networking - General :: TCP/IP :: Internet Protocol Helper APIs
8	Windows CE 5.0 :: Product Documentation :: Windows CE Features :: Communication Services and Networking :: Networking - General :: TCP/IP :: Internet Protocol Helper APIs :: IP Helper Code Samples
1	Windows CE 5.0 :: Product Documentation :: Windows CE Features :: Communication Services and Networking :: Networking - General :: TCP/IP :: TCP/IP Application Development :: Assigning an IPv4 Address to a Device
2	Windows CE 5.0 :: Product Documentation :: Windows CE Features :: Communication Services and Networking :: Networking - General :: TCP/IP :: TCP/IP Application Development :: Assigning an IPv4 Address to a Device :: Automatic Client Configuration for IPv4 :: Additional DHCP Settings
1	Windows CE 5.0 :: Product Documentation :: Windows CE Features :: Communication Services and Networking :: Networking - General :: TCP/IP :: TCP/IP Application Development :: Core Protocol Stack for IPv4
6	Windows CE 5.0 :: Product Documentation :: Windows CE Features :: Communication Services and Networking :: Networking - General :: TCP/IP :: TCP/IP Application Development :: Core Protocol Stack for IPv4 :: Host Name Resolution for IPv4
3	Windows CE 5.0 :: Product Documentation :: Windows CE Features :: Communication Services and Networking :: Networking - General :: TCP/IP :: TCP/IP Application Development :: Core Protocol Stack for IPv4 :: Internet Protocol (IP) for IPv4
1	Windows CE 5.0 :: Product Documentation :: Windows CE Features :: Communication Services and Networking :: Networking - General :: TCP/IP :: TCP/IP Application Development :: Core Protocol Stack for IPv4 :: Internet Protocol (IP) for IPv4 :: Classless Interdomain Routing (CIDR) for IPv4
1	Windows CE 5.0 :: Product Documentation :: Windows CE Features :: Communication Services and Networking :: Networking - General :: TCP/IP :: TCP/IP Application Development :: Core Protocol Stack for IPv4 :: Internet Protocol (IP) for IPv4 :: Core Protocols of IPv4
1	Windows CE 5.0 :: Product Documentation :: Windows CE Features :: Communication Services and Networking :: Networking - General :: TCP/IP :: TCP/IP Application Development :: Core Protocol Stack for IPv4 :: Internet Protocol (IP) for IPv4 :: Core Protocols of IPv4 :: Internet Control Message Protocol (ICMP)
3	Windows CE 5.0 :: Product Documentation :: Windows CE Features :: Communication Services and Networking :: Networking - General :: TCP/IP :: TCP/IP Application Development :: Core Protocol Stack for IPv4 :: Internet Protocol (IP) for IPv4 :: Core Protocols of IPv4 :: Internet Group Management Protocol (IGMP)
2	Windows CE 5.0 :: Product Documentation :: Windows CE Features :: Communication Services and Networking :: Networking - General :: TCP/IP :: TCP/IP Application Development :: Core Protocol Stack for IPv4 :: Managing IPv4 Routes
2	Windows CE 5.0 :: Product Documentation :: Windows CE Features :: Communication Services and Networking :: Networking - General :: TCP/IP :: TCP/IP Application Development :: Core Protocol Stack for IPv4 :: Managing IPv4 Routes :: Maintaining Route Tables for IPv4
13	Windows CE 5.0 :: Product Documentation :: Windows CE Features :: Communication Services and Networking :: Networking - General :: TCP/IP :: TCP/IP Application Development :: Core Protocol Stack for IPv4 :: Transmission Control Protocol (TCP)
2	Windows CE 5.0 :: Product Documentation :: Windows CE Features :: Communication Services and Networking :: Networking - General :: TCP/IP :: TCP/IP Application Development :: Network Driver Interface Specification (NDIS)
4	Windows CE 5.0 :: Product Documentation :: Windows CE Features :: Communication Services and Networking :: Networking - General :: TCP/IP :: TCP/IP Application Development :: TCP/IP Architectural Model
9	Windows CE 5.0 :: Product Documentation :: Windows CE Features :: Communication Services and Networking :: Networking - General :: TCP/IP :: TCP/IP Application Development :: TCP/IP Support in Windows CE
4	Windows CE 5.0 :: Product Documentation :: Windows CE Features :: Communication Services and Networking :: Networking - General :: TCP/IP :: TCP/IP Reference :: DNS Reference :: DNS Functions
28	Windows CE 5.0 :: Product Documentation :: Windows CE Features :: Communication Services and Networking :: Networking - General :: TCP/IP :: TCP/IP Reference :: DNS Reference :: DNS Structures
8	Windows CE 5.0 :: Product Documentation :: Windows CE Features :: Communication Services and Networking :: Networking - General :: TCP/IP :: TCP/IP Reference :: ICMP Reference :: ICMP Functions
2	Windows CE 5.0 :: Product Documentation :: Windows CE Features :: Communication Services and Networking :: Networking - General :: TCP/IP :: TCP/IP Reference :: ICMP Reference :: ICMP Structures
5	Windows CE 5.0 :: Product Documentation :: Windows CE Features :: Communication Services and Networking :: Networking - General :: TCP/IP :: TCP/IP Reference :: IP Helper Reference :: IP Helper Enumerations
48	Windows CE 5.0 :: Product Documentation :: Windows CE Features :: Communication Services and Networking :: Networking - General :: TCP/IP :: TCP/IP Reference :: IP Helper Reference :: IP Helper Functions
33	Windows CE 5.0 :: Product Documentation :: Windows CE Features :: Communication Services and Networking :: Networking - General :: TCP/IP :: TCP/IP Reference :: IP Helper Reference :: IP Helper Structures
4	Windows CE 5.0 :: Product Documentation :: Windows CE Features :: Communication Services and Networking :: Networking - General :: TCP/IP :: TCP/IP Registry Settings
4	Windows CE 5.0 :: Product Documentation :: Windows CE Features :: Communication Services and Networking :: Networking - General :: USB Flash Config Tool
1	Windows CE 5.0 :: Product Documentation :: Windows CE Features :: Communication Services and Networking :: Networking - General :: USB Flash Config Tool :: USB Flash Config Tool OS Design Development
5	Windows CE 5.0 :: Product Documentation :: Windows CE Features :: Communication Services and Networking :: Networking - General :: Windows Networking API/Redirector
2	Windows CE 5.0 :: Product Documentation :: Windows CE Features :: Communication Services and Networking :: Networking - General :: Windows Networking API/Redirector :: Windows Networking API/Redirector Application Development :: Accessing Remote File Systems
3	Windows CE 5.0 :: Product Documentation :: Windows CE Features :: Communication Services and Networking :: Networking - General :: Windows Networking API/Redirector :: Windows Networking API/Redirector Application Development :: Managing Network Connections with WNet
2	Windows CE 5.0 :: Product Documentation :: Windows CE Features :: Communication Services and Networking :: Networking - General :: Windows Networking API/Redirector :: Windows Networking API/Redirector Application Development :: Managing Network Connections with WNet :: Connecting to a Network
3	Windows CE 5.0 :: Product Documentation :: Windows CE Features :: Communication Services and Networking :: Networking - General :: Windows Networking API/Redirector :: Windows Networking API/Redirector Application Development :: Managing Network Connections with WNet :: Retrieving Network Data
11	Windows CE 5.0 :: Product Documentation :: Windows CE Features :: Communication Services and Networking :: Networking - General :: Windows Networking API/Redirector :: Windows Networking API/Redirector Reference :: Windows Networking API/Redirector Functions
5	Windows CE 5.0 :: Product Documentation :: Windows CE Features :: Communication Services and Networking :: Networking - General :: Windows Networking API/Redirector :: Windows Networking API/Redirector Reference :: Windows Networking API/Redirector Structures
4	Windows CE 5.0 :: Product Documentation :: Windows CE Features :: Communication Services and Networking :: Networking - General :: Windows Sockets
2	Windows CE 5.0 :: Product Documentation :: Windows CE Features :: Communication Services and Networking :: Networking - General :: Windows Sockets :: Windows Sockets Reference :: Winsock Reference
5	Windows CE 5.0 :: Product Documentation :: Windows CE Features :: Communication Services and Networking :: Networking - General :: Windows Sockets :: Windows Sockets Reference :: Winsock Reference :: Socket Options
1	Windows CE 5.0 :: Product Documentation :: Windows CE Features :: Communication Services and Networking :: Networking - General :: Windows Sockets :: Windows Sockets Reference :: Winsock Reference :: Socket Options :: IPPROTO_IPV6
1	Windows CE 5.0 :: Product Documentation :: Windows CE Features :: Communication Services and Networking :: Networking - General :: Windows Sockets :: Windows Sockets Reference :: Winsock Reference :: Winsock Enumerations
30	Windows CE 5.0 :: Product Documentation :: Windows CE Features :: Communication Services and Networking :: Networking - General :: Windows Sockets :: Windows Sockets Reference :: Winsock Reference :: Winsock Functions :: Socket Functions
34	Windows CE 5.0 :: Product Documentation :: Windows CE Features :: Communication Services and Networking :: Networking - General :: Windows Sockets :: Windows Sockets Reference :: Winsock Reference :: Winsock Functions :: Windows-Specific Extension Functions
35	Windows CE 5.0 :: Product Documentation :: Windows CE Features :: Communication Services and Networking :: Networking - General :: Windows Sockets :: Windows Sockets Reference :: Winsock Reference :: Winsock Structures
54	Windows CE 5.0 :: Product Documentation :: Windows CE Features :: Communication Services and Networking :: Networking - General :: Windows Sockets :: Windows Sockets Reference :: Winsock SPI Reference :: Winsock SPI Functions
3	Windows CE 5.0 :: Product Documentation :: Windows CE Features :: Communication Services and Networking :: Networking - General :: Windows Sockets :: Windows Sockets Reference :: Winsock SPI Reference :: Winsock SPI Structures
3	Windows CE 5.0 :: Product Documentation :: Windows CE Features :: Communication Services and Networking :: Networking - General :: Windows Sockets :: Winsock Application Development :: Winsock 2.2
8	Windows CE 5.0 :: Product Documentation :: Windows CE Features :: Communication Services and Networking :: Networking - General :: Windows Sockets :: Winsock Application Development :: Winsock 2.2 :: Creating an IP Multicast Application
4	Windows CE 5.0 :: Product Documentation :: Windows CE Features :: Communication Services and Networking :: Networking - General :: Windows Sockets :: Winsock Application Development :: Winsock 2.2 :: Stream Socket Application
1	Windows CE 5.0 :: Product Documentation :: Windows CE Features :: Communication Services and Networking :: Networking - General :: Windows Sockets :: Winsock Application Development :: Winsock 2.2 :: Winsock Support in Windows CE
1	Windows CE 5.0 :: Product Documentation :: Windows CE Features :: Communication Services and Networking :: Networking - General :: Windows Sockets :: Winsock Application Development :: Winsock 2.2 :: Winsock Support in Windows CE :: Backward Compatibility for Windows Sockets 1.1 Applications
4	Windows CE 5.0 :: Product Documentation :: Windows CE Features :: Communication Services and Networking :: Networking - General :: Windows Sockets :: Winsock Application Development :: Winsock 2.2 :: Winsock Support in Windows CE :: Multiple Transport Protocols
2	Windows CE 5.0 :: Product Documentation :: Windows CE Features :: Communication Services and Networking :: Networking - General :: Windows Sockets :: Winsock Application Development :: Winsock 2.2 :: Winsock Support in Windows CE :: Winsock Name Resolution
3	Windows CE 5.0 :: Product Documentation :: Windows CE Features :: Communication Services and Networking :: Networking - General :: Windows Sockets :: Winsock Application Development :: Winsock 2.2 :: Winsock Support in Windows CE :: Winsock Name Resolution :: Protocol-Independent Name Resolution
5	Windows CE 5.0 :: Product Documentation :: Windows CE Features :: Communication Services and Networking :: Networking - General :: Windows Sockets :: Winsock Application Development :: Winsock 2.2 :: Winsock Support in Windows CE :: Winsock Overlapped I/O and Event Objects
3	Windows CE 5.0 :: Product Documentation :: Windows CE Features :: Communication Services and Networking :: Networking - General :: Windows Sockets :: Winsock Application Development :: Winsock 2.2 :: Winsock Support in Windows CE :: Winsock Secure Sockets
4	Windows CE 5.0 :: Product Documentation :: Windows CE Features :: Communication Services and Networking :: Networking - General :: Windows Sockets :: Winsock Application Development :: Winsock Service Provider Interface (SPI)
3	Windows CE 5.0 :: Product Documentation :: Windows CE Features :: Communication Services and Networking :: Networking - General :: Windows Sockets :: Winsock Application Development :: Winsock Service Provider Interface (SPI) :: Event Objects in the Winsock SPI
1	Windows CE 5.0 :: Product Documentation :: Windows CE Features :: Communication Services and Networking :: Networking - General :: Windows Sockets :: Winsock Application Development :: Winsock Service Provider Interface (SPI) :: Name Resolution Service Provider Requirements
4	Windows CE 5.0 :: Product Documentation :: Windows CE Features :: Communication Services and Networking :: Networking - General :: Windows Sockets :: Winsock Application Development :: Winsock Service Provider Interface (SPI) :: Namespace Provider Installation
4	Windows CE 5.0 :: Product Documentation :: Windows CE Features :: Communication Services and Networking :: Networking - General :: Windows Sockets :: Winsock Application Development :: Winsock Service Provider Interface (SPI) :: Namespace Provider Installation :: Compatible Name Resolution for TCP/IP in the Windows Sockets 1.1 SPI
1	Windows CE 5.0 :: Product Documentation :: Windows CE Features :: Communication Services and Networking :: Networking - General :: Windows Sockets :: Winsock Application Development :: Winsock Service Provider Interface (SPI) :: Notification of Network Events
5	Windows CE 5.0 :: Product Documentation :: Windows CE Features :: Communication Services and Networking :: Networking - General :: Windows Sockets :: Winsock Application Development :: Winsock Service Provider Interface (SPI) :: Protocol-Independent Multicast and Multipoint in the SPI
5	Windows CE 5.0 :: Product Documentation :: Windows CE Features :: Communication Services and Networking :: Networking - General :: Windows Sockets :: Winsock Application Development :: Winsock Service Provider Interface (SPI) :: Socket Connections on Connection-Oriented Protocols
2	Windows CE 5.0 :: Product Documentation :: Windows CE Features :: Communication Services and Networking :: Networking - General :: Windows Sockets :: Winsock Application Development :: Winsock Service Provider Interface (SPI) :: Socket Connections on Connectionless Protocols
2	Windows CE 5.0 :: Product Documentation :: Windows CE Features :: Communication Services and Networking :: Networking - General :: Windows Sockets :: Winsock Application Development :: Winsock Service Provider Interface (SPI) :: Socket Creation and Descriptor Management
5	Windows CE 5.0 :: Product Documentation :: Windows CE Features :: Communication Services and Networking :: Networking - General :: Windows Sockets :: Winsock Application Development :: Winsock Service Provider Interface (SPI) :: Socket I/O
1	Windows CE 5.0 :: Product Documentation :: Windows CE Features :: Communication Services and Networking :: Networking - General :: Windows Sockets :: Winsock Application Development :: Winsock Service Provider Interface (SPI) :: Socket Options and IOCTLs
3	Windows CE 5.0 :: Product Documentation :: Windows CE Features :: Communication Services and Networking :: Networking - General :: Windows Sockets :: Winsock Application Development :: Winsock Service Provider Interface (SPI) :: Summary of SPI Functions
2	Windows CE 5.0 :: Product Documentation :: Windows CE Features :: Communication Services and Networking :: Networking - General :: Windows Sockets :: Winsock Application Development :: Winsock Service Provider Interface (SPI) :: Winsock and WOSA
2	Windows CE 5.0 :: Product Documentation :: Windows CE Features :: Communication Services and Networking :: Networking - General :: Windows Sockets :: Winsock Application Development :: Winsock Service Provider Interface (SPI) :: Winsock and WOSA :: Data Transport Providers
1	Windows CE 5.0 :: Product Documentation :: Windows CE Features :: Communication Services and Networking :: Networking - General :: Windows Sockets :: Winsock Application Development :: Winsock Service Provider Interface (SPI) :: Winsock and WOSA :: Function Interface Model
1	Windows CE 5.0 :: Product Documentation :: Windows CE Features :: Communication Services and Networking :: Networking - General :: Windows Sockets :: Winsock Application Development :: Winsock Service Provider Interface (SPI) :: Winsock and WOSA :: Winsock Service Providers
2	Windows CE 5.0 :: Product Documentation :: Windows CE Features :: Communication Services and Networking :: Networking - Local Area Network (LAN) :: Native Wi-Fi WLAN
4	Windows CE 5.0 :: Product Documentation :: Windows CE Features :: Communication Services and Networking :: Networking - Local Area Network (LAN) :: Native Wi-Fi WLAN :: How to Build a Wireless Access Point Using Windows CE
1	Windows CE 5.0 :: Product Documentation :: Windows CE Features :: Communication Services and Networking :: Networking - Local Area Network (LAN) :: Native Wi-Fi WLAN :: Native Wi-Fi WLAN OS Design Development
5	Windows CE 5.0 :: Product Documentation :: Windows CE Features :: Communication Services and Networking :: Networking - Local Area Network (LAN) :: Wireless Technologies in Windows CE
1	Windows CE 5.0 :: Product Documentation :: Windows CE Features :: Communication Services and Networking :: Networking - Local Area Network (LAN) :: Wireless Technologies in Windows CE :: 802.11 Overview
3	Windows CE 5.0 :: Product Documentation :: Windows CE Features :: Communication Services and Networking :: Networking - Local Area Network (LAN) :: Wireless Technologies in Windows CE :: EAP Support
1	Windows CE 5.0 :: Product Documentation :: Windows CE Features :: Communication Services and Networking :: Networking - Local Area Network (LAN) :: Wireless Technologies in Windows CE :: Wireless Security
3	Windows CE 5.0 :: Product Documentation :: Windows CE Features :: Communication Services and Networking :: Networking - Local Area Network (LAN) :: Wireless Technologies in Windows CE :: Wireless Security :: 802.11 Authentication
3	Windows CE 5.0 :: Product Documentation :: Windows CE Features :: Communication Services and Networking :: Networking - Personal Area Network (PAN) :: Bluetooth
7	Windows CE 5.0 :: Product Documentation :: Windows CE Features :: Communication Services and Networking :: Networking - Personal Area Network (PAN) :: Bluetooth :: Bluetooth Application Development
1	Windows CE 5.0 :: Product Documentation :: Windows CE Features :: Communication Services and Networking :: Networking - Personal Area Network (PAN) :: Bluetooth :: Bluetooth Application Development :: Querying Service Capability on Remote Bluetooth Devices
1	Windows CE 5.0 :: Product Documentation :: Windows CE Features :: Communication Services and Networking :: Networking - Personal Area Network (PAN) :: Bluetooth :: Bluetooth Application Development :: Searching SDP Attributes Using COM Interfaces
3	Windows CE 5.0 :: Product Documentation :: Windows CE Features :: Communication Services and Networking :: Networking - Personal Area Network (PAN) :: Bluetooth :: Bluetooth OS Design Development
2	Windows CE 5.0 :: Product Documentation :: Windows CE Features :: Communication Services and Networking :: Networking - Personal Area Network (PAN) :: Bluetooth :: Bluetooth OS Design Development :: Bluetooth Profiles
5	Windows CE 5.0 :: Product Documentation :: Windows CE Features :: Communication Services and Networking :: Networking - Personal Area Network (PAN) :: Bluetooth :: Bluetooth OS Design Development :: Bluetooth Profiles :: Audio Gateway Service
1	Windows CE 5.0 :: Product Documentation :: Windows CE Features :: Communication Services and Networking :: Networking - Personal Area Network (PAN) :: Bluetooth :: Bluetooth OS Design Development :: Bluetooth Profiles :: Human Interface Device (HID) Profile
4	Windows CE 5.0 :: Product Documentation :: Windows CE Features :: Communication Services and Networking :: Networking - Personal Area Network (PAN) :: Bluetooth :: Bluetooth OS Design Development :: Bluetooth Profiles :: Personal Area Networking (PAN) Profile
5	Windows CE 5.0 :: Product Documentation :: Windows CE Features :: Communication Services and Networking :: Networking - Personal Area Network (PAN) :: Bluetooth :: Bluetooth OS Design Development :: Creating a Bluetooth Stack Extension Layer
9	Windows CE 5.0 :: Product Documentation :: Windows CE Features :: Communication Services and Networking :: Networking - Personal Area Network (PAN) :: Bluetooth :: Bluetooth OS Design Development :: Host Controller Interface
3	Windows CE 5.0 :: Product Documentation :: Windows CE Features :: Communication Services and Networking :: Networking - Personal Area Network (PAN) :: Bluetooth :: Bluetooth Reference :: Bluetooth Application Development Reference :: Bluetooth Application Development Enumerations
12	Windows CE 5.0 :: Product Documentation :: Windows CE Features :: Communication Services and Networking :: Networking - Personal Area Network (PAN) :: Bluetooth :: Bluetooth Reference :: Bluetooth Application Development Reference :: Bluetooth Application Development Functions
2	Windows CE 5.0 :: Product Documentation :: Windows CE Features :: Communication Services and Networking :: Networking - Personal Area Network (PAN) :: Bluetooth :: Bluetooth Reference :: Bluetooth Application Development Reference :: Bluetooth Application Development IOCTLs
13	Windows CE 5.0 :: Product Documentation :: Windows CE Features :: Communication Services and Networking :: Networking - Personal Area Network (PAN) :: Bluetooth :: Bluetooth Reference :: Bluetooth Application Development Reference :: Bluetooth Application Development Interfaces :: ISdpNodeContainer
9	Windows CE 5.0 :: Product Documentation :: Windows CE Features :: Communication Services and Networking :: Networking - Personal Area Network (PAN) :: Bluetooth :: Bluetooth Reference :: Bluetooth Application Development Reference :: Bluetooth Application Development Interfaces :: ISdpRecord
8	Windows CE 5.0 :: Product Documentation :: Windows CE Features :: Communication Services and Networking :: Networking - Personal Area Network (PAN) :: Bluetooth :: Bluetooth Reference :: Bluetooth Application Development Reference :: Bluetooth Application Development Interfaces :: ISdpStream
2	Windows CE 5.0 :: Product Documentation :: Windows CE Features :: Communication Services and Networking :: Networking - Personal Area Network (PAN) :: Bluetooth :: Bluetooth Reference :: Bluetooth Application Development Reference :: Bluetooth Application Development Interfaces :: ISdpWalk
20	Windows CE 5.0 :: Product Documentation :: Windows CE Features :: Communication Services and Networking :: Networking - Personal Area Network (PAN) :: Bluetooth :: Bluetooth Reference :: Bluetooth Application Development Reference :: Bluetooth Application Development Structures
73	Windows CE 5.0 :: Product Documentation :: Windows CE Features :: Communication Services and Networking :: Networking - Personal Area Network (PAN) :: Bluetooth :: Bluetooth Reference :: Bluetooth OS Reference :: Bluetooth OS Functions
10	Windows CE 5.0 :: Product Documentation :: Windows CE Features :: Communication Services and Networking :: Networking - Personal Area Network (PAN) :: Bluetooth :: Bluetooth Reference :: Bluetooth OS Reference :: Bluetooth OS IOCTLs
1	Windows CE 5.0 :: Product Documentation :: Windows CE Features :: Communication Services and Networking :: Networking - Personal Area Network (PAN) :: Bluetooth :: Bluetooth Reference :: Bluetooth OS Reference :: Bluetooth OS Messages
4	Windows CE 5.0 :: Product Documentation :: Windows CE Features :: Communication Services and Networking :: Networking - Personal Area Network (PAN) :: Bluetooth :: Bluetooth Reference :: Bluetooth OS Reference :: Bluetooth OS Object Identifiers :: PAN Profile Object Identifiers
2	Windows CE 5.0 :: Product Documentation :: Windows CE Features :: Communication Services and Networking :: Networking - Personal Area Network (PAN) :: Bluetooth :: Bluetooth Reference :: Bluetooth OS Reference :: Bluetooth OS Structures
1	Windows CE 5.0 :: Product Documentation :: Windows CE Features :: Communication Services and Networking :: Networking - Personal Area Network (PAN) :: Bluetooth :: Bluetooth Reference :: Bluetooth Stack Extension Layer Reference :: Bluetooth Stack Extension Layer Data Types
6	Windows CE 5.0 :: Product Documentation :: Windows CE Features :: Communication Services and Networking :: Networking - Personal Area Network (PAN) :: Bluetooth :: Bluetooth Reference :: Bluetooth Stack Extension Layer Reference :: Bluetooth Stack Extension Layer Functions
22	Windows CE 5.0 :: Product Documentation :: Windows CE Features :: Communication Services and Networking :: Networking - Personal Area Network (PAN) :: Bluetooth :: Bluetooth Reference :: Bluetooth Stack Extension Layer Reference :: Bluetooth Stack Extension Layer IOCTLs
6	Windows CE 5.0 :: Product Documentation :: Windows CE Features :: Communication Services and Networking :: Networking - Personal Area Network (PAN) :: Bluetooth :: Bluetooth Reference :: Bluetooth Stack Extension Layer Reference :: Bluetooth Stack Extension Layer Structures
5	Windows CE 5.0 :: Product Documentation :: Windows CE Features :: Communication Services and Networking :: Networking - Personal Area Network (PAN) :: Bluetooth :: Bluetooth Registry Settings
5	Windows CE 5.0 :: Product Documentation :: Windows CE Features :: Communication Services and Networking :: Networking - Personal Area Network (PAN) :: Bluetooth :: Bluetooth Samples :: Bluetooth Application Development Samples
9	Windows CE 5.0 :: Product Documentation :: Windows CE Features :: Communication Services and Networking :: Networking - Personal Area Network (PAN) :: Bluetooth :: Bluetooth Samples :: Bluetooth OS Design Development Samples
1	Windows CE 5.0 :: Product Documentation :: Windows CE Features :: Communication Services and Networking :: Networking - Personal Area Network (PAN) :: Infrared Communications
1	Windows CE 5.0 :: Product Documentation :: Windows CE Features :: Communication Services and Networking :: Networking - Personal Area Network (PAN) :: Infrared Communications :: IrDA Application Development
3	Windows CE 5.0 :: Product Documentation :: Windows CE Features :: Communication Services and Networking :: Networking - Personal Area Network (PAN) :: Infrared Communications :: IrDA Application Development :: Creating an Infrared Winsock Application
3	Windows CE 5.0 :: Product Documentation :: Windows CE Features :: Communication Services and Networking :: Networking - Personal Area Network (PAN) :: Infrared Communications :: IrDA OS Design Development
1	Windows CE 5.0 :: Product Documentation :: Windows CE Features :: Communication Services and Networking :: Networking - Personal Area Network (PAN) :: Infrared Communications :: IrDA Reference
5	Windows CE 5.0 :: Product Documentation :: Windows CE Features :: Communication Services and Networking :: Networking - Personal Area Network (PAN) :: Infrared Communications :: IrDA Reference :: IrDA Structures
4	Windows CE 5.0 :: Product Documentation :: Windows CE Features :: Communication Services and Networking :: Networking - Wide Area Network (WAN) :: Dial-up Networking
9	Windows CE 5.0 :: Product Documentation :: Windows CE Features :: Communication Services and Networking :: Networking - Wide Area Network (WAN) :: Dial-up Networking :: Dial-up Application Development :: Overview of RAS
5	Windows CE 5.0 :: Product Documentation :: Windows CE Features :: Communication Services and Networking :: Networking - Wide Area Network (WAN) :: Dial-up Networking :: Dial-up Application Development :: Phone-Book Operation
4	Windows CE 5.0 :: Product Documentation :: Windows CE Features :: Communication Services and Networking :: Networking - Wide Area Network (WAN) :: Dial-up Networking :: Dial-up Application Development :: Point-to-Point Protocol
5	Windows CE 5.0 :: Product Documentation :: Windows CE Features :: Communication Services and Networking :: Networking - Wide Area Network (WAN) :: Dial-up Networking :: Dial-up Application Development :: Point-to-Point Protocol :: Creating a PPP Dial-up Session
2	Windows CE 5.0 :: Product Documentation :: Windows CE Features :: Communication Services and Networking :: Networking - Wide Area Network (WAN) :: Dial-up Networking :: Dial-up Application Development :: RAS AutoDial
6	Windows CE 5.0 :: Product Documentation :: Windows CE Features :: Communication Services and Networking :: Networking - Wide Area Network (WAN) :: Dial-up Networking :: Dial-up Application Development :: RAS Custom Scripting
2	Windows CE 5.0 :: Product Documentation :: Windows CE Features :: Communication Services and Networking :: Networking - Wide Area Network (WAN) :: Dial-up Networking :: Dial-up Application Development :: Sample Application
2	Windows CE 5.0 :: Product Documentation :: Windows CE Features :: Communication Services and Networking :: Networking - Wide Area Network (WAN) :: Dial-up Networking :: Dial-up Application Development :: Sample Application :: Receiving Connection Data
2	Windows CE 5.0 :: Product Documentation :: Windows CE Features :: Communication Services and Networking :: Networking - Wide Area Network (WAN) :: Dial-up Networking :: Dial-up Registry Settings
2	Windows CE 5.0 :: Product Documentation :: Windows CE Features :: Communication Services and Networking :: Networking - Wide Area Network (WAN) :: Dial-up Networking :: RAS Reference :: RAS Enumerations
21	Windows CE 5.0 :: Product Documentation :: Windows CE Features :: Communication Services and Networking :: Networking - Wide Area Network (WAN) :: Dial-up Networking :: RAS Reference :: RAS Functions
1	Windows CE 5.0 :: Product Documentation :: Windows CE Features :: Communication Services and Networking :: Networking - Wide Area Network (WAN) :: Dial-up Networking :: RAS Reference :: RAS Messages
11	Windows CE 5.0 :: Product Documentation :: Windows CE Features :: Communication Services and Networking :: Networking - Wide Area Network (WAN) :: Dial-up Networking :: RAS Reference :: RAS Structures
6	Windows CE 5.0 :: Product Documentation :: Windows CE Features :: Communication Services and Networking :: Networking - Wide Area Network (WAN) :: Dial-up Networking :: Scripting Reference :: Scripting Functions
6	Windows CE 5.0 :: Product Documentation :: Windows CE Features :: Communication Services and Networking :: Networking - Wide Area Network (WAN) :: Point-to-Point Protocol over Ethernet (PPPoE)
4	Windows CE 5.0 :: Product Documentation :: Windows CE Features :: Communication Services and Networking :: Networking - Wide Area Network (WAN) :: Telephony API
3	Windows CE 5.0 :: Product Documentation :: Windows CE Features :: Communication Services and Networking :: Networking - Wide Area Network (WAN) :: Telephony API :: TAPI Application Development
6	Windows CE 5.0 :: Product Documentation :: Windows CE Features :: Communication Services and Networking :: Networking - Wide Area Network (WAN) :: Telephony API :: TAPI Application Development :: Establishing a Modem Connection
3	Windows CE 5.0 :: Product Documentation :: Windows CE Features :: Communication Services and Networking :: Networking - Wide Area Network (WAN) :: Telephony API :: TAPI Application Development :: Establishing a Modem Connection :: Incoming Calls
1	Windows CE 5.0 :: Product Documentation :: Windows CE Features :: Communication Services and Networking :: Networking - Wide Area Network (WAN) :: Telephony API :: TAPI Application Development :: Establishing a Modem Connection :: Shutting Down TAPI
2	Windows CE 5.0 :: Product Documentation :: Windows CE Features :: Communication Services and Networking :: Networking - Wide Area Network (WAN) :: Telephony API :: TAPI Application Development :: Establishing a Modem Connection :: Supplementary Telephony Functions
1	Windows CE 5.0 :: Product Documentation :: Windows CE Features :: Communication Services and Networking :: Networking - Wide Area Network (WAN) :: Telephony API :: TAPI Application Development :: Telephony Service Provider Interface
2	Windows CE 5.0 :: Product Documentation :: Windows CE Features :: Communication Services and Networking :: Networking - Wide Area Network (WAN) :: Telephony API :: TAPI Application Development :: Telephony Service Provider Interface :: Sample TSP
65	Windows CE 5.0 :: Product Documentation :: Windows CE Features :: Communication Services and Networking :: Networking - Wide Area Network (WAN) :: Telephony API :: TAPI Reference :: TAPI Constants
67	Windows CE 5.0 :: Product Documentation :: Windows CE Features :: Communication Services and Networking :: Networking - Wide Area Network (WAN) :: Telephony API :: TAPI Reference :: TAPI Functions :: TAPI Line Device Functions
24	Windows CE 5.0 :: Product Documentation :: Windows CE Features :: Communication Services and Networking :: Networking - Wide Area Network (WAN) :: Telephony API :: TAPI Reference :: TAPI Functions :: TAPI Phone Device Functions
21	Windows CE 5.0 :: Product Documentation :: Windows CE Features :: Communication Services and Networking :: Networking - Wide Area Network (WAN) :: Telephony API :: TAPI Reference :: TAPI Messages
28	Windows CE 5.0 :: Product Documentation :: Windows CE Features :: Communication Services and Networking :: Networking - Wide Area Network (WAN) :: Telephony API :: TAPI Reference :: TAPI Structures
4	Windows CE 5.0 :: Product Documentation :: Windows CE Features :: Communication Services and Networking :: Networking - Wide Area Network (WAN) :: Telephony API :: TAPI Registry Settings
3	Windows CE 5.0 :: Product Documentation :: Windows CE Features :: Communication Services and Networking :: Networking - Wide Area Network (WAN) :: Telephony API :: TSPI Reference :: TSPI Functions :: TSPI Callback Functions
52	Windows CE 5.0 :: Product Documentation :: Windows CE Features :: Communication Services and Networking :: Networking - Wide Area Network (WAN) :: Telephony API :: TSPI Reference :: TSPI Functions :: TSPI Line Device Functions
21	Windows CE 5.0 :: Product Documentation :: Windows CE Features :: Communication Services and Networking :: Networking - Wide Area Network (WAN) :: Telephony API :: TSPI Reference :: TSPI Functions :: TSPI Phone Device Functions
8	Windows CE 5.0 :: Product Documentation :: Windows CE Features :: Communication Services and Networking :: Networking - Wide Area Network (WAN) :: Telephony API :: TSPI Reference :: TSPI Functions :: TSPI Service Provider Functions
18	Windows CE 5.0 :: Product Documentation :: Windows CE Features :: Communication Services and Networking :: Networking - Wide Area Network (WAN) :: Telephony API :: TSPI Reference :: TSPI Messages
1	Windows CE 5.0 :: Product Documentation :: Windows CE Features :: Communication Services and Networking :: Networking - Wide Area Network (WAN) :: Telephony API :: Unimodem OS Design Development
4	Windows CE 5.0 :: Product Documentation :: Windows CE Features :: Communication Services and Networking :: Networking - Wide Area Network (WAN) :: Telephony API :: Unimodem Registry Settings
5	Windows CE 5.0 :: Product Documentation :: Windows CE Features :: Communication Services and Networking :: Networking - Wide Area Network (WAN) :: Virtual Private Networking :: L2TP/IPSec
1	Windows CE 5.0 :: Product Documentation :: Windows CE Features :: Communication Services and Networking :: Networking - Wide Area Network (WAN) :: Virtual Private Networking :: L2TP/IPSec :: L2TP/IPSec Application Development
2	Windows CE 5.0 :: Product Documentation :: Windows CE Features :: Communication Services and Networking :: Networking - Wide Area Network (WAN) :: Virtual Private Networking :: L2TP/IPSec :: L2TP/IPSec Application Development :: Security Association
1	Windows CE 5.0 :: Product Documentation :: Windows CE Features :: Communication Services and Networking :: Networking - Wide Area Network (WAN) :: Virtual Private Networking :: L2TP/IPSec :: L2TP/IPSec Reference :: L2TP/IPSec Structures
4	Windows CE 5.0 :: Product Documentation :: Windows CE Features :: Communication Services and Networking :: Networking - Wide Area Network (WAN) :: Virtual Private Networking :: PPTP
2	Windows CE 5.0 :: Product Documentation :: Windows CE Features :: Communication Services and Networking :: Networking - Wide Area Network (WAN) :: Virtual Private Networking :: PPTP :: PPTP Application Development
1	Windows CE 5.0 :: Product Documentation :: Windows CE Features :: Communication Services and Networking :: Networking - Wide Area Network (WAN) :: Virtual Private Networking :: PPTP :: PPTP Samples
5	Windows CE 5.0 :: Product Documentation :: Windows CE Features :: Communication Services and Networking :: Servers :: FTP Server
2	Windows CE 5.0 :: Product Documentation :: Windows CE Features :: Communication Services and Networking :: Servers :: FTP Server :: FTP Server Application Development
1	Windows CE 5.0 :: Product Documentation :: Windows CE Features :: Communication Services and Networking :: Servers :: FTP Server :: FTP Server Application Development :: Accessing the FTP Protocol
5	Windows CE 5.0 :: Product Documentation :: Windows CE Features :: Communication Services and Networking :: Servers :: FTP Server :: FTP Server Application Development :: FTP Server Implementation
5	Windows CE 5.0 :: Product Documentation :: Windows CE Features :: Communication Services and Networking :: Servers :: File Server
2	Windows CE 5.0 :: Product Documentation :: Windows CE Features :: Communication Services and Networking :: Servers :: File Server :: File Server OS Design Development
5	Windows CE 5.0 :: Product Documentation :: Windows CE Features :: Communication Services and Networking :: Servers :: File Server :: File Server Reference :: File Server Functions
5	Windows CE 5.0 :: Product Documentation :: Windows CE Features :: Communication Services and Networking :: Servers :: File Server :: How to Configure a File Server
5	Windows CE 5.0 :: Product Documentation :: Windows CE Features :: Communication Services and Networking :: Servers :: Message Queuing
12	Windows CE 5.0 :: Product Documentation :: Windows CE Features :: Communication Services and Networking :: Servers :: Message Queuing :: MSMQ Application Development
4	Windows CE 5.0 :: Product Documentation :: Windows CE Features :: Communication Services and Networking :: Servers :: Message Queuing :: MSMQ Application Development :: Administration
1	Windows CE 5.0 :: Product Documentation :: Windows CE Features :: Communication Services and Networking :: Servers :: Message Queuing :: MSMQ Application Development :: Application Installation of MSMQ
3	Windows CE 5.0 :: Product Documentation :: Windows CE Features :: Communication Services and Networking :: Servers :: Message Queuing :: MSMQ Application Development :: Application Installation of MSMQ :: Installation Options
2	Windows CE 5.0 :: Product Documentation :: Windows CE Features :: Communication Services and Networking :: Servers :: Message Queuing :: MSMQ Application Development :: MSMQ COM Support :: Using the COM Components
1	Windows CE 5.0 :: Product Documentation :: Windows CE Features :: Communication Services and Networking :: Servers :: Message Queuing :: MSMQ Application Development :: MSMQ COM Support :: Using the COM Components :: Creating a Queue (COM) :: Creating a Private Queue (COM)
2	Windows CE 5.0 :: Product Documentation :: Windows CE Features :: Communication Services and Networking :: Servers :: Message Queuing :: MSMQ Application Development :: MSMQ COM Support :: Using the COM Components :: Filtering Messages (COM)
1	Windows CE 5.0 :: Product Documentation :: Windows CE Features :: Communication Services and Networking :: Servers :: Message Queuing :: MSMQ Application Development :: MSMQ COM Support :: Using the COM Components :: Opening a Queue (COM) :: Opening a Queue to Read Messages (COM)
1	Windows CE 5.0 :: Product Documentation :: Windows CE Features :: Communication Services and Networking :: Servers :: Message Queuing :: MSMQ Application Development :: MSMQ COM Support :: Using the COM Components :: Opening a Queue (COM) :: Opening a Queue to Send Messages (COM)
1	Windows CE 5.0 :: Product Documentation :: Windows CE Features :: Communication Services and Networking :: Servers :: Message Queuing :: MSMQ Application Development :: MSMQ COM Support :: Using the COM Components :: Purging Messages in a Queue (COM)
1	Windows CE 5.0 :: Product Documentation :: Windows CE Features :: Communication Services and Networking :: Servers :: Message Queuing :: MSMQ Application Development :: MSMQ COM Support :: Using the COM Components :: Purging Messages in a Queue (COM) :: Purging a Queue Synchronously (COM)
2	Windows CE 5.0 :: Product Documentation :: Windows CE Features :: Communication Services and Networking :: Servers :: Message Queuing :: MSMQ Application Development :: MSMQ COM Support :: Using the COM Components :: Reading Messages in a Queue (COM)
1	Windows CE 5.0 :: Product Documentation :: Windows CE Features :: Communication Services and Networking :: Servers :: Message Queuing :: MSMQ Application Development :: MSMQ COM Support :: Using the COM Components :: Reading Messages in a Queue (COM) :: Reading Messages Synchronously (COM)
5	Windows CE 5.0 :: Product Documentation :: Windows CE Features :: Communication Services and Networking :: Servers :: Message Queuing :: MSMQ Application Development :: MSMQ COM Support :: Using the COM Components :: Requesting Journaling (COM)
14	Windows CE 5.0 :: Product Documentation :: Windows CE Features :: Communication Services and Networking :: Servers :: Message Queuing :: MSMQ Application Development :: MSMQ COM Support :: Using the COM Components :: Retrieving Queue Properties (COM)
11	Windows CE 5.0 :: Product Documentation :: Windows CE Features :: Communication Services and Networking :: Servers :: Message Queuing :: MSMQ Application Development :: MSMQ COM Support :: Using the COM Components :: Sending Messages to a Queue (COM)
1	Windows CE 5.0 :: Product Documentation :: Windows CE Features :: Communication Services and Networking :: Servers :: Message Queuing :: MSMQ Application Development :: MSMQ COM Support :: Using the COM Components :: Sending Messages to a Queue (COM) :: Sending a String in a Message (COM)
8	Windows CE 5.0 :: Product Documentation :: Windows CE Features :: Communication Services and Networking :: Servers :: Message Queuing :: MSMQ Application Development :: MSMQ COM Support :: Using the COM Components :: Setting Queue Properties (COM)
2	Windows CE 5.0 :: Product Documentation :: Windows CE Features :: Communication Services and Networking :: Servers :: Message Queuing :: MSMQ Application Development :: MSMQ COM Support :: Using the COM Components :: Using Transactions (COM)
3	Windows CE 5.0 :: Product Documentation :: Windows CE Features :: Communication Services and Networking :: Servers :: Message Queuing :: MSMQ Reference :: MSMQ COM Objects
2	Windows CE 5.0 :: Product Documentation :: Windows CE Features :: Communication Services and Networking :: Servers :: Message Queuing :: MSMQ Reference :: MSMQ COM Objects :: MSMQEvent
30	Windows CE 5.0 :: Product Documentation :: Windows CE Features :: Communication Services and Networking :: Servers :: Message Queuing :: MSMQ Reference :: MSMQ COM Objects :: MSMQMessage
13	Windows CE 5.0 :: Product Documentation :: Windows CE Features :: Communication Services and Networking :: Servers :: Message Queuing :: MSMQ Reference :: MSMQ COM Objects :: MSMQQueue
20	Windows CE 5.0 :: Product Documentation :: Windows CE Features :: Communication Services and Networking :: Servers :: Message Queuing :: MSMQ Reference :: MSMQ COM Objects :: MSMQQueueInfo
16	Windows CE 5.0 :: Product Documentation :: Windows CE Features :: Communication Services and Networking :: Servers :: Message Queuing :: MSMQ Reference :: MSMQ Functions
49	Windows CE 5.0 :: Product Documentation :: Windows CE Features :: Communication Services and Networking :: Servers :: Message Queuing :: MSMQ Reference :: MSMQ Properties
7	Windows CE 5.0 :: Product Documentation :: Windows CE Features :: Communication Services and Networking :: Servers :: Message Queuing :: MSMQ Reference :: MSMQ Structures
4	Windows CE 5.0 :: Product Documentation :: Windows CE Features :: Communication Services and Networking :: Servers :: Object Exchange Protocol
11	Windows CE 5.0 :: Product Documentation :: Windows CE Features :: Communication Services and Networking :: Servers :: Object Exchange Protocol :: OBEX Application Development :: Client Support
1	Windows CE 5.0 :: Product Documentation :: Windows CE Features :: Communication Services and Networking :: Servers :: Object Exchange Protocol :: OBEX Application Development :: Client Support :: Discovering OBEX Devices
2	Windows CE 5.0 :: Product Documentation :: Windows CE Features :: Communication Services and Networking :: Servers :: Object Exchange Protocol :: OBEX Application Development :: Server Support
2	Windows CE 5.0 :: Product Documentation :: Windows CE Features :: Communication Services and Networking :: Servers :: Object Exchange Protocol :: OBEX Application Development :: Server Support :: OBEX Server Services
1	Windows CE 5.0 :: Product Documentation :: Windows CE Features :: Communication Services and Networking :: Servers :: Object Exchange Protocol :: OBEX Reference :: OBEX Enumerations
2	Windows CE 5.0 :: Product Documentation :: Windows CE Features :: Communication Services and Networking :: Servers :: Object Exchange Protocol :: OBEX Reference :: OBEX Functions
4	Windows CE 5.0 :: Product Documentation :: Windows CE Features :: Communication Services and Networking :: Servers :: Object Exchange Protocol :: OBEX Reference :: OBEX Interfaces :: IDeviceEnum:IUnknown
22	Windows CE 5.0 :: Product Documentation :: Windows CE Features :: Communication Services and Networking :: Servers :: Object Exchange Protocol :: OBEX Reference :: OBEX Interfaces :: IHeaderCollection:IUnknown
3	Windows CE 5.0 :: Product Documentation :: Windows CE Features :: Communication Services and Networking :: Servers :: Object Exchange Protocol :: OBEX Reference :: OBEX Interfaces :: IHeaderEnum:IUnknown
7	Windows CE 5.0 :: Product Documentation :: Windows CE Features :: Communication Services and Networking :: Servers :: Object Exchange Protocol :: OBEX Reference :: OBEX Interfaces :: IObex:IUnknown
8	Windows CE 5.0 :: Product Documentation :: Windows CE Features :: Communication Services and Networking :: Servers :: Object Exchange Protocol :: OBEX Reference :: OBEX Interfaces :: IObexDevice:IUnknown
1	Windows CE 5.0 :: Product Documentation :: Windows CE Features :: Communication Services and Networking :: Servers :: Object Exchange Protocol :: OBEX Reference :: OBEX Interfaces :: IObexSink:IUnknown
4	Windows CE 5.0 :: Product Documentation :: Windows CE Features :: Communication Services and Networking :: Servers :: Object Exchange Protocol :: OBEX Reference :: OBEX Interfaces :: IPropertyBagEnum
5	Windows CE 5.0 :: Product Documentation :: Windows CE Features :: Communication Services and Networking :: Servers :: Object Exchange Protocol :: OBEX Reference :: OBEX Structures
1	Windows CE 5.0 :: Product Documentation :: Windows CE Features :: Communication Services and Networking :: Servers :: Object Exchange Protocol :: OBEX Samples
2	Windows CE 5.0 :: Product Documentation :: Windows CE Features :: Communication Services and Networking :: Servers :: Object Exchange Protocol :: OBEX Samples :: OBEXTool
4	Windows CE 5.0 :: Product Documentation :: Windows CE Features :: Communication Services and Networking :: Servers :: Parental Controls
4	Windows CE 5.0 :: Product Documentation :: Windows CE Features :: Communication Services and Networking :: Servers :: Peer-to-Peer Networking
7	Windows CE 5.0 :: Product Documentation :: Windows CE Features :: Communication Services and Networking :: Servers :: Peer-to-Peer Networking :: Peer-to-Peer Application Development
2	Windows CE 5.0 :: Product Documentation :: Windows CE Features :: Communication Services and Networking :: Servers :: Peer-to-Peer Networking :: Peer-to-Peer Application Development :: Enumerating Clouds
2	Windows CE 5.0 :: Product Documentation :: Windows CE Features :: Communication Services and Networking :: Servers :: Peer-to-Peer Networking :: Peer-to-Peer Application Development :: Resolving a Peer Name
11	Windows CE 5.0 :: Product Documentation :: Windows CE Features :: Communication Services and Networking :: Servers :: Peer-to-Peer Networking :: Peer-to-Peer Reference :: Identity Manager Reference :: Identity Manager Functions
1	Windows CE 5.0 :: Product Documentation :: Windows CE Features :: Communication Services and Networking :: Servers :: Peer-to-Peer Networking :: Peer-to-Peer Reference :: Identity Manager Reference :: Identity Manager Structures
2	Windows CE 5.0 :: Product Documentation :: Windows CE Features :: Communication Services and Networking :: Servers :: Peer-to-Peer Networking :: Peer-to-Peer Reference :: PNRP Reference
3	Windows CE 5.0 :: Product Documentation :: Windows CE Features :: Communication Services and Networking :: Servers :: Peer-to-Peer Networking :: Peer-to-Peer Reference :: PNRP Reference :: PNRP Enumerations
3	Windows CE 5.0 :: Product Documentation :: Windows CE Features :: Communication Services and Networking :: Servers :: Peer-to-Peer Networking :: Peer-to-Peer Reference :: PNRP Reference :: PNRP Structures
2	Windows CE 5.0 :: Product Documentation :: Windows CE Features :: Communication Services and Networking :: Servers :: Peer-to-Peer Networking :: Peer-to-Peer Reference :: Peer-to-Peer Common Reference :: Peer-to-Peer Common Enumerations
4	Windows CE 5.0 :: Product Documentation :: Windows CE Features :: Communication Services and Networking :: Servers :: Peer-to-Peer Networking :: Peer-to-Peer Reference :: Peer-to-Peer Common Reference :: Peer-to-Peer Common Functions
2	Windows CE 5.0 :: Product Documentation :: Windows CE Features :: Communication Services and Networking :: Servers :: Peer-to-Peer Networking :: Peer-to-Peer Reference :: Peer-to-Peer Common Reference :: Peer-to-Peer Common Structures
5	Windows CE 5.0 :: Product Documentation :: Windows CE Features :: Communication Services and Networking :: Servers :: Print Server
1	Windows CE 5.0 :: Product Documentation :: Windows CE Features :: Communication Services and Networking :: Servers :: Print Server :: Print Server Application Development
4	Windows CE 5.0 :: Product Documentation :: Windows CE Features :: Communication Services and Networking :: Servers :: RAS Server/PPTP Server (Incoming)
3	Windows CE 5.0 :: Product Documentation :: Windows CE Features :: Communication Services and Networking :: Servers :: RAS Server/PPTP Server (Incoming) :: RAS Server/PPTP Server (Incoming) Application Development
1	Windows CE 5.0 :: Product Documentation :: Windows CE Features :: Communication Services and Networking :: Servers :: RAS Server/PPTP Server (Incoming) :: RAS Server/PPTP Server (Incoming) Reference :: RAS Server/PPTP Server (Incoming) Enumerations
1	Windows CE 5.0 :: Product Documentation :: Windows CE Features :: Communication Services and Networking :: Servers :: RAS Server/PPTP Server (Incoming) :: RAS Server/PPTP Server (Incoming) Reference :: RAS Server/PPTP Server (Incoming) Functions
5	Windows CE 5.0 :: Product Documentation :: Windows CE Features :: Communication Services and Networking :: Servers :: RAS Server/PPTP Server (Incoming) :: RAS Server/PPTP Server (Incoming) Reference :: RAS Server/PPTP Server (Incoming) Structures
3	Windows CE 5.0 :: Product Documentation :: Windows CE Features :: Communication Services and Networking :: Servers :: RAS Server/PPTP Server (Incoming) :: RAS Server/PPTP Server (Incoming) Registry Settings
5	Windows CE 5.0 :: Product Documentation :: Windows CE Features :: Communication Services and Networking :: Servers :: Services.exe
3	Windows CE 5.0 :: Product Documentation :: Windows CE Features :: Communication Services and Networking :: Servers :: Services.exe :: Services.exe Application Development
2	Windows CE 5.0 :: Product Documentation :: Windows CE Features :: Communication Services and Networking :: Servers :: Services.exe :: Services.exe Application Development :: Configuring Services.exe to Load a Standalone Service
2	Windows CE 5.0 :: Product Documentation :: Windows CE Features :: Communication Services and Networking :: Servers :: Services.exe :: Services.exe Application Development :: Controlling a Running Service
2	Windows CE 5.0 :: Product Documentation :: Windows CE Features :: Communication Services and Networking :: Servers :: Services.exe :: Services.exe Application Development :: Super Services
1	Windows CE 5.0 :: Product Documentation :: Windows CE Features :: Communication Services and Networking :: Servers :: Services.exe :: Services.exe Application Development :: Using Services.exe from the Command Line
17	Windows CE 5.0 :: Product Documentation :: Windows CE Features :: Communication Services and Networking :: Servers :: Services.exe :: Services.exe Reference :: Services.exe Functions
18	Windows CE 5.0 :: Product Documentation :: Windows CE Features :: Communication Services and Networking :: Servers :: Services.exe :: Services.exe Reference :: Services.exe IOCTLS
3	Windows CE 5.0 :: Product Documentation :: Windows CE Features :: Communication Services and Networking :: Servers :: Services.exe :: Services.exe Reference :: Services.exe Structures
4	Windows CE 5.0 :: Product Documentation :: Windows CE Features :: Communication Services and Networking :: Servers :: Simple Network Time Protocol (SNTP)
1	Windows CE 5.0 :: Product Documentation :: Windows CE Features :: Communication Services and Networking :: Servers :: Simple Network Time Protocol (SNTP) :: Simple Network Time Protocol (SNTP) OS Design Development :: Configuring the SNTP Service
5	Windows CE 5.0 :: Product Documentation :: Windows CE Features :: Communication Services and Networking :: Servers :: Telnet Server
2	Windows CE 5.0 :: Product Documentation :: Windows CE Features :: Communication Services and Networking :: Servers :: Telnet Server :: Telnet Server Application Development
3	Windows CE 5.0 :: Product Documentation :: Windows CE Features :: Communication Services and Networking :: Servers :: Universal Plug and Play (UPnP)
1	Windows CE 5.0 :: Product Documentation :: Windows CE Features :: Communication Services and Networking :: Servers :: Universal Plug and Play (UPnP) :: UPnP Application Development
1	Windows CE 5.0 :: Product Documentation :: Windows CE Features :: Communication Services and Networking :: Servers :: Universal Plug and Play (UPnP) :: UPnP Application Development :: UPnP Concepts
6	Windows CE 5.0 :: Product Documentation :: Windows CE Features :: Communication Services and Networking :: Servers :: Universal Plug and Play (UPnP) :: UPnP Application Development :: UPnP Concepts :: UPnP Device and Control Point Architecture
7	Windows CE 5.0 :: Product Documentation :: Windows CE Features :: Communication Services and Networking :: Servers :: Universal Plug and Play (UPnP) :: UPnP Application Development :: Using the UPnP AV Framework
1	Windows CE 5.0 :: Product Documentation :: Windows CE Features :: Communication Services and Networking :: Servers :: Universal Plug and Play (UPnP) :: UPnP Application Development :: Using the UPnP AV Framework :: Developing UPnP AV Framework Devices and Control Points
2	Windows CE 5.0 :: Product Documentation :: Windows CE Features :: Communication Services and Networking :: Servers :: Universal Plug and Play (UPnP) :: UPnP Application Development :: Using the UPnP AV Framework :: Developing UPnP AV Framework Devices and Control Points :: Developing UPnP AV Framework Devices
1	Windows CE 5.0 :: Product Documentation :: Windows CE Features :: Communication Services and Networking :: Servers :: Universal Plug and Play (UPnP) :: UPnP Application Development :: Using the UPnP AV Framework :: Eventing in the UPnP AV Framework
2	Windows CE 5.0 :: Product Documentation :: Windows CE Features :: Communication Services and Networking :: Servers :: Universal Plug and Play (UPnP) :: UPnP Application Development :: Using the UPnP Control Point API
2	Windows CE 5.0 :: Product Documentation :: Windows CE Features :: Communication Services and Networking :: Servers :: Universal Plug and Play (UPnP) :: UPnP Application Development :: Using the UPnP Control Point API :: Device Control
4	Windows CE 5.0 :: Product Documentation :: Windows CE Features :: Communication Services and Networking :: Servers :: Universal Plug and Play (UPnP) :: UPnP Application Development :: Using the UPnP Control Point API :: Device Location
1	Windows CE 5.0 :: Product Documentation :: Windows CE Features :: Communication Services and Networking :: Servers :: Universal Plug and Play (UPnP) :: UPnP Application Development :: Using the UPnP Device Host API
4	Windows CE 5.0 :: Product Documentation :: Windows CE Features :: Communication Services and Networking :: Servers :: Universal Plug and Play (UPnP) :: UPnP Application Development :: Using the UPnP Device Host API :: Implementing a Hosted Device Using COM
2	Windows CE 5.0 :: Product Documentation :: Windows CE Features :: Communication Services and Networking :: Servers :: Universal Plug and Play (UPnP) :: UPnP Reference :: UPnP AV Reference :: UPnP AV Classes :: UPnP AV Control Point Utility Classes :: MediaRendererDevice
3	Windows CE 5.0 :: Product Documentation :: Windows CE Features :: Communication Services and Networking :: Servers :: Universal Plug and Play (UPnP) :: UPnP Reference :: UPnP AV Reference :: UPnP AV Classes :: UPnP AV Control Point Utility Classes :: MediaServerDevice
3	Windows CE 5.0 :: Product Documentation :: Windows CE Features :: Communication Services and Networking :: Servers :: Universal Plug and Play (UPnP) :: UPnP Reference :: UPnP AV Reference :: UPnP AV Classes :: UPnP AV Control Point Utility Classes :: parser (UPnP AV)
3	Windows CE 5.0 :: Product Documentation :: Windows CE Features :: Communication Services and Networking :: Servers :: Universal Plug and Play (UPnP) :: UPnP Reference :: UPnP AV Reference :: UPnP AV Classes :: UPnP AV Interface and Implementation Classes
18	Windows CE 5.0 :: Product Documentation :: Windows CE Features :: Communication Services and Networking :: Servers :: Universal Plug and Play (UPnP) :: UPnP Reference :: UPnP AV Reference :: UPnP AV Classes :: UPnP AV Interface and Implementation Classes :: IAVTransport
7	Windows CE 5.0 :: Product Documentation :: Windows CE Features :: Communication Services and Networking :: Servers :: Universal Plug and Play (UPnP) :: UPnP Reference :: UPnP AV Reference :: UPnP AV Classes :: UPnP AV Interface and Implementation Classes :: IConnectionManager
6	Windows CE 5.0 :: Product Documentation :: Windows CE Features :: Communication Services and Networking :: Servers :: Universal Plug and Play (UPnP) :: UPnP Reference :: UPnP AV Reference :: UPnP AV Classes :: UPnP AV Interface and Implementation Classes :: IConnectionManagerImpl
16	Windows CE 5.0 :: Product Documentation :: Windows CE Features :: Communication Services and Networking :: Servers :: Universal Plug and Play (UPnP) :: UPnP Reference :: UPnP AV Reference :: UPnP AV Classes :: UPnP AV Interface and Implementation Classes :: IContentDirectory
1	Windows CE 5.0 :: Product Documentation :: Windows CE Features :: Communication Services and Networking :: Servers :: Universal Plug and Play (UPnP) :: UPnP Reference :: UPnP AV Reference :: UPnP AV Classes :: UPnP AV Interface and Implementation Classes :: IEventSink
2	Windows CE 5.0 :: Product Documentation :: Windows CE Features :: Communication Services and Networking :: Servers :: Universal Plug and Play (UPnP) :: UPnP Reference :: UPnP AV Reference :: UPnP AV Classes :: UPnP AV Interface and Implementation Classes :: IEventSource
36	Windows CE 5.0 :: Product Documentation :: Windows CE Features :: Communication Services and Networking :: Servers :: Universal Plug and Play (UPnP) :: UPnP Reference :: UPnP AV Reference :: UPnP AV Classes :: UPnP AV Interface and Implementation Classes :: IRenderingControl
1	Windows CE 5.0 :: Product Documentation :: Windows CE Features :: Communication Services and Networking :: Servers :: Universal Plug and Play (UPnP) :: UPnP Reference :: UPnP AV Reference :: UPnP AV Classes :: UPnP AV Interface and Implementation Classes :: IVirtualService
16	Windows CE 5.0 :: Product Documentation :: Windows CE Features :: Communication Services and Networking :: Servers :: Universal Plug and Play (UPnP) :: UPnP Reference :: UPnP AV Reference :: UPnP AV Classes :: UPnP Other Utility Classes :: wstring class (UPnP AV)
2	Windows CE 5.0 :: Product Documentation :: Windows CE Features :: Communication Services and Networking :: Servers :: Universal Plug and Play (UPnP) :: UPnP Reference :: UPnP AV Reference :: UPnP AV Constants
10	Windows CE 5.0 :: Product Documentation :: Windows CE Features :: Communication Services and Networking :: Servers :: Universal Plug and Play (UPnP) :: UPnP Reference :: UPnP AV Reference :: UPnP AV Constants :: AV String Constants
2	Windows CE 5.0 :: Product Documentation :: Windows CE Features :: Communication Services and Networking :: Servers :: Universal Plug and Play (UPnP) :: UPnP Reference :: UPnP AV Reference :: UPnP AV Enumerations
7	Windows CE 5.0 :: Product Documentation :: Windows CE Features :: Communication Services and Networking :: Servers :: Universal Plug and Play (UPnP) :: UPnP Reference :: UPnP AV Reference :: UPnP AV Structures
1	Windows CE 5.0 :: Product Documentation :: Windows CE Features :: Communication Services and Networking :: Servers :: Universal Plug and Play (UPnP) :: UPnP Reference :: UPnP AV Reference :: UPnP AV Structures :: object (UPnP AV)
1	Windows CE 5.0 :: Product Documentation :: Windows CE Features :: Communication Services and Networking :: Servers :: Universal Plug and Play (UPnP) :: UPnP Reference :: UPnP C Device Host Reference :: UPnP C Device Host Enumerations
11	Windows CE 5.0 :: Product Documentation :: Windows CE Features :: Communication Services and Networking :: Servers :: Universal Plug and Play (UPnP) :: UPnP Reference :: UPnP C Device Host Reference :: UPnP C Device Host Functions
4	Windows CE 5.0 :: Product Documentation :: Windows CE Features :: Communication Services and Networking :: Servers :: Universal Plug and Play (UPnP) :: UPnP Reference :: UPnP C Device Host Reference :: UPnP C Device Host Structures
7	Windows CE 5.0 :: Product Documentation :: Windows CE Features :: Communication Services and Networking :: Servers :: Universal Plug and Play (UPnP) :: UPnP Reference :: UPnP Control Point API Reference :: UPnP Control Point API Interfaces :: IUPnPDescriptionDocument
1	Windows CE 5.0 :: Product Documentation :: Windows CE Features :: Communication Services and Networking :: Servers :: Universal Plug and Play (UPnP) :: UPnP Reference :: UPnP Control Point API Reference :: UPnP Control Point API Interfaces :: IUPnPDescriptionDocumentCallback
19	Windows CE 5.0 :: Product Documentation :: Windows CE Features :: Communication Services and Networking :: Servers :: Universal Plug and Play (UPnP) :: UPnP Reference :: UPnP Control Point API Reference :: UPnP Control Point API Interfaces :: IUPnPDevice
1	Windows CE 5.0 :: Product Documentation :: Windows CE Features :: Communication Services and Networking :: Servers :: Universal Plug and Play (UPnP) :: UPnP Reference :: UPnP Control Point API Reference :: UPnP Control Point API Interfaces :: IUPnPDeviceDocumentAccess
5	Windows CE 5.0 :: Product Documentation :: Windows CE Features :: Communication Services and Networking :: Servers :: Universal Plug and Play (UPnP) :: UPnP Reference :: UPnP Control Point API Reference :: UPnP Control Point API Interfaces :: IUPnPDeviceFinder
3	Windows CE 5.0 :: Product Documentation :: Windows CE Features :: Communication Services and Networking :: Servers :: Universal Plug and Play (UPnP) :: UPnP Reference :: UPnP Control Point API Reference :: UPnP Control Point API Interfaces :: IUPnPDeviceFinderCallback
3	Windows CE 5.0 :: Product Documentation :: Windows CE Features :: Communication Services and Networking :: Servers :: Universal Plug and Play (UPnP) :: UPnP Reference :: UPnP Control Point API Reference :: UPnP Control Point API Interfaces :: IUPnPDevices
6	Windows CE 5.0 :: Product Documentation :: Windows CE Features :: Communication Services and Networking :: Servers :: Universal Plug and Play (UPnP) :: UPnP Reference :: UPnP Control Point API Reference :: UPnP Control Point API Interfaces :: IUPnPService
2	Windows CE 5.0 :: Product Documentation :: Windows CE Features :: Communication Services and Networking :: Servers :: Universal Plug and Play (UPnP) :: UPnP Reference :: UPnP Control Point API Reference :: UPnP Control Point API Interfaces :: IUPnPServiceCallback
3	Windows CE 5.0 :: Product Documentation :: Windows CE Features :: Communication Services and Networking :: Servers :: Universal Plug and Play (UPnP) :: UPnP Reference :: UPnP Control Point API Reference :: UPnP Control Point API Interfaces :: IUPnPServices
2	Windows CE 5.0 :: Product Documentation :: Windows CE Features :: Communication Services and Networking :: Servers :: Universal Plug and Play (UPnP) :: UPnP Reference :: UPnP Device Host Reference :: UPnP Device Host Interfaces :: IUPnPDeviceControl
2	Windows CE 5.0 :: Product Documentation :: Windows CE Features :: Communication Services and Networking :: Servers :: Universal Plug and Play (UPnP) :: UPnP Reference :: UPnP Device Host Reference :: UPnP Device Host Interfaces :: IUPnPEventSink
2	Windows CE 5.0 :: Product Documentation :: Windows CE Features :: Communication Services and Networking :: Servers :: Universal Plug and Play (UPnP) :: UPnP Reference :: UPnP Device Host Reference :: UPnP Device Host Interfaces :: IUPnPEventSource
4	Windows CE 5.0 :: Product Documentation :: Windows CE Features :: Communication Services and Networking :: Servers :: Universal Plug and Play (UPnP) :: UPnP Reference :: UPnP Device Host Reference :: UPnP Device Host Interfaces :: IUPnPRegistrar
2	Windows CE 5.0 :: Product Documentation :: Windows CE Features :: Communication Services and Networking :: Servers :: Universal Plug and Play (UPnP) :: UPnP Reference :: UPnP Device Host Reference :: UPnP Device Host Interfaces :: IUPnPReregistrar
1	Windows CE 5.0 :: Product Documentation :: Windows CE Features :: Communication Services and Networking :: Servers :: Universal Plug and Play (UPnP) :: UPnP Registry Settings :: UPnP Registry Device Creation
4	Windows CE 5.0 :: Product Documentation :: Windows CE Features :: Communication Services and Networking :: Servers :: Universal Plug and Play (UPnP) :: UPnP Samples
4	Windows CE 5.0 :: Product Documentation :: Windows CE Features :: Communication Services and Networking :: Servers :: Web Proxy
1	Windows CE 5.0 :: Product Documentation :: Windows CE Features :: Communication Services and Networking :: Servers :: Web Proxy :: Web Proxy OS Design Development
5	Windows CE 5.0 :: Product Documentation :: Windows CE Features :: Communication Services and Networking :: Servers :: Web Proxy :: Web Proxy Reference :: Web Proxy Functions
1	Windows CE 5.0 :: Product Documentation :: Windows CE Features :: Communication Services and Networking :: Servers :: Web Proxy :: Web Proxy Reference :: Web Proxy IOCTLs
2	Windows CE 5.0 :: Product Documentation :: Windows CE Features :: Communication Services and Networking :: Servers :: Web Proxy :: Web Proxy Reference :: Web Proxy Structures
2	Windows CE 5.0 :: Product Documentation :: Windows CE Features :: Communication Services and Networking :: Servers :: Web Server (HTTPD)
3	Windows CE 5.0 :: Product Documentation :: Windows CE Features :: Communication Services and Networking :: Servers :: Web Server (HTTPD) :: Active Server Pages
5	Windows CE 5.0 :: Product Documentation :: Windows CE Features :: Communication Services and Networking :: Servers :: Web Server (HTTPD) :: Active Server Pages :: Active Server Pages Application Development
1	Windows CE 5.0 :: Product Documentation :: Windows CE Features :: Communication Services and Networking :: Servers :: Web Server (HTTPD) :: Active Server Pages :: Active Server Pages Application Development :: Server and Collection Objects
3	Windows CE 5.0 :: Product Documentation :: Windows CE Features :: Communication Services and Networking :: Servers :: Web Server (HTTPD) :: Active Server Pages :: Active Server Pages Application Development :: Server and Collection Objects :: Server Objects
4	Windows CE 5.0 :: Product Documentation :: Windows CE Features :: Communication Services and Networking :: Servers :: Web Server (HTTPD) :: How to Configure the Web Server
3	Windows CE 5.0 :: Product Documentation :: Windows CE Features :: Communication Services and Networking :: Servers :: Web Server (HTTPD) :: How to Setup a Server Certificate for a Windows CE Web Server
2	Windows CE 5.0 :: Product Documentation :: Windows CE Features :: Communication Services and Networking :: Servers :: Web Server (HTTPD) :: Web Server (HTTPD) Application Development :: HTTP Implementation
1	Windows CE 5.0 :: Product Documentation :: Windows CE Features :: Communication Services and Networking :: Servers :: Web Server (HTTPD) :: Web Server (HTTPD) Application Development :: ISAPI Extensions, Filters, and Script Mapping
1	Windows CE 5.0 :: Product Documentation :: Windows CE Features :: Communication Services and Networking :: Servers :: Web Server (HTTPD) :: Web Server (HTTPD) Application Development :: ISAPI Extensions, Filters, and Script Mapping :: ISAPI Extensions
2	Windows CE 5.0 :: Product Documentation :: Windows CE Features :: Communication Services and Networking :: Servers :: Web Server (HTTPD) :: Web Server (HTTPD) Application Development :: ISAPI Extensions, Filters, and Script Mapping :: ISAPI Filters
4	Windows CE 5.0 :: Product Documentation :: Windows CE Features :: Communication Services and Networking :: Servers :: Web Server (HTTPD) :: Web Server (HTTPD) Application Development :: Web Server Authentication and Permissions
2	Windows CE 5.0 :: Product Documentation :: Windows CE Features :: Communication Services and Networking :: Servers :: Web Server (HTTPD) :: Web Server (HTTPD) Application Development :: Web Server Authentication and Permissions :: SSL Support
5	Windows CE 5.0 :: Product Documentation :: Windows CE Features :: Communication Services and Networking :: Servers :: Web Server (HTTPD) :: Web Server (HTTPD) Application Development :: Web Server Implementation Details
3	Windows CE 5.0 :: Product Documentation :: Windows CE Features :: Communication Services and Networking :: Servers :: Web Server (HTTPD) :: Web Server (HTTPD) Application Development :: WebDAV
1	Windows CE 5.0 :: Product Documentation :: Windows CE Features :: Communication Services and Networking :: Servers :: Web Server (HTTPD) :: Web Server (HTTPD) OS Design Development
1	Windows CE 5.0 :: Product Documentation :: Windows CE Features :: Communication Services and Networking :: Servers :: Web Server (HTTPD) :: Web Server Reference
1	Windows CE 5.0 :: Product Documentation :: Windows CE Features :: Communication Services and Networking :: Servers :: Web Server (HTTPD) :: Web Server Reference :: Web Server Enumerations
18	Windows CE 5.0 :: Product Documentation :: Windows CE Features :: Communication Services and Networking :: Servers :: Web Server (HTTPD) :: Web Server Reference :: Web Server Functions
13	Windows CE 5.0 :: Product Documentation :: Windows CE Features :: Communication Services and Networking :: Servers :: Web Server (HTTPD) :: Web Server Reference :: Web Server Structures
4	Windows CE 5.0 :: Product Documentation :: Windows CE Features :: Communication Services and Networking :: Servers :: Web Server (HTTPD) :: Web Server Registry Settings
1	Windows CE 5.0 :: Product Documentation :: Windows CE Features :: Communication Services and Networking :: Servers :: Web Server (HTTPD) :: Web Server Security
4	Windows CE 5.0 :: Product Documentation :: Windows CE Features :: Core OS Services
1	Windows CE 5.0 :: Product Documentation :: Windows CE Features :: Core OS Services :: Core OS Application Development :: Serial Communications
7	Windows CE 5.0 :: Product Documentation :: Windows CE Features :: Core OS Services :: Core OS Application Development :: Serial Communications :: Programming Serial Connections
2	Windows CE 5.0 :: Product Documentation :: Windows CE Features :: Core OS Services :: Core OS Design Development
1	Windows CE 5.0 :: Product Documentation :: Windows CE Features :: Core OS Services :: Core OS Design Development :: Kernel Overview
4	Windows CE 5.0 :: Product Documentation :: Windows CE Features :: Core OS Services :: Core OS Design Development :: Kernel Overview :: Additional Kernel Functionality
3	Windows CE 5.0 :: Product Documentation :: Windows CE Features :: Core OS Services :: Core OS Design Development :: Kernel Overview :: Loader
1	Windows CE 5.0 :: Product Documentation :: Windows CE Features :: Core OS Services :: Core OS Design Development :: Kernel Overview :: Loader :: Multiple XIP Support
2	Windows CE 5.0 :: Product Documentation :: Windows CE Features :: Core OS Services :: Core OS Design Development :: Kernel Overview :: Loader :: Multiple XIP Support :: Booting an Image with Multiple XIP Regions
1	Windows CE 5.0 :: Product Documentation :: Windows CE Features :: Core OS Services :: Core OS Design Development :: Kernel Overview :: Loader :: Multiple XIP Support :: Building an Image with Multiple XIP Regions
4	Windows CE 5.0 :: Product Documentation :: Windows CE Features :: Core OS Services :: Core OS Design Development :: Kernel Overview :: Loader :: Multiple XIP Support :: How to Create a Run-Time Image with Multiple XIP Regions
5	Windows CE 5.0 :: Product Documentation :: Windows CE Features :: Core OS Services :: Core OS Design Development :: Kernel Overview :: Memory Architecture
2	Windows CE 5.0 :: Product Documentation :: Windows CE Features :: Core OS Services :: Core OS Design Development :: Kernel Overview :: Real-Time Performance :: Real-Time Measurement Tools
6	Windows CE 5.0 :: Product Documentation :: Windows CE Features :: Core OS Services :: Core OS Design Development :: Kernel Overview :: Real-Time Performance :: Real-Time Performance Considerations
2	Windows CE 5.0 :: Product Documentation :: Windows CE Features :: Core OS Services :: Core OS Design Development :: Kernel Overview :: Real-Time Performance :: Real-Time Performance Considerations :: Peripheral Access Considerations
1	Windows CE 5.0 :: Product Documentation :: Windows CE Features :: Core OS Services :: Core OS Design Development :: Kernel Overview :: Real-Time Performance :: Real-Time Performance Functionality
2	Windows CE 5.0 :: Product Documentation :: Windows CE Features :: Core OS Services :: Core OS Design Development :: Kernel Overview :: Real-Time Performance :: Real-Time Performance Functionality :: Real-Time Priority System
1	Windows CE 5.0 :: Product Documentation :: Windows CE Features :: Core OS Services :: Core OS Design Development :: Kernel Overview :: Real-Time Performance :: Real-Time Performance Functionality :: Timer and Scheduling Management
4	Windows CE 5.0 :: Product Documentation :: Windows CE Features :: Core OS Services :: Core OS Design Development :: Kernel Overview :: Scheduling :: Processes and Threads
2	Windows CE 5.0 :: Product Documentation :: Windows CE Features :: Core OS Services :: Core OS Design Development :: Kernel Overview :: Scheduling :: Processes and Threads :: Processes
5	Windows CE 5.0 :: Product Documentation :: Windows CE Features :: Core OS Services :: Core OS Design Development :: Kernel Overview :: Scheduling :: Processes and Threads :: Threads
8	Windows CE 5.0 :: Product Documentation :: Windows CE Features :: Core OS Services :: Core OS Design Development :: Kernel Overview :: Scheduling :: Synchronization
2	Windows CE 5.0 :: Product Documentation :: Windows CE Features :: Core OS Services :: Core OS Design Development :: Kernel Overview :: System Calls :: Determining if an API is Ready
5	Windows CE 5.0 :: Product Documentation :: Windows CE Features :: Core OS Services :: Core OS Design Development :: Kernel Power Management
1	Windows CE 5.0 :: Product Documentation :: Windows CE Features :: Core OS Services :: Core OS Design Development :: Kernel Reference :: Kernel Enumerations
73	Windows CE 5.0 :: Product Documentation :: Windows CE Features :: Core OS Services :: Core OS Design Development :: Kernel Reference :: Kernel Functions
1	Windows CE 5.0 :: Product Documentation :: Windows CE Features :: Core OS Services :: Core OS Design Development :: Kernel Reference :: Kernel Global Variables
1	Windows CE 5.0 :: Product Documentation :: Windows CE Features :: Core OS Services :: Core OS Design Development :: Kernel Reference :: Kernel Macros
8	Windows CE 5.0 :: Product Documentation :: Windows CE Features :: Core OS Services :: Core OS Design Development :: Kernel Reference :: Kernel Structures
4	Windows CE 5.0 :: Product Documentation :: Windows CE Features :: Core OS Services :: Core OS Reference :: CeLog Event Tracking Reference
7	Windows CE 5.0 :: Product Documentation :: Windows CE Features :: Core OS Services :: Core OS Reference :: CeLog Event Tracking Reference :: CeLog Event Tracking Functions
65	Windows CE 5.0 :: Product Documentation :: Windows CE Features :: Core OS Services :: Core OS Reference :: CeLog Event Tracking Reference :: CeLog Event Tracking Structures
10	Windows CE 5.0 :: Product Documentation :: Windows CE Features :: Core OS Services :: Core OS Reference :: DLL Reference :: DLL Functions
1	Windows CE 5.0 :: Product Documentation :: Windows CE Features :: Core OS Services :: Core OS Reference :: DLL Reference :: DLL Structures
8	Windows CE 5.0 :: Product Documentation :: Windows CE Features :: Core OS Services :: Core OS Reference :: Debugging Reference :: Debugging Functions
10	Windows CE 5.0 :: Product Documentation :: Windows CE Features :: Core OS Services :: Core OS Reference :: Debugging Reference :: Debugging Macros
11	Windows CE 5.0 :: Product Documentation :: Windows CE Features :: Core OS Services :: Core OS Reference :: Debugging Reference :: Debugging Structures
10	Windows CE 5.0 :: Product Documentation :: Windows CE Features :: Core OS Services :: Core OS Reference :: Error Values
3	Windows CE 5.0 :: Product Documentation :: Windows CE Features :: Core OS Services :: Core OS Reference :: Error Values :: Error Functions
5	Windows CE 5.0 :: Product Documentation :: Windows CE Features :: Core OS Services :: Core OS Reference :: Exception Reference :: Exception Functions
2	Windows CE 5.0 :: Product Documentation :: Windows CE Features :: Core OS Services :: Core OS Reference :: Exception Reference :: Exception Structures
7	Windows CE 5.0 :: Product Documentation :: Windows CE Features :: Core OS Services :: Core OS Reference :: Fiber Reference :: Fiber Functions
24	Windows CE 5.0 :: Product Documentation :: Windows CE Features :: Core OS Services :: Core OS Reference :: Memory Management Reference :: Memory Management Functions
2	Windows CE 5.0 :: Product Documentation :: Windows CE Features :: Core OS Services :: Core OS Reference :: Memory Management Reference :: Memory Management Structures
6	Windows CE 5.0 :: Product Documentation :: Windows CE Features :: Core OS Services :: Core OS Reference :: Message Queue Point-to-Point Reference :: Message Queue Point-to-Point Functions
2	Windows CE 5.0 :: Product Documentation :: Windows CE Features :: Core OS Services :: Core OS Reference :: Message Queue Point-to-Point Reference :: Message Queue Point-to-Point Structures
16	Windows CE 5.0 :: Product Documentation :: Windows CE Features :: Core OS Services :: Core OS Reference :: Network Address Translation Reference :: Network Address Translation Functions
4	Windows CE 5.0 :: Product Documentation :: Windows CE Features :: Core OS Services :: Core OS Reference :: Network Address Translation Reference :: Network Address Translation Structures
38	Windows CE 5.0 :: Product Documentation :: Windows CE Features :: Core OS Services :: Core OS Reference :: Process and Thread Reference :: Process and Thread Functions
1	Windows CE 5.0 :: Product Documentation :: Windows CE Features :: Core OS Services :: Core OS Reference :: Process and Thread Reference :: Process and Thread Structures
16	Windows CE 5.0 :: Product Documentation :: Windows CE Features :: Core OS Services :: Core OS Reference :: Serial Communications Reference :: Serial Communications Functions
4	Windows CE 5.0 :: Product Documentation :: Windows CE Features :: Core OS Services :: Core OS Reference :: Serial Communications Reference :: Serial Communications Structures
13	Windows CE 5.0 :: Product Documentation :: Windows CE Features :: Core OS Services :: Core OS Reference :: Strings Reference :: Strings Functions
25	Windows CE 5.0 :: Product Documentation :: Windows CE Features :: Core OS Services :: Core OS Reference :: Synchronization Reference :: Synchronization Functions
6	Windows CE 5.0 :: Product Documentation :: Windows CE Features :: Core OS Services :: Core OS Reference :: System Management Reference :: System Management Functions
9	Windows CE 5.0 :: Product Documentation :: Windows CE Features :: Core OS Services :: Core OS Reference :: System Management Reference :: System Management Structures
20	Windows CE 5.0 :: Product Documentation :: Windows CE Features :: Core OS Services :: Core OS Reference :: Time Reference :: Time Functions
3	Windows CE 5.0 :: Product Documentation :: Windows CE Features :: Core OS Services :: Core OS Reference :: Time Reference :: Time Structures
13	Windows CE 5.0 :: Product Documentation :: Windows CE Features :: Core OS Services :: Core OS Reference :: ToolHelp Reference :: ToolHelp Functions
5	Windows CE 5.0 :: Product Documentation :: Windows CE Features :: Core OS Services :: Core OS Reference :: ToolHelp Reference :: ToolHelp Structures
5	Windows CE 5.0 :: Product Documentation :: Windows CE Features :: Core OS Services :: Core OS Reference :: Unicode Reference :: Unicode Functions
1	Windows CE 5.0 :: Product Documentation :: Windows CE Features :: Core OS Services :: Core OS Reference :: Unicode Reference :: Unicode Macros
2	Windows CE 5.0 :: Product Documentation :: Windows CE Features :: Core OS Services :: Core OS Reference :: Unicode Reference :: Unicode Structures
5	Windows CE 5.0 :: Product Documentation :: Windows CE Features :: Core OS Services :: Core OS Registry Settings
1	Windows CE 5.0 :: Product Documentation :: Windows CE Features :: Device Management
5	Windows CE 5.0 :: Product Documentation :: Windows CE Features :: Device Management :: Device Management Client
12	Windows CE 5.0 :: Product Documentation :: Windows CE Features :: Device Management :: Device Management Client :: Device Management Client Application Development
4	Windows CE 5.0 :: Product Documentation :: Windows CE Features :: Device Management :: Device Management Client :: Device Management Client Application Development :: Device Management Operation
3	Windows CE 5.0 :: Product Documentation :: Windows CE Features :: Device Management :: Device Management Client :: Device Management Client Application Development :: Device Management Operation :: Reports to the Server
3	Windows CE 5.0 :: Product Documentation :: Windows CE Features :: Device Management :: Device Management Client :: Device Management Client Application Development :: Device Management Operation :: Target Device Download Event
3	Windows CE 5.0 :: Product Documentation :: Windows CE Features :: Device Management :: Device Management Client :: Device Management Client Reference :: Device Management Client Functions
4	Windows CE 5.0 :: Product Documentation :: Windows CE Features :: Device Management :: Device Management Client :: Device Management Client Reference :: Device Management Client Script Engine Commands :: Conditional Expressions
6	Windows CE 5.0 :: Product Documentation :: Windows CE Features :: Device Management :: Device Management Client :: Device Management Client Reference :: Device Management Client Script Engine Commands :: Environment Commands
5	Windows CE 5.0 :: Product Documentation :: Windows CE Features :: Device Management :: Device Management Client :: Device Management Client Reference :: Device Management Client Script Engine Commands :: File System Commands
2	Windows CE 5.0 :: Product Documentation :: Windows CE Features :: Device Management :: Device Management Client :: Device Management Client Reference :: Device Management Client Script Engine Commands :: Registry Commands
3	Windows CE 5.0 :: Product Documentation :: Windows CE Features :: Device Management :: Device Management Client :: Device Management Client Reference :: Device Management Client Script Engine Commands :: Schedule/Report Commands
6	Windows CE 5.0 :: Product Documentation :: Windows CE Features :: Device Management :: Device Management Client :: Device Management Client Reference :: Device Management Client Script Engine Commands :: Scripting Support Commands
3	Windows CE 5.0 :: Product Documentation :: Windows CE Features :: Device Management :: Device Management Client :: Device Management Client Reference :: Device Management Client Script Engine Commands :: System Commands
4	Windows CE 5.0 :: Product Documentation :: Windows CE Features :: Device Management :: Device Management Client :: Device Management Client Reference :: Device Management Client Structures
3	Windows CE 5.0 :: Product Documentation :: Windows CE Features :: Device Management :: Device Management Client :: Device Management Client Reference :: Device Management Client XML Elements :: Download Event Status Document Elements
2	Windows CE 5.0 :: Product Documentation :: Windows CE Features :: Device Management :: Device Management Client :: Device Management Client Reference :: Device Management Client XML Elements :: Instruction Request Document Elements
16	Windows CE 5.0 :: Product Documentation :: Windows CE Features :: Device Management :: Device Management Client :: Device Management Client Reference :: Device Management Client XML Elements :: Instruction Response Document Elements
3	Windows CE 5.0 :: Product Documentation :: Windows CE Features :: Device Management :: Device Management Client :: Device Management Client Reference :: Device Management Client XML Elements :: Machine Inventory Report Document Elements
7	Windows CE 5.0 :: Product Documentation :: Windows CE Features :: Device Management :: Device Management Client :: Device Management Client Reference :: Device Management Client XML Elements :: Package Location Request Document Elements
12	Windows CE 5.0 :: Product Documentation :: Windows CE Features :: Device Management :: Device Management Client :: Device Management Client Reference :: Device Management Client XML Elements :: Package Location Response Document Elements
20	Windows CE 5.0 :: Product Documentation :: Windows CE Features :: Device Management :: Device Management Client :: Device Management Client Reference :: Device Management Client XML Elements :: Poll Request Document Elements
20	Windows CE 5.0 :: Product Documentation :: Windows CE Features :: Device Management :: Device Management Client :: Device Management Client Reference :: Device Management Client XML Elements :: Poll Response Document Elements
3	Windows CE 5.0 :: Product Documentation :: Windows CE Features :: Device Management :: Device Management Client :: Device Management Client Reference :: Device Management Client XML Elements :: Software Inventory Report Document Elements
4	Windows CE 5.0 :: Product Documentation :: Windows CE Features :: Device Management :: Simple Network Management Protocol
6	Windows CE 5.0 :: Product Documentation :: Windows CE Features :: Device Management :: Simple Network Management Protocol :: SNMP Application Development
3	Windows CE 5.0 :: Product Documentation :: Windows CE Features :: Device Management :: Simple Network Management Protocol :: SNMP Application Development :: Management Information Base :: Developing a MIB
5	Windows CE 5.0 :: Product Documentation :: Windows CE Features :: Device Management :: Simple Network Management Protocol :: SNMP Application Development :: Management Information Base :: Host Resources MIB
8	Windows CE 5.0 :: Product Documentation :: Windows CE Features :: Device Management :: Simple Network Management Protocol :: SNMP Application Development :: Management Information Base :: MIB-II
2	Windows CE 5.0 :: Product Documentation :: Windows CE Features :: Device Management :: Simple Network Management Protocol :: SNMP Application Development :: SNMP API Functions
3	Windows CE 5.0 :: Product Documentation :: Windows CE Features :: Device Management :: Simple Network Management Protocol :: SNMP Application Development :: SNMP Extension Agent :: Extension-Agent Architecture
1	Windows CE 5.0 :: Product Documentation :: Windows CE Features :: Device Management :: Simple Network Management Protocol :: SNMP Application Development :: SNMP Extension Agent :: Writing an SNMP Extension Agent
3	Windows CE 5.0 :: Product Documentation :: Windows CE Features :: Device Management :: Simple Network Management Protocol :: SNMP Application Development :: SnmpTfx Framework
4	Windows CE 5.0 :: Product Documentation :: Windows CE Features :: Device Management :: Simple Network Management Protocol :: SNMP Application Development :: SnmpTfx Framework :: SnmpTfx Framework Structures
36	Windows CE 5.0 :: Product Documentation :: Windows CE Features :: Device Management :: Simple Network Management Protocol :: SNMP Reference :: SNMP Functions
6	Windows CE 5.0 :: Product Documentation :: Windows CE Features :: Device Management :: Simple Network Management Protocol :: SNMP Reference :: SNMP Structures
6	Windows CE 5.0 :: Product Documentation :: Windows CE Features :: Device Management :: Simple Network Management Protocol :: SNMP Registry Settings
4	Windows CE 5.0 :: Product Documentation :: Windows CE Features :: File Systems and Data Store
1	Windows CE 5.0 :: Product Documentation :: Windows CE Features :: File Systems and Data Store :: File Systems and Data Store OS Design Development
13	Windows CE 5.0 :: Product Documentation :: Windows CE Features :: File Systems and Data Store :: File Systems and Data Store OS Design Development :: Databases :: CEDB Database Support
6	Windows CE 5.0 :: Product Documentation :: Windows CE Features :: File Systems and Data Store :: File Systems and Data Store OS Design Development :: Databases :: EDB Database Support
2	Windows CE 5.0 :: Product Documentation :: Windows CE Features :: File Systems and Data Store :: File Systems and Data Store OS Design Development :: File Systems
3	Windows CE 5.0 :: Product Documentation :: Windows CE Features :: File Systems and Data Store :: File Systems and Data Store OS Design Development :: File Systems :: Binary Rom Image File System (BinFS)
1	Windows CE 5.0 :: Product Documentation :: Windows CE Features :: File Systems and Data Store :: File Systems and Data Store OS Design Development :: File Systems :: FAT File System
6	Windows CE 5.0 :: Product Documentation :: Windows CE Features :: File Systems and Data Store :: File Systems and Data Store OS Design Development :: File Systems :: FAT File System :: Transaction-Safe FAT File System
3	Windows CE 5.0 :: Product Documentation :: Windows CE Features :: File Systems and Data Store :: File Systems and Data Store OS Design Development :: File Systems :: File System Filters
17	Windows CE 5.0 :: Product Documentation :: Windows CE Features :: File Systems and Data Store :: File Systems and Data Store OS Design Development :: File Systems :: File System Operations
4	Windows CE 5.0 :: Product Documentation :: Windows CE Features :: File Systems and Data Store :: File Systems and Data Store OS Design Development :: File Systems :: Filesys.exe Boot Process
4	Windows CE 5.0 :: Product Documentation :: Windows CE Features :: File Systems and Data Store :: File Systems and Data Store OS Design Development :: File Systems :: Installable File System
1	Windows CE 5.0 :: Product Documentation :: Windows CE Features :: File Systems and Data Store :: File Systems and Data Store OS Design Development :: File Systems :: Installable File System :: Cache Manager
7	Windows CE 5.0 :: Product Documentation :: Windows CE Features :: File Systems and Data Store :: File Systems and Data Store OS Design Development :: File Systems and Data Store OS Reference :: Bootpart OS Reference :: Bootpart Library OS Functions
1	Windows CE 5.0 :: Product Documentation :: Windows CE Features :: File Systems and Data Store :: File Systems and Data Store OS Design Development :: File Systems and Data Store OS Reference :: Bootpart OS Reference :: Bootpart Library OS Structures
9	Windows CE 5.0 :: Product Documentation :: Windows CE Features :: File Systems and Data Store :: File Systems and Data Store OS Design Development :: File Systems and Data Store OS Reference :: Cache Manager Reference :: Cache Manager Functions
15	Windows CE 5.0 :: Product Documentation :: Windows CE Features :: File Systems and Data Store :: File Systems and Data Store OS Design Development :: File Systems and Data Store OS Reference :: Database Replication OS Reference :: Database Replication OS Functions
1	Windows CE 5.0 :: Product Documentation :: Windows CE Features :: File Systems and Data Store :: File Systems and Data Store OS Design Development :: File Systems and Data Store OS Reference :: Database Replication OS Reference :: Database Replication OS Macros
1	Windows CE 5.0 :: Product Documentation :: Windows CE Features :: File Systems and Data Store :: File Systems and Data Store OS Design Development :: File Systems and Data Store OS Reference :: Database Replication OS Reference :: Database Replication OS Structures
2	Windows CE 5.0 :: Product Documentation :: Windows CE Features :: File Systems and Data Store :: File Systems and Data Store OS Design Development :: File Systems and Data Store OS Reference :: FAT File System OS Reference :: FAT File System OS IOCTLs
10	Windows CE 5.0 :: Product Documentation :: Windows CE Features :: File Systems and Data Store :: File Systems and Data Store OS Design Development :: File Systems and Data Store OS Reference :: FAT File System OS Reference :: FAT File System OS Structures
9	Windows CE 5.0 :: Product Documentation :: Windows CE Features :: File Systems and Data Store :: File Systems and Data Store OS Design Development :: File Systems and Data Store OS Reference :: FAT File System OS Reference :: FAT Utility Library OS Functions
17	Windows CE 5.0 :: Product Documentation :: Windows CE Features :: File Systems and Data Store :: File Systems and Data Store OS Design Development :: File Systems and Data Store OS Reference :: Partition Manager OS Reference :: Partition Manager OS Functions
2	Windows CE 5.0 :: Product Documentation :: Windows CE Features :: File Systems and Data Store :: File Systems and Data Store OS Design Development :: File Systems and Data Store OS Reference :: Partition Manager OS Reference :: Partition Manager OS Structures
9	Windows CE 5.0 :: Product Documentation :: Windows CE Features :: File Systems and Data Store :: File Systems and Data Store OS Design Development :: File Systems and Data Store OS Reference :: Registry OS Reference :: Registry OS Functions
4	Windows CE 5.0 :: Product Documentation :: Windows CE Features :: File Systems and Data Store :: File Systems and Data Store OS Design Development :: File Systems and Data Store OS Reference :: Registry OS Reference :: Registry OS Structures
2	Windows CE 5.0 :: Product Documentation :: Windows CE Features :: File Systems and Data Store :: File Systems and Data Store OS Design Development :: File and Database Replication
3	Windows CE 5.0 :: Product Documentation :: Windows CE Features :: File Systems and Data Store :: File Systems and Data Store OS Design Development :: Object Store
9	Windows CE 5.0 :: Product Documentation :: Windows CE Features :: File Systems and Data Store :: File Systems and Data Store OS Design Development :: Registry :: Advanced Registry Concepts
4	Windows CE 5.0 :: Product Documentation :: Windows CE Features :: File Systems and Data Store :: File Systems and Data Store OS Design Development :: Registry :: Advanced Registry Concepts :: User Profiles
8	Windows CE 5.0 :: Product Documentation :: Windows CE Features :: File Systems and Data Store :: File Systems and Data Store OS Design Development :: Registry :: Registry Fundamentals
1	Windows CE 5.0 :: Product Documentation :: Windows CE Features :: File Systems and Data Store :: File Systems and Data Store OS Design Development :: Registry :: Registry Types
6	Windows CE 5.0 :: Product Documentation :: Windows CE Features :: File Systems and Data Store :: File Systems and Data Store OS Design Development :: Registry :: Registry Types :: Hive-Based Registry
4	Windows CE 5.0 :: Product Documentation :: Windows CE Features :: File Systems and Data Store :: File Systems and Data Store OS Design Development :: Registry :: Registry Types :: RAM-Based Registry
5	Windows CE 5.0 :: Product Documentation :: Windows CE Features :: File Systems and Data Store :: File Systems and Data Store OS Design Development :: Storage Manager
4	Windows CE 5.0 :: Product Documentation :: Windows CE Features :: File Systems and Data Store :: File Systems and Data Store Reference :: Copy External Reference :: Copy External IOCTLs
3	Windows CE 5.0 :: Product Documentation :: Windows CE Features :: File Systems and Data Store :: File Systems and Data Store Reference :: Copy External Reference :: Copy External Structures
31	Windows CE 5.0 :: Product Documentation :: Windows CE Features :: File Systems and Data Store :: File Systems and Data Store Reference :: Database Reference :: CEDB Reference :: CEDB Functions
13	Windows CE 5.0 :: Product Documentation :: Windows CE Features :: File Systems and Data Store :: File Systems and Data Store Reference :: Database Reference :: CEDB Reference :: CEDB Structures
5	Windows CE 5.0 :: Product Documentation :: Windows CE Features :: File Systems and Data Store :: File Systems and Data Store Reference :: Database Reference :: Database Macros
7	Windows CE 5.0 :: Product Documentation :: Windows CE Features :: File Systems and Data Store :: File Systems and Data Store Reference :: Database Reference :: Database Messages
36	Windows CE 5.0 :: Product Documentation :: Windows CE Features :: File Systems and Data Store :: File Systems and Data Store Reference :: Database Reference :: EDB Reference :: EDB Functions
6	Windows CE 5.0 :: Product Documentation :: Windows CE Features :: File Systems and Data Store :: File Systems and Data Store Reference :: Database Reference :: EDB Reference :: EDB Structures
3	Windows CE 5.0 :: Product Documentation :: Windows CE Features :: File Systems and Data Store :: File Systems and Data Store Reference :: FSD Reference :: FSD Data Types
64	Windows CE 5.0 :: Product Documentation :: Windows CE Features :: File Systems and Data Store :: File Systems and Data Store Reference :: FSD Reference :: FSD Functions
8	Windows CE 5.0 :: Product Documentation :: Windows CE Features :: File Systems and Data Store :: File Systems and Data Store Reference :: FSD Reference :: FSD IOCTLs
10	Windows CE 5.0 :: Product Documentation :: Windows CE Features :: File Systems and Data Store :: File Systems and Data Store Reference :: FSD Reference :: FSD Structures
3	Windows CE 5.0 :: Product Documentation :: Windows CE Features :: File Systems and Data Store :: File Systems and Data Store Reference :: File I/O Reference :: File I/O Enumerations
37	Windows CE 5.0 :: Product Documentation :: Windows CE Features :: File Systems and Data Store :: File Systems and Data Store Reference :: File I/O Reference :: File I/O Functions
8	Windows CE 5.0 :: Product Documentation :: Windows CE Features :: File Systems and Data Store :: File Systems and Data Store Reference :: File I/O Reference :: File I/O Structures
5	Windows CE 5.0 :: Product Documentation :: Windows CE Features :: File Systems and Data Store :: File Systems and Data Store Reference :: File Mapping Reference :: File Mapping Functions
6	Windows CE 5.0 :: Product Documentation :: Windows CE Features :: File Systems and Data Store :: File Systems and Data Store Reference :: File System Password Reference :: File System Password Functions
11	Windows CE 5.0 :: Product Documentation :: Windows CE Features :: File Systems and Data Store :: File Systems and Data Store Reference :: Registry Reference :: Registry Functions
3	Windows CE 5.0 :: Product Documentation :: Windows CE Features :: File Systems and Data Store :: File Systems and Data Store Reference :: Registry Reference :: Registry Notification Functions
22	Windows CE 5.0 :: Product Documentation :: Windows CE Features :: File Systems and Data Store :: File Systems and Data Store Reference :: Storage Manager Reference :: Storage Manager Functions
5	Windows CE 5.0 :: Product Documentation :: Windows CE Features :: File Systems and Data Store :: File Systems and Data Store Reference :: Storage Manager Reference :: Storage Manager Structures
4	Windows CE 5.0 :: Product Documentation :: Windows CE Features :: File Systems and Data Store :: File Systems and Data Store Reference :: User Management Reference :: User Management Functions
3	Windows CE 5.0 :: Product Documentation :: Windows CE Features :: File Systems and Data Store :: File Systems and Data Store Registry Settings
4	Windows CE 5.0 :: Product Documentation :: Windows CE Features :: File Systems and Data Store :: File Systems and Data Store Registry Settings :: File Systems Registry Settings Overview
5	Windows CE 5.0 :: Product Documentation :: Windows CE Features :: File Systems and Data Store :: File Systems and Data Store Registry Settings :: Settings for Specific File Systems
5	Windows CE 5.0 :: Product Documentation :: Windows CE Features :: Fonts
7	Windows CE 5.0 :: Product Documentation :: Windows CE Features :: Fonts :: Font Registry Settings
9	Windows CE 5.0 :: Product Documentation :: Windows CE Features :: Fonts :: Fonts Application Development
3	Windows CE 5.0 :: Product Documentation :: Windows CE Features :: Fonts :: Fonts Application Development :: Creating End User Defined Characters
6	Windows CE 5.0 :: Product Documentation :: Windows CE Features :: Fonts :: Fonts OS Design Development
3	Windows CE 5.0 :: Product Documentation :: Windows CE Features :: Fonts :: Fonts OS Design Development :: How to Implement ClearType
2	Windows CE 5.0 :: Product Documentation :: Windows CE Features :: Fonts :: Fonts OS Design Development :: Replacing Fonts
26	Windows CE 5.0 :: Product Documentation :: Windows CE Features :: Fonts :: Fonts Reference :: Fonts Functions
1	Windows CE 5.0 :: Product Documentation :: Windows CE Features :: Fonts :: Fonts Reference :: Fonts Messages
5	Windows CE 5.0 :: Product Documentation :: Windows CE Features :: Fonts :: Fonts Reference :: Fonts Structures
2	Windows CE 5.0 :: Product Documentation :: Windows CE Features :: Graphics and Multimedia Technologies
1	Windows CE 5.0 :: Product Documentation :: Windows CE Features :: Graphics and Multimedia Technologies :: Audio
5	Windows CE 5.0 :: Product Documentation :: Windows CE Features :: Graphics and Multimedia Technologies :: Audio :: Waveform Audio
6	Windows CE 5.0 :: Product Documentation :: Windows CE Features :: Graphics and Multimedia Technologies :: Audio :: Waveform Audio :: Hardware Audio Mixer
10	Windows CE 5.0 :: Product Documentation :: Windows CE Features :: Graphics and Multimedia Technologies :: Audio :: Waveform Audio :: Hardware Audio Mixer Reference :: Hardware Audio Mixer Functions
2	Windows CE 5.0 :: Product Documentation :: Windows CE Features :: Graphics and Multimedia Technologies :: Audio :: Waveform Audio :: Hardware Audio Mixer Reference :: Hardware Audio Mixer Messages
9	Windows CE 5.0 :: Product Documentation :: Windows CE Features :: Graphics and Multimedia Technologies :: Audio :: Waveform Audio :: Hardware Audio Mixer Reference :: Hardware Audio Mixer Structures
3	Windows CE 5.0 :: Product Documentation :: Windows CE Features :: Graphics and Multimedia Technologies :: Audio :: Waveform Audio :: Waveform Audio Application Development :: Using the PlaySound Function
6	Windows CE 5.0 :: Product Documentation :: Windows CE Features :: Graphics and Multimedia Technologies :: Audio :: Waveform Audio :: Waveform Audio Application Development :: Using the Waveform Audio Interface
5	Windows CE 5.0 :: Product Documentation :: Windows CE Features :: Graphics and Multimedia Technologies :: Audio :: Waveform Audio :: Waveform Audio Application Development :: Using the Waveform Audio Interface :: Playing Waveform Audio Files
2	Windows CE 5.0 :: Product Documentation :: Windows CE Features :: Graphics and Multimedia Technologies :: Audio :: Waveform Audio :: Waveform Audio Application Development :: Using the Waveform Audio Interface :: Querying and Opening Waveform Audio I/O Devices
43	Windows CE 5.0 :: Product Documentation :: Windows CE Features :: Graphics and Multimedia Technologies :: Audio :: Waveform Audio :: Waveform Audio Reference :: Waveform Audio Functions
13	Windows CE 5.0 :: Product Documentation :: Windows CE Features :: Graphics and Multimedia Technologies :: Audio :: Waveform Audio :: Waveform Audio Reference :: Waveform Audio Messages
6	Windows CE 5.0 :: Product Documentation :: Windows CE Features :: Graphics and Multimedia Technologies :: Audio :: Waveform Audio :: Waveform Audio Reference :: Waveform Audio Structures
4	Windows CE 5.0 :: Product Documentation :: Windows CE Features :: Graphics and Multimedia Technologies :: Graphics
5	Windows CE 5.0 :: Product Documentation :: Windows CE Features :: Graphics and Multimedia Technologies :: Graphics :: Direct3D Mobile
3	Windows CE 5.0 :: Product Documentation :: Windows CE Features :: Graphics and Multimedia Technologies :: Graphics :: Direct3D Mobile :: Direct3D Mobile Application Development :: Direct3D Mobile Architecture
2	Windows CE 5.0 :: Product Documentation :: Windows CE Features :: Graphics and Multimedia Technologies :: Graphics :: Direct3D Mobile :: Direct3D Mobile Application Development :: Direct3D Mobile Architecture :: Direct3D Mobile Rendering Pipeline :: Lighting
2	Windows CE 5.0 :: Product Documentation :: Windows CE Features :: Graphics and Multimedia Technologies :: Graphics :: Direct3D Mobile :: Direct3D Mobile Application Development :: Direct3D Mobile Architecture :: Direct3D Mobile Rendering Pipeline :: Lighting :: Lighting Equations
6	Windows CE 5.0 :: Product Documentation :: Windows CE Features :: Graphics and Multimedia Technologies :: Graphics :: Direct3D Mobile :: Direct3D Mobile Application Development :: Direct3D Mobile Architecture :: Direct3D Mobile Rendering Pipeline :: Per Pixel Operations
2	Windows CE 5.0 :: Product Documentation :: Windows CE Features :: Graphics and Multimedia Technologies :: Graphics :: Direct3D Mobile :: Direct3D Mobile Application Development :: Direct3D Mobile Architecture :: Direct3D Mobile Rendering Pipeline :: Rasterization
2	Windows CE 5.0 :: Product Documentation :: Windows CE Features :: Graphics and Multimedia Technologies :: Graphics :: Direct3D Mobile :: Direct3D Mobile Application Development :: Direct3D Mobile Architecture :: Direct3D Mobile Rendering Pipeline :: Rasterization :: Interpolation
3	Windows CE 5.0 :: Product Documentation :: Windows CE Features :: Graphics and Multimedia Technologies :: Graphics :: Direct3D Mobile :: Direct3D Mobile Application Development :: Direct3D Mobile Architecture :: Direct3D Mobile Rendering Pipeline :: Rasterization :: Texture Mapping
10	Windows CE 5.0 :: Product Documentation :: Windows CE Features :: Graphics and Multimedia Technologies :: Graphics :: Direct3D Mobile :: Direct3D Mobile Application Development :: Direct3D Mobile Architecture :: Direct3D Mobile Rendering Pipeline :: Transformation
3	Windows CE 5.0 :: Product Documentation :: Windows CE Features :: Graphics and Multimedia Technologies :: Graphics :: Direct3D Mobile :: Direct3D Mobile Application Development :: Direct3D Mobile Architecture :: Direct3D Mobile Rendering Pipeline :: Transformation :: Coordinate Transformation Matrices
4	Windows CE 5.0 :: Product Documentation :: Windows CE Features :: Graphics and Multimedia Technologies :: Graphics :: Direct3D Mobile :: Direct3D Mobile Application Development :: Direct3D Mobile Architecture :: Screen Operations
6	Windows CE 5.0 :: Product Documentation :: Windows CE Features :: Graphics and Multimedia Technologies :: Graphics :: Direct3D Mobile :: Direct3D Mobile Application Development :: Direct3D Mobile Programming
2	Windows CE 5.0 :: Product Documentation :: Windows CE Features :: Graphics and Multimedia Technologies :: Graphics :: Direct3D Mobile :: Direct3D Mobile Application Development :: Direct3D Mobile Programming :: Direct3D Mobile Devices
1	Windows CE 5.0 :: Product Documentation :: Windows CE Features :: Graphics and Multimedia Technologies :: Graphics :: Direct3D Mobile :: Direct3D Mobile Application Development :: Direct3D Mobile Programming :: Direct3D Mobile Devices :: Device States
14	Windows CE 5.0 :: Product Documentation :: Windows CE Features :: Graphics and Multimedia Technologies :: Graphics :: Direct3D Mobile :: Direct3D Mobile Application Development :: Direct3D Mobile Programming :: Direct3D Mobile Devices :: Device States :: Render States
6	Windows CE 5.0 :: Product Documentation :: Windows CE Features :: Graphics and Multimedia Technologies :: Graphics :: Direct3D Mobile :: Direct3D Mobile Application Development :: Direct3D Mobile Programming :: Direct3D Mobile Devices :: Device-Supported Primitive Types
6	Windows CE 5.0 :: Product Documentation :: Windows CE Features :: Graphics and Multimedia Technologies :: Graphics :: Direct3D Mobile :: Direct3D Mobile Application Development :: Direct3D Mobile Programming :: Direct3D Mobile Devices :: Using Devices
4	Windows CE 5.0 :: Product Documentation :: Windows CE Features :: Graphics and Multimedia Technologies :: Graphics :: Direct3D Mobile :: Direct3D Mobile Application Development :: Direct3D Mobile Programming :: Direct3D Mobile Devices :: Using Devices :: Rendering
1	Windows CE 5.0 :: Product Documentation :: Windows CE Features :: Graphics and Multimedia Technologies :: Graphics :: Direct3D Mobile :: Direct3D Mobile Application Development :: Direct3D Mobile Programming :: Direct3D Mobile Resources
6	Windows CE 5.0 :: Product Documentation :: Windows CE Features :: Graphics and Multimedia Technologies :: Graphics :: Direct3D Mobile :: Direct3D Mobile Application Development :: Direct3D Mobile Programming :: Direct3D Mobile Resources :: Common Details for Direct3D Mobile Resources
8	Windows CE 5.0 :: Product Documentation :: Windows CE Features :: Graphics and Multimedia Technologies :: Graphics :: Direct3D Mobile :: Direct3D Mobile Application Development :: Direct3D Mobile Programming :: Direct3D Mobile Resources :: Depth Buffers
4	Windows CE 5.0 :: Product Documentation :: Windows CE Features :: Graphics and Multimedia Technologies :: Graphics :: Direct3D Mobile :: Direct3D Mobile Application Development :: Direct3D Mobile Programming :: Direct3D Mobile Resources :: Index Buffers
5	Windows CE 5.0 :: Product Documentation :: Windows CE Features :: Graphics and Multimedia Technologies :: Graphics :: Direct3D Mobile :: Direct3D Mobile Application Development :: Direct3D Mobile Programming :: Direct3D Mobile Resources :: Lights
4	Windows CE 5.0 :: Product Documentation :: Windows CE Features :: Graphics and Multimedia Technologies :: Graphics :: Direct3D Mobile :: Direct3D Mobile Application Development :: Direct3D Mobile Programming :: Direct3D Mobile Resources :: Lights :: Light Properties
3	Windows CE 5.0 :: Product Documentation :: Windows CE Features :: Graphics and Multimedia Technologies :: Graphics :: Direct3D Mobile :: Direct3D Mobile Application Development :: Direct3D Mobile Programming :: Direct3D Mobile Resources :: Lights :: Using Lights
3	Windows CE 5.0 :: Product Documentation :: Windows CE Features :: Graphics and Multimedia Technologies :: Graphics :: Direct3D Mobile :: Direct3D Mobile Application Development :: Direct3D Mobile Programming :: Direct3D Mobile Resources :: Materials
5	Windows CE 5.0 :: Product Documentation :: Windows CE Features :: Graphics and Multimedia Technologies :: Graphics :: Direct3D Mobile :: Direct3D Mobile Application Development :: Direct3D Mobile Programming :: Direct3D Mobile Resources :: Surfaces
6	Windows CE 5.0 :: Product Documentation :: Windows CE Features :: Graphics and Multimedia Technologies :: Graphics :: Direct3D Mobile :: Direct3D Mobile Application Development :: Direct3D Mobile Programming :: Direct3D Mobile Resources :: Textures
6	Windows CE 5.0 :: Product Documentation :: Windows CE Features :: Graphics and Multimedia Technologies :: Graphics :: Direct3D Mobile :: Direct3D Mobile Application Development :: Direct3D Mobile Programming :: Direct3D Mobile Resources :: Textures :: Compressed Texture Resources
7	Windows CE 5.0 :: Product Documentation :: Windows CE Features :: Graphics and Multimedia Technologies :: Graphics :: Direct3D Mobile :: Direct3D Mobile Application Development :: Direct3D Mobile Programming :: Direct3D Mobile Resources :: Textures :: Texture Addressing Modes
4	Windows CE 5.0 :: Product Documentation :: Windows CE Features :: Graphics and Multimedia Technologies :: Graphics :: Direct3D Mobile :: Direct3D Mobile Application Development :: Direct3D Mobile Programming :: Direct3D Mobile Resources :: Textures :: Texture Blending
4	Windows CE 5.0 :: Product Documentation :: Windows CE Features :: Graphics and Multimedia Technologies :: Graphics :: Direct3D Mobile :: Direct3D Mobile Application Development :: Direct3D Mobile Programming :: Direct3D Mobile Resources :: Textures :: Texture Coordinates
4	Windows CE 5.0 :: Product Documentation :: Windows CE Features :: Graphics and Multimedia Technologies :: Graphics :: Direct3D Mobile :: Direct3D Mobile Application Development :: Direct3D Mobile Programming :: Direct3D Mobile Resources :: Textures :: Texture Filtering
4	Windows CE 5.0 :: Product Documentation :: Windows CE Features :: Graphics and Multimedia Technologies :: Graphics :: Direct3D Mobile :: Direct3D Mobile Application Development :: Direct3D Mobile Programming :: Direct3D Mobile Resources :: Using Direct3D Mobile Resources
4	Windows CE 5.0 :: Product Documentation :: Windows CE Features :: Graphics and Multimedia Technologies :: Graphics :: Direct3D Mobile :: Direct3D Mobile Application Development :: Direct3D Mobile Programming :: Direct3D Mobile Resources :: Vertex Buffers
5	Windows CE 5.0 :: Product Documentation :: Windows CE Features :: Graphics and Multimedia Technologies :: Graphics :: Direct3D Mobile :: Direct3D Mobile Application Development :: Direct3D Mobile Programming :: Direct3D Mobile Resources :: Vertex Buffers :: Using Vertex Buffers
4	Windows CE 5.0 :: Product Documentation :: Windows CE Features :: Graphics and Multimedia Technologies :: Graphics :: Direct3D Mobile :: Direct3D Mobile Application Development :: Direct3D Mobile Programming :: Direct3D Mobile Resources :: Vertex Formats
1	Windows CE 5.0 :: Product Documentation :: Windows CE Features :: Graphics and Multimedia Technologies :: Graphics :: Direct3D Mobile :: Direct3D Mobile Application Development :: Introduction to Direct3D Mobile
2	Windows CE 5.0 :: Product Documentation :: Windows CE Features :: Graphics and Multimedia Technologies :: Graphics :: Direct3D Mobile :: Direct3D Mobile Reference :: Direct3D Mobile Data Types
27	Windows CE 5.0 :: Product Documentation :: Windows CE Features :: Graphics and Multimedia Technologies :: Graphics :: Direct3D Mobile :: Direct3D Mobile Reference :: Direct3D Mobile Enumerations
2	Windows CE 5.0 :: Product Documentation :: Windows CE Features :: Graphics and Multimedia Technologies :: Graphics :: Direct3D Mobile :: Direct3D Mobile Reference :: Direct3D Mobile Functions
14	Windows CE 5.0 :: Product Documentation :: Windows CE Features :: Graphics and Multimedia Technologies :: Graphics :: Direct3D Mobile :: Direct3D Mobile Reference :: Direct3D Mobile Interfaces :: IDirect3DMobile
3	Windows CE 5.0 :: Product Documentation :: Windows CE Features :: Graphics and Multimedia Technologies :: Graphics :: Direct3D Mobile :: Direct3D Mobile Reference :: Direct3D Mobile Interfaces :: IDirect3DMobileBaseTexture
59	Windows CE 5.0 :: Product Documentation :: Windows CE Features :: Graphics and Multimedia Technologies :: Graphics :: Direct3D Mobile :: Direct3D Mobile Reference :: Direct3D Mobile Interfaces :: IDirect3DMobileDevice
3	Windows CE 5.0 :: Product Documentation :: Windows CE Features :: Graphics and Multimedia Technologies :: Graphics :: Direct3D Mobile :: Direct3D Mobile Reference :: Direct3D Mobile Interfaces :: IDirect3DMobileIndexBuffer
5	Windows CE 5.0 :: Product Documentation :: Windows CE Features :: Graphics and Multimedia Technologies :: Graphics :: Direct3D Mobile :: Direct3D Mobile Reference :: Direct3D Mobile Interfaces :: IDirect3DMobileResource
7	Windows CE 5.0 :: Product Documentation :: Windows CE Features :: Graphics and Multimedia Technologies :: Graphics :: Direct3D Mobile :: Direct3D Mobile Reference :: Direct3D Mobile Interfaces :: IDirect3DMobileSurface
2	Windows CE 5.0 :: Product Documentation :: Windows CE Features :: Graphics and Multimedia Technologies :: Graphics :: Direct3D Mobile :: Direct3D Mobile Reference :: Direct3D Mobile Interfaces :: IDirect3DMobileSwapChain
5	Windows CE 5.0 :: Product Documentation :: Windows CE Features :: Graphics and Multimedia Technologies :: Graphics :: Direct3D Mobile :: Direct3D Mobile Reference :: Direct3D Mobile Interfaces :: IDirect3DMobileTexture
3	Windows CE 5.0 :: Product Documentation :: Windows CE Features :: Graphics and Multimedia Technologies :: Graphics :: Direct3D Mobile :: Direct3D Mobile Reference :: Direct3D Mobile Interfaces :: IDirect3DMobileVertexBuffer
27	Windows CE 5.0 :: Product Documentation :: Windows CE Features :: Graphics and Multimedia Technologies :: Graphics :: Direct3D Mobile :: Direct3D Mobile Reference :: Direct3D Mobile Macros
16	Windows CE 5.0 :: Product Documentation :: Windows CE Features :: Graphics and Multimedia Technologies :: Graphics :: Direct3D Mobile :: Direct3D Mobile Reference :: Direct3D Mobile Macros :: Direct3D Mobile Capability Bits
16	Windows CE 5.0 :: Product Documentation :: Windows CE Features :: Graphics and Multimedia Technologies :: Graphics :: Direct3D Mobile :: Direct3D Mobile Reference :: Direct3D Mobile Structures
5	Windows CE 5.0 :: Product Documentation :: Windows CE Features :: Graphics and Multimedia Technologies :: Graphics :: DirectDraw
9	Windows CE 5.0 :: Product Documentation :: Windows CE Features :: Graphics and Multimedia Technologies :: Graphics :: DirectDraw :: DirectDraw Application Development :: Advanced DirectDraw Information
2	Windows CE 5.0 :: Product Documentation :: Windows CE Features :: Graphics and Multimedia Technologies :: Graphics :: DirectDraw :: DirectDraw Application Development :: Advanced DirectDraw Information :: Porting Older DirectDraw Code
3	Windows CE 5.0 :: Product Documentation :: Windows CE Features :: Graphics and Multimedia Technologies :: Graphics :: DirectDraw :: DirectDraw Application Development :: Advanced DirectDraw Information :: Taking Advantage of DMA Support
3	Windows CE 5.0 :: Product Documentation :: Windows CE Features :: Graphics and Multimedia Technologies :: Graphics :: DirectDraw :: DirectDraw Application Development :: Advanced DirectDraw Information :: Using DirectDraw Palettes in Windowed Mode
10	Windows CE 5.0 :: Product Documentation :: Windows CE Features :: Graphics and Multimedia Technologies :: Graphics :: DirectDraw :: DirectDraw Application Development :: Advanced DirectDraw Information :: Video Ports
5	Windows CE 5.0 :: Product Documentation :: Windows CE Features :: Graphics and Multimedia Technologies :: Graphics :: DirectDraw :: DirectDraw Application Development :: Exploring Graphics Concepts
1	Windows CE 5.0 :: Product Documentation :: Windows CE Features :: Graphics and Multimedia Technologies :: Graphics :: DirectDraw :: DirectDraw Application Development :: Getting Started with DirectDraw
1	Windows CE 5.0 :: Product Documentation :: Windows CE Features :: Graphics and Multimedia Technologies :: Graphics :: DirectDraw :: DirectDraw Application Development :: Getting Started with DirectDraw :: Cooperative Levels
5	Windows CE 5.0 :: Product Documentation :: Windows CE Features :: Graphics and Multimedia Technologies :: Graphics :: DirectDraw :: DirectDraw Application Development :: Getting Started with DirectDraw :: DirectDraw Middleware Architecture
3	Windows CE 5.0 :: Product Documentation :: Windows CE Features :: Graphics and Multimedia Technologies :: Graphics :: DirectDraw :: DirectDraw Application Development :: Getting Started with DirectDraw :: Display Modes
6	Windows CE 5.0 :: Product Documentation :: Windows CE Features :: Graphics and Multimedia Technologies :: Graphics :: DirectDraw :: DirectDraw Application Development :: Working with DirectDraw Clippers
3	Windows CE 5.0 :: Product Documentation :: Windows CE Features :: Graphics and Multimedia Technologies :: Graphics :: DirectDraw :: DirectDraw Application Development :: Working with DirectDraw Objects
5	Windows CE 5.0 :: Product Documentation :: Windows CE Features :: Graphics and Multimedia Technologies :: Graphics :: DirectDraw :: DirectDraw Application Development :: Working with DirectDraw Palettes
7	Windows CE 5.0 :: Product Documentation :: Windows CE Features :: Graphics and Multimedia Technologies :: Graphics :: DirectDraw :: DirectDraw Application Development :: Working with DirectDraw Surfaces
5	Windows CE 5.0 :: Product Documentation :: Windows CE Features :: Graphics and Multimedia Technologies :: Graphics :: DirectDraw :: DirectDraw Application Development :: Working with DirectDraw Surfaces :: Basic Concepts of Surfaces
6	Windows CE 5.0 :: Product Documentation :: Windows CE Features :: Graphics and Multimedia Technologies :: Graphics :: DirectDraw :: DirectDraw Application Development :: Working with DirectDraw Surfaces :: Blitting to Surfaces
3	Windows CE 5.0 :: Product Documentation :: Windows CE Features :: Graphics and Multimedia Technologies :: Graphics :: DirectDraw :: DirectDraw Application Development :: Working with DirectDraw Surfaces :: Blitting to Surfaces :: Transparent Blitting
3	Windows CE 5.0 :: Product Documentation :: Windows CE Features :: Graphics and Multimedia Technologies :: Graphics :: DirectDraw :: DirectDraw Application Development :: Working with DirectDraw Surfaces :: COM Reference Count Semantics for Surfaces
2	Windows CE 5.0 :: Product Documentation :: Windows CE Features :: Graphics and Multimedia Technologies :: Graphics :: DirectDraw :: DirectDraw Application Development :: Working with DirectDraw Surfaces :: Color Controls
6	Windows CE 5.0 :: Product Documentation :: Windows CE Features :: Graphics and Multimedia Technologies :: Graphics :: DirectDraw :: DirectDraw Application Development :: Working with DirectDraw Surfaces :: Creating Surfaces
10	Windows CE 5.0 :: Product Documentation :: Windows CE Features :: Graphics and Multimedia Technologies :: Graphics :: DirectDraw :: DirectDraw Application Development :: Working with DirectDraw Surfaces :: Overlay Surfaces
2	Windows CE 5.0 :: Product Documentation :: Windows CE Features :: Graphics and Multimedia Technologies :: Graphics :: DirectDraw :: DirectDraw Application Development :: Working with DirectDraw Surfaces :: Surfaces and Device Contexts
4	Windows CE 5.0 :: Product Documentation :: Windows CE Features :: Graphics and Multimedia Technologies :: Graphics :: DirectDraw :: DirectDraw Application Development :: Working with Graphics Devices
1	Windows CE 5.0 :: Product Documentation :: Windows CE Features :: Graphics and Multimedia Technologies :: Graphics :: DirectDraw :: DirectDraw Reference
7	Windows CE 5.0 :: Product Documentation :: Windows CE Features :: Graphics and Multimedia Technologies :: Graphics :: DirectDraw :: DirectDraw Reference :: DirectDraw Callback Functions (SDK)
4	Windows CE 5.0 :: Product Documentation :: Windows CE Features :: Graphics and Multimedia Technologies :: Graphics :: DirectDraw :: DirectDraw Reference :: DirectDraw Functions
4	Windows CE 5.0 :: Product Documentation :: Windows CE Features :: Graphics and Multimedia Technologies :: Graphics :: DirectDraw :: DirectDraw Reference :: DirectDraw Interfaces :: IDDVideoPortContainer
23	Windows CE 5.0 :: Product Documentation :: Windows CE Features :: Graphics and Multimedia Technologies :: Graphics :: DirectDraw :: DirectDraw Reference :: DirectDraw Interfaces :: IDirectDraw4
5	Windows CE 5.0 :: Product Documentation :: Windows CE Features :: Graphics and Multimedia Technologies :: Graphics :: DirectDraw :: DirectDraw Reference :: DirectDraw Interfaces :: IDirectDrawClipper
2	Windows CE 5.0 :: Product Documentation :: Windows CE Features :: Graphics and Multimedia Technologies :: Graphics :: DirectDraw :: DirectDraw Reference :: DirectDraw Interfaces :: IDirectDrawColorControl
3	Windows CE 5.0 :: Product Documentation :: Windows CE Features :: Graphics and Multimedia Technologies :: Graphics :: DirectDraw :: DirectDraw Reference :: DirectDraw Interfaces :: IDirectDrawPalette
42	Windows CE 5.0 :: Product Documentation :: Windows CE Features :: Graphics and Multimedia Technologies :: Graphics :: DirectDraw :: DirectDraw Reference :: DirectDraw Interfaces :: IDirectDrawSurface5
14	Windows CE 5.0 :: Product Documentation :: Windows CE Features :: Graphics and Multimedia Technologies :: Graphics :: DirectDraw :: DirectDraw Reference :: DirectDraw Interfaces :: IDirectDrawVideoPort
18	Windows CE 5.0 :: Product Documentation :: Windows CE Features :: Graphics and Multimedia Technologies :: Graphics :: DirectDraw :: DirectDraw Reference :: DirectDraw Structures (SDK)
5	Windows CE 5.0 :: Product Documentation :: Windows CE Features :: Graphics and Multimedia Technologies :: Graphics :: Imaging
3	Windows CE 5.0 :: Product Documentation :: Windows CE Features :: Graphics and Multimedia Technologies :: Graphics :: Imaging :: Imaging Application Development
1	Windows CE 5.0 :: Product Documentation :: Windows CE Features :: Graphics and Multimedia Technologies :: Graphics :: Imaging :: Imaging Reference
5	Windows CE 5.0 :: Product Documentation :: Windows CE Features :: Graphics and Multimedia Technologies :: Graphics :: Imaging :: Imaging Reference :: Imaging Classes
9	Windows CE 5.0 :: Product Documentation :: Windows CE Features :: Graphics and Multimedia Technologies :: Graphics :: Imaging :: Imaging Reference :: Imaging Enumerations
7	Windows CE 5.0 :: Product Documentation :: Windows CE Features :: Graphics and Multimedia Technologies :: Graphics :: Imaging :: Imaging Reference :: Imaging Interfaces :: IBasicBitmapOps
6	Windows CE 5.0 :: Product Documentation :: Windows CE Features :: Graphics and Multimedia Technologies :: Graphics :: Imaging :: Imaging Reference :: Imaging Interfaces :: IBitmapImage
6	Windows CE 5.0 :: Product Documentation :: Windows CE Features :: Graphics and Multimedia Technologies :: Graphics :: Imaging :: Imaging Reference :: Imaging Interfaces :: IImage
21	Windows CE 5.0 :: Product Documentation :: Windows CE Features :: Graphics and Multimedia Technologies :: Graphics :: Imaging :: Imaging Reference :: Imaging Interfaces :: IImageDecoder
7	Windows CE 5.0 :: Product Documentation :: Windows CE Features :: Graphics and Multimedia Technologies :: Graphics :: Imaging :: Imaging Reference :: Imaging Interfaces :: IImageEncoder
12	Windows CE 5.0 :: Product Documentation :: Windows CE Features :: Graphics and Multimedia Technologies :: Graphics :: Imaging :: Imaging Reference :: Imaging Interfaces :: IImageSink
13	Windows CE 5.0 :: Product Documentation :: Windows CE Features :: Graphics and Multimedia Technologies :: Graphics :: Imaging :: Imaging Reference :: Imaging Interfaces :: IImagingFactory
5	Windows CE 5.0 :: Product Documentation :: Windows CE Features :: Graphics and Multimedia Technologies :: Graphics :: Imaging :: Imaging Reference :: Imaging Macros
2	Windows CE 5.0 :: Product Documentation :: Windows CE Features :: Graphics and Multimedia Technologies :: Graphics :: Imaging :: Imaging Reference :: Imaging Structures
3	Windows CE 5.0 :: Product Documentation :: Windows CE Features :: Graphics and Multimedia Technologies :: Graphics :: Imaging :: Imaging Reference :: Imaging Types
5	Windows CE 5.0 :: Product Documentation :: Windows CE Features :: Graphics and Multimedia Technologies :: Graphics :: Multiple Screens
8	Windows CE 5.0 :: Product Documentation :: Windows CE Features :: Graphics and Multimedia Technologies :: Graphics :: Multiple Screens :: Multiple Screens Application Development
1	Windows CE 5.0 :: Product Documentation :: Windows CE Features :: Graphics and Multimedia Technologies :: Graphics :: Multiple Screens :: Multiple Screens How-to Topics
6	Windows CE 5.0 :: Product Documentation :: Windows CE Features :: Graphics and Multimedia Technologies :: Graphics :: Multiple Screens :: Multiple Screens Reference :: Multiple Screens Functions
2	Windows CE 5.0 :: Product Documentation :: Windows CE Features :: Graphics and Multimedia Technologies :: Graphics :: Multiple Screens :: Multiple Screens Reference :: Multiple Screens Structures
7	Windows CE 5.0 :: Product Documentation :: Windows CE Features :: Graphics and Multimedia Technologies :: Media
4	Windows CE 5.0 :: Product Documentation :: Windows CE Features :: Graphics and Multimedia Technologies :: Media :: DVD-Video API
1	Windows CE 5.0 :: Product Documentation :: Windows CE Features :: Graphics and Multimedia Technologies :: Media :: DVD-Video API :: DVD-Video API Application Development
3	Windows CE 5.0 :: Product Documentation :: Windows CE Features :: Graphics and Multimedia Technologies :: Media :: DVD-Video API :: DVD-Video API Application Development :: Understanding the DVD-Video API :: Architectural Overview of the DVD-Video API
7	Windows CE 5.0 :: Product Documentation :: Windows CE Features :: Graphics and Multimedia Technologies :: Media :: DVD-Video API :: DVD-Video API Application Development :: Understanding the DVD-Video API :: The DVD Standard
5	Windows CE 5.0 :: Product Documentation :: Windows CE Features :: Graphics and Multimedia Technologies :: Media :: DVD-Video API :: DVD-Video API Application Development :: Using the DVD-Video API :: Adding More Player Capabilities
4	Windows CE 5.0 :: Product Documentation :: Windows CE Features :: Graphics and Multimedia Technologies :: Media :: DVD-Video API :: DVD-Video API Application Development :: Using the DVD-Video API :: Advanced DVD Player Application Topics
3	Windows CE 5.0 :: Product Documentation :: Windows CE Features :: Graphics and Multimedia Technologies :: Media :: DVD-Video API :: DVD-Video API Application Development :: Using the DVD-Video API :: Advanced DVD Player Application Topics :: Examining the DVDSample Sample Application
1	Windows CE 5.0 :: Product Documentation :: Windows CE Features :: Graphics and Multimedia Technologies :: Media :: DVD-Video API :: DVD-Video API Application Development :: Using the DVD-Video API :: Advanced DVD Player Application Topics :: Examining the DVDSample Sample Application :: The DVDSample Control Panel
1	Windows CE 5.0 :: Product Documentation :: Windows CE Features :: Graphics and Multimedia Technologies :: Media :: DVD-Video API :: DVD-Video API Application Development :: Using the DVD-Video API :: Advanced DVD Player Application Topics :: Examining the DVDSample Sample Application :: The DVDSample Startup Sequence
4	Windows CE 5.0 :: Product Documentation :: Windows CE Features :: Graphics and Multimedia Technologies :: Media :: DVD-Video API :: DVD-Video API Application Development :: Using the DVD-Video API :: Creating a Simple DVD Player
1	Windows CE 5.0 :: Product Documentation :: Windows CE Features :: Graphics and Multimedia Technologies :: Media :: DVD-Video API :: DVD-Video API Reference
1	Windows CE 5.0 :: Product Documentation :: Windows CE Features :: Graphics and Multimedia Technologies :: Media :: DVD-Video API :: DVD-Video API Reference :: DVD-Video API Data Types
7	Windows CE 5.0 :: Product Documentation :: Windows CE Features :: Graphics and Multimedia Technologies :: Media :: DVD-Video API :: DVD-Video API Reference :: DVD-Video API Enumerated Types
14	Windows CE 5.0 :: Product Documentation :: Windows CE Features :: Graphics and Multimedia Technologies :: Media :: DVD-Video API :: DVD-Video API Reference :: DVD-Video API Interfaces :: IDVDDataSearchInfo
13	Windows CE 5.0 :: Product Documentation :: Windows CE Features :: Graphics and Multimedia Technologies :: Media :: DVD-Video API :: DVD-Video API Reference :: DVD-Video API Interfaces :: IDVDDomain
13	Windows CE 5.0 :: Product Documentation :: Windows CE Features :: Graphics and Multimedia Technologies :: Media :: DVD-Video API :: DVD-Video API Reference :: DVD-Video API Interfaces :: IDVDHighlightInfo
2	Windows CE 5.0 :: Product Documentation :: Windows CE Features :: Graphics and Multimedia Technologies :: Media :: DVD-Video API :: DVD-Video API Reference :: DVD-Video API Interfaces :: IDVDMenu
1	Windows CE 5.0 :: Product Documentation :: Windows CE Features :: Graphics and Multimedia Technologies :: Media :: DVD-Video API :: DVD-Video API Reference :: DVD-Video API Interfaces :: IDVDNavDataStatusSink
8	Windows CE 5.0 :: Product Documentation :: Windows CE Features :: Graphics and Multimedia Technologies :: Media :: DVD-Video API :: DVD-Video API Reference :: DVD-Video API Interfaces :: IDVDNavigationManager
12	Windows CE 5.0 :: Product Documentation :: Windows CE Features :: Graphics and Multimedia Technologies :: Media :: DVD-Video API :: DVD-Video API Reference :: DVD-Video API Interfaces :: IDVDNavigatorSink
1	Windows CE 5.0 :: Product Documentation :: Windows CE Features :: Graphics and Multimedia Technologies :: Media :: DVD-Video API :: DVD-Video API Reference :: DVD-Video API Interfaces :: IDVDParentalManagementTable
15	Windows CE 5.0 :: Product Documentation :: Windows CE Features :: Graphics and Multimedia Technologies :: Media :: DVD-Video API :: DVD-Video API Reference :: DVD-Video API Interfaces :: IDVDProgramChain
8	Windows CE 5.0 :: Product Documentation :: Windows CE Features :: Graphics and Multimedia Technologies :: Media :: DVD-Video API :: DVD-Video API Reference :: DVD-Video API Interfaces :: IDVDROM
6	Windows CE 5.0 :: Product Documentation :: Windows CE Features :: Graphics and Multimedia Technologies :: Media :: DVD-Video API :: DVD-Video API Reference :: DVD-Video API Interfaces :: IDVDStreamAttributes
16	Windows CE 5.0 :: Product Documentation :: Windows CE Features :: Graphics and Multimedia Technologies :: Media :: DVD-Video API :: DVD-Video API Reference :: DVD-Video API Interfaces :: IDVDStreamControlInfo
3	Windows CE 5.0 :: Product Documentation :: Windows CE Features :: Graphics and Multimedia Technologies :: Media :: DVD-Video API :: DVD-Video API Reference :: DVD-Video API Interfaces :: IDVDTextManager
2	Windows CE 5.0 :: Product Documentation :: Windows CE Features :: Graphics and Multimedia Technologies :: Media :: DVD-Video API :: DVD-Video API Reference :: DVD-Video API Interfaces :: IDVDTimeMap
8	Windows CE 5.0 :: Product Documentation :: Windows CE Features :: Graphics and Multimedia Technologies :: Media :: DVD-Video API :: DVD-Video API Reference :: DVD-Video API Interfaces :: IDVDTitleSet
24	Windows CE 5.0 :: Product Documentation :: Windows CE Features :: Graphics and Multimedia Technologies :: Media :: DVD-Video API :: DVD-Video API Reference :: DVD-Video API Interfaces :: IDVDUserOperation
17	Windows CE 5.0 :: Product Documentation :: Windows CE Features :: Graphics and Multimedia Technologies :: Media :: DVD-Video API :: DVD-Video API Reference :: DVD-Video API Interfaces :: IDVDVideoVolume
7	Windows CE 5.0 :: Product Documentation :: Windows CE Features :: Graphics and Multimedia Technologies :: Media :: DVD-Video API :: DVD-Video API Reference :: DVD-Video API Interfaces :: IEnumDVD_XXXX
1	Windows CE 5.0 :: Product Documentation :: Windows CE Features :: Graphics and Multimedia Technologies :: Media :: DVD-Video API :: DVD-Video API Reference :: DVD-Video API Macros
14	Windows CE 5.0 :: Product Documentation :: Windows CE Features :: Graphics and Multimedia Technologies :: Media :: DVD-Video API :: DVD-Video API Reference :: DVD-Video API Structures
4	Windows CE 5.0 :: Product Documentation :: Windows CE Features :: Graphics and Multimedia Technologies :: Media :: Digital Rights Management
4	Windows CE 5.0 :: Product Documentation :: Windows CE Features :: Graphics and Multimedia Technologies :: Media :: Digital Rights Management :: DRM Application Development
6	Windows CE 5.0 :: Product Documentation :: Windows CE Features :: Graphics and Multimedia Technologies :: Media :: DirectShow
2	Windows CE 5.0 :: Product Documentation :: Windows CE Features :: Graphics and Multimedia Technologies :: Media :: DirectShow :: DMO Reference
12	Windows CE 5.0 :: Product Documentation :: Windows CE Features :: Graphics and Multimedia Technologies :: Media :: DirectShow :: DMO Reference :: DMO Base Class Reference :: IMediaObjectImpl Class Template
3	Windows CE 5.0 :: Product Documentation :: Windows CE Features :: Graphics and Multimedia Technologies :: Media :: DirectShow :: DMO Reference :: DMO Base Class Reference :: Using the DMO Base Class
9	Windows CE 5.0 :: Product Documentation :: Windows CE Features :: Graphics and Multimedia Technologies :: Media :: DirectShow :: DMO Reference :: DMO Enumerated Types
13	Windows CE 5.0 :: Product Documentation :: Windows CE Features :: Graphics and Multimedia Technologies :: Media :: DirectShow :: DMO Reference :: DMO Functions
3	Windows CE 5.0 :: Product Documentation :: Windows CE Features :: Graphics and Multimedia Technologies :: Media :: DirectShow :: DMO Reference :: DMO Interfaces :: IDMOQualityControl
4	Windows CE 5.0 :: Product Documentation :: Windows CE Features :: Graphics and Multimedia Technologies :: Media :: DirectShow :: DMO Reference :: DMO Interfaces :: IDMOVideoOutputOptimizations
4	Windows CE 5.0 :: Product Documentation :: Windows CE Features :: Graphics and Multimedia Technologies :: Media :: DirectShow :: DMO Reference :: DMO Interfaces :: IEnumDMO
3	Windows CE 5.0 :: Product Documentation :: Windows CE Features :: Graphics and Multimedia Technologies :: Media :: DirectShow :: DMO Reference :: DMO Interfaces :: IMediaBuffer
21	Windows CE 5.0 :: Product Documentation :: Windows CE Features :: Graphics and Multimedia Technologies :: Media :: DirectShow :: DMO Reference :: DMO Interfaces :: IMediaObject
3	Windows CE 5.0 :: Product Documentation :: Windows CE Features :: Graphics and Multimedia Technologies :: Media :: DirectShow :: DMO Reference :: DMO Interfaces :: IMediaObjectInPlace
3	Windows CE 5.0 :: Product Documentation :: Windows CE Features :: Graphics and Multimedia Technologies :: Media :: DirectShow :: DMO Reference :: DMO Structures
1	Windows CE 5.0 :: Product Documentation :: Windows CE Features :: Graphics and Multimedia Technologies :: Media :: DirectShow :: DirectShow Application Development :: Audio and Video Capture Support
9	Windows CE 5.0 :: Product Documentation :: Windows CE Features :: Graphics and Multimedia Technologies :: Media :: DirectShow :: DirectShow Application Development :: Audio and Video Capture Support :: Video Capture
3	Windows CE 5.0 :: Product Documentation :: Windows CE Features :: Graphics and Multimedia Technologies :: Media :: DirectShow :: DirectShow Application Development :: Audio and Video Capture Support :: Video Capture :: Advanced Capture Topics
4	Windows CE 5.0 :: Product Documentation :: Windows CE Features :: Graphics and Multimedia Technologies :: Media :: DirectShow :: DirectShow Application Development :: Audio and Video Capture Support :: Video Capture :: Capturing Video to a File
5	Windows CE 5.0 :: Product Documentation :: Windows CE Features :: Graphics and Multimedia Technologies :: Media :: DirectShow :: DirectShow Application Development :: Audio and Video Capture Support :: Video Capture :: Video Capture Tasks
2	Windows CE 5.0 :: Product Documentation :: Windows CE Features :: Graphics and Multimedia Technologies :: Media :: DirectShow :: DirectShow Application Development :: Audio and Video Capture Support :: Windows Media Applications :: Creating ASF Files in DirectShow
2	Windows CE 5.0 :: Product Documentation :: Windows CE Features :: Graphics and Multimedia Technologies :: Media :: DirectShow :: DirectShow Application Development :: DirectShow Architecture
6	Windows CE 5.0 :: Product Documentation :: Windows CE Features :: Graphics and Multimedia Technologies :: Media :: DirectShow :: DirectShow Application Development :: DirectShow Architecture :: Elements of the Filter Graph
3	Windows CE 5.0 :: Product Documentation :: Windows CE Features :: Graphics and Multimedia Technologies :: Media :: DirectShow :: DirectShow Application Development :: DirectShow Architecture :: Event Notification in DirectShow
3	Windows CE 5.0 :: Product Documentation :: Windows CE Features :: Graphics and Multimedia Technologies :: Media :: DirectShow :: DirectShow Application Development :: DirectShow Architecture :: Graph Building with Intelligent Connect
1	Windows CE 5.0 :: Product Documentation :: Windows CE Features :: Graphics and Multimedia Technologies :: Media :: DirectShow :: DirectShow Application Development :: DirectShow C++ Class Library :: Base Classes
4	Windows CE 5.0 :: Product Documentation :: Windows CE Features :: Graphics and Multimedia Technologies :: Media :: DirectShow :: DirectShow Application Development :: DirectShow C++ Class Library :: Base Classes :: Base Classes that Implement Interfaces
1	Windows CE 5.0 :: Product Documentation :: Windows CE Features :: Graphics and Multimedia Technologies :: Media :: DirectShow :: DirectShow Application Development :: DirectShow C++ Class Library :: Base Classes :: Base Classes that Implement Interfaces :: Transport Base Classes
5	Windows CE 5.0 :: Product Documentation :: Windows CE Features :: Graphics and Multimedia Technologies :: Media :: DirectShow :: DirectShow Application Development :: DirectShow C++ Class Library :: Utility Classes
2	Windows CE 5.0 :: Product Documentation :: Windows CE Features :: Graphics and Multimedia Technologies :: Media :: DirectShow :: DirectShow Application Development :: Getting Started with DirectShow :: Introduction to DirectShow Application Programming
2	Windows CE 5.0 :: Product Documentation :: Windows CE Features :: Graphics and Multimedia Technologies :: Media :: DirectShow :: DirectShow Application Development :: Getting Started with DirectShow :: Playing a Media File
3	Windows CE 5.0 :: Product Documentation :: Windows CE Features :: Graphics and Multimedia Technologies :: Media :: DirectShow :: DirectShow Application Development :: Getting Started with DirectShow :: Responding to Events
2	Windows CE 5.0 :: Product Documentation :: Windows CE Features :: Graphics and Multimedia Technologies :: Media :: DirectShow :: DirectShow Application Development :: Getting Started with DirectShow :: Setting Up the Build Environment
3	Windows CE 5.0 :: Product Documentation :: Windows CE Features :: Graphics and Multimedia Technologies :: Media :: DirectShow :: DirectShow Application Development :: Getting Started with DirectShow :: Setting the Video Window
4	Windows CE 5.0 :: Product Documentation :: Windows CE Features :: Graphics and Multimedia Technologies :: Media :: DirectShow :: DirectShow Application Development :: Writing DirectShow Filters :: DirectShow Architecture for Filter Developers
5	Windows CE 5.0 :: Product Documentation :: Windows CE Features :: Graphics and Multimedia Technologies :: Media :: DirectShow :: DirectShow Application Development :: Writing DirectShow Filters :: DirectShow Architecture for Filter Developers :: Data Flow in the Filter Graph
2	Windows CE 5.0 :: Product Documentation :: Windows CE Features :: Graphics and Multimedia Technologies :: Media :: DirectShow :: DirectShow Application Development :: Writing DirectShow Filters :: DirectShow and COM
2	Windows CE 5.0 :: Product Documentation :: Windows CE Features :: Graphics and Multimedia Technologies :: Media :: DirectShow :: DirectShow Application Development :: Writing DirectShow Filters :: DirectShow and COM :: Implementing IUnknown in DirectShow
3	Windows CE 5.0 :: Product Documentation :: Windows CE Features :: Graphics and Multimedia Technologies :: Media :: DirectShow :: DirectShow Application Development :: Writing DirectShow Filters :: File Formats
4	Windows CE 5.0 :: Product Documentation :: Windows CE Features :: Graphics and Multimedia Technologies :: Media :: DirectShow :: DirectShow Application Development :: Writing DirectShow Filters :: File Formats :: AVI RIFF File Reference
1	Windows CE 5.0 :: Product Documentation :: Windows CE Features :: Graphics and Multimedia Technologies :: Media :: DirectShow :: DirectShow Application Development :: Writing DirectShow Filters :: Transform Filters
5	Windows CE 5.0 :: Product Documentation :: Windows CE Features :: Graphics and Multimedia Technologies :: Media :: DirectShow :: DirectShow Application Development :: Writing DirectShow Filters :: Transform Filters :: Connecting Transform Filters
5	Windows CE 5.0 :: Product Documentation :: Windows CE Features :: Graphics and Multimedia Technologies :: Media :: DirectShow :: DirectShow Application Development :: Writing DirectShow Filters :: Transform Filters :: Creating a Transform Filter
7	Windows CE 5.0 :: Product Documentation :: Windows CE Features :: Graphics and Multimedia Technologies :: Media :: DirectShow :: DirectShow Application Development :: Writing DirectShow Filters :: Transform Filters :: Creating a Transform Filter :: Override the Base Class Member Functions
3	Windows CE 5.0 :: Product Documentation :: Windows CE Features :: Graphics and Multimedia Technologies :: Media :: DirectShow :: DirectShow Application Development :: Writing DirectShow Filters :: Transform Filters :: Using the CTransformFilter and CTransInPlaceFilter Transform Base Classes
5	Windows CE 5.0 :: Product Documentation :: Windows CE Features :: Graphics and Multimedia Technologies :: Media :: DirectShow :: DirectShow Application Development :: Writing DirectShow Filters :: Transform Filters :: Write a Transform Filter in C/C++
3	Windows CE 5.0 :: Product Documentation :: Windows CE Features :: Graphics and Multimedia Technologies :: Media :: DirectShow :: DirectShow Application Development :: Writing DirectShow Filters :: Video Renderers
9	Windows CE 5.0 :: Product Documentation :: Windows CE Features :: Graphics and Multimedia Technologies :: Media :: DirectShow :: DirectShow Application Development :: Writing DirectShow Filters :: Video Renderers :: Alternative Video Renderers
6	Windows CE 5.0 :: Product Documentation :: Windows CE Features :: Graphics and Multimedia Technologies :: Media :: DirectShow :: DirectShow Application Development :: Writing DirectShow Filters :: Video Renderers :: Full-Screen Video Renderer
3	Windows CE 5.0 :: Product Documentation :: Windows CE Features :: Graphics and Multimedia Technologies :: Media :: DirectShow :: DirectShow Application Development :: Writing DirectShow Filters :: Writing Capture Filters
3	Windows CE 5.0 :: Product Documentation :: Windows CE Features :: Graphics and Multimedia Technologies :: Media :: DirectShow :: DirectShow Application Development :: Writing DirectShow Filters :: Writing Capture Filters :: Exposing Capture and Compression Formats
1	Windows CE 5.0 :: Product Documentation :: Windows CE Features :: Graphics and Multimedia Technologies :: Media :: DirectShow :: DirectShow Reference
6	Windows CE 5.0 :: Product Documentation :: Windows CE Features :: Graphics and Multimedia Technologies :: Media :: DirectShow :: DirectShow Reference :: DirectShow Classes :: CAMEvent Class
1	Windows CE 5.0 :: Product Documentation :: Windows CE Features :: Graphics and Multimedia Technologies :: Media :: DirectShow :: DirectShow Reference :: DirectShow Classes :: CAMMsgEvent Class
7	Windows CE 5.0 :: Product Documentation :: Windows CE Features :: Graphics and Multimedia Technologies :: Media :: DirectShow :: DirectShow Reference :: DirectShow Classes :: CAMSchedule Class
12	Windows CE 5.0 :: Product Documentation :: Windows CE Features :: Graphics and Multimedia Technologies :: Media :: DirectShow :: DirectShow Reference :: DirectShow Classes :: CAMThread Class
3	Windows CE 5.0 :: Product Documentation :: Windows CE Features :: Graphics and Multimedia Technologies :: Media :: DirectShow :: DirectShow Reference :: DirectShow Classes :: CAggDirectDraw Class
3	Windows CE 5.0 :: Product Documentation :: Windows CE Features :: Graphics and Multimedia Technologies :: Media :: DirectShow :: DirectShow Reference :: DirectShow Classes :: CAggDrawSurface Class
1	Windows CE 5.0 :: Product Documentation :: Windows CE Features :: Graphics and Multimedia Technologies :: Media :: DirectShow :: DirectShow Reference :: DirectShow Classes :: CAutoLock Class
12	Windows CE 5.0 :: Product Documentation :: Windows CE Features :: Graphics and Multimedia Technologies :: Media :: DirectShow :: DirectShow Reference :: DirectShow Classes :: CBaseAllocator Class
6	Windows CE 5.0 :: Product Documentation :: Windows CE Features :: Graphics and Multimedia Technologies :: Media :: DirectShow :: DirectShow Reference :: DirectShow Classes :: CBaseBasicVideo Class
50	Windows CE 5.0 :: Product Documentation :: Windows CE Features :: Graphics and Multimedia Technologies :: Media :: DirectShow :: DirectShow Reference :: DirectShow Classes :: CBaseControlVideo Class
47	Windows CE 5.0 :: Product Documentation :: Windows CE Features :: Graphics and Multimedia Technologies :: Media :: DirectShow :: DirectShow Reference :: DirectShow Classes :: CBaseControlWindow Class
4	Windows CE 5.0 :: Product Documentation :: Windows CE Features :: Graphics and Multimedia Technologies :: Media :: DirectShow :: DirectShow Reference :: DirectShow Classes :: CBaseDispatch Class
26	Windows CE 5.0 :: Product Documentation :: Windows CE Features :: Graphics and Multimedia Technologies :: Media :: DirectShow :: DirectShow Reference :: DirectShow Classes :: CBaseFilter Class
17	Windows CE 5.0 :: Product Documentation :: Windows CE Features :: Graphics and Multimedia Technologies :: Media :: DirectShow :: DirectShow Reference :: DirectShow Classes :: CBaseInputPin Class
24	Windows CE 5.0 :: Product Documentation :: Windows CE Features :: Graphics and Multimedia Technologies :: Media :: DirectShow :: DirectShow Reference :: DirectShow Classes :: CBaseList Class
11	Windows CE 5.0 :: Product Documentation :: Windows CE Features :: Graphics and Multimedia Technologies :: Media :: DirectShow :: DirectShow Reference :: DirectShow Classes :: CBaseMediaFilter Class
2	Windows CE 5.0 :: Product Documentation :: Windows CE Features :: Graphics and Multimedia Technologies :: Media :: DirectShow :: DirectShow Reference :: DirectShow Classes :: CBaseObject Class
18	Windows CE 5.0 :: Product Documentation :: Windows CE Features :: Graphics and Multimedia Technologies :: Media :: DirectShow :: DirectShow Reference :: DirectShow Classes :: CBaseOutputPin Class
42	Windows CE 5.0 :: Product Documentation :: Windows CE Features :: Graphics and Multimedia Technologies :: Media :: DirectShow :: DirectShow Reference :: DirectShow Classes :: CBasePin Class
25	Windows CE 5.0 :: Product Documentation :: Windows CE Features :: Graphics and Multimedia Technologies :: Media :: DirectShow :: DirectShow Reference :: DirectShow Classes :: CBasePropertyPage Class
10	Windows CE 5.0 :: Product Documentation :: Windows CE Features :: Graphics and Multimedia Technologies :: Media :: DirectShow :: DirectShow Reference :: DirectShow Classes :: CBaseReferenceClock Class
63	Windows CE 5.0 :: Product Documentation :: Windows CE Features :: Graphics and Multimedia Technologies :: Media :: DirectShow :: DirectShow Reference :: DirectShow Classes :: CBaseRenderer Class
9	Windows CE 5.0 :: Product Documentation :: Windows CE Features :: Graphics and Multimedia Technologies :: Media :: DirectShow :: DirectShow Reference :: DirectShow Classes :: CBaseStreamControl Class
26	Windows CE 5.0 :: Product Documentation :: Windows CE Features :: Graphics and Multimedia Technologies :: Media :: DirectShow :: DirectShow Reference :: DirectShow Classes :: CBaseVideoRenderer Class
6	Windows CE 5.0 :: Product Documentation :: Windows CE Features :: Graphics and Multimedia Technologies :: Media :: DirectShow :: DirectShow Reference :: DirectShow Classes :: CBaseVideoWindow Class
12	Windows CE 5.0 :: Product Documentation :: Windows CE Features :: Graphics and Multimedia Technologies :: Media :: DirectShow :: DirectShow Reference :: DirectShow Classes :: CBaseWindow Class
6	Windows CE 5.0 :: Product Documentation :: Windows CE Features :: Graphics and Multimedia Technologies :: Media :: DirectShow :: DirectShow Reference :: DirectShow Classes :: CBasicAudio Class
3	Windows CE 5.0 :: Product Documentation :: Windows CE Features :: Graphics and Multimedia Technologies :: Media :: DirectShow :: DirectShow Reference :: DirectShow Classes :: CCritSec Class
2	Windows CE 5.0 :: Product Documentation :: Windows CE Features :: Graphics and Multimedia Technologies :: Media :: DirectShow :: DirectShow Reference :: DirectShow Classes :: CDisp Class
1	Windows CE 5.0 :: Product Documentation :: Windows CE Features :: Graphics and Multimedia Technologies :: Media :: DirectShow :: DirectShow Reference :: DirectShow Classes :: CDispBasic Class
8	Windows CE 5.0 :: Product Documentation :: Windows CE Features :: Graphics and Multimedia Technologies :: Media :: DirectShow :: DirectShow Reference :: DirectShow Classes :: CEnumMediaTypes Class
8	Windows CE 5.0 :: Product Documentation :: Windows CE Features :: Graphics and Multimedia Technologies :: Media :: DirectShow :: DirectShow Reference :: DirectShow Classes :: CEnumPins Class
2	Windows CE 5.0 :: Product Documentation :: Windows CE Features :: Graphics and Multimedia Technologies :: Media :: DirectShow :: DirectShow Reference :: DirectShow Classes :: CFactoryTemplate Class
15	Windows CE 5.0 :: Product Documentation :: Windows CE Features :: Graphics and Multimedia Technologies :: Media :: DirectShow :: DirectShow Reference :: DirectShow Classes :: CGenericList Class
1	Windows CE 5.0 :: Product Documentation :: Windows CE Features :: Graphics and Multimedia Technologies :: Media :: DirectShow :: DirectShow Reference :: DirectShow Classes :: CGuidNameList Class
6	Windows CE 5.0 :: Product Documentation :: Windows CE Features :: Graphics and Multimedia Technologies :: Media :: DirectShow :: DirectShow Reference :: DirectShow Classes :: CLoadDirectDraw Class
6	Windows CE 5.0 :: Product Documentation :: Windows CE Features :: Graphics and Multimedia Technologies :: Media :: DirectShow :: DirectShow Reference :: DirectShow Classes :: CMediaControl Class
6	Windows CE 5.0 :: Product Documentation :: Windows CE Features :: Graphics and Multimedia Technologies :: Media :: DirectShow :: DirectShow Reference :: DirectShow Classes :: CMediaEvent Class
6	Windows CE 5.0 :: Product Documentation :: Windows CE Features :: Graphics and Multimedia Technologies :: Media :: DirectShow :: DirectShow Reference :: DirectShow Classes :: CMediaPosition Class
22	Windows CE 5.0 :: Product Documentation :: Windows CE Features :: Graphics and Multimedia Technologies :: Media :: DirectShow :: DirectShow Reference :: DirectShow Classes :: CMediaSample Class
26	Windows CE 5.0 :: Product Documentation :: Windows CE Features :: Graphics and Multimedia Technologies :: Media :: DirectShow :: DirectShow Reference :: DirectShow Classes :: CMediaType Class
6	Windows CE 5.0 :: Product Documentation :: Windows CE Features :: Graphics and Multimedia Technologies :: Media :: DirectShow :: DirectShow Reference :: DirectShow Classes :: CMemAllocator Class
1	Windows CE 5.0 :: Product Documentation :: Windows CE Features :: Graphics and Multimedia Technologies :: Media :: DirectShow :: DirectShow Reference :: DirectShow Classes :: CMsg Class
13	Windows CE 5.0 :: Product Documentation :: Windows CE Features :: Graphics and Multimedia Technologies :: Media :: DirectShow :: DirectShow Reference :: DirectShow Classes :: CMsgThread Class
15	Windows CE 5.0 :: Product Documentation :: Windows CE Features :: Graphics and Multimedia Technologies :: Media :: DirectShow :: DirectShow Reference :: DirectShow Classes :: COARefTime Class
17	Windows CE 5.0 :: Product Documentation :: Windows CE Features :: Graphics and Multimedia Technologies :: Media :: DirectShow :: DirectShow Reference :: DirectShow Classes :: COutputQueue Class
11	Windows CE 5.0 :: Product Documentation :: Windows CE Features :: Graphics and Multimedia Technologies :: Media :: DirectShow :: DirectShow Reference :: DirectShow Classes :: CPersistStream Class
32	Windows CE 5.0 :: Product Documentation :: Windows CE Features :: Graphics and Multimedia Technologies :: Media :: DirectShow :: DirectShow Reference :: DirectShow Classes :: CPosPassThru Class
16	Windows CE 5.0 :: Product Documentation :: Windows CE Features :: Graphics and Multimedia Technologies :: Media :: DirectShow :: DirectShow Reference :: DirectShow Classes :: CPullPin Class
3	Windows CE 5.0 :: Product Documentation :: Windows CE Features :: Graphics and Multimedia Technologies :: Media :: DirectShow :: DirectShow Reference :: DirectShow Classes :: CQueue Class
7	Windows CE 5.0 :: Product Documentation :: Windows CE Features :: Graphics and Multimedia Technologies :: Media :: DirectShow :: DirectShow Reference :: DirectShow Classes :: CRefTime Class
13	Windows CE 5.0 :: Product Documentation :: Windows CE Features :: Graphics and Multimedia Technologies :: Media :: DirectShow :: DirectShow Reference :: DirectShow Classes :: CRendererInputPin Class
4	Windows CE 5.0 :: Product Documentation :: Windows CE Features :: Graphics and Multimedia Technologies :: Media :: DirectShow :: DirectShow Reference :: DirectShow Classes :: CRendererPosPassThru Class
7	Windows CE 5.0 :: Product Documentation :: Windows CE Features :: Graphics and Multimedia Technologies :: Media :: DirectShow :: DirectShow Reference :: DirectShow Classes :: CSource Class
13	Windows CE 5.0 :: Product Documentation :: Windows CE Features :: Graphics and Multimedia Technologies :: Media :: DirectShow :: DirectShow Reference :: DirectShow Classes :: CSourcePosition Class
22	Windows CE 5.0 :: Product Documentation :: Windows CE Features :: Graphics and Multimedia Technologies :: Media :: DirectShow :: DirectShow Reference :: DirectShow Classes :: CSourceSeeking Class
18	Windows CE 5.0 :: Product Documentation :: Windows CE Features :: Graphics and Multimedia Technologies :: Media :: DirectShow :: DirectShow Reference :: DirectShow Classes :: CSourceStream Class
4	Windows CE 5.0 :: Product Documentation :: Windows CE Features :: Graphics and Multimedia Technologies :: Media :: DirectShow :: DirectShow Reference :: DirectShow Classes :: CSystemClock Class
12	Windows CE 5.0 :: Product Documentation :: Windows CE Features :: Graphics and Multimedia Technologies :: Media :: DirectShow :: DirectShow Reference :: DirectShow Classes :: CTransInPlaceFilter Class
8	Windows CE 5.0 :: Product Documentation :: Windows CE Features :: Graphics and Multimedia Technologies :: Media :: DirectShow :: DirectShow Reference :: DirectShow Classes :: CTransInPlaceInputPin Class
7	Windows CE 5.0 :: Product Documentation :: Windows CE Features :: Graphics and Multimedia Technologies :: Media :: DirectShow :: DirectShow Reference :: DirectShow Classes :: CTransInPlaceOutputPin Class
24	Windows CE 5.0 :: Product Documentation :: Windows CE Features :: Graphics and Multimedia Technologies :: Media :: DirectShow :: DirectShow Reference :: DirectShow Classes :: CTransformFilter Class
14	Windows CE 5.0 :: Product Documentation :: Windows CE Features :: Graphics and Multimedia Technologies :: Media :: DirectShow :: DirectShow Reference :: DirectShow Classes :: CTransformInputPin Class
12	Windows CE 5.0 :: Product Documentation :: Windows CE Features :: Graphics and Multimedia Technologies :: Media :: DirectShow :: DirectShow Reference :: DirectShow Classes :: CTransformOutputPin Class
5	Windows CE 5.0 :: Product Documentation :: Windows CE Features :: Graphics and Multimedia Technologies :: Media :: DirectShow :: DirectShow Reference :: DirectShow Classes :: CUnknown Class
7	Windows CE 5.0 :: Product Documentation :: Windows CE Features :: Graphics and Multimedia Technologies :: Media :: DirectShow :: DirectShow Reference :: DirectShow Classes :: CVideoTransformFilter Class
3	Windows CE 5.0 :: Product Documentation :: Windows CE Features :: Graphics and Multimedia Technologies :: Media :: DirectShow :: DirectShow Reference :: DirectShow Classes :: FOURCCMap Class
15	Windows CE 5.0 :: Product Documentation :: Windows CE Features :: Graphics and Multimedia Technologies :: Media :: DirectShow :: DirectShow Reference :: DirectShow Enumerations
2	Windows CE 5.0 :: Product Documentation :: Windows CE Features :: Graphics and Multimedia Technologies :: Media :: DirectShow :: DirectShow Reference :: DirectShow Functions :: DirectShow Debugging Functions :: Assert Functions
1	Windows CE 5.0 :: Product Documentation :: Windows CE Features :: Graphics and Multimedia Technologies :: Media :: DirectShow :: DirectShow Reference :: DirectShow Functions :: DirectShow Debugging Functions :: Breakpoint Function
2	Windows CE 5.0 :: Product Documentation :: Windows CE Features :: Graphics and Multimedia Technologies :: Media :: DirectShow :: DirectShow Reference :: DirectShow Functions :: DirectShow Debugging Functions :: Debug Output
1	Windows CE 5.0 :: Product Documentation :: Windows CE Features :: Graphics and Multimedia Technologies :: Media :: DirectShow :: DirectShow Reference :: DirectShow Functions :: DirectShow Debugging Functions :: Object Register Debugging
3	Windows CE 5.0 :: Product Documentation :: Windows CE Features :: Graphics and Multimedia Technologies :: Media :: DirectShow :: DirectShow Reference :: DirectShow Functions :: DirectShow Debugging Functions :: Wait Debugging
2	Windows CE 5.0 :: Product Documentation :: Windows CE Features :: Graphics and Multimedia Technologies :: Media :: DirectShow :: DirectShow Reference :: DirectShow Functions :: Utility Functions :: BSTR Functions
8	Windows CE 5.0 :: Product Documentation :: Windows CE Features :: Graphics and Multimedia Technologies :: Media :: DirectShow :: DirectShow Reference :: DirectShow Functions :: Utility Functions :: Bitmap Functions
3	Windows CE 5.0 :: Product Documentation :: Windows CE Features :: Graphics and Multimedia Technologies :: Media :: DirectShow :: DirectShow Reference :: DirectShow Functions :: Utility Functions :: CCritSec Debug Functions
1	Windows CE 5.0 :: Product Documentation :: Windows CE Features :: Graphics and Multimedia Technologies :: Media :: DirectShow :: DirectShow Reference :: DirectShow Functions :: Utility Functions :: CPosPassThru Helper Function
4	Windows CE 5.0 :: Product Documentation :: Windows CE Features :: Graphics and Multimedia Technologies :: Media :: DirectShow :: DirectShow Reference :: DirectShow Functions :: Utility Functions :: Conversion Functions
3	Windows CE 5.0 :: Product Documentation :: Windows CE Features :: Graphics and Multimedia Technologies :: Media :: DirectShow :: DirectShow Reference :: DirectShow Functions :: Utility Functions :: DLL and Setup Functions
1	Windows CE 5.0 :: Product Documentation :: Windows CE Features :: Graphics and Multimedia Technologies :: Media :: DirectShow :: DirectShow Reference :: DirectShow Functions :: Utility Functions :: Error Message Functions
2	Windows CE 5.0 :: Product Documentation :: Windows CE Features :: Graphics and Multimedia Technologies :: Media :: DirectShow :: DirectShow Reference :: DirectShow Functions :: Utility Functions :: Math Helper Functions
6	Windows CE 5.0 :: Product Documentation :: Windows CE Features :: Graphics and Multimedia Technologies :: Media :: DirectShow :: DirectShow Reference :: DirectShow Functions :: Utility Functions :: Media Type Functions
1	Windows CE 5.0 :: Product Documentation :: Windows CE Features :: Graphics and Multimedia Technologies :: Media :: DirectShow :: DirectShow Reference :: DirectShow Functions :: Utility Functions :: Message Function
3	Windows CE 5.0 :: Product Documentation :: Windows CE Features :: Graphics and Multimedia Technologies :: Media :: DirectShow :: DirectShow Reference :: DirectShow Functions :: Utility Functions :: Object and Pin Functions
1	Windows CE 5.0 :: Product Documentation :: Windows CE Features :: Graphics and Multimedia Technologies :: Media :: DirectShow :: DirectShow Reference :: DirectShow Functions :: Utility Functions :: Reference Time Function
2	Windows CE 5.0 :: Product Documentation :: Windows CE Features :: Graphics and Multimedia Technologies :: Media :: DirectShow :: DirectShow Reference :: DirectShow Functions :: Utility Functions :: Stream Integer Functions
1	Windows CE 5.0 :: Product Documentation :: Windows CE Features :: Graphics and Multimedia Technologies :: Media :: DirectShow :: DirectShow Reference :: DirectShow Functions :: Utility Functions :: String Functions (DirectShow)
5	Windows CE 5.0 :: Product Documentation :: Windows CE Features :: Graphics and Multimedia Technologies :: Media :: DirectShow :: DirectShow Reference :: DirectShow Interfaces :: IAMDevMemoryAllocator Interface
3	Windows CE 5.0 :: Product Documentation :: Windows CE Features :: Graphics and Multimedia Technologies :: Media :: DirectShow :: DirectShow Reference :: DirectShow Interfaces :: IAMDevMemoryControl Interface
4	Windows CE 5.0 :: Product Documentation :: Windows CE Features :: Graphics and Multimedia Technologies :: Media :: DirectShow :: DirectShow Reference :: DirectShow Interfaces :: IAMDroppedFrames Interface
13	Windows CE 5.0 :: Product Documentation :: Windows CE Features :: Graphics and Multimedia Technologies :: Media :: DirectShow :: DirectShow Reference :: DirectShow Interfaces :: IAMMediaContent Interface
3	Windows CE 5.0 :: Product Documentation :: Windows CE Features :: Graphics and Multimedia Technologies :: Media :: DirectShow :: DirectShow Reference :: DirectShow Interfaces :: IAMMediaContentEx Interface
5	Windows CE 5.0 :: Product Documentation :: Windows CE Features :: Graphics and Multimedia Technologies :: Media :: DirectShow :: DirectShow Reference :: DirectShow Interfaces :: IAMPlayList Interface
11	Windows CE 5.0 :: Product Documentation :: Windows CE Features :: Graphics and Multimedia Technologies :: Media :: DirectShow :: DirectShow Reference :: DirectShow Interfaces :: IAMPlayListItem Interface
4	Windows CE 5.0 :: Product Documentation :: Windows CE Features :: Graphics and Multimedia Technologies :: Media :: DirectShow :: DirectShow Reference :: DirectShow Interfaces :: IAMStreamConfig Interface
3	Windows CE 5.0 :: Product Documentation :: Windows CE Features :: Graphics and Multimedia Technologies :: Media :: DirectShow :: DirectShow Reference :: DirectShow Interfaces :: IAMStreamControl Interface
3	Windows CE 5.0 :: Product Documentation :: Windows CE Features :: Graphics and Multimedia Technologies :: Media :: DirectShow :: DirectShow Reference :: DirectShow Interfaces :: IAMStreamSelect Interface
12	Windows CE 5.0 :: Product Documentation :: Windows CE Features :: Graphics and Multimedia Technologies :: Media :: DirectShow :: DirectShow Reference :: DirectShow Interfaces :: IAMTVTuner Interface
15	Windows CE 5.0 :: Product Documentation :: Windows CE Features :: Graphics and Multimedia Technologies :: Media :: DirectShow :: DirectShow Reference :: DirectShow Interfaces :: IAMTuner Interface
2	Windows CE 5.0 :: Product Documentation :: Windows CE Features :: Graphics and Multimedia Technologies :: Media :: DirectShow :: DirectShow Reference :: DirectShow Interfaces :: IAMovieSetup Interface
8	Windows CE 5.0 :: Product Documentation :: Windows CE Features :: Graphics and Multimedia Technologies :: Media :: DirectShow :: DirectShow Reference :: DirectShow Interfaces :: IAsyncReader Interface
5	Windows CE 5.0 :: Product Documentation :: Windows CE Features :: Graphics and Multimedia Technologies :: Media :: DirectShow :: DirectShow Reference :: DirectShow Interfaces :: IBaseFilter Interface
4	Windows CE 5.0 :: Product Documentation :: Windows CE Features :: Graphics and Multimedia Technologies :: Media :: DirectShow :: DirectShow Reference :: DirectShow Interfaces :: IBasicAudio Interface
32	Windows CE 5.0 :: Product Documentation :: Windows CE Features :: Graphics and Multimedia Technologies :: Media :: DirectShow :: DirectShow Reference :: DirectShow Interfaces :: IBasicVideo Interface
1	Windows CE 5.0 :: Product Documentation :: Windows CE Features :: Graphics and Multimedia Technologies :: Media :: DirectShow :: DirectShow Reference :: DirectShow Interfaces :: IDMOWrapperFilter Interface
3	Windows CE 5.0 :: Product Documentation :: Windows CE Features :: Graphics and Multimedia Technologies :: Media :: DirectShow :: DirectShow Reference :: DirectShow Interfaces :: IDVREngineHelpers Interface
16	Windows CE 5.0 :: Product Documentation :: Windows CE Features :: Graphics and Multimedia Technologies :: Media :: DirectShow :: DirectShow Reference :: DirectShow Interfaces :: IDirectDrawVideo Interface
5	Windows CE 5.0 :: Product Documentation :: Windows CE Features :: Graphics and Multimedia Technologies :: Media :: DirectShow :: DirectShow Reference :: DirectShow Interfaces :: IDistributorNotify Interface
4	Windows CE 5.0 :: Product Documentation :: Windows CE Features :: Graphics and Multimedia Technologies :: Media :: DirectShow :: DirectShow Reference :: DirectShow Interfaces :: IEnumFilters Interface
4	Windows CE 5.0 :: Product Documentation :: Windows CE Features :: Graphics and Multimedia Technologies :: Media :: DirectShow :: DirectShow Reference :: DirectShow Interfaces :: IEnumMediaTypes Interface
4	Windows CE 5.0 :: Product Documentation :: Windows CE Features :: Graphics and Multimedia Technologies :: Media :: DirectShow :: DirectShow Reference :: DirectShow Interfaces :: IEnumPins Interface
4	Windows CE 5.0 :: Product Documentation :: Windows CE Features :: Graphics and Multimedia Technologies :: Media :: DirectShow :: DirectShow Reference :: DirectShow Interfaces :: IEnumRegFilters Interface
2	Windows CE 5.0 :: Product Documentation :: Windows CE Features :: Graphics and Multimedia Technologies :: Media :: DirectShow :: DirectShow Reference :: DirectShow Interfaces :: IFileSourceFilter Interface
8	Windows CE 5.0 :: Product Documentation :: Windows CE Features :: Graphics and Multimedia Technologies :: Media :: DirectShow :: DirectShow Reference :: DirectShow Interfaces :: IFilterGraph Interface
1	Windows CE 5.0 :: Product Documentation :: Windows CE Features :: Graphics and Multimedia Technologies :: Media :: DirectShow :: DirectShow Reference :: DirectShow Interfaces :: IFilterGraph2 Interface
8	Windows CE 5.0 :: Product Documentation :: Windows CE Features :: Graphics and Multimedia Technologies :: Media :: DirectShow :: DirectShow Reference :: DirectShow Interfaces :: IFilterMapper Interface
5	Windows CE 5.0 :: Product Documentation :: Windows CE Features :: Graphics and Multimedia Technologies :: Media :: DirectShow :: DirectShow Reference :: DirectShow Interfaces :: IGraphBuilder Interface
1	Windows CE 5.0 :: Product Documentation :: Windows CE Features :: Graphics and Multimedia Technologies :: Media :: DirectShow :: DirectShow Reference :: DirectShow Interfaces :: IGraphVersion Interface
3	Windows CE 5.0 :: Product Documentation :: Windows CE Features :: Graphics and Multimedia Technologies :: Media :: DirectShow :: DirectShow Reference :: DirectShow Interfaces :: IKsPropertySet Interface
7	Windows CE 5.0 :: Product Documentation :: Windows CE Features :: Graphics and Multimedia Technologies :: Media :: DirectShow :: DirectShow Reference :: DirectShow Interfaces :: IMediaControl Interface
6	Windows CE 5.0 :: Product Documentation :: Windows CE Features :: Graphics and Multimedia Technologies :: Media :: DirectShow :: DirectShow Reference :: DirectShow Interfaces :: IMediaEvent Interface
3	Windows CE 5.0 :: Product Documentation :: Windows CE Features :: Graphics and Multimedia Technologies :: Media :: DirectShow :: DirectShow Reference :: DirectShow Interfaces :: IMediaEventEx Interface
1	Windows CE 5.0 :: Product Documentation :: Windows CE Features :: Graphics and Multimedia Technologies :: Media :: DirectShow :: DirectShow Reference :: DirectShow Interfaces :: IMediaEventSink Interface
6	Windows CE 5.0 :: Product Documentation :: Windows CE Features :: Graphics and Multimedia Technologies :: Media :: DirectShow :: DirectShow Reference :: DirectShow Interfaces :: IMediaFilter Interface
11	Windows CE 5.0 :: Product Documentation :: Windows CE Features :: Graphics and Multimedia Technologies :: Media :: DirectShow :: DirectShow Reference :: DirectShow Interfaces :: IMediaPosition Interface
16	Windows CE 5.0 :: Product Documentation :: Windows CE Features :: Graphics and Multimedia Technologies :: Media :: DirectShow :: DirectShow Reference :: DirectShow Interfaces :: IMediaSample Interface
2	Windows CE 5.0 :: Product Documentation :: Windows CE Features :: Graphics and Multimedia Technologies :: Media :: DirectShow :: DirectShow Reference :: DirectShow Interfaces :: IMediaSample2 Interface
17	Windows CE 5.0 :: Product Documentation :: Windows CE Features :: Graphics and Multimedia Technologies :: Media :: DirectShow :: DirectShow Reference :: DirectShow Interfaces :: IMediaSeeking Interface
6	Windows CE 5.0 :: Product Documentation :: Windows CE Features :: Graphics and Multimedia Technologies :: Media :: DirectShow :: DirectShow Reference :: DirectShow Interfaces :: IMediaStream Interface
6	Windows CE 5.0 :: Product Documentation :: Windows CE Features :: Graphics and Multimedia Technologies :: Media :: DirectShow :: DirectShow Reference :: DirectShow Interfaces :: IMemAllocator Interface
6	Windows CE 5.0 :: Product Documentation :: Windows CE Features :: Graphics and Multimedia Technologies :: Media :: DirectShow :: DirectShow Reference :: DirectShow Interfaces :: IMemInputPin Interface
9	Windows CE 5.0 :: Product Documentation :: Windows CE Features :: Graphics and Multimedia Technologies :: Media :: DirectShow :: DirectShow Reference :: DirectShow Interfaces :: IMultiMediaStream Interface
1	Windows CE 5.0 :: Product Documentation :: Windows CE Features :: Graphics and Multimedia Technologies :: Media :: DirectShow :: DirectShow Reference :: DirectShow Interfaces :: INonDelegatingUnknown Interface
10	Windows CE 5.0 :: Product Documentation :: Windows CE Features :: Graphics and Multimedia Technologies :: Media :: DirectShow :: DirectShow Reference :: DirectShow Interfaces :: IOverlay Interface
4	Windows CE 5.0 :: Product Documentation :: Windows CE Features :: Graphics and Multimedia Technologies :: Media :: DirectShow :: DirectShow Reference :: DirectShow Interfaces :: IOverlayNotify Interface
15	Windows CE 5.0 :: Product Documentation :: Windows CE Features :: Graphics and Multimedia Technologies :: Media :: DirectShow :: DirectShow Reference :: DirectShow Interfaces :: IPin Interface
6	Windows CE 5.0 :: Product Documentation :: Windows CE Features :: Graphics and Multimedia Technologies :: Media :: DirectShow :: DirectShow Reference :: DirectShow Interfaces :: IQualProp Interface
2	Windows CE 5.0 :: Product Documentation :: Windows CE Features :: Graphics and Multimedia Technologies :: Media :: DirectShow :: DirectShow Reference :: DirectShow Interfaces :: IQualityControl Interface
4	Windows CE 5.0 :: Product Documentation :: Windows CE Features :: Graphics and Multimedia Technologies :: Media :: DirectShow :: DirectShow Reference :: DirectShow Interfaces :: IReferenceClock Interface
1	Windows CE 5.0 :: Product Documentation :: Windows CE Features :: Graphics and Multimedia Technologies :: Media :: DirectShow :: DirectShow Reference :: DirectShow Interfaces :: ISeekingPassThru Interface
8	Windows CE 5.0 :: Product Documentation :: Windows CE Features :: Graphics and Multimedia Technologies :: Media :: DirectShow :: DirectShow Reference :: DirectShow Interfaces :: IStreamBufferCapture Interface
3	Windows CE 5.0 :: Product Documentation :: Windows CE Features :: Graphics and Multimedia Technologies :: Media :: DirectShow :: DirectShow Reference :: DirectShow Interfaces :: IStreamBufferPlayback Interface
5	Windows CE 5.0 :: Product Documentation :: Windows CE Features :: Graphics and Multimedia Technologies :: Media :: DirectShow :: DirectShow Reference :: DirectShow Interfaces :: IStreamSample Interface
13	Windows CE 5.0 :: Product Documentation :: Windows CE Features :: Graphics and Multimedia Technologies :: Media :: DirectShow :: DirectShow Reference :: DirectShow Interfaces :: IVPBaseConfig Interface
1	Windows CE 5.0 :: Product Documentation :: Windows CE Features :: Graphics and Multimedia Technologies :: Media :: DirectShow :: DirectShow Reference :: DirectShow Interfaces :: IVPBaseNotify Interface
2	Windows CE 5.0 :: Product Documentation :: Windows CE Features :: Graphics and Multimedia Technologies :: Media :: DirectShow :: DirectShow Reference :: DirectShow Interfaces :: IVPConfig Interface
4	Windows CE 5.0 :: Product Documentation :: Windows CE Features :: Graphics and Multimedia Technologies :: Media :: DirectShow :: DirectShow Reference :: DirectShow Interfaces :: IVPNotify Interface
39	Windows CE 5.0 :: Product Documentation :: Windows CE Features :: Graphics and Multimedia Technologies :: Media :: DirectShow :: DirectShow Reference :: DirectShow Interfaces :: IVideoWindow Interface
1	Windows CE 5.0 :: Product Documentation :: Windows CE Features :: Graphics and Multimedia Technologies :: Media :: DirectShow :: DirectShow Reference :: DirectShow Macros
2	Windows CE 5.0 :: Product Documentation :: Windows CE Features :: Graphics and Multimedia Technologies :: Media :: DirectShow :: DirectShow Reference :: DirectShow Macros :: DirectShow Debugging Macros :: Breakpoint Macros
1	Windows CE 5.0 :: Product Documentation :: Windows CE Features :: Graphics and Multimedia Technologies :: Media :: DirectShow :: DirectShow Reference :: DirectShow Macros :: DirectShow Debugging Macros :: Debug NOTE (Message) Macros
2	Windows CE 5.0 :: Product Documentation :: Windows CE Features :: Graphics and Multimedia Technologies :: Media :: DirectShow :: DirectShow Reference :: DirectShow Macros :: DirectShow Debugging Macros :: Miscellaneous Macros
7	Windows CE 5.0 :: Product Documentation :: Windows CE Features :: Graphics and Multimedia Technologies :: Media :: DirectShow :: DirectShow Reference :: DirectShow Macros :: DirectShow Debugging Macros :: Pointer Validation Macros
28	Windows CE 5.0 :: Product Documentation :: Windows CE Features :: Graphics and Multimedia Technologies :: Media :: DirectShow :: DirectShow Reference :: DirectShow Macros :: Event Notification Codes
18	Windows CE 5.0 :: Product Documentation :: Windows CE Features :: Graphics and Multimedia Technologies :: Media :: DirectShow :: DirectShow Reference :: DirectShow Macros :: Utility Macros :: Bitmap Functions, Macros, and Data
1	Windows CE 5.0 :: Product Documentation :: Windows CE Features :: Graphics and Multimedia Technologies :: Media :: DirectShow :: DirectShow Reference :: DirectShow Macros :: Utility Macros :: IUnknown Macro
2	Windows CE 5.0 :: Product Documentation :: Windows CE Features :: Graphics and Multimedia Technologies :: Media :: DirectShow :: DirectShow Reference :: DirectShow Macros :: Utility Macros :: Performance Macros
28	Windows CE 5.0 :: Product Documentation :: Windows CE Features :: Graphics and Multimedia Technologies :: Media :: DirectShow :: DirectShow Reference :: DirectShow Structures
5	Windows CE 5.0 :: Product Documentation :: Windows CE Features :: Graphics and Multimedia Technologies :: Media :: DirectShow :: DirectX Media Objects :: DMOs and Media Types
2	Windows CE 5.0 :: Product Documentation :: Windows CE Features :: Graphics and Multimedia Technologies :: Media :: DirectShow :: DirectX Media Objects :: Introduction to DirectX Media Objects
2	Windows CE 5.0 :: Product Documentation :: Windows CE Features :: Graphics and Multimedia Technologies :: Media :: DirectShow :: DirectX Media Objects :: Using DMOs in a DirectShow Application
5	Windows CE 5.0 :: Product Documentation :: Windows CE Features :: Graphics and Multimedia Technologies :: Media :: DirectShow :: DirectX Media Objects :: Using DirectX Media Objects
2	Windows CE 5.0 :: Product Documentation :: Windows CE Features :: Graphics and Multimedia Technologies :: Media :: DirectShow :: Supported Audio Codecs and Renderers
23	Windows CE 5.0 :: Product Documentation :: Windows CE Features :: Graphics and Multimedia Technologies :: Media :: DirectShow :: Supported DirectShow Filters
1	Windows CE 5.0 :: Product Documentation :: Windows CE Features :: Graphics and Multimedia Technologies :: Media :: DirectShow :: Supported Video Codecs
1	Windows CE 5.0 :: Product Documentation :: Windows CE Features :: Graphics and Multimedia Technologies :: Media :: Windows Media
5	Windows CE 5.0 :: Product Documentation :: Windows CE Features :: Graphics and Multimedia Technologies :: Media :: Windows Media :: Windows Media Player Control
11	Windows CE 5.0 :: Product Documentation :: Windows CE Features :: Graphics and Multimedia Technologies :: Media :: Windows Media :: Windows Media Player Control :: Windows Media Player Control Application Development
1	Windows CE 5.0 :: Product Documentation :: Windows CE Features :: Graphics and Multimedia Technologies :: Media :: Windows Media :: Windows Media Player Control :: Windows Media Player Control Application Development :: Windows Media Player Control Unsupported Items
21	Windows CE 5.0 :: Product Documentation :: Windows CE Features :: Graphics and Multimedia Technologies :: Media :: Windows Media :: Windows Media Player Control :: Windows Media Player Control Reference :: Windows Media Player Events
20	Windows CE 5.0 :: Product Documentation :: Windows CE Features :: Graphics and Multimedia Technologies :: Media :: Windows Media :: Windows Media Player Control :: Windows Media Player Control Reference :: Windows Media Player Methods
84	Windows CE 5.0 :: Product Documentation :: Windows CE Features :: Graphics and Multimedia Technologies :: Media :: Windows Media :: Windows Media Player Control :: Windows Media Player Control Reference :: Windows Media Player Properties
6	Windows CE 5.0 :: Product Documentation :: Windows CE Features :: Graphics and Multimedia Technologies :: Media :: Windows Media :: Windows Media Technologies
17	Windows CE 5.0 :: Product Documentation :: Windows CE Features :: Graphics and Multimedia Technologies :: Media :: Windows Media :: Windows Media Technologies :: ASX Elements Reference
11	Windows CE 5.0 :: Product Documentation :: Windows CE Features :: Graphics and Multimedia Technologies :: Media :: Windows Media :: Windows Media Technologies :: Windows Media Event Notification Codes
2	Windows CE 5.0 :: Product Documentation :: Windows CE Features :: International
4	Windows CE 5.0 :: Product Documentation :: Windows CE Features :: International :: Input Method Manager (IMM)
1	Windows CE 5.0 :: Product Documentation :: Windows CE Features :: International :: Input Method Manager (IMM) :: Input Method Manager (IMM) Application Development :: Working with the Input Method Editor
3	Windows CE 5.0 :: Product Documentation :: Windows CE Features :: International :: Input Method Manager (IMM) :: Input Method Manager (IMM) Application Development :: Working with the Input Method Editor :: Overview of the IME User Interface
2	Windows CE 5.0 :: Product Documentation :: Windows CE Features :: International :: Input Method Manager (IMM) :: Input Method Manager (IMM) Application Development :: Working with the Input Method Editor :: Overview of the IME User Interface :: Using the IME Composition Window
5	Windows CE 5.0 :: Product Documentation :: Windows CE Features :: International :: Input Method Manager (IMM) :: Input Method Manager (IMM) Reference :: Input Method Editor Constants
30	Windows CE 5.0 :: Product Documentation :: Windows CE Features :: International :: Input Method Manager (IMM) :: Input Method Manager (IMM) Reference :: Input Method Manager (IMM) Function Identifiers
57	Windows CE 5.0 :: Product Documentation :: Windows CE Features :: International :: Input Method Manager (IMM) :: Input Method Manager (IMM) Reference :: Input Method Manager (IMM) Functions
48	Windows CE 5.0 :: Product Documentation :: Windows CE Features :: International :: Input Method Manager (IMM) :: Input Method Manager (IMM) Reference :: Input Method Manager (IMM) Messages
12	Windows CE 5.0 :: Product Documentation :: Windows CE Features :: International :: Input Method Manager (IMM) :: Input Method Manager (IMM) Reference :: Input Method Manager (IMM) Structures
2	Windows CE 5.0 :: Product Documentation :: Windows CE Features :: International :: International Application Development
2	Windows CE 5.0 :: Product Documentation :: Windows CE Features :: International :: International Application Development :: Programming and Designing a Global Application :: Internationalizing Software
2	Windows CE 5.0 :: Product Documentation :: Windows CE Features :: International :: International Application Development :: Programming and Designing a Global Application :: Internationalizing Software :: Creating an International User Interface
2	Windows CE 5.0 :: Product Documentation :: Windows CE Features :: International :: International Migration
1	Windows CE 5.0 :: Product Documentation :: Windows CE Features :: International :: International OS Design Development :: Complex Scripts Support in Windows CE
1	Windows CE 5.0 :: Product Documentation :: Windows CE Features :: International :: International OS Design Development :: East Asian Fonts
1	Windows CE 5.0 :: Product Documentation :: Windows CE Features :: International :: International OS Design Development :: Multiple Input Language Support
2	Windows CE 5.0 :: Product Documentation :: Windows CE Features :: International :: Locale Specific Support
1	Windows CE 5.0 :: Product Documentation :: Windows CE Features :: International :: Locale Specific Support :: Arabic
2	Windows CE 5.0 :: Product Documentation :: Windows CE Features :: International :: Locale Specific Support :: Chinese (Simplified)
5	Windows CE 5.0 :: Product Documentation :: Windows CE Features :: International :: Locale Specific Support :: Chinese (Simplified) :: Chinese (Simplified) Registry Settings
1	Windows CE 5.0 :: Product Documentation :: Windows CE Features :: International :: Locale Specific Support :: Chinese (Simplified) :: GB18030 Data Converter
2	Windows CE 5.0 :: Product Documentation :: Windows CE Features :: International :: Locale Specific Support :: Chinese (Simplified) :: Simplified Chinese MSPY 3.0 IME :: Simplified Chinese MSPY 3.0 IME OS Design Development
1	Windows CE 5.0 :: Product Documentation :: Windows CE Features :: International :: Locale Specific Support :: Chinese (Simplified) :: Simplified Chinese MSPY 3.0 IME :: Simplified Chinese MSPY 3.0 IME OS Design Development :: End User-Defined Phrase (EUDP)
3	Windows CE 5.0 :: Product Documentation :: Windows CE Features :: International :: Locale Specific Support :: Chinese (Simplified) :: Simplified Chinese MSPY 3.0 IME :: Simplified Chinese MSPY 3.0 IME Reference :: Simplified Chinese MSPY 3.0 IME Functions
3	Windows CE 5.0 :: Product Documentation :: Windows CE Features :: International :: Locale Specific Support :: Chinese (Simplified) :: Simplified Chinese Pocket IME
1	Windows CE 5.0 :: Product Documentation :: Windows CE Features :: International :: Locale Specific Support :: Chinese (Simplified) :: Simplified Chinese Pocket IME :: Simplified Chinese Pocket IME Reference :: Simplified Chinese Pocket IME Functions
2	Windows CE 5.0 :: Product Documentation :: Windows CE Features :: International :: Locale Specific Support :: Chinese (Traditional)
4	Windows CE 5.0 :: Product Documentation :: Windows CE Features :: International :: Locale Specific Support :: Chinese (Traditional) :: Chinese (Traditional) Registry Settings
2	Windows CE 5.0 :: Product Documentation :: Windows CE Features :: International :: Locale Specific Support :: Chinese (Traditional) :: Traditional Chinese Input Methods
2	Windows CE 5.0 :: Product Documentation :: Windows CE Features :: International :: Locale Specific Support :: Chinese (Traditional) :: Traditional Chinese Pocket IME
1	Windows CE 5.0 :: Product Documentation :: Windows CE Features :: International :: Locale Specific Support :: Chinese (Traditional) :: Traditional Chinese Pocket IME :: Traditional Chinese Pocket IME Reference :: Traditional Chinese Pocket IME Functions
5	Windows CE 5.0 :: Product Documentation :: Windows CE Features :: International :: Locale Specific Support :: Handwriting Recognizer Engine (HWX)
1	Windows CE 5.0 :: Product Documentation :: Windows CE Features :: International :: Locale Specific Support :: Handwriting Recognizer Engine (HWX) :: Handwriting Recognizer Engine (HWX) Application Development
4	Windows CE 5.0 :: Product Documentation :: Windows CE Features :: International :: Locale Specific Support :: Handwriting Recognizer Engine (HWX) :: Handwriting Recognizer Engine (HWX) Application Development :: Recognizing a Hand-Drawn Character
14	Windows CE 5.0 :: Product Documentation :: Windows CE Features :: International :: Locale Specific Support :: Handwriting Recognizer Engine (HWX) :: Handwriting Recognizer Engine (HWX) Reference :: Handwriting Recognizer Engine (HWX) Functions
2	Windows CE 5.0 :: Product Documentation :: Windows CE Features :: International :: Locale Specific Support :: Handwriting Recognizer Engine (HWX) :: Handwriting Recognizer Engine (HWX) Reference :: Handwriting Recognizer Engine (HWX) Structures
1	Windows CE 5.0 :: Product Documentation :: Windows CE Features :: International :: Locale Specific Support :: Hebrew
1	Windows CE 5.0 :: Product Documentation :: Windows CE Features :: International :: Locale Specific Support :: Indic
2	Windows CE 5.0 :: Product Documentation :: Windows CE Features :: International :: Locale Specific Support :: Japanese
1	Windows CE 5.0 :: Product Documentation :: Windows CE Features :: International :: Locale Specific Support :: Japanese :: Japanese Edit Control
3	Windows CE 5.0 :: Product Documentation :: Windows CE Features :: International :: Locale Specific Support :: Japanese :: Japanese IME 3.1
1	Windows CE 5.0 :: Product Documentation :: Windows CE Features :: International :: Locale Specific Support :: Japanese :: Japanese IME 3.1 :: Japanese IME 3.1 Customizable User Interface
4	Windows CE 5.0 :: Product Documentation :: Windows CE Features :: International :: Locale Specific Support :: Japanese :: Japanese IME 3.1 :: Japanese IME 3.1 Customizable User Interface :: Customizing the Candidate Window
1	Windows CE 5.0 :: Product Documentation :: Windows CE Features :: International :: Locale Specific Support :: Japanese :: Japanese IME 3.1 :: Japanese IME 3.1 Customizable User Interface :: Customizing the IME Toolbar
2	Windows CE 5.0 :: Product Documentation :: Windows CE Features :: International :: Locale Specific Support :: Japanese :: Japanese IME 3.1 :: Japanese IME 3.1 Dictionary Compiler
40	Windows CE 5.0 :: Product Documentation :: Windows CE Features :: International :: Locale Specific Support :: Japanese :: Japanese IME 3.1 :: Japanese IME 3.1 Reference :: Japanese IME 3.1 Classes :: CImeCUICandWindow
12	Windows CE 5.0 :: Product Documentation :: Windows CE Features :: International :: Locale Specific Support :: Japanese :: Japanese IME 3.1 :: Japanese IME 3.1 Reference :: Japanese IME 3.1 Classes :: CImeCUIDefCompWindow
17	Windows CE 5.0 :: Product Documentation :: Windows CE Features :: International :: Locale Specific Support :: Japanese :: Japanese IME 3.1 :: Japanese IME 3.1 Reference :: Japanese IME 3.1 Classes :: CImeCUIToolBar
1	Windows CE 5.0 :: Product Documentation :: Windows CE Features :: International :: Locale Specific Support :: Japanese :: Japanese IME 3.1 :: Japanese IME 3.1 Reference :: Japanese IME 3.1 Structures
1	Windows CE 5.0 :: Product Documentation :: Windows CE Features :: International :: Locale Specific Support :: Japanese :: Japanese Input Methods
3	Windows CE 5.0 :: Product Documentation :: Windows CE Features :: International :: Locale Specific Support :: Japanese :: Japanese Input Methods :: Using Japanese Input Methods
2	Windows CE 5.0 :: Product Documentation :: Windows CE Features :: International :: Locale Specific Support :: Japanese :: Japanese Pocket IME
1	Windows CE 5.0 :: Product Documentation :: Windows CE Features :: International :: Locale Specific Support :: Japanese :: Japanese Pocket IME :: Japanese Dictionary Compiler :: Creating a Dictionary Source File
2	Windows CE 5.0 :: Product Documentation :: Windows CE Features :: International :: Locale Specific Support :: Japanese :: Japanese Pocket IME :: Japanese Pocket IME Reference :: Japanese Pocket IME Functions
9	Windows CE 5.0 :: Product Documentation :: Windows CE Features :: International :: Locale Specific Support :: Japanese :: Japanese Pocket IME :: Japanese Pocket IME Reference :: Japanese Pocket IME Interfaces :: IFEDictionary
9	Windows CE 5.0 :: Product Documentation :: Windows CE Features :: International :: Locale Specific Support :: Japanese :: Japanese Pocket IME :: Japanese Pocket IME Reference :: Japanese Pocket IME Interfaces :: IImeIPoint2
17	Windows CE 5.0 :: Product Documentation :: Windows CE Features :: International :: Locale Specific Support :: Japanese :: Japanese Pocket IME :: Japanese Pocket IME Reference :: Japanese Pocket IME Interfaces :: IImeIPointNotifySink
4	Windows CE 5.0 :: Product Documentation :: Windows CE Features :: International :: Locale Specific Support :: Japanese :: Japanese Pocket IME :: Japanese Pocket IME Reference :: Japanese Pocket IME Structures
1	Windows CE 5.0 :: Product Documentation :: Windows CE Features :: International :: Locale Specific Support :: Japanese :: Japanese Pocket IME :: Japanese Pocket IME UI Code
1	Windows CE 5.0 :: Product Documentation :: Windows CE Features :: International :: Locale Specific Support :: Japanese :: Japanese Pocket IME :: Multiple Dictionary Support for Japanese
1	Windows CE 5.0 :: Product Documentation :: Windows CE Features :: International :: Locale Specific Support :: Japanese :: Japanese Pocket IME :: User Dictionary for Japanese
8	Windows CE 5.0 :: Product Documentation :: Windows CE Features :: International :: Locale Specific Support :: Japanese :: Japanese Pocket IME :: Using the IImeIPoint2 Interface
9	Windows CE 5.0 :: Product Documentation :: Windows CE Features :: International :: Locale Specific Support :: Japanese :: Japanese Registry Settings
2	Windows CE 5.0 :: Product Documentation :: Windows CE Features :: International :: Locale Specific Support :: Korean
1	Windows CE 5.0 :: Product Documentation :: Windows CE Features :: International :: Locale Specific Support :: Korean :: Korean IME
18	Windows CE 5.0 :: Product Documentation :: Windows CE Features :: International :: Locale Specific Support :: Korean :: Korean IME :: IKoreanImeUI Interface :: IKoreanImeUI
1	Windows CE 5.0 :: Product Documentation :: Windows CE Features :: International :: Locale Specific Support :: Korean :: Korean IME :: Korean IME Architecture in Windows CE
2	Windows CE 5.0 :: Product Documentation :: Windows CE Features :: International :: Locale Specific Support :: Korean :: Korean Input Methods
4	Windows CE 5.0 :: Product Documentation :: Windows CE Features :: International :: Locale Specific Support :: Korean :: Korean Registry Settings
1	Windows CE 5.0 :: Product Documentation :: Windows CE Features :: International :: Locale Specific Support :: Locale Specific OS Design Development
1	Windows CE 5.0 :: Product Documentation :: Windows CE Features :: International :: Locale Specific Support :: Thai
4	Windows CE 5.0 :: Product Documentation :: Windows CE Features :: International :: Multilingual User Interface (MUI)
4	Windows CE 5.0 :: Product Documentation :: Windows CE Features :: International :: Multilingual User Interface (MUI) :: Multilingual User Interface (MUI) Application Development :: Using the MUI with Applications
2	Windows CE 5.0 :: Product Documentation :: Windows CE Features :: International :: Multilingual User Interface (MUI) :: Multilingual User Interface (MUI) Application Development :: Working with Fonts in the MUI
2	Windows CE 5.0 :: Product Documentation :: Windows CE Features :: International :: Multilingual User Interface (MUI) :: Multilingual User Interface (MUI) Application Development :: Working with Fonts in the MUI :: Menus and Fonts
3	Windows CE 5.0 :: Product Documentation :: Windows CE Features :: International :: Multilingual User Interface (MUI) :: Multilingual User Interface (MUI) OS Design Development
3	Windows CE 5.0 :: Product Documentation :: Windows CE Features :: International :: Multilingual User Interface (MUI) :: Multilingual User Interface (MUI) OS Design Development :: How to Create a Multilingual Run-time Image Using MUI
5	Windows CE 5.0 :: Product Documentation :: Windows CE Features :: International :: Multilingual User Interface (MUI) :: Multilingual User Interface (MUI) Reference :: Multilingual User Interface (MUI) Functions
4	Windows CE 5.0 :: Product Documentation :: Windows CE Features :: International :: National Language Support (NLS)
1	Windows CE 5.0 :: Product Documentation :: Windows CE Features :: International :: National Language Support (NLS) :: National Language Support (NLS) Application Development :: Programming with Unicode and NLS
2	Windows CE 5.0 :: Product Documentation :: Windows CE Features :: International :: National Language Support (NLS) :: National Language Support (NLS) Application Development :: Programming with Unicode and NLS :: Specifying Locales with NLS
1	Windows CE 5.0 :: Product Documentation :: Windows CE Features :: International :: National Language Support (NLS) :: National Language Support (NLS) Application Development :: Programming with Unicode and NLS :: Understanding the Unicode Standard
1	Windows CE 5.0 :: Product Documentation :: Windows CE Features :: International :: National Language Support (NLS) :: National Language Support (NLS) Application Development :: Programming with Unicode and NLS :: Understanding the Unicode Standard :: Working With Unicode Surrogates
32	Windows CE 5.0 :: Product Documentation :: Windows CE Features :: International :: National Language Support (NLS) :: National Language Support (NLS) Reference :: National Language Support (NLS) Functions
4	Windows CE 5.0 :: Product Documentation :: Windows CE Features :: International :: National Language Support (NLS) :: National Language Support (NLS) Reference :: National Language Support (NLS) Macros
3	Windows CE 5.0 :: Product Documentation :: Windows CE Features :: International :: National Language Support (NLS) :: National Language Support (NLS) Reference :: National Language Support (NLS) Structures
3	Windows CE 5.0 :: Product Documentation :: Windows CE Features :: International :: National Language Support (NLS) :: National Language Support (NLS) Reference :: National Language support (NLS) Locale Identifiers
5	Windows CE 5.0 :: Product Documentation :: Windows CE Features :: International :: Unicode Script Processor for Complex Scripts
4	Windows CE 5.0 :: Product Documentation :: Windows CE Features :: International :: Unicode Script Processor for Complex Scripts :: Uniscribe Application Development
2	Windows CE 5.0 :: Product Documentation :: Windows CE Features :: International :: Unicode Script Processor for Complex Scripts :: Uniscribe Application Development :: Text Display with Uniscribe
1	Windows CE 5.0 :: Product Documentation :: Windows CE Features :: International :: Unicode Script Processor for Complex Scripts :: Uniscribe Reference :: Uniscribe Enumerations
31	Windows CE 5.0 :: Product Documentation :: Windows CE Features :: International :: Unicode Script Processor for Complex Scripts :: Uniscribe Reference :: Uniscribe Functions
13	Windows CE 5.0 :: Product Documentation :: Windows CE Features :: International :: Unicode Script Processor for Complex Scripts :: Uniscribe Reference :: Uniscribe Structures
1	Windows CE 5.0 :: Product Documentation :: Windows CE Features :: Internet Client Services
3	Windows CE 5.0 :: Product Documentation :: Windows CE Features :: Internet Client Services :: Browser Applications :: Choosing an Internet Browser
4	Windows CE 5.0 :: Product Documentation :: Windows CE Features :: Internet Client Services :: Browser Applications :: Internet Explorer 6 for Windows CE
2	Windows CE 5.0 :: Product Documentation :: Windows CE Features :: Internet Client Services :: Browser Applications :: Internet Explorer 6 for Windows CE :: Internet Explorer 6 OS Design Development
3	Windows CE 5.0 :: Product Documentation :: Windows CE Features :: Internet Client Services :: Browser Applications :: Internet Explorer 6 for Windows CE :: Internet Explorer 6 OS Design Development :: Creating and Customizing an Internet Browser
6	Windows CE 5.0 :: Product Documentation :: Windows CE Features :: Internet Client Services :: Browser Applications :: Internet Explorer 6 for Windows CE :: Internet Explorer 6 OS Design Development :: Creating and Customizing an Internet Browser :: Creating an Internet Browser
2	Windows CE 5.0 :: Product Documentation :: Windows CE Features :: Internet Client Services :: Browser Applications :: Internet Explorer 6 for Windows CE :: Internet Explorer 6 Registry Settings
2	Windows CE 5.0 :: Product Documentation :: Windows CE Features :: Internet Client Services :: Browser Applications :: Internet Explorer 6 for Windows CE :: Internet Explorer 6 Samples
3	Windows CE 5.0 :: Product Documentation :: Windows CE Features :: Internet Client Services :: Browser Applications :: Pocket Internet Explorer
3	Windows CE 5.0 :: Product Documentation :: Windows CE Features :: Internet Client Services :: Browser Applications :: Pocket Internet Explorer :: Pocket Internet Explorer Application Development
1	Windows CE 5.0 :: Product Documentation :: Windows CE Features :: Internet Client Services :: Browser Applications :: Pocket Internet Explorer :: Pocket Internet Explorer OS Design Development
18	Windows CE 5.0 :: Product Documentation :: Windows CE Features :: Internet Client Services :: Browser Applications :: Pocket Internet Explorer :: Pocket Internet Explorer Reference :: Pocket Internet Explorer Interfaces :: IBrowser
16	Windows CE 5.0 :: Product Documentation :: Windows CE Features :: Internet Client Services :: Browser Applications :: Pocket Internet Explorer :: Pocket Internet Explorer Reference :: Pocket Internet Explorer Interfaces :: IBrowser2
16	Windows CE 5.0 :: Product Documentation :: Windows CE Features :: Internet Client Services :: Browser Applications :: Pocket Internet Explorer :: Pocket Internet Explorer Reference :: Pocket Internet Explorer Interfaces :: IBrowser3
18	Windows CE 5.0 :: Product Documentation :: Windows CE Features :: Internet Client Services :: Browser Applications :: Pocket Internet Explorer :: Pocket Internet Explorer Reference :: Pocket Internet Explorer Interfaces :: _DPIEWebBrowserEvents2
1	Windows CE 5.0 :: Product Documentation :: Windows CE Features :: Internet Client Services :: Browser Applications :: Pocket Internet Explorer :: Pocket Internet Explorer Registry Settings
1	Windows CE 5.0 :: Product Documentation :: Windows CE Features :: Internet Client Services :: Internet Explorer 6 for Windows CE Components
5	Windows CE 5.0 :: Product Documentation :: Windows CE Features :: Internet Client Services :: Internet Explorer 6 for Windows CE Components :: Internet Explorer Browser Control Host
5	Windows CE 5.0 :: Product Documentation :: Windows CE Features :: Internet Client Services :: Internet Explorer 6 for Windows CE Components :: Internet Explorer Browser Control Host :: Internet Explorer Browser Control Host Application Development
1	Windows CE 5.0 :: Product Documentation :: Windows CE Features :: Internet Client Services :: Internet Explorer 6 for Windows CE Components :: Internet Explorer Browser Control Host :: Internet Explorer Browser Control Host Application Development :: Using the Popup Blocker Interfaces :: IHTMLCEClientServices:IUnknown
2	Windows CE 5.0 :: Product Documentation :: Windows CE Features :: Internet Client Services :: Internet Explorer 6 for Windows CE Components :: Internet Explorer Browser Control Host :: Internet Explorer Browser Control Host Application Development :: Using the Popup Blocker Interfaces :: IHTMLCEPopupEvents:IUnknown
3	Windows CE 5.0 :: Product Documentation :: Windows CE Features :: Internet Client Services :: Internet Explorer 6 for Windows CE Components :: Internet Explorer MSHTML/DHTML API
9	Windows CE 5.0 :: Product Documentation :: Windows CE Features :: Internet Client Services :: Internet Explorer 6 for Windows CE Components :: Internet Explorer MSHTML/DHTML API :: Internet Explorer MSHTML/DHTML API Application Development
4	Windows CE 5.0 :: Product Documentation :: Windows CE Features :: Internet Client Services :: Internet Explorer 6 for Windows CE Components :: Internet Explorer MSHTML/DHTML API :: Internet Explorer MSHTML/DHTML API Application Development :: Adding Filters and Transitions
3	Windows CE 5.0 :: Product Documentation :: Windows CE Features :: Internet Client Services :: Internet Explorer 6 for Windows CE Components :: Internet Explorer MSHTML/DHTML API :: Internet Explorer MSHTML/DHTML API Application Development :: Adding Filters and Transitions :: Transition Methods
1	Windows CE 5.0 :: Product Documentation :: Windows CE Features :: Internet Client Services :: Internet Explorer 6 for Windows CE Components :: Internet Explorer MSHTML/DHTML API :: Internet Explorer MSHTML/DHTML API OS Design Development
3	Windows CE 5.0 :: Product Documentation :: Windows CE Features :: Internet Client Services :: Internet Explorer 6 for Windows CE Components :: Internet Explorer MSHTML/DHTML API :: Internet Explorer MSHTML/DHTML API OS Design Development :: Replacement of the MSHTML User Interface :: IDocHostShowUICE:IUnknown
3	Windows CE 5.0 :: Product Documentation :: Windows CE Features :: Internet Client Services :: Internet Explorer 6 for Windows CE Components :: Internet Explorer MSHTML/DHTML API :: Internet Explorer MSHTML/DHTML Reference :: Theme Support Reference
8	Windows CE 5.0 :: Product Documentation :: Windows CE Features :: Internet Client Services :: Internet Explorer 6 for Windows CE Components :: Internet Explorer MSHTML/DHTML API :: Internet Explorer MSHTML/DHTML Reference :: Theme Support Reference :: Theme Support Functions
4	Windows CE 5.0 :: Product Documentation :: Windows CE Features :: Internet Client Services :: Internet Explorer 6 for Windows CE Components :: Internet Explorer Multiple-Language API
10	Windows CE 5.0 :: Product Documentation :: Windows CE Features :: Internet Client Services :: Internet Explorer 6 for Windows CE Components :: Internet Explorer Multiple-Language API :: Internet Explorer Multiple-Language API Application Development
6	Windows CE 5.0 :: Product Documentation :: Windows CE Features :: Internet Client Services :: Internet Explorer 6 for Windows CE Components :: Internet Explorer Multiple-Language API :: Internet Explorer Multiple-Language API Reference :: Internet Explorer MLang Enumerations
6	Windows CE 5.0 :: Product Documentation :: Windows CE Features :: Internet Client Services :: Internet Explorer 6 for Windows CE Components :: Internet Explorer Multiple-Language API :: Internet Explorer Multiple-Language API Reference :: Internet Explorer MLang Functions
3	Windows CE 5.0 :: Product Documentation :: Windows CE Features :: Internet Client Services :: Internet Explorer 6 for Windows CE Components :: Internet Explorer Multiple-Language API :: Internet Explorer Multiple-Language API Reference :: Internet Explorer MLang Interfaces :: IEnumCodePage
3	Windows CE 5.0 :: Product Documentation :: Windows CE Features :: Internet Client Services :: Internet Explorer 6 for Windows CE Components :: Internet Explorer Multiple-Language API :: Internet Explorer Multiple-Language API Reference :: Internet Explorer MLang Interfaces :: IEnumRfc1766
4	Windows CE 5.0 :: Product Documentation :: Windows CE Features :: Internet Client Services :: Internet Explorer 6 for Windows CE Components :: Internet Explorer Multiple-Language API :: Internet Explorer Multiple-Language API Reference :: Internet Explorer MLang Interfaces :: IEnumScript
4	Windows CE 5.0 :: Product Documentation :: Windows CE Features :: Internet Client Services :: Internet Explorer 6 for Windows CE Components :: Internet Explorer Multiple-Language API :: Internet Explorer Multiple-Language API Reference :: Internet Explorer MLang Interfaces :: IMLangCodePages
7	Windows CE 5.0 :: Product Documentation :: Windows CE Features :: Internet Client Services :: Internet Explorer 6 for Windows CE Components :: Internet Explorer Multiple-Language API :: Internet Explorer Multiple-Language API Reference :: Internet Explorer MLang Interfaces :: IMLangConvertCharset
4	Windows CE 5.0 :: Product Documentation :: Windows CE Features :: Internet Client Services :: Internet Explorer 6 for Windows CE Components :: Internet Explorer Multiple-Language API :: Internet Explorer Multiple-Language API Reference :: Internet Explorer MLang Interfaces :: IMLangFontLink
7	Windows CE 5.0 :: Product Documentation :: Windows CE Features :: Internet Client Services :: Internet Explorer 6 for Windows CE Components :: Internet Explorer Multiple-Language API :: Internet Explorer Multiple-Language API Reference :: Internet Explorer MLang Interfaces :: IMLangFontLink2
2	Windows CE 5.0 :: Product Documentation :: Windows CE Features :: Internet Client Services :: Internet Explorer 6 for Windows CE Components :: Internet Explorer Multiple-Language API :: Internet Explorer Multiple-Language API Reference :: Internet Explorer MLang Interfaces :: IMLangLineBreakConsole
14	Windows CE 5.0 :: Product Documentation :: Windows CE Features :: Internet Client Services :: Internet Explorer 6 for Windows CE Components :: Internet Explorer Multiple-Language API :: Internet Explorer Multiple-Language API Reference :: Internet Explorer MLang Interfaces :: IMultiLanguage
23	Windows CE 5.0 :: Product Documentation :: Windows CE Features :: Internet Client Services :: Internet Explorer 6 for Windows CE Components :: Internet Explorer Multiple-Language API :: Internet Explorer Multiple-Language API Reference :: Internet Explorer MLang Interfaces :: IMultiLanguage2
2	Windows CE 5.0 :: Product Documentation :: Windows CE Features :: Internet Client Services :: Internet Explorer 6 for Windows CE Components :: Internet Explorer Multiple-Language API :: Internet Explorer Multiple-Language API Reference :: Internet Explorer MLang Interfaces :: IMultiLanguage3
5	Windows CE 5.0 :: Product Documentation :: Windows CE Features :: Internet Client Services :: Internet Explorer 6 for Windows CE Components :: Internet Explorer Multiple-Language API :: Internet Explorer Multiple-Language API Reference :: Internet Explorer MLang Objects
6	Windows CE 5.0 :: Product Documentation :: Windows CE Features :: Internet Client Services :: Internet Explorer 6 for Windows CE Components :: Internet Explorer Multiple-Language API :: Internet Explorer Multiple-Language API Reference :: Internet Explorer MLang Structures
4	Windows CE 5.0 :: Product Documentation :: Windows CE Features :: Internet Client Services :: Internet Explorer 6 for Windows CE Components :: Internet Explorer TV-Style Navigation
4	Windows CE 5.0 :: Product Documentation :: Windows CE Features :: Internet Client Services :: Internet Explorer 6 for Windows CE Components :: Internet Explorer TV-Style Navigation :: Internet Explorer TV-Style Navigation Application Development
1	Windows CE 5.0 :: Product Documentation :: Windows CE Features :: Internet Client Services :: Internet Explorer 6 for Windows CE Components :: Internet Explorer TV-Style Navigation :: Internet Explorer TV-Style Navigation Reference :: Internet Explorer TV-Style Navigation Enumerations
7	Windows CE 5.0 :: Product Documentation :: Windows CE Features :: Internet Client Services :: Internet Explorer 6 for Windows CE Components :: Internet Explorer TV-Style Navigation :: Internet Explorer TV-Style Navigation Reference :: Internet Explorer TV-Style Navigation Interfaces :: IOleControlNavigation2
4	Windows CE 5.0 :: Product Documentation :: Windows CE Features :: Internet Client Services :: Internet Explorer 6 for Windows CE Components :: Internet Explorer TV-Style Navigation :: Internet Explorer TV-Style Navigation Reference :: Internet Explorer TV-Style Navigation Interfaces :: IOleControlNavigation2AdviseSink
4	Windows CE 5.0 :: Product Documentation :: Windows CE Features :: Internet Client Services :: Internet Explorer 6 for Windows CE Components :: URL Moniker Services
3	Windows CE 5.0 :: Product Documentation :: Windows CE Features :: Internet Client Services :: Internet Explorer 6 for Windows CE Components :: URL Moniker Services :: Asynchronous Pluggable Protocols Reference :: Asynchronous Pluggable Protocols Enumerations
3	Windows CE 5.0 :: Product Documentation :: Windows CE Features :: Internet Client Services :: Internet Explorer 6 for Windows CE Components :: URL Moniker Services :: Asynchronous Pluggable Protocols Reference :: Asynchronous Pluggable Protocols Functions
1	Windows CE 5.0 :: Product Documentation :: Windows CE Features :: Internet Client Services :: Internet Explorer 6 for Windows CE Components :: URL Moniker Services :: Asynchronous Pluggable Protocols Reference :: Asynchronous Pluggable Protocols Interfaces
2	Windows CE 5.0 :: Product Documentation :: Windows CE Features :: Internet Client Services :: Internet Explorer 6 for Windows CE Components :: URL Moniker Services :: Asynchronous Pluggable Protocols Reference :: Asynchronous Pluggable Protocols Interfaces :: IInternetBindInfo
2	Windows CE 5.0 :: Product Documentation :: Windows CE Features :: Internet Client Services :: Internet Explorer 6 for Windows CE Components :: URL Moniker Services :: Asynchronous Pluggable Protocols Reference :: Asynchronous Pluggable Protocols Interfaces :: IInternetPriority
4	Windows CE 5.0 :: Product Documentation :: Windows CE Features :: Internet Client Services :: Internet Explorer 6 for Windows CE Components :: URL Moniker Services :: Asynchronous Pluggable Protocols Reference :: Asynchronous Pluggable Protocols Interfaces :: IInternetProtocol
4	Windows CE 5.0 :: Product Documentation :: Windows CE Features :: Internet Client Services :: Internet Explorer 6 for Windows CE Components :: URL Moniker Services :: Asynchronous Pluggable Protocols Reference :: Asynchronous Pluggable Protocols Interfaces :: IInternetProtocolInfo
4	Windows CE 5.0 :: Product Documentation :: Windows CE Features :: Internet Client Services :: Internet Explorer 6 for Windows CE Components :: URL Moniker Services :: Asynchronous Pluggable Protocols Reference :: Asynchronous Pluggable Protocols Interfaces :: IInternetProtocolRoot
4	Windows CE 5.0 :: Product Documentation :: Windows CE Features :: Internet Client Services :: Internet Explorer 6 for Windows CE Components :: URL Moniker Services :: Asynchronous Pluggable Protocols Reference :: Asynchronous Pluggable Protocols Interfaces :: IInternetProtocolSink
3	Windows CE 5.0 :: Product Documentation :: Windows CE Features :: Internet Client Services :: Internet Explorer 6 for Windows CE Components :: URL Moniker Services :: Asynchronous Pluggable Protocols Reference :: Asynchronous Pluggable Protocols Interfaces :: IInternetProtocolSinkStackable
4	Windows CE 5.0 :: Product Documentation :: Windows CE Features :: Internet Client Services :: Internet Explorer 6 for Windows CE Components :: URL Moniker Services :: Asynchronous Pluggable Protocols Reference :: Asynchronous Pluggable Protocols Interfaces :: IInternetSession
2	Windows CE 5.0 :: Product Documentation :: Windows CE Features :: Internet Client Services :: Internet Explorer 6 for Windows CE Components :: URL Moniker Services :: Asynchronous Pluggable Protocols Reference :: Asynchronous Pluggable Protocols Structures
2	Windows CE 5.0 :: Product Documentation :: Windows CE Features :: Internet Client Services :: Internet Explorer 6 for Windows CE Components :: URL Moniker Services :: Hit Logging Reference :: Hit Logging Functions
1	Windows CE 5.0 :: Product Documentation :: Windows CE Features :: Internet Client Services :: Internet Explorer 6 for Windows CE Components :: URL Moniker Services :: Hit Logging Reference :: Hit Logging Structures
6	Windows CE 5.0 :: Product Documentation :: Windows CE Features :: Internet Client Services :: Internet Explorer 6 for Windows CE Components :: URL Moniker Services :: URL Moniker Services Application Development
3	Windows CE 5.0 :: Product Documentation :: Windows CE Features :: Internet Client Services :: Internet Explorer 6 for Windows CE Components :: URL Moniker Services :: URL Moniker Services OS Design Development
9	Windows CE 5.0 :: Product Documentation :: Windows CE Features :: Internet Client Services :: Internet Explorer 6 for Windows CE Components :: URL Moniker Services :: URL Moniker Services Reference :: URL Moniker Services Enumerations
1	Windows CE 5.0 :: Product Documentation :: Windows CE Features :: Internet Client Services :: Internet Explorer 6 for Windows CE Components :: URL Moniker Services :: URL Moniker Services Reference :: URL Moniker Services Errors
32	Windows CE 5.0 :: Product Documentation :: Windows CE Features :: Internet Client Services :: Internet Explorer 6 for Windows CE Components :: URL Moniker Services :: URL Moniker Services Reference :: URL Moniker Services Functions
1	Windows CE 5.0 :: Product Documentation :: Windows CE Features :: Internet Client Services :: Internet Explorer 6 for Windows CE Components :: URL Moniker Services :: URL Moniker Services Reference :: URL Moniker Services Interfaces
1	Windows CE 5.0 :: Product Documentation :: Windows CE Features :: Internet Client Services :: Internet Explorer 6 for Windows CE Components :: URL Moniker Services :: URL Moniker Services Reference :: URL Moniker Services Interfaces :: IAuthenticate
3	Windows CE 5.0 :: Product Documentation :: Windows CE Features :: Internet Client Services :: Internet Explorer 6 for Windows CE Components :: URL Moniker Services :: URL Moniker Services Reference :: URL Moniker Services Interfaces :: IBindHost
7	Windows CE 5.0 :: Product Documentation :: Windows CE Features :: Internet Client Services :: Internet Explorer 6 for Windows CE Components :: URL Moniker Services :: URL Moniker Services Reference :: URL Moniker Services Interfaces :: IBindStatusCallback
4	Windows CE 5.0 :: Product Documentation :: Windows CE Features :: Internet Client Services :: Internet Explorer 6 for Windows CE Components :: URL Moniker Services :: URL Moniker Services Reference :: URL Moniker Services Interfaces :: IBinding
2	Windows CE 5.0 :: Product Documentation :: Windows CE Features :: Internet Client Services :: Internet Explorer 6 for Windows CE Components :: URL Moniker Services :: URL Moniker Services Reference :: URL Moniker Services Interfaces :: IHttpNegotiate
1	Windows CE 5.0 :: Product Documentation :: Windows CE Features :: Internet Client Services :: Internet Explorer 6 for Windows CE Components :: URL Moniker Services :: URL Moniker Services Reference :: URL Moniker Services Interfaces :: IHttpSecurity
1	Windows CE 5.0 :: Product Documentation :: Windows CE Features :: Internet Client Services :: Internet Explorer 6 for Windows CE Components :: URL Moniker Services :: URL Moniker Services Reference :: URL Moniker Services Interfaces :: IMonikerProp
6	Windows CE 5.0 :: Product Documentation :: Windows CE Features :: Internet Client Services :: Internet Explorer 6 for Windows CE Components :: URL Moniker Services :: URL Moniker Services Reference :: URL Moniker Services Interfaces :: IPersistMoniker
1	Windows CE 5.0 :: Product Documentation :: Windows CE Features :: Internet Client Services :: Internet Explorer 6 for Windows CE Components :: URL Moniker Services :: URL Moniker Services Reference :: URL Moniker Services Interfaces :: IWinInetHttpInfo
1	Windows CE 5.0 :: Product Documentation :: Windows CE Features :: Internet Client Services :: Internet Explorer 6 for Windows CE Components :: URL Moniker Services :: URL Moniker Services Reference :: URL Moniker Services Interfaces :: IWinInetInfo
1	Windows CE 5.0 :: Product Documentation :: Windows CE Features :: Internet Client Services :: Internet Explorer 6 for Windows CE Components :: URL Moniker Services :: URL Moniker Services Reference :: URL Moniker Services Interfaces :: IWindowForBindingUI
1	Windows CE 5.0 :: Product Documentation :: Windows CE Features :: Internet Client Services :: Internet Explorer 6 for Windows CE Components :: URL Moniker Services :: URL Moniker Services Reference :: URL Moniker Services Structures
2	Windows CE 5.0 :: Product Documentation :: Windows CE Features :: Internet Client Services :: Internet Explorer 6 for Windows CE Components :: URL Moniker Services :: URL Security Zones Reference :: URL Security Zones Constants
7	Windows CE 5.0 :: Product Documentation :: Windows CE Features :: Internet Client Services :: Internet Explorer 6 for Windows CE Components :: URL Moniker Services :: URL Security Zones Reference :: URL Security Zones Enumerations
1	Windows CE 5.0 :: Product Documentation :: Windows CE Features :: Internet Client Services :: Internet Explorer 6 for Windows CE Components :: URL Moniker Services :: URL Security Zones Reference :: URL Security Zones Functions
3	Windows CE 5.0 :: Product Documentation :: Windows CE Features :: Internet Client Services :: Internet Explorer 6 for Windows CE Components :: URL Moniker Services :: URL Security Zones Reference :: URL Security Zones Interfaces :: IInternetHostSecurityManager
8	Windows CE 5.0 :: Product Documentation :: Windows CE Features :: Internet Client Services :: Internet Explorer 6 for Windows CE Components :: URL Moniker Services :: URL Security Zones Reference :: URL Security Zones Interfaces :: IInternetSecurityManager
2	Windows CE 5.0 :: Product Documentation :: Windows CE Features :: Internet Client Services :: Internet Explorer 6 for Windows CE Components :: URL Moniker Services :: URL Security Zones Reference :: URL Security Zones Interfaces :: IInternetSecurityMgrSite
9	Windows CE 5.0 :: Product Documentation :: Windows CE Features :: Internet Client Services :: Internet Explorer 6 for Windows CE Components :: URL Moniker Services :: URL Security Zones Reference :: URL Security Zones Interfaces :: IInternetZoneManager
2	Windows CE 5.0 :: Product Documentation :: Windows CE Features :: Internet Client Services :: Internet Explorer 6 for Windows CE Components :: URL Moniker Services :: URL Security Zones Reference :: URL Security Zones Objects
4	Windows CE 5.0 :: Product Documentation :: Windows CE Features :: Internet Client Services :: Internet Explorer 6 for Windows CE Components :: URL Moniker Services :: URL Security Zones Reference :: URL Security Zones Settings
1	Windows CE 5.0 :: Product Documentation :: Windows CE Features :: Internet Client Services :: Internet Explorer 6 for Windows CE Components :: URL Moniker Services :: URL Security Zones Reference :: URL Security Zones Structures
4	Windows CE 5.0 :: Product Documentation :: Windows CE Features :: Internet Client Services :: Internet Explorer 6 for Windows CE Components :: Windows Internet Services (WinInet)
3	Windows CE 5.0 :: Product Documentation :: Windows CE Features :: Internet Client Services :: Internet Explorer 6 for Windows CE Components :: Windows Internet Services (WinInet) :: WinInet Application Development
8	Windows CE 5.0 :: Product Documentation :: Windows CE Features :: Internet Client Services :: Internet Explorer 6 for Windows CE Components :: Windows Internet Services (WinInet) :: WinInet Application Development :: Caching
10	Windows CE 5.0 :: Product Documentation :: Windows CE Features :: Internet Client Services :: Internet Explorer 6 for Windows CE Components :: Windows Internet Services (WinInet) :: WinInet Application Development :: FTP Sessions
11	Windows CE 5.0 :: Product Documentation :: Windows CE Features :: Internet Client Services :: Internet Explorer 6 for Windows CE Components :: Windows Internet Services (WinInet) :: WinInet Application Development :: HTTP Sessions
5	Windows CE 5.0 :: Product Documentation :: Windows CE Features :: Internet Client Services :: Internet Explorer 6 for Windows CE Components :: Windows Internet Services (WinInet) :: WinInet Application Development :: Platform for Privacy Preferences (P3P)
5	Windows CE 5.0 :: Product Documentation :: Windows CE Features :: Internet Client Services :: Internet Explorer 6 for Windows CE Components :: Windows Internet Services (WinInet) :: WinInet OS Design Development
1	Windows CE 5.0 :: Product Documentation :: Windows CE Features :: Internet Client Services :: Internet Explorer 6 for Windows CE Components :: Windows Internet Services (WinInet) :: WinInet Reference
6	Windows CE 5.0 :: Product Documentation :: Windows CE Features :: Internet Client Services :: Internet Explorer 6 for Windows CE Components :: Windows Internet Services (WinInet) :: WinInet Reference :: WinInet Constants
2	Windows CE 5.0 :: Product Documentation :: Windows CE Features :: Internet Client Services :: Internet Explorer 6 for Windows CE Components :: Windows Internet Services (WinInet) :: WinInet Reference :: WinInet Enumerations
82	Windows CE 5.0 :: Product Documentation :: Windows CE Features :: Internet Client Services :: Internet Explorer 6 for Windows CE Components :: Windows Internet Services (WinInet) :: WinInet Reference :: WinInet Functions
14	Windows CE 5.0 :: Product Documentation :: Windows CE Features :: Internet Client Services :: Internet Explorer 6 for Windows CE Components :: Windows Internet Services (WinInet) :: WinInet Reference :: WinInet Structures
4	Windows CE 5.0 :: Product Documentation :: Windows CE Features :: Internet Client Services :: Internet Explorer 6 for Windows CE Components :: XML Data Islands
3	Windows CE 5.0 :: Product Documentation :: Windows CE Features :: Internet Client Services :: Scripting :: JScript
3	Windows CE 5.0 :: Product Documentation :: Windows CE Features :: Internet Client Services :: Scripting :: JScript :: JScript Application Development
3	Windows CE 5.0 :: Product Documentation :: Windows CE Features :: Internet Client Services :: Scripting :: VBScript
3	Windows CE 5.0 :: Product Documentation :: Windows CE Features :: Internet Client Services :: Scripting :: VBScript :: VBScript Application Development
2	Windows CE 5.0 :: Product Documentation :: Windows CE Features :: Security
5	Windows CE 5.0 :: Product Documentation :: Windows CE Features :: Security :: Authentication Services
3	Windows CE 5.0 :: Product Documentation :: Windows CE Features :: Security :: Authentication Services :: Authentication Services Application Development
3	Windows CE 5.0 :: Product Documentation :: Windows CE Features :: Security :: Authentication Services :: Authentication Services Application Development :: Security Packages
2	Windows CE 5.0 :: Product Documentation :: Windows CE Features :: Security :: Authentication Services :: Authentication Services Application Development :: Security Packages :: Schannel Security Support Provider
3	Windows CE 5.0 :: Product Documentation :: Windows CE Features :: Security :: Authentication Services :: Authentication Services Application Development :: Using SSPI
3	Windows CE 5.0 :: Product Documentation :: Windows CE Features :: Security :: Authentication Services :: Authentication Services Application Development :: Using SSPI :: Authenticating a Connection
30	Windows CE 5.0 :: Product Documentation :: Windows CE Features :: Security :: Authentication Services :: Authentication Services Reference :: Authentication Services Functions
21	Windows CE 5.0 :: Product Documentation :: Windows CE Features :: Security :: Authentication Services :: Authentication Services Reference :: Authentication Services Structures
3	Windows CE 5.0 :: Product Documentation :: Windows CE Features :: Security :: Credential Manager
1	Windows CE 5.0 :: Product Documentation :: Windows CE Features :: Security :: Credential Manager :: Credential Manager Application Development
1	Windows CE 5.0 :: Product Documentation :: Windows CE Features :: Security :: Credential Manager :: Credential Manager Application Development :: Credential Types
2	Windows CE 5.0 :: Product Documentation :: Windows CE Features :: Security :: Credential Manager :: Credential Manager OS Design Development
9	Windows CE 5.0 :: Product Documentation :: Windows CE Features :: Security :: Credential Manager :: Credential Manager Reference :: Credential Manager Functions
2	Windows CE 5.0 :: Product Documentation :: Windows CE Features :: Security :: Credential Manager :: Credential Manager Reference :: Credential Manager Structures
5	Windows CE 5.0 :: Product Documentation :: Windows CE Features :: Security :: Credential Manager :: Credential Manager Reference :: Credential Manager Type Provider Functions
4	Windows CE 5.0 :: Product Documentation :: Windows CE Features :: Security :: Cryptography Services :: Certificates
6	Windows CE 5.0 :: Product Documentation :: Windows CE Features :: Security :: Cryptography Services :: Certificates :: Certificates Application Development
7	Windows CE 5.0 :: Product Documentation :: Windows CE Features :: Security :: Cryptography Services :: Certificates :: Certificates Application Development :: Managing Certificates with Certificate Stores
4	Windows CE 5.0 :: Product Documentation :: Windows CE Features :: Security :: Cryptography Services :: Certificates :: Certificates OS Design Development
9	Windows CE 5.0 :: Product Documentation :: Windows CE Features :: Security :: Cryptography Services :: Certificates :: Certificates OS Design Development :: How to Enroll for a Certificate Using the Default Settings
3	Windows CE 5.0 :: Product Documentation :: Windows CE Features :: Security :: Cryptography Services :: Certificates :: Certificates OS Design Development :: How to Enroll for a Certificate Using the Modified Settings
83	Windows CE 5.0 :: Product Documentation :: Windows CE Features :: Security :: Cryptography Services :: Certificates :: Certificates Reference :: Certificates Functions
5	Windows CE 5.0 :: Product Documentation :: Windows CE Features :: Security :: Cryptography Services :: Cryptography
2	Windows CE 5.0 :: Product Documentation :: Windows CE Features :: Security :: Cryptography Services :: Cryptography :: Cryptography Application Development
8	Windows CE 5.0 :: Product Documentation :: Windows CE Features :: Security :: Cryptography Services :: Cryptography :: Cryptography Application Development :: About Cryptographic Service Provider
3	Windows CE 5.0 :: Product Documentation :: Windows CE Features :: Security :: Cryptography Services :: Cryptography :: Cryptography Application Development :: Microsoft Cryptographic System
1	Windows CE 5.0 :: Product Documentation :: Windows CE Features :: Security :: Cryptography Services :: Cryptography :: Cryptography Application Development :: Microsoft Cryptographic System :: Microsoft DSS and Diffie-Hellman Cryptographic Provider
13	Windows CE 5.0 :: Product Documentation :: Windows CE Features :: Security :: Cryptography Services :: Cryptography :: Cryptography Application Development :: Using Basic Cryptography Services
2	Windows CE 5.0 :: Product Documentation :: Windows CE Features :: Security :: Cryptography Services :: Cryptography :: Cryptography Application Development :: Using Basic Cryptography Services :: Encrypting and Decrypting Data
4	Windows CE 5.0 :: Product Documentation :: Windows CE Features :: Security :: Cryptography Services :: Cryptography :: Cryptography Reference :: Cryptography Data Types
43	Windows CE 5.0 :: Product Documentation :: Windows CE Features :: Security :: Cryptography Services :: Cryptography :: Cryptography Reference :: Cryptography Functions
71	Windows CE 5.0 :: Product Documentation :: Windows CE Features :: Security :: Cryptography Services :: Cryptography :: Cryptography Reference :: Cryptography Structures
5	Windows CE 5.0 :: Product Documentation :: Windows CE Features :: Security :: Cryptography Services :: Smart Card
1	Windows CE 5.0 :: Product Documentation :: Windows CE Features :: Security :: Cryptography Services :: Smart Card :: Smart Card Application Development
2	Windows CE 5.0 :: Product Documentation :: Windows CE Features :: Security :: Cryptography Services :: Smart Card :: Smart Card Application Development :: Smart Card CSP
5	Windows CE 5.0 :: Product Documentation :: Windows CE Features :: Security :: Cryptography Services :: Smart Card :: Smart Card Application Development :: Smart Card Concepts
6	Windows CE 5.0 :: Product Documentation :: Windows CE Features :: Security :: Cryptography Services :: Smart Card :: Smart Card Application Development :: Smart Card Resource Manager
1	Windows CE 5.0 :: Product Documentation :: Windows CE Features :: Security :: Cryptography Services :: Smart Card :: Smart Card Reference
28	Windows CE 5.0 :: Product Documentation :: Windows CE Features :: Security :: Cryptography Services :: Smart Card :: Smart Card Reference :: Smart Card Functions
3	Windows CE 5.0 :: Product Documentation :: Windows CE Features :: Security :: Cryptography Services :: Smart Card :: Smart Card Reference :: Smart Card Structures
3	Windows CE 5.0 :: Product Documentation :: Windows CE Features :: Security :: Local Authentication Subsystem (LASS)
5	Windows CE 5.0 :: Product Documentation :: Windows CE Features :: Security :: Local Authentication Subsystem (LASS) :: Configuring LASS
3	Windows CE 5.0 :: Product Documentation :: Windows CE Features :: Security :: Local Authentication Subsystem (LASS) :: LASS Application Development
6	Windows CE 5.0 :: Product Documentation :: Windows CE Features :: Security :: Local Authentication Subsystem (LASS) :: LASS OS Design Development
2	Windows CE 5.0 :: Product Documentation :: Windows CE Features :: Security :: Local Authentication Subsystem (LASS) :: LASS OS Design Development :: Creating a LAP
7	Windows CE 5.0 :: Product Documentation :: Windows CE Features :: Security :: Local Authentication Subsystem (LASS) :: LASS Reference :: LAP-Exported Functions
3	Windows CE 5.0 :: Product Documentation :: Windows CE Features :: Security :: Local Authentication Subsystem (LASS) :: LASS Reference :: LASS Functions
1	Windows CE 5.0 :: Product Documentation :: Windows CE Features :: Security :: Local Authentication Subsystem (LASS) :: LASS Reference :: LASS Structures
2	Windows CE 5.0 :: Product Documentation :: Windows CE Features :: Shell and User Interface
3	Windows CE 5.0 :: Product Documentation :: Windows CE Features :: Shell and User Interface :: Graphics, Windowing and Events
1	Windows CE 5.0 :: Product Documentation :: Windows CE Features :: Shell and User Interface :: Graphics, Windowing and Events :: GWES Application Development
2	Windows CE 5.0 :: Product Documentation :: Windows CE Features :: Shell and User Interface :: Graphics, Windowing and Events :: GWES Application Development :: GWES on Windows CE
1	Windows CE 5.0 :: Product Documentation :: Windows CE Features :: Shell and User Interface :: Graphics, Windowing and Events :: GWES Application Development :: GWES on Windows CE :: Window Management and Event Handling
8	Windows CE 5.0 :: Product Documentation :: Windows CE Features :: Shell and User Interface :: Graphics, Windowing and Events :: GWES Application Development :: Graphics Device Interface (GDI)
3	Windows CE 5.0 :: Product Documentation :: Windows CE Features :: Shell and User Interface :: Graphics, Windowing and Events :: GWES Application Development :: Graphics Device Interface (GDI) :: Getting a Handle to a Device Context
1	Windows CE 5.0 :: Product Documentation :: Windows CE Features :: Shell and User Interface :: Graphics, Windowing and Events :: GWES Application Development :: Graphics Device Interface (GDI) :: Working with Regions
6	Windows CE 5.0 :: Product Documentation :: Windows CE Features :: Shell and User Interface :: Graphics, Windowing and Events :: GWES Application Development :: Receiving Keyboard Input
4	Windows CE 5.0 :: Product Documentation :: Windows CE Features :: Shell and User Interface :: Graphics, Windowing and Events :: GWES Application Development :: Using Resources
3	Windows CE 5.0 :: Product Documentation :: Windows CE Features :: Shell and User Interface :: Graphics, Windowing and Events :: GWES Application Development :: Using Resources :: Creating Dialog Boxes
2	Windows CE 5.0 :: Product Documentation :: Windows CE Features :: Shell and User Interface :: Graphics, Windowing and Events :: GWES Application Development :: Using Resources :: Creating Keyboard Accelerators
3	Windows CE 5.0 :: Product Documentation :: Windows CE Features :: Shell and User Interface :: Graphics, Windowing and Events :: GWES Application Development :: Using Resources :: Creating Menus
2	Windows CE 5.0 :: Product Documentation :: Windows CE Features :: Shell and User Interface :: Graphics, Windowing and Events :: GWES Application Development :: Using Virtual-Key Codes
4	Windows CE 5.0 :: Product Documentation :: Windows CE Features :: Shell and User Interface :: Graphics, Windowing and Events :: GWES Application Development :: Using Window Properties
3	Windows CE 5.0 :: Product Documentation :: Windows CE Features :: Shell and User Interface :: Graphics, Windowing and Events :: GWES Application Development :: Working with Window Controls
1	Windows CE 5.0 :: Product Documentation :: Windows CE Features :: Shell and User Interface :: Graphics, Windowing and Events :: GWES Application Development :: Working with Window Controls :: Creating a Button
1	Windows CE 5.0 :: Product Documentation :: Windows CE Features :: Shell and User Interface :: Graphics, Windowing and Events :: GWES Application Development :: Working with Window Controls :: Creating a Combo Box
2	Windows CE 5.0 :: Product Documentation :: Windows CE Features :: Shell and User Interface :: Graphics, Windowing and Events :: GWES Application Development :: Working with Window Controls :: Creating a Scroll Bar
1	Windows CE 5.0 :: Product Documentation :: Windows CE Features :: Shell and User Interface :: Graphics, Windowing and Events :: GWES Application Development :: Working with Window Controls :: Creating a Static Control
5	Windows CE 5.0 :: Product Documentation :: Windows CE Features :: Shell and User Interface :: Graphics, Windowing and Events :: GWES Application Development :: Working with Window Controls :: Creating an Edit Control
4	Windows CE 5.0 :: Product Documentation :: Windows CE Features :: Shell and User Interface :: Graphics, Windowing and Events :: GWES Application Development :: Working with Window Controls :: Creating an Edit Control :: Working with Text
8	Windows CE 5.0 :: Product Documentation :: Windows CE Features :: Shell and User Interface :: Graphics, Windowing and Events :: GWES Application Development :: Working with Windows and Messages
1	Windows CE 5.0 :: Product Documentation :: Windows CE Features :: Shell and User Interface :: Graphics, Windowing and Events :: GWES Application Development :: Working with Windows and Messages :: Creating a Window
3	Windows CE 5.0 :: Product Documentation :: Windows CE Features :: Shell and User Interface :: Graphics, Windowing and Events :: GWES OS Design Development
4	Windows CE 5.0 :: Product Documentation :: Windows CE Features :: Shell and User Interface :: Graphics, Windowing and Events :: GWES OS Design Development :: Creating a Skin
3	Windows CE 5.0 :: Product Documentation :: Windows CE Features :: Shell and User Interface :: Graphics, Windowing and Events :: GWES OS Design Development :: Customizing Dialog Boxes and Message Boxes
2	Windows CE 5.0 :: Product Documentation :: Windows CE Features :: Shell and User Interface :: Graphics, Windowing and Events :: GWES OS Design Development :: Customizing a UI Component
9	Windows CE 5.0 :: Product Documentation :: Windows CE Features :: Shell and User Interface :: Graphics, Windowing and Events :: GWES OS Design Development :: GWES OS Reference :: GWES OS Classes and Methods :: ButtonView_t
4	Windows CE 5.0 :: Product Documentation :: Windows CE Features :: Shell and User Interface :: Graphics, Windowing and Events :: GWES OS Design Development :: GWES OS Reference :: GWES OS Classes and Methods :: CacheView_t
3	Windows CE 5.0 :: Product Documentation :: Windows CE Features :: Shell and User Interface :: Graphics, Windowing and Events :: GWES OS Design Development :: GWES OS Reference :: GWES OS Classes and Methods :: ComboBoxView_t
1	Windows CE 5.0 :: Product Documentation :: Windows CE Features :: Shell and User Interface :: Graphics, Windowing and Events :: GWES OS Design Development :: GWES OS Reference :: GWES OS Classes and Methods :: CommCtrlView_t
105	Windows CE 5.0 :: Product Documentation :: Windows CE Features :: Shell and User Interface :: Graphics, Windowing and Events :: GWES OS Design Development :: GWES OS Reference :: GWES OS Classes and Methods :: Gdi
50	Windows CE 5.0 :: Product Documentation :: Windows CE Features :: Shell and User Interface :: Graphics, Windowing and Events :: GWES OS Design Development :: GWES OS Reference :: GWES OS Classes and Methods :: GweBypassCoredllThunk_t
3	Windows CE 5.0 :: Product Documentation :: Windows CE Features :: Shell and User Interface :: Graphics, Windowing and Events :: GWES OS Design Development :: GWES OS Reference :: GWES OS Classes and Methods :: HeaderView_t
3	Windows CE 5.0 :: Product Documentation :: Windows CE Features :: Shell and User Interface :: Graphics, Windowing and Events :: GWES OS Design Development :: GWES OS Reference :: GWES OS Classes and Methods :: ListBoxView_t
14	Windows CE 5.0 :: Product Documentation :: Windows CE Features :: Shell and User Interface :: Graphics, Windowing and Events :: GWES OS Design Development :: GWES OS Reference :: GWES OS Classes and Methods :: NonClientView_t
2	Windows CE 5.0 :: Product Documentation :: Windows CE Features :: Shell and User Interface :: Graphics, Windowing and Events :: GWES OS Design Development :: GWES OS Reference :: GWES OS Classes and Methods :: ProgressBarView_t
3	Windows CE 5.0 :: Product Documentation :: Windows CE Features :: Shell and User Interface :: Graphics, Windowing and Events :: GWES OS Design Development :: GWES OS Reference :: GWES OS Classes and Methods :: RebarView_t
5	Windows CE 5.0 :: Product Documentation :: Windows CE Features :: Shell and User Interface :: Graphics, Windowing and Events :: GWES OS Design Development :: GWES OS Reference :: GWES OS Classes and Methods :: ScrollBarView_t
3	Windows CE 5.0 :: Product Documentation :: Windows CE Features :: Shell and User Interface :: Graphics, Windowing and Events :: GWES OS Design Development :: GWES OS Reference :: GWES OS Classes and Methods :: StaticControlView_t
1	Windows CE 5.0 :: Product Documentation :: Windows CE Features :: Shell and User Interface :: Graphics, Windowing and Events :: GWES OS Design Development :: GWES OS Reference :: GWES OS Classes and Methods :: StockObjectHandles
1	Windows CE 5.0 :: Product Documentation :: Windows CE Features :: Shell and User Interface :: Graphics, Windowing and Events :: GWES OS Design Development :: GWES OS Reference :: GWES OS Classes and Methods :: TabView_t
6	Windows CE 5.0 :: Product Documentation :: Windows CE Features :: Shell and User Interface :: Graphics, Windowing and Events :: GWES OS Design Development :: GWES OS Reference :: GWES OS Classes and Methods :: ToolBarView_t
4	Windows CE 5.0 :: Product Documentation :: Windows CE Features :: Shell and User Interface :: Graphics, Windowing and Events :: GWES OS Design Development :: GWES OS Reference :: GWES OS Classes and Methods :: TrackBarView_t
3	Windows CE 5.0 :: Product Documentation :: Windows CE Features :: Shell and User Interface :: Graphics, Windowing and Events :: GWES OS Design Development :: GWES OS Reference :: GWES OS Classes and Methods :: UpdownView_t
1	Windows CE 5.0 :: Product Documentation :: Windows CE Features :: Shell and User Interface :: Graphics, Windowing and Events :: GWES OS Design Development :: GWES OS Reference :: GWES OS Data Types
5	Windows CE 5.0 :: Product Documentation :: Windows CE Features :: Shell and User Interface :: Graphics, Windowing and Events :: GWES OS Design Development :: GWES OS Reference :: GWES OS Enumerations
13	Windows CE 5.0 :: Product Documentation :: Windows CE Features :: Shell and User Interface :: Graphics, Windowing and Events :: GWES OS Design Development :: GWES OS Reference :: GWES OS Functions
1	Windows CE 5.0 :: Product Documentation :: Windows CE Features :: Shell and User Interface :: Graphics, Windowing and Events :: GWES OS Design Development :: GWES OS Reference :: GWES OS Macros
2	Windows CE 5.0 :: Product Documentation :: Windows CE Features :: Shell and User Interface :: Graphics, Windowing and Events :: GWES OS Design Development :: GWES OS Reference :: GWES OS Structures
2	Windows CE 5.0 :: Product Documentation :: Windows CE Features :: Shell and User Interface :: Graphics, Windowing and Events :: GWES OS Design Development :: How to Implement Screen Rotation
6	Windows CE 5.0 :: Product Documentation :: Windows CE Features :: Shell and User Interface :: Graphics, Windowing and Events :: GWES OS Design Development :: Implementing Notifications
5	Windows CE 5.0 :: Product Documentation :: Windows CE Features :: Shell and User Interface :: Graphics, Windowing and Events :: GWES OS Design Development :: Implementing Notifications :: Using the Base Notification Engine
19	Windows CE 5.0 :: Product Documentation :: Windows CE Features :: Shell and User Interface :: Graphics, Windowing and Events :: GWES OS Design Development :: Notification Reference :: Notification Functions
1	Windows CE 5.0 :: Product Documentation :: Windows CE Features :: Shell and User Interface :: Graphics, Windowing and Events :: GWES OS Design Development :: Notification Reference :: Notification Global Variables
3	Windows CE 5.0 :: Product Documentation :: Windows CE Features :: Shell and User Interface :: Graphics, Windowing and Events :: GWES OS Design Development :: Notification Reference :: Notification Structures
11	Windows CE 5.0 :: Product Documentation :: Windows CE Features :: Shell and User Interface :: Graphics, Windowing and Events :: GWES OS Design Development :: Out of Memory User Interface Reference :: Out of Memory User Interface Functions
1	Windows CE 5.0 :: Product Documentation :: Windows CE Features :: Shell and User Interface :: Graphics, Windowing and Events :: GWES OS Design Development :: Out of Memory User Interface Reference :: Out of Memory User Interface Structures
6	Windows CE 5.0 :: Product Documentation :: Windows CE Features :: Shell and User Interface :: Graphics, Windowing and Events :: GWES OS Design Development :: Startup User Interface Reference :: Startup User Interface Functions
6	Windows CE 5.0 :: Product Documentation :: Windows CE Features :: Shell and User Interface :: Graphics, Windowing and Events :: GWES Reference
1	Windows CE 5.0 :: Product Documentation :: Windows CE Features :: Shell and User Interface :: Graphics, Windowing and Events :: GWES Reference :: GDI Reference
132	Windows CE 5.0 :: Product Documentation :: Windows CE Features :: Shell and User Interface :: Graphics, Windowing and Events :: GWES Reference :: GDI Reference :: GDI Functions
5	Windows CE 5.0 :: Product Documentation :: Windows CE Features :: Shell and User Interface :: Graphics, Windowing and Events :: GWES Reference :: GDI Reference :: GDI Messages
29	Windows CE 5.0 :: Product Documentation :: Windows CE Features :: Shell and User Interface :: Graphics, Windowing and Events :: GWES Reference :: GDI Reference :: GDI Structures
2	Windows CE 5.0 :: Product Documentation :: Windows CE Features :: Shell and User Interface :: Graphics, Windowing and Events :: GWES Reference :: GDI Reference :: Raster Operation Codes
2	Windows CE 5.0 :: Product Documentation :: Windows CE Features :: Shell and User Interface :: Graphics, Windowing and Events :: GWES Reference :: Interprocess Communication Reference :: Interprocess Communication Messages
1	Windows CE 5.0 :: Product Documentation :: Windows CE Features :: Shell and User Interface :: Graphics, Windowing and Events :: GWES Reference :: Interprocess Communication Reference :: Interprocess Communication Structures
30	Windows CE 5.0 :: Product Documentation :: Windows CE Features :: Shell and User Interface :: Graphics, Windowing and Events :: GWES Reference :: Keyboard Reference :: Keyboard Functions
14	Windows CE 5.0 :: Product Documentation :: Windows CE Features :: Shell and User Interface :: Graphics, Windowing and Events :: GWES Reference :: Keyboard Reference :: Keyboard Messages
5	Windows CE 5.0 :: Product Documentation :: Windows CE Features :: Shell and User Interface :: Graphics, Windowing and Events :: GWES Reference :: Keyboard Reference :: Keyboard Structures
16	Windows CE 5.0 :: Product Documentation :: Windows CE Features :: Shell and User Interface :: Graphics, Windowing and Events :: GWES Reference :: Message Queue Reference :: Message Queue Functions
2	Windows CE 5.0 :: Product Documentation :: Windows CE Features :: Shell and User Interface :: Graphics, Windowing and Events :: GWES Reference :: Message Queue Reference :: Message Queue Messages
1	Windows CE 5.0 :: Product Documentation :: Windows CE Features :: Shell and User Interface :: Graphics, Windowing and Events :: GWES Reference :: Message Queue Reference :: Message Queue Structures
2	Windows CE 5.0 :: Product Documentation :: Windows CE Features :: Shell and User Interface :: Graphics, Windowing and Events :: GWES Reference :: Message Synchronization Reference :: Message Synchronization Functions
1	Windows CE 5.0 :: Product Documentation :: Windows CE Features :: Shell and User Interface :: Graphics, Windowing and Events :: GWES Reference :: Notify Reference
9	Windows CE 5.0 :: Product Documentation :: Windows CE Features :: Shell and User Interface :: Graphics, Windowing and Events :: GWES Reference :: Notify Reference :: Notify Functions
3	Windows CE 5.0 :: Product Documentation :: Windows CE Features :: Shell and User Interface :: Graphics, Windowing and Events :: GWES Reference :: Notify Reference :: Notify Structures
7	Windows CE 5.0 :: Product Documentation :: Windows CE Features :: Shell and User Interface :: Graphics, Windowing and Events :: GWES Reference :: Printing Reference :: Printing Functions
1	Windows CE 5.0 :: Product Documentation :: Windows CE Features :: Shell and User Interface :: Graphics, Windowing and Events :: GWES Reference :: Printing Reference :: Printing Structures
51	Windows CE 5.0 :: Product Documentation :: Windows CE Features :: Shell and User Interface :: Graphics, Windowing and Events :: GWES Reference :: Resource-Definition Statements
11	Windows CE 5.0 :: Product Documentation :: Windows CE Features :: Shell and User Interface :: Graphics, Windowing and Events :: GWES Reference :: Resources Reference :: Resources Functions
1	Windows CE 5.0 :: Product Documentation :: Windows CE Features :: Shell and User Interface :: Graphics, Windowing and Events :: GWES Reference :: Resources Reference :: Resources Macros
7	Windows CE 5.0 :: Product Documentation :: Windows CE Features :: Shell and User Interface :: Graphics, Windowing and Events :: GWES Reference :: System Information Reference :: System Information Functions
1	Windows CE 5.0 :: Product Documentation :: Windows CE Features :: Shell and User Interface :: Graphics, Windowing and Events :: GWES Reference :: System Information Reference :: System Information Messages
2	Windows CE 5.0 :: Product Documentation :: Windows CE Features :: Shell and User Interface :: Graphics, Windowing and Events :: GWES Reference :: System Information Reference :: System Information Structures
8	Windows CE 5.0 :: Product Documentation :: Windows CE Features :: Shell and User Interface :: Graphics, Windowing and Events :: GWES Reference :: Window Class Reference :: Window Class Functions
1	Windows CE 5.0 :: Product Documentation :: Windows CE Features :: Shell and User Interface :: Graphics, Windowing and Events :: GWES Reference :: Window Class Reference :: Window Class Structures
3	Windows CE 5.0 :: Product Documentation :: Windows CE Features :: Shell and User Interface :: Graphics, Windowing and Events :: GWES Reference :: Window Control Reference :: Atoms Reference :: Atoms Functions
1	Windows CE 5.0 :: Product Documentation :: Windows CE Features :: Shell and User Interface :: Graphics, Windowing and Events :: GWES Reference :: Window Control Reference :: Atoms Reference :: Atoms Macros
1	Windows CE 5.0 :: Product Documentation :: Windows CE Features :: Shell and User Interface :: Graphics, Windowing and Events :: GWES Reference :: Window Control Reference :: Buttons Reference :: Buttons Functions
10	Windows CE 5.0 :: Product Documentation :: Windows CE Features :: Shell and User Interface :: Graphics, Windowing and Events :: GWES Reference :: Window Control Reference :: Buttons Reference :: Buttons Messages
8	Windows CE 5.0 :: Product Documentation :: Windows CE Features :: Shell and User Interface :: Graphics, Windowing and Events :: GWES Reference :: Window Control Reference :: Carets Reference :: Carets Functions
14	Windows CE 5.0 :: Product Documentation :: Windows CE Features :: Shell and User Interface :: Graphics, Windowing and Events :: GWES Reference :: Window Control Reference :: Clipboards Reference :: Clipboards Functions
6	Windows CE 5.0 :: Product Documentation :: Windows CE Features :: Shell and User Interface :: Graphics, Windowing and Events :: GWES Reference :: Window Control Reference :: Clipboards Reference :: Clipboards Messages
47	Windows CE 5.0 :: Product Documentation :: Windows CE Features :: Shell and User Interface :: Graphics, Windowing and Events :: GWES Reference :: Window Control Reference :: Combo Boxes Reference :: Combo Boxes Messages
3	Windows CE 5.0 :: Product Documentation :: Windows CE Features :: Shell and User Interface :: Graphics, Windowing and Events :: GWES Reference :: Window Control Reference :: Combo Boxes Reference :: Combo Boxes Structures
27	Windows CE 5.0 :: Product Documentation :: Windows CE Features :: Shell and User Interface :: Graphics, Windowing and Events :: GWES Reference :: Window Control Reference :: Dialog Boxes Reference :: Dialog Boxes Functions
6	Windows CE 5.0 :: Product Documentation :: Windows CE Features :: Shell and User Interface :: Graphics, Windowing and Events :: GWES Reference :: Window Control Reference :: Dialog Boxes Reference :: Dialog Boxes Messages
4	Windows CE 5.0 :: Product Documentation :: Windows CE Features :: Shell and User Interface :: Graphics, Windowing and Events :: GWES Reference :: Window Control Reference :: Dialog Boxes Reference :: Dialog Boxes Structures
42	Windows CE 5.0 :: Product Documentation :: Windows CE Features :: Shell and User Interface :: Graphics, Windowing and Events :: GWES Reference :: Window Control Reference :: Edit Boxes Reference :: Edit Boxes Messages
32	Windows CE 5.0 :: Product Documentation :: Windows CE Features :: Shell and User Interface :: Graphics, Windowing and Events :: GWES Reference :: Window Control Reference :: Image Lists Reference :: Image List Functions
4	Windows CE 5.0 :: Product Documentation :: Windows CE Features :: Shell and User Interface :: Graphics, Windowing and Events :: GWES Reference :: Window Control Reference :: Image Lists Reference :: Image List Macros
2	Windows CE 5.0 :: Product Documentation :: Windows CE Features :: Shell and User Interface :: Graphics, Windowing and Events :: GWES Reference :: Window Control Reference :: Image Lists Reference :: Image List Structures
45	Windows CE 5.0 :: Product Documentation :: Windows CE Features :: Shell and User Interface :: Graphics, Windowing and Events :: GWES Reference :: Window Control Reference :: List Boxes Reference :: List Boxes Messages
1	Windows CE 5.0 :: Product Documentation :: Windows CE Features :: Shell and User Interface :: Graphics, Windowing and Events :: GWES Reference :: Window Control Reference :: List Boxes Reference :: List Boxes Structures
1	Windows CE 5.0 :: Product Documentation :: Windows CE Features :: Shell and User Interface :: Graphics, Windowing and Events :: GWES Reference :: Window Control Reference :: Menus Reference
18	Windows CE 5.0 :: Product Documentation :: Windows CE Features :: Shell and User Interface :: Graphics, Windowing and Events :: GWES Reference :: Window Control Reference :: Menus Reference :: Menus Functions
4	Windows CE 5.0 :: Product Documentation :: Windows CE Features :: Shell and User Interface :: Graphics, Windowing and Events :: GWES Reference :: Window Control Reference :: Menus Reference :: Menus Messages
2	Windows CE 5.0 :: Product Documentation :: Windows CE Features :: Shell and User Interface :: Graphics, Windowing and Events :: GWES Reference :: Window Control Reference :: Menus Reference :: Menus Structures
6	Windows CE 5.0 :: Product Documentation :: Windows CE Features :: Shell and User Interface :: Graphics, Windowing and Events :: GWES Reference :: Window Control Reference :: Scroll Bars Reference :: Scroll Bars Functions
10	Windows CE 5.0 :: Product Documentation :: Windows CE Features :: Shell and User Interface :: Graphics, Windowing and Events :: GWES Reference :: Window Control Reference :: Scroll Bars Reference :: Scroll Bars Messages
1	Windows CE 5.0 :: Product Documentation :: Windows CE Features :: Shell and User Interface :: Graphics, Windowing and Events :: GWES Reference :: Window Control Reference :: Scroll Bars Reference :: Scroll Bars Structures
6	Windows CE 5.0 :: Product Documentation :: Windows CE Features :: Shell and User Interface :: Graphics, Windowing and Events :: GWES Reference :: Window Control Reference :: Static Controls Reference :: Static Controls Messages
5	Windows CE 5.0 :: Product Documentation :: Windows CE Features :: Shell and User Interface :: Graphics, Windowing and Events :: GWES Reference :: Window Properties Reference :: Window Properties Functions
21	Windows CE 5.0 :: Product Documentation :: Windows CE Features :: Shell and User Interface :: Graphics, Windowing and Events :: GWES Reference :: Window and Control Styles :: Control Styles
3	Windows CE 5.0 :: Product Documentation :: Windows CE Features :: Shell and User Interface :: Graphics, Windowing and Events :: GWES Reference :: Window and Control Styles :: Window and Message Box Styles
1	Windows CE 5.0 :: Product Documentation :: Windows CE Features :: Shell and User Interface :: Graphics, Windowing and Events :: GWES Reference :: Windows Reference
35	Windows CE 5.0 :: Product Documentation :: Windows CE Features :: Shell and User Interface :: Graphics, Windowing and Events :: GWES Reference :: Windows Reference :: Windows Functions
14	Windows CE 5.0 :: Product Documentation :: Windows CE Features :: Shell and User Interface :: Graphics, Windowing and Events :: GWES Reference :: Windows Reference :: Windows Messages
6	Windows CE 5.0 :: Product Documentation :: Windows CE Features :: Shell and User Interface :: Graphics, Windowing and Events :: GWES Reference :: Windows Reference :: Windows Structures
4	Windows CE 5.0 :: Product Documentation :: Windows CE Features :: Shell and User Interface :: Graphics, Windowing and Events :: GWES Reference :: Windows Timer Reference :: Windows Timer Functions
1	Windows CE 5.0 :: Product Documentation :: Windows CE Features :: Shell and User Interface :: Graphics, Windowing and Events :: GWES Reference :: Windows Timer Reference :: Windows Timer Messages
3	Windows CE 5.0 :: Product Documentation :: Windows CE Features :: Shell and User Interface :: Graphics, Windowing and Events :: GWES Registry Settings
3	Windows CE 5.0 :: Product Documentation :: Windows CE Features :: Shell and User Interface :: Shell
1	Windows CE 5.0 :: Product Documentation :: Windows CE Features :: Shell and User Interface :: Shell :: Command Processor
1	Windows CE 5.0 :: Product Documentation :: Windows CE Features :: Shell and User Interface :: Shell :: Common Controls Reference :: Animation Controls Reference
7	Windows CE 5.0 :: Product Documentation :: Windows CE Features :: Shell and User Interface :: Shell :: Common Controls Reference :: Animation Controls Reference :: Animation Controls Macros
3	Windows CE 5.0 :: Product Documentation :: Windows CE Features :: Shell and User Interface :: Shell :: Common Controls Reference :: Animation Controls Reference :: Animation Controls Messages
2	Windows CE 5.0 :: Product Documentation :: Windows CE Features :: Shell and User Interface :: Shell :: Common Controls Reference :: Animation Controls Reference :: Animation Controls Notifications
1	Windows CE 5.0 :: Product Documentation :: Windows CE Features :: Shell and User Interface :: Shell :: Common Controls Reference :: CapEdit Controls Reference
2	Windows CE 5.0 :: Product Documentation :: Windows CE Features :: Shell and User Interface :: Shell :: Common Controls Reference :: CapEdit Controls Reference :: CapEdit Controls Messages
6	Windows CE 5.0 :: Product Documentation :: Windows CE Features :: Shell and User Interface :: Shell :: Common Controls Reference :: Command Bands Reference :: Command Bands Functions
1	Windows CE 5.0 :: Product Documentation :: Windows CE Features :: Shell and User Interface :: Shell :: Common Controls Reference :: Command Bands Reference :: Command Bands Macros
1	Windows CE 5.0 :: Product Documentation :: Windows CE Features :: Shell and User Interface :: Shell :: Common Controls Reference :: Command Bands Reference :: Command Bands Structures
11	Windows CE 5.0 :: Product Documentation :: Windows CE Features :: Shell and User Interface :: Shell :: Common Controls Reference :: Command Bars Reference :: Command Bars Functions
5	Windows CE 5.0 :: Product Documentation :: Windows CE Features :: Shell and User Interface :: Shell :: Common Controls Reference :: Command Bars Reference :: Command Bars Macros
2	Windows CE 5.0 :: Product Documentation :: Windows CE Features :: Shell and User Interface :: Shell :: Common Controls Reference :: Common Control Reference :: Common Control Functions
3	Windows CE 5.0 :: Product Documentation :: Windows CE Features :: Shell and User Interface :: Shell :: Common Controls Reference :: Common Control Reference :: Common Control Macros
1	Windows CE 5.0 :: Product Documentation :: Windows CE Features :: Shell and User Interface :: Shell :: Common Controls Reference :: Common Control Reference :: Common Control Messages
10	Windows CE 5.0 :: Product Documentation :: Windows CE Features :: Shell and User Interface :: Shell :: Common Controls Reference :: Common Control Reference :: Common Control Notifications
4	Windows CE 5.0 :: Product Documentation :: Windows CE Features :: Shell and User Interface :: Shell :: Common Controls Reference :: Common Control Reference :: Common Control Structures
12	Windows CE 5.0 :: Product Documentation :: Windows CE Features :: Shell and User Interface :: Shell :: Common Controls Reference :: Common Dialog Boxes Reference :: Common Dialog Boxes Functions
2	Windows CE 5.0 :: Product Documentation :: Windows CE Features :: Shell and User Interface :: Shell :: Common Controls Reference :: Common Dialog Boxes Reference :: Common Dialog Boxes Messages
7	Windows CE 5.0 :: Product Documentation :: Windows CE Features :: Shell and User Interface :: Shell :: Common Controls Reference :: Common Dialog Boxes Reference :: Common Dialog Boxes Structures
2	Windows CE 5.0 :: Product Documentation :: Windows CE Features :: Shell and User Interface :: Shell :: Common Controls Reference :: Controls Reference :: Controls Messages
1	Windows CE 5.0 :: Product Documentation :: Windows CE Features :: Shell and User Interface :: Shell :: Common Controls Reference :: Custom Draw Reference :: Custom Draw Messages
1	Windows CE 5.0 :: Product Documentation :: Windows CE Features :: Shell and User Interface :: Shell :: Common Controls Reference :: Custom Draw Reference :: Custom Draw Structures
10	Windows CE 5.0 :: Product Documentation :: Windows CE Features :: Shell and User Interface :: Shell :: Common Controls Reference :: Date and Time Picker Controls Reference :: Date and Time Picker Controls Macros
10	Windows CE 5.0 :: Product Documentation :: Windows CE Features :: Shell and User Interface :: Shell :: Common Controls Reference :: Date and Time Picker Controls Reference :: Date and Time Picker Controls Messages
7	Windows CE 5.0 :: Product Documentation :: Windows CE Features :: Shell and User Interface :: Shell :: Common Controls Reference :: Date and Time Picker Controls Reference :: Date and Time Picker Controls Notifications
5	Windows CE 5.0 :: Product Documentation :: Windows CE Features :: Shell and User Interface :: Shell :: Common Controls Reference :: Date and Time Picker Controls Reference :: Date and Time Picker Controls Structures
14	Windows CE 5.0 :: Product Documentation :: Windows CE Features :: Shell and User Interface :: Shell :: Common Controls Reference :: Header Controls Reference :: Header Controls Macros
15	Windows CE 5.0 :: Product Documentation :: Windows CE Features :: Shell and User Interface :: Shell :: Common Controls Reference :: Header Controls Reference :: Header Controls Messages
11	Windows CE 5.0 :: Product Documentation :: Windows CE Features :: Shell and User Interface :: Shell :: Common Controls Reference :: Header Controls Reference :: Header Controls Notifications
5	Windows CE 5.0 :: Product Documentation :: Windows CE Features :: Shell and User Interface :: Shell :: Common Controls Reference :: Header Controls Reference :: Header Controls Structures
91	Windows CE 5.0 :: Product Documentation :: Windows CE Features :: Shell and User Interface :: Shell :: Common Controls Reference :: List-View Controls Reference :: List-View Controls Macros
88	Windows CE 5.0 :: Product Documentation :: Windows CE Features :: Shell and User Interface :: Shell :: Common Controls Reference :: List-View Controls Reference :: List-View Controls Messages
19	Windows CE 5.0 :: Product Documentation :: Windows CE Features :: Shell and User Interface :: Shell :: Common Controls Reference :: List-View Controls Reference :: List-View Controls Notifications
18	Windows CE 5.0 :: Product Documentation :: Windows CE Features :: Shell and User Interface :: Shell :: Common Controls Reference :: List-View Controls Reference :: List-View Controls Structures
21	Windows CE 5.0 :: Product Documentation :: Windows CE Features :: Shell and User Interface :: Shell :: Common Controls Reference :: Month Calendar Controls Reference :: Month Calendar Controls Macros
22	Windows CE 5.0 :: Product Documentation :: Windows CE Features :: Shell and User Interface :: Shell :: Common Controls Reference :: Month Calendar Controls Reference :: Month Calendar Controls Messages
4	Windows CE 5.0 :: Product Documentation :: Windows CE Features :: Shell and User Interface :: Shell :: Common Controls Reference :: Month Calendar Controls Reference :: Month Calendar Controls Notifications
3	Windows CE 5.0 :: Product Documentation :: Windows CE Features :: Shell and User Interface :: Shell :: Common Controls Reference :: Month Calendar Controls Reference :: Month Calendar Controls Structures
8	Windows CE 5.0 :: Product Documentation :: Windows CE Features :: Shell and User Interface :: Shell :: Common Controls Reference :: Progress Bar Controls Reference :: Progress Bar Controls Messages
1	Windows CE 5.0 :: Product Documentation :: Windows CE Features :: Shell and User Interface :: Shell :: Common Controls Reference :: Progress Bar Controls Reference :: Progress Bar Controls Structures
7	Windows CE 5.0 :: Product Documentation :: Windows CE Features :: Shell and User Interface :: Shell :: Common Controls Reference :: Property Sheets Reference :: Property Sheets Functions
18	Windows CE 5.0 :: Product Documentation :: Windows CE Features :: Shell and User Interface :: Shell :: Common Controls Reference :: Property Sheets Reference :: Property Sheets Macros
18	Windows CE 5.0 :: Product Documentation :: Windows CE Features :: Shell and User Interface :: Shell :: Common Controls Reference :: Property Sheets Reference :: Property Sheets Messages
6	Windows CE 5.0 :: Product Documentation :: Windows CE Features :: Shell and User Interface :: Shell :: Common Controls Reference :: Property Sheets Reference :: Property Sheets Notifications
3	Windows CE 5.0 :: Product Documentation :: Windows CE Features :: Shell and User Interface :: Shell :: Common Controls Reference :: Property Sheets Reference :: Property Sheets Structures
23	Windows CE 5.0 :: Product Documentation :: Windows CE Features :: Shell and User Interface :: Shell :: Common Controls Reference :: Rebar Controls Reference :: Rebar Controls Messages
5	Windows CE 5.0 :: Product Documentation :: Windows CE Features :: Shell and User Interface :: Shell :: Common Controls Reference :: Rebar Controls Reference :: Rebar Controls Notifications
5	Windows CE 5.0 :: Product Documentation :: Windows CE Features :: Shell and User Interface :: Shell :: Common Controls Reference :: Rebar Controls Reference :: Rebar Controls Structures
1	Windows CE 5.0 :: Product Documentation :: Windows CE Features :: Shell and User Interface :: Shell :: Common Controls Reference :: SbEdit Controls Reference
2	Windows CE 5.0 :: Product Documentation :: Windows CE Features :: Shell and User Interface :: Shell :: Common Controls Reference :: Status Bars Reference :: Status Bars Functions
13	Windows CE 5.0 :: Product Documentation :: Windows CE Features :: Shell and User Interface :: Shell :: Common Controls Reference :: Status Bars Reference :: Status Bars Messages
1	Windows CE 5.0 :: Product Documentation :: Windows CE Features :: Shell and User Interface :: Shell :: Common Controls Reference :: Status Bars Reference :: Status Bars Notifications
25	Windows CE 5.0 :: Product Documentation :: Windows CE Features :: Shell and User Interface :: Shell :: Common Controls Reference :: Tab Controls Reference :: Tab Controls Macros
25	Windows CE 5.0 :: Product Documentation :: Windows CE Features :: Shell and User Interface :: Shell :: Common Controls Reference :: Tab Controls Reference :: Tab Controls Messages
3	Windows CE 5.0 :: Product Documentation :: Windows CE Features :: Shell and User Interface :: Shell :: Common Controls Reference :: Tab Controls Reference :: Tab Controls Notifications
4	Windows CE 5.0 :: Product Documentation :: Windows CE Features :: Shell and User Interface :: Shell :: Common Controls Reference :: Tab Controls Reference :: Tab Controls Structures
27	Windows CE 5.0 :: Product Documentation :: Windows CE Features :: Shell and User Interface :: Shell :: Common Controls Reference :: ToolTips Reference :: ToolTips Messages
4	Windows CE 5.0 :: Product Documentation :: Windows CE Features :: Shell and User Interface :: Shell :: Common Controls Reference :: ToolTips Reference :: ToolTips Notifications
4	Windows CE 5.0 :: Product Documentation :: Windows CE Features :: Shell and User Interface :: Shell :: Common Controls Reference :: ToolTips Reference :: ToolTips Structures
1	Windows CE 5.0 :: Product Documentation :: Windows CE Features :: Shell and User Interface :: Shell :: Common Controls Reference :: Toolbar Controls Reference :: Toolbar Controls Functions
54	Windows CE 5.0 :: Product Documentation :: Windows CE Features :: Shell and User Interface :: Shell :: Common Controls Reference :: Toolbar Controls Reference :: Toolbar Controls Messages
5	Windows CE 5.0 :: Product Documentation :: Windows CE Features :: Shell and User Interface :: Shell :: Common Controls Reference :: Toolbar Controls Reference :: Toolbar Controls Notifications
5	Windows CE 5.0 :: Product Documentation :: Windows CE Features :: Shell and User Interface :: Shell :: Common Controls Reference :: Toolbar Controls Reference :: Toolbar Controls Structures
30	Windows CE 5.0 :: Product Documentation :: Windows CE Features :: Shell and User Interface :: Shell :: Common Controls Reference :: Trackbar Controls Reference :: Trackbar Controls Messages
37	Windows CE 5.0 :: Product Documentation :: Windows CE Features :: Shell and User Interface :: Shell :: Common Controls Reference :: Tree View Controls Reference :: Tree View Controls Macros
24	Windows CE 5.0 :: Product Documentation :: Windows CE Features :: Shell and User Interface :: Shell :: Common Controls Reference :: Tree View Controls Reference :: Tree View Controls Messages
11	Windows CE 5.0 :: Product Documentation :: Windows CE Features :: Shell and User Interface :: Shell :: Common Controls Reference :: Tree View Controls Reference :: Tree View Controls Notifications
12	Windows CE 5.0 :: Product Documentation :: Windows CE Features :: Shell and User Interface :: Shell :: Common Controls Reference :: Tree View Controls Reference :: Tree View Controls Structures
1	Windows CE 5.0 :: Product Documentation :: Windows CE Features :: Shell and User Interface :: Shell :: Common Controls Reference :: Up-Down Controls Reference :: Up-Down Controls Functions
13	Windows CE 5.0 :: Product Documentation :: Windows CE Features :: Shell and User Interface :: Shell :: Common Controls Reference :: Up-Down Controls Reference :: Up-Down Controls Messages
2	Windows CE 5.0 :: Product Documentation :: Windows CE Features :: Shell and User Interface :: Shell :: Common Controls Reference :: Up-Down Controls Reference :: Up-Down Controls Structures
1	Windows CE 5.0 :: Product Documentation :: Windows CE Features :: Shell and User Interface :: Shell :: Shell Application Development
3	Windows CE 5.0 :: Product Documentation :: Windows CE Features :: Shell and User Interface :: Shell :: Shell Application Development :: AYGShell API Extensions
3	Windows CE 5.0 :: Product Documentation :: Windows CE Features :: Shell and User Interface :: Shell :: Shell Application Development :: AYGShell API Extensions :: Pocket PC-style New Button
29	Windows CE 5.0 :: Product Documentation :: Windows CE Features :: Shell and User Interface :: Shell :: Shell Application Development :: Command Processor Shell :: Command Processor Commands
4	Windows CE 5.0 :: Product Documentation :: Windows CE Features :: Shell and User Interface :: Shell :: Shell Application Development :: Creating Controls :: Working with Common Controls
2	Windows CE 5.0 :: Product Documentation :: Windows CE Features :: Shell and User Interface :: Shell :: Shell Application Development :: Creating Controls :: Working with Common Controls :: Animation Controls
2	Windows CE 5.0 :: Product Documentation :: Windows CE Features :: Shell and User Interface :: Shell :: Shell Application Development :: Creating Controls :: Working with Common Controls :: Creating a Date and Time Picker Control
3	Windows CE 5.0 :: Product Documentation :: Windows CE Features :: Shell and User Interface :: Shell :: Shell Application Development :: Creating Controls :: Working with Common Controls :: Creating a Header Control
8	Windows CE 5.0 :: Product Documentation :: Windows CE Features :: Shell and User Interface :: Shell :: Shell Application Development :: Creating Controls :: Working with Common Controls :: Creating a List View Control
1	Windows CE 5.0 :: Product Documentation :: Windows CE Features :: Shell and User Interface :: Shell :: Shell Application Development :: Creating Controls :: Working with Common Controls :: Creating a Month Calendar Control
1	Windows CE 5.0 :: Product Documentation :: Windows CE Features :: Shell and User Interface :: Shell :: Shell Application Development :: Creating Controls :: Working with Common Controls :: Creating a Progress Bar
1	Windows CE 5.0 :: Product Documentation :: Windows CE Features :: Shell and User Interface :: Shell :: Shell Application Development :: Creating Controls :: Working with Common Controls :: Creating a Property Sheet
2	Windows CE 5.0 :: Product Documentation :: Windows CE Features :: Shell and User Interface :: Shell :: Shell Application Development :: Creating Controls :: Working with Common Controls :: Creating a Status Bar
3	Windows CE 5.0 :: Product Documentation :: Windows CE Features :: Shell and User Interface :: Shell :: Shell Application Development :: Creating Controls :: Working with Common Controls :: Creating a Tab Control
1	Windows CE 5.0 :: Product Documentation :: Windows CE Features :: Shell and User Interface :: Shell :: Shell Application Development :: Creating Controls :: Working with Common Controls :: Creating a Toolbar
5	Windows CE 5.0 :: Product Documentation :: Windows CE Features :: Shell and User Interface :: Shell :: Shell Application Development :: Creating Controls :: Working with Common Controls :: Creating a Tree View
2	Windows CE 5.0 :: Product Documentation :: Windows CE Features :: Shell and User Interface :: Shell :: Shell Application Development :: Creating Controls :: Working with Common Controls :: Creating an Image List
1	Windows CE 5.0 :: Product Documentation :: Windows CE Features :: Shell and User Interface :: Shell :: Shell Application Development :: Creating Controls :: Working with Common Controls :: Creating an Up-Down Control
2	Windows CE 5.0 :: Product Documentation :: Windows CE Features :: Shell and User Interface :: Shell :: Shell Application Development :: Creating Controls :: Working with Common Controls :: Using ToolTips
2	Windows CE 5.0 :: Product Documentation :: Windows CE Features :: Shell and User Interface :: Shell :: Shell Application Development :: Creating Controls :: Working with Common Controls :: Using ToolTips :: Creating a ToolTip Control
1	Windows CE 5.0 :: Product Documentation :: Windows CE Features :: Shell and User Interface :: Shell :: Shell Application Development :: Creating Controls :: Working with Common Controls :: Using ToolTips :: Creating a ToolTip Control :: Relaying Mouse Messages to a ToolTip
4	Windows CE 5.0 :: Product Documentation :: Windows CE Features :: Shell and User Interface :: Shell :: Shell Application Development :: Creating Controls :: Working with Common Controls :: Using the Custom Draw Service
3	Windows CE 5.0 :: Product Documentation :: Windows CE Features :: Shell and User Interface :: Shell :: Shell Application Development :: Using Atoms
9	Windows CE 5.0 :: Product Documentation :: Windows CE Features :: Shell and User Interface :: Shell :: Shell OS Design Development
2	Windows CE 5.0 :: Product Documentation :: Windows CE Features :: Shell and User Interface :: Shell :: Shell OS Design Development :: Control Panel
1	Windows CE 5.0 :: Product Documentation :: Windows CE Features :: Shell and User Interface :: Shell :: Shell OS Design Development :: Control Panel :: Enabling a Backlight
4	Windows CE 5.0 :: Product Documentation :: Windows CE Features :: Shell and User Interface :: Shell :: Shell OS Design Development :: Control Panel :: How to Implement a Control Panel Application
3	Windows CE 5.0 :: Product Documentation :: Windows CE Features :: Shell and User Interface :: Shell :: Shell OS Design Development :: How to Customize the Appearance of Common Controls
5	Windows CE 5.0 :: Product Documentation :: Windows CE Features :: Shell and User Interface :: Shell :: Shell OS Design Development :: How to Customize the Shell
3	Windows CE 5.0 :: Product Documentation :: Windows CE Features :: Shell and User Interface :: Shell :: Shell OS Design Development :: Shell Components
1	Windows CE 5.0 :: Product Documentation :: Windows CE Features :: Shell and User Interface :: Shell :: Shell OS Design Development :: Shell Components :: Common Dialog Boxes (Shell)
3	Windows CE 5.0 :: Product Documentation :: Windows CE Features :: Shell and User Interface :: Shell :: Shell OS Design Development :: Shell OS Reference :: Shell OS Functions
1	Windows CE 5.0 :: Product Documentation :: Windows CE Features :: Shell and User Interface :: Shell :: Shell OS Design Development :: Shell OS Reference :: Shell OS Structures
1	Windows CE 5.0 :: Product Documentation :: Windows CE Features :: Shell and User Interface :: Shell :: Shell Reference :: AYGShell Reference :: AYGShell Controls
1	Windows CE 5.0 :: Product Documentation :: Windows CE Features :: Shell and User Interface :: Shell :: Shell Reference :: AYGShell Reference :: AYGShell Enumerations
34	Windows CE 5.0 :: Product Documentation :: Windows CE Features :: Shell and User Interface :: Shell :: Shell Reference :: AYGShell Reference :: AYGShell Functions
1	Windows CE 5.0 :: Product Documentation :: Windows CE Features :: Shell and User Interface :: Shell :: Shell Reference :: AYGShell Reference :: AYGShell Interfaces :: INewMenuItemServer
3	Windows CE 5.0 :: Product Documentation :: Windows CE Features :: Shell and User Interface :: Shell :: Shell Reference :: AYGShell Reference :: AYGShell Interfaces :: IShellNotificationCallback
3	Windows CE 5.0 :: Product Documentation :: Windows CE Features :: Shell and User Interface :: Shell :: Shell Reference :: AYGShell Reference :: AYGShell Macros
9	Windows CE 5.0 :: Product Documentation :: Windows CE Features :: Shell and User Interface :: Shell :: Shell Reference :: AYGShell Reference :: AYGShell Messages
8	Windows CE 5.0 :: Product Documentation :: Windows CE Features :: Shell and User Interface :: Shell :: Shell Reference :: AYGShell Reference :: AYGShell Structures
1	Windows CE 5.0 :: Product Documentation :: Windows CE Features :: Shell and User Interface :: Shell :: Shell Reference :: Standard Shell Reference :: Standard Shell Enumerations
21	Windows CE 5.0 :: Product Documentation :: Windows CE Features :: Shell and User Interface :: Shell :: Shell Reference :: Standard Shell Reference :: Standard Shell Functions
4	Windows CE 5.0 :: Product Documentation :: Windows CE Features :: Shell and User Interface :: Shell :: Shell Reference :: Standard Shell Reference :: Standard Shell Interfaces :: IDropTarget
1	Windows CE 5.0 :: Product Documentation :: Windows CE Features :: Shell and User Interface :: Shell :: Shell Reference :: Standard Shell Reference :: Standard Shell Interfaces :: IPersistFolder
9	Windows CE 5.0 :: Product Documentation :: Windows CE Features :: Shell and User Interface :: Shell :: Shell Reference :: Standard Shell Reference :: Standard Shell Interfaces :: IShellFolder
11	Windows CE 5.0 :: Product Documentation :: Windows CE Features :: Shell and User Interface :: Shell :: Shell Reference :: Standard Shell Reference :: Standard Shell Interfaces :: IShellView
5	Windows CE 5.0 :: Product Documentation :: Windows CE Features :: Shell and User Interface :: Shell :: Shell Reference :: Standard Shell Reference :: Standard Shell Interfaces :: ITaskbarList
1	Windows CE 5.0 :: Product Documentation :: Windows CE Features :: Shell and User Interface :: Shell :: Shell Reference :: Standard Shell Reference :: Standard Shell Interfaces :: ITaskbarList2
2	Windows CE 5.0 :: Product Documentation :: Windows CE Features :: Shell and User Interface :: Shell :: Shell Reference :: Standard Shell Reference :: Standard Shell Macros
18	Windows CE 5.0 :: Product Documentation :: Windows CE Features :: Shell and User Interface :: Shell :: Shell Reference :: Standard Shell Reference :: Standard Shell Messages
10	Windows CE 5.0 :: Product Documentation :: Windows CE Features :: Shell and User Interface :: Shell :: Shell Reference :: Standard Shell Reference :: Standard Shell Structures
8	Windows CE 5.0 :: Product Documentation :: Windows CE Features :: Shell and User Interface :: Shell :: Shell Registry Settings
4	Windows CE 5.0 :: Product Documentation :: Windows CE Features :: Shell and User Interface :: User Interface :: Accessibility
8	Windows CE 5.0 :: Product Documentation :: Windows CE Features :: Shell and User Interface :: User Interface :: Accessibility :: Accessibility Application Development
6	Windows CE 5.0 :: Product Documentation :: Windows CE Features :: Shell and User Interface :: User Interface :: Accessibility :: Accessibility Reference :: Accessibility Structures
5	Windows CE 5.0 :: Product Documentation :: Windows CE Features :: Shell and User Interface :: User Interface :: Mouse (User Interface)
1	Windows CE 5.0 :: Product Documentation :: Windows CE Features :: Shell and User Interface :: User Interface :: Mouse (User Interface) :: Mouse Application Development
1	Windows CE 5.0 :: Product Documentation :: Windows CE Features :: Shell and User Interface :: User Interface :: Mouse (User Interface) :: Mouse Application Development :: Receiving Mouse Messages
17	Windows CE 5.0 :: Product Documentation :: Windows CE Features :: Shell and User Interface :: User Interface :: Mouse (User Interface) :: Mouse Reference :: Mouse Functions
13	Windows CE 5.0 :: Product Documentation :: Windows CE Features :: Shell and User Interface :: User Interface :: Mouse (User Interface) :: Mouse Reference :: Mouse Messages
1	Windows CE 5.0 :: Product Documentation :: Windows CE Features :: Shell and User Interface :: User Interface :: Mouse (User Interface) :: Mouse Reference :: Mouse Structures
4	Windows CE 5.0 :: Product Documentation :: Windows CE Features :: Shell and User Interface :: User Interface :: Network User Interface
19	Windows CE 5.0 :: Product Documentation :: Windows CE Features :: Shell and User Interface :: User Interface :: Network User Interface :: Network User Interface Reference :: Network User Interface Functions
6	Windows CE 5.0 :: Product Documentation :: Windows CE Features :: Shell and User Interface :: User Interface :: Network User Interface :: Network User Interface Reference :: Network User Interface Structures
4	Windows CE 5.0 :: Product Documentation :: Windows CE Features :: Shell and User Interface :: User Interface :: Software-based Input Panel
2	Windows CE 5.0 :: Product Documentation :: Windows CE Features :: Shell and User Interface :: User Interface :: Software-based Input Panel :: Software-Based Input Panel Application Development
10	Windows CE 5.0 :: Product Documentation :: Windows CE Features :: Shell and User Interface :: User Interface :: Software-based Input Panel :: Software-Based Input Panel Reference :: Software-Based Input Panel Functions
4	Windows CE 5.0 :: Product Documentation :: Windows CE Features :: Shell and User Interface :: User Interface :: Software-based Input Panel :: Software-Based Input Panel Reference :: Software-Based Input Panel Interfaces :: IIMCallback
5	Windows CE 5.0 :: Product Documentation :: Windows CE Features :: Shell and User Interface :: User Interface :: Software-based Input Panel :: Software-Based Input Panel Reference :: Software-Based Input Panel Interfaces :: IIMCallback2
10	Windows CE 5.0 :: Product Documentation :: Windows CE Features :: Shell and User Interface :: User Interface :: Software-based Input Panel :: Software-Based Input Panel Reference :: Software-Based Input Panel Interfaces :: IInputMethod
12	Windows CE 5.0 :: Product Documentation :: Windows CE Features :: Shell and User Interface :: User Interface :: Software-based Input Panel :: Software-Based Input Panel Reference :: Software-Based Input Panel Interfaces :: IInputMethod2
4	Windows CE 5.0 :: Product Documentation :: Windows CE Features :: Shell and User Interface :: User Interface :: Software-based Input Panel :: Software-Based Input Panel Reference :: Software-Based Input Panel Structures
2	Windows CE 5.0 :: Product Documentation :: Windows CE Features :: Shell and User Interface :: User Interface :: Software-based Input Panel :: Software-Based Input Panel Registry Settings
4	Windows CE 5.0 :: Product Documentation :: Windows CE Features :: Shell and User Interface :: User Interface :: Touch Screen (Stylus)
2	Windows CE 5.0 :: Product Documentation :: Windows CE Features :: Shell and User Interface :: User Interface :: Touch Screen (Stylus) :: Touch Screen (Stylus) Application Development
2	Windows CE 5.0 :: Product Documentation :: Windows CE Features :: Shell and User Interface :: User Interface :: Touch Screen (Stylus) :: Touch Screen (Stylus) OS Design Development
2	Windows CE 5.0 :: Product Documentation :: Windows CE Features :: Shell and User Interface :: User Interface :: Touch Screen (Stylus) :: Touch Screen (Stylus) OS Design Development :: How to Replace the Calibrui Module
6	Windows CE 5.0 :: Product Documentation :: Windows CE Features :: Shell and User Interface :: User Interface :: Touch Screen (Stylus) :: Touch Screen (Stylus) OS Design Development :: Touch Screen Calibration Reference :: Touch Screen Calibration Functions
20	Windows CE 5.0 :: Product Documentation :: Windows CE Features :: Shell and User Interface :: User Interface :: Touch Screen (Stylus) :: Touch Screen (Stylus) Reference :: Touch Screen (Stylus) Functions
8	Windows CE 5.0 :: Product Documentation :: Windows CE Features :: Shell and User Interface :: User Interface :: Touch Screen (Stylus) :: Touch Screen (Stylus) Reference :: Touch Screen (Stylus) Messages
1	Windows CE 5.0 :: Product Documentation :: Windows CE Features :: Shell and User Interface :: User Interface :: Touch Screen (Stylus) :: Touch Screen (Stylus) Reference :: Touch Screen (Stylus) Structures
6	Windows CE 5.0 :: Product Documentation :: Windows CE Features :: SideShow
25	Windows CE 5.0 :: Product Documentation :: Windows CE Features :: SideShow :: SideShow Reference :: SideShow Functions
17	Windows CE 5.0 :: Product Documentation :: Windows CE Features :: SideShow :: SideShow Reference :: SideShow Messages
1	Windows CE 5.0 :: Product Documentation :: Windows CE Features :: Voice over IP Phone Services
5	Windows CE 5.0 :: Product Documentation :: Windows CE Features :: Voice over IP Phone Services :: PC Authentication
6	Windows CE 5.0 :: Product Documentation :: Windows CE Features :: Voice over IP Phone Services :: PC Authentication :: PC Authentication Application Development
2	Windows CE 5.0 :: Product Documentation :: Windows CE Features :: Voice over IP Phone Services :: PC Authentication :: PC Authentication Application Development :: Setting Up PC Authentication
2	Windows CE 5.0 :: Product Documentation :: Windows CE Features :: Voice over IP Phone Services :: PC Authentication :: PC Authentication Reference :: PC Authentication Constants
3	Windows CE 5.0 :: Product Documentation :: Windows CE Features :: Voice over IP Phone Services :: PC Authentication :: PC Authentication Reference :: PC Authentication Functions
4	Windows CE 5.0 :: Product Documentation :: Windows CE Features :: Voice over IP Phone Services :: Phone IME
3	Windows CE 5.0 :: Product Documentation :: Windows CE Features :: Voice over IP Phone Services :: Real-time Communications (RTC) Client API
1	Windows CE 5.0 :: Product Documentation :: Windows CE Features :: Voice over IP Phone Services :: Real-time Communications (RTC) Client API :: RTC Client API Application Development :: RTC Client API Code Examples
11	Windows CE 5.0 :: Product Documentation :: Windows CE Features :: Voice over IP Phone Services :: Real-time Communications (RTC) Client API :: RTC Client API Application Development :: RTC Client API Code Examples :: Fundamental RTC Code Examples
7	Windows CE 5.0 :: Product Documentation :: Windows CE Features :: Voice over IP Phone Services :: Real-time Communications (RTC) Client API :: RTC Client API Application Development :: Real-time Communications Concepts
3	Windows CE 5.0 :: Product Documentation :: Windows CE Features :: Voice over IP Phone Services :: Real-time Communications (RTC) Client API :: RTC Client API Application Development :: Using the RTC Client API
5	Windows CE 5.0 :: Product Documentation :: Windows CE Features :: Voice over IP Phone Services :: Real-time Communications (RTC) Client API :: RTC Client API Application Development :: Using the RTC Client API :: Authentication
1	Windows CE 5.0 :: Product Documentation :: Windows CE Features :: Voice over IP Phone Services :: Real-time Communications (RTC) Client API :: RTC Client API Application Development :: Using the RTC Client API :: Firewalls and NATs
2	Windows CE 5.0 :: Product Documentation :: Windows CE Features :: Voice over IP Phone Services :: Real-time Communications (RTC) Client API :: RTC Client API Application Development :: Using the RTC Client API :: Firewalls and NATs :: NAT Address Mapping
4	Windows CE 5.0 :: Product Documentation :: Windows CE Features :: Voice over IP Phone Services :: Real-time Communications (RTC) Client API :: RTC Client API Application Development :: Using the RTC Client API :: Provisioning and XML Profiles
2	Windows CE 5.0 :: Product Documentation :: Windows CE Features :: Voice over IP Phone Services :: Real-time Communications (RTC) Client API :: RTC Client API Application Development :: Using the RTC Client API :: Provisioning and XML Profiles :: Using XML Profiles :: XML Profile Samples
10	Windows CE 5.0 :: Product Documentation :: Windows CE Features :: Voice over IP Phone Services :: Real-time Communications (RTC) Client API :: RTC Client API Application Development :: Using the RTC Client API :: RTC Client API Objects and Interfaces
4	Windows CE 5.0 :: Product Documentation :: Windows CE Features :: Voice over IP Phone Services :: Real-time Communications (RTC) Client API :: RTC Client API Migration
12	Windows CE 5.0 :: Product Documentation :: Windows CE Features :: Voice over IP Phone Services :: Real-time Communications (RTC) Client API :: RTC Client API Reference :: RTC Client API Constants
39	Windows CE 5.0 :: Product Documentation :: Windows CE Features :: Voice over IP Phone Services :: Real-time Communications (RTC) Client API :: RTC Client API Reference :: RTC Client API Enumerations
2	Windows CE 5.0 :: Product Documentation :: Windows CE Features :: Voice over IP Phone Services :: Real-time Communications (RTC) Client API :: RTC Client API Reference :: RTC Client API Interfaces :: IRTCBuddy
8	Windows CE 5.0 :: Product Documentation :: Windows CE Features :: Voice over IP Phone Services :: Real-time Communications (RTC) Client API :: RTC Client API Reference :: RTC Client API Interfaces :: IRTCBuddy2
1	Windows CE 5.0 :: Product Documentation :: Windows CE Features :: Voice over IP Phone Services :: Real-time Communications (RTC) Client API :: RTC Client API Reference :: RTC Client API Interfaces :: IRTCBuddyEvent
3	Windows CE 5.0 :: Product Documentation :: Windows CE Features :: Voice over IP Phone Services :: Real-time Communications (RTC) Client API :: RTC Client API Reference :: RTC Client API Interfaces :: IRTCBuddyEvent2
7	Windows CE 5.0 :: Product Documentation :: Windows CE Features :: Voice over IP Phone Services :: Real-time Communications (RTC) Client API :: RTC Client API Reference :: RTC Client API Interfaces :: IRTCBuddyGroup
4	Windows CE 5.0 :: Product Documentation :: Windows CE Features :: Voice over IP Phone Services :: Real-time Communications (RTC) Client API :: RTC Client API Reference :: RTC Client API Interfaces :: IRTCBuddyGroupEvent
30	Windows CE 5.0 :: Product Documentation :: Windows CE Features :: Voice over IP Phone Services :: Real-time Communications (RTC) Client API :: RTC Client API Reference :: RTC Client API Interfaces :: IRTCClient
10	Windows CE 5.0 :: Product Documentation :: Windows CE Features :: Voice over IP Phone Services :: Real-time Communications (RTC) Client API :: RTC Client API Reference :: RTC Client API Interfaces :: IRTCClient2
2	Windows CE 5.0 :: Product Documentation :: Windows CE Features :: Voice over IP Phone Services :: Real-time Communications (RTC) Client API :: RTC Client API Reference :: RTC Client API Interfaces :: IRTCClientEvent
3	Windows CE 5.0 :: Product Documentation :: Windows CE Features :: Voice over IP Phone Services :: Real-time Communications (RTC) Client API :: RTC Client API Reference :: RTC Client API Interfaces :: IRTCClientPortManagement
16	Windows CE 5.0 :: Product Documentation :: Windows CE Features :: Voice over IP Phone Services :: Real-time Communications (RTC) Client API :: RTC Client API Reference :: RTC Client API Interfaces :: IRTCClientPresence
14	Windows CE 5.0 :: Product Documentation :: Windows CE Features :: Voice over IP Phone Services :: Real-time Communications (RTC) Client API :: RTC Client API Reference :: RTC Client API Interfaces :: IRTCClientPresence2
7	Windows CE 5.0 :: Product Documentation :: Windows CE Features :: Voice over IP Phone Services :: Real-time Communications (RTC) Client API :: RTC Client API Reference :: RTC Client API Interfaces :: IRTCClientProvisioning
1	Windows CE 5.0 :: Product Documentation :: Windows CE Features :: Voice over IP Phone Services :: Real-time Communications (RTC) Client API :: RTC Client API Reference :: RTC Client API Interfaces :: IRTCClientProvisioning2
3	Windows CE 5.0 :: Product Documentation :: Windows CE Features :: Voice over IP Phone Services :: Real-time Communications (RTC) Client API :: RTC Client API Reference :: RTC Client API Interfaces :: IRTCCollection
4	Windows CE 5.0 :: Product Documentation :: Windows CE Features :: Voice over IP Phone Services :: Real-time Communications (RTC) Client API :: RTC Client API Reference :: RTC Client API Interfaces :: IRTCEnumBuddies
4	Windows CE 5.0 :: Product Documentation :: Windows CE Features :: Voice over IP Phone Services :: Real-time Communications (RTC) Client API :: RTC Client API Reference :: RTC Client API Interfaces :: IRTCEnumGroups
4	Windows CE 5.0 :: Product Documentation :: Windows CE Features :: Voice over IP Phone Services :: Real-time Communications (RTC) Client API :: RTC Client API Reference :: RTC Client API Interfaces :: IRTCEnumParticipants
4	Windows CE 5.0 :: Product Documentation :: Windows CE Features :: Voice over IP Phone Services :: Real-time Communications (RTC) Client API :: RTC Client API Reference :: RTC Client API Interfaces :: IRTCEnumPresenceDevices
4	Windows CE 5.0 :: Product Documentation :: Windows CE Features :: Voice over IP Phone Services :: Real-time Communications (RTC) Client API :: RTC Client API Reference :: RTC Client API Interfaces :: IRTCEnumProfiles
4	Windows CE 5.0 :: Product Documentation :: Windows CE Features :: Voice over IP Phone Services :: Real-time Communications (RTC) Client API :: RTC Client API Reference :: RTC Client API Interfaces :: IRTCEnumUserSearchResults
4	Windows CE 5.0 :: Product Documentation :: Windows CE Features :: Voice over IP Phone Services :: Real-time Communications (RTC) Client API :: RTC Client API Reference :: RTC Client API Interfaces :: IRTCEnumWatchers
1	Windows CE 5.0 :: Product Documentation :: Windows CE Features :: Voice over IP Phone Services :: Real-time Communications (RTC) Client API :: RTC Client API Reference :: RTC Client API Interfaces :: IRTCEventNotification
4	Windows CE 5.0 :: Product Documentation :: Windows CE Features :: Voice over IP Phone Services :: Real-time Communications (RTC) Client API :: RTC Client API Reference :: RTC Client API Interfaces :: IRTCInfoEvent
4	Windows CE 5.0 :: Product Documentation :: Windows CE Features :: Voice over IP Phone Services :: Real-time Communications (RTC) Client API :: RTC Client API Reference :: RTC Client API Interfaces :: IRTCIntensityEvent
3	Windows CE 5.0 :: Product Documentation :: Windows CE Features :: Voice over IP Phone Services :: Real-time Communications (RTC) Client API :: RTC Client API Reference :: RTC Client API Interfaces :: IRTCMediaEvent:IDispatch
7	Windows CE 5.0 :: Product Documentation :: Windows CE Features :: Voice over IP Phone Services :: Real-time Communications (RTC) Client API :: RTC Client API Reference :: RTC Client API Interfaces :: IRTCMediaRequestEvent
6	Windows CE 5.0 :: Product Documentation :: Windows CE Features :: Voice over IP Phone Services :: Real-time Communications (RTC) Client API :: RTC Client API Reference :: RTC Client API Interfaces :: IRTCMessagingEvent
5	Windows CE 5.0 :: Product Documentation :: Windows CE Features :: Voice over IP Phone Services :: Real-time Communications (RTC) Client API :: RTC Client API Reference :: RTC Client API Interfaces :: IRTCParticipant
3	Windows CE 5.0 :: Product Documentation :: Windows CE Features :: Voice over IP Phone Services :: Real-time Communications (RTC) Client API :: RTC Client API Reference :: RTC Client API Interfaces :: IRTCParticipantStateChangeEvent
3	Windows CE 5.0 :: Product Documentation :: Windows CE Features :: Voice over IP Phone Services :: Real-time Communications (RTC) Client API :: RTC Client API Reference :: RTC Client API Interfaces :: IRTCPortManager
4	Windows CE 5.0 :: Product Documentation :: Windows CE Features :: Voice over IP Phone Services :: Real-time Communications (RTC) Client API :: RTC Client API Reference :: RTC Client API Interfaces :: IRTCPresenceContact
3	Windows CE 5.0 :: Product Documentation :: Windows CE Features :: Voice over IP Phone Services :: Real-time Communications (RTC) Client API :: RTC Client API Reference :: RTC Client API Interfaces :: IRTCPresenceDataEvent
4	Windows CE 5.0 :: Product Documentation :: Windows CE Features :: Voice over IP Phone Services :: Real-time Communications (RTC) Client API :: RTC Client API Reference :: RTC Client API Interfaces :: IRTCPresenceDevice
4	Windows CE 5.0 :: Product Documentation :: Windows CE Features :: Voice over IP Phone Services :: Real-time Communications (RTC) Client API :: RTC Client API Reference :: RTC Client API Interfaces :: IRTCPresencePropertyEvent
3	Windows CE 5.0 :: Product Documentation :: Windows CE Features :: Voice over IP Phone Services :: Real-time Communications (RTC) Client API :: RTC Client API Reference :: RTC Client API Interfaces :: IRTCPresenceStatusEvent
18	Windows CE 5.0 :: Product Documentation :: Windows CE Features :: Voice over IP Phone Services :: Real-time Communications (RTC) Client API :: RTC Client API Reference :: RTC Client API Interfaces :: IRTCProfile
2	Windows CE 5.0 :: Product Documentation :: Windows CE Features :: Voice over IP Phone Services :: Real-time Communications (RTC) Client API :: RTC Client API Reference :: RTC Client API Interfaces :: IRTCProfile2
3	Windows CE 5.0 :: Product Documentation :: Windows CE Features :: Voice over IP Phone Services :: Real-time Communications (RTC) Client API :: RTC Client API Reference :: RTC Client API Interfaces :: IRTCProfileEvent
1	Windows CE 5.0 :: Product Documentation :: Windows CE Features :: Voice over IP Phone Services :: Real-time Communications (RTC) Client API :: RTC Client API Reference :: RTC Client API Interfaces :: IRTCProfileEvent2
5	Windows CE 5.0 :: Product Documentation :: Windows CE Features :: Voice over IP Phone Services :: Real-time Communications (RTC) Client API :: RTC Client API Reference :: RTC Client API Interfaces :: IRTCReInviteEvent
4	Windows CE 5.0 :: Product Documentation :: Windows CE Features :: Voice over IP Phone Services :: Real-time Communications (RTC) Client API :: RTC Client API Reference :: RTC Client API Interfaces :: IRTCRegistrationStateChangeEvent
4	Windows CE 5.0 :: Product Documentation :: Windows CE Features :: Voice over IP Phone Services :: Real-time Communications (RTC) Client API :: RTC Client API Reference :: RTC Client API Interfaces :: IRTCRoamingEvent
20	Windows CE 5.0 :: Product Documentation :: Windows CE Features :: Voice over IP Phone Services :: Real-time Communications (RTC) Client API :: RTC Client API Reference :: RTC Client API Interfaces :: IRTCSession
5	Windows CE 5.0 :: Product Documentation :: Windows CE Features :: Voice over IP Phone Services :: Real-time Communications (RTC) Client API :: RTC Client API Reference :: RTC Client API Interfaces :: IRTCSession2
7	Windows CE 5.0 :: Product Documentation :: Windows CE Features :: Voice over IP Phone Services :: Real-time Communications (RTC) Client API :: RTC Client API Reference :: RTC Client API Interfaces :: IRTCSessionCallControl
1	Windows CE 5.0 :: Product Documentation :: Windows CE Features :: Voice over IP Phone Services :: Real-time Communications (RTC) Client API :: RTC Client API Reference :: RTC Client API Interfaces :: IRTCSessionDescriptionManager
4	Windows CE 5.0 :: Product Documentation :: Windows CE Features :: Voice over IP Phone Services :: Real-time Communications (RTC) Client API :: RTC Client API Reference :: RTC Client API Interfaces :: IRTCSessionOperationCompleteEvent
2	Windows CE 5.0 :: Product Documentation :: Windows CE Features :: Voice over IP Phone Services :: Real-time Communications (RTC) Client API :: RTC Client API Reference :: RTC Client API Interfaces :: IRTCSessionOperationCompleteEvent2
1	Windows CE 5.0 :: Product Documentation :: Windows CE Features :: Voice over IP Phone Services :: Real-time Communications (RTC) Client API :: RTC Client API Reference :: RTC Client API Interfaces :: IRTCSessionPortManagement
4	Windows CE 5.0 :: Product Documentation :: Windows CE Features :: Voice over IP Phone Services :: Real-time Communications (RTC) Client API :: RTC Client API Reference :: RTC Client API Interfaces :: IRTCSessionReferStatusEvent
7	Windows CE 5.0 :: Product Documentation :: Windows CE Features :: Voice over IP Phone Services :: Real-time Communications (RTC) Client API :: RTC Client API Reference :: RTC Client API Interfaces :: IRTCSessionReferredEvent
4	Windows CE 5.0 :: Product Documentation :: Windows CE Features :: Voice over IP Phone Services :: Real-time Communications (RTC) Client API :: RTC Client API Reference :: RTC Client API Interfaces :: IRTCSessionStateChangeEvent
4	Windows CE 5.0 :: Product Documentation :: Windows CE Features :: Voice over IP Phone Services :: Real-time Communications (RTC) Client API :: RTC Client API Reference :: RTC Client API Interfaces :: IRTCSessionStateChangeEvent2
2	Windows CE 5.0 :: Product Documentation :: Windows CE Features :: Voice over IP Phone Services :: Real-time Communications (RTC) Client API :: RTC Client API Reference :: RTC Client API Interfaces :: IRTCUserSearch
4	Windows CE 5.0 :: Product Documentation :: Windows CE Features :: Voice over IP Phone Services :: Real-time Communications (RTC) Client API :: RTC Client API Reference :: RTC Client API Interfaces :: IRTCUserSearchQuery
1	Windows CE 5.0 :: Product Documentation :: Windows CE Features :: Voice over IP Phone Services :: Real-time Communications (RTC) Client API :: RTC Client API Reference :: RTC Client API Interfaces :: IRTCUserSearchResult
7	Windows CE 5.0 :: Product Documentation :: Windows CE Features :: Voice over IP Phone Services :: Real-time Communications (RTC) Client API :: RTC Client API Reference :: RTC Client API Interfaces :: IRTCUserSearchResultsEvent:IDispatch
1	Windows CE 5.0 :: Product Documentation :: Windows CE Features :: Voice over IP Phone Services :: Real-time Communications (RTC) Client API :: RTC Client API Reference :: RTC Client API Interfaces :: IRTCWatcher
2	Windows CE 5.0 :: Product Documentation :: Windows CE Features :: Voice over IP Phone Services :: Real-time Communications (RTC) Client API :: RTC Client API Reference :: RTC Client API Interfaces :: IRTCWatcher2
1	Windows CE 5.0 :: Product Documentation :: Windows CE Features :: Voice over IP Phone Services :: Real-time Communications (RTC) Client API :: RTC Client API Reference :: RTC Client API Interfaces :: IRTCWatcherEvent
2	Windows CE 5.0 :: Product Documentation :: Windows CE Features :: Voice over IP Phone Services :: Real-time Communications (RTC) Client API :: RTC Client API Reference :: RTC Client API Interfaces :: IRTCWatcherEvent2
6	Windows CE 5.0 :: Product Documentation :: Windows CE Features :: Voice over IP Phone Services :: Real-time Communications (RTC) Client API :: RTC Client API Reference :: RTC Client API XML Schema
1	Windows CE 5.0 :: Product Documentation :: Windows CE Features :: Voice over IP Phone Services :: Real-time Communications (RTC) Client API :: RTC Client API Registry Settings
1	Windows CE 5.0 :: Product Documentation :: Windows CE Features :: Voice over IP Phone Services :: Real-time Communications (RTC) Client API :: RTC Client API Registry Settings :: RTC Client API ACM Registry Settings
7	Windows CE 5.0 :: Product Documentation :: Windows CE Features :: Voice over IP Phone Services :: Telephony User Interface (TUI)
9	Windows CE 5.0 :: Product Documentation :: Windows CE Features :: Voice over IP Phone Services :: Telephony User Interface (TUI) :: TUI Application Development :: Customizing the TUI Application
11	Windows CE 5.0 :: Product Documentation :: Windows CE Features :: Voice over IP Phone Services :: Telephony User Interface (TUI) :: TUI Application Development :: Examining the TUI Implementation
3	Windows CE 5.0 :: Product Documentation :: Windows CE Features :: Voice over IP Phone Services :: Telephony User Interface (TUI) :: TUI Application Development :: Examining the TUI Implementation :: TUI Object Model
6	Windows CE 5.0 :: Product Documentation :: Windows CE Features :: Voice over IP Phone Services :: Telephony User Interface (TUI) :: TUI Application Development :: Examining the TUI Implementation :: TUI Object Model :: TUI UI Object Model
2	Windows CE 5.0 :: Product Documentation :: Windows CE Features :: Voice over IP Phone Services :: Telephony User Interface (TUI) :: TUI Application Development :: Examining the TUI Implementation :: Understanding TUI Source Code
3	Windows CE 5.0 :: Product Documentation :: Windows CE Features :: Voice over IP Phone Services :: Telephony User Interface (TUI) :: TUI Application Development :: TUI Architecture and Functionality
4	Windows CE 5.0 :: Product Documentation :: Windows CE Features :: Voice over IP Phone Services :: VoIP Application Interface Layer (VAIL)
2	Windows CE 5.0 :: Product Documentation :: Windows CE Features :: Voice over IP Phone Services :: VoIP Application Interface Layer (VAIL) :: VAIL Application Development
2	Windows CE 5.0 :: Product Documentation :: Windows CE Features :: Voice over IP Phone Services :: VoIP Application Interface Layer (VAIL) :: VAIL Application Development :: Creating an Application That Uses VAIL
2	Windows CE 5.0 :: Product Documentation :: Windows CE Features :: Voice over IP Phone Services :: VoIP Application Interface Layer (VAIL) :: VAIL Application Development :: Creating an Application That Uses VAIL :: VoIP Manager Setup
2	Windows CE 5.0 :: Product Documentation :: Windows CE Features :: Voice over IP Phone Services :: VoIP Application Interface Layer (VAIL) :: VAIL Application Development :: VAIL Objects and Interfaces
1	Windows CE 5.0 :: Product Documentation :: Windows CE Features :: Voice over IP Phone Services :: VoIP Application Interface Layer (VAIL) :: VAIL Application Development :: VAIL Objects and Interfaces :: Current Call
3	Windows CE 5.0 :: Product Documentation :: Windows CE Features :: Voice over IP Phone Services :: VoIP Application Interface Layer (VAIL) :: VAIL Application Development :: VAIL Objects and Interfaces :: IP Phone Provisioning
2	Windows CE 5.0 :: Product Documentation :: Windows CE Features :: Voice over IP Phone Services :: VoIP Application Interface Layer (VAIL) :: VAIL Application Development :: VAIL Objects and Interfaces :: VoIP Media Manager
1	Windows CE 5.0 :: Product Documentation :: Windows CE Features :: Voice over IP Phone Services :: VoIP Application Interface Layer (VAIL) :: VAIL Migration
5	Windows CE 5.0 :: Product Documentation :: Windows CE Features :: Voice over IP Phone Services :: VoIP Application Interface Layer (VAIL) :: VAIL Reference :: VAIL Constants
5	Windows CE 5.0 :: Product Documentation :: Windows CE Features :: Voice over IP Phone Services :: VoIP Application Interface Layer (VAIL) :: VAIL Reference :: VAIL Enumerations
6	Windows CE 5.0 :: Product Documentation :: Windows CE Features :: Voice over IP Phone Services :: VoIP Application Interface Layer (VAIL) :: VAIL Reference :: VAIL Interfaces :: IVoIPCallLogDB
3	Windows CE 5.0 :: Product Documentation :: Windows CE Features :: Voice over IP Phone Services :: VoIP Application Interface Layer (VAIL) :: VAIL Reference :: VAIL Interfaces :: IVoIPCallLogDBEnum
9	Windows CE 5.0 :: Product Documentation :: Windows CE Features :: Voice over IP Phone Services :: VoIP Application Interface Layer (VAIL) :: VAIL Reference :: VAIL Interfaces :: IVoIPCallRecord
7	Windows CE 5.0 :: Product Documentation :: Windows CE Features :: Voice over IP Phone Services :: VoIP Application Interface Layer (VAIL) :: VAIL Reference :: VAIL Interfaces :: IVoIPCallerInfoDB
3	Windows CE 5.0 :: Product Documentation :: Windows CE Features :: Voice over IP Phone Services :: VoIP Application Interface Layer (VAIL) :: VAIL Reference :: VAIL Interfaces :: IVoIPCallerInfoDBEnum
9	Windows CE 5.0 :: Product Documentation :: Windows CE Features :: Voice over IP Phone Services :: VoIP Application Interface Layer (VAIL) :: VAIL Reference :: VAIL Interfaces :: IVoIPCallerInfoRecord
7	Windows CE 5.0 :: Product Documentation :: Windows CE Features :: Voice over IP Phone Services :: VoIP Application Interface Layer (VAIL) :: VAIL Reference :: VAIL Interfaces :: IVoIPConfigurationDataStore
16	Windows CE 5.0 :: Product Documentation :: Windows CE Features :: Voice over IP Phone Services :: VoIP Application Interface Layer (VAIL) :: VAIL Reference :: VAIL Interfaces :: IVoIPCurrentCall
5	Windows CE 5.0 :: Product Documentation :: Windows CE Features :: Voice over IP Phone Services :: VoIP Application Interface Layer (VAIL) :: VAIL Reference :: VAIL Interfaces :: IVoIPCurrentCall2
3	Windows CE 5.0 :: Product Documentation :: Windows CE Features :: Voice over IP Phone Services :: VoIP Application Interface Layer (VAIL) :: VAIL Reference :: VAIL Interfaces :: IVoIPCurrentCallEnumerator
3	Windows CE 5.0 :: Product Documentation :: Windows CE Features :: Voice over IP Phone Services :: VoIP Application Interface Layer (VAIL) :: VAIL Reference :: VAIL Interfaces :: IVoIPDirectoryClient
21	Windows CE 5.0 :: Product Documentation :: Windows CE Features :: Voice over IP Phone Services :: VoIP Application Interface Layer (VAIL) :: VAIL Reference :: VAIL Interfaces :: IVoIPMediaMgr
23	Windows CE 5.0 :: Product Documentation :: Windows CE Features :: Voice over IP Phone Services :: VoIP Application Interface Layer (VAIL) :: VAIL Reference :: VAIL Interfaces :: IVoIPMgr
2	Windows CE 5.0 :: Product Documentation :: Windows CE Features :: Voice over IP Phone Services :: VoIP Application Interface Layer (VAIL) :: VAIL Reference :: VAIL Interfaces :: IVoIPMgr2
2	Windows CE 5.0 :: Product Documentation :: Windows CE Features :: Voice over IP Phone Services :: VoIP Application Interface Layer (VAIL) :: VAIL Reference :: VAIL Interfaces :: IVoIPUI
3	Windows CE 5.0 :: Product Documentation :: Windows CE Features :: Voice over IP Phone Services :: VoIP Application Interface Layer (VAIL) :: VAIL Reference :: VAIL Structures
3	Windows CE 5.0 :: Product Documentation :: Windows CE Features :: Voice over IP Phone Services :: VoIP Application Interface Layer (VAIL) :: VAIL Registry Settings
2	Windows CE 5.0 :: Product Documentation :: Windows CE Features :: Windows CE Error Reporting
3	Windows CE 5.0 :: Product Documentation :: Windows CE Features :: Windows CE Error Reporting :: Error Reporting Modes and Settings
3	Windows CE 5.0 :: Product Documentation :: Windows CE Features :: Windows CE Error Reporting :: Error Reporting Overview
3	Windows CE 5.0 :: Product Documentation :: Windows CE Features :: Windows CE Error Reporting :: How to Implement Error Reporting
2	Windows CE 5.0 :: Product Documentation :: Windows CE Features :: Windows CE Error Reporting :: Windows Mobile Error Reporting Reference :: Error Report Control Panel
3	Windows CE 5.0 :: Product Documentation :: Windows CE Features :: Windows CE Error Reporting :: Windows Mobile Error Reporting Reference :: Error Report Generator
15	Windows CE 5.0 :: Product Documentation :: Windows CE Features :: Windows CE Error Reporting :: Windows Mobile Error Reporting Reference :: Error Report Generator :: Error Report Generator Reference :: Dump File Structures
1	Windows CE 5.0 :: Product Documentation :: Windows CE Features :: Windows CE Error Reporting :: Windows Mobile Error Reporting Reference :: Error Report Generator :: Error Report Generator Reference :: Error Report Enumerations
1	Windows CE 5.0 :: Product Documentation :: Windows CE Features :: Windows CE Error Reporting :: Windows Mobile Error Reporting Reference :: Error Report Generator :: Error Report Generator Reference :: Error Report Functions
2	Windows CE 5.0 :: Product Documentation :: Windows CE Features :: Windows CE Error Reporting :: Windows Mobile Error Reporting Reference :: Error Report Transfer Driver
2	Windows CE 5.0 :: Product Documentation :: Windows CE Features :: Windows CE Error Reporting :: Windows Mobile Error Reporting Reference :: Report Upload Client
1	Windows CE 5.0 :: Product Documentation :: Windows CE Features :: Windows CE Error Reporting :: Windows Mobile Error Reporting Reference :: Report Upload Client :: Report Upload Client Application Development
11	Windows CE 5.0 :: Technical Articles
