CE30_Copyright	Copyright
_Blit_Acceleration	Blit Acceleration (Windows CE 3.0 Device Driver Developement)
_TOOLS_MENUEX_Resource	MENUEX Resource
_Tools_ACCELERATORS_Resource	ACCELERATORS Resource
_Tools_AUTO3STATE_Control	AUTO3STATE Control
_Tools_AUTOCHECKBOX_Control	AUTOCHECKBOX Control
_Tools_AUTORADIOBUTTON_Control	AUTORADIOBUTTON Control
_Tools_BITMAP_Resource	BITMAP Resource
_Tools_CAPTION_Statement	CAPTION Statement
_Tools_CHARACTERISTICS_Statement	CHARACTERISTICS Statement
_Tools_CHECKBOX_Control	CHECKBOX Control
_Tools_CLASS_Statement	CLASS Statement
_Tools_COMBOBOX_Control	COMBOBOX Control
_Tools_CONTROL_Control	CONTROL Control
_Tools_CTEXT_Control	CTEXT Control
_Tools_CURSOR_Resource	CURSOR Resource
_Tools_DEFPUSHBUTTON_Control	DEFPUSHBUTTON Control
_Tools_DIALOGEX_Resource	DIALOGEX Resource
_Tools_DIALOG_Resource	DIALOG Resource
_Tools_EDITTEXT_Control	EDITTEXT Control
_Tools_EXSTYLE_Statement	EXSTYLE Statement
_Tools_FONT_Resource	FONT Resource
_Tools_FONT_Statement	FONT Statement
_Tools_GROUPBOX_Control	GROUPBOX Control
_Tools_ICON_Control	ICON Control
_Tools_ICON_Resource	ICON Resource
_Tools_LANGUAGE_Statement	LANGUAGE Statement
_Tools_LISTBOX_Control	LISTBOX Control
_Tools_LTEXT_Control	LTEXT Control
_Tools_MENUITEM_Statement	MENUITEM Statement
_Tools_MENU_Resource	MENU Resource
_Tools_MENU_Statement	MENU Statement
_Tools_MESSAGETABLE_Resource	MESSAGETABLE Resource
_Tools_POPUP_Resource	POPUP Resource
_Tools_PUSHBUTTON_Control	PUSHBUTTON Control
_Tools_RADIOBUTTON_Control	RADIOBUTTON Control
_Tools_RCDATA_Resource	RCDATA Resource
_Tools_RTEXT_Control	RTEXT Control
_Tools_Resource_Definition_Statements	Resource-Definition Statements
_Tools_SCROLLBAR_Control	SCROLLBAR Control
_Tools_STATE3_Control	STATE3 Control
_Tools_STRINGTABLE_Resource	STRINGTABLE Resource
_Tools_STYLE_Statement	STYLE Statement
_Tools_Sample_Resource_Definition_File	Sample Resource-Definition File
_Tools_User_Defined_Resource	User-Defined Resource
_Tools_VERSIONINFO_Resource	VERSIONINFO Resource
_Tools_VERSION_Statement	VERSION Statement
_WCESDK_HREPLOBJ	HREPLOBJ
_pbplatman_Code_Sample	Code Sample
_sdk_Error_Values	Error Value
_sdk_Formatting_Specifications	Formatting Specifications
_sdk_Net_Errors___Alphabetical_Order	Net Errors - Alphabetical Order
_sdk_Net_Errors___Numerical_Order	Net Errors - Numerical Order
_sdk_RAS_Error_Values	RAS Error Values
_sdk_System_Errors___Alphabetical_Order	System Errors - Alphabetical Order
_sdk_System_Errors___Numerical_Order	System Errors - Numerical Order
_tools_Common_Control_Parameters	Common Control Parameters
_tools_Common_Resource_Attributes	Common Resource Attributes
_tools_StringFileInfo_Block	StringFileInfo Block
_tools_VarFileInfo_Block	VarFileInfo Block
_wcepb_ADDCONNECT_DLGPARAMS	ADDCONNECT_DLGPARAMS
_wcepb_ASSERT	ASSERT
_wcepb_ASSERTMSG	ASSERTMSG
_wcepb_AdapterIPProperties	AdapterIPProperties
_wcepb_BatteryDrvrGetStatus	BatteryDrvrGetStatus
_wcepb_BatteryGetLifeTimeInfo	BatteryGetLifeTimeInfo
_wcepb_CEL_CRITSEC_ENTER	CEL_CRITSEC_ENTER
_wcepb_CEL_CRITSEC_LEAVE	CEL_CRITSEC_LEAVE
_wcepb_CEL_DATA_LOSS	CEL_DATA_LOSS
_wcepb_CEL_EVENT_CLOSE	CEL_EVENT_CLOSE
_wcepb_CEL_EVENT_CREATE	CEL_EVENT_CREATE
_wcepb_CEL_EVENT_DELETE	CEL_EVENT_DELETE
_wcepb_CEL_EVENT_PULSE	CEL_EVENT_PULSE
_wcepb_CEL_EVENT_RESET	CEL_EVENT_RESET
_wcepb_CEL_EVENT_SET	CEL_EVENT_SET
_wcepb_CEL_HEADER	CEL_HEADER
_wcepb_CEL_HEAP_ALLOC	CEL_HEAP_ALLOC
_wcepb_CEL_HEAP_CREATE	CEL_HEAP_CREATE
_wcepb_CEL_HEAP_DESTROY	CEL_HEAP_DESTROY
_wcepb_CEL_HEAP_FREE	CEL_HEAP_FREE
_wcepb_CEL_HEAP_REALLOC	CEL_HEAP_REALLOC
_wcepb_CEL_INTERRUPTS	CEL_INTERRUPTS
_wcepb_CEL_INT_DATA	CEL_INT_DATA
_wcepb_CEL_LOG_MARKER	CEL_LOG_MARKER
_wcepb_CEL_MODULE_FREE	CEL_MODULE_FREE
_wcepb_CEL_MODULE_LOAD	CEL_MODULE_LOAD
_wcepb_CEL_MUTEX_CLOSE	CEL_MUTEX_CLOSE
_wcepb_CEL_MUTEX_CREATE	CEL_MUTEX_CREATE
_wcepb_CEL_MUTEX_DELETE	CEL_MUTEX_DELETE
_wcepb_CEL_MUTEX_RELEASE	CEL_MUTEX_RELEASE
_wcepb_CEL_PROCESS_CLOSE	CEL_PROCESS_CLOSE
_wcepb_CEL_PROCESS_CREATE	CEL_PROCESS_CREATE
_wcepb_CEL_PROCESS_DELETE	CEL_PROCESS_DELETE
_wcepb_CEL_PROCESS_TERMINATE	CEL_PROCESS_TERMINATE
_wcepb_CEL_SEM_CLOSE	CEL_SEM_CLOSE
_wcepb_CEL_SEM_CREATE	CEL_SEM_CREATE
_wcepb_CEL_SEM_DELETE	CEL_SEM_DELETE
_wcepb_CEL_SEM_RELEASE	CEL_SEM_RELEASE
_wcepb_CEL_SLEEP	CEL_SLEEP
_wcepb_CEL_SYSTEM_INVERT	CEL_SYSTEM_INVERT
_wcepb_CEL_SYSTEM_PAGE	CEL_SYSTEM_PAGE
_wcepb_CEL_SYSTEM_TLB	CEL_SYSTEM_TLB
_wcepb_CEL_THREAD_CLOSE	CEL_THREAD_CLOSE
_wcepb_CEL_THREAD_CREATE	CEL_THREAD_CREATE
_wcepb_CEL_THREAD_DELETE	CEL_THREAD_DELETE
_wcepb_CEL_THREAD_MIGRATE	CEL_THREAD_MIGRATE
_wcepb_CEL_THREAD_PRIORITY	CEL_THREAD_PRIORITY
_wcepb_CEL_THREAD_QUANTUM	CEL_THREAD_QUANTUM
_wcepb_CEL_THREAD_RESUME	CEL_THREAD_RESUME
_wcepb_CEL_THREAD_SUSPEND	CEL_THREAD_SUSPEND
_wcepb_CEL_THREAD_SWITCH	CEL_THREAD_SWITCH
_wcepb_CEL_THREAD_TERMINATE	CEL_THREAD_TERMINATE
_wcepb_CEL_VIRTUAL_ALLOC	CEL_VIRTUAL_ALLOC
_wcepb_CEL_VIRTUAL_COPY	CEL_VIRTUAL_COPY
_wcepb_CEL_VIRTUAL_FREE	CEL_VIRTUAL_FREE
_wcepb_CEL_WAIT_MULTI	CEL_WAIT_MULTI
_wcepb_CEProcessorType	CEProcessorType
_wcepb_CacheErrorHandler	CacheErrorHandler
_wcepb_CacheSync	CacheSync
_wcepb_CeChangeDatabaseLCID	CeChangeDatabaseLCID
_wcepb_CeLogData	CeLogData
_wcepb_CeLogInit	CeLogInit
_wcepb_CeLogInterrupt	CeLogInterrupt
_wcepb_CeLogReSync	CeLogReSync
_wcepb_CeLogSetZones	CeLogSetZones
_wcepb_CeLogThreadMigrate	CeLogThreadMigrate
_wcepb_CeNotifyPrivate_ClearUserAlarm	CeNotifyPrivate_ClearUserAlarm
_wcepb_CeNotifyPrivate_DeleteNotification	CeNotifyPrivate_DeleteNotification
_wcepb_CeNotifyPrivate_FilterType	CeNotifyPrivate_FilterType
_wcepb_CeNotifyPrivate_Lock	CeNotifyPrivate_Lock
_wcepb_CeNotifyPrivate_Reschedule	CeNotifyPrivate_Reschedule
_wcepb_CeNotifyPrivate_SetUserAlarm	CeNotifyPrivate_SetUserAlarm
_wcepb_CeNotifyPrivate_TranslateOID	CeNotifyPrivate_TranslateOID
_wcepb_CeNotifyPrivate_Unlock	CeNotifyPrivate_Unlock
_wcepb_CeNotifyPublic_DisposeOfPacket	CeNotifyPublic_DisposeOfPacket
_wcepb_CeNotifyPublic_FilterEvent	CeNotifyPublic_FilterEvent
_wcepb_CeNotifyPublic_FilterUserNotification	CeNotifyPublic_FilterUserNotification
_wcepb_CeNotifyPublic_Initialize	CeNotifyPublic_Initialize
_wcepb_CeNotifyPublic_NewPacket	CeNotifyPublic_NewPacket
_wcepb_CeNotifyPublic_PresentSettingsBox	CeNotifyPublic_PresentSettingsBox
_wcepb_CeNotifyPublic_UIWndProc	CeNotifyPublic_UIWndProc
_wcepb_CeNotifyPublic_UserAlarmSignalled	CeNotifyPublic_UserAlarmSignalled
_wcepb_CertifyModule	CertifyModule
_wcepb_CertifyModuleFinal	CertifyModuleFinal
_wcepb_CertifyModuleInit	CertifyModuleInit
_wcepb_Certifying_an_Application	Certifying an Application
_wcepb_CheckPassword	CheckPassword
_wcepb_Common_Controls	Common Controls
_wcepb_Common_Dialog_Boxes	Common Dialog Boxes
_wcepb_ConnectionDialog	ConnectionDialog
_wcepb_Control_Panel_Components	Control Panel Components
_wcepb_Controlling_the_On_to_Suspend_Power_State	Controlling the On-to-Suspend Power State
_wcepb_CreateHandler	CreateHandler
_wcepb_CreateTicket	CreateTicket
_wcepb_Creating_a_Custom_Shell	Creating a Custom Shell
_wcepb_Creating_a_Signature	Creating a Signature
_wcepb_Creating_a_Trusted_Environment	Creating a Trusted Environment
_wcepb_CurMSec	CurMSec
_wcepb_Customizing_Notification_Events	Customizing Notification Events
_wcepb_DEBUGCHK	DEBUGCHK
_wcepb_DEBUGLED	DEBUGLED
_wcepb_DEBUGMSG	DEBUGMSG
_wcepb_DEBUGREGISTER	DEBUGREGISTER
_wcepb_DEBUGZONE	DEBUGZONE
_wcepb_DEVICE_ID	DEVICE_ID
_wcepb_DataHandler	DataHandler
_wcepb_Debug_Messages_for_the_Notification_Subsystem	Debug Messages for the Notification Subsystem
_wcepb_DeleteHandler	DeleteHandler
_wcepb_DeleteTicket	DeleteTicket
_wcepb_DiffMSec	DiffMSec
_wcepb_DisassociateSession	DisassociateSession
_wcepb_DisconnectDialog	DisconnectDialog
_wcepb_EDBG_ADAPTER	EDBG_ADAPTER
_wcepb_EDBG_ADDR	EDBG_ADDR
_wcepb_EDBG_BOOTME_DATA	EDBG_BOOTME_DATA
_wcepb_EDBG_BOOT_CALLBACK_FUNC	EDBG_BOOT_CALLBACK_FUNC
_wcepb_ERRORMSG	ERRORMSG
_wcepb_EdbgCancelRegisterClient	EdbgCancelRegisterClient
_wcepb_EdbgDeregisterBootCallback	EdbgDeregisterBootCallback
_wcepb_EdbgDeregisterClient	EdbgDeregisterClient
_wcepb_EdbgGetDeviceInfo	EdbgGetDeviceInfo
_wcepb_EdbgInit	EdbgInit
_wcepb_EdbgOutputDebugString	EdbgOutputDebugString
_wcepb_EdbgRecv	EdbgRecv
_wcepb_EdbgRegisterBootCallback	EdbgRegisterBootCallback
_wcepb_EdbgRegisterClient_Development_Workstation_	EdbgRegisterClient (Development Workstation)
_wcepb_EdbgRegisterClient_Target_Device_	EdbgRegisterClient (Target Device)
_wcepb_EdbgResetDevice	EdbgResetDevice
_wcepb_EdbgSend	EdbgSend
_wcepb_EdbgSendUDP	EdbgSendUDP
_wcepb_EdbgSetDebug_Development_Workstation_	EdbgSetDebug (Development Workstation)
_wcepb_EdbgSetDebug_Target_Device_	EdbgSetDebug (Target Device)
_wcepb_EditSession	EditSession
_wcepb_EditorDeregister	EditorDeregister
_wcepb_EditorInitialize	EditorInitialize
_wcepb_Enabling_Shell_Callback_Functions	Enabling Shell Callback Functions
_wcepb_Enabling_a_Backlight	Enabling a Backlight
_wcepb_FATUIDATA	FATUIDATA
_wcepb_FATUIEvent	FATUIEvent
_wcepb_ForcePageout	ForcePageout
_wcepb_GETDRIVERNAMEPARMS	GETDRIVERNAMEPARMS
_wcepb_Generating_Notifications	Generating Notifications
_wcepb_GetCurrentPermissions	GetCurrentPermissions
_wcepb_GetDriverName	GetDriverName
_wcepb_GetEPC	GetEPC
_wcepb_GetIPAddress	GetIPAddress
_wcepb_GetIdleTime	GetIdleTime
_wcepb_GetNetString	GetNetString
_wcepb_GetOwnerProcess	GetOwnerProcess
_wcepb_GetPasswordActive	GetPasswordActive
_wcepb_GetResourcePassword	GetResourcePassword
_wcepb_GetSystemMemoryDivision	GetSystemMemoryDivision
_wcepb_GetTickCount	GetTickCount
_wcepb_GetUsernamePassword	GetUsernamePassword
_wcepb_HalGetBusData	HalGetBusData
_wcepb_HalGetBusDataByOffset	HalGetBusDataByOffset
_wcepb_HalSetBusData	HalSetBusData
_wcepb_HalSetBusDataByOffset	HalSetBusDataByOffset
_wcepb_HalTranslateBusAddress	HalTranslateBusAddress
_wcepb_Hiding_System_Sound_Events	Hiding System Sound Events
_wcepb_HookInterrupt	HookInterrupt
_wcepb_ILTIMING_MESSAGE	ILTIMING_MESSAGE
_wcepb_IMAGE_DATA_DIRECTORY	IMAGE_DATA_DIRECTORY
_wcepb_INTERRUPTS_OFF	INTERRUPTS_OFF
_wcepb_INTERRUPTS_ON	INTERRUPTS_ON
_wcepb_IOCTL_COLLECTOR_REGISTER	IOCTL_COLLECTOR_REGISTER
_wcepb_IOCTL_COLLECTOR_SEND	IOCTL_COLLECTOR_SEND
_wcepb_IOCTL_COLLECTOR_UNREGISTER	IOCTL_COLLECTOR_UNREGISTER
_wcepb_IOCTL_CONSOLE_SETCONTROLCHANDLER	IOCTL_CONSOLE_SETCONTROLCHANDLER
_wcepb_IOCTL_DISK_FORMAT_VOLUME	IOCTL_DISK_FORMAT_VOLUME
_wcepb_IOCTL_DISK_SCAN_VOLUME	IOCTL_DISK_SCAN_VOLUME
_wcepb_IOCTL_EDBG_DEREGISTER_CLIENT	IOCTL_EDBG_DEREGISTER_CLIENT
_wcepb_IOCTL_EDBG_RECV	IOCTL_EDBG_RECV
_wcepb_IOCTL_EDBG_REGISTER_CLIENT	IOCTL_EDBG_REGISTER_CLIENT
_wcepb_IOCTL_EDBG_SEND	IOCTL_EDBG_SEND
_wcepb_IOCTL_EDBG_SET_DEBUG	IOCTL_EDBG_SET_DEBUG
_wcepb_IOCTL_HAL_GET_DEVICEID	IOCTL_HAL_GET_DEVICEID
_wcepb_IOCTL_HAL_GET_DEVICE_INFO	IOCTL_HAL_GET_DEVICE_INFO
_wcepb_IOCTL_HAL_GET_IP_ADDR	IOCTL_HAL_GET_IP_ADDR
_wcepb_IOCTL_HAL_GET_UUID	IOCTL_HAL_GET_UUID
_wcepb_IOCTL_HAL_ILTIMING	IOCTL_HAL_ILTIMING
_wcepb_IOCTL_HAL_INIT_RTC	IOCTL_HAL_INIT_RTC
_wcepb_IOCTL_HAL_REBOOT	IOCTL_HAL_REBOOT
_wcepb_IOCTL_PROCESSOR_INFORMATION	IOCTL_PROCESSOR_INFORMATION
_wcepb_IOCTL_QUERY_PHYSICALMEM	IOCTL_QUERY_PHYSICALMEM
_wcepb_IOCTL_SET_KERNEL_COMM_DEV	IOCTL_SET_KERNEL_COMM_DEV
_wcepb_IPRcvBuf	IPRcvBuf
_wcepb_IP_NAT_DIRECTION	IP_NAT_DIRECTION
_wcepb_IP_NAT_REGISTER_EDITOR	IP_NAT_REGISTER_EDITOR
_wcepb_IP_NAT_SESSION_MAPPING_STATISTICS	IP_NAT_SESSION_MAPPING_STATISTICS
_wcepb_Implementing_Notifications	Implementing Notifications
_wcepb_Implementing_Progressive_Alarms	Implementing Progressive Alarms
_wcepb_Implementing_a_Critical_to_Off_Interrupt	Implementing a Critical-to-Off Interrupt
_wcepb_Implementing_the_Notification_UI	Implementing the Notification UI
_wcepb_Including_a_Command_Processor	Including a Command Processor
_wcepb_Including_a_Handheld_PC_Style_Shell	Including a Handheld PC Style Shell
_wcepb_Including_the_Sample_Shell	Including the Sample Shell
_wcepb_InitPubKey	InitPubKey
_wcepb_Installing_a_Custom_Shell	Installing a Custom Shell
_wcepb_InterruptDisable	InterruptDisable
_wcepb_InterruptDone	InterruptDone
_wcepb_InterruptInitialize	InterruptInitialize
_wcepb_IntrPrio	IntrPrio
_wcepb_Ioctl_Register_DataCollector	Ioctl_Register_DataCollector
_wcepb_Ioctl_Send_DataCollector	Ioctl_Send_DataCollector
_wcepb_Ioctl_Unregister_DataCollector	Ioctl_Unregister_DataCollector
_wcepb_IsAPIReady	IsAPIReady
_wcepb_KCompareFileTime	KCompareFileTime
_wcepb_KD_BPINFO	KD_BPINFO
_wcepb_KD_IOCTL_CLEAR_CBP	KD_IOCTL_CLEAR_CBP
_wcepb_KD_IOCTL_CLEAR_DBP	KD_IOCTL_CLEAR_DBP
_wcepb_KD_IOCTL_ENUM_CBP	KD_IOCTL_ENUM_CBP
_wcepb_KD_IOCTL_ENUM_DBP	KD_IOCTL_ENUM_DBP
_wcepb_KD_IOCTL_QUERY_CBP	KD_IOCTL_QUERY_CBP
_wcepb_KD_IOCTL_QUERY_DBP	KD_IOCTL_QUERY_DBP
_wcepb_KD_IOCTL_REBOOT	KD_IOCTL_REBOOT
_wcepb_KD_IOCTL_SET_CBP	KD_IOCTL_SET_CBP
_wcepb_KD_IOCTL_SET_DBP	KD_IOCTL_SET_DBP
_wcepb_KFileTimeToSystemTime	KFileTimeToSystemTime
_wcepb_KSystemTimeToFileTime	KSystemTimeToFileTime
_wcepb_KernelIoControl	KernelIoControl
_wcepb_LINECONFIGDATA	LINECONFIGDATA
_wcepb_LineConfigEdit	LineConfigEdit
_wcepb_LineTranslateDialog	LineTranslateDialog
_wcepb_LoadDriver	LoadDriver
_wcepb_LockPages	LockPages
_wcepb_LogProcessCreate	LogProcessCreate
_wcepb_LogProcessDelete	LogProcessDelete
_wcepb_LogThreadCreate	LogThreadCreate
_wcepb_LogThreadDelete	LogThreadDelete
_wcepb_LogThreadSwitch	LogThreadSwitch
_wcepb_MainMemoryEndAddress	MainMemoryEndAddress
_wcepb_Managing_Power	Managing Power
_wcepb_MapPtrToProcess	MapPtrToProcess
_wcepb_MmMapIoSpace	MmMapIoSpace
_wcepb_MmUnmapIoSpace	MmUnmapIoSpace
_wcepb_NETUI_RESPWD	NETUI_RESPWD
_wcepb_NETUI_USERPWD	NETUI_USERPWD
_wcepb_NetMsgBox	NetMsgBox
_wcepb_Notification_Interaction_with_a_Shell	Notification Interaction with a Shell
_wcepb_Notification_Messages_and_Message_Buffers	Notification Messages and Message Buffers
_wcepb_NotifyPacket	NotifyPacket
_wcepb_NotifyWinUserSystem	NotifyWinUserSystem
_wcepb_OEMARMCacheMode	OEMARMCacheMode
_wcepb_OEMCertifyModule	OEMCertifyModule
_wcepb_OEMCertifyModuleInit	OEMCertifyModuleInit
_wcepb_OEMClearDebugCommError	OEMClearDebugCommError
_wcepb_OEMEthDisableInts	OEMEthDisableInts
_wcepb_OEMEthEnableInts	OEMEthEnableInts
_wcepb_OEMEthGetFrame	OEMEthGetFrame
_wcepb_OEMEthGetSecs	OEMEthGetSecs
_wcepb_OEMEthISR	OEMEthISR
_wcepb_OEMEthInit	OEMEthInit
_wcepb_OEMEthQueryClientInfo	OEMEthQueryClientInfo
_wcepb_OEMEthSendFrame	OEMEthSendFrame
_wcepb_OEMExtraCCR	OEMExtraCCR
_wcepb_OEMFlushCache	OEMFlushCache
_wcepb_OEMGetExtensionDRAM	OEMGetExtensionDRAM
_wcepb_OEMGetRealTime	OEMGetRealTime
_wcepb_OEMIdle	OEMIdle
_wcepb_OEMInit	OEMInit
_wcepb_OEMInitDebugSerial	OEMInitDebugSerial
_wcepb_OEMInitPageTable	OEMInitPageTable
_wcepb_OEMInterruptDisable	OEMInterruptDisable
_wcepb_OEMInterruptDone	OEMInterruptDone
_wcepb_OEMInterruptEnable	OEMInterruptEnable
_wcepb_OEMInterruptHandler	OEMInterruptHandler
_wcepb_OEMInterruptHandlerFIQ	OEMInterruptHandlerFIQ
_wcepb_OEMIoControl	OEMIoControl
_wcepb_OEMKDIoControl	OEMKDIoControl
_wcepb_OEMMemoryMap	OEMMemoryMap
_wcepb_OEMNMIHandler	OEMNMIHandler
_wcepb_OEMParallelPortGetByte	OEMParallelPortGetByte
_wcepb_OEMParallelPortGetStatus	OEMParallelPortGetStatus
_wcepb_OEMParallelPortSendByte	OEMParallelPortSendByte
_wcepb_OEMPowerOff	OEMPowerOff
_wcepb_OEMProfileTimerDisable	OEMProfileTimerDisable
_wcepb_OEMProfileTimerEnable	OEMProfileTimerEnable
_wcepb_OEMReadDebugByte	OEMReadDebugByte
_wcepb_OEMSetAlarmTime	OEMSetAlarmTime
_wcepb_OEMSetRealTime	OEMSetRealTime
_wcepb_OEMWriteDebugByte	OEMWriteDebugByte
_wcepb_OEMWriteDebugLED	OEMWriteDebugLED
_wcepb_OEMWriteDebugString	OEMWriteDebugString
_wcepb_OomUICallback_CloseWindow	OomUICallback_CloseWindow
_wcepb_OomUICallback_IsCritical	OomUICallback_IsCritical
_wcepb_OomUICallback_NonClientPaint	OomUICallback_NonClientPaint
_wcepb_OomUI_CreateNotRespondingWindow	OomUI_CreateNotRespondingWindow
_wcepb_OomUI_CreateOomWindow	OomUI_CreateOomWindow
_wcepb_OomUI_FShowOomWindow	OomUI_FShowOomWindow
_wcepb_OomUI_Initialize	OomUI_Initialize
_wcepb_OomUI_NotRespondingWndProc	OomUI_NotRespondingWndProc
_wcepb_OomUI_OnShow	OomUI_OnShow
_wcepb_OomUI_OomWndProc	OomUI_OomWndProc
_wcepb_OomUI_SetWindowsInfo	OomUI_SetWindowsInfo
_wcepb_PHYSICAL_BASIC_INFORMATION	PHYSICAL_BASIC_INFORMATION
_wcepb_PROCESSOR_INFO	PROCESSOR_INFO
_wcepb_Packet_Filter	Packet Filter
_wcepb_PerfCountSinceTick	PerfCountSinceTick
_wcepb_PersistentPacket	PersistentPacket
_wcepb_ProfileStart	ProfileStart
_wcepb_ProfileStop	ProfileStop
_wcepb_ProfilerHit	ProfilerHit
_wcepb_Protected_Registry_Keys_and_Values	Protected Registry Keys and Values
_wcepb_QueryInfoSession	QueryInfoSession
_wcepb_QueryPerformanceCounter	QueryPerformanceCounter
_wcepb_QueryPerformanceFrequency	QueryPerformanceFrequency
_wcepb_READ_PORT_BUFFER_UCHAR	READ_PORT_BUFFER_UCHAR
_wcepb_READ_PORT_BUFFER_ULONG	READ_PORT_BUFFER_ULONG
_wcepb_READ_PORT_BUFFER_USHORT	READ_PORT_BUFFER_USHORT
_wcepb_READ_PORT_UCHAR	READ_PORT_UCHAR
_wcepb_READ_PORT_ULONG	READ_PORT_ULONG
_wcepb_READ_PORT_USHORT	READ_PORT_USHORT
_wcepb_READ_REGISTER_BUFFER_UCHAR	READ_REGISTER_BUFFER_UCHAR
_wcepb_READ_REGISTER_BUFFER_ULONG	READ_REGISTER_BUFFER_ULONG
_wcepb_READ_REGISTER_BUFFER_USHORT	READ_REGISTER_BUFFER_USHORT
_wcepb_READ_REGISTER_UCHAR	READ_REGISTER_UCHAR
_wcepb_READ_REGISTER_ULONG	READ_REGISTER_ULONG
_wcepb_READ_REGISTER_USHORT	READ_REGISTER_USHORT
_wcepb_RETAILMSG	RETAILMSG
_wcepb_ReadRegistryFromOEM	ReadRegistryFromOEM
_wcepb_RegCopyFile	RegCopyFile
_wcepb_RegRestoreFile	RegRestoreFile
_wcepb_RegisterEditor	RegisterEditor
_wcepb_RegisterTaskBar	RegisterTaskBar
_wcepb_SHx_Variables	SHx Variables
_wcepb_SYSTEM_POWER_STATUS_EX2	SYSTEM_POWER_STATUS_EX2
_wcepb_SchedLogGetProcessName	SchedLogGetProcessName
_wcepb_SchedLogGetThreadProgramCounter	SchedLogGetThreadProgramCounter
_wcepb_SchedLogTranslate	SchedLogTranslate
_wcepb_Securing_a_Platform	Securing a Platform
_wcepb_SetCleanRebootFlag	SetCleanRebootFlag
_wcepb_SetInterruptEvent	SetInterruptEvent
_wcepb_SetKMode	SetKMode
_wcepb_SetKernelCommDev	SetKernelCommDev
_wcepb_SetOOMEvent	SetOOMEvent
_wcepb_SetPassword	SetPassword
_wcepb_SetPasswordActive	SetPasswordActive
_wcepb_SetProcPermissions	SetProcPermissions
_wcepb_SetStoreQueueBase	SetStoreQueueBase
_wcepb_SetSystemMemoryDivision	SetSystemMemoryDivision
_wcepb_Setting_Regional_Preferences	Setting Regional Preferences
_wcepb_SettingsDialogData	SettingsDialogData
_wcepb_Shell_Components	Shell Components
_wcepb_SignalStarted	SignalStarted
_wcepb_Signfileexe	Signfile.exe
_wcepb_Startup_DestroyDialogCallback	Startup_DestroyDialogCallback
_wcepb_Startup_DlgProc	Startup_DlgProc
_wcepb_Startup_Initialize	Startup_Initialize
_wcepb_Startup_PowerOffWhileStartupActiveNotification	Startup_PowerOffWhileStartupActiveNotification
_wcepb_Startup_PowerOnNotification	Startup_PowerOnNotification
_wcepb_Startup_WantStartupScreen	Startup_WantStartupScreen
_wcepb_Supporting_Notifications_on_Your_Platform	Supporting Notifications on Your Platform
_wcepb_System_Events_Database	System Events Database
_wcepb_TimeoutSession	TimeoutSession
_wcepb_Timer_Events_Database	Timer Events Database
_wcepb_TouchCalibrateUI_Done	TouchCalibrateUI_Done
_wcepb_TouchCalibrateUI_DrawConfirmationScreen	TouchCalibrateUI_DrawConfirmationScreen
_wcepb_TouchCalibrateUI_DrawMainScreen	TouchCalibrateUI_DrawMainScreen
_wcepb_TouchCalibrateUI_HandleUserInputMessage	TouchCalibrateUI_HandleUserInputMessage
_wcepb_TouchCalibrateUI_Initialize	TouchCalibrateUI_Initialize
_wcepb_TouchCalibrateUI_WaitForConfirmation	TouchCalibrateUI_WaitForConfirmation
_wcepb_Transitioning_Between_Power_States	Transitioning Between Power States
_wcepb_Two_and_Four_Digit_Dates_in_Windows_CE	Two-Digit and Four-Digit Dates in Windows CE
_wcepb_UIPARAM	UIPARAM
_wcepb_UnMapPtr	UnMapPtr
_wcepb_UnhookInterrupt	UnhookInterrupt
_wcepb_UnlockPages	UnlockPages
_wcepb_Using_the_Base_Notification_Engine	Using the Base Notification Engine
_wcepb_Verifying_a_Signature	Verifying a Signature
_wcepb_VirtualCopy	VirtualCopy
_wcepb_VirtualSetPageFlags	VirtualSetPageFlags
_wcepb_WINDOWINFO	WINDOWINFO
_wcepb_WIN_CERTIFICATE	WIN_CERTIFICATE
_wcepb_WRITE_PORT_BUFFER_UCHAR	WRITE_PORT_BUFFER_UCHAR
_wcepb_WRITE_PORT_BUFFER_ULONG	WRITE_PORT_BUFFER_ULONG
_wcepb_WRITE_PORT_BUFFER_USHORT	WRITE_PORT_BUFFER_USHORT
_wcepb_WRITE_PORT_UCHAR	WRITE_PORT_UCHAR
_wcepb_WRITE_PORT_ULONG	WRITE_PORT_ULONG
_wcepb_WRITE_PORT_USHORT	WRITE_PORT_USHORT
_wcepb_WRITE_REGISTER_BUFFER_UCHAR	WRITE_REGISTER_BUFFER_UCHAR
_wcepb_WRITE_REGISTER_BUFFER_ULONG	WRITE_REGISTER_BUFFER_ULONG
_wcepb_WRITE_REGISTER_BUFFER_USHORT	WRITE_REGISTER_BUFFER_USHORT
_wcepb_WRITE_REGISTER_UCHAR	WRITE_REGISTER_UCHAR
_wcepb_WRITE_REGISTER_ULONG	WRITE_REGISTER_ULONG
_wcepb_WRITE_REGISTER_USHORT	WRITE_REGISTER_USHORT
_wcepb_Windows_CE_for_OEMs	Windows CE for OEMs
_wcepb_WriteRegistryToOEM	WriteRegistryToOEM
_wcepb__SH3CacheLines	_SH3CacheLines
_wcepb__SH3DSP	_SH3DSP
_wcepb__SH3FQCR_Fast	_SH3FQCR_Fast
_wcepb__SH3FQCR_Slow	_SH3FQCR_Slow
_wcepb__SH3InitialSR	_SH3InitialSR
_wcepb__SH4CacheLines	_SH4CacheLines
_wcepb_curridlehigh	curridlehigh
_wcepb_curridlelow	curridlelow
_wcepb_dwCeLogFlushTimeout	dwCeLogFlushTimeout
_wcepb_dwCeLogLargeBuf	dwCeLogLargeBuf
_wcepb_dwCeLogSmallBuf	dwCeLogSmallBuf
_wcepb_dwCeLogTLBMiss	dwCeLogTLBMiss
_wcepb_dwPartialDiffMSec	dwPartialDiffMSec
_wcepb_dwPreempt	dwPreempt
_wcepb_dwSleepMin	dwSleepMin
_wcepb_fUseIterations	fUseIterations
_wcepb_g_fShellAPI	g_fShellAPI
_wcepb_idleconv	idleconv
_wcepb_lpParallelPortGetByteFunc	lpParallelPortGetByteFunc
_wcepb_lpParallelPortSendByteFunc	lpParallelPortSendByteFunc
_wcepb_lpReadDebugByteFunc	lpReadDebugByteFunc
_wcepb_lpWriteDebugByteFunc	lpWriteDebugByteFunc
_wcepb_lpWriteDebugStringFunc	lpWriteDebugStringFunc
_wcepb_nCeLogThreadPrio	nCeLogThreadPrio
_wcepb_pIoctl_Register_DataCollector	pIoctl_Register_DataCollector
_wcepb_pIoctl_Send_DataCollector	pIoctl_Send_DataCollector
_wcepb_pLogProcessCreate	pLogProcessCreate
_wcepb_pLogProcessDelete	pLogProcessDelete
_wcepb_pLogThreadCreate	pLogThreadCreate
_wcepb_pLogThreadDelete	pLogThreadDelete
_wcepb_pLogThreadSwitch	pLogThreadSwitch
_wcepb_pOEMCertifyModule	pOEMCertifyModule
_wcepb_pOEMCertifyModuleInit	pOEMCertifyModuleInit
_wcepb_pQueryPerformanceCounter	pQueryPerformanceCounter
_wcepb_pQueryPerformanceFrequency	pQueryPerformanceFrequency
_wcepb_pReadRegistryFromOEM	pReadRegistryFromOEM
_wcepb_pWriteRegistryToOEM	pWriteRegistryToOEM
_wcepb_ticksleft	ticksleft
_wcepb_waveui_AcmDlgProc	waveui_AcmDlgProc
_wcepb_waveui_AfterDialogBox	waveui_AfterDialogBox
_wcepb_waveui_BeforeDialogBox	waveui_BeforeDialogBox
_wcepb_waveui_DeInit	waveui_DeInit
_wcepb_waveui_Init	waveui_Init
_wcesdk_25_Pin_Connectors	25-Pin Connectors
_wcesdk_9_Pin_Connectors	9-Pin Connectors
_wcesdk_API_Considerations	API Considerations
_wcesdk_About_Registry_Security	About Registry Security
_wcesdk_About_the_User_Interface_Code_Samples	About the User Interface Code Samples (Windows CE 3.0 User Interface Services)
_wcesdk_Accessing_Files_on_Other_Storage_Media	Accessing Files on Other Storage Media
_wcesdk_Accessing_Remote_File_Systems	Accessing Remote File Systems
_wcesdk_Accessing_a_Smart_Card	Accessing a Smart Card
_wcesdk_Accessing_the_Internet_Using_a_Modem	Accessing the Internet Using a Modem
_wcesdk_ActivateDevice	ActivateDevice
_wcesdk_ActiveSync	ActiveSync
_wcesdk_AddReg	AddReg
_wcesdk_Adding_Callback_Items_and_Callback_Masks	Adding Callback Items and Callback Masks (Windows CE 3.0 User Interface Services)
_wcesdk_Adding_Columns	Adding Columns (Windows CE 3.0 User Interface Services)
_wcesdk_Adding_Content_to_a_Help_File	Adding Content to a Help File
_wcesdk_Adding_Custom_Menus_to_Windows_CE_Explorer	Adding Custom Menus to Windows CE Explorer
_wcesdk_Adding_Header_Control_Items	Adding Header Control Items (Windows CE 3.0 User Interface Services)
_wcesdk_Adding_Help_to_an_Application	Adding Help to an Application
_wcesdk_Adding_Items_and_Subitems	Adding Items and Subitems (Windows CE 3.0 User Interface Services)
_wcesdk_Adding_Programs_to_and_Removing_Programs_from_a_Device	Adding Programs to and Removing Programs from a Device
_wcesdk_Adding_Support_for_a_Hot_Key	Adding Support for a Hot Key (Windows CE 3.0 User Interface Services)
_wcesdk_Adding_Tab_Stops_and_Margins	Adding Tab Stops and Margins (Windows CE 3.0 User Interface Services)
_wcesdk_Adding_Text_to_the_Status_Bar	Adding Text to the Status Bar (Windows CE 3.0 User Interface Services)
_wcesdk_Adding_a_Help_File_to_the_All_Topics_List	Adding a Help File to the All Topics List
_wcesdk_Adding_an_Entry_to_the_IP_Forward_Table	Adding an Entry to the IP Forward Table
_wcesdk_Adding_an_Image_List_to_a_Tab_Control	Adding an Image List to a Tab Control (Windows CE 3.0 User Interface Services)
_wcesdk_Adding_and_Editing_Item_Labels	Adding and Editing Item Labels (Windows CE 3.0 User Interface Services)
_wcesdk_Additional_DHCP_Settings	Additional DHCP Settings
_wcesdk_Address_Resolution_Protocol__ARP_	Address Resolution Protocol (ARP)
_wcesdk_Address_Translation	Address Translation
_wcesdk_Address_Translation_Group	Address Translation Group
_wcesdk_Adhering_to_International_Conventions	Adhering to International Conventions
_wcesdk_Administering_CryptoAPI	Administering CryptoAPI
_wcesdk_Allocating_Memory	Allocating Memory
_wcesdk_Application_Defined_Dialog_Boxes	Application-Defined Dialog Boxes (Windows CE 3.0 User Interface Services)
_wcesdk_Application_Design_Guidelines	Application Design Guidelines
_wcesdk_Architectural_Model	Architectural Model
_wcesdk_Arranging_Sorting_and_Finding_List_Views	Arranging, Sorting, and Finding List Views (Windows CE 3.0 User Interface Services)
_wcesdk_Assigning_an_IP_Address_to_a_Device	Assigning an IP Address to a Device
_wcesdk_Asynchronous_Operations	Asynchronous Operations
_wcesdk_Authenticating_a_Connection	Authenticating a Connection
_wcesdk_Auto_Dial	Auto Dial
_wcesdk_Automatic_Client_Configuration	Automatic Client Configuration
_wcesdk_Backing_Up_and_Restoring_Device_Data	Backing Up and Restoring Device Data
_wcesdk_Basic_Design_Considerations	Basic Programming Considerations
_wcesdk_Between_the_Data-Link_Layer_and_Network_and_Transport_Layers	Between the Data-Link Layer and Network and Transport Layers
_wcesdk_Between_the_Network_and_Transport_Layers_and_Session_Layer	Between the Network and Transport Layers and Session Layer
_wcesdk_Built_in_Network_Adapters	Built-in Network Adapters
_wcesdk_CALL	CALL
_wcesdk_CALLCONV	CALLCONV
_wcesdk_CEDBASEINFO	CEDBASEINFO
_wcesdk_CEDB_FIND_DATA	CEDB_FIND_DATA
_wcesdk_CEDIRINFO	CEDIRINFO
_wcesdk_CEDevice	CEDevice
_wcesdk_CEFILEINFO	CEFILEINFO
_wcesdk_CENOTIFICATION	CENOTIFICATION
_wcesdk_CENOTIFYREQUEST	CENOTIFYREQUEST
_wcesdk_CEOIDINFO	CEOIDINFO
_wcesdk_CEOSVERSIONINFO	CEOSVERSIONINFO
_wcesdk_CEPROPVAL	CEPROPVAL
_wcesdk_CERECORDINFO	CERECORDINFO
_wcesdk_CEShortcuts	CEShortcuts
_wcesdk_CEStrings	CEStrings
_wcesdk_CEUTIL_Functions	CEUTIL Functions
_wcesdk_CEVALUNION	CEVALUNION
_wcesdk_CE_FIND_DATA	CE_FIND_DATA
_wcesdk_CE_USER_NOTIFICATION	CE_USER_NOTIFICATION
_wcesdk_CFF_CONVERTINFO	CFF_CONVERTINFO
_wcesdk_CFF_CONVERTOPTIONS	CFF_CONVERTOPTIONS
_wcesdk_CFF_DESTINATIONFILE	CFF_DESTINATIONFILE
_wcesdk_CFF_SOURCEFILE	CFF_SOURCEFILE
_wcesdk_CHDIR	CHDIR
_wcesdk_CHECK_INVALIDGUID	CHECK_INVALIDGUID
_wcesdk_CHECK_SYSTEMGUID	CHECK_SYSTEMGUID
_wcesdk_COMMANDBANDSRESTOREINFO	COMMANDBANDSRESTOREINFO
_wcesdk_COM_CLSIDFromProgID	CLSIDFromProgID
_wcesdk_COM_CLSIDFromString	CLSIDFromString
_wcesdk_COM_CoCreateInstance	CoCreateInstance
_wcesdk_COM_CoFreeLibrary	CoFreeLibrary
_wcesdk_COM_CoFreeUnusedLibraries	CoFreeUnusedLibraries
_wcesdk_COM_CoGetClassObject	CoGetClassObject
_wcesdk_COM_CoInitializeEx	CoInitializeEx
_wcesdk_COM_CoLoadLibrary	CoLoadLibrary
_wcesdk_COM_CoTaskMemAlloc	CoTaskMemAlloc
_wcesdk_COM_CoTaskMemFree	CoTaskMemFree
_wcesdk_COM_CoTaskMemRealloc	CoTaskMemRealloc
_wcesdk_COM_CoUninitialize	CoUninitialize
_wcesdk_COM_CreateBindCtx	CreateBindCtx
_wcesdk_COM_CreateOleAdviseHolder	CreateOleAdviseHolder
_wcesdk_COM_GetClassFile	GetClassFile
_wcesdk_COM_GetErrorInfo	GetErrorInfo
_wcesdk_COM_Interface_based_Notification	COM Interface-based Notification
_wcesdk_COM_OleCreate	OleCreate
_wcesdk_COM_OleDraw	OleDraw
_wcesdk_COM_OleIsRunning	OleIsRunning
_wcesdk_COM_OleRun	OleRun
_wcesdk_COM_OleSave	OleSave
_wcesdk_COM_OleSetContainedObject	OleSetContainedObject
_wcesdk_COM_OleSetMenuDescriptor	OleSetMenuDescriptor
_wcesdk_COM_ReadClassStm	ReadClassStm
_wcesdk_COM_ReleaseStgMedium	ReleaseStgMedium
_wcesdk_COM_StgCreateDocfile	StgCreateDocfile
_wcesdk_COM_StgCreateDocfileOnILockBytes	StgCreateDocfileOnILockBytes
_wcesdk_COM_StgOpenStorage	StgOpenStorage
_wcesdk_COM_StgOpenStorageOnILockBytes	StgOpenStorageOnILockBytes
_wcesdk_COM_StringFromCLSID	StringFromCLSID
_wcesdk_COM_StringFromGUID2	StringFromGUID2
_wcesdk_COM_StringFromIID	StringFromIID
_wcesdk_COM_WriteClassStg	WriteClassStg
_wcesdk_COM_WriteClassStm	WriteClassStm
_wcesdk_CREATE_INVALIDGUID	CREATE_INVALIDGUID
_wcesdk_CREATE_SYSTEMGUID	CREATE_SYSTEMGUID
_wcesdk_CURRENCY	CURRENCY
_wcesdk_Calling_the_Windows_NT_LAN_Manager_Security_Support_Provider	Calling the Windows NT LAN Manager Security Support Provider
_wcesdk_CeCheckPassword_RAPI_	CeCheckPassword (RAPI)
_wcesdk_CeClearReplChangeBitsEx	CeClearReplChangeBitsEx
_wcesdk_CeClearUserNotification	CeClearUserNotification
_wcesdk_CeCloseHandle_RAPI_	CeCloseHandle (RAPI)
_wcesdk_CeCopyFile_RAPI_	CeCopyFile (RAPI)
_wcesdk_CeCreateDatabase	CeCreateDatabase
_wcesdk_CeCreateDatabaseEx	CeCreateDatabaseEx
_wcesdk_CeCreateDatabaseEx_RAPI_	CeCreateDatabaseEx (RAPI)
_wcesdk_CeCreateDatabase_RAPI_	CeCreateDatabase (RAPI)
_wcesdk_CeCreateDirectory_RAPI_	CeCreateDirectory (RAPI)
_wcesdk_CeCreateFile_RAPI_	CeCreateFile (RAPI)
_wcesdk_CeCreateProcess_RAPI_	CeCreateProcess (RAPI)
_wcesdk_CeDeleteDatabase	CeDeleteDatabase
_wcesdk_CeDeleteDatabaseEx	CeDeleteDatabaseEx
_wcesdk_CeDeleteDatabaseEx_RAPI_	CeDeleteDatabaseEx (RAPI)
_wcesdk_CeDeleteDatabase_RAPI_	CeDeleteDatabase (RAPI)
_wcesdk_CeDeleteFile_RAPI_	CeDeleteFile (RAPI)
_wcesdk_CeDeleteRecord	CeDeleteRecord
_wcesdk_CeDeleteRecord_RAPI_	CeDeleteRecord (RAPI)
_wcesdk_CeEnumDBVolumes	CeEnumDBVolumes
_wcesdk_CeEnumDBVolumes_RAPI_	CeEnumDBVolumes (RAPI)
_wcesdk_CeFindAllDatabases_RAPI_	CeFindAllDatabases (RAPI)
_wcesdk_CeFindAllFiles_RAPI_	CeFindAllFiles (RAPI)
_wcesdk_CeFindClose_RAPI_	CeFindClose (RAPI)
_wcesdk_CeFindFirstDatabase	CeFindFirstDatabase
_wcesdk_CeFindFirstDatabaseEx	CeFindFirstDatabaseEx
_wcesdk_CeFindFirstDatabaseEx_RAPI_	CeFindFirstDatabaseEx (RAPI)
_wcesdk_CeFindFirstDatabase_RAPI_	CeFindFirstDatabase (RAPI)
_wcesdk_CeFindFirstFile_RAPI_	CeFindFirstFile (RAPI)
_wcesdk_CeFindNextDatabase	CeFindNextDatabase
_wcesdk_CeFindNextDatabaseEx	CeFindNextDatabaseEx
_wcesdk_CeFindNextDatabaseEx_RAPI_	CeFindNextDatabaseEx (RAPI)
_wcesdk_CeFindNextDatabase_RAPI_	CeFindNextDatabase (RAPI)
_wcesdk_CeFindNextFile_RAPI_	CeFindNextFile (RAPI)
_wcesdk_CeFlushDBVol	CeFlushDBVol
_wcesdk_CeFreeNotification	CeFreeNotification
_wcesdk_CeGetClassName_RAPI_	CeGetClassName (RAPI)
_wcesdk_CeGetCurrentTrust	CeGetCurrentTrust
_wcesdk_CeGetDesktopDeviceCaps_RAPI_	CeGetDesktopDeviceCaps (RAPI)
_wcesdk_CeGetDeviceId	CeGetDeviceId
_wcesdk_CeGetFileAttributes_RAPI_	CeGetFileAttributes (RAPI)
_wcesdk_CeGetFileSize_RAPI_	CeGetFileSize (RAPI)
_wcesdk_CeGetFileTime_RAPI_	CeGetFileTime (RAPI)
_wcesdk_CeGetLastError_RAPI_	CeGetLastError (RAPI)
_wcesdk_CeGetReplChangeBitsEx	CeGetReplChangeBitsEx
_wcesdk_CeGetReplChangeMask	CeGetReplChangeMask
_wcesdk_CeGetReplOtherBitsEx	CeGetReplOtherBitsEx
_wcesdk_CeGetSelectedDeviceId	CeGetSelectedDeviceId
_wcesdk_CeGetSpecialFolderPath_RAPI_	CeGetSpecialFolderPath (RAPI)
_wcesdk_CeGetStoreInformation_RAPI_	CeGetStoreInformation (RAPI)
_wcesdk_CeGetSystemInfo_RAPI_	CeGetSystemInfo (RAPI)
_wcesdk_CeGetSystemPowerStatusEx_RAPI_	CeGetSystemPowerStatusEx (RAPI)
_wcesdk_CeGetTempPath_RAPI_	CeGetTempPath (RAPI)
_wcesdk_CeGetUserNotification	CeGetUserNotification
_wcesdk_CeGetUserNotificationHandles	CeGetUserNotificationHandles
_wcesdk_CeGetUserNotificationPreferences	CeGetUserNotificationPreferences
_wcesdk_CeGetVersionEx_RAPI_	CeGetVersionEx (RAPI)
_wcesdk_CeGetWindowLong_RAPI_	CeGetWindowLong (RAPI)
_wcesdk_CeGetWindowText_RAPI_	CeGetWindowText (RAPI)
_wcesdk_CeGetWindow_RAPI_	CeGetWindow (RAPI)
_wcesdk_CeGlobalMemoryStatus_RAPI_	CeGlobalMemoryStatus (RAPI)
_wcesdk_CeHandleAppNotifications	CeHandleAppNotifications
_wcesdk_CeMountDBVol	CeMountDBVol
_wcesdk_CeMountDBVol_RAPI_	CeMountDBVol (RAPI)
_wcesdk_CeMoveFile_RAPI_	CeMoveFile (RAPI)
_wcesdk_CeOidGetInfo	CeOidGetInfo
_wcesdk_CeOidGetInfoEx	CeOidGetInfoEx
_wcesdk_CeOidGetInfoEx_RAPI_	CeOidGetInfoEx (RAPI)
_wcesdk_CeOidGetInfo_RAPI_	CeOidGetInfo (RAPI)
_wcesdk_CeOpenDatabase	CeOpenDatabase
_wcesdk_CeOpenDatabaseEx	CeOpenDatabaseEx
_wcesdk_CeOpenDatabaseEx_RAPI_	CeOpenDatabaseEx (RAPI)
_wcesdk_CeOpenDatabase_RAPI_	CeOpenDatabase (RAPI)
_wcesdk_CePimCommand	CePimCommand
_wcesdk_CeRapiFreeBuffer	CeRapiFreeBuffer
_wcesdk_CeRapiGetError	CeRapiGetError
_wcesdk_CeRapiInit	CeRapiInit
_wcesdk_CeRapiInitEx	CeRapiInitEx
_wcesdk_CeRapiInvoke	CeRapiInvoke
_wcesdk_CeRapiUninit	CeRapiUninit
_wcesdk_CeReadFile_RAPI_	CeReadFile (RAPI)
_wcesdk_CeReadRecordProps	CeReadRecordProps
_wcesdk_CeReadRecordPropsEx	CeReadRecordPropsEx
_wcesdk_CeReadRecordPropsEx_RAPI_	CeReadRecordPropsEx (RAPI)
_wcesdk_CeReadRecordProps_RAPI_	CeReadRecordProps (RAPI)
_wcesdk_CeRegCloseKey_RAPI_	CeRegCloseKey (RAPI)
_wcesdk_CeRegCreateKeyEx_RAPI_	CeRegCreateKeyEx (RAPI)
_wcesdk_CeRegDeleteKey_RAPI_	CeRegDeleteKey (RAPI)
_wcesdk_CeRegDeleteValue_RAPI_	CeRegDeleteValue (RAPI)
_wcesdk_CeRegEnumKeyEx_RAPI_	CeRegEnumKeyEx (RAPI)
_wcesdk_CeRegEnumValue_RAPI_	CeRegEnumValue (RAPI)
_wcesdk_CeRegOpenKeyEx_RAPI_	CeRegOpenKeyEx (RAPI)
_wcesdk_CeRegQueryInfoKey_RAPI_	CeRegQueryInfoKey (RAPI)
_wcesdk_CeRegQueryValueEx_RAPI_	CeRegQueryValueEx (RAPI)
_wcesdk_CeRegSetValueEx_RAPI_	CeRegSetValueEx (RAPI)
_wcesdk_CeRegisterReplNotification	CeRegisterReplNotification
_wcesdk_CeRemoveDirectory_RAPI_	CeRemoveDirectory (RAPI)
_wcesdk_CeResyncFilesys	CeResyncFilesys
_wcesdk_CeRunAppAtEvent	CeRunAppAtEvent
_wcesdk_CeRunAppAtTime	CeRunAppAtTime
_wcesdk_CeSHCreateShortcut_RAPI_	CeSHCreateShortcut (RAPI)
_wcesdk_CeSHGetShortcutTarget_RAPI_	CeSHGetShortcutTarget (RAPI)
_wcesdk_CeSeekDatabase	CeSeekDatabase
_wcesdk_CeSeekDatabase_RAPI_	CeSeekDatabase (RAPI)
_wcesdk_CeSetDatabaseInfo	CeSetDatabaseInfo
_wcesdk_CeSetDatabaseInfoEx	CeSetDatabaseInfoEx
_wcesdk_CeSetDatabaseInfoEx_RAPI_	CeSetDatabaseInfoEx (RAPI)
_wcesdk_CeSetDatabaseInfo_RAPI_	CeSetDatabaseInfo (RAPI)
_wcesdk_CeSetEndOfFile_RAPI_	CeSetEndOfFile (RAPI)
_wcesdk_CeSetFileAttributes_RAPI_	CeSetFileAttributes (RAPI)
_wcesdk_CeSetFilePointer_RAPI_	CeSetFilePointer (RAPI)
_wcesdk_CeSetFileTime_RAPI_	CeSetFileTime (RAPI)
_wcesdk_CeSetReplChangeBitsEx	CeSetReplChangeBitsEx
_wcesdk_CeSetReplChangeMask	CeSetReplChangeMask
_wcesdk_CeSetReplOtherBitsEx	CeSetReplOtherBitsEx
_wcesdk_CeSetUserNotification	CeSetUserNotification
_wcesdk_CeSetUserNotificationEx	CeSetUserNotificationEx
_wcesdk_CeSvcAdd	CeSvcAdd
_wcesdk_CeSvcClose	CeSvcClose
_wcesdk_CeSvcDelete	CeSvcDelete
_wcesdk_CeSvcDeleteVal	CeSvcDeleteVal
_wcesdk_CeSvcEnumProfiles	CeSvcEnumProfiles
_wcesdk_CeSvcGetBinary	CeSvcGetBinary
_wcesdk_CeSvcGetDword	CeSvcGetDword
_wcesdk_CeSvcGetString	CeSvcGetString
_wcesdk_CeSvcOpen	CeSvcOpen
_wcesdk_CeSvcOpenEx	CeSvcOpenEx
_wcesdk_CeSvcQueryInfo	CeSvcQueryInfo
_wcesdk_CeSvcRemove	CeSvcRemove
_wcesdk_CeSvcSetBinary	CeSvcSetBinary
_wcesdk_CeSvcSetDword	CeSvcSetDword
_wcesdk_CeSvcSetString	CeSvcSetString
_wcesdk_CeUnmountDBVol	CeUnmountDBVol
_wcesdk_CeUnmountDBVol_RAPI_	CeUnmountDBVol (RAPI)
_wcesdk_CeWriteFile_RAPI_	CeWriteFile (RAPI)
_wcesdk_CeWriteRecordProps	CeWriteRecordProps
_wcesdk_CeWriteRecordProps_RAPI_	CeWriteRecordProps (RAPI)
_wcesdk_Certificate_Authentication	Certificate Authentication
_wcesdk_Certificate_Chains	Certificate Chains
_wcesdk_Certificate_Extended_Properties	Certificate Extended Properties
_wcesdk_Certificate_Links	Certificate Links
_wcesdk_Certificates_and_CryptoAPI	Certificates and CryptoAPI
_wcesdk_Changing_Fonts_and_Colors	Changing Fonts and Colors (Windows CE 3.0 User Interface Services)
_wcesdk_Changing_a_Spelling_Error_in_Your_Application	Changing a Spelling Error in Your Application
_wcesdk_Changing_an_Existing_Phone_Book_Entry	Changing an Existing Phone-Book Entry
_wcesdk_Changing_the_Default_Gateway	Changing the Default Gateway
_wcesdk_Changing_the_Formatting_Rectangle	Changing the Formatting Rectangle (Windows CE 3.0 User Interface Services)
_wcesdk_Changing_the_Properties_of_an_Existing_Route	Changing the Properties of an Existing Route
_wcesdk_Changing_the_Width_of_the_Scroll_Bar_Box	Changing the Width of the Scroll Bar Box (Windows CE 3.0 User Interface Services)
_wcesdk_Character_Considerations	Character Considerations
_wcesdk_CheckPassword	CheckPassword
_wcesdk_Checking_Other_Keys	Checking Other Keys (Windows CE 3.0 User Interface Services)
_wcesdk_Choosing_Controls	Choosing Controls
_wcesdk_Choosing_a_Control_Style	Choosing a Control Style (Windows CE 3.0 User Interface Services)
_wcesdk_Classless_Inter_Domain_Routing__CIDR_	Classless Inter-Domain Routing (CIDR)
_wcesdk_Client_Initialization	Client Initialization
_wcesdk_Closing_a_Serial_Port	Closing a Serial Port
_wcesdk_Closing_the_Registry	Closing a Registry Key
_wcesdk_Coding_for_Internationalization	Coding for Internationalization
_wcesdk_CommandBands_AddAdornments	CommandBands_AddAdornments
_wcesdk_CommandBands_AddBands	CommandBands_AddBands
_wcesdk_CommandBands_Create	CommandBands_Create
_wcesdk_CommandBands_GetCommandBar	CommandBands_GetCommandBar
_wcesdk_CommandBands_GetRestoreInformation	CommandBands_GetRestoreInformation
_wcesdk_CommandBands_Height	CommandBands_Height
_wcesdk_CommandBands_Show	CommandBands_Show
_wcesdk_CommandBar_AddAdornments	CommandBar_AddAdornments
_wcesdk_CommandBar_AddBitmap	CommandBar_AddBitmap
_wcesdk_CommandBar_AddButtons	CommandBar_AddButtons
_wcesdk_CommandBar_AddToolTips	CommandBar_AddToolTips
_wcesdk_CommandBar_Create	CommandBar_Create
_wcesdk_CommandBar_Destroy	CommandBar_Destroy
_wcesdk_CommandBar_DrawMenuBar	CommandBar_DrawMenuBar
_wcesdk_CommandBar_GetMenu	CommandBar_GetMenu
_wcesdk_CommandBar_Height	CommandBar_Height
_wcesdk_CommandBar_InsertButton	CommandBar_InsertButton
_wcesdk_CommandBar_InsertComboBox	CommandBar_InsertComboBox
_wcesdk_CommandBar_InsertMenubar	CommandBar_InsertMenubar
_wcesdk_CommandBar_InsertMenubarEx	CommandBar_InsertMenubarEx
_wcesdk_CommandBar_IsVisible	CommandBar_IsVisible
_wcesdk_CommandBar_Show	CommandBar_Show
_wcesdk_Command_Processor_Shell	Command Processor Shell
_wcesdk_CommitUrlCacheEntry	CommitUrlCacheEntry
_wcesdk_Common_Dialog_Boxes	Common Dialog Boxes (Windows CE 3.0 User Interface Services)
_wcesdk_Common_Encryption_Algorithms	Common Encryption Algorithms
_wcesdk_Communications_Networking_and_Telephony_Services	Communications, Networking, and Telephony Services
_wcesdk_Completion_Notifications	Completion Notifications
_wcesdk_Conference_Calls	Conference Calls
_wcesdk_Configuration_Web_Page	Configuration Web Page
_wcesdk_Configuring_Time_Outs	Configuring Time-Outs
_wcesdk_Configuring_a_Serial_Port	Configuring a Serial Port
_wcesdk_Configuring_the_Silent_Mode	Configuring the Silent Mode
_wcesdk_Connecting_to_a_CSP	Connecting to a CSP
_wcesdk_Connecting_to_a_Network	Connecting to a Network
_wcesdk_Connection_Data	Connection Data
_wcesdk_Connection_Notification	Connection Notification
_wcesdk_Connection_Operation	Connection Operation
_wcesdk_Connection_Registry_Settings	Connection Registry Settings
_wcesdk_Connection_Sequence	Connection Sequence
_wcesdk_Connection_States	Connection States
_wcesdk_Connectivity_Services	Connectivity Services
_wcesdk_Context_Requirements	Context Requirements
_wcesdk_Context_Semantics	Context Semantics
_wcesdk_Control_Styles	Control Styles
_wcesdk_CopyFiles	CopyFiles
_wcesdk_Copying_a_Phone_Book_Entry	Copying a Phone-Book Entry
_wcesdk_Core_Protocol_Stack_Components	Core Protocol Stack Components
_wcesdk_CreateUrlCacheEntry	CreateUrlCacheEntry
_wcesdk_CreateUrlCacheGroup	CreateUrlCacheGroup
_wcesdk_Creating_Context_Sensitive_Help	Creating Context-Sensitive Help
_wcesdk_Creating_Controls	Creating Controls (Windows CE 3.0 User Interface Services)
_wcesdk_Creating_Dialog_Boxes	Creating Dialog Boxes (Windows CE 3.0 User Interface Services)
_wcesdk_Creating_Digital_Signatures	Creating Digital Signatures
_wcesdk_Creating_Icons_Bitmaps_Images_and_Strings	Creating Icons, Bitmaps, Images, and Strings (Windows CE 3.0 User Interface Services)
_wcesdk_Creating_Icons_and_Bitmaps	Creating Icons and Bitmaps
_wcesdk_Creating_Image_Lists	Creating Image Lists (Windows CE 3.0 User Interface Services)
_wcesdk_Creating_Keyboard_Accelerators	Creating Keyboard Accelerators (Windows CE 3.0 User Interface Services)
_wcesdk_Creating_Menus	Creating Menus (Windows CE 3.0 User Interface Services)
_wcesdk_Creating_Static_Port_Mappings	Creating Static Port Mappings
_wcesdk_Creating_Timers	Creating Timers (Windows CE 3.0 User Interface Services)
_wcesdk_Creating_ToolTips	Creating ToolTips (Windows CE 3.0 User Interface Services)
_wcesdk_Creating_a_Button	Creating a Button (Windows CE 3.0 User Interface Services)
_wcesdk_Creating_a_Caret	Creating a Caret (Windows CE 3.0 User Interface Services)
_wcesdk_Creating_a_Combo_Box	Creating a Combo Box (Windows CE 3.0 User Interface Services)
_wcesdk_Creating_a_Command_Bands_Control	Creating a Command Bands Control (Windows CE 3.0 User Interface Services)
_wcesdk_Creating_a_Command_Bar	Creating a Command Bar (Windows CE 3.0 User Interface Services)
_wcesdk_Creating_a_Cursor	Creating a Cursor (Windows CE 3.0 User Interface Services)
_wcesdk_Creating_a_Database	Creating a Database
_wcesdk_Creating_a_Date_and_Time_Picker_Control	Creating a Date and Time Picker Control (Windows CE 3.0 User Interface Services)
_wcesdk_Creating_a_Header_Control	Creating a Header Control (Windows CE 3.0 User Interface Services)
_wcesdk_Creating_a_Help_System	Creating a Help System
_wcesdk_Creating_a_List_Box	Creating a List Box (Windows CE 3.0 User Interface Services)
_wcesdk_Creating_a_List_View_Control	Creating a List View Control (Windows CE 3.0 User Interface Services)
_wcesdk_Creating_a_Month_Calendar_Control	Creating a Month Calendar Control (Windows CE 3.0 User Interface Services)
_wcesdk_Creating_a_Multiple_Part_Status_Bar	Creating a Multiple-Part Status Bar (Windows CE 3.0 User Interface Services)
_wcesdk_Creating_a_PPP_Dial_up_Session	Creating a PPP Dial-up Session
_wcesdk_Creating_a_Progress_Bar	Creating a Progress Bar (Windows CE 3.0 User Interface Services)
_wcesdk_Creating_a_Property_Sheet	Creating a Property Sheet (Windows CE 3.0 User Interface Services)
_wcesdk_Creating_a_Rebar_Control	Creating a Rebar Control (Windows CE 3.0 User Interface Services)
_wcesdk_Creating_a_Sample_Application	Creating a Sample Application (Windows CE 3.0 User Interface Services)
_wcesdk_Creating_a_Scroll_Bar	Creating a Scroll Bar (Windows CE 3.0 User Interface Services)
_wcesdk_Creating_a_Static_Control	Creating a Static Control (Windows CE 3.0 User Interface Services)
_wcesdk_Creating_a_Status_Bar	Creating a Status Bar (Windows CE 3.0 User Interface Services)
_wcesdk_Creating_a_TCP_Stream_Socket_Application	Creating a TCP Stream Socket Application
_wcesdk_Creating_a_Tab_Control	Creating a Tab Control (Windows CE 3.0 User Interface Services)
_wcesdk_Creating_a_Toolbar	Creating a Toolbar (Windows CE 3.0 User Interface Services)
_wcesdk_Creating_a_Trackbar	Creating a Trackbar (Windows CE 3.0 User Interface Services)
_wcesdk_Creating_a_Tree_View	Creating a Tree View (Windows CE 3.0 User Interface Services)
_wcesdk_Creating_a_Tree_View_Image_List	Creating a Tree-View Image List (Windows CE 3.0 User Interface Services)
_wcesdk_Creating_a_UDP_Datagram_Socket_Application	Creating a UDP Datagram Socket Application
_wcesdk_Creating_a_Window	Creating a Window (Windows CE 3.0 User Interface Services)
_wcesdk_Creating_an_Application_Defined_Window_Control	Creating an Application-Defined Window Control (Windows CE 3.0 User Interface Services)
_wcesdk_Creating_an_Edit_Control	Creating an Edit Control (Windows CE 3.0 User Interface Services)
_wcesdk_Creating_an_IP_Multicast_Application	Creating an IP Multicast Application
_wcesdk_Creating_an_Image_List	Creating an Image List (Windows CE 3.0 User Interface Services)
_wcesdk_Creating_an_Index	Creating an Index
_wcesdk_Creating_an_Infrared_Winsock_Application	Creating an Infrared Winsock Application
_wcesdk_Creating_an_Internal_Exposed_Host	Creating an Internal Exposed Host
_wcesdk_Creating_an_International_User_Interface	Creating an International User Interface
_wcesdk_Creating_an_Up_Down_Control	Creating an Up-Down Control (Windows CE 3.0 User Interface Services)
_wcesdk_Creating_an_inf_File_for_the_CAB_Wizard	Creating an .inf File for the CAB Wizard
_wcesdk_Creating_an_ini_File_for_the_Application_Manager	Creating an .ini File for the Application Manager
_wcesdk_Creating_and_Displaying_a_Caret	Creating and Displaying a Caret (Windows CE 3.0 User Interface Services)
_wcesdk_Creating_and_Opening_a_File_or_Directory	Creating and Opening a File or Directory
_wcesdk_Creating_and_Opening_a_Registry_Key	Creating and Opening a Registry Key
_wcesdk_Creating_or_Changing_a_Phone_Book_Entry	Creating or Changing a Phone-Book Entry
_wcesdk_Creating_the_Help_File	Creating the Help File
_wcesdk_Creating_the_Spelling__Checker_Handle	Creating the Spelling-Checker Handle
_wcesdk_Cryptography	Cryptography
_wcesdk_Current_Processors_and_Device_Platforms	Current Processors and Device Platforms
_wcesdk_Customizing_Output_with_Callback_Fields	Customizing Output with Callback Fields (Windows CE 3.0 User Interface Services)
_wcesdk_DATE	DATE
_wcesdk_DB_CEOID_CHANGED	DB_CEOID_CHANGED
_wcesdk_DB_CEOID_CREATED	DB_CEOID_CREATED
_wcesdk_DB_CEOID_RECORD_DELETED	DB_CEOID_RECORD_DELETED
_wcesdk_DB_PEGOID_CHANGED	DB_PEGOID_CHANGED
_wcesdk_DB_PEGOID_CREATED	DB_PEGOID_CREATED
_wcesdk_DB_PEGOID_RECORD_DELETED	DB_PEGOID_RECORD_DELETED
_wcesdk_DESCKIND	DESCKIND
_wcesdk_DHCPLeaseTime	DHCPLeaseTime
_wcesdk_DHCP_Allocator	DHCP Allocator
_wcesdk_DISPPARAMS	DISPPARAMS
_wcesdk_DNS_Proxy	DNS Proxy
_wcesdk_DTM_ADDTEXT	DTM_ADDTEXT
_wcesdk_DTM_ADDTEXTW	DTM_ADDTEXTW
_wcesdk_DTM_ANCHOR	DTM_ANCHOR
_wcesdk_DTM_ANCHORW	DTM_ANCHORW
_wcesdk_DTM_ENABLESHRINK	DTM_ENABLESHRINK
_wcesdk_DTM_ENDOFSOURCE	DTM_ENDOFSOURCE
_wcesdk_DTM_GETMCCOLOR	DTM_GETMCCOLOR
_wcesdk_DTM_GETMCFONT	DTM_GETMCFONT
_wcesdk_DTM_GETMONTHCAL	DTM_GETMONTHCAL
_wcesdk_DTM_GETRANGE	DTM_GETRANGE
_wcesdk_DTM_GETSYSTEMTIME	DTM_GETSYSTEMTIME
_wcesdk_DTM_IMAGEFAIL	DTM_IMAGEFAIL
_wcesdk_DTM_SELECTALL	DTM_SELECTALL
_wcesdk_DTM_SETFORMAT	DTM_SETFORMAT
_wcesdk_DTM_SETIMAGE	DTM_SETIMAGE
_wcesdk_DTM_SETMCCOLOR	DTM_SETMCCOLOR
_wcesdk_DTM_SETMCFONT	DTM_SETMCFONT
_wcesdk_DTM_SETRANGE	DTM_SETRANGE
_wcesdk_DTM_SETSYSTEMTIME	DTM_SETSYSTEMTIME
_wcesdk_DTN_CLOSEUP	DTN_CLOSEUP
_wcesdk_DTN_DATETIMECHANGE	DTN_DATETIMECHANGE
_wcesdk_DTN_DROPDOWN	DTN_DROPDOWN
_wcesdk_DTN_FORMAT	DTN_FORMAT
_wcesdk_DTN_FORMATQUERY	DTN_FORMATQUERY
_wcesdk_DTN_USERSTRING	DTN_USERSTRING
_wcesdk_DTN_WMKEYDOWN	DTN_WMKEYDOWN
_wcesdk_Data_Link_Layer	Data-Link Layer
_wcesdk_Data_Transfer	Data Transfer
_wcesdk_Database_Functions	Database Functions
_wcesdk_DateTime_GetMonthCal	DateTime_GetMonthCal
_wcesdk_DateTime_GetMonthCalColor	DateTime_GetMonthCalColor
_wcesdk_DateTime_GetMonthCalFont	DateTime_GetMonthCalFont
_wcesdk_DateTime_GetRange	DateTime_GetRange
_wcesdk_DateTime_GetSystemtime	DateTime_GetSystemtime
_wcesdk_DateTime_SetFormat	DateTime_SetFormat
_wcesdk_DateTime_SetMonthCalColor	DateTime_SetMonthCalColor
_wcesdk_DateTime_SetMonthCalFont	DateTime_SetMonthCalFont
_wcesdk_DateTime_SetRange	DateTime_SetRange
_wcesdk_DateTime_SetSystemtime	DateTime_SetSystemtime
_wcesdk_DeactivateDevice	DeactivateDevice
_wcesdk_Dead_Gateway_Detection	Dead Gateway Detection
_wcesdk_Dealing_with_Low_Memory_Situations	Managing Low-Memory Situations
_wcesdk_DefaultInstall	DefaultInstall
_wcesdk_Defining_Calendar_Formats	Defining Calendar Formats (Windows CE 3.0 User Interface Services)
_wcesdk_Defining_a_Character_Set	Defining a Character Set (Windows CE 3.0 User Interface Services)
_wcesdk_Defining_a_Menu_Template	Defining a Menu Template (Windows CE 3.0 User Interface Services)
_wcesdk_Defining_an_Accelerator_Table	Defining an Accelerator Table (Windows CE 3.0 User Interface Services)
_wcesdk_Delayed_Acknowledgments	Delayed Acknowledgments
_wcesdk_DeleteAndRenameFile	DeleteAndRenameFile
_wcesdk_DeleteUrlCacheEntry	DeleteUrlCacheEntry
_wcesdk_DeleteUrlCacheGroup	DeleteUrlCacheGroup
_wcesdk_Deleting_Database_Information	Deleting Database Information
_wcesdk_Deleting_a_Database_Volume	Deleting a Database Volume
_wcesdk_Deleting_a_File_or_Directory	Deleting a File or a Directory
_wcesdk_Deleting_a_Phone_Book_Entry	Deleting a Phone-Book Entry
_wcesdk_Deleting_a_Registry_Key_or_Value	Deleting a Registry Key or Value
_wcesdk_Deleting_a_Security_Context	Deleting a Security Context
_wcesdk_Deleting_an_Entry_to_the_IP_Forward_Table	Deleting an Entry to the IP Forward Table
_wcesdk_DeregisterDevice	DeregisterDevice
_wcesdk_Designing_Menus	Designing Menus
_wcesdk_Designing_Windows_and_Dialog_Boxes	Designing Windows and Dialog Boxes
_wcesdk_Designing_a_User_Interface_for_Windows_CE	Designing a User Interface for Windows CE
_wcesdk_Desktop_Registry_Structure	Desktop Registry Structure
_wcesdk_DestinationDirs	DestinationDirs
_wcesdk_Destroying_a_Window	Destroying a Window (Windows CE 3.0 User Interface Services)
_wcesdk_Detecting_a_Successful_Setup	Detecting a Successful Setup
_wcesdk_Determining_Available_Disk_Space	Determining Available Disk Space
_wcesdk_Determining_Available_Network_Resources	Determining Available Network Resources
_wcesdk_Determining_the_IP_Address_in_a_PPP_Connection	Determining the IP Address in a PPP Connection
_wcesdk_Developing_a_MIB	Developing a MIB
_wcesdk_Developing_a_Winsock_Application	Developing a Winsock Application
_wcesdk_DeviceName	DeviceName
_wcesdk_Device_Suspension_Issues	Device Suspension Issues
_wcesdk_DhcpOptions	DhcpOptions
_wcesdk_DhcpSendOptions	DhcpSendOptions
_wcesdk_Differences_Between_the_Windows_CE_and_Windows_NT_Implementations_of_TAPI	Differences Between the Windows CE and Windows NT Implementations of TAPI
_wcesdk_Differences_between_Windows_CE_and_Windows_2000_PPTP_Implementations	Differences between Windows CE and Windows 2000 PPTP Implementations
_wcesdk_Differences_between_Windows_CE_and_Windows_NT_PPP_Implementations	Differences between Windows CE and Windows NT PPP Implementations
_wcesdk_Digital_Certificates	Digital Certificates
_wcesdk_Direct_Card_Access_Functions	Direct Card Access Functions
_wcesdk_Disconnecting_a_RAS_Connection	Disconnecting a RAS Connection
_wcesdk_Displaying_Information	Displaying Information (Windows CE 3.0 User Interface Services)
_wcesdk_Displaying_a_Window	Displaying a Window (Windows CE 3.0 User Interface Services)
_wcesdk_DriverEntry	DriverEntry
_wcesdk_Duplicate_IP_Address_Detection	Duplicate IP Address Detection
_wcesdk_ECHO	ECHO
_wcesdk_ELEMDESC	ELEMDESC
_wcesdk_ERASE	ERASE
_wcesdk_Editing_Labels	Editing Labels (Windows CE 3.0 User Interface Services)
_wcesdk_Editing_the_Device_Configuration	Editing the Device Configuration
_wcesdk_EnableAddressTranslation	EnableAddressTranslation
_wcesdk_EnableDhcpAllocator	EnableDhcpAllocator
_wcesdk_EnableDnsProxy	EnableDnsProxy
_wcesdk_EnableEUDC	EnableEUDC
_wcesdk_EnablePacketFiltering	EnablePacketFiltering
_wcesdk_Enabling_a_Partnership_in_Windows_CE	Enabling a Partnership in Windows CE
_wcesdk_Encoding_and_Decoding_a_Certificate_Context	Encoding and Decoding a Certificate Context
_wcesdk_Encrypting_and_Decrypting_Data	Encrypting and Decrypting Data
_wcesdk_Encrypting_and_Decrypting_Simultaneously	Encrypting and Decrypting Simultaneously
_wcesdk_Encryption_and_Decryption	Encryption and Decryption
_wcesdk_Ending_the_Spelling_Session	Ending the Spelling Session
_wcesdk_Enumerating_Databases_and_Database_Volumes	Enumerating Databases and Database Volumes
_wcesdk_Enumerating_Phone_Book_Entries	Enumerating Phone-Book Entries
_wcesdk_Enumerating_Registry_Keys	Enumerating Registry Keys
_wcesdk_Establishing_a_Connection	Establishing a Connection
_wcesdk_Establishing_a_Modem_Connection	Establishing a Modem Connection
_wcesdk_Establishing_a_Network_Connection	Establishing a Network Connection
_wcesdk_Establishing_a_PPTP_Connection	Establishing a PPTP Connection
_wcesdk_EthChangeFilterAddresses	EthChangeFilterAddresses
_wcesdk_EthCreateFilter	EthCreateFilter
_wcesdk_EthDeleteFilter	EthDeleteFilter
_wcesdk_EthDeleteFilterOpenAdapter	EthDeleteFilterOpenAdapter
_wcesdk_EthFilterAdjust	EthFilterAdjust
_wcesdk_EthFilterIndicateReceive	EthFilterIndicateReceive
_wcesdk_EthFilterIndicateReceiveComplete	EthFilterIndicateReceiveComplete
_wcesdk_EthNoteFilterOpenAdapter	EthNoteFilterOpenAdapter
_wcesdk_EthNumberOfOpenFilterAddresses	EthNumberOfOpenFilterAddresses
_wcesdk_EthQueryGlobalFilterAddresses	EthQueryGlobalFilterAddresses
_wcesdk_EthQueryOpenFilterAddresses	EthQueryOpenFilterAddresses
_wcesdk_EthShouldAddressLoopBack	EthShouldAddressLoopBack
_wcesdk_Event_Handling	Event Handling (Windows CE 3.0 User Interface Services)
_wcesdk_Examples_of_CEUTIL_Functions	Examples of CEUTIL Functions
_wcesdk_Exchanging_Cryptographic_Keys	Exchanging Cryptographic Keys
_wcesdk_Exchanging_Public_Keys	Exchanging Public Keys
_wcesdk_Exchanging_Session_Keys	Exchanging Session Keys
_wcesdk_Expires	Expires
_wcesdk_Extension_Agent_Architecture	Extension-Agent Architecture
_wcesdk_Extension_Agent_Implementor_APIs	Extension-Agent Implementor APIs
_wcesdk_External_Modem_Registry_Key_Sample	External Modem Registry Key Sample
_wcesdk_FSDMGR_CreateFileHandle	FSDMGR_CreateFileHandle
_wcesdk_FSDMGR_CreateSearchHandle	FSDMGR_CreateSearchHandle
_wcesdk_FSDMGR_DeregisterVolume	FSDMGR_DeregisterVolume
_wcesdk_FSDMGR_GetDiskInfo	FSDMGR_GetDiskInfo
_wcesdk_FSDMGR_GetVolumeName	FSDMGR_GetVolumeName
_wcesdk_FSDMGR_ReadDisk	FSDMGR_ReadDisk
_wcesdk_FSDMGR_ReadDiskEx	FSDMGR_ReadDiskEx
_wcesdk_FSDMGR_RegisterVolume	FSDMGR_RegisterVolume
_wcesdk_FSDMGR_WriteDisk	FSDMGR_WriteDisk
_wcesdk_FSDMGR_WriteDiskEx	FSDMGR_WriteDiskEx
_wcesdk_FSD_BUFFER_INFO_str	FSD_BUFFER_INFO
_wcesdk_FSD_DISK_INFO_str	FSD_DISK_INFO
_wcesdk_FSD_MountDisk	FSD_MountDisk
_wcesdk_FSD_SCATTER_GATHER_INFO_str	FSD_SCATTER_GATHER_INFO
_wcesdk_FSD_SCATTER_GATHER_RESULTS_str	FSD_SCATTER_GATHER_RESULTS
_wcesdk_FSD_UnmountDisk	FSD_UnmountDisk
_wcesdk_FUNCKIND	FUNCKIND
_wcesdk_FailRetryWaitMS	FailRetryWaitMS
_wcesdk_File_Filters	File Filters
_wcesdk_File_and_Directory_Management_Functions	File and Directory Management Functions
_wcesdk_File_naming_Limitations	File-naming Limitations
_wcesdk_Files__Databases__and_Persistent_Storage	Files, Databases, and Persistent Storage
_wcesdk_FindCloseUrlCache	FindCloseUrlCache
_wcesdk_FindFirstUrlCacheEntry	FindFirstUrlCacheEntry
_wcesdk_FindFirstUrlCacheEntryEx	FindFirstUrlCacheEntryEx
_wcesdk_FindNextUrlCacheEntry	FindNextUrlCacheEntry
_wcesdk_FindNextUrlCacheEntryEx	FindNextUrlCacheEntryEx
_wcesdk_Flow_Control_Using_ICMP	Flow Control Using ICMP
_wcesdk_Flushing_the_Registry	Flushing the Registry
_wcesdk_Format	Format
_wcesdk_Forwarding_Calls	Forwarding Calls
_wcesdk_Frequently_Asked_Questions_About_DHCP_on_Windows_CE	Frequently Asked Questions About DHCP on Windows CE
_wcesdk_FtpCommand	FtpCommand
_wcesdk_Functions	Functions
_wcesdk_GOTO	GOTO
_wcesdk_GWES_Component_Model	GWES Component Model (Windows CE 3.0 User Interface Services)
_wcesdk_General_Architecture_of_TAPI_20	General Architecture of TAPI 2.0
_wcesdk_General_Content_Guidelines	General Content Guidelines
_wcesdk_Generating_Cryptographic_Keys	Generating Cryptographic Keys
_wcesdk_Generating_a_Class_Identifier	Generating a Class Identifier
_wcesdk_GenericModem_Key	GenericModem Key
_wcesdk_GetKeyboardStatus	GetKeyboardStatus
_wcesdk_GetStoreInformation	GetStoreInformation
_wcesdk_GetSystemPowerStatusEx	GetSystemPowerStatusEx
_wcesdk_GetSystemPowerStatusEx2	GetSystemPowerStatusEx2
_wcesdk_GetUrlCacheEntryInfo	GetUrlCacheEntryInfo
_wcesdk_GetUrlCacheEntryInfoEx	GetUrlCacheEntryInfoEx
_wcesdk_Getting_CSPs_Signed	Getting CSPs Signed
_wcesdk_HDHITTESTINFO	HDHITTESTINFO
_wcesdk_HDITEM	HDITEM
_wcesdk_HDLAYOUT	HDLAYOUT
_wcesdk_HDM_CREATEDRAGIMAGE	HDM_CREATEDRAGIMAGE
_wcesdk_HDM_DELETEITEM	HDM_DELETEITEM
_wcesdk_HDM_GETIMAGELIST	HDM_GETIMAGELIST
_wcesdk_HDM_GETITEM	HDM_GETITEM
_wcesdk_HDM_GETITEMCOUNT	HDM_GETITEMCOUNT
_wcesdk_HDM_GETITEMRECT	HDM_GETITEMRECT
_wcesdk_HDM_GETORDERARRAY	HDM_GETORDERARRAY
_wcesdk_HDM_INSERTITEM	HDM_INSERTITEM
_wcesdk_HDM_LAYOUT	HDM_LAYOUT
_wcesdk_HDM_ORDERTOINDEX	HDM_ORDERTOINDEX
_wcesdk_HDM_SETHOTDIVIDER	HDM_SETHOTDIVIDER
_wcesdk_HDM_SETIMAGELIST	HDM_SETIMAGELIST
_wcesdk_HDM_SETITEM	HDM_SETITEM
_wcesdk_HDM_SETORDERARRAY	HDM_SETORDERARRAY
_wcesdk_HDN_BEGINDRAG	HDN_BEGINDRAG
_wcesdk_HDN_ENDDRAG	HDN_ENDDRAG
_wcesdk_HDN_GETDISPINFO	HDN_GETDISPINFO
_wcesdk_HELP	HELP
_wcesdk_HREPLFLD	HREPLFLD
_wcesdk_HREPLITEM	HREPLITEM
_wcesdk_HTML_Topic_Example	HTML Topic Example
_wcesdk_HWXGUIDE_str	HWXGUIDE
_wcesdk_HWXRESULTS_str	HWXRESULTS
_wcesdk_Handling_Button_Messages	Handling Button Messages (Windows CE 3.0 User Interface Services)
_wcesdk_Handling_Drag_and_Drop_Messages	Handling Drag-and-Drop Messages (Windows CE 3.0 User Interface Services)
_wcesdk_Handling_Errors	Handling Errors
_wcesdk_Handling_IME_Window_Messages	Handling IME Window Messages (Windows CE 3.0 User Interface Services)
_wcesdk_Handling_Messages_for_Tab_Controls	Handling Messages for Tab Controls (Windows CE 3.0 User Interface Services)
_wcesdk_Handling_Notification_Messages	Handling Notification Messages (Windows CE 3.0 User Interface Services)
_wcesdk_Handling_Paint_Cycles_Drawing_Stages_and_Notification_Messages	Handling Paint Cycles, Drawing Stages, and Notification Messages (Windows CE 3.0 User Interface Services)
_wcesdk_Handling_RAPI_Errors	Handling RAPI Errors
_wcesdk_Handling_Scroll_Bar_Requests	Handling Scroll Bar Requests (Windows CE 3.0 User Interface Services)
_wcesdk_Handling_Tree_View_Messages	Handling Tree-View Messages (Windows CE 3.0 User Interface Services)
_wcesdk_Handling_a_Connection_Notification	Handling a Connection Notification
_wcesdk_Handling_and_Editing_Packet_Data	Handling and Editing Packet Data
_wcesdk_Handwriting_Recognition	Handwriting Recognition (Windows CE 3.0 User Interface Services)
_wcesdk_Hardware_Considerations	Hardware Considerations
_wcesdk_Hashing_and_Digital_Signature_Algorithms	Hashing and Digital Signature Algorithms
_wcesdk_Header_CreateDragImage	Header_CreateDragImage
_wcesdk_Header_DeleteItem	Header_DeleteItem
_wcesdk_Header_GetImageList	Header_GetImageList
_wcesdk_Header_GetItem	Header_GetItem
_wcesdk_Header_GetItemCount	Header_GetItemCount
_wcesdk_Header_GetItemRect	Header_GetItemRect
_wcesdk_Header_GetOrderArray	Header_GetOrderArray
_wcesdk_Header_InsertItem	Header_InsertItem
_wcesdk_Header_Layout	Header_Layout
_wcesdk_Header_OrderToIndex	Header_OrderToIndex
_wcesdk_Header_SetHotDivider	Header_SetHotDivider
_wcesdk_Header_SetImageList	Header_SetImageList
_wcesdk_Header_SetItem	Header_SetItem
_wcesdk_Header_SetOrderArray	Header_SetOrderArray
_wcesdk_Hierarchy_of_Trust	Hierarchy of Trust
_wcesdk_Host_Name_Resolution	Host Name Resolution
_wcesdk_Host_Name_Resolution_Using_Registry_Entries	Host Name Resolution Using Registry Entries
_wcesdk_Host_Name_Resolution_Using_a_DNS_Server	Host Name Resolution Using a DNS Server
_wcesdk_Host_Name_Resolution_Using_a_NetBIOS_Server	Host Name Resolution Using a NetBIOS Server
_wcesdk_Host_Resources_Device_Group	Host Resources Device Group
_wcesdk_Host_Resources_Installed_Software_Group	Host Resources Installed Software Group
_wcesdk_Host_Resources_MIB	Host Resources MIB
_wcesdk_Host_Resources_Running_Software_Group	Host Resources Running Software Group
_wcesdk_Host_Resources_Storage_Group	Host Resources Storage Group
_wcesdk_Host_Resources_System_Group	Host Resources System Group
_wcesdk_HttpEndRequest	HttpEndRequest
_wcesdk_HttpSendRequestEx	HttpSendRequestEx
_wcesdk_HwxALCPriority	HwxALCPriority
_wcesdk_HwxALCValid	HwxALCValid
_wcesdk_HwxConfig	HwxConfig
_wcesdk_HwxCreate	HwxCreate
_wcesdk_HwxDestroy	HwxDestroy
_wcesdk_HwxEndInput	HwxEndInput
_wcesdk_HwxGetResults	HwxGetResults
_wcesdk_HwxInput	HwxInput
_wcesdk_HwxProcess	HwxProcess
_wcesdk_HwxResultsAvailable	HwxResultsAvailable
_wcesdk_HwxSetAbort	HwxSetAbort
_wcesdk_HwxSetContext	HwxSetContext
_wcesdk_HwxSetGuide	HwxSetGuide
_wcesdk_HwxSetPartial	HwxSetPartial
_wcesdk_IAS_QUERY_str	IAS_QUERY
_wcesdk_IAS_SET_str	IAS_SET
_wcesdk_IAppointment_Cancel	IAppointment::Cancel
_wcesdk_IAppointment_ClearRecurrencePattern	IAppointment::ClearRecurrencePattern
_wcesdk_IAppointment_Copy	IAppointment::Copy
_wcesdk_IAppointment_Delete	IAppointment::Delete
_wcesdk_IAppointment_Display	IAppointment::Display
_wcesdk_IAppointment_GetRecurrencePattern	IAppointment::GetRecurrencePattern
_wcesdk_IAppointment_PropertyList	IAppointment Property Methods
_wcesdk_IAppointment_Save	IAppointment::Save
_wcesdk_IAppointment_Send	IAppointment::Send
_wcesdk_IAppointment_Unknown	IAppointment::Unknown
_wcesdk_ICMP_Group	ICMP Group
_wcesdk_ICS_Registry_Keys	ICS Registry Keys
_wcesdk_ICS_for_OEMs	ICS for OEMs
_wcesdk_ICeFileFilterOptions_IUnknown	ICeFileFilterOptions
_wcesdk_ICeFileFilterOptions_SetFilterOptions	ICeFileFilterOptions::SetFilterOptions
_wcesdk_ICeFileFilterSite_CloseDestinationFile	ICeFileFilterSite::CloseDestinationFile
_wcesdk_ICeFileFilterSite_CloseSourceFile	ICeFileFilterSite::CloseSourceFile
_wcesdk_ICeFileFilterSite_IUnknown	ICeFileFilterSite
_wcesdk_ICeFileFilterSite_OpenDestinationFile	ICeFileFilterSite::OpenDestinationFile
_wcesdk_ICeFileFilterSite_OpenSourceFile	ICeFileFilterSite::OpenSourceFile
_wcesdk_ICeFileFilterSite_ReportLoss	ICeFileFilterSite::ReportLoss
_wcesdk_ICeFileFilterSite_ReportProgress	ICeFileFilterSite::ReportProgress
_wcesdk_ICeFileFilter_FilterOptions	ICeFileFilter::FilterOptions
_wcesdk_ICeFileFilter_FormatMessage	ICeFileFilter::FormatMessage
_wcesdk_ICeFileFilter_IUnknown	ICeFileFilter
_wcesdk_ICeFileFilter_NextConvertFile	ICeFileFilter::NextConvertFile
_wcesdk_ICity_Copy	ICity::Copy
_wcesdk_ICity_Delete	ICity::Delete
_wcesdk_ICity_Display	ICity::Display
_wcesdk_ICity_PropertyList	ICity Property Methods
_wcesdk_ICity_Unknown	ICity::Unknown
_wcesdk_ICity__Save	ICity::Save
_wcesdk_IContact_Copy	IContact::Copy
_wcesdk_IContact_Delete	IContact::Delete
_wcesdk_IContact_Display	IContact::Display
_wcesdk_IContact_PropertyList	IContact Property Methods
_wcesdk_IContact_Save	IContact::Save
_wcesdk_IContact__Unknown	IContact::Unknown
_wcesdk_IDccManSink_IUnknown	IDccManSink
_wcesdk_IDccManSink_OnLogActive	IDccManSink::OnLogActive
_wcesdk_IDccManSink_OnLogAnswered	IDccManSink::OnLogAnswered
_wcesdk_IDccManSink_OnLogDisconnection	IDccManSink::OnLogDisconnection
_wcesdk_IDccManSink_OnLogError	IDccManSink::OnLogError
_wcesdk_IDccManSink_OnLogInactive	IDccManSink::OnLogInactive
_wcesdk_IDccManSink_OnLogIpAddr	IDccManSink::OnLogIpAddr
_wcesdk_IDccManSink_OnLogListen	IDccManSink::OnLogListen
_wcesdk_IDccManSink_OnLogTerminated	IDccManSink::OnLogTerminated
_wcesdk_IDccMan_Advise	IDccMan::Advise
_wcesdk_IDccMan_IUnknown	IDccMan
_wcesdk_IDccMan_ShowCommSettings	IDccMan::ShowCommSettings
_wcesdk_IDccMan_Unadvise	IDccMan::Unadvise
_wcesdk_IEnumReplItem	IEnumReplItem
_wcesdk_IEnumReplItem_Clone	IEnumReplItem::Clone
_wcesdk_IEnumReplItem_GetFolderHandle	IEnumReplItem::GetFolderHandle
_wcesdk_IEnumReplItem_Next	IEnumReplItem::Next
_wcesdk_IEnumReplItem_Reset	IEnumReplItem::Reset
_wcesdk_IEnumReplItem_Skip	IEnumReplItem::Skip
_wcesdk_IException_PropertyList	IException Property Methods
_wcesdk_IException_Unknown	IException::Unknown
_wcesdk_IExceptions_Item	IExceptions::Item
_wcesdk_IExceptions_PropertyList	IExceptions Property Methods
_wcesdk_IExceptions_Unknown	IExceptions::Unknown
_wcesdk_IF	IF
_wcesdk_IFolder_AddItemToInfraredFolder	IFolder::AddItemToInfraredFolder
_wcesdk_IFolder_PropertyList	IFolder Property Methods
_wcesdk_IFolder_ReceiveFromInfrared	IFolder::ReceiveFromInfrared
_wcesdk_IFolder_SendToInfrared	IFolder::SendToInfrared
_wcesdk_IFolder_Unknown	IFolder::Unknown
_wcesdk_IIMCallback	IIMCallback
_wcesdk_IIMCallback2	IIMCallback2
_wcesdk_IIMCallback2_SendAlternatives2	IIMCallback2::SendAlternatives2
_wcesdk_IIMCallback2_SendCharEvents	IIMCallback2::SendCharEvents
_wcesdk_IIMCallback2_SendString	IIMCallback2::SendString
_wcesdk_IIMCallback2_SendVirtualKey	IIMCallback2::SendVirtualKey
_wcesdk_IIMCallback2_SetImInfo	IIMCallback2::SetImInfo
_wcesdk_IIMCallback_SendCharEvents	IIMCallback::SendCharEvents
_wcesdk_IIMCallback_SendString	IIMCallback::SendString
_wcesdk_IIMCallback_SendVirtualKey	IIMCallback::SendVirtualKey
_wcesdk_IIMCallback_SetImInfo	IIMCallback::SetImInfo
_wcesdk_IInputMethod	IInputMethod
_wcesdk_IInputMethod2	IInputMethod2
_wcesdk_IInputMethod2_Deselect	IInputMethod2::Deselect
_wcesdk_IInputMethod2_GetImData	IInputMethod2::GetImData
_wcesdk_IInputMethod2_GetInfo	IInputMethod2::GetInfo
_wcesdk_IInputMethod2_Hiding	IInputMethod2::Hiding
_wcesdk_IInputMethod2_ReceiveSipInfo	IInputMethod2::ReceiveSipInfo
_wcesdk_IInputMethod2_RegisterCallback	IInputMethod2::RegisterCallback
_wcesdk_IInputMethod2_RegisterCallback2	IInputMethod2::RegisterCallback2
_wcesdk_IInputMethod2_Select	IInputMethod2::Select
_wcesdk_IInputMethod2_SetIMMActiveContext	IInputMethod2::SetIMMActiveContext
_wcesdk_IInputMethod2_SetImData	IInputMethod2::SetImData
_wcesdk_IInputMethod2_Showing	IInputMethod2::Showing
_wcesdk_IInputMethod2_UserOptionsDlg	IInputMethod2::UserOptionsDlg
_wcesdk_IInputMethod_Deselect	IInputMethod::Deselect
_wcesdk_IInputMethod_GetImData	IInputMethod::GetImData
_wcesdk_IInputMethod_GetInfo	IInputMethod::GetInfo
_wcesdk_IInputMethod_Hiding	IInputMethod::Hiding
_wcesdk_IInputMethod_ReceiveSipInfo	IInputMethod::ReceiveSipInfo
_wcesdk_IInputMethod_RegisterCallback	IInputMethod::RegisterCallback
_wcesdk_IInputMethod_Select	IInputMethod::Select
_wcesdk_IInputMethod_SetImData	IInputMethod::SetImData
_wcesdk_IInputMethod_Showing	IInputMethod::Showing
_wcesdk_IInputMethod_UserOptionsDlg	IInputMethod::UserOptionsDlg
_wcesdk_IMAGELISTDRAWPARAMS	IMAGELISTDRAWPARAMS
_wcesdk_IMENUMINFO	IMENUMINFO
_wcesdk_IME_Composition_String_Values	IME Composition String Values
_wcesdk_IME_Conversion_Mode_Values	IME Conversion Mode Values
_wcesdk_IME_Escapes	IME Escapes
_wcesdk_IME_Hot_Key_Identifiers	IME Hot Key Identifiers
_wcesdk_IME_Sentence_Mode_Values	IME Sentence Mode Values
_wcesdk_IMINFO_str	IMINFO
_wcesdk_INITCOMMONCONTROLSEX_str	INITCOMMONCONTROLSEX
_wcesdk_INLINEIMAGEINFO	INLINEIMAGEINFO
_wcesdk_INPUTCONTEXT	INPUTCONTEXT
_wcesdk_INTERNET_ASYNC_RESULT	INTERNET_ASYNC_RESULT
_wcesdk_INTERNET_CACHE_ENTRY_INFO	INTERNET_CACHE_ENTRY_INFO
_wcesdk_INTERNET_SCHEME	INTERNET_SCHEME
_wcesdk_INTERNET_STATUS_CALLBACK	INTERNET_STATUS_CALLBACK
_wcesdk_INVOKEKIND	INVOKEKIND
_wcesdk_IPARP_Extensions_for_IP_Multicasting	IP/ARP Extensions for IP Multicasting
_wcesdk_IPConfig	IPConfig
_wcesdk_IPOlItems_SetColumns	IPOlItems::SetColumns
_wcesdk_IPOlItems_Unknown	IPOlItems::Unknown
_wcesdk_IPOlRecipient_Resolve	IPOlRecipient::Resolve
_wcesdk_IPOlRecipient_Unknown	IPOlRecipient::Unknown
_wcesdk_IPOutlookApp	IPOutlookApp
_wcesdk_IPOutlookApp_CreateItem	IPOutlookApp::CreateItem
_wcesdk_IPOutlookApp_GetDefaultFolder	IPOutlookApp::GetDefaultFolder
_wcesdk_IPOutlookApp_GetItemFromOid	IPOutlookApp::GetItemFromOid
_wcesdk_IPOutlookApp_GetTimeZoneFromIndex	IPOutlookApp::GetTimeZoneFromIndex
_wcesdk_IPOutlookApp_GetTimeZoneInformationFromIndex	IPOutlookApp::GetTimeZoneInformationFromIndex
_wcesdk_IPOutlookApp_Logoff	IPOutlookApp::Logoff
_wcesdk_IPOutlookApp_Logon	IPOutlookApp::Logon
_wcesdk_IPOutlookApp_PropertyList	IPOutlookApp Property Methods
_wcesdk_IPOutlookApp_ReceiveFromInfrared	IPOutlookApp::ReceiveFromInfrared
_wcesdk_IPOutlookApp_SysFreeString	IPOutlookApp::SysFreeString
_wcesdk_IPOutlookItemCollection_Add	IPOutlookItemCollection::Add
_wcesdk_IPOutlookItemCollection_Find	IPOutlookItemCollection::Find
_wcesdk_IPOutlookItemCollection_FindNext	IPOutlookItemCollection::FindNext
_wcesdk_IPOutlookItemCollection_Item	IPOutlookItemCollection::Item
_wcesdk_IPOutlookItemCollection_PropertyList	IPOutlookItemCollection Property Methods
_wcesdk_IPOutlookItemCollection_Remove	IPOutlookItemCollection::Remove
_wcesdk_IPOutlookItemCollection_Restrict	IPOutlookItemCollection::Restrict
_wcesdk_IPOutlookItemCollection_Sort	IPOutlookItemCollection::Sort
_wcesdk_IPOutlookItemCollection__Unknown	IPOutlookItemCollection::Unknown
_wcesdk_IP_Group	IP Group
_wcesdk_IP_Helper_Code_Samples	IP Helper Code Samples
_wcesdk_IP_Multicasting	IP Multicasting
_wcesdk_IPegasusFileFilterSite_CloseDestinationFile	IPegasusFileFilterSite::CloseDestinationFile
_wcesdk_IPegasusFileFilterSite_CloseSourceFile	IPegasusFileFilterSite::CloseSourceFile
_wcesdk_IPegasusFileFilterSite_IUnknown	IPegasusFileFilterSite
_wcesdk_IPegasusFileFilterSite_OpenDestinationFile	IPegasusFileFilterSite::OpenDestinationFile
_wcesdk_IPegasusFileFilterSite_OpenSourceFile	IPegasusFileFilterSite::OpenSourceFile
_wcesdk_IPegasusFileFilterSite_ReportLoss	IPegasusFileFilterSite::ReportLoss
_wcesdk_IPegasusFileFilterSite_ReportProgress	IPegasusFileFilterSite::ReportProgress
_wcesdk_IPegasusFileFilter_FilterOptions	IPegasusFileFilter::FilterOptions
_wcesdk_IPegasusFileFilter_FormatMessage	IPegasusFileFilter::FormatMessage
_wcesdk_IPegasusFileFilter_IUnknown	IPegasusFileFilter
_wcesdk_IPegasusFileFilter_NextConvertFile	IPegasusFileFilter::NextConvertFile
_wcesdk_IRAPIStream	IRAPIStream
_wcesdk_IRAPIStream_GetRapiStat	IRAPIStream::GetRapiStat
_wcesdk_IRAPIStream_SetRapiStat	IRAPIStream::SetRapiStat
_wcesdk_IRecipient_PropertyList	IRecipient Property Methods
_wcesdk_IRecipient_Unknown	IRecipient::Unknown
_wcesdk_IRecipients_Add	IRecipients::Add
_wcesdk_IRecipients_Item	IRecipients::Item
_wcesdk_IRecipients_PropertyList	IRecipients Property Methods
_wcesdk_IRecipients_Remove	IRecipients::Remove
_wcesdk_IRecipients_Unknown	IRecipients::Unknown
_wcesdk_IRecurrencePattern_GetOccurrence	IRecurrencePattern::GetOccurrence
_wcesdk_IRecurrencePattern_PropertyList	IRecurrencePattern Property Methods
_wcesdk_IRecurrencePattern_Unknown	IRecurrencePattern::Unknown
_wcesdk_IReplNotify_GetWindow	IReplNotify::GetWindow
_wcesdk_IReplNotify_IUnknown	IReplNotify
_wcesdk_IReplNotify_OnItemCompleted	IReplNotify::OnItemCompleted
_wcesdk_IReplNotify_OnItemNotify	IReplNotify::OnItemNotify
_wcesdk_IReplNotify_QueryDevice	IReplNotify::QueryDevice
_wcesdk_IReplNotify_SetStatusText	IReplNotify::SetStatusText
_wcesdk_IReplObjHandler_DeleteObj	IReplObjHandler::DeleteObj
_wcesdk_IReplObjHandler_GetPacket	IReplObjHandler::GetPacket
_wcesdk_IReplObjHandler_IUnknown	IReplObjHandler
_wcesdk_IReplObjHandler_Reset	IReplObjHandler::Reset
_wcesdk_IReplObjHandler_SetPacket	IReplObjHandler::SetPacket
_wcesdk_IReplObjHandler_Setup	IReplObjHandler::Setup
_wcesdk_IReplStore_ActivateDialog	IReplStore::ActivateDialog
_wcesdk_IReplStore_BytesToObject	IReplStore::BytesToObject
_wcesdk_IReplStore_CompareItem	IReplStore::CompareItem
_wcesdk_IReplStore_CompareStoreIDs	IReplStore::CompareStoreIDs
_wcesdk_IReplStore_CopyObject	IReplStore::CopyObject
_wcesdk_IReplStore_FindFirstItem	IReplStore::FindFirstItem
_wcesdk_IReplStore_FindItemClose	IReplStore::FindItemClose
_wcesdk_IReplStore_FindNextItem	IReplStore::FindNextItem
_wcesdk_IReplStore_FreeObject	IReplStore::FreeObject
_wcesdk_IReplStore_GetConflictInfo	IReplStore::GetConflictInfo
_wcesdk_IReplStore_GetFolderInfo	IReplStore::GetFolderInfo
_wcesdk_IReplStore_GetObjTypeUIData	IReplStore::GetObjTypeUIData
_wcesdk_IReplStore_GetStoreInfo	IReplStore::GetStoreInfo
_wcesdk_IReplStore_IUnknown	IReplStore
_wcesdk_IReplStore_Initialize	IReplStore::Initialize
_wcesdk_IReplStore_IsFolderChanged	IReplStore::IsFolderChanged
_wcesdk_IReplStore_IsItemChanged	IReplStore::IsItemChanged
_wcesdk_IReplStore_IsItemReplicated	IReplStore::IsItemReplicated
_wcesdk_IReplStore_IsValidObject	IReplStore::IsValidObject
_wcesdk_IReplStore_ObjectToBytes	IReplStore::ObjectToBytes
_wcesdk_IReplStore_RemoveDuplicates	IReplStore::RemoveDuplicates
_wcesdk_IReplStore_ReportStatus	IReplStore::ReportStatus
_wcesdk_IReplStore_UpdateItem	IReplStore::UpdateItem
_wcesdk_ITask_ClearRecurrencePattern	ITask::ClearRecurrencePattern
_wcesdk_ITask_Copy	ITask::Copy
_wcesdk_ITask_Delete	ITask::Delete
_wcesdk_ITask_Display	ITask::Display
_wcesdk_ITask_GetRecurrencePattern	ITask::GetRecurrencePattern
_wcesdk_ITask_PropertyList	ITask Property Methods
_wcesdk_ITask_Save	ITask::Save
_wcesdk_ITask_SkipRecurrence	ITask::SkipRecurrence
_wcesdk_ITask_Unknown	ITask::Unknown
_wcesdk_ITimeZone_PropertyList	ITimeZone Property Methods
_wcesdk_ITimeZone_Unknown	ITimeZone::Unknown
_wcesdk_Identifying_Incoming_Calls	Identifying Incoming Calls
_wcesdk_IdleTimeoutMS	IdleTimeoutMS
_wcesdk_Ignoring_a_Spelling_Error_or_Moving_to_the_Next_Word	Ignoring a Spelling Error or Moving to the Next Word
_wcesdk_ImageList_Copy	ImageList_Copy
_wcesdk_ImageList_Duplicate	ImageList_Duplicate
_wcesdk_ImageList_SetImageCount	ImageList_SetImageCount
_wcesdk_ImmCreateIMCC	ImmCreateIMCC
_wcesdk_ImmDestroyIMCC	ImmDestroyIMCC
_wcesdk_ImmGenerateMessage	ImmGenerateMessage
_wcesdk_ImmGetHotKey	ImmGetHotKey
_wcesdk_ImmGetIMCCLockCount	ImmGetIMCCLockCount
_wcesdk_ImmGetIMCCSize	ImmGetIMCCSize
_wcesdk_ImmGetIMCLockCount	ImmGetIMCLockCount
_wcesdk_ImmLockIMC	ImmLockIMC
_wcesdk_ImmLockIMCC	ImmLockIMCC
_wcesdk_ImmReSizeIMCC	ImmReSizeIMCC
_wcesdk_ImmSetHotKey	ImmSetHotKey
_wcesdk_ImmUnlockIMC	ImmUnlockIMC
_wcesdk_ImmUnlockIMCC	ImmUnlockIMCC
_wcesdk_Implementing_a_Dummy_File_Filter	Implementing a Dummy File Filter
_wcesdk_Implementing_a_Secure_Socket	Implementing a Secure Socket
_wcesdk_Implementing_and_Using_a_File_Filter	Implementing and Using a File Filter
_wcesdk_Importing_and_Exporting_Database_Tables	Importing and Exporting Database Tables
_wcesdk_Incoming_Calls	Incoming Calls
_wcesdk_Incoming_Calls_and_Line_Privileges	Incoming Calls and Line Privileges
_wcesdk_Informational_Notifications	Informational Notifications
_wcesdk_Infrared_Sockets_Client	Infrared Sockets Client
_wcesdk_Infrared_Sockets_Server	Infrared Sockets Server
_wcesdk_InitCommonControlsEx	InitCommonControlsEx
_wcesdk_InitHTMLControl	InitHTMLControl
_wcesdk_InitObjType	InitObjType
_wcesdk_Init_Key	Init Key
_wcesdk_Initializing_TAPI	Initializing TAPI
_wcesdk_Initializing_and_Registering_the_NAT_Editor	Initializing and Registering the NAT Editor
_wcesdk_Initializing_and_Terminating_Remote_Applications	Initializing and Terminating Remote Applications
_wcesdk_Initializing_the_SSPI	Initializing the SSPI
_wcesdk_Initializing_the_Spelling_Checker	Initializing the Spelling Checker
_wcesdk_Initializing_the_Spelling_Session_with_Single_and_Multiple_Applications	Initializing the Spelling Session with Single and Multiple Applications
_wcesdk_Input_Method_Editor_Constants	Input Method Editor Constants
_wcesdk_Input_Method_Registry_Values	Input Method Registry Values (Windows CE 3.0 User Interface Services)
_wcesdk_InsetRect	InsetRect
_wcesdk_Install_Exit	Install_Exit
_wcesdk_Install_Init	Install_Init
_wcesdk_Installation_and_Configuration_Guide	Installation and Configuration Guide
_wcesdk_Installing_Applications	Installing Applications
_wcesdk_Integrating_Engines_into_an_Application	Integrating Engines into an Application
_wcesdk_Integration_Techniques	Integration Techniques
_wcesdk_Interfaces_Group	Interfaces Group
_wcesdk_InterlockedTestExchange	InterlockedTestExchange
_wcesdk_InternalExposedHost	InternalExposedHost
_wcesdk_InternalName	InternalName
_wcesdk_InternalPort	InternalPort
_wcesdk_Internationalized_Sample_Application	Internationalized Sample Application
_wcesdk_Internationalizing_Software	Internationalizing Software
_wcesdk_InternetErrorDlg	InternetErrorDlg
_wcesdk_InternetGetCookie	InternetGetCookie
_wcesdk_InternetGoOnline	InternetGoOnline
_wcesdk_InternetLockRequestFile	InternetLockRequestFile
_wcesdk_InternetReadFileEx	InternetReadFileEx
_wcesdk_InternetSetCookie	InternetSetCookie
_wcesdk_InternetSetFilePointer	InternetSetFilePointer
_wcesdk_InternetUnlockRequestFile	InternetUnlockRequestFile
_wcesdk_InternetWriteFile	InternetWriteFile
_wcesdk_Internet_Connection_Sharing	Internet Connection Sharing
_wcesdk_Internet_Control_Message_Protocol__ICMP_	Internet Control Message Protocol (ICMP)
_wcesdk_Internet_Group_Management_Protocol_IGMP	Internet Group Management Protocol (IGMP)
_wcesdk_Internet_Protocol_Address_Classes	Internet Protocol Address Classes
_wcesdk_Internet_Protocol_Helper_APIs	Internet Protocol Helper APIs
_wcesdk_Internet_Protocol_IP	Internet Protocol (IP)
_wcesdk_Internet_Router_Discovery_Protocol_IRDP	Internet Router Discovery Protocol (IRDP)
_wcesdk_Introducing_Smart_Cards_to_the_System	Introducing Smart Cards to the System
_wcesdk_Introduction_to_User_Interface_Services_on_Windows_CE	Introduction to User Interface Services on Windows CE (Windows CE 3.0 User Interface Services)
_wcesdk_Invoking_Functions_and_Applications	Invoking Functions and Applications
_wcesdk_Invoking_Functions_from_a_Desktop_Computer	Invoking Functions from a Desktop Computer
_wcesdk_IrCOMM	IrCOMM
_wcesdk_IrDA_network_adapters	IrDA network adapters
_wcesdk_IrSIR	IrSIR
_wcesdk_IrSock_Addressing	IrSock Addressing
_wcesdk_IrSock_Enhanced_Socket_Options	IrSock Enhanced Socket Options
_wcesdk_IrSock_Name_Service	IrSock Name Service
_wcesdk_IsCharAlpha	IsCharAlpha
_wcesdk_IsCharAlphaNumeric	IsCharAlphaNumeric
_wcesdk_IsEnabled	IsEnabled
_wcesdk_Joining_and_Leaving_a_Multicast_Group	Joining and Leaving a Multicast Group
_wcesdk_KernelIoControl	KernelIoControl
_wcesdk_Key_BLOBs	Key BLOBs
_wcesdk_Key_Databases	Key Databases
_wcesdk_Key_Length_Comparison	Key Length Comparison
_wcesdk_LCTYPE_Constants	LCTYPE Constants
_wcesdk_LMDATA	LMDATA
_wcesdk_LVCOLUMN	LVCOLUMN
_wcesdk_LVFINDINFO	LVFINDINFO
_wcesdk_LVHITTESTINFO	LVHITTESTINFO
_wcesdk_LVITEM	LVITEM
_wcesdk_LVM_APPROXIMATEVIEWRECT	LVM_APPROXIMATEVIEWRECT
_wcesdk_LVM_ARRANGE	LVM_ARRANGE
_wcesdk_LVM_CREATEDRAGIMAGE	LVM_CREATEDRAGIMAGE
_wcesdk_LVM_DELETEALLITEMS	LVM_DELETEALLITEMS
_wcesdk_LVM_DELETECOLUMN	LVM_DELETECOLUMN
_wcesdk_LVM_DELETEITEM	LVM_DELETEITEM
_wcesdk_LVM_EDITLABEL	LVM_EDITLABEL
_wcesdk_LVM_ENSUREVISIBLE	LVM_ENSUREVISIBLE
_wcesdk_LVM_FINDITEM	LVM_FINDITEM
_wcesdk_LVM_GETBKCOLOR	LVM_GETBKCOLOR
_wcesdk_LVM_GETCALLBACKMASK	LVM_GETCALLBACKMASK
_wcesdk_LVM_GETCOLUMN	LVM_GETCOLUMN
_wcesdk_LVM_GETCOLUMNORDERARRAY	LVM_GETCOLUMNORDERARRAY
_wcesdk_LVM_GETCOLUMNWIDTH	LVM_GETCOLUMNWIDTH
_wcesdk_LVM_GETCOUNTPERPAGE	LVM_GETCOUNTPERPAGE
_wcesdk_LVM_GETEDITCONTROL	LVM_GETEDITCONTROL
_wcesdk_LVM_GETEXTENDEDLISTVIEWSTYLE	LVM_GETEXTENDEDLISTVIEWSTYLE
_wcesdk_LVM_GETHEADER	LVM_GETHEADER
_wcesdk_LVM_GETIMAGELIST	LVM_GETIMAGELIST
_wcesdk_LVM_GETISEARCHSTRING	LVM_GETISEARCHSTRING
_wcesdk_LVM_GETITEM	LVM_GETITEM
_wcesdk_LVM_GETITEMCOUNT	LVM_GETITEMCOUNT
_wcesdk_LVM_GETITEMPOSITION	LVM_GETITEMPOSITION
_wcesdk_LVM_GETITEMRECT	LVM_GETITEMRECT
_wcesdk_LVM_GETITEMSPACING	LVM_GETITEMSPACING
_wcesdk_LVM_GETITEMSTATE	LVM_GETITEMSTATE
_wcesdk_LVM_GETITEMTEXT	LVM_GETITEMTEXT
_wcesdk_LVM_GETNEXTITEM	LVM_GETNEXTITEM
_wcesdk_LVM_GETORIGIN	LVM_GETORIGIN
_wcesdk_LVM_GETSELECTEDCOUNT	LVM_GETSELECTEDCOUNT
_wcesdk_LVM_GETSELECTIONMARK	LVM_GETSELECTIONMARK
_wcesdk_LVM_GETSTRINGWIDTH	LVM_GETSTRINGWIDTH
_wcesdk_LVM_GETSUBITEMRECT	LVM_GETSUBITEMRECT
_wcesdk_LVM_GETTEXTBKCOLOR	LVM_GETTEXTBKCOLOR
_wcesdk_LVM_GETTEXTCOLOR	LVM_GETTEXTCOLOR
_wcesdk_LVM_GETTOPINDEX	LVM_GETTOPINDEX
_wcesdk_LVM_GETVIEWRECT	LVM_GETVIEWRECT
_wcesdk_LVM_HITTEST	LVM_HITTEST
_wcesdk_LVM_INSERTCOLUMN	LVM_INSERTCOLUMN
_wcesdk_LVM_INSERTITEM	LVM_INSERTITEM
_wcesdk_LVM_REDRAWITEMS	LVM_REDRAWITEMS
_wcesdk_LVM_SCROLL	LVM_SCROLL
_wcesdk_LVM_SETBKCOLOR	LVM_SETBKCOLOR
_wcesdk_LVM_SETCALLBACKMASK	LVM_SETCALLBACKMASK
_wcesdk_LVM_SETCOLUMN	LVM_SETCOLUMN
_wcesdk_LVM_SETCOLUMNORDERARRAY	LVM_SETCOLUMNORDERARRAY
_wcesdk_LVM_SETCOLUMNWIDTH	LVM_SETCOLUMNWIDTH
_wcesdk_LVM_SETEXTENDEDLISTVIEWSTYLE	LVM_SETEXTENDEDLISTVIEWSTYLE
_wcesdk_LVM_SETICONSPACING	LVM_SETICONSPACING
_wcesdk_LVM_SETIMAGELIST	LVM_SETIMAGELIST
_wcesdk_LVM_SETITEM	LVM_SETITEM
_wcesdk_LVM_SETITEMCOUNT	LVM_SETITEMCOUNT
_wcesdk_LVM_SETITEMPOSITION	LVM_SETITEMPOSITION
_wcesdk_LVM_SETITEMPOSITION32	LVM_SETITEMPOSITION32
_wcesdk_LVM_SETITEMSTATE	LVM_SETITEMSTATE
_wcesdk_LVM_SETITEMTEXT	LVM_SETITEMTEXT
_wcesdk_LVM_SETSELECTIONMARK	LVM_SETSELECTIONMARK
_wcesdk_LVM_SETTEXTBKCOLOR	LVM_SETTEXTBKCOLOR
_wcesdk_LVM_SETTEXTCOLOR	LVM_SETTEXTCOLOR
_wcesdk_LVM_SORTITEMS	LVM_SORTITEMS
_wcesdk_LVM_SUBITEMHITTEST	LVM_SUBITEMHITTEST
_wcesdk_LVM_UPDATE	LVM_UPDATE
_wcesdk_LVN_ENDDRAG	LVN_ENDDRAG
_wcesdk_LVN_ITEMACTIVATE	LVN_ITEMACTIVATE
_wcesdk_LVN_MARQUEEBEGIN	LVN_MARQUEEBEGIN
_wcesdk_LVN_ODCACHEHINT	LVN_ODCACHEHINT
_wcesdk_LVN_ODFINDITEM	LVN_ODFINDITEM
_wcesdk_LVN_ODSTATECHANGED	LVN_ODSTATECHANGED
_wcesdk_Language_Identifiers_and_Locales	Language Identifiers and Locales
_wcesdk_Line_Device	Line Device
_wcesdk_Line_Device_Functions	Line Device Functions
_wcesdk_ListView_ApproximateViewRect	ListView_ApproximateViewRect
_wcesdk_ListView_Arrange	ListView_Arrange
_wcesdk_ListView_CreateDragImage	ListView_CreateDragImage
_wcesdk_ListView_DeleteAllItems	ListView_DeleteAllItems
_wcesdk_ListView_DeleteColumn	ListView_DeleteColumn
_wcesdk_ListView_DeleteItem	ListView_DeleteItem
_wcesdk_ListView_EditLabel	ListView_EditLabel
_wcesdk_ListView_EnsureVisible	ListView_EnsureVisible
_wcesdk_ListView_FindItem	ListView_FindItem
_wcesdk_ListView_GetBkColor	ListView_GetBkColor
_wcesdk_ListView_GetCallbackMask	ListView_GetCallbackMask
_wcesdk_ListView_GetCheckState	ListView_GetCheckState
_wcesdk_ListView_GetColumn	ListView_GetColumn
_wcesdk_ListView_GetColumnOrderArray	ListView_GetColumnOrderArray
_wcesdk_ListView_GetColumnWidth	ListView_GetColumnWidth
_wcesdk_ListView_GetCountPerPage	ListView_GetCountPerPage
_wcesdk_ListView_GetEditControl	ListView_GetEditControl
_wcesdk_ListView_GetExtendedListViewStyle	ListView_GetExtendedListViewStyle
_wcesdk_ListView_GetHeader	ListView_GetHeader
_wcesdk_ListView_GetISearchString	ListView_GetISearchString
_wcesdk_ListView_GetImageList	ListView_GetImageList
_wcesdk_ListView_GetItem	ListView_GetItem
_wcesdk_ListView_GetItemCount	ListView_GetItemCount
_wcesdk_ListView_GetItemPosition	ListView_GetItemPosition
_wcesdk_ListView_GetItemRect	ListView_GetItemRect
_wcesdk_ListView_GetItemSpacing	ListView_GetItemSpacing
_wcesdk_ListView_GetItemState	ListView_GetItemState
_wcesdk_ListView_GetItemText	ListView_GetItemText
_wcesdk_ListView_GetNextItem	ListView_GetNextItem
_wcesdk_ListView_GetOrigin	ListView_GetOrigin
_wcesdk_ListView_GetSelectedCount	ListView_GetSelectedCount
_wcesdk_ListView_GetSelectionMark	ListView_GetSelectionMark
_wcesdk_ListView_GetStringWidth	ListView_GetStringWidth
_wcesdk_ListView_GetSubItemRect	ListView_GetSubItemRect
_wcesdk_ListView_GetTextBkColor	ListView_GetTextBkColor
_wcesdk_ListView_GetTextColor	ListView_GetTextColor
_wcesdk_ListView_GetTopIndex	ListView_GetTopIndex
_wcesdk_ListView_GetViewRect	ListView_GetViewRect
_wcesdk_ListView_HitTest	ListView_HitTest
_wcesdk_ListView_InsertColumn	ListView_InsertColumn
_wcesdk_ListView_InsertItem	ListView_InsertItem
_wcesdk_ListView_RedrawItems	ListView_RedrawItems
_wcesdk_ListView_Scroll	ListView_Scroll
_wcesdk_ListView_SetBkColor	ListView_SetBkColor
_wcesdk_ListView_SetCallbackMask	ListView_SetCallbackMask
_wcesdk_ListView_SetColumn	ListView_SetColumn
_wcesdk_ListView_SetColumnOrderArray	ListView_SetColumnOrderArray
_wcesdk_ListView_SetColumnWidth	ListView_SetColumnWidth
_wcesdk_ListView_SetExtendedListViewStyle	ListView_SetExtendedListViewStyle
_wcesdk_ListView_SetIconSpacing	ListView_SetIconSpacing
_wcesdk_ListView_SetImageList	ListView_SetImageList
_wcesdk_ListView_SetItem	ListView_SetItem
_wcesdk_ListView_SetItemCount	ListView_SetItemCount
_wcesdk_ListView_SetItemCountEx	ListView_SetItemCountEx
_wcesdk_ListView_SetItemPosition	ListView_SetItemPosition
_wcesdk_ListView_SetItemPosition32	ListView_SetItemPosition32
_wcesdk_ListView_SetItemState	ListView_SetItemState
_wcesdk_ListView_SetItemText	ListView_SetItemText
_wcesdk_ListView_SetSelectionMark	ListView_SetSelectionMark
_wcesdk_ListView_SetTextBkColor	ListView_SetTextBkColor
_wcesdk_ListView_SetTextColor	ListView_SetTextColor
_wcesdk_ListView_SortItems	ListView_SortItems
_wcesdk_ListView_SubItemHitTest	ListView_SubItemHitTest
_wcesdk_ListView_Update	ListView_Update
_wcesdk_Listing_Addresses	Listing Addresses
_wcesdk_LoadFSD	LoadFSD
_wcesdk_LoadFSDEx	LoadFSDEx
_wcesdk_Loading_an_Administrative_Web_Page_on_a_Gateway	Loading an Administrative Web Page on a Gateway
_wcesdk_Loading_and_Activating_an_Accelerator_Table	Loading and Activating an Accelerator Table (Windows CE 3.0 User Interface Services)
_wcesdk_Loading_the_Dictionaries	Loading the Dictionaries
_wcesdk_Locale_Identifiers	Locale Identifiers
_wcesdk_Locating_a_Printer_on_a_Network	Locating a Printer on a Network
_wcesdk_Logical_and_Physical_Stores	Logical and Physical Stores
_wcesdk_MCHITTESTINFO	MCHITTESTINFO
_wcesdk_MCM_GETCOLOR	MCM_GETCOLOR
_wcesdk_MCM_GETCURSEL	MCM_GETCURSEL
_wcesdk_MCM_GETFIRSTDAYOFWEEK	MCM_GETFIRSTDAYOFWEEK
_wcesdk_MCM_GETMAXSELCOUNT	MCM_GETMAXSELCOUNT
_wcesdk_MCM_GETMAXTODAYWIDTH	MCM_GETMAXTODAYWIDTH
_wcesdk_MCM_GETMINREQRECT	MCM_GETMINREQRECT
_wcesdk_MCM_GETMONTHDELTA	MCM_GETMONTHDELTA
_wcesdk_MCM_GETMONTHRANGE	MCM_GETMONTHRANGE
_wcesdk_MCM_GETRANGE	MCM_GETRANGE
_wcesdk_MCM_GETSELRANGE	MCM_GETSELRANGE
_wcesdk_MCM_GETTODAY	MCM_GETTODAY
_wcesdk_MCM_HITTEST	MCM_HITTEST
_wcesdk_MCM_SETCOLOR	MCM_SETCOLOR
_wcesdk_MCM_SETCURSEL	MCM_SETCURSEL
_wcesdk_MCM_SETDAYSTATE	MCM_SETDAYSTATE
_wcesdk_MCM_SETFIRSTDAYOFWEEK	MCM_SETFIRSTDAYOFWEEK
_wcesdk_MCM_SETMAXSELCOUNT	MCM_SETMAXSELCOUNT
_wcesdk_MCM_SETMONTHDELTA	MCM_SETMONTHDELTA
_wcesdk_MCM_SETRANGE	MCM_SETRANGE
_wcesdk_MCM_SETSELRANGE	MCM_SETSELRANGE
_wcesdk_MCM_SETTODAY	MCM_SETTODAY
_wcesdk_MCN_GETDAYSTATE	MCN_GETDAYSTATE
_wcesdk_MCN_SELCHANGE	MCN_SELCHANGE
_wcesdk_MCN_SELECT	MCN_SELECT
_wcesdk_MIB-II	MIB-II
_wcesdk_MKDIR	MKDIR
_wcesdk_Maintaining_Route_Tables	Maintaining Route Tables
_wcesdk_Making_a_Phone_Call	Making a Phone Call
_wcesdk_Management_Information_Base	Management Information Base
_wcesdk_Managing_Certificates_with_Certificate_Stores	Managing Certificates with Certificate Stores
_wcesdk_Managing_Connection_Notifications_File_Conversions_and_Partnerships	Managing Connection Notifications, File Converters, and Partnerships
_wcesdk_Managing_IP_Addresses	Managing IP Addresses
_wcesdk_Managing_Interfaces	Managing Interfaces
_wcesdk_Managing_Network_Adapters	Managing Network Adapters
_wcesdk_Managing_Network_Connections_with_WNet	Managing Network Connections with WNet
_wcesdk_Managing_Program_Memory	Managing Program Memory
_wcesdk_Managing_Routing	Managing Routing
_wcesdk_Managing_a_Certificate_Stores_State	Managing a Certificate Store's State
_wcesdk_Manipulating_File_Times	Manipulating File Times
_wcesdk_Manually_Configuring_an_IP_Address	Manually Configuring an IP Address
_wcesdk_MapWindowRect	MapWindowRect
_wcesdk_Mapping_Machine_Names_to_IP_Addresses_on_the_Local_Network	Mapping Machine Names to IP Addresses on the Local Network
_wcesdk_Mapping_an_IP_Multicast_Address	Mapping an IP Multicast Address
_wcesdk_Maximum_Transmission_Unit_MTU	Maximum Transmission Unit (MTU)
_wcesdk_Memory_Mapping_a_File	Memory Mapping a File
_wcesdk_Memory_Use_and_Buffers	Memory Use and Buffers
_wcesdk_Message_Boxes	Message Boxes (Windows CE 3.0 User Interface Services)
_wcesdk_Microsoft_Cryptographic_System	Microsoft Cryptographic System
_wcesdk_Microsoft_RSA_Base_Provider	Microsoft RSA Base Provider
_wcesdk_Mini_Connectors	Mini-Connectors
_wcesdk_MiniportCheckForHang	MiniportCheckForHang
_wcesdk_MiniportDisableInterrupt	MiniportDisableInterrupt
_wcesdk_MiniportEnableInterrupt	MiniportEnableInterrupt
_wcesdk_MiniportHalt	MiniportHalt
_wcesdk_MiniportHandleInterrupt	MiniportHandleInterrupt
_wcesdk_MiniportISR	MiniportISR
_wcesdk_MiniportInitialize	MiniportInitialize
_wcesdk_MiniportQueryInformation	MiniportQueryInformation
_wcesdk_MiniportReconfigure	MiniportReconfigure
_wcesdk_MiniportReset	MiniportReset
_wcesdk_MiniportReturnPacket	MiniportReturnPacket
_wcesdk_MiniportSend	MiniportSend
_wcesdk_MiniportSetInformation	MiniportSetInformation
_wcesdk_MiniportTransferData	MiniportTransferData
_wcesdk_MiniportWanSend	MiniportWanSend
_wcesdk_Modifying_Control_Position_and_Acceleration	Modifying Control Position and Acceleration (Windows CE 3.0 User Interface Services)
_wcesdk_Modifying_External_and_Internal_Dictionary_Lists	Modifying External and Internal Dictionary Lists
_wcesdk_Modifying_Registry_Keys_Used_by_the_Redirector	Modifying Registry Keys Used by the Redirector
_wcesdk_Modifying_Tree_View_Item_Appearance	Modifying Tree-View Item Appearance (Windows CE 3.0 User Interface Services)
_wcesdk_Modifying_the_Sort_Order	Modifying the Sort Order
_wcesdk_Modifying_the_Text_Buffer	Modifying the Text Buffer (Windows CE 3.0 User Interface Services)
_wcesdk_MonthCal_GetColor	MonthCal_GetColor
_wcesdk_MonthCal_GetCurSel	MonthCal_GetCurSel
_wcesdk_MonthCal_GetFirstDayOfWeek	MonthCal_GetFirstDayOfWeek
_wcesdk_MonthCal_GetMaxSelCount	MonthCal_GetMaxSelCount
_wcesdk_MonthCal_GetMaxTodayWidth	MonthCal_GetMaxTodayWidth
_wcesdk_MonthCal_GetMinReqRect	MonthCal_GetMinReqRect
_wcesdk_MonthCal_GetMonthDelta	MonthCal_GetMonthDelta
_wcesdk_MonthCal_GetMonthRange	MonthCal_GetMonthRange
_wcesdk_MonthCal_GetRange	MonthCal_GetRange
_wcesdk_MonthCal_GetSelRange	MonthCal_GetSelRange
_wcesdk_MonthCal_GetToday	MonthCal_GetToday
_wcesdk_MonthCal_HitTest	MonthCal_HitTest
_wcesdk_MonthCal_SetColor	MonthCal_SetColor
_wcesdk_MonthCal_SetCurSel	MonthCal_SetCurSel
_wcesdk_MonthCal_SetDayState	MonthCal_SetDayState
_wcesdk_MonthCal_SetFirstDayOfWeek	MonthCal_SetFirstDayOfWeek
_wcesdk_MonthCal_SetMaxSelCount	MonthCal_SetMaxSelCount
_wcesdk_MonthCal_SetMonthDelta	MonthCal_SetMonthDelta
_wcesdk_MonthCal_SetRange	MonthCal_SetRange
_wcesdk_MonthCal_SetSelRange	MonthCal_SetSelRange
_wcesdk_MonthCal_SetToday	MonthCal_SetToday
_wcesdk_Mounted_Database_Example	Mounted Database Example
_wcesdk_Mounting_and_Unmounting_a_Database_Volume	Mounting and Unmounting a Database Volume
_wcesdk_Moving_and_Copying_Files_and_Directories	Moving and Copying Files and Directories
_wcesdk_Multicast_Extensions_to_Windows_Sockets	Multicast Extensions to Windows Sockets
_wcesdk_Multihoming	Multihoming
_wcesdk_MyFSD_CloseFile	MyFSD_CloseFile
_wcesdk_MyFSD_CloseVolume	MyFSD_CloseVolume
_wcesdk_MyFSD_CreateDirectoryW	MyFSD_CreateDirectoryW
_wcesdk_MyFSD_CreateFileW	MyFSD_CreateFileW
_wcesdk_MyFSD_DeleteAndRenameFileW	MyFSD_DeleteAndRenameFileW
_wcesdk_MyFSD_DeleteFileW	MyFSD_DeleteFileW
_wcesdk_MyFSD_DeviceIoControl	MyFSD_DeviceIoControl
_wcesdk_MyFSD_FindClose	MyFSD_FindClose
_wcesdk_MyFSD_FindFirstFileW	MyFSD_FindFirstFileW
_wcesdk_MyFSD_FindNextFileW	MyFSD_FindNextFileW
_wcesdk_MyFSD_FlushFileBuffers	MyFSD_FlushFileBuffers
_wcesdk_MyFSD_GetDiskFreeSpaceW	MyFSD_GetDiskFreeSpaceW
_wcesdk_MyFSD_GetFileAttributesW	MyFSD_GetFileAttributesW
_wcesdk_MyFSD_GetFileInformationByHandle	MyFSD_GetFileInformationByHandle
_wcesdk_MyFSD_GetFileSize	MyFSD_GetFileSize
_wcesdk_MyFSD_GetFileTime	MyFSD_GetFileTime
_wcesdk_MyFSD_MountDisk	MyFSD_MountDisk
_wcesdk_MyFSD_MoveFileW	MyFSD_MoveFileW
_wcesdk_MyFSD_Notify	MyFSD_Notify
_wcesdk_MyFSD_ReadFile	MyFSD_ReadFile
_wcesdk_MyFSD_ReadFileWithSeek	MyFSD_ReadFileWithSeek
_wcesdk_MyFSD_RegisterFileSystemFunction	MyFSD_RegisterFileSystemFunction
_wcesdk_MyFSD_RemoveDirectoryW	MyFSD_RemoveDirectoryW
_wcesdk_MyFSD_SetEndOfFile	MyFSD_SetEndOfFile
_wcesdk_MyFSD_SetFileAttributesW	MyFSD_SetFileAttributesW
_wcesdk_MyFSD_SetFilePointer	MyFSD_SetFilePointer
_wcesdk_MyFSD_SetFileTime	MyFSD_SetFileTime
_wcesdk_MyFSD_UnmountDisk	MyFSD_UnmountDisk
_wcesdk_MyFSD_WriteFile	MyFSD_WriteFile
_wcesdk_MyFSD_WriteFileWithSeek	MyFSD_WriteFileWithSeek
_wcesdk_NAT_Editor_API	NAT Editor API
_wcesdk_NLSDemoexe_Code_Sample	NLSDemo.exe Code Sample
_wcesdk_NMCUSTOMDRAW	NMCUSTOMDRAW
_wcesdk_NMDATETIMECHANGE	NMDATETIMECHANGE
_wcesdk_NMDATETIMEFORMAT	NMDATETIMEFORMAT
_wcesdk_NMDATETIMEFORMATQUERY	NMDATETIMEFORMATQUERY
_wcesdk_NMDATETIMESTRING	NMDATETIMESTRING
_wcesdk_NMDATETIMEWMKEYDOWN	NMDATETIMEWMKEYDOWN
_wcesdk_NMDAYSTATE	NMDAYSTATE
_wcesdk_NMHDDISPINFO	NMHDDISPINFO
_wcesdk_NMHEADER	NMHEADER
_wcesdk_NMKEY	NMKEY
_wcesdk_NMLISTVIEW	NMLISTVIEW
_wcesdk_NMLVCACHEHINT	NMLVCACHEHINT
_wcesdk_NMLVCUSTOMDRAW	NMLVCUSTOMDRAW
_wcesdk_NMLVFINDITEM	NMLVFINDITEM
_wcesdk_NMLVKEYDOWN	NMLVKEYDOWN
_wcesdk_NMLVODSTATECHANGE	NMLVODSTATECHANGE
_wcesdk_NMMOUSE	NMMOUSE
_wcesdk_NMRBAUTOSIZE	NMRBAUTOSIZE
_wcesdk_NMREBAR	NMREBAR
_wcesdk_NMSELCHANGE	NMSELCHANGE
_wcesdk_NMTCKEYDOWN	NMTCKEYDOWN
_wcesdk_NMTOOLBAR	NMTOOLBAR
_wcesdk_NMTVCUSTOMDRAW	NMTVCUSTOMDRAW
_wcesdk_NMTVKEYDOWN	NMTVKEYDOWN
_wcesdk_NMUPDOWN	NMUPDOWN
_wcesdk_NM_BASE	NM_BASE
_wcesdk_NM_CLICK	NM_CLICK
_wcesdk_NM_CONTEXTMENU	NM_CONTEXTMENU
_wcesdk_NM_CUSTOMDRAW	NM_CUSTOMDRAW
_wcesdk_NM_HOTSPOT	NM_HOTSPOT
_wcesdk_NM_HTMLCONTEXT	NM_HTMLCONTEXT
_wcesdk_NM_HTMLVIEW	NM_HTMLVIEW
_wcesdk_NM_INLINE_IMAGE	NM_INLINE_IMAGE
_wcesdk_NM_INLINE_SOUND	NM_INLINE_SOUND
_wcesdk_NM_KEYDOWN	NM_KEYDOWN
_wcesdk_NM_META	NM_META
_wcesdk_NM_TITLE	NM_TITLE
_wcesdk_Nagle_Algorithm	Nagle Algorithm
_wcesdk_Name_Resolution_Using_the_Cache	Name Resolution Using the Cache
_wcesdk_Naming_a_Device	Naming a Device
_wcesdk_NdisAcquireSpinLock	NdisAcquireSpinLock
_wcesdk_NdisAdjustBufferLength	NdisAdjustBufferLength
_wcesdk_NdisAllocateBuffer	NdisAllocateBuffer
_wcesdk_NdisAllocateBufferPool	NdisAllocateBufferPool
_wcesdk_NdisAllocateMemory	NdisAllocateMemory
_wcesdk_NdisAllocatePacket	NdisAllocatePacket
_wcesdk_NdisAllocatePacketPool	NdisAllocatePacketPool
_wcesdk_NdisAllocateSpinLock	NdisAllocateSpinLock
_wcesdk_NdisAnsiStringToUnicodeString	NdisAnsiStringToUnicodeString
_wcesdk_NdisChainBufferAtBack	NdisChainBufferAtBack
_wcesdk_NdisChainBufferAtFront	NdisChainBufferAtFront
_wcesdk_NdisCloseAdapter	NdisCloseAdapter
_wcesdk_NdisCloseConfiguration	NdisCloseConfiguration
_wcesdk_NdisCopyFromPacketToPacket	NdisCopyFromPacketToPacket
_wcesdk_NdisDeregisterProtocol	NdisDeregisterProtocol
_wcesdk_NdisDprAcquireSpinLock	NdisDprAcquireSpinLock
_wcesdk_NdisDprReleaseSpinLock	NdisDprReleaseSpinLock
_wcesdk_NdisEqualString	NdisEqualString
_wcesdk_NdisFlushBuffer	NdisFlushBuffer
_wcesdk_NdisFreeBuffer	NdisFreeBuffer
_wcesdk_NdisFreeBufferPool	NdisFreeBufferPool
_wcesdk_NdisFreeMemory	NdisFreeMemory
_wcesdk_NdisFreePacket	NdisFreePacket
_wcesdk_NdisFreePacketPool	NdisFreePacketPool
_wcesdk_NdisFreeSpinLock	NdisFreeSpinLock
_wcesdk_NdisFreeString	NdisFreeString
_wcesdk_NdisGetFirstBufferFromPacket	NdisGetFirstBufferFromPacket
_wcesdk_NdisGetNextBuffer	NdisGetNextBuffer
_wcesdk_NdisGetPacketFlags	NdisGetPacketFlags
_wcesdk_NdisGetPhysicalAddressHigh	NdisGetPhysicalAddressHigh
_wcesdk_NdisGetPhysicalAddressLow	NdisGetPhysicalAddressLow
_wcesdk_NdisIMDeInitializeDeviceInstance	NdisIMDeInitializeDeviceInstance
_wcesdk_NdisIMGetDeviceContext	NdisIMGetDeviceContext
_wcesdk_NdisIMInitializeDeviceInstance	NdisIMInitializeDeviceInstance
_wcesdk_NdisIMInitializeDeviceInstanceEx	NdisIMInitializeDeviceInstanceEx
_wcesdk_NdisIMRegisterLayeredMiniport	NdisIMRegisterLayeredMiniport
_wcesdk_NdisIMRevertBack	NdisIMRevertBack
_wcesdk_NdisIMSwitchToMiniport	NdisIMSwitchToMiniport
_wcesdk_NdisInitAnsiString	NdisInitAnsiString
_wcesdk_NdisInitUnicodeString	NdisInitUnicodeString
_wcesdk_NdisInitializeListHead	NdisInitializeListHead
_wcesdk_NdisInitializeString	NdisInitializeString
_wcesdk_NdisInterlockedInsertHeadList	NdisInterlockedInsertHeadList
_wcesdk_NdisInterlockedInsertTailList	NdisInterlockedInsertTailList
_wcesdk_NdisInterlockedRemoveHeadList	NdisInterlockedRemoveHeadList
_wcesdk_NdisMAllocateMapRegisters	NdisMAllocateMapRegisters
_wcesdk_NdisMCancelTimer	NdisMCancelTimer
_wcesdk_NdisMDeregisterAdapterShutdownHandler	NdisMDeregisterAdapterShutdownHandler
_wcesdk_NdisMDeregisterInterrupt	NdisMDeregisterInterrupt
_wcesdk_NdisMDeregisterIoPortRange	NdisMDeregisterIoPortRange
_wcesdk_NdisMEthIndicateReceive	NdisMEthIndicateReceive
_wcesdk_NdisMEthIndicateReceiveComplete	NdisMEthIndicateReceiveComplete
_wcesdk_NdisMFreeMapRegisters	NdisMFreeMapRegisters
_wcesdk_NdisMIndicateReceivePacket	NdisMIndicateReceivePacket
_wcesdk_NdisMIndicateStatus	NdisMIndicateStatus
_wcesdk_NdisMIndicateStatusComplete	NdisMIndicateStatusComplete
_wcesdk_NdisMInitializeTimer	NdisMInitializeTimer
_wcesdk_NdisMInitializeWrapper	NdisMInitializeWrapper
_wcesdk_NdisMMapIoSpace	NdisMMapIoSpace
_wcesdk_NdisMPciAssignResources	NdisMPciAssignResources
_wcesdk_NdisMQueryInformationComplete	NdisMQueryInformationComplete
_wcesdk_NdisMRegisterAdapterShutdownHandler	NdisMRegisterAdapterShutdownHandler
_wcesdk_NdisMRegisterInterrupt	NdisMRegisterInterrupt
_wcesdk_NdisMRegisterIoPortRange	NdisMRegisterIoPortRange
_wcesdk_NdisMRegisterMiniport	NdisMRegisterMiniport
_wcesdk_NdisMResetComplete	NdisMResetComplete
_wcesdk_NdisMSendComplete	NdisMSendComplete
_wcesdk_NdisMSendResourcesAvailable	NdisMSendResourcesAvailable
_wcesdk_NdisMSetAttributes	NdisMSetAttributes
_wcesdk_NdisMSetAttributesEx	NdisMSetAttributesEx
_wcesdk_NdisMSetInformationComplete	NdisMSetInformationComplete
_wcesdk_NdisMSetPeriodicTimer	NdisMSetPeriodicTimer
_wcesdk_NdisMSetTimer	NdisMSetTimer
_wcesdk_NdisMSleep	NdisMSleep
_wcesdk_NdisMSynchronizeWithInterrupt	NdisMSynchronizeWithInterrupt
_wcesdk_NdisMTransferDataComplete	NdisMTransferDataComplete
_wcesdk_NdisMUnmapIoSpace	NdisMUnmapIoSpace
_wcesdk_NdisMUpdateSharedMemory	NdisMUpdateSharedMemory
_wcesdk_NdisMWanIndicateReceive	NdisMWanIndicateReceive
_wcesdk_NdisMWanIndicateReceiveComplete	NdisMWanIndicateReceiveComplete
_wcesdk_NdisMWanSendComplete	NdisMWanSendComplete
_wcesdk_NdisMoveFromMappedMemory	NdisMoveFromMappedMemory
_wcesdk_NdisMoveMappedMemory	NdisMoveMappedMemory
_wcesdk_NdisMoveMemory	NdisMoveMemory
_wcesdk_NdisMoveToMappedMemory	NdisMoveToMappedMemory
_wcesdk_NdisOpenAdapter	NdisOpenAdapter
_wcesdk_NdisOpenConfiguration	NdisOpenConfiguration
_wcesdk_NdisOpenProtocolConfiguration	NdisOpenProtocolConfiguration
_wcesdk_NdisPrintString	NdisPrintString
_wcesdk_NdisQueryBuffer	NdisQueryBuffer
_wcesdk_NdisQueryBufferOffset	NdisQueryBufferOffset
_wcesdk_NdisQueryMapRegisterCount	NdisQueryMapRegisterCount
_wcesdk_NdisQueryPacket	NdisQueryPacket
_wcesdk_NdisRawReadPortBufferUchar	NdisRawReadPortBufferUchar
_wcesdk_NdisRawReadPortBufferUlong	NdisRawReadPortBufferUlong
_wcesdk_NdisRawReadPortBufferUshort	NdisRawReadPortBufferUshort
_wcesdk_NdisRawReadPortUchar	NdisRawReadPortUchar
_wcesdk_NdisRawReadPortUlong	NdisRawReadPortUlong
_wcesdk_NdisRawReadPortUshort	NdisRawReadPortUshort
_wcesdk_NdisRawWritePortBufferUchar	NdisRawWritePortBufferUchar
_wcesdk_NdisRawWritePortBufferUlong	NdisRawWritePortBufferUlong
_wcesdk_NdisRawWritePortBufferUshort	NdisRawWritePortBufferUshort
_wcesdk_NdisRawWritePortUchar	NdisRawWritePortUchar
_wcesdk_NdisRawWritePortUlong	NdisRawWritePortUlong
_wcesdk_NdisRawWritePortUshort	NdisRawWritePortUshort
_wcesdk_NdisReadConfiguration	NdisReadConfiguration
_wcesdk_NdisReadNetworkAddress	NdisReadNetworkAddress
_wcesdk_NdisReadPciSlotInformation	NdisReadPciSlotInformation
_wcesdk_NdisRecalculatePacketCounts	NdisRecalculatePacketCounts
_wcesdk_NdisRegisterProtocol	NdisRegisterProtocol
_wcesdk_NdisReinitializePacket	NdisReinitializePacket
_wcesdk_NdisReleaseSpinLock	NdisReleaseSpinLock
_wcesdk_NdisRequest	NdisRequest
_wcesdk_NdisReset	NdisReset
_wcesdk_NdisReturnPackets	NdisReturnPackets
_wcesdk_NdisSend	NdisSend
_wcesdk_NdisSetPacketFlags	NdisSetPacketFlags
_wcesdk_NdisSetPhysicalAddressHigh	NdisSetPhysicalAddressHigh
_wcesdk_NdisSetPhysicalAddressLow	NdisSetPhysicalAddressLow
_wcesdk_NdisStallExecution	NdisStallExecution
_wcesdk_NdisTerminateWrapper	NdisTerminateWrapper
_wcesdk_NdisTransferData	NdisTransferData
_wcesdk_NdisUnchainBufferAtBack	NdisUnchainBufferAtBack
_wcesdk_NdisUnchainBufferAtFront	NdisUnchainBufferAtFront
_wcesdk_NdisUnicodeStringToAnsiString	NdisUnicodeStringToAnsiString
_wcesdk_NdisWriteConfiguration	NdisWriteConfiguration
_wcesdk_NdisWriteErrorLogEntry	NdisWriteErrorLogEntry
_wcesdk_NdisWritePciSlotInformation	NdisWritePciSlotInformation
_wcesdk_NdisZeroMappedMemory	NdisZeroMappedMemory
_wcesdk_NdisZeroMemory	NdisZeroMemory
_wcesdk_Network_Address_Translation	Network Address Translation
_wcesdk_Network_Folder	Network Folder
_wcesdk_Network_and_Transport_Layers	Network and Transport Layers
_wcesdk_Non-Configurable_Parameters	Non-Configurable Parameters
_wcesdk_Notification_Procedures	Notification Procedures
_wcesdk_OBJNOTIFY	OBJNOTIFY
_wcesdk_OBJTYPEINFO	OBJTYPEINFO
_wcesdk_OBJUIDATA	OBJUIDATA
_wcesdk_ObjectNotify	ObjectNotify
_wcesdk_Objects_and_Object_Identifiers	Objects and Object Identifiers
_wcesdk_Obtaining_the_Buffer_Size	Obtaining the Buffer Size
_wcesdk_Online_Help_Guide	Online Help Guide
_wcesdk_Open_Systems_Interconnection_Model	Open Systems Interconnection Model
_wcesdk_Opening_a_Database	Opening a Database
_wcesdk_Opening_a_Line	Opening a Line
_wcesdk_Opening_a_Port	Opening a Port
_wcesdk_Operation_of_the_DHCP_Allocator	Operation of the DHCP Allocator
_wcesdk_Operation_of_the_NAT_Editor	Operation of the NAT Editor
_wcesdk_Overview_of_CryptoAPI_Registry	Overview of the CryptoAPI Registry
_wcesdk_Overview_of_RAS	Overview of RAS
_wcesdk_Overview_of_the_IME_User_Interface	Overview of the IME User Interface (Windows CE 3.0 User Interface Services)
_wcesdk_Overview_of_the_Input_Method_System	Overview of the Input Method System (Windows CE 3.0 User Interface Services)
_wcesdk_PATH	PATH
_wcesdk_PBM_GETPOS	PBM_GETPOS
_wcesdk_PBM_GETRANGE	PBM_GETRANGE
_wcesdk_PBM_SETRANGE32	PBM_SETRANGE32
_wcesdk_PBRANGE	PBRANGE
_wcesdk_PC_Card_Modem_Registry_Key_Sample	PC Card Modem Registry Key Sample
_wcesdk_PC_Card_Network_Adapters	PC Card Network Adapters
_wcesdk_PFF_CONVERTINFO	PFF_CONVERTINFO
_wcesdk_PFF_DESTINATIONFILE	PFF_DESTINATIONFILE
_wcesdk_PFF_SOURCEFILE	PFF_SOURCEFILE
_wcesdk_PPP_Implementation_in_Windows_CE	PPP Implementation in Windows CE
_wcesdk_PPP_Registry_Keys	PPP Registry Keys
_wcesdk_PPTP_Registry_Keys	PPTP Registry Keys
_wcesdk_PROMPT	PROMPT
_wcesdk_PSM_ADDPAGE	PSM_ADDPAGE
_wcesdk_PSM_APPLY	PSM_APPLY
_wcesdk_PSM_CANCELTOCLOSE	PSM_CANCELTOCLOSE
_wcesdk_PSM_CHANGED	PSM_CHANGED
_wcesdk_PSM_GETCURRENTPAGEHWND	PSM_GETCURRENTPAGEHWND
_wcesdk_PSM_GETTABCONTROL	PSM_GETTABCONTROL
_wcesdk_PSM_ISDIALOGMESSAGE	PSM_ISDIALOGMESSAGE
_wcesdk_PSM_PRESSBUTTON	PSM_PRESSBUTTON
_wcesdk_PSM_QUERYSIBLINGS	PSM_QUERYSIBLINGS
_wcesdk_PSM_REBOOTSYSTEM	PSM_REBOOTSYSTEM
_wcesdk_PSM_REMOVEPAGE	PSM_REMOVEPAGE
_wcesdk_PSM_RESTARTWINDOWS	PSM_RESTARTWINDOWS
_wcesdk_PSM_SETCURSEL	PSM_SETCURSEL
_wcesdk_PSM_SETCURSELID	PSM_SETCURSELID
_wcesdk_PSM_SETTITLE	PSM_SETTITLE
_wcesdk_PSM_SETWIZBUTTONS	PSM_SETWIZBUTTONS
_wcesdk_PSM_UNCHANGED	PSM_UNCHANGED
_wcesdk_PWD	PWD
_wcesdk_Parameters_Configurable_Using_the_Registry_Editor	Parameters Configurable Using the Registry Editor
_wcesdk_Parameters_Configurable_from_the_User_Interface	Parameters Configurable from the User Interface
_wcesdk_Partial_Recognition_Process	Partial Recognition Process (Windows CE 3.0 User Interface Services)
_wcesdk_Path_Maximum_Transmission_Unit_PMTU_Discovery	Path Maximum Transmission Unit (PMTU) Discovery
_wcesdk_Performing_Handwriting_Recognition	Performing Handwriting Recognition (Windows CE 3.0 User Interface Services)
_wcesdk_Performing_a_Spelling_Check_with_the_SplCheck_Function	Performing a Spelling Check with the SplCheck Function
_wcesdk_Performing_a_Spelling_Check_with_the_SplReplace_Function	Performing a Spelling Check with the SplReplace Function
_wcesdk_Phase_1__PPP_Link_Establishment	Phase 1: PPP Link Establishment
_wcesdk_Phase_2__PPP_User_Authentication	Phase 2: PPP User Authentication
_wcesdk_Phase_3__Invoking_Network_Layer_Protocols	Phase 3: Invoking Network Layer Protocols
_wcesdk_Phone_Book_Entries	Phone-Book Entries
_wcesdk_Phone_Book_Files_and_Connection_Data	Phone-Book Files and Connection Data
_wcesdk_Phone_Book_Operation	Phone-Book Operation
_wcesdk_Phone_Device	Phone Device
_wcesdk_Phone_Device_Functions	Phone Device Functions
_wcesdk_Physical_Layer	Physical Layer
_wcesdk_Ping	Ping
_wcesdk_Plug_and_Play	Plug and Play
_wcesdk_Pocket_Outlook_Constants	Pocket Outlook Constants
_wcesdk_Point_to_Point_Protocol	Point-to-Point Protocol
_wcesdk_Point_to_Point_Tunneling_Protocol	Point-to-Point Tunneling Protocol
_wcesdk_Port	Port
_wcesdk_Porting_a_TSP	Porting a TSP
_wcesdk_Porting_an_Application_to_Windows_CE	Porting an Application to Windows CE
_wcesdk_PostKeybdMessage	PostKeybdMessage
_wcesdk_Posting_Messages	Posting Messages (Windows CE 3.0 User Interface Services)
_wcesdk_Power_Management	Power Management
_wcesdk_Predefined_RAPI_Functions	Predefined RAPI Functions
_wcesdk_Preparing_for_Cultural_Differences	Preparing for Cultural Differences
_wcesdk_Preparing_for_Remote_Connection	Preparing for Remote Connection
_wcesdk_Preventing_Low_Memory_Situations	Preventing Low-Memory Situations
_wcesdk_Printing_on_a_Network	Printing on a Network
_wcesdk_PrivateInterface	PrivateInterface
_wcesdk_Processing_Character_Messages	Processing Character Messages (Windows CE 3.0 User Interface Services)
_wcesdk_Processing_Keyboard_Messages	Processing Keyboard Messages (Windows CE 3.0 User Interface Services)
_wcesdk_Processing_User_Input	Processing User Input (Windows CE 3.0 User Interface Services)
_wcesdk_Programming_Input_Methods	Programming Input Methods (Windows CE 3.0 User Interface Services)
_wcesdk_Programming_Serial_Connections	Programming Serial Connections
_wcesdk_Programming_an_Input_Panel	Programming an Input Panel (Windows CE 3.0 User Interface Services)
_wcesdk_Programming_and_Designing_a_Global_Application	Programming and Designing a Global Application
_wcesdk_Programming_with_Unicode_and_NLS	Programming with Unicode and NLS (Windows CE 3.0 User Interface Services)
_wcesdk_PropSheet_AddPage	PropSheet_AddPage
_wcesdk_PropSheet_Apply	PropSheet_Apply
_wcesdk_PropSheet_CancelToClose	PropSheet_CancelToClose
_wcesdk_PropSheet_Changed	PropSheet_Changed
_wcesdk_PropSheet_GetCurrentPageHwnd	PropSheet_GetCurrentPageHwnd
_wcesdk_PropSheet_GetTabControl	PropSheet_GetTabControl
_wcesdk_PropSheet_IsDialogMessage	PropSheet_IsDialogMessage
_wcesdk_PropSheet_PressButton	PropSheet_PressButton
_wcesdk_PropSheet_QuerySiblings	PropSheet_QuerySiblings
_wcesdk_PropSheet_RebootSystem	PropSheet_RebootSystem
_wcesdk_PropSheet_RemovePage	PropSheet_RemovePage
_wcesdk_PropSheet_RestartWindows	PropSheet_RestartWindows
_wcesdk_PropSheet_SetCurSel	PropSheet_SetCurSel
_wcesdk_PropSheet_SetCurSelByID	PropSheet_SetCurSelByID
_wcesdk_PropSheet_SetTitle	PropSheet_SetTitle
_wcesdk_PropSheet_SetWizButtons	PropSheet_SetWizButtons
_wcesdk_PropSheet_UnChanged	PropSheet_UnChanged
_wcesdk_Protocol	Protocol
_wcesdk_ProtocolBindAdapter	ProtocolBindAdapter
_wcesdk_ProtocolCloseAdapterComplete	ProtocolCloseAdapterComplete
_wcesdk_ProtocolOpenAdapterComplete	ProtocolOpenAdapterComplete
_wcesdk_ProtocolReceive	ProtocolReceive
_wcesdk_ProtocolReceiveComplete	ProtocolReceiveComplete
_wcesdk_ProtocolRequestComplete	ProtocolRequestComplete
_wcesdk_ProtocolResetComplete	ProtocolResetComplete
_wcesdk_ProtocolSendComplete	ProtocolSendComplete
_wcesdk_ProtocolStatus	ProtocolStatus
_wcesdk_ProtocolStatusComplete	ProtocolStatusComplete
_wcesdk_ProtocolTransferDataComplete	ProtocolTransferDataComplete
_wcesdk_ProtocolUnbindAdapter	ProtocolUnbindAdapter
_wcesdk_Providing_User_Feedback	Providing User Feedback
_wcesdk_PublicInterface	PublicInterface
_wcesdk_Push_Bit_Interpretation	Push Bit Interpretation
_wcesdk_Querying_for_Version_Information	Querying for Version Information
_wcesdk_RAPI	RAPI
_wcesdk_RAPIINIT	RAPIINIT
_wcesdk_RBHITTESTINFO	RBHITTESTINFO
_wcesdk_RBN_AUTOSIZE	RBN_AUTOSIZE
_wcesdk_RBN_BEGINDRAG	RBN_BEGINDRAG
_wcesdk_RBN_ENDDRAG	RBN_ENDDRAG
_wcesdk_RBN_HEIGHTCHANGE	RBN_HEIGHTCHANGE
_wcesdk_RBN_LAYOUTCHANGED	RBN_LAYOUTCHANGED
_wcesdk_RB_DELETEBAND	RB_DELETEBAND
_wcesdk_RB_GETBANDBORDERS	RB_GETBANDBORDERS
_wcesdk_RB_GETBANDCOUNT	RB_GETBANDCOUNT
_wcesdk_RB_GETBANDINFO	RB_GETBANDINFO
_wcesdk_RB_GETBARHEIGHT	RB_GETBARHEIGHT
_wcesdk_RB_GETBARINFO	RB_GETBARINFO
_wcesdk_RB_GETBKCOLOR	RB_GETBKCOLOR
_wcesdk_RB_GETRECT	RB_GETRECT
_wcesdk_RB_GETROWCOUNT	RB_GETROWCOUNT
_wcesdk_RB_GETROWHEIGHT	RB_GETROWHEIGHT
_wcesdk_RB_GETTEXTCOLOR	RB_GETTEXTCOLOR
_wcesdk_RB_HITTEST	RB_HITTEST
_wcesdk_RB_IDTOINDEX	RB_IDTOINDEX
_wcesdk_RB_INSERTBAND	RB_INSERTBAND
_wcesdk_RB_MAXIMIZEBAND	RB_MAXIMIZEBAND
_wcesdk_RB_MINIMIZEBAND	RB_MINIMIZEBAND
_wcesdk_RB_SETBANDINFO	RB_SETBANDINFO
_wcesdk_RB_SETBARINFO	RB_SETBARINFO
_wcesdk_RB_SETBKCOLOR	RB_SETBKCOLOR
_wcesdk_RB_SETPARENT	RB_SETPARENT
_wcesdk_RB_SETTEXTCOLOR	RB_SETTEXTCOLOR
_wcesdk_RB_SHOWBAND	RB_SHOWBAND
_wcesdk_RB_SIZETORECT	RB_SIZETORECT
_wcesdk_REBARBANDINFO	REBARBANDINFO
_wcesdk_REBARINFO	REBARINFO
_wcesdk_RECTL	RECTL
_wcesdk_REM	REM
_wcesdk_RENAME	RENAME
_wcesdk_REPLSETUP	REPLSETUP
_wcesdk_RMDIR	RMDIR
_wcesdk_RasEntryName1	RasEntryName1
_wcesdk_RasEntryName2	RasEntryName2
_wcesdk_Raw_IR	Raw IR
_wcesdk_Read_Write_Example	Read/Write Example
_wcesdk_Reading_Socket_Options	Reading Socket Options
_wcesdk_Reading_a_Record	Reading a Record
_wcesdk_Reading_a_Registry_Key_or_Value	Reading a Registry Key or Value
_wcesdk_Reading_and_Writing_File_Attributes	Reading and Writing File Attributes
_wcesdk_Reading_from_a_File	Reading from a File
_wcesdk_Reading_from_a_Serial_Port	Reading from a Serial Port
_wcesdk_Receiving_Input_from_an_Input_Panel	Receiving Input from an Input Panel (Windows CE 3.0 User Interface Services)
_wcesdk_Receiving_Keyboard_Input	Receiving Keyboard Input (Windows CE 3.0 User Interface Services)
_wcesdk_Receiving_Notification_of_Network_Events	Receiving Notification of Network Events
_wcesdk_Receiving_Spelling_Suggestions_from_the_Spelling_Checker	Receiving Spelling Suggestions from the Spelling Checker
_wcesdk_Receiving_Stylus_Input	Receiving Stylus Input (Windows CE 3.0 User Interface Services)
_wcesdk_Receiving_User_Input	Receiving User Input (Windows CE 3.0 User Interface Services)
_wcesdk_Receiving_an_IP_Multicast_Datagram	Receiving an IP Multicast Datagram
_wcesdk_Receiving_an_IP_Multicast_Datagram_Sample	Receiving an IP Multicast Datagram Sample
_wcesdk_Receiving_and_Dispatching_Messages	Receiving and Dispatching Messages (Windows CE 3.0 User Interface Services)
_wcesdk_Recognition_Process	Recognition Process (Windows CE 3.0 User Interface Services)
_wcesdk_Recognizing_a_Hand_Drawn_Character	Recognizing a Hand-Drawn Character (Windows CE 3.0 User Interface Services)
_wcesdk_Recovering_Memory_through_Application_Hibernation	Recovering Memory through Application Hibernation
_wcesdk_RedialAttempts	RedialAttempts
_wcesdk_RedialPauseTimeMS	RedialPauseTimeMS
_wcesdk_RegisterDevice	RegisterDevice
_wcesdk_Registering_File_Types_and_File_Filters	Registering File Types and File Filters
_wcesdk_Registering_a_File_Extension_Type	Registering a File Extension Type
_wcesdk_Registering_a_File_Filter	Registering a File Filter
_wcesdk_Registering_the_CSP	Registering the CSP
_wcesdk_Registering_with_Application_Manager	Registering with Application Manager
_wcesdk_Registry-based_Notification	Registry-based Notification
_wcesdk_Registry_Keys	Registry Keys
_wcesdk_Registry_Management_Functions	Registry Management Functions
_wcesdk_Relevant_RFCs	Relevant RFCs
_wcesdk_Relevant_RFCs_for_PPP	Relevant RFCs for PPP
_wcesdk_Remote_Access_Service	Remote Access Service
_wcesdk_Remote_Access_Service_Functions_and_Structures	Remote Access Service Functions and Structures
_wcesdk_ReportStatus	ReportStatus
_wcesdk_ReservedPortsEnd	ReservedPortsEnd
_wcesdk_ReservedPortsStart	ReservedPortsStart
_wcesdk_Resource_Inventory_and_Version_Negotiation	Resource Inventory and Version Negotiation
_wcesdk_Resource_Manager_Context_Functions	Resource Manager Context Functions
_wcesdk_Responding_to_the_Prepaint_Notification	Responding to the Prepaint Notification (Windows CE 3.0 User Interface Services)
_wcesdk_RetrieveUrlCacheEntryFile	RetrieveUrlCacheEntryFile
_wcesdk_Retrieving_File_and_Directory_Information	Retrieving File and Directory Information
_wcesdk_Retrieving_Information_About_Network_Configuration	Retrieving Information About Network Configuration
_wcesdk_Retrieving_Information_About_the_Transmission_Control_Protocol_and_the_User_Datagram_Protocol	Retrieving Information About the Transmission Control Protocol and the User Datagram Protocol
_wcesdk_Retrieving_Information_on_the_Internet_Protocol_and_the_Internet_Control_Message_Protocol	Retrieving Information on the Internet Protocol and the Internet Control Message Protocol
_wcesdk_Retrieving_Network_Data	Retrieving Network Data
_wcesdk_Retrieving_Network_Errors	Retrieving Network Errors
_wcesdk_Retrieving_Time_and_Date_Strings	Retrieving Time and Date Strings (Windows CE 3.0 User Interface Services)
_wcesdk_Retrieving_a_Connection_Name	Retrieving a Connection Name
_wcesdk_Retrieving_a_User_Name	Retrieving a User Name
_wcesdk_Route	Route
_wcesdk_Routing	Routing
_wcesdk_Running_ActiveSync_30_Silent_Mode_Setup_Using_SMS	Running ActiveSync 3.0 Silent Mode Setup Using SMS
_wcesdk_Running_Silent_Mode_Setup_from_the_Command_Line	Running Silent Mode Setup from the Command Line
_wcesdk_SBN_SIMPLEMODECHANGE	SBN_SIMPLEMODECHANGE
_wcesdk_SB_ISSIMPLE	SB_ISSIMPLE
_wcesdk_SET	SET
_wcesdk_SHCreateShortcut	SHCreateShortcut
_wcesdk_SHGetShortcutTarget	SHGetShortcutTarget
_wcesdk_SHGetSpecialFolderPath	SHGetSpecialFolderPath
_wcesdk_SHIFT	SHIFT
_wcesdk_SHLoadDIBitmap	SHLoadDIBitmap
_wcesdk_SHShowOutOfMemory	SHShowOutOfMemory
_wcesdk_SIPINFO_str	SIPINFO
_wcesdk_SNMP_API_Functions	SNMP API Functions
_wcesdk_SNMP_Configuration	SNMP Configuration
_wcesdk_SNMP_Extension_API_Functions	SNMP Extension API Functions
_wcesdk_SNMP_Extension_Agent	SNMP Extension Agent
_wcesdk_SNMP_Group	SNMP Group
_wcesdk_SNMP_Library_Files_and_Programs	SNMP Library Files and Programs
_wcesdk_SNMP_Operations	SNMP Operations
_wcesdk_SNMP_Structures	SNMP Structures
_wcesdk_SNMP_Terms	SNMP Terms
_wcesdk_SNMP_Utility_API_Functions	SNMP Utility API Functions
_wcesdk_SORTORDERSPEC	SORTORDERSPEC
_wcesdk_SPLBUFFER_str	SPLBUFFER
_wcesdk_SPLSUGGEST_str	SPLSUGGEST
_wcesdk_SSPI_Functions_and_Structures	SSPI Functions and Structures
_wcesdk_SSPI_Sample_Application	SSPI Sample Application
_wcesdk_STOREINFO	STOREINFO
_wcesdk_STORE_INFORMATION	STORE_INFORMATION
_wcesdk_SYSTEM_POWER_STATUS_EX	SYSTEM_POWER_STATUS_EX
_wcesdk_SYSTEM_POWER_STATUS_EX2	SYSTEM_POWER_STATUS_EX2
_wcesdk_Sample_Application	Sample Application
_wcesdk_Sample_Custom_Draw_Function	Sample Custom Draw Function (Windows CE 3.0 User Interface Services)
_wcesdk_Sample_Extension_Agent_Application	Sample Extension-Agent Application
_wcesdk_Sample_File_Filter_Registry_Entry	Sample File Filter Registry Entry
_wcesdk_Sample_RAPI_Application	Sample RAPI Application
_wcesdk_Sample_TSP	Sample TSP
_wcesdk_Sample_inf_File	Sample .inf File
_wcesdk_Sample_ini_File	Sample .ini File
_wcesdk_Scrolling_Through_Text_in_an_Edit_Control	Scrolling Through Text in an Edit Control (Windows CE 3.0 User Interface Services)
_wcesdk_Searching_for_a_File_or_Directory	Searching for a File or Directory
_wcesdk_Searching_for_a_Record	Searching for a Record
_wcesdk_Securing_the_Message_Exchange	Securing the Message Exchange
_wcesdk_Security_Services	Security Services
_wcesdk_Security_Support_Provider_Interface	Security Support Provider Interface
_wcesdk_Sending_Messages	Sending Messages (Windows CE 3.0 User Interface Services)
_wcesdk_Sending_an_IP_Multicast_Datagram	Sending an IP Multicast Datagram
_wcesdk_Sending_an_IP_Multicast_Datagram_Sample	Sending an IP Multicast Datagram Sample
_wcesdk_Separating_Help_Topics	Separating Help Topics
_wcesdk_Serial_Cables_and_Connectors	Serial Cables and Connectors
_wcesdk_Serial_Communications	Serial Communications
_wcesdk_Serial_Communications_Functions	Serial Communications Functions
_wcesdk_Serial_Protocols_and_the_OSI_Model	Serial Protocols and the OSI Model
_wcesdk_Session_Presentation_and_Application_Layers	Session, Presentation, and Application Layers
_wcesdk_SetDaylightTime	SetDaylightTime
_wcesdk_SetUrlCacheEntryGroup	SetUrlCacheEntryGroup
_wcesdk_SetUrlCacheEntryInfo	SetUrlCacheEntryInfo
_wcesdk_Setting_ForwardMetric_Values	Setting ForwardMetric Values
_wcesdk_Setting_Menu_Item_Attributes	Setting Menu Item Attributes (Windows CE 3.0 User Interface Services)
_wcesdk_Setting_Tab_Size_and_Position	Setting Tab Size and Position (Windows CE 3.0 User Interface Services)
_wcesdk_Setting_Up_the_HWXGUIDE_Structure	Setting Up the HWXGUIDE Structure (Windows CE 3.0 User Interface Services)
_wcesdk_Setting_Up_the_SPLBUFFER_Structure	Setting Up the SPLBUFFER Structure
_wcesdk_Setting_a_User_Name_and_Password	Setting a User Name and Password
_wcesdk_Setting_the_File_Pointer	Setting the File Pointer
_wcesdk_Setting_the_Machine_Default_CSP	Setting the Machine Default CSP
_wcesdk_Setting_the_Position_and_Scroll_Position_of_a_List_View_Item	Setting the Position and Scroll Position of a List View Item (Windows CE 3.0 User Interface Services)
_wcesdk_Setting_the_Range_and_Current_Position	Setting the Range and Current Position (Windows CE 3.0 User Interface Services)
_wcesdk_Setting_the_Size_and_Position_of_the_Header_Control	Setting the Size and Position of the Header Control (Windows CE 3.0 User Interface Services)
_wcesdk_Setting_the_Spelling__Session_Options	Setting the Spelling-Session Options
_wcesdk_Setting_the_Time	Setting the Time (Windows CE 3.0 User Interface Services)
_wcesdk_Setting_the_User_Default_CSP	Setting the User Default CSP
_wcesdk_Settings_Key	Settings Key
_wcesdk_Sharing_Memory_Mapped_Objects_Between_Processes	Sharing Memory-Mapped Objects Between Processes
_wcesdk_Shell_Management_Functions	Shell Management Functions
_wcesdk_Shutdown_Services	Shutdown Services
_wcesdk_Shutting_Down_TAPI	Shutting Down TAPI
_wcesdk_Signing_and_Verifying_Messages	Signing and Verifying Messages
_wcesdk_Silent_Mode_Setup_for_ActiveSync_30	Silent Mode Setup for ActiveSync 3.0
_wcesdk_Silly_Window_Syndrome_SWS	Silly Window Syndrome (SWS)
_wcesdk_Simple_Network_Management_Protocol_Agent_Support	Simple Network Management Protocol Agent Support
_wcesdk_SipEnumIM	SipEnumIM
_wcesdk_SipEnumIMProc	SipEnumIMProc
_wcesdk_SipGetCurrentIM	SipGetCurrentIM
_wcesdk_SipGetInfo	SipGetInfo
_wcesdk_SipRegisterNotification	SipRegisterNotification
_wcesdk_SipSetCurrentIM	SipSetCurrentIM
_wcesdk_SipSetDefaultRect	SipSetDefaultRect
_wcesdk_SipSetInfo	SipSetInfo
_wcesdk_SipShowIM	SipShowIM
_wcesdk_SipStatus	SipStatus
_wcesdk_Sizing_and_Positioning_a_Window	Sizing and Positioning a Window (Windows CE 3.0 User Interface Services)
_wcesdk_Slow_Start_Algorithm_and_Congestion_Avoidance	Slow Start Algorithm and Congestion Avoidance
_wcesdk_Smart_Card_Concepts	Smart Card Concepts
_wcesdk_Smart_Card_Database	Smart Card Database
_wcesdk_Smart_Card_Database_Management_Functions	Smart Card Database Management Functions
_wcesdk_Smart_Card_Database_Query_Functions	Smart Card Database Query Functions
_wcesdk_Smart_Card_Interfaces	Smart Card Interfaces
_wcesdk_Smart_Card_Readers	Smart Card Readers
_wcesdk_Smart_Card_Resource_Manager	Smart Card Resource Manager
_wcesdk_Smart_Card_Tracking_Functions	Smart Card Tracking Functions
_wcesdk_Smart_Card_and_Reader_Access_Functions	Smart Card and Reader Access Functions
_wcesdk_SnmpExtensionInit	SnmpExtensionInit
_wcesdk_SnmpExtensionQuery	SnmpExtensionQuery
_wcesdk_SnmpExtensionTrap	SnmpExtensionTrap
_wcesdk_SnmpTfx_API_Functions	SnmpTfx API Functions
_wcesdk_SnmpTfx_Framework	SnmpTfx Framework
_wcesdk_SnmpTfx_Framework_Structure	SnmpTfx Framework Structures
_wcesdk_SnmpTfx_Macro_Name_Conventions	SnmpTfx Macro Name Conventions
_wcesdk_Socket_Options_Not_Supported	Socket Options Not Supported
_wcesdk_SourceDisksFiles	SourceDisksFiles
_wcesdk_SourceDisksNames	SourceDisksNames
_wcesdk_Specifying_Locales_with_NLS	Specifying Locales with NLS (Windows CE 3.0 User Interface Services)
_wcesdk_Specifying_Toolbar_Size_Position_and_Appearance	Specifying Toolbar Size, Position, and Appearance (Windows CE 3.0 User Interface Services)
_wcesdk_SplAddUserDict	SplAddUserDict
_wcesdk_SplCheck	SplCheck
_wcesdk_SplClrUserDict	SplClrUserDict
_wcesdk_SplEnumUserDict	SplEnumUserDict
_wcesdk_SplInit	SplInit
_wcesdk_SplLimitGet	SplLimitGet
_wcesdk_SplLimitSet	SplLimitSet
_wcesdk_SplOptionGet	SplOptionGet
_wcesdk_SplOptionSet	SplOptionSet
_wcesdk_SplQuit	SplQuit
_wcesdk_SplRemUserDict	SplRemUserDict
_wcesdk_SplReplace	SplReplace
_wcesdk_SplSizeUserDict	SplSizeUserDict
_wcesdk_SplSuggest	SplSuggest
_wcesdk_Starting_a_RAS_Connection	Starting a RAS Connection
_wcesdk_Storing_Session_Keys	Storing Session Keys
_wcesdk_Strings	Strings
_wcesdk_Structures	Structures
_wcesdk_Supplementary_Telephony_Functions	Supplementary Telephony Functions
_wcesdk_Support_for_IP_Multicasting	Support for IP Multicasting
_wcesdk_Supported_CryptoAPI_Version_20_APIs	Supported CryptoAPI version 2.0 APIs
_wcesdk_Supported_Versions	Supported Versions
_wcesdk_Supporting_International_Characters_and_Formatting	Supporting International Characters and Formatting
_wcesdk_Synchronous_Operations	Synchronous Operations
_wcesdk_SystemIdleTimerReset	SystemIdleTimerReset
_wcesdk_System_Group	System Group
_wcesdk_System_Information_Functions	System Information Functions
_wcesdk_System_Store_Locations	System Store Locations
_wcesdk_TAPI_Functions	TAPI Functions
_wcesdk_TBBUTTONINFO	TBBUTTONINFO
_wcesdk_TBM_GETBUDDY	TBM_GETBUDDY
_wcesdk_TBM_SETBUDDY	TBM_SETBUDDY
_wcesdk_TBN_DROPDOWN	TBN_DROPDOWN
_wcesdk_TBREPLACEBITMAP	TBREPLACEBITMAP
_wcesdk_TB_GETBUTTONINFO	TB_GETBUTTONINFO
_wcesdk_TB_GETBUTTONSIZE	TB_GETBUTTONSIZE
_wcesdk_TB_GETDISABLEDIMAGELIST	TB_GETDISABLEDIMAGELIST
_wcesdk_TB_GETIMAGELIST	TB_GETIMAGELIST
_wcesdk_TB_GETRECT	TB_GETRECT
_wcesdk_TB_GETSTYLE	TB_GETSTYLE
_wcesdk_TB_GETTEXTROWS	TB_GETTEXTROWS
_wcesdk_TB_HIGHLIGHTBUTTON	TB_HIGHLIGHTBUTTON
_wcesdk_TB_ISBUTTONHIGHLIGHTED	TB_ISBUTTONHIGHLIGHTED
_wcesdk_TB_LOADIMAGES	TB_LOADIMAGES
_wcesdk_TB_REPLACEBITMAP	TB_REPLACEBITMAP
_wcesdk_TB_SETBUTTONINFO	TB_SETBUTTONINFO
_wcesdk_TB_SETBUTTONWIDTH	TB_SETBUTTONWIDTH
_wcesdk_TB_SETDISABLEDIMAGELIST	TB_SETDISABLEDIMAGELIST
_wcesdk_TB_SETDRAWTEXTFLAGS	TB_SETDRAWTEXTFLAGS
_wcesdk_TB_SETIMAGELIST	TB_SETIMAGELIST
_wcesdk_TB_SETINDENT	TB_SETINDENT
_wcesdk_TB_SETMAXTEXTROWS	TB_SETMAXTEXTROWS
_wcesdk_TB_SETSTYLE	TB_SETSTYLE
_wcesdk_TCM_ADJUSTRECT	TCM_ADJUSTRECT
_wcesdk_TCM_DELETEALLITEMS	TCM_DELETEALLITEMS
_wcesdk_TCM_DELETEITEM	TCM_DELETEITEM
_wcesdk_TCM_DESELECTALL	TCM_DESELECTALL
_wcesdk_TCM_GETCURFOCUS	TCM_GETCURFOCUS
_wcesdk_TCM_GETCURSEL	TCM_GETCURSEL
_wcesdk_TCM_GETEXTENDEDSTYLE	TCM_GETEXTENDEDSTYLE
_wcesdk_TCM_GETIMAGELIST	TCM_GETIMAGELIST
_wcesdk_TCM_GETITEM	TCM_GETITEM
_wcesdk_TCM_GETITEMCOUNT	TCM_GETITEMCOUNT
_wcesdk_TCM_GETITEMRECT	TCM_GETITEMRECT
_wcesdk_TCM_GETROWCOUNT	TCM_GETROWCOUNT
_wcesdk_TCM_HIGHLIGHTITEM	TCM_HIGHLIGHTITEM
_wcesdk_TCM_HITTEST	TCM_HITTEST
_wcesdk_TCM_INSERTITEM	TCM_INSERTITEM
_wcesdk_TCM_REMOVEIMAGE	TCM_REMOVEIMAGE
_wcesdk_TCM_SETCURFOCUS	TCM_SETCURFOCUS
_wcesdk_TCM_SETCURSEL	TCM_SETCURSEL
_wcesdk_TCM_SETEXTENDEDSTYLE	TCM_SETEXTENDEDSTYLE
_wcesdk_TCM_SETIMAGELIST	TCM_SETIMAGELIST
_wcesdk_TCM_SETITEM	TCM_SETITEM
_wcesdk_TCM_SETITEMEXTRA	TCM_SETITEMEXTRA
_wcesdk_TCM_SETITEMSIZE	TCM_SETITEMSIZE
_wcesdk_TCM_SETMINTABWIDTH	TCM_SETMINTABWIDTH
_wcesdk_TCM_SETPADDING	TCM_SETPADDING
_wcesdk_TCPIP_Configuration_Parameters	TCP/IP Configuration Parameters
_wcesdk_TCPIP_Features	TCP/IP Features
_wcesdk_TCPIP_Protocol_Suite	TCP/IP Protocol Suite
_wcesdk_TCPIP_Troubleshooting_Utilities	TCP/IP Troubleshooting Utilities
_wcesdk_TCP_Connections_to_and_from_Multihomed_Computers	TCP Connections to and from Multihomed Computers
_wcesdk_TCP_Group	TCP Group
_wcesdk_TCP_IP	TCP/IP
_wcesdk_TCP_Keep-Alive_Messages	TCP Keep-Alive Messages
_wcesdk_TCP_Receive_Window_Size_Calculation_and_Window_Scaling	TCP Receive Window Size Calculation and Window Scaling
_wcesdk_TCP_Retransmission_Behavior	TCP Retransmission Behavior
_wcesdk_TCP_Selective_Acknowledgment	TCP Selective Acknowledgment
_wcesdk_TCP_Stream_Socket_Client	TCP Stream Socket Client
_wcesdk_TCP_Stream_Socket_Server	TCP Stream Socket Server
_wcesdk_TCP_Timestamps_RFC1323	TCP Timestamps (RFC 1323)
_wcesdk_TEXT	TEXT
_wcesdk_TVM_CREATEDRAGIMAGE	TVM_CREATEDRAGIMAGE
_wcesdk_TVM_DELETEITEM	TVM_DELETEITEM
_wcesdk_TVM_EDITLABEL	TVM_EDITLABEL
_wcesdk_TVM_ENDEDITLABELNOW	TVM_ENDEDITLABELNOW
_wcesdk_TVM_ENSUREVISIBLE	TVM_ENSUREVISIBLE
_wcesdk_TVM_EXPAND	TVM_EXPAND
_wcesdk_TVM_GETCOUNT	TVM_GETCOUNT
_wcesdk_TVM_GETEDITCONTROL	TVM_GETEDITCONTROL
_wcesdk_TVM_GETIMAGELIST	TVM_GETIMAGELIST
_wcesdk_TVM_GETINDENT	TVM_GETINDENT
_wcesdk_TVM_GETISEARCHSTRING	TVM_GETISEARCHSTRING
_wcesdk_TVM_GETITEM	TVM_GETITEM
_wcesdk_TVM_GETITEMRECT	TVM_GETITEMRECT
_wcesdk_TVM_GETNEXTITEM	TVM_GETNEXTITEM
_wcesdk_TVM_GETVISIBLECOUNT	TVM_GETVISIBLECOUNT
_wcesdk_TVM_HITTEST	TVM_HITTEST
_wcesdk_TVM_INSERTITEM	TVM_INSERTITEM
_wcesdk_TVM_SELECTITEM	TVM_SELECTITEM
_wcesdk_TVM_SETIMAGELIST	TVM_SETIMAGELIST
_wcesdk_TVM_SETINDENT	TVM_SETINDENT
_wcesdk_TVM_SETITEM	TVM_SETITEM
_wcesdk_TVM_SORTCHILDREN	TVM_SORTCHILDREN
_wcesdk_TVM_SORTCHILDRENCB	TVM_SORTCHILDRENCB
_wcesdk_TYPEKIND	TYPEKIND
_wcesdk_TabCtrl_DeleteAllItems	TabCtrl_DeleteAllItems
_wcesdk_TabCtrl_DeleteItem	TabCtrl_DeleteItem
_wcesdk_TabCtrl_DeselectAll	TabCtrl_DeselectAll
_wcesdk_TabCtrl_GetCurFocus	TabCtrl_GetCurFocus
_wcesdk_TabCtrl_GetCurSel	TabCtrl_GetCurSel
_wcesdk_TabCtrl_GetExtendedStyle	TabCtrl_GetExtendedStyle
_wcesdk_TabCtrl_GetImageList	TabCtrl_GetImageList
_wcesdk_TabCtrl_GetItem	TabCtrl_GetItem
_wcesdk_TabCtrl_GetItemCount	TabCtrl_GetItemCount
_wcesdk_TabCtrl_GetItemRect	TabCtrl_GetItemRect
_wcesdk_TabCtrl_GetRowCount	TabCtrl_GetRowCount
_wcesdk_TabCtrl_HighlightItem	TabCtrl_HighlightItem
_wcesdk_TabCtrl_HitTest	TabCtrl_HitTest
_wcesdk_TabCtrl_InsertItem	TabCtrl_InsertItem
_wcesdk_TabCtrl_RemoveImage	TabCtrl_RemoveImage
_wcesdk_TabCtrl_SetCurFocus	TabCtrl_SetCurFocus
_wcesdk_TabCtrl_SetCurSel	TabCtrl_SetCurSel
_wcesdk_TabCtrl_SetExtendedStyle	TabCtrl_SetExtendedStyle
_wcesdk_TabCtrl_SetImageList	TabCtrl_SetImageList
_wcesdk_TabCtrl_SetItem	TabCtrl_SetItem
_wcesdk_TabCtrl_SetItemExtra	TabCtrl_SetItemExtra
_wcesdk_TabCtrl_SetItemSize	TabCtrl_SetItemSize
_wcesdk_TabCtrl_SetMinTabWidth	TabCtrl_SetMinTabWidth
_wcesdk_TabCtrl_SetPadding	TabCtrl_SetPadding
_wcesdk_TcpTimeoutSeconds	TcpTimeoutSeconds
_wcesdk_Telephony_API	Telephony API
_wcesdk_Telephony_Service_Provider_Interface	Telephony Service Provider Interface
_wcesdk_Terminating_a_Connection	Terminating a Connection
_wcesdk_Terminating_a_Network_Connection	Terminating a Network Connection
_wcesdk_Testing_a_Help_File	Testing a Help File
_wcesdk_Testing_the_CSP	Testing the CSP
_wcesdk_The_Backlog_Parameter	The Backlog Parameter
_wcesdk_The_LINECALLINFO_Data_Structure	The LINECALLINFO Data Structure
_wcesdk_The_Network_Driver_Interface_Specification__NDIS__Interface	The Network Driver Interface Specification (NDIS) Interface
_wcesdk_The_Object_Store	The Object Store
_wcesdk_The_SnmpMibEntry_Array	The SnmpMibEntry Array
_wcesdk_The_SnmpMibTable_Array	The SnmpMibTable Array
_wcesdk_The_SnmpMibview_Structure	The SnmpMibView Structure
_wcesdk_Throughput_Considerations	Throughput Considerations
_wcesdk_Transferring_Files	Transferring Files
_wcesdk_Transferring_Files_Between_a_Device_and_the_Desktop_Computer	Transferring Files Between a Device and the Desktop Computer
_wcesdk_Transmission_Control_Protocol_Internet_Protocol	Transmission Control Protocol/Internet Protocol (TCP/IP)
_wcesdk_Transmission_Control_Protocol_TCP	Transmission Control Protocol (TCP)
_wcesdk_TreeView_CreateDragImage	TreeView_CreateDragImage
_wcesdk_TreeView_DeleteAllItems	TreeView_DeleteAllItems
_wcesdk_TreeView_DeleteItem	TreeView_DeleteItem
_wcesdk_TreeView_EditLabel	TreeView_EditLabel
_wcesdk_TreeView_EndEditLabelNow	TreeView_EndEditLabelNow
_wcesdk_TreeView_EnsureVisible	TreeView_EnsureVisible
_wcesdk_TreeView_Expand	TreeView_Expand
_wcesdk_TreeView_GetChild	TreeView_GetChild
_wcesdk_TreeView_GetCount	TreeView_GetCount
_wcesdk_TreeView_GetDropHilight	TreeView_GetDropHilight
_wcesdk_TreeView_GetEditControl	TreeView_GetEditControl
_wcesdk_TreeView_GetFirstVisible	TreeView_GetFirstVisible
_wcesdk_TreeView_GetISearchString	TreeView_GetISearchString
_wcesdk_TreeView_GetImageList	TreeView_GetImageList
_wcesdk_TreeView_GetIndent	TreeView_GetIndent
_wcesdk_TreeView_GetItem	TreeView_GetItem
_wcesdk_TreeView_GetItemRect	TreeView_GetItemRect
_wcesdk_TreeView_GetNextItem	TreeView_GetNextItem
_wcesdk_TreeView_GetNextSibling	TreeView_GetNextSibling
_wcesdk_TreeView_GetNextVisible	TreeView_GetNextVisible
_wcesdk_TreeView_GetParent	TreeView_GetParent
_wcesdk_TreeView_GetPrevSibling	TreeView_GetPrevSibling
_wcesdk_TreeView_GetPrevVisible	TreeView_GetPrevVisible
_wcesdk_TreeView_GetRoot	TreeView_GetRoot
_wcesdk_TreeView_GetSelection	TreeView_GetSelection
_wcesdk_TreeView_GetVisibleCount	TreeView_GetVisibleCount
_wcesdk_TreeView_HitTest	TreeView_HitTest
_wcesdk_TreeView_InsertItem	TreeView_InsertItem
_wcesdk_TreeView_Select	TreeView_Select
_wcesdk_TreeView_SelectDropTarget	TreeView_SelectDropTarget
_wcesdk_TreeView_SelectItem	TreeView_SelectItem
_wcesdk_TreeView_SelectSetFirstVisible	TreeView_SelectSetFirstVisible
_wcesdk_TreeView_SetImageList	TreeView_SetImageList
_wcesdk_TreeView_SetIndent	TreeView_SetIndent
_wcesdk_TreeView_SetItem	TreeView_SetItem
_wcesdk_TreeView_SortChildren	TreeView_SortChildren
_wcesdk_TreeView_SortChildrenCB	TreeView_SortChildrenCB
_wcesdk_Troubleshooting_the_Application_Manager	Troubleshooting the Application Manager
_wcesdk_Troubleshooting_the_CAB_Wizard	Troubleshooting the CAB Wizard
_wcesdk_TypeFromPropID	TypeFromPropID
_wcesdk_UDM_GETRANGE32	UDM_GETRANGE32
_wcesdk_UDM_SETRANGE32	UDM_SETRANGE32
_wcesdk_UDP_Group	UDP Group
_wcesdk_UI_Considerations	UI Considerations
_wcesdk_URL_COMPONENTS	URL_COMPONENTS
_wcesdk_UdpTimeoutSeconds	UdpTimeoutSeconds
_wcesdk_Understanding_the_Unicode_Standard	Understanding the Unicode Standard (Windows CE 3.0 User Interface Services)
_wcesdk_Unimodem_Key	Unimodem Key
_wcesdk_Unimodem_Registry_Keys	Unimodem Registry Keys
_wcesdk_Unimodem_Support	Unimodem Support
_wcesdk_Uninstall_Exit	Uninstall_Exit
_wcesdk_Uninstall_Init	Uninstall_Init
_wcesdk_UnlockUrlCacheEntryFile	UnlockUrlCacheEntryFile
_wcesdk_Unsupported_CryptoAPI_Version_20_APIs	Unsupported CryptoAPI version 2.0 APIs
_wcesdk_Use_of_ICMP_to_Diagnose_Problems	Use of ICMP to Diagnose Problems
_wcesdk_Use_of_IGMP_by_Windows_CE_Components	Use of IGMP by Windows CE Components
_wcesdk_UserNotificationTrigger	UserNotificationTrigger
_wcesdk_User_Authentication_Data	User Authentication Data
_wcesdk_User_Datagram_Protocol__UDP__and_Name_Resolution	User Datagram Protocol (UDP) and Name Resolution
_wcesdk_User_Input_Devices	User Input Devices
_wcesdk_User_Input_Support	User Input Support (Windows CE 3.0 User Interface Services)
_wcesdk_User_Interface_Sevices	User Interface Services (Windows CE 3.0 User Interface Services)
_wcesdk_Using_Advanced_List_View_Features	Using Advanced List View Features (Windows CE 3.0 User Interface Services)
_wcesdk_Using_AutoRun_on_the_Pocket_PC	Using AutoRun on the Pocket PC
_wcesdk_Using_CAB_Wizard_to_Create_a_cab_File	Using CAB Wizard to Create a .cab File
_wcesdk_Using_Color_and_Grayscale_Palettes	Using Color and Grayscale Palettes
_wcesdk_Using_Communication_Events	Using Communication Events
_wcesdk_Using_Graphics_in_a_Help_File	Using Graphics in a Help File
_wcesdk_Using_Images_in_Image_Lists	Using Images in Image Lists (Windows CE 3.0 User Interface Services)
_wcesdk_Using_Infrared_Communications	Using Infrared Communications
_wcesdk_Using_Installation_Functions_in_Setupdll	Using Installation Functions in Setup.dll
_wcesdk_Using_Jumps_in_a_Help_File	Using Jumps in a Help File
_wcesdk_Using_Menu_Creation_Functions	Using Menu Creation Functions (Windows CE 3.0 User Interface Services)
_wcesdk_Using_NAT_Editor_Functions	Using NAT Editor Functions
_wcesdk_Using_Object_Identifiers	Using Object Identifiers
_wcesdk_Using_Overlays_in_Image_Lists	Using Overlays in Image Lists (Windows CE 3.0 User Interface Services)
_wcesdk_Using_Password_Characters	Using Password Characters (Windows CE 3.0 User Interface Services)
_wcesdk_Using_RAPI_Calls_in_a_File_Filter	Using RAPI Calls in a File Filter
_wcesdk_Using_Resources	Using Resources (Windows CE 3.0 User Interface Services)
_wcesdk_Using_Secure_Sockets	Using Secure Sockets
_wcesdk_Using_Virtual_Key_Codes	Using Virtual-Key Codes
_wcesdk_Using_Virtual_Memory	Using Virtual Memory
_wcesdk_Using_WSAStartup_to_Initialize_Winsock	Using WSAStartup to Initialize Winsock
_wcesdk_Using_Winsock_Functions_with_IrDA	Using Winsock Functions with IrDA
_wcesdk_Using_a_Backup_Authority	Using a Backup Authority
_wcesdk_Using_a_Deferred_Handshake	Using a Deferred Handshake
_wcesdk_Using_a_Security_Context	Using a Security Context
_wcesdk_Using_a_Separate_Heap	Using a Separate Heap
_wcesdk_Using_a_Windows_CE_Database	Using a Windows CE Database
_wcesdk_Using_the_Address_Resolution_Protocol	Using the Address Resolution Protocol
_wcesdk_Using_the_Application_Manager	Using the Application Manager
_wcesdk_Using_the_CAB_Wizard	Using the CAB Wizard
_wcesdk_Using_the_CEUTIL_Helper_DLL_for_ActiveSync	Using the CEUTIL Helper DLL for ActiveSync
_wcesdk_Using_the_Callback_Function	Using the Callback Function
_wcesdk_Using_the_Cryptography_API	Using the Cryptography API
_wcesdk_Using_the_Custom_Draw_Service	Using the Custom Draw Service (Windows CE 3.0 User Interface Services)
_wcesdk_Using_the_File_System	Using the File System
_wcesdk_Using_the_IME_Composition_Window	Using the IME Composition Window (Windows CE 3.0 User Interface Services)
_wcesdk_Using_the_Local_Heap	Using the Local Heap
_wcesdk_Using_the_Registry	Using the Registry
_wcesdk_Using_the_Spelling_Checker	Using the Spelling Checker
_wcesdk_Using_the_Static_Data_Block	Using the Static Data Block
_wcesdk_VarBoolFromCy	VarBoolFromCy
_wcesdk_VarBoolFromDate	VarBoolFromDate
_wcesdk_VarBoolFromDec	VarBoolFromDec
_wcesdk_VarBoolFromDisp	VarBoolFromDisp
_wcesdk_VarBoolFromI1	VarBoolFromI1
_wcesdk_VarBoolFromI2	VarBoolFromI2
_wcesdk_VarBoolFromI4	VarBoolFromI4
_wcesdk_VarBoolFromR4	VarBoolFromR4
_wcesdk_VarBoolFromR8	VarBoolFromR8
_wcesdk_VarBoolFromStr	VarBoolFromStr
_wcesdk_VarBoolFromUI1	VarBoolFromUI1
_wcesdk_VarBoolFromUI2	VarBoolFromUI2
_wcesdk_VarBoolFromUI4	VarBoolFromUI4
_wcesdk_VarBstrFromBool	VarBstrFromBool
_wcesdk_VarBstrFromCy	VarBstrFromCy
_wcesdk_VarBstrFromDate	VarBstrFromDate
_wcesdk_VarBstrFromDec	VarBstrFromDec
_wcesdk_VarBstrFromDisp	VarBstrFromDisp
_wcesdk_VarBstrFromI1	VarBstrFromI1
_wcesdk_VarBstrFromI2	VarBstrFromI2
_wcesdk_VarBstrFromI4	VarBstrFromI4
_wcesdk_VarBstrFromR4	VarBstrFromR4
_wcesdk_VarBstrFromR8	VarBstrFromR8
_wcesdk_VarBstrFromUI1	VarBstrFromUI1
_wcesdk_VarBstrFromUI2	VarBstrFromUI2
_wcesdk_VarBstrFromUI4	VarBstrFromUI4
_wcesdk_VarCyFromBool	VarCyFromBool
_wcesdk_VarCyFromDate	VarCyFromDate
_wcesdk_VarCyFromDec	VarCyFromDec
_wcesdk_VarCyFromDisp	VarCyFromDisp
_wcesdk_VarCyFromI1	VarCyFromI1
_wcesdk_VarCyFromI2	VarCyFromI2
_wcesdk_VarCyFromI4	VarCyFromI4
_wcesdk_VarCyFromR4	VarCyFromR4
_wcesdk_VarCyFromR8	VarCyFromR8
_wcesdk_VarCyFromStr	VarCyFromStr
_wcesdk_VarCyFromUI1	VarCyFromUI1
_wcesdk_VarCyFromUI2	VarCyFromUI2
_wcesdk_VarCyFromUI4	VarCyFromUI4
_wcesdk_VarDateFromBool	VarDateFromBool
_wcesdk_VarDateFromCy	VarDateFromCy
_wcesdk_VarDateFromDec	VarDateFromDec
_wcesdk_VarDateFromDisp	VarDateFromDisp
_wcesdk_VarDateFromI1	VarDateFromI1
_wcesdk_VarDateFromI2	VarDateFromI2
_wcesdk_VarDateFromI4	VarDateFromI4
_wcesdk_VarDateFromR4	VarDateFromR4
_wcesdk_VarDateFromR8	VarDateFromR8
_wcesdk_VarDateFromStr	VarDateFromStr
_wcesdk_VarDateFromUI1	VarDateFromUI1
_wcesdk_VarDateFromUI2	VarDateFromUI2
_wcesdk_VarDateFromUI4	VarDateFromUI4
_wcesdk_VarDateFromUdate	VarDateFromUdate
_wcesdk_VarDecFromBool	VarDecFromBool
_wcesdk_VarDecFromCy	VarDecFromCy
_wcesdk_VarDecFromDate	VarDecFromDate
_wcesdk_VarDecFromDisp	VarDecFromDisp
_wcesdk_VarDecFromI1	VarDecFromI1
_wcesdk_VarDecFromI2	VarDecFromI2
_wcesdk_VarDecFromI4	VarDecFromI4
_wcesdk_VarDecFromR4	VarDecFromR4
_wcesdk_VarDecFromR8	VarDecFromR8
_wcesdk_VarDecFromStr	VarDecFromStr
_wcesdk_VarDecFromUI1	VarDecFromUI1
_wcesdk_VarDecFromUI2	VarDecFromUI2
_wcesdk_VarDecFromUI4	VarDecFromUI4
_wcesdk_VarI1FromBool	VarI1FromBool
_wcesdk_VarI1FromCy	VarI1FromCy
_wcesdk_VarI1FromDate	VarI1FromDate
_wcesdk_VarI1FromDec	VarI1FromDec
_wcesdk_VarI1FromDisp	VarI1FromDisp
_wcesdk_VarI1FromI2	VarI1FromI2
_wcesdk_VarI1FromI4	VarI1FromI4
_wcesdk_VarI1FromR4	VarI1FromR4
_wcesdk_VarI1FromR8	VarI1FromR8
_wcesdk_VarI1FromStr	VarI1FromStr
_wcesdk_VarI1FromUI1	VarI1FromUI1
_wcesdk_VarI1FromUI2	VarI1FromUI2
_wcesdk_VarI1FromUI4	VarI1FromUI4
_wcesdk_VarI2FromBool	VarI2FromBool
_wcesdk_VarI2FromCy	VarI2FromCy
_wcesdk_VarI2FromDate	VarI2FromDate
_wcesdk_VarI2FromDec	VarI2FromDec
_wcesdk_VarI2FromDisp	VarI2FromDisp
_wcesdk_VarI2FromI1	VarI2FromI1
_wcesdk_VarI2FromI4	VarI2FromI4
_wcesdk_VarI2FromR4	VarI2FromR4
_wcesdk_VarI2FromR8	VarI2FromR8
_wcesdk_VarI2FromStr	VarI2FromStr
_wcesdk_VarI2FromUI1	VarI2FromUI1
_wcesdk_VarI2FromUI2	VarI2FromUI2
_wcesdk_VarI2FromUI4	VarI2FromUI4
_wcesdk_VarI4FromBool	VarI4FromBool
_wcesdk_VarI4FromCy	VarI4FromCy
_wcesdk_VarI4FromDate	VarI4FromDate
_wcesdk_VarI4FromDec	VarI4FromDec
_wcesdk_VarI4FromDisp	VarI4FromDisp
_wcesdk_VarI4FromI1	VarI4FromI1
_wcesdk_VarI4FromI2	VarI4FromI2
_wcesdk_VarI4FromR4	VarI4FromR4
_wcesdk_VarI4FromR8	VarI4FromR8
_wcesdk_VarI4FromStr	VarI4FromStr
_wcesdk_VarI4FromUI1	VarI4FromUI1
_wcesdk_VarI4FromUI2	VarI4FromUI2
_wcesdk_VarI4FromUI4	VarI4FromUI4
_wcesdk_VarR4FromBool	VarR4FromBool
_wcesdk_VarR4FromCy	VarR4FromCy
_wcesdk_VarR4FromDate	VarR4FromDate
_wcesdk_VarR4FromDec	VarR4FromDec
_wcesdk_VarR4FromDisp	VarR4FromDisp
_wcesdk_VarR4FromI1	VarR4FromI1
_wcesdk_VarR4FromI2	VarR4FromI2
_wcesdk_VarR4FromI4	VarR4FromI4
_wcesdk_VarR4FromR8	VarR4FromR8
_wcesdk_VarR4FromStr	VarR4FromStr
_wcesdk_VarR4FromUI1	VarR4FromUI1
_wcesdk_VarR4FromUI2	VarR4FromUI2
_wcesdk_VarR4FromUI4	VarR4FromUI4
_wcesdk_VarR8FromBool	VarR8FromBool
_wcesdk_VarR8FromCy	VarR8FromCy
_wcesdk_VarR8FromDate	VarR8FromDate
_wcesdk_VarR8FromDec	VarR8FromDec
_wcesdk_VarR8FromDisp	VarR8FromDisp
_wcesdk_VarR8FromI1	VarR8FromI1
_wcesdk_VarR8FromI2	VarR8FromI2
_wcesdk_VarR8FromI4	VarR8FromI4
_wcesdk_VarR8FromR4	VarR8FromR4
_wcesdk_VarR8FromStr	VarR8FromStr
_wcesdk_VarR8FromUI1	VarR8FromUI1
_wcesdk_VarR8FromUI2	VarR8FromUI2
_wcesdk_VarR8FromUI4	VarR8FromUI4
_wcesdk_VarUI1FromBool	VarUI1FromBool
_wcesdk_VarUI1FromCy	VarUI1FromCy
_wcesdk_VarUI1FromDate	VarUI1FromDate
_wcesdk_VarUI1FromDec	VarUI1FromDec
_wcesdk_VarUI1FromDisp	VarUI1FromDisp
_wcesdk_VarUI1FromI1	VarUI1FromI1
_wcesdk_VarUI1FromI2	VarUI1FromI2
_wcesdk_VarUI1FromI4	VarUI1FromI4
_wcesdk_VarUI1FromR4	VarUI1FromR4
_wcesdk_VarUI1FromR8	VarUI1FromR8
_wcesdk_VarUI1FromStr	VarUI1FromStr
_wcesdk_VarUI1FromUI2	VarUI1FromUI2
_wcesdk_VarUI1FromUI4	VarUI1FromUI4
_wcesdk_VarUI2FromBool	VarUI2FromBool
_wcesdk_VarUI2FromCy	VarUI2FromCy
_wcesdk_VarUI2FromDate	VarUI2FromDate
_wcesdk_VarUI2FromDec	VarUI2FromDec
_wcesdk_VarUI2FromDisp	VarUI2FromDisp
_wcesdk_VarUI2FromI1	VarUI2FromI1
_wcesdk_VarUI2FromI2	VarUI2FromI2
_wcesdk_VarUI2FromI4	VarUI2FromI4
_wcesdk_VarUI2FromR4	VarUI2FromR4
_wcesdk_VarUI2FromR8	VarUI2FromR8
_wcesdk_VarUI2FromStr	VarUI2FromStr
_wcesdk_VarUI2FromUI1	VarUI2FromUI1
_wcesdk_VarUI2FromUI4	VarUI2FromUI4
_wcesdk_VarUI4FromBool	VarUI4FromBool
_wcesdk_VarUI4FromCy	VarUI4FromCy
_wcesdk_VarUI4FromDate	VarUI4FromDate
_wcesdk_VarUI4FromDec	VarUI4FromDec
_wcesdk_VarUI4FromDisp	VarUI4FromDisp
_wcesdk_VarUI4FromI1	VarUI4FromI1
_wcesdk_VarUI4FromI2	VarUI4FromI2
_wcesdk_VarUI4FromI4	VarUI4FromI4
_wcesdk_VarUI4FromR4	VarUI4FromR4
_wcesdk_VarUI4FromR8	VarUI4FromR8
_wcesdk_VarUI4FromStr	VarUI4FromStr
_wcesdk_VarUI4FromUI1	VarUI4FromUI1
_wcesdk_VarUI4FromUI2	VarUI4FromUI2
_wcesdk_VarUdateFromDate	VarUdateFromDate
_wcesdk_Version	Version
_wcesdk_Virtual_Key_Codes	Virtual Key Codes
_wcesdk_WM_DBNOTIFICATION	WM_DBNOTIFICATION
_wcesdk_WM_HIBERNATE	WM_HIBERNATE
_wcesdk_WM_IM_INFO	WM_IM_INFO
_wcesdk_WM_KEYFIRST	WM_KEYFIRST
_wcesdk_WM_KEYLAST	WM_KEYLAST
_wcesdk_WM_SYSCOPYDATA	WM_SYSCOPYDATA
_wcesdk_WNet_Functions	WNet Functions
_wcesdk_WNet_Structures	WNet Structures
_wcesdk_Win32_AcceptSecurityContext	AcceptSecurityContext
_wcesdk_Win32_AcquireCredentialsHandle	AcquireCredentialsHandle
_wcesdk_Win32_AppendMenu	AppendMenu
_wcesdk_Win32_BITMAPCOREHEADER_str	BITMAPCOREHEADER
_wcesdk_Win32_BITMAPCOREINFO_str	BITMAPCOREINFO
_wcesdk_Win32_BITMAPFILEHEADER_str	BITMAPFILEHEADER
_wcesdk_Win32_BITMAPINFOHEADER_str	BITMAPINFOHEADER
_wcesdk_Win32_BITMAPINFO_str	BITMAPINFO
_wcesdk_Win32_BITMAP_str	BITMAP
_wcesdk_Win32_BeginDeferWindowPos	BeginDeferWindowPos
_wcesdk_Win32_BitBlt	BitBlt
_wcesdk_Win32_CharNext	CharNext
_wcesdk_Win32_CharPrev	CharPrev
_wcesdk_Win32_CharUpper	CharUpper
_wcesdk_Win32_CharUpperBuff	CharUpperBuff
_wcesdk_Win32_CheckMenuItem	CheckMenuItem
_wcesdk_Win32_CheckMenuRadioItem	CheckMenuRadioItem
_wcesdk_Win32_CheckRadioButton	CheckRadioButton
_wcesdk_Win32_CombineRgn	CombineRgn
_wcesdk_Win32_CompareString	CompareString
_wcesdk_Win32_CompleteAuthToken	CompleteAuthToken
_wcesdk_Win32_ConvertDefaultLocale	ConvertDefaultLocale
_wcesdk_Win32_CopyFile	CopyFile
_wcesdk_Win32_CountClipboardFormats	CountClipboardFormats
_wcesdk_Win32_CreateBitmap	CreateBitmap
_wcesdk_Win32_CreateCaret	CreateCaret
_wcesdk_Win32_CreateCompatibleBitmap	CreateCompatibleBitmap
_wcesdk_Win32_CreateDC	CreateDC
_wcesdk_Win32_CreateDIBPatternBrushPt	CreateDIBPatternBrushPt
_wcesdk_Win32_CreateDIBSection	CreateDIBSection
_wcesdk_Win32_CreateDialog	CreateDialog
_wcesdk_Win32_CreateDialogIndirect	CreateDialogIndirect
_wcesdk_Win32_CreateDialogIndirectParam	CreateDialogIndirectParam
_wcesdk_Win32_CreateDialogParam	CreateDialogParam
_wcesdk_Win32_CreateDirectory	CreateDirectory
_wcesdk_Win32_CreateEvent	CreateEvent
_wcesdk_Win32_CreateFile	CreateFile
_wcesdk_Win32_CreateFileForMapping	CreateFileForMapping
_wcesdk_Win32_CreateFileMapping	CreateFileMapping
_wcesdk_Win32_CreateFontIndirect	CreateFontIndirect
_wcesdk_Win32_CreateMenu	CreateMenu
_wcesdk_Win32_CreateMutex	CreateMutex
_wcesdk_Win32_CreatePalette	CreatePalette
_wcesdk_Win32_CreatePatternBrush	CreatePatternBrush
_wcesdk_Win32_CreatePen	CreatePen
_wcesdk_Win32_CreatePenIndirect	CreatePenIndirect
_wcesdk_Win32_CreatePopupMenu	CreatePopupMenu
_wcesdk_Win32_CreatePropertySheetPage	CreatePropertySheetPage
_wcesdk_Win32_CreateRectRgn	CreateRectRgn
_wcesdk_Win32_CreateRectRgnIndirect	CreateRectRgnIndirect
_wcesdk_Win32_CreateSolidBrush	CreateSolidBrush
_wcesdk_Win32_CreateStatusWindow	CreateStatusWindow
_wcesdk_Win32_CreateUpDownControl	CreateUpDownControl
_wcesdk_Win32_DefDlgProc	DefDlgProc
_wcesdk_Win32_DeferWindowPos	DeferWindowPos
_wcesdk_Win32_DeleteFile	DeleteFile
_wcesdk_Win32_DeleteMenu	DeleteMenu
_wcesdk_Win32_DeleteObject	DeleteObject
_wcesdk_Win32_DeleteSecurityContext	DeleteSecurityContext
_wcesdk_Win32_DestroyCaret	DestroyCaret
_wcesdk_Win32_DestroyMenu	DestroyMenu
_wcesdk_Win32_DestroyPropertySheetPage	DestroyPropertySheetPage
_wcesdk_Win32_DeviceIoControl	DeviceIoControl
_wcesdk_Win32_DialogBox	DialogBox
_wcesdk_Win32_DialogBoxIndirect	DialogBoxIndirect
_wcesdk_Win32_DialogBoxIndirectParam	DialogBoxIndirectParam
_wcesdk_Win32_DialogBoxParam	DialogBoxParam
_wcesdk_Win32_DialogProc	DialogProc
_wcesdk_Win32_DrawFocusRect	DrawFocusRect
_wcesdk_Win32_DrawFrameControl	DrawFrameControl
_wcesdk_Win32_DrawMenuBar	DrawMenuBar
_wcesdk_Win32_DrawStatusText	DrawStatusText
_wcesdk_Win32_DrawText	DrawText
_wcesdk_Win32_Ellipse	Ellipse
_wcesdk_Win32_EmptyClipboard	EmptyClipboard
_wcesdk_Win32_EnableMenuItem	EnableMenuItem
_wcesdk_Win32_EnableWindow	EnableWindow
_wcesdk_Win32_EndDeferWindowPos	EndDeferWindowPos
_wcesdk_Win32_EnterCriticalSection	EnterCriticalSection
_wcesdk_Win32_EnumCalendarInfo	EnumCalendarInfo
_wcesdk_Win32_EnumCalendarInfoProc	EnumCalendarInfoProc
_wcesdk_Win32_EnumClipboardFormats	EnumClipboardFormats
_wcesdk_Win32_EnumCodePagesProc	EnumCodePagesProc
_wcesdk_Win32_EnumDateFormats	EnumDateFormats
_wcesdk_Win32_EnumDateFormatsProc	EnumDateFormatsProc
_wcesdk_Win32_EnumFontFamProc	EnumFontFamProc
_wcesdk_Win32_EnumFontFamilies	EnumFontFamilies
_wcesdk_Win32_EnumLocalesProc	EnumLocalesProc
_wcesdk_Win32_EnumSystemCodePages	EnumSystemCodePages
_wcesdk_Win32_EnumSystemLocales	EnumSystemLocales
_wcesdk_Win32_EnumTimeFormats	EnumTimeFormats
_wcesdk_Win32_EnumTimeFormatsProc	EnumTimeFormatsProc
_wcesdk_Win32_EnumerateSecurityPackages	EnumerateSecurityPackages
_wcesdk_Win32_EqualRgn	EqualRgn
_wcesdk_Win32_ExcludeClipRect	ExcludeClipRect
_wcesdk_Win32_ExtEscape	ExtEscape
_wcesdk_Win32_ExtensionPropSheetPageProc	ExtensionPropSheetPageProc
_wcesdk_Win32_FillRect	FillRect
_wcesdk_Win32_FillRgn	FillRgn
_wcesdk_Win32_FindResource	FindResource
_wcesdk_Win32_FlushViewOfFile	FlushViewOfFile
_wcesdk_Win32_FoldString	FoldString
_wcesdk_Win32_FreeContextBuffer	FreeContextBuffer
_wcesdk_Win32_FreeCredentialsHandle	FreeCredentialsHandle
_wcesdk_Win32_GetACP	GetACP
_wcesdk_Win32_GetActiveWindow	GetActiveWindow
_wcesdk_Win32_GetAsyncKeyState	GetAsyncKeyState
_wcesdk_Win32_GetBkColor	GetBkColor
_wcesdk_Win32_GetBkMode	GetBkMode
_wcesdk_Win32_GetCPInfo	GetCPInfo
_wcesdk_Win32_GetCPInfo_str	CPINFO
_wcesdk_Win32_GetCaretBlinkTime	GetCaretBlinkTime
_wcesdk_Win32_GetCaretPos	GetCaretPos
_wcesdk_Win32_GetClipBox	GetClipBox
_wcesdk_Win32_GetClipRgn	GetClipRgn
_wcesdk_Win32_GetClipboardData	GetClipboardData
_wcesdk_Win32_GetClipboardDataAlloc	GetClipboardDataAlloc
_wcesdk_Win32_GetClipboardFormatName	GetClipboardFormatName
_wcesdk_Win32_GetClipboardOwner	GetClipboardOwner
_wcesdk_Win32_GetCurrencyFormat	GetCurrencyFormat
_wcesdk_Win32_GetCurrentObject	GetCurrentObject
_wcesdk_Win32_GetDCEx	GetDCEx
_wcesdk_Win32_GetDateFormat	GetDateFormat
_wcesdk_Win32_GetDeviceCaps	GetDeviceCaps
_wcesdk_Win32_GetDialogBaseUnits	GetDialogBaseUnits
_wcesdk_Win32_GetDiskFreeSpaceEx	GetDiskFreeSpaceEx
_wcesdk_Win32_GetDlgCtrlID	GetDlgCtrlID
_wcesdk_Win32_GetDlgItem	GetDlgItem
_wcesdk_Win32_GetDlgItemInt	GetDlgItemInt
_wcesdk_Win32_GetDlgItemText	GetDlgItemText
_wcesdk_Win32_GetExceptionCode	GetExceptionCode
_wcesdk_Win32_GetExceptionInformation	GetExceptionInformation
_wcesdk_Win32_GetFileAttributes	GetFileAttributes
_wcesdk_Win32_GetFileInformationByHandle	GetFileInformationByHandle
_wcesdk_Win32_GetFileSize	GetFileSize
_wcesdk_Win32_GetFocus	GetFocus
_wcesdk_Win32_GetForegroundWindow	GetForegroundWindow
_wcesdk_Win32_GetKeyState	GetKeyState
_wcesdk_Win32_GetKeyboardLayout	GetKeyboardLayout
_wcesdk_Win32_GetKeyboardLayoutName	GetKeyboardLayoutName
_wcesdk_Win32_GetLastError	GetLastError
_wcesdk_Win32_GetLocaleInfo	GetLocaleInfo
_wcesdk_Win32_GetMenuItemInfo	GetMenuItemInfo
_wcesdk_Win32_GetNearestColor	GetNearestColor
_wcesdk_Win32_GetNearestPaletteIndex	GetNearestPaletteIndex
_wcesdk_Win32_GetNextDlgGroupItem	GetNextDlgGroupItem
_wcesdk_Win32_GetNextDlgTabItem	GetNextDlgTabItem
_wcesdk_Win32_GetNumberFormat	GetNumberFormat
_wcesdk_Win32_GetOEMCP	GetOEMCP
_wcesdk_Win32_GetObject	GetObject
_wcesdk_Win32_GetObjectType	GetObjectType
_wcesdk_Win32_GetOpenClipboardWindow	GetOpenClipboardWindow
_wcesdk_Win32_GetOpenFileName	GetOpenFileName
_wcesdk_Win32_GetPaletteEntries	GetPaletteEntries
_wcesdk_Win32_GetPixel	GetPixel
_wcesdk_Win32_GetPriorityClipboardFormat	GetPriorityClipboardFormat
_wcesdk_Win32_GetRegionData	GetRegionData
_wcesdk_Win32_GetRgnBox	GetRgnBox
_wcesdk_Win32_GetSaveFileName	GetSaveFileName
_wcesdk_Win32_GetScrollInfo	GetScrollInfo
_wcesdk_Win32_GetStockObject	GetStockObject
_wcesdk_Win32_GetSubMenu	GetSubMenu
_wcesdk_Win32_GetSystemDefaultLCID	GetSystemDefaultLCID
_wcesdk_Win32_GetSystemDefaultLangID	GetSystemDefaultLangID
_wcesdk_Win32_GetSystemInfo	GetSystemInfo
_wcesdk_Win32_GetSystemMenu	GetSystemMenu
_wcesdk_Win32_GetSystemPaletteEntries	GetSystemPaletteEntries
_wcesdk_Win32_GetTextColor	GetTextColor
_wcesdk_Win32_GetTextExtentExPoint	GetTextExtentExPoint
_wcesdk_Win32_GetTextExtentPoint	GetTextExtentPoint
_wcesdk_Win32_GetTextExtentPoint32	GetTextExtentPoint32
_wcesdk_Win32_GetTextFace	GetTextFace
_wcesdk_Win32_GetTextMetrics	GetTextMetrics
_wcesdk_Win32_GetTimeFormat	GetTimeFormat
_wcesdk_Win32_GetUserDefaultLCID	GetUserDefaultLCID
_wcesdk_Win32_GetUserDefaultLangID	GetUserDefaultLangID
_wcesdk_Win32_GetVersionEx	GetVersionEx
_wcesdk_Win32_HideCaret	HideCaret
_wcesdk_Win32_ImageList_Add	ImageList_Add
_wcesdk_Win32_ImageList_AddMasked	ImageList_AddMasked
_wcesdk_Win32_ImageList_BeginDrag	ImageList_BeginDrag
_wcesdk_Win32_ImageList_Destroy	ImageList_Destroy
_wcesdk_Win32_ImageList_DragEnter	ImageList_DragEnter
_wcesdk_Win32_ImageList_DragLeave	ImageList_DragLeave
_wcesdk_Win32_ImageList_DragMove	ImageList_DragMove
_wcesdk_Win32_ImageList_DragShowNolock	ImageList_DragShowNolock
_wcesdk_Win32_ImageList_Draw	ImageList_Draw
_wcesdk_Win32_ImageList_DrawEx	ImageList_DrawEx
_wcesdk_Win32_ImageList_EndDrag	ImageList_EndDrag
_wcesdk_Win32_ImageList_GetBkColor	ImageList_GetBkColor
_wcesdk_Win32_ImageList_GetDragImage	ImageList_GetDragImage
_wcesdk_Win32_ImageList_GetIcon	ImageList_GetIcon
_wcesdk_Win32_ImageList_GetIconSize	ImageList_GetIconSize
_wcesdk_Win32_ImageList_GetImageCount	ImageList_GetImageCount
_wcesdk_Win32_ImageList_GetImageInfo	ImageList_GetImageInfo
_wcesdk_Win32_ImageList_LoadImage	ImageList_LoadImage
_wcesdk_Win32_ImageList_Remove	ImageList_Remove
_wcesdk_Win32_ImageList_RemoveAll	ImageList_RemoveAll
_wcesdk_Win32_ImageList_Replace	ImageList_Replace
_wcesdk_Win32_ImageList_ReplaceIcon	ImageList_ReplaceIcon
_wcesdk_Win32_ImageList_SetBkColor	ImageList_SetBkColor
_wcesdk_Win32_ImageList_SetDragCursorImage	ImageList_SetDragCursorImage
_wcesdk_Win32_ImageList_SetIconSize	ImageList_SetIconSize
_wcesdk_Win32_ImageList_SetOverlayImage	ImageList_SetOverlayImage
_wcesdk_Win32_InitCommonControls	InitCommonControls
_wcesdk_Win32_InitSecurityInterface	InitSecurityInterface
_wcesdk_Win32_InitializeSecurityContext	InitializeSecurityContext
_wcesdk_Win32_InsertMenu	InsertMenu
_wcesdk_Win32_InterlockedDecrement	InterlockedDecrement
_wcesdk_Win32_InterlockedExchange	InterlockedExchange
_wcesdk_Win32_InterlockedIncrement	InterlockedIncrement
_wcesdk_Win32_IntersectClipRect	IntersectClipRect
_wcesdk_Win32_IsCharLower	IsCharLower
_wcesdk_Win32_IsCharUpper	IsCharUpper
_wcesdk_Win32_IsClipboardFormatAvailable	IsClipboardFormatAvailable
_wcesdk_Win32_IsDBCSLeadByte	IsDBCSLeadByte
_wcesdk_Win32_IsDBCSLeadByteEx	IsDBCSLeadByteEx
_wcesdk_Win32_IsDialogMessage	IsDialogMessage
_wcesdk_Win32_IsValidCodePage	IsValidCodePage
_wcesdk_Win32_IsValidLocale	IsValidLocale
_wcesdk_Win32_LCMapString	LCMapString
_wcesdk_Win32_LeaveCriticalSection	LeaveCriticalSection
_wcesdk_Win32_LoadLibraryEx	LoadLibraryEx
_wcesdk_Win32_LoadMenu	LoadMenu
_wcesdk_Win32_LoadResource	LoadResource
_wcesdk_Win32_MAKEROP4	MAKEROP4
_wcesdk_Win32_MakeSignature	MakeSignature
_wcesdk_Win32_MapDialogRect	MapDialogRect
_wcesdk_Win32_MapViewOfFile	MapViewOfFile
_wcesdk_Win32_MaskBlt	MaskBlt
_wcesdk_Win32_MoveFile	MoveFile
_wcesdk_Win32_MsgWaitForMultipleObjects	MsgWaitForMultipleObjects
_wcesdk_Win32_MsgWaitForMultipleObjectsEx	MsgWaitForMultipleObjectsEx
_wcesdk_Win32_MultiByteToWideChar	MultiByteToWideChar
_wcesdk_Win32_OffsetRgn	OffsetRgn
_wcesdk_Win32_OpenClipboard	OpenClipboard
_wcesdk_Win32_PAGESETUPDLG_str	PAGESETUPDLG
_wcesdk_Win32_PALETTEENTRY_str	PALETTEENTRY
_wcesdk_Win32_PageSetupDlg	PageSetupDlg
_wcesdk_Win32_Polygon	Polygon
_wcesdk_Win32_Polyline	Polyline
_wcesdk_Win32_PropSheetPageProc	PropSheetPageProc
_wcesdk_Win32_PropSheetProc	PropSheetProc
_wcesdk_Win32_PtInRegion	PtInRegion
_wcesdk_Win32_PulseEvent	PulseEvent
_wcesdk_Win32_QueryCredentialsAttributes	QueryCredentialsAttributes
_wcesdk_Win32_QueryPerformanceCounter	QueryPerformanceCounter
_wcesdk_Win32_QueryPerformanceFrequency	QueryPerformanceFrequency
_wcesdk_Win32_QuerySecurityPackageInfo	QuerySecurityPackageInfo
_wcesdk_Win32_RGNDATAHEADER_str	RGNDATAHEADER
_wcesdk_Win32_RaiseException	RaiseException
_wcesdk_Win32_ReadFile	ReadFile
_wcesdk_Win32_RealizePalette	RealizePalette
_wcesdk_Win32_RectInRegion	RectInRegion
_wcesdk_Win32_RectVisible	RectVisible
_wcesdk_Win32_Rectangle	Rectangle
_wcesdk_Win32_RegCloseKey	RegCloseKey
_wcesdk_Win32_RegCreateKeyEx	RegCreateKeyEx
_wcesdk_Win32_RegDeleteKey	RegDeleteKey
_wcesdk_Win32_RegDeleteValue	RegDeleteValue
_wcesdk_Win32_RegEnumKeyEx	RegEnumKeyEx
_wcesdk_Win32_RegEnumValue	RegEnumValue
_wcesdk_Win32_RegFlushKey	RegFlushKey
_wcesdk_Win32_RegOpenKeyEx	RegOpenKeyEx
_wcesdk_Win32_RegQueryInfoKey	RegQueryInfoKey
_wcesdk_Win32_RegQueryValueEx	RegQueryValueEx
_wcesdk_Win32_RegSetValueEx	RegSetValueEx
_wcesdk_Win32_RegisterClipboardFormat	RegisterClipboardFormat
_wcesdk_Win32_RegisterHotKey	RegisterHotKey
_wcesdk_Win32_ReleaseMutex	ReleaseMutex
_wcesdk_Win32_RemoveDirectory	RemoveDirectory
_wcesdk_Win32_RemoveFontResource	RemoveFontResource
_wcesdk_Win32_RemoveMenu	RemoveMenu
_wcesdk_Win32_ResetEvent	ResetEvent
_wcesdk_Win32_RestoreDC	RestoreDC
_wcesdk_Win32_RoundRect	RoundRect
_wcesdk_Win32_SHAddToRecentDocs	SHAddToRecentDocs
_wcesdk_Win32_SHGetFileInfo	SHGetFileInfo
_wcesdk_Win32_SHGetMalloc	SHGetMalloc
_wcesdk_Win32_SHGetPathFromIDList	SHGetPathFromIDList
_wcesdk_Win32_SaveDC	SaveDC
_wcesdk_Win32_ScrollDC	ScrollDC
_wcesdk_Win32_SecBuffer	SecBuffer
_wcesdk_Win32_SecBufferDesc	SecBufferDesc
_wcesdk_Win32_SecPkgContext_Authority	SecPkgContext_Authority
_wcesdk_Win32_SecPkgContext_DceInfo	SecPkgContext_DceInfo
_wcesdk_Win32_SecPkgContext_KeyInfo	SecPkgContext_KeyInfo
_wcesdk_Win32_SecPkgContext_Lifespan	SecPkgContext_Lifespan
_wcesdk_Win32_SecPkgContext_Names	SecPkgContext_Names
_wcesdk_Win32_SecPkgContext_Sizes	SecPkgContext_Sizes
_wcesdk_Win32_SecPkgCredentials_Names	SecPkgCredentials_Names
_wcesdk_Win32_SecPkgInfo	SecPkgInfo
_wcesdk_Win32_SecurityFunctionTable	SecurityFunctionTable
_wcesdk_Win32_SelectClipRgn	SelectClipRgn
_wcesdk_Win32_SelectObject	SelectObject
_wcesdk_Win32_SelectPalette	SelectPalette
_wcesdk_Win32_SendDlgItemMessage	SendDlgItemMessage
_wcesdk_Win32_SetActiveWindow	SetActiveWindow
_wcesdk_Win32_SetBkColor	SetBkColor
_wcesdk_Win32_SetBkMode	SetBkMode
_wcesdk_Win32_SetBrushOrgEx	SetBrushOrgEx
_wcesdk_Win32_SetCaretBlinkTime	SetCaretBlinkTime
_wcesdk_Win32_SetCaretPos	SetCaretPos
_wcesdk_Win32_SetClipboardData	SetClipboardData
_wcesdk_Win32_SetDlgItemInt	SetDlgItemInt
_wcesdk_Win32_SetDlgItemText	SetDlgItemText
_wcesdk_Win32_SetDlgMsgResult	SetDlgMsgResult
_wcesdk_Win32_SetEndOfFile	SetEndOfFile
_wcesdk_Win32_SetEvent	SetEvent
_wcesdk_Win32_SetFileAttributes	SetFileAttributes
_wcesdk_Win32_SetFilePointer	SetFilePointer
_wcesdk_Win32_SetFocus	SetFocus
_wcesdk_Win32_SetLastError	SetLastError
_wcesdk_Win32_SetLocaleInfo	SetLocaleInfo
_wcesdk_Win32_SetMenuItemInfo	SetMenuItemInfo
_wcesdk_Win32_SetPaletteEntries	SetPaletteEntries
_wcesdk_Win32_SetPixel	SetPixel
_wcesdk_Win32_SetROP2	SetROP2
_wcesdk_Win32_SetRectRgn	SetRectRgn
_wcesdk_Win32_SetScrollInfo	SetScrollInfo
_wcesdk_Win32_SetScrollPos	SetScrollPos
_wcesdk_Win32_SetScrollRange	SetScrollRange
_wcesdk_Win32_SetSystemTime	SetSystemTime
_wcesdk_Win32_SetTextColor	SetTextColor
_wcesdk_Win32_SetViewportOrgEx	SetViewportOrgEx
_wcesdk_Win32_ShellExecuteEx	ShellExecuteEx
_wcesdk_Win32_Shell_NotifyIcon	Shell_NotifyIcon
_wcesdk_Win32_ShowCaret	ShowCaret
_wcesdk_Win32_SizeofResource	SizeofResource
_wcesdk_Win32_StretchBlt	StretchBlt
_wcesdk_Win32_SystemParametersInfo	SystemParametersInfo
_wcesdk_Win32_TimerProc	TimerProc
_wcesdk_Win32_TrackPopupMenu	TrackPopupMenu
_wcesdk_Win32_TrackPopupMenuEx	TrackPopupMenuEx
_wcesdk_Win32_TranslateCharsetInfo	TranslateCharsetInfo
_wcesdk_Win32_UnmapViewOfFile	UnmapViewOfFile
_wcesdk_Win32_VerifySignature	VerifySignature
_wcesdk_Win32_WaitForMultipleObjects	WaitForMultipleObjects
_wcesdk_Win32_WaitForSingleObject	WaitForSingleObject
_wcesdk_Win32_WideCharToMultiByte	WideCharToMultiByte
_wcesdk_Win32_WinMain	WinMain
_wcesdk_Win32_WindowProc	WindowProc
_wcesdk_Win32_keybd_event	keybd_event
_wcesdk_Win32_wsprintf	wsprintf
_wcesdk_Win32_wvsprintf	wvsprintf
_wcesdk_Window_Management_Functions	Window Management Functions
_wcesdk_Window_Management_and_Event_Handling	Window Management and Event Handling (Windows CE 3.0 User Interface Services)
_wcesdk_Window_Relationship_Fundamentals	Window Relationship Fundamentals (Windows CE 3.0 User Interface Services)
_wcesdk_Window_and_Control_Styles	Window and Control Styles
_wcesdk_Window_and_Message_Box_Styles	Window and Message Box Styles
_wcesdk_Windows_CE_Directory_Identifiers	Windows CE Directory Identifiers
_wcesdk_Windows_CE_Implementation_of_PPTP	Windows CE Implementation of PPTP
_wcesdk_Windows_CE_Smart_Card_Support	Windows CE Smart Card Support
_wcesdk_Windows_CE_based_Device_Notification	Windows CE-based Device Notification
_wcesdk_Windows_NT_LMSSP_Server_Authentication	Windows NT LMSSP Server Authentication
_wcesdk_Windows_Networking	Windows Networking
_wcesdk_Windows_Networking_and_the_OSI_Model	Windows Networking and the OSI Model
_wcesdk_Windows_Overview	Windows Overview (Windows CE 3.0 User Interface Services)
_wcesdk_Windows_Sockets	Windows Sockets
_wcesdk_Winsock_Functions	Winsock Functions
_wcesdk_Winsock_Sample_Applications	Winsock Sample Applications
_wcesdk_Winsock_Structures	Winsock Structures
_wcesdk_Winsock_and_the_OSI_Model	Winsock and the OSI Model
_wcesdk_Worker_Callback_Functions_and_Data	Worker Callback Functions and Data
_wcesdk_Working_with_Active_and_Inactive_Pages_in_a_Property_Sheet	Working with Active and Inactive Pages in a Property Sheet (Windows CE 3.0 User Interface Services)
_wcesdk_Working_with_Advanced_Header_Control_Features	Working with Advanced Header Control Features (Windows CE 3.0 User Interface Services)
_wcesdk_Working_with_Certificates_in_Certificate_Stores	Working with Certificates in Certificate Stores
_wcesdk_Working_with_Command_Bars	Working with Command Bars
_wcesdk_Working_with_Common_Controls	Working with Common Controls (Windows CE 3.0 User Interface Services)
_wcesdk_Working_with_Edit_Control_Selection_Fields	Working with Edit Control Selection Fields (Windows CE 3.0 User Interface Services)
_wcesdk_Working_with_IME_Composition_Strings	Working with IME Composition Strings (Windows CE 3.0 User Interface Services)
_wcesdk_Working_with_Input_Contexts	Working with Input Contexts (Windows CE 3.0 User Interface Services)
_wcesdk_Working_with_RAPI	Working with RAPI
_wcesdk_Working_with_Text	Working with Text (Windows CE 3.0 User Interface Services)
_wcesdk_Working_with_Threads	Working with Threads (Windows CE 3.0 User Interface Services)
_wcesdk_Working_with_Window_Controls	Working with Window Controls (Windows CE 3.0 User Interface Services)
_wcesdk_Working_with_Windows_and_Messages	Working with Windows and Messages (Windows CE 3.0 User Interface Services)
_wcesdk_Working_with_the_IME_Candidate_Window	Working with the IME Candidate Window (Windows CE 3.0 User Interface Services)
_wcesdk_Working_with_the_IME_Status_Window	Working with the IME Status Window (Windows CE 3.0 User Interface Services)
_wcesdk_Working_with_the_Input_Method_Editor	Working with the Input Method Editor (Windows CE 3.0 User Interface Services)
_wcesdk_Working_with_the_Spelling_Checker	Working with the Spelling Checker
_wcesdk_Writing_a_CSP	Writing a CSP
_wcesdk_Writing_a_CSP_Setup_Application	Writing a CSP Setup Application
_wcesdk_Writing_an_SNMP_Extension_Agent	Writing an SNMP Extension Agent
_wcesdk_Writing_and_Creating_a_Record	Writing and Creating a Record
_wcesdk_Writing_and_Creating_a_Registry_Value	Writing and Creating a Registry Value
_wcesdk_Writing_to_a_File	Writing to a File
_wcesdk_Writing_to_a_Serial_Port	Writing to a Serial Port
_wcesdk_X509_Digital_Certification	X.509 Digital Certification
_wcesdk__Link_Layer_Functionality	Link Layer Functionality
_wcesdk__User_Datagram_Protocol_UDP	User Datagram Protocol (UDP)
_wcesdk_com_BIND_FLAGS	BIND_FLAGS
_wcesdk_com_BIND_OPTS	BIND_OPTS
_wcesdk_com_BIND_OPTS2	BIND_OPTS2
_wcesdk_com_BindMoniker	BindMoniker
_wcesdk_com_COAUTHINFO	COAUTHINFO
_wcesdk_com_CONTROLINFO	CONTROLINFO
_wcesdk_com_COSERVERINFO	COSERVERINFO
_wcesdk_com_CoAddRefServerProcess	CoAddRefServerProcess
_wcesdk_com_CoBuildVersion	CoBuildVersion
_wcesdk_com_CoCopyProxy	CoCopyProxy
_wcesdk_com_CoCreateFreeThreadedMarshaler	CoCreateFreeThreadedMarshaler
_wcesdk_com_CoCreateGuid	CoCreateGuid
_wcesdk_com_CoCreateInstanceEx	CoCreateInstanceEx
_wcesdk_com_CoDisconnectObject	CoDisconnectObject
_wcesdk_com_CoFileTimeNow	CoFileTimeNow
_wcesdk_com_CoFreeAllLibraries	CoFreeAllLibraries
_wcesdk_com_CoGetCallContext	CoGetCallContext
_wcesdk_com_CoGetCallerTID	CoGetCallerTID
_wcesdk_com_CoGetCurrentLogicalThreadId	CoGetCurrentLogicalThreadId
_wcesdk_com_CoGetCurrentProcess	CoGetCurrentProcess
_wcesdk_com_CoGetInstanceFromFile	CoGetInstanceFromFile
_wcesdk_com_CoGetInstanceFromIStorage	CoGetInstanceFromIStorage
_wcesdk_com_CoGetInterfaceAndReleaseStream	CoGetInterfaceAndReleaseStream
_wcesdk_com_CoGetMalloc	CoGetMalloc
_wcesdk_com_CoGetMarshalSizeMax	CoGetMarshalSizeMax
_wcesdk_com_CoGetObject	CoGetObject
_wcesdk_com_CoGetPSClsid	CoGetPSClsid
_wcesdk_com_CoGetStandardMarshal	CoGetStandardMarshal
_wcesdk_com_CoGetState	CoGetState
_wcesdk_com_CoGetTIDFromIPID	CoGetTIDFromIPID
_wcesdk_com_CoGetTreatAsClass	CoGetTreatAsClass
_wcesdk_com_CoImpersonateClient	CoImpersonateClient
_wcesdk_com_CoInitialize	CoInitialize
_wcesdk_com_CoInitializeSecurity	CoInitializeSecurity
_wcesdk_com_CoIsHandlerConnected	CoIsHandlerConnected
_wcesdk_com_CoIsOle1Class	CoIsOle1Class
_wcesdk_com_CoLockObjectExternal	CoLockObjectExternal
_wcesdk_com_CoMarshalHresult	CoMarshalHresult
_wcesdk_com_CoMarshalInterThreadInterfaceInStream	CoMarshalInterThreadInterfaceInStream
_wcesdk_com_CoMarshalInterface	CoMarshalInterface
_wcesdk_com_CoQueryAuthenticationServices	CoQueryAuthenticationServices
_wcesdk_com_CoQueryClientBlanket	CoQueryClientBlanket
_wcesdk_com_CoQueryProxyBlanket	CoQueryProxyBlanket
_wcesdk_com_CoQueryReleaseObject	CoQueryReleaseObject
_wcesdk_com_CoRegisterChannelHook	CoRegisterChannelHook
_wcesdk_com_CoRegisterClassObject	CoRegisterClassObject
_wcesdk_com_CoRegisterMallocSpy	CoRegisterMallocSpy
_wcesdk_com_CoRegisterMessageFilter	CoRegisterMessageFilter
_wcesdk_com_CoRegisterPSClsid	CoRegisterPSClsid
_wcesdk_com_CoRegisterSurrogate	CoRegisterSurrogate
_wcesdk_com_CoReleaseMarshalData	CoReleaseMarshalData
_wcesdk_com_CoReleaseServerProcess	CoReleaseServerProcess
_wcesdk_com_CoResumeClassObjects	CoResumeClassObjects
_wcesdk_com_CoRevertToSelf	CoRevertToSelf
_wcesdk_com_CoRevokeClassObject	CoRevokeClassObject
_wcesdk_com_CoRevokeMallocSpy	CoRevokeMallocSpy
_wcesdk_com_CoSetProxyBlanket	CoSetProxyBlanket
_wcesdk_com_CoSetState	CoSetState
_wcesdk_com_CoSuspendClassObjects	CoSuspendClassObjects
_wcesdk_com_CoSwitchCallContext	CoSwitchCallContext
_wcesdk_com_CoTreatAsClass	CoTreatAsClass
_wcesdk_com_CoUnmarshalHresult	CoUnmarshalHresult
_wcesdk_com_CoUnmarshalInterface	CoUnmarshalInterface
_wcesdk_com_CreateAntiMoniker	CreateAntiMoniker
_wcesdk_com_CreateClassMoniker	CreateClassMoniker
_wcesdk_com_CreateFileMoniker	CreateFileMoniker
_wcesdk_com_CreateGenericComposite	CreateGenericComposite
_wcesdk_com_CreateItemMoniker	CreateItemMoniker
_wcesdk_com_CreatePointerMoniker	CreatePointerMoniker
_wcesdk_com_CreateStreamOnHGlobal	CreateStreamOnHGlobal
_wcesdk_com_DVASPECT	DVASPECT
_wcesdk_com_DVEXTENTINFO	DVEXTENTINFO
_wcesdk_com_DVTARGETDEVICE	DVTARGETDEVICE
_wcesdk_com_DirectInputCreate	DirectInputCreate
_wcesdk_com_DllCanUnloadNow	DllCanUnloadNow
_wcesdk_com_DllDebugObjectRPCHook	DllDebugObjectRPCHook
_wcesdk_com_DllGetClassObject	DllGetClassObject
_wcesdk_com_DllRegisterServer	DllRegisterServer
_wcesdk_com_DllUnregisterServer	DllUnregisterServer
_wcesdk_com_FORMATETC	FORMATETC
_wcesdk_com_GetHGlobalFromStream	GetHGlobalFromStream
_wcesdk_com_GetRunningObjectTable	GetRunningObjectTable
_wcesdk_com_IAdviseSink	IAdviseSink
_wcesdk_com_IAdviseSink_OnClose	IAdviseSink::OnClose
_wcesdk_com_IAdviseSink_OnDataChange	IAdviseSink::OnDataChange
_wcesdk_com_IAdviseSink_OnRename	IAdviseSink::OnRename
_wcesdk_com_IAdviseSink_OnSave	IAdviseSink::OnSave
_wcesdk_com_IAdviseSink_OnViewChange	IAdviseSink::OnViewChange
_wcesdk_com_IClassActivator	IClassActivator
_wcesdk_com_IClassActivator__GetClassObject	IClassActivator::GetClassObject
_wcesdk_com_IClassFactory2	IClassFactory2
_wcesdk_com_IClassFactory2__CreateInstanceLic	IClassFactory2::CreateInstanceLic
_wcesdk_com_IClassFactory2__GetLicInfo	IClassFactory2::GetLicInfo
_wcesdk_com_IClassFactory2__RequestLicKey	IClassFactory2::RequestLicKey
_wcesdk_com_IClassFactory_CreateInstance	IClassFactory::CreateInstance
_wcesdk_com_IClassFactory_IUnknown	IClassFactory
_wcesdk_com_IClassFactory_LockServer	IClassFactory::LockServer
_wcesdk_com_IClientSecurity	IClientSecurity
_wcesdk_com_IClientSecurity__CopyProxy	IClientSecurity::CopyProxy
_wcesdk_com_IClientSecurity__QueryBlanket	IClientSecurity::QueryBlanket
_wcesdk_com_IClientSecurity__SetBlanket	IClientSecurity::SetBlanket
_wcesdk_com_IConnectionPoint	IConnectionPoint
_wcesdk_com_IConnectionPointContainer	IConnectionPointContainer
_wcesdk_com_IConnectionPointContainer__EnumConnectionPoints	IConnectionPointContainer::EnumConnectionPoints
_wcesdk_com_IConnectionPointContainer__FindConnectionPoint	IConnectionPointContainer::FindConnectionPoint
_wcesdk_com_IConnectionPoint__Advise	IConnectionPoint::Advise
_wcesdk_com_IConnectionPoint__EnumConnections	IConnectionPoint::EnumConnections
_wcesdk_com_IConnectionPoint__GetConnectionInterface	IConnectionPoint::GetConnectionInterface
_wcesdk_com_IConnectionPoint__GetConnectionPointContainer	IConnectionPoint::GetConnectionPointContainer
_wcesdk_com_IConnectionPoint__Unadvise	IConnectionPoint::Unadvise
_wcesdk_com_IEnumConnectionPoints	IEnumConnectionPoints
_wcesdk_com_IEnumConnections	IEnumConnections
_wcesdk_com_IEnumMoniker	IEnumMoniker
_wcesdk_com_IEnumSTATDATA	IEnumSTATDATA
_wcesdk_com_IEnumSTATDATA_Clone	IEnumSTATDATA::Clone
_wcesdk_com_IEnumSTATDATA_Next	IEnumSTATDATA::Next
_wcesdk_com_IEnumSTATDATA_Reset	IEnumSTATDATA::Reset
_wcesdk_com_IEnumSTATDATA_Skip	IEnumSTATDATA::Skip
_wcesdk_com_IEnumSTATSTG	IEnumSTATSTG
_wcesdk_com_IEnumSTATSTG_Clone	IEnumSTATSTG::Clone
_wcesdk_com_IEnumSTATSTG_Next	IEnumSTATSTG::Next
_wcesdk_com_IEnumSTATSTG_Reset	IEnumSTATSTG::Reset
_wcesdk_com_IEnumSTATSTG_Skip	IEnumSTATSTG::Skip
_wcesdk_com_IEnumString	IEnumString
_wcesdk_com_IExternalConnection	IExternalConnection
_wcesdk_com_IExternalConnection__AddConnection	IExternalConnection::AddConnection
_wcesdk_com_IExternalConnection__ReleaseConnection	IExternalConnection::ReleaseConnection
_wcesdk_com_IFillLockBytes	IFillLockBytes
_wcesdk_com_IFillLockBytes__FillAppend	IFillLockBytes::FillAppend
_wcesdk_com_IFillLockBytes__FillAt	IFillLockBytes::FillAt
_wcesdk_com_IFillLockBytes__SetFillSize	IFillLockBytes::SetFillSize
_wcesdk_com_IFillLockBytes__Terminate	IFillLockBytes::Terminate
_wcesdk_com_IFillLockBytes___Implementation	IFillLockBytes - Implementation
_wcesdk_com_IIDFromString	IIDFromString
_wcesdk_com_ILockBytes	ILockBytes
_wcesdk_com_ILockBytes_Flush	ILockBytes::Flush
_wcesdk_com_ILockBytes_LockRegion	ILockBytes::LockRegion
_wcesdk_com_ILockBytes_ReadAt	ILockBytes::ReadAt
_wcesdk_com_ILockBytes_SetSize	ILockBytes::SetSize
_wcesdk_com_ILockBytes_Stat	ILockBytes::Stat
_wcesdk_com_ILockBytes_UnlockRegion	ILockBytes::UnlockRegion
_wcesdk_com_ILockBytes_WriteAt	ILockBytes::WriteAt
_wcesdk_com_IMarshal	IMarshal
_wcesdk_com_IMarshal__DisconnectObject	IMarshal::DisconnectObject
_wcesdk_com_IMarshal__GetMarshalSizeMax	IMarshal::GetMarshalSizeMax
_wcesdk_com_IMarshal__GetUnmarshalClass	IMarshal::GetUnmarshalClass
_wcesdk_com_IMarshal__MarshalInterface	IMarshal::MarshalInterface
_wcesdk_com_IMarshal__ReleaseMarshalData	IMarshal::ReleaseMarshalData
_wcesdk_com_IMarshal__UnmarshalInterface	IMarshal::UnmarshalInterface
_wcesdk_com_IMarshal___Default_Implementation	IMarshal - Default Implementation
_wcesdk_com_IMessageFilter	IMessageFilter
_wcesdk_com_IMessageFilter__HandleInComingCall	IMessageFilter::HandleInComingCall
_wcesdk_com_IMessageFilter__MessagePending	IMessageFilter::MessagePending
_wcesdk_com_IMessageFilter__RetryRejectedCall	IMessageFilter::RetryRejectedCall
_wcesdk_com_IMoniker	IMoniker
_wcesdk_com_IMoniker_BindToObject	IMoniker::BindToObject
_wcesdk_com_IMoniker_BindToStorage	IMoniker::BindToStorage
_wcesdk_com_IMoniker_CommonPrefixWith	IMoniker::CommonPrefixWith
_wcesdk_com_IMoniker_ComposeWith	IMoniker::ComposeWith
_wcesdk_com_IMoniker_Enum	IMoniker::Enum
_wcesdk_com_IMoniker_GetDisplayName	IMoniker::GetDisplayName
_wcesdk_com_IMoniker_GetTimeOfLastChange	IMoniker::GetTimeOfLastChange
_wcesdk_com_IMoniker_Hash	IMoniker::Hash
_wcesdk_com_IMoniker_Inverse	IMoniker::Inverse
_wcesdk_com_IMoniker_IsEqual	IMoniker::IsEqual
_wcesdk_com_IMoniker_IsRunning	IMoniker::IsRunning
_wcesdk_com_IMoniker_IsSystemMoniker	IMoniker::IsSystemMoniker
_wcesdk_com_IMoniker_ParseDisplayName	IMoniker::ParseDisplayName
_wcesdk_com_IMoniker_Reduce	IMoniker::Reduce
_wcesdk_com_IMoniker_RelativePathTo	IMoniker::RelativePathTo
_wcesdk_com_IMultiQI	IMultiQI
_wcesdk_com_IMultiQI__QueryMultipleInterfaces	IMultiQI::QueryMultipleInterfaces
_wcesdk_com_IOleAdviseHolder	IOleAdviseHolder
_wcesdk_com_IOleAdviseHolder_Advise	IOleAdviseHolder::Advise
_wcesdk_com_IOleAdviseHolder_EnumAdvise	IOleAdviseHolder::EnumAdvise
_wcesdk_com_IOleAdviseHolder_SendOnClose	IOleAdviseHolder::SendOnClose
_wcesdk_com_IOleAdviseHolder_SendOnRename	IOleAdviseHolder::SendOnRename
_wcesdk_com_IOleAdviseHolder_SendOnSave	IOleAdviseHolder::SendOnSave
_wcesdk_com_IOleAdviseHolder_Unadvise	IOleAdviseHolder::Unadvise
_wcesdk_com_IOleClientSite	IOleClientSite
_wcesdk_com_IOleClientSite_GetContainer	IOleClientSite::GetContainer
_wcesdk_com_IOleClientSite_GetMoniker	IOleClientSite::GetMoniker
_wcesdk_com_IOleClientSite_OnShowWindow	IOleClientSite::OnShowWindow
_wcesdk_com_IOleClientSite_RequestNewObjectLayout	IOleClientSite::RequestNewObjectLayout
_wcesdk_com_IOleClientSite_SaveObject	IOleClientSite::SaveObject
_wcesdk_com_IOleClientSite_ShowObject	IOleClientSite::ShowObject
_wcesdk_com_IOleObject	IOleObject
_wcesdk_com_IOleObject_Advise	IOleObject::Advise
_wcesdk_com_IOleObject_Close	IOleObject::Close
_wcesdk_com_IOleObject_DoVerb	IOleObject::DoVerb
_wcesdk_com_IOleObject_EnumAdvise	IOleObject::EnumAdvise
_wcesdk_com_IOleObject_EnumVerbs	IOleObject::EnumVerbs
_wcesdk_com_IOleObject_GetClientSite	IOleObject::GetClientSite
_wcesdk_com_IOleObject_GetClipboardData	IOleObject::GetClipboardData
_wcesdk_com_IOleObject_GetExtent	IOleObject::GetExtent
_wcesdk_com_IOleObject_GetMiscStatus	IOleObject::GetMiscStatus
_wcesdk_com_IOleObject_GetMoniker	IOleObject::GetMoniker
_wcesdk_com_IOleObject_GetUserClassID	IOleObject::GetUserClassID
_wcesdk_com_IOleObject_GetUserType	IOleObject::GetUserType
_wcesdk_com_IOleObject_InitFromData	IOleObject::InitFromData
_wcesdk_com_IOleObject_IsUpToDate	IOleObject::IsUpToDate
_wcesdk_com_IOleObject_SetClientSite	IOleObject::SetClientSite
_wcesdk_com_IOleObject_SetColorScheme	IOleObject::SetColorScheme
_wcesdk_com_IOleObject_SetExtent	IOleObject::SetExtent
_wcesdk_com_IOleObject_SetHostNames	IOleObject::SetHostNames
_wcesdk_com_IOleObject_SetMoniker	IOleObject::SetMoniker
_wcesdk_com_IOleObject_Unadvise	IOleObject::Unadvise
_wcesdk_com_IOleObject_Update	IOleObject::Update
_wcesdk_com_IParseDisplayName	IParseDisplayName
_wcesdk_com_IParseDisplayName__ParseDisplayName	IParseDisplayName::ParseDisplayName
_wcesdk_com_IPersist	IPersist
_wcesdk_com_IPersistFile	IPersistFile
_wcesdk_com_IPersistFile__GetCurFile	IPersistFile::GetCurFile
_wcesdk_com_IPersistFile__IsDirty	IPersistFile::IsDirty
_wcesdk_com_IPersistFile__Load	IPersistFile::Load
_wcesdk_com_IPersistFile__Save	IPersistFile::Save
_wcesdk_com_IPersistFile__SaveCompleted	IPersistFile::SaveCompleted
_wcesdk_com_IPersistStorage	IPersistStorage
_wcesdk_com_IPersistStorage_HandsOffStorage	IPersistStorage::HandsOffStorage
_wcesdk_com_IPersistStorage_InitNew	IPersistStorage::InitNew
_wcesdk_com_IPersistStorage_IsDirty	IPersistStorage::IsDirty
_wcesdk_com_IPersistStorage_Load	IPersistStorage::Load
_wcesdk_com_IPersistStorage_Save	IPersistStorage::Save
_wcesdk_com_IPersistStorage_SaveCompleted	IPersistStorage::SaveCompleted
_wcesdk_com_IPersistStreamInit	IPersistStreamInit
_wcesdk_com_IPersistStreamInit__GetSizeMax	IPersistStreamInit::GetSizeMax
_wcesdk_com_IPersistStreamInit__InitNew	IPersistStreamInit::InitNew
_wcesdk_com_IPersistStreamInit__IsDirty	IPersistStreamInit::IsDirty
_wcesdk_com_IPersistStreamInit__Load	IPersistStreamInit::Load
_wcesdk_com_IPersistStreamInit__Save	IPersistStreamInit::Save
_wcesdk_com_IPersist_GetClassID	IPersist::GetClassID
_wcesdk_com_IROTData	IROTData
_wcesdk_com_IROTData__GetComparisonData	IROTData::GetComparisonData
_wcesdk_com_IRootStorage	IRootStorage
_wcesdk_com_IRootStorage_SwitchToFile	IRootStorage::SwitchToFile
_wcesdk_com_IRunnableObject	IRunnableObject
_wcesdk_com_IRunnableObject__GetRunningClass	IRunnableObject::GetRunningClass
_wcesdk_com_IRunnableObject__IsRunning	IRunnableObject::IsRunning
_wcesdk_com_IRunnableObject__LockRunning	IRunnableObject::LockRunning
_wcesdk_com_IRunnableObject__Run	IRunnableObject::Run
_wcesdk_com_IRunnableObject__SetContainedObject	IRunnableObject::SetContainedObject
_wcesdk_com_IRunningObjectTable	IRunningObjectTable
_wcesdk_com_IRunningObjectTable__EnumRunning	IRunningObjectTable::EnumRunning
_wcesdk_com_IRunningObjectTable__GetObject	IRunningObjectTable::GetObject
_wcesdk_com_IRunningObjectTable__GetTimeOfLastChange	IRunningObjectTable::GetTimeOfLastChange
_wcesdk_com_IRunningObjectTable__IsRunning	IRunningObjectTable::IsRunning
_wcesdk_com_IRunningObjectTable__NoteChangeTime	IRunningObjectTable::NoteChangeTime
_wcesdk_com_IRunningObjectTable__Register	IRunningObjectTable::Register
_wcesdk_com_IRunningObjectTable__Revoke	IRunningObjectTable::Revoke
_wcesdk_com_ISequentialStream	ISequentialStream
_wcesdk_com_ISequentialStream__Read	ISequentialStream::Read
_wcesdk_com_ISequentialStream__Write	ISequentialStream::Write
_wcesdk_com_IServerSecurity	IServerSecurity
_wcesdk_com_IServerSecurity__ImpersonateClient	IServerSecurity::ImpersonateClient
_wcesdk_com_IServerSecurity__IsImpersonating	IServerSecurity::IsImpersonating
_wcesdk_com_IServerSecurity__QueryBlanket	IServerSecurity::QueryBlanket
_wcesdk_com_IServerSecurity__RevertToSelf	IServerSecurity::RevertToSelf
_wcesdk_com_IStdMarshalInfo	IStdMarshalInfo
_wcesdk_com_IStdMarshalInfo__GetClassForHandler	IStdMarshalInfo::GetClassForHandler
_wcesdk_com_IStorage	IStorage
_wcesdk_com_IStorage_Commit	IStorage::Commit
_wcesdk_com_IStorage_CopyTo	IStorage::CopyTo
_wcesdk_com_IStorage_CreateStorage	IStorage::CreateStorage
_wcesdk_com_IStorage_CreateStream	IStorage::CreateStream
_wcesdk_com_IStorage_DestroyElement	IStorage::DestroyElement
_wcesdk_com_IStorage_EnumElements	IStorage::EnumElements
_wcesdk_com_IStorage_MoveElementTo	IStorage::MoveElementTo
_wcesdk_com_IStorage_OpenStorage	IStorage::OpenStorage
_wcesdk_com_IStorage_OpenStream	IStorage::OpenStream
_wcesdk_com_IStorage_RenameElement	IStorage::RenameElement
_wcesdk_com_IStorage_Revert	IStorage::Revert
_wcesdk_com_IStorage_SetClass	IStorage::SetClass
_wcesdk_com_IStorage_SetElementTimes	IStorage::SetElementTimes
_wcesdk_com_IStorage_SetStateBits	IStorage::SetStateBits
_wcesdk_com_IStorage_Stat	IStorage::Stat
_wcesdk_com_IStream	IStream
_wcesdk_com_IStream_Clone	IStream::Clone
_wcesdk_com_IStream_Commit	IStream::Commit
_wcesdk_com_IStream_CopyTo	IStream::CopyTo
_wcesdk_com_IStream_LockRegion	IStream::LockRegion
_wcesdk_com_IStream_Read	IStream::Read
_wcesdk_com_IStream_Revert	IStream::Revert
_wcesdk_com_IStream_Seek	IStream::Seek
_wcesdk_com_IStream_SetSize	IStream::SetSize
_wcesdk_com_IStream_Stat	IStream::Stat
_wcesdk_com_IStream_UnlockRegion	IStream::UnlockRegion
_wcesdk_com_IStream_Write	IStream::Write
_wcesdk_com_IUnknown	IUnknown
_wcesdk_com_IViewObject	IViewObject
_wcesdk_com_IViewObject_Draw	IViewObject::Draw
_wcesdk_com_IViewObject_Freeze	IViewObject::Freeze
_wcesdk_com_IViewObject_GetAdvise	IViewObject::GetAdvise
_wcesdk_com_IViewObject_GetColorSet	IViewObject::GetColorSet
_wcesdk_com_IViewObject_SetAdvise	IViewObject::SetAdvise
_wcesdk_com_IViewObject_Unfreeze	IViewObject::Unfreeze
_wcesdk_com_IsEqualGUID	IsEqualGUID
_wcesdk_com_IsValidIid	IsValidIid
_wcesdk_com_IsValidInterface	IsValidInterface
_wcesdk_com_IsValidPtrIn	IsValidPtrIn
_wcesdk_com_IsValidPtrOut	IsValidPtrOut
_wcesdk_com_Iunknown_AddRef	IUnknown::AddRef
_wcesdk_com_Iunknown_QueryInterface	IUnknown::QueryInterface
_wcesdk_com_Iunknown_Release	IUnknown::Release
_wcesdk_com_MkParseDisplayName	MkParseDisplayName
_wcesdk_com_MonikerCommonPrefixWith	MonikerCommonPrefixWith
_wcesdk_com_MonikerRelativePathTo	MonikerRelativePathTo
_wcesdk_com_NM_DBLCLK	NM_DBLCLK
_wcesdk_com_NM_HOVER	NM_HOVER
_wcesdk_com_NM_KILLFOCUS	NM_KILLFOCUS
_wcesdk_com_NM_NCHITTEST	NM_NCHITTEST
_wcesdk_com_NM_OUTOFMEMORY	NM_OUTOFMEMORY
_wcesdk_com_NM_RCLICK	NM_RCLICK
_wcesdk_com_NM_RDBLCLK	NM_RDBLCLK
_wcesdk_com_NM_RETURN	NM_RETURN
_wcesdk_com_NM_SETFOCUS	NM_SETFOCUS
_wcesdk_com_OleLoadFromStream	OleLoadFromStream
_wcesdk_com_OleSaveToStream	OleSaveToStream
_wcesdk_com_ProgIDFromCLSID	ProgIDFromCLSID
_wcesdk_com_ReadClassStg	ReadClassStg
_wcesdk_com_STATSTG	STATSTG
_wcesdk_com_STGM	STGM
_wcesdk_com_STGMEDIUM	STGMEDIUM
_wcesdk_com_TYMED	TYMED
_wcesdk_com_UpdateDCOMSettings	UpdateDCOMSettings
_wcesdk_crypto2_ALG_ID	ALG_ID
_wcesdk_crypto2_BLOB	BLOB
_wcesdk_crypto2_CERT_ACCESS_DESCRIPTION	CERT_ACCESS_DESCRIPTION
_wcesdk_crypto2_CERT_ALT_NAME_ENTRY	CERT_ALT_NAME_ENTRY
_wcesdk_crypto2_CERT_ALT_NAME_INFO	CERT_ALT_NAME_INFO
_wcesdk_crypto2_CERT_AUTHORITY_INFO_ACCESS	CERT_AUTHORITY_INFO_ACCESS
_wcesdk_crypto2_CERT_AUTHORITY_KEY_ID2_INFO	CERT_AUTHORITY_KEY_ID2_INFO
_wcesdk_crypto2_CERT_AUTHORITY_KEY_ID_INFO	CERT_AUTHORITY_KEY_ID_INFO
_wcesdk_crypto2_CERT_BASIC_CONSTRAINTS2_INFO	CERT_BASIC_CONSTRAINTS2_INFO
_wcesdk_crypto2_CERT_BASIC_CONSTRAINTS_INFO	CERT_BASIC_CONSTRAINTS_INFO
_wcesdk_crypto2_CERT_CHAIN_CONTEXT	CERT_CHAIN_CONTEXT
_wcesdk_crypto2_CERT_CHAIN_ELEMENT	CERT_CHAIN_ELEMENT
_wcesdk_crypto2_CERT_CHAIN_ENGINE_CONFIG	CERT_CHAIN_ENGINE_CONFIG
_wcesdk_crypto2_CERT_CHAIN_PARA	CERT_CHAIN_PARA
_wcesdk_crypto2_CERT_CONTEXT	CERT_CONTEXT
_wcesdk_crypto2_CERT_EXTENSION	CERT_EXTENSION
_wcesdk_crypto2_CERT_ID	CERT_ID
_wcesdk_crypto2_CERT_INFO	CERT_INFO
_wcesdk_crypto2_CERT_ISSUER_SERIAL_NUMBER	CERT_ISSUER_SERIAL_NUMBER
_wcesdk_crypto2_CERT_KEYGEN_REQUEST_INFO	CERT_KEYGEN_REQUEST_INFO
_wcesdk_crypto2_CERT_KEY_ATTRIBUTES_INFO	CERT_KEY_ATTRIBUTES_INFO
_wcesdk_crypto2_CERT_KEY_CONTEXT	CERT_KEY_CONTEXT
_wcesdk_crypto2_CERT_KEY_USAGE_RESTRICTION_INFO	CERT_KEY_USAGE_RESTRICTION_INFO
_wcesdk_crypto2_CERT_NAME_INFO	CERT_NAME_INFO
_wcesdk_crypto2_CERT_POLICIES_INFO	CERT_POLICIES_INFO
_wcesdk_crypto2_CERT_POLICY_ID	CERT_POLICY_ID
_wcesdk_crypto2_CERT_POLICY_INFO	CERT_POLICY_INFO
_wcesdk_crypto2_CERT_POLICY_QUALIFIER_INFO	CERT_POLICY_QUALIFIER_INFO
_wcesdk_crypto2_CERT_PRIVATE_KEY_VALIDITY	CERT_PRIVATE_KEY_VALIDITY
_wcesdk_crypto2_CERT_PUBLIC_KEY_INFO	CERT_PUBLIC_KEY_INFO
_wcesdk_crypto2_CERT_RDN	CERT_RDN
_wcesdk_crypto2_CERT_RDN_ATTR	CERT_RDN_ATTR
_wcesdk_crypto2_CERT_REQUEST_INFO	CERT_REQUEST_INFO
_wcesdk_crypto2_CERT_SIGNED_CONTENT_INFO	CERT_SIGNED_CONTENT_INFO
_wcesdk_crypto2_CERT_SIMPLE_CHAIN	CERT_SIMPLE_CHAIN
_wcesdk_crypto2_CERT_SYSTEM_STORE_INFO	CERT_SYSTEM_STORE_INFO
_wcesdk_crypto2_CERT_SYSTEM_STORE_RELOCATE_PARA	CERT_SYSTEM_STORE_RELOCATE_PARA
_wcesdk_crypto2_CERT_TRUST_LIST_INFO	CERT_TRUST_LIST_INFO
_wcesdk_crypto2_CERT_TRUST_STATUS	CERT_TRUST_STATUS
_wcesdk_crypto2_CERT_USAGE_MATCH	CERT_USAGE_MATCH
_wcesdk_crypto2_CRYPT_ALGORITHM_IDENTIFIER	CRYPT_ALGORITHM_IDENTIFIER
_wcesdk_crypto2_CRYPT_ATTRIBUTE	CRYPT_ATTRIBUTE
_wcesdk_crypto2_CRYPT_BIT_BLOB	CRYPT_BIT_BLOB
_wcesdk_crypto2_CRYPT_ENCODE_PARA	CRYPT_ENCODE_PARA
_wcesdk_crypto2_CRYPT_KEY_PROV_INFO	CRYPT_KEY_PROV_INFO
_wcesdk_crypto2_CRYPT_KEY_PROV_PARAM	CRYPT_KEY_PROV_PARAM
_wcesdk_crypto2_CRYPT_OID_FUNC_ENTRY	CRYPT_OID_FUNC_ENTRY
_wcesdk_crypto2_CRYPT_OID_INFO	CRYPT_OID_INFO
_wcesdk_crypto2_CTL_USAGE	CTL_USAGE
_wcesdk_crypto2_CertAddCertificateContextToStore	CertAddCertificateContextToStore
_wcesdk_crypto2_CertAddCertificateLinkToStore	CertAddCertificateLinkToStore
_wcesdk_crypto2_CertAddEncodedCertificateToStore	CertAddEncodedCertificateToStore
_wcesdk_crypto2_CertAddEnhancedKeyUsageIdentifier	CertAddEnhancedKeyUsageIdentifier
_wcesdk_crypto2_CertAddSerializedElementToStore	CertAddSerializedElementToStore
_wcesdk_crypto2_CertAlgIdToOID	CertAlgIdToOID
_wcesdk_crypto2_CertCloseStore	CertCloseStore
_wcesdk_crypto2_CertCompareCertificate	CertCompareCertificate
_wcesdk_crypto2_CertCompareCertificateName	CertCompareCertificateName
_wcesdk_crypto2_CertCompareIntegerBlob	CertCompareIntegerBlob
_wcesdk_crypto2_CertComparePublicKeyInfo	CertComparePublicKeyInfo
_wcesdk_crypto2_CertControlStore	CertControlStore
_wcesdk_crypto2_CertCreateCertificateContext	CertCreateCertificateContext
_wcesdk_crypto2_CertDeleteCertificateFromStore	CertDeleteCertificateFromStore
_wcesdk_crypto2_CertDuplicateCertificateChain	CertDuplicateCertificateChain
_wcesdk_crypto2_CertDuplicateCertificateContext	CertDuplicateCertificateContext
_wcesdk_crypto2_CertDuplicateStore	CertDuplicateStore
_wcesdk_crypto2_CertEnumCertificateContextProperties	CertEnumCertificateContextProperties
_wcesdk_crypto2_CertEnumCertificatesInStore	CertEnumCertificatesInStore
_wcesdk_crypto2_CertEnumSystemStore	CertEnumSystemStore
_wcesdk_crypto2_CertEnumSystemStoreLocation	CertEnumSystemStoreLocation
_wcesdk_crypto2_CertFindAttribute	CertFindAttribute
_wcesdk_crypto2_CertFindCertificateInStore	CertFindCertificateInStore
_wcesdk_crypto2_CertFindExtension	CertFindExtension
_wcesdk_crypto2_CertFindRDNAttr	CertFindRDNAttr
_wcesdk_crypto2_CertFreeCertificateChain	CertFreeCertificateChain
_wcesdk_crypto2_CertFreeCertificateContext	CertFreeCertificateContext
_wcesdk_crypto2_CertGetCertificateChain	CertGetCertificateChain
_wcesdk_crypto2_CertGetCertificateContextProperty	CertGetCertificateContextProperty
_wcesdk_crypto2_CertGetEnhancedKeyUsage	CertGetEnhancedKeyUsage
_wcesdk_crypto2_CertGetIntendedKeyUsage	CertGetIntendedKeyUsage
_wcesdk_crypto2_CertGetIssuerCertificateFromStore	CertGetIssuerCertificateFromStore
_wcesdk_crypto2_CertGetNameString	CertGetNameString
_wcesdk_crypto2_CertGetPublicKeyLength	CertGetPublicKeyLength
_wcesdk_crypto2_CertGetStoreProperty	CertGetStoreProperty
_wcesdk_crypto2_CertGetSubjectCertificateFromStore	CertGetSubjectCertificateFromStore
_wcesdk_crypto2_CertIsRDNAttrsInCertificateName	CertIsRDNAttrsInCertificateName
_wcesdk_crypto2_CertNameToStr	CertNameToStr
_wcesdk_crypto2_CertOIDToAlgId	CertOIDToAlgId
_wcesdk_crypto2_CertOpenStore	CertOpenStore
_wcesdk_crypto2_CertOpenSystemStore	CertOpenSystemStore
_wcesdk_crypto2_CertRDNValueToStr	CertRDNValueToStr
_wcesdk_crypto2_CertRemoveEnhancedKeyUsageIdentifier	CertRemoveEnhancedKeyUsageIdentifier
_wcesdk_crypto2_CertSaveStore	CertSaveStore
_wcesdk_crypto2_CertSerializeCertificateStoreElement	CertSerializeCertificateStoreElement
_wcesdk_crypto2_CertSetCertificateContextProperty	CertSetCertificateContextProperty
_wcesdk_crypto2_CertSetEnhancedKeyUsage	CertSetEnhancedKeyUsage
_wcesdk_crypto2_CertSetStoreProperty	CertSetStoreProperty
_wcesdk_crypto2_CertStrToName	CertStrToName
_wcesdk_crypto2_CertVerifySubjectCertificateContext	CertVerifySubjectCertificateContext
_wcesdk_crypto2_CertVerifyTimeValidity	CertVerifyTimeValidity
_wcesdk_crypto2_CertVerifyValidityNesting	CertVerifyValidityNesting
_wcesdk_crypto2_CryptAcquireCertificatePrivateKey	CryptAcquireCertificatePrivateKey
_wcesdk_crypto2_CryptAcquireContext	CryptAcquireContext
_wcesdk_crypto2_CryptContextAddRef	CryptContextAddRef
_wcesdk_crypto2_CryptCreateHash	CryptCreateHash
_wcesdk_crypto2_CryptCreateKeyIdentifierFromCSP	CryptCreateKeyIdentifierFromCSP
_wcesdk_crypto2_CryptDecodeObjectEx	CryptDecodeObjectEx
_wcesdk_crypto2_CryptDecrypt	CryptDecrypt
_wcesdk_crypto2_CryptDeriveKey	CryptDeriveKey
_wcesdk_crypto2_CryptDestroyHash	CryptDestroyHash
_wcesdk_crypto2_CryptDestroyKey	CryptDestroyKey
_wcesdk_crypto2_CryptDuplicateHash	CryptDuplicateHash
_wcesdk_crypto2_CryptDuplicateKey	CryptDuplicateKey
_wcesdk_crypto2_CryptEncodeObjectEx	CryptEncodeObjectEx
_wcesdk_crypto2_CryptEncrypt	CryptEncrypt
_wcesdk_crypto2_CryptEnumKeyIdentifierProperties	CryptEnumKeyIdentifierProperties
_wcesdk_crypto2_CryptEnumOIDInfo	CryptEnumOIDInfo
_wcesdk_crypto2_CryptEnumProviderTypes	CryptEnumProviderTypes
_wcesdk_crypto2_CryptEnumProviders	CryptEnumProviders
_wcesdk_crypto2_CryptExportKey	CryptExportKey
_wcesdk_crypto2_CryptExportPublicKeyInfoEx	CryptExportPublicKeyInfoEx
_wcesdk_crypto2_CryptFindCertificateKeyProvInfo	CryptFindCertificateKeyProvInfo
_wcesdk_crypto2_CryptFindOIDInfo	CryptFindOIDInfo
_wcesdk_crypto2_CryptFreeOIDFunctionAddress	CryptFreeOIDFunctionAddress
_wcesdk_crypto2_CryptGenKey	CryptGenKey
_wcesdk_crypto2_CryptGenRandom	CryptGenRandom
_wcesdk_crypto2_CryptGetDefaultOIDFunctionAddress	CryptGetDefaultOIDFunctionAddress
_wcesdk_crypto2_CryptGetDefaultProvider	CryptGetDefaultProvider
_wcesdk_crypto2_CryptGetHashParam	CryptGetHashParam
_wcesdk_crypto2_CryptGetKeyIdentifierProperty	CryptGetKeyIdentifierProperty
_wcesdk_crypto2_CryptGetKeyParam	CryptGetKeyParam
_wcesdk_crypto2_CryptGetOIDFunctionAddress	CryptGetOIDFunctionAddress
_wcesdk_crypto2_CryptGetProvParam	CryptGetProvParam
_wcesdk_crypto2_CryptGetUserKey	CryptGetUserKey
_wcesdk_crypto2_CryptHashCertificate	CryptHashCertificate
_wcesdk_crypto2_CryptHashData	CryptHashData
_wcesdk_crypto2_CryptHashPublicKeyInfo	CryptHashPublicKeyInfo
_wcesdk_crypto2_CryptHashSessionKey	CryptHashSessionKey
_wcesdk_crypto2_CryptHashToBeSigned	CryptHashToBeSigned
_wcesdk_crypto2_CryptImportKey	CryptImportKey
_wcesdk_crypto2_CryptImportPublicKeyInfoEx	CryptImportPublicKeyInfoEx
_wcesdk_crypto2_CryptInitOIDFunctionSet	CryptInitOIDFunctionSet
_wcesdk_crypto2_CryptInstallDefaultContext	CryptInstallDefaultContext
_wcesdk_crypto2_CryptInstallOIDFunctionAddress	CryptInstallOIDFunctionAddress
_wcesdk_crypto2_CryptReleaseContext	CryptReleaseContext
_wcesdk_crypto2_CryptSetHashParam	CryptSetHashParam
_wcesdk_crypto2_CryptSetKeyIdentifierProperty	CryptSetKeyIdentifierProperty
_wcesdk_crypto2_CryptSetKeyParam	CryptSetKeyParam
_wcesdk_crypto2_CryptSetProvParam	CryptSetProvParam
_wcesdk_crypto2_CryptSetProvider	CryptSetProvider
_wcesdk_crypto2_CryptSetProviderEx	CryptSetProviderEx
_wcesdk_crypto2_CryptSignAndEncodeCertificate	CryptSignAndEncodeCertificate
_wcesdk_crypto2_CryptSignCertificate	CryptSignCertificate
_wcesdk_crypto2_CryptSignHash	CryptSignHash
_wcesdk_crypto2_CryptUninstallDefaultContext	CryptUninstallDefaultContext
_wcesdk_crypto2_CryptVerifySignature	CryptVerifySignature
_wcesdk_crypto2_HCRYPTHASH	HCRYPTHASH
_wcesdk_crypto2_HCRYPTKEY	HCRYPTKEY
_wcesdk_crypto2_HCRYPTPROV	HCRYPTPROV
_wcesdk_crypto2_HMAC_INFO	HMAC_INFO
_wcesdk_crypto2_PUBLICKEYSTRUC	PUBLICKEYSTRUC
_wcesdk_gly_glossary	Windows CE Glossary
_wcesdk_mq_MQCloseCursor	MQCloseCursor
_wcesdk_mq_MQCloseQueue	MQCloseQueue
_wcesdk_mq_MQCreateCursor	MQCreateCursor
_wcesdk_mq_MQCreateQueue	MQCreateQueue
_wcesdk_mq_MQDeleteQueue	MQDeleteQueue
_wcesdk_mq_MQFreeMemory	MQFreeMemory
_wcesdk_mq_MQGetMachineProperties	MQGetMachineProperties
_wcesdk_mq_MQGetQueueProperties	MQGetQueueProperties
_wcesdk_mq_MQHandleToFormatName	MQHandleToFormatName
_wcesdk_mq_MQMSGPROPS	MQMSGPROPS
_wcesdk_mq_MQOpenQueue	MQOpenQueue
_wcesdk_mq_MQPROPVARIANT	MQPROPVARIANT
_wcesdk_mq_MQPathNameToFormatName	MQPathNameToFormatName
_wcesdk_mq_MQQMPROPS	MQQMPROPS
_wcesdk_mq_MQQUEUEPROPS	MQQUEUEPROPS
_wcesdk_mq_MQReceiveMessage	MQReceiveMessage
_wcesdk_mq_MQSendMessage	MQSendMessage
_wcesdk_mq_MQSetQueueProperties	MQSetQueueProperties
_wcesdk_mq_PROPID_M_ACKNOWLEDGE	PROPID_M_ACKNOWLEDGE
_wcesdk_mq_PROPID_M_ADMIN_QUEUE	PROPID_M_ADMIN_QUEUE
_wcesdk_mq_PROPID_M_ADMIN_QUEUE_LEN	PROPID_M_ADMIN_QUEUE_LEN
_wcesdk_mq_PROPID_M_APPSPECIFIC	PROPID_M_APPSPECIFIC
_wcesdk_mq_PROPID_M_ARRIVEDTIME	PROPID_M_ARRIVEDTIME
_wcesdk_mq_PROPID_M_AUTH_LEVEL	PROPID_M_AUTH_LEVEL
_wcesdk_mq_PROPID_M_BODY	PROPID_M_BODY
_wcesdk_mq_PROPID_M_BODY_SIZE	PROPID_M_BODY_SIZE
_wcesdk_mq_PROPID_M_BODY_TYPE	PROPID_M_BODY_TYPE
_wcesdk_mq_PROPID_M_CLASS	PROPID_M_CLASS
_wcesdk_mq_PROPID_M_CORRELATIONID	PROPID_M_CORRELATIONID
_wcesdk_mq_PROPID_M_DELIVERY	PROPID_M_DELIVERY
_wcesdk_mq_PROPID_M_DEST_QUEUE	PROPID_M_DEST_QUEUE
_wcesdk_mq_PROPID_M_DEST_QUEUE_LEN	PROPID_M_DEST_QUEUE_LEN
_wcesdk_mq_PROPID_M_EXTENSION	PROPID_M_EXTENSION
_wcesdk_mq_PROPID_M_EXTENSION_LEN	PROPID_M_EXTENSION_LEN
_wcesdk_mq_PROPID_M_JOURNAL	PROPID_M_JOURNAL
_wcesdk_mq_PROPID_M_LABEL	PROPID_M_LABEL
_wcesdk_mq_PROPID_M_LABEL_LEN	PROPID_M_LABEL_LEN
_wcesdk_mq_PROPID_M_MSGID	PROPID_M_MSGID
_wcesdk_mq_PROPID_M_PRIORITY	PROPID_M_PRIORITY
_wcesdk_mq_PROPID_M_RESP_QUEUE	PROPID_M_RESP_QUEUE
_wcesdk_mq_PROPID_M_RESP_QUEUE_LEN	PROPID_M_RESP_QUEUE_LEN
_wcesdk_mq_PROPID_M_SENTTIME	PROPID_M_SENTTIME
_wcesdk_mq_PROPID_M_SRC_MACHINE_ID	PROPID_M_SRC_MACHINE_ID
_wcesdk_mq_PROPID_M_TIME_TO_BE_RECEIVED	PROPID_M_TIME_TO_BE_RECEIVED
_wcesdk_mq_PROPID_M_TIME_TO_REACH_QUEUE	PROPID_M_TIME_TO_REACH_QUEUE
_wcesdk_mq_PROPID_M_TRACE	PROPID_M_TRACE
_wcesdk_mq_PROPID_M_VERSION	PROPID_M_VERSION
_wcesdk_mq_PROPID_QM_MACHINE_ID	PROPID_QM_MACHINE_ID
_wcesdk_mq_PROPID_Q_AUTHENTICATE	PROPID_Q_AUTHENTICATE
_wcesdk_mq_PROPID_Q_CREATE_TIME	PROPID_Q_CREATE_TIME
_wcesdk_mq_PROPID_Q_JOURNAL	PROPID_Q_JOURNAL
_wcesdk_mq_PROPID_Q_JOURNAL_QUOTA	PROPID_Q_JOURNAL_QUOTA
_wcesdk_mq_PROPID_Q_LABEL	PROPID_Q_LABEL
_wcesdk_mq_PROPID_Q_MODIFY_TIME	PROPID_Q_MODIFY_TIME
_wcesdk_mq_PROPID_Q_PATHNAME	PROPID_Q_PATHNAME
_wcesdk_mq_PROPID_Q_PRIV_LEVEL	PROPID_Q_PRIV_LEVEL
_wcesdk_mq_PROPID_Q_QUOTA	PROPID_Q_QUOTA
_wcesdk_mq_PROPID_Q_TRANSACTION	PROPID_Q_TRANSACTION
_wcesdk_mq_aPropID	aPropID
_wcesdk_mq_aPropVar	aPropVar
_wcesdk_mq_aStatus	aStatus
_wcesdk_net	net
_wcesdk_oa96_ARRAYDESC	ARRAYDESC
_wcesdk_oa96_BINDPTR	BINDPTR
_wcesdk_oa96_BstrFromVector	BstrFromVector
_wcesdk_oa96_CUSTDATA	CUSTDATA
_wcesdk_oa96_CUSTDATAITEM	CUSTDATAITEM
_wcesdk_oa96_CreateErrorInfo	CreateErrorInfo
_wcesdk_oa96_CreateTypeLib2	CreateTypeLib2
_wcesdk_oa96_DispGetIDsOfNames	DispGetIDsOfNames
_wcesdk_oa96_DispGetParam	DispGetParam
_wcesdk_oa96_DispInvoke	DispInvoke
_wcesdk_oa96_Dispid	DISPID
_wcesdk_oa96_EXCEPINFO	EXCEPINFO
_wcesdk_oa96_FUNCDESC	FUNCDESC
_wcesdk_oa96_ICreateErrorInfo_SetDescription	ICreateErrorInfo::SetDescription
_wcesdk_oa96_ICreateErrorInfo_SetGUID	ICreateErrorInfo::SetGUID
_wcesdk_oa96_ICreateErrorInfo_SetHelpContext	ICreateErrorInfo::SetHelpContext
_wcesdk_oa96_ICreateErrorInfo_SetHelpFile	ICreateErrorInfo::SetHelpFile
_wcesdk_oa96_ICreateErrorInfo_SetSource	ICreateErrorInfo::SetSource
_wcesdk_oa96_ICreateErrorInfo_interface	ICreateErrorInfo
_wcesdk_oa96_ICreateTypeInfo2_DeleteFuncDesc	ICreateTypeInfo2::DeleteFuncDesc
_wcesdk_oa96_ICreateTypeInfo2_DeleteFuncDescByMemId	ICreateTypeInfo2::DeleteFuncDescByMemId
_wcesdk_oa96_ICreateTypeInfo2_DeleteImplType	ICreateTypeInfo2::DeleteImplType
_wcesdk_oa96_ICreateTypeInfo2_DeleteVarDesc	ICreateTypeInfo2::DeleteVarDesc
_wcesdk_oa96_ICreateTypeInfo2_DeleteVarDescByMemId	ICreateTypeInfo2::DeleteVarDescByMemId
_wcesdk_oa96_ICreateTypeInfo2_SetCustData	ICreateTypeInfo2::SetCustData
_wcesdk_oa96_ICreateTypeInfo2_SetFuncCustData	ICreateTypeInfo2::SetFuncCustData
_wcesdk_oa96_ICreateTypeInfo2_SetFuncHelpStringContext	ICreateTypeInfo2::SetFuncHelpStringContext
_wcesdk_oa96_ICreateTypeInfo2_SetHelpStringContext	ICreateTypeInfo2::SetHelpStringContext
_wcesdk_oa96_ICreateTypeInfo2_SetImplTypeCustData	ICreateTypeInfo2::SetImplTypeCustData
_wcesdk_oa96_ICreateTypeInfo2_SetName	ICreateTypeInfo2::SetName
_wcesdk_oa96_ICreateTypeInfo2_SetParamCustData	ICreateTypeInfo2::SetParamCustData
_wcesdk_oa96_ICreateTypeInfo2_SetVarCustData	ICreateTypeInfo2::SetVarCustData
_wcesdk_oa96_ICreateTypeInfo2_SetVarHelpStringContext	ICreateTypeInfo2::SetVarHelpStringContext
_wcesdk_oa96_ICreateTypeInfo2_interface	ICreateTypeInfo2:ICreateTypeInfo
_wcesdk_oa96_ICreateTypeInfo_AddFuncDesc	ICreateTypeInfo::AddFuncDesc
_wcesdk_oa96_ICreateTypeInfo_AddImplType	ICreateTypeInfo::AddImplType
_wcesdk_oa96_ICreateTypeInfo_AddRefTypeInfo	ICreateTypeInfo::AddRefTypeInfo
_wcesdk_oa96_ICreateTypeInfo_AddVarDesc	ICreateTypeInfo::AddVarDesc
_wcesdk_oa96_ICreateTypeInfo_DefineFuncAsDllEntry	ICreateTypeInfo::DefineFuncAsDllEntry
_wcesdk_oa96_ICreateTypeInfo_LayOut	ICreateTypeInfo::LayOut
_wcesdk_oa96_ICreateTypeInfo_SetAlignment	ICreateTypeInfo::SetAlignment
_wcesdk_oa96_ICreateTypeInfo_SetDocString	ICreateTypeInfo::SetDocString
_wcesdk_oa96_ICreateTypeInfo_SetFuncAndParamNames	ICreateTypeInfo::SetFuncAndParamNames
_wcesdk_oa96_ICreateTypeInfo_SetFuncDocString	ICreateTypeInfo::SetFuncDocString
_wcesdk_oa96_ICreateTypeInfo_SetFuncHelpContext	ICreateTypeInfo::SetFuncHelpContext
_wcesdk_oa96_ICreateTypeInfo_SetGuid	ICreateTypeInfo::SetGuid
_wcesdk_oa96_ICreateTypeInfo_SetHelpContext	ICreateTypeInfo::SetHelpContext
_wcesdk_oa96_ICreateTypeInfo_SetImplTypeFlags	ICreateTypeInfo::SetImplTypeFlags
_wcesdk_oa96_ICreateTypeInfo_SetMops	ICreateTypeInfo::SetMops
_wcesdk_oa96_ICreateTypeInfo_SetTypeDescAlias	ICreateTypeInfo::SetTypeDescAlias
_wcesdk_oa96_ICreateTypeInfo_SetTypeFlags	ICreateTypeInfo::SetTypeFlags
_wcesdk_oa96_ICreateTypeInfo_SetVarDocString	ICreateTypeInfo::SetVarDocString
_wcesdk_oa96_ICreateTypeInfo_SetVarHelpContext	ICreateTypeInfo::SetVarHelpContext
_wcesdk_oa96_ICreateTypeInfo_SetVarName	ICreateTypeInfo::SetVarName
_wcesdk_oa96_ICreateTypeInfo_SetVersion	ICreateTypeInfo::SetVersion
_wcesdk_oa96_ICreateTypeInfo_interface	ICreateTypeInfo
_wcesdk_oa96_ICreateTypeLib2_DeleteTypeInfo	ICreateTypeLib2::DeleteTypeInfo
_wcesdk_oa96_ICreateTypeLib2_SetCustData	ICreateTypeLib2::SetCustData
_wcesdk_oa96_ICreateTypeLib2_SetHelpStringContext	ICreateTypeLib2::SetHelpStringContext
_wcesdk_oa96_ICreateTypeLib2_SetHelpStringDll	ICreateTypeLib2::SetHelpStringDll
_wcesdk_oa96_ICreateTypeLib2_SetName	ICreateTypeLib2::SetName
_wcesdk_oa96_ICreateTypeLib2_interface	ICreateTypeLib2:ICreateTypeLib
_wcesdk_oa96_ICreateTypeLib_CreateTypeInfo	ICreateTypeLib::CreateTypeInfo
_wcesdk_oa96_ICreateTypeLib_SetGuid	ICreateTypeLib::SetGuid
_wcesdk_oa96_ICreateTypeLib_SetHelpContext	ICreateTypeLib::SetHelpContext
_wcesdk_oa96_ICreateTypeLib_SetHelpFileName	ICreateTypeLib::SetHelpFileName
_wcesdk_oa96_ICreateTypeLib_SetLcid	ICreateTypeLib::SetLcid
_wcesdk_oa96_ICreateTypeLib_SetLibFlags	ICreateTypeLib::SetLibFlags
_wcesdk_oa96_ICreateTypeLib_SetName	ICreateTypeLib::SetName
_wcesdk_oa96_ICreateTypeLib_SetVersion	ICreateTypeLib::SetVersion
_wcesdk_oa96_ICreateTypeLib_interface	ICreateTypeLib
_wcesdk_oa96_IDispatch_GetIDsOfNames	IDispatch::GetIDsOfNames
_wcesdk_oa96_IDispatch_GetTypeInfo	IDispatch::GetTypeInfo
_wcesdk_oa96_IDispatch_GetTypeInfoCount	IDispatch::GetTypeInfoCount
_wcesdk_oa96_IDispatch_Invoke	IDispatch::Invoke
_wcesdk_oa96_IDispatch_interface	IDispatch
_wcesdk_oa96_IEnumVARIANT_Clone	IEnumVARIANT::Clone
_wcesdk_oa96_IEnumVARIANT_Next	IEnumVARIANT::Next
_wcesdk_oa96_IEnumVARIANT_Reset	IEnumVARIANT::Reset
_wcesdk_oa96_IEnumVARIANT_Skip	IEnumVARIANT::Skip
_wcesdk_oa96_IEnumVARIANT_interface	IEnumVARIANT
_wcesdk_oa96_IErrorInfo_GetDescription	IErrorInfo::GetDescription
_wcesdk_oa96_IErrorInfo_GetGUID	IErrorInfo::GetGUID
_wcesdk_oa96_IErrorInfo_GetHelpContext	IErrorInfo::GetHelpContext
_wcesdk_oa96_IErrorInfo_GetHelpFile	IErrorInfo::GetHelpFile
_wcesdk_oa96_IErrorInfo_GetSource	IErrorInfo::GetSource
_wcesdk_oa96_IErrorInfo_interface	IErrorInfo
_wcesdk_oa96_ISupportErrorInfo_InterfaceSupportsErrorInfo	ISupportErrorInfo::InterfaceSupportsErrorInfo
_wcesdk_oa96_ISupportErrorInfo_interface	ISupportErrorInfo
_wcesdk_oa96_ITypeComp_Bind	ITypeComp::Bind
_wcesdk_oa96_ITypeComp_BindType	ITypeComp::BindType
_wcesdk_oa96_ITypeComp_interface	ITypeComp
_wcesdk_oa96_ITypeInfo2_GetAllCustData	ITypeInfo2::GetAllCustData
_wcesdk_oa96_ITypeInfo2_GetAllFuncCustData	ITypeInfo2::GetAllFuncCustData
_wcesdk_oa96_ITypeInfo2_GetAllImplTypeCustData	ITypeInfo2::GetAllImplTypeCustData
_wcesdk_oa96_ITypeInfo2_GetAllParamCustData	ITypeInfo2::GetAllParamCustData
_wcesdk_oa96_ITypeInfo2_GetAllVarCustData	ITypeInfo2::GetAllVarCustData
_wcesdk_oa96_ITypeInfo2_GetCustData	ITypeInfo2::GetCustData
_wcesdk_oa96_ITypeInfo2_GetDocumentation2	ITypeInfo2::GetDocumentation2
_wcesdk_oa96_ITypeInfo2_GetFuncCustData	ITypeInfo2::GetFuncCustData
_wcesdk_oa96_ITypeInfo2_GetFuncIndexOfMemId	ITypeInfo2::GetFuncIndexOfMemId
_wcesdk_oa96_ITypeInfo2_GetImplTypeCustData	ITypeInfo2::GetImplTypeCustData
_wcesdk_oa96_ITypeInfo2_GetParamCustData	ITypeInfo2::GetParamCustData
_wcesdk_oa96_ITypeInfo2_GetTypeFlags	ITypeInfo2::GetTypeFlags
_wcesdk_oa96_ITypeInfo2_GetTypeKind	ITypeInfo2::GetTypeKind
_wcesdk_oa96_ITypeInfo2_GetVarCustData	ITypeInfo2::GetVarCustData
_wcesdk_oa96_ITypeInfo2_GetVarIndexOfMemId	ITypeInfo2::GetVarIndexOfMemId
_wcesdk_oa96_ITypeInfo2_interface	ITypeInfo2
_wcesdk_oa96_ITypeInfo_AddressOfMember	ITypeInfo::AddressOfMember
_wcesdk_oa96_ITypeInfo_CreateInstance	ITypeInfo::CreateInstance
_wcesdk_oa96_ITypeInfo_GetContainingTypeLib	ITypeInfo::GetContainingTypeLib
_wcesdk_oa96_ITypeInfo_GetDllEntry	ITypeInfo::GetDllEntry
_wcesdk_oa96_ITypeInfo_GetDocumentation	ITypeInfo::GetDocumentation
_wcesdk_oa96_ITypeInfo_GetFuncDesc	ITypeInfo::GetFuncDesc
_wcesdk_oa96_ITypeInfo_GetIDsOfNames	ITypeInfo::GetIDsOfNames
_wcesdk_oa96_ITypeInfo_GetImplTypeFlags	ITypeInfo::GetImplTypeFlags
_wcesdk_oa96_ITypeInfo_GetMops	ITypeInfo::GetMops
_wcesdk_oa96_ITypeInfo_GetNames	ITypeInfo::GetNames
_wcesdk_oa96_ITypeInfo_GetRefTypeInfo	ITypeInfo::GetRefTypeInfo
_wcesdk_oa96_ITypeInfo_GetRefTypeOfImplType	ITypeInfo::GetRefTypeOfImplType
_wcesdk_oa96_ITypeInfo_GetTypeAttr	ITypeInfo::GetTypeAttr
_wcesdk_oa96_ITypeInfo_GetTypeComp	ITypeInfo::GetTypeComp
_wcesdk_oa96_ITypeInfo_GetVarDesc	ITypeInfo::GetVarDesc
_wcesdk_oa96_ITypeInfo_Invoke	ITypeInfo::Invoke
_wcesdk_oa96_ITypeInfo_ReleaseFuncDesc	ITypeInfo::ReleaseFuncDesc
_wcesdk_oa96_ITypeInfo_ReleaseTypeAttr	ITypeInfo::ReleaseTypeAttr
_wcesdk_oa96_ITypeInfo_ReleaseVarDesc	ITypeInfo::ReleaseVarDesc
_wcesdk_oa96_ITypeInfo_interface	ITypeInfo
_wcesdk_oa96_ITypeLib2_GetAllCustData	ITypeLib2::GetAllCustData
_wcesdk_oa96_ITypeLib2_GetCustData	ITypeLib2::GetCustData
_wcesdk_oa96_ITypeLib2_GetDocumentation2	ITypeLib2::GetDocumentation2
_wcesdk_oa96_ITypeLib2_GetLibStatistics	ITypeLib2::GetLibStatistics
_wcesdk_oa96_ITypeLib2_interface	ITypeLib2:ITypeLib
_wcesdk_oa96_ITypeLib_FindName	ITypeLib::FindName
_wcesdk_oa96_ITypeLib_GetDocumentation	ITypeLib::GetDocumentation
_wcesdk_oa96_ITypeLib_GetLibAttr	ITypeLib::GetLibAttr
_wcesdk_oa96_ITypeLib_GetTypeComp	ITypeLib::GetTypeComp
_wcesdk_oa96_ITypeLib_GetTypeInfo	ITypeLib::GetTypeInfo
_wcesdk_oa96_ITypeLib_GetTypeInfoCount	ITypeLib::GetTypeInfoCount
_wcesdk_oa96_ITypeLib_GetTypeInfoOfGuid	ITypeLib::GetTypeInfoOfGuid
_wcesdk_oa96_ITypeLib_GetTypeInfoType	ITypeLib::GetTypeInfoType
_wcesdk_oa96_ITypeLib_IsName	ITypeLib::IsName
_wcesdk_oa96_ITypeLib_ReleaseTLibAttr	ITypeLib::ReleaseTLibAttr
_wcesdk_oa96_ITypeLib_interface	ITypeLib
_wcesdk_oa96_LoadRegTypeLib	LoadRegTypeLib
_wcesdk_oa96_LoadTypeLib	LoadTypeLib
_wcesdk_oa96_MEMBERID	MEMBERID
_wcesdk_oa96_METHODDATA	METHODDATA
_wcesdk_oa96_OaBuildVersion	OaBuildVersion
_wcesdk_oa96_OleCreateFontIndirect	OleCreateFontIndirect
_wcesdk_oa96_OleCreatePropertyFrame	OleCreatePropertyFrame
_wcesdk_oa96_PARAMDATA	PARAMDATA
_wcesdk_oa96_PARAMDESC	PARAMDESC
_wcesdk_oa96_RegisterTypeLib	RegisterTypeLib
_wcesdk_oa96_SafeArrayAccessData	SafeArrayAccessData
_wcesdk_oa96_SafeArrayAllocData	SafeArrayAllocData
_wcesdk_oa96_SafeArrayAllocDescriptor	SafeArrayAllocDescriptor
_wcesdk_oa96_SafeArrayCopy	SafeArrayCopy
_wcesdk_oa96_SafeArrayCopyData	SafeArrayCopyData
_wcesdk_oa96_SafeArrayCreate	SafeArrayCreate
_wcesdk_oa96_SafeArrayCreateVector	SafeArrayCreateVector
_wcesdk_oa96_SafeArrayDestroy	SafeArrayDestroy
_wcesdk_oa96_SafeArrayDestroyData	SafeArrayDestroyData
_wcesdk_oa96_SafeArrayDestroyDescriptor	SafeArrayDestroyDescriptor
_wcesdk_oa96_SafeArrayGetDim	SafeArrayGetDim
_wcesdk_oa96_SafeArrayGetElement	SafeArrayGetElement
_wcesdk_oa96_SafeArrayGetElemsize	SafeArrayGetElemsize
_wcesdk_oa96_SafeArrayGetLBound	SafeArrayGetLBound
_wcesdk_oa96_SafeArrayGetUBound	SafeArrayGetUBound
_wcesdk_oa96_SafeArrayLock	SafeArrayLock
_wcesdk_oa96_SafeArrayPtrOfIndex	SafeArrayPtrOfIndex
_wcesdk_oa96_SafeArrayPutElement	SafeArrayPutElement
_wcesdk_oa96_SafeArrayRedim	SafeArrayRedim
_wcesdk_oa96_SafeArrayUnaccessData	SafeArrayUnaccessData
_wcesdk_oa96_SafeArrayUnlock	SafeArrayUnlock
_wcesdk_oa96_SetErrorInfo	SetErrorInfo
_wcesdk_oa96_SysAllocString	SysAllocString
_wcesdk_oa96_SysAllocStringByteLen	SysAllocStringByteLen
_wcesdk_oa96_SysAllocStringLen	SysAllocStringLen
_wcesdk_oa96_SysFreeString	SysFreeString
_wcesdk_oa96_SysReAllocString	SysReAllocString
_wcesdk_oa96_SysReAllocStringLen	SysReAllocStringLen
_wcesdk_oa96_SysStringByteLen	SysStringByteLen
_wcesdk_oa96_SysStringLen	SysStringLen
_wcesdk_oa96_SystemTimeToVariantTime	SystemTimeToVariantTime
_wcesdk_oa96_TYPEATTR	TYPEATTR
_wcesdk_oa96_TYPEDESC	TYPEDESC
_wcesdk_oa96_UnRegisterTypeLib	UnRegisterTypeLib
_wcesdk_oa96_VARDESC	VARDESC
_wcesdk_oa96_VARIANT_and_VARIANTARG	VARIANT and VARIANTARG
_wcesdk_oa96_VARTYPE	VARTYPE
_wcesdk_oa96_VarNumFromParseNum	VarNumFromParseNum
_wcesdk_oa96_VarParseNumFromStr	VarParseNumFromStr
_wcesdk_oa96_VariantChangeType	VariantChangeType
_wcesdk_oa96_VariantChangeTypeEx	VariantChangeTypeEx
_wcesdk_oa96_VariantClear	VariantClear
_wcesdk_oa96_VariantCopy	VariantCopy
_wcesdk_oa96_VariantCopyInd	VariantCopyInd
_wcesdk_oa96_VariantInit	VariantInit
_wcesdk_oa96_VariantTimeToSystemTime	VariantTimeToSystemTime
_wcesdk_oa96_VectorFromBstr	VectorFromBstr
_wcesdk_oa96_dispinterface	dispinterface
_wcesdk_replication	Replication
_wcesdk_scard_SCARD_IO_REQUEST	SCARD_IO_REQUEST
_wcesdk_scard_SCARD_READERSTATE	SCARD_READERSTATE
_wcesdk_scard_SCardBeginTransaction	SCardBeginTransaction
_wcesdk_scard_SCardCancel	SCardCancel
_wcesdk_scard_SCardConnect	SCardConnect
_wcesdk_scard_SCardControl	SCardControl
_wcesdk_scard_SCardDisconnect	SCardDisconnect
_wcesdk_scard_SCardEndTransaction	SCardEndTransaction
_wcesdk_scard_SCardEstablishContext	SCardEstablishContext
_wcesdk_scard_SCardForgetCardType	SCardForgetCardType
_wcesdk_scard_SCardForgetReader	SCardForgetReader
_wcesdk_scard_SCardGetAttrib	SCardGetAttrib
_wcesdk_scard_SCardGetCardTypeProviderName	SCardGetCardTypeProviderName
_wcesdk_scard_SCardGetProviderId	SCardGetProviderId
_wcesdk_scard_SCardGetStatusChange	SCardGetStatusChange
_wcesdk_scard_SCardIntroduceCardType	SCardIntroduceCardType
_wcesdk_scard_SCardIntroduceReader	SCardIntroduceReader
_wcesdk_scard_SCardListCards	SCardListCards
_wcesdk_scard_SCardListInterfaces	SCardListInterfaces
_wcesdk_scard_SCardListReaders	SCardListReaders
_wcesdk_scard_SCardLocateCards	SCardLocateCards
_wcesdk_scard_SCardReconnect	SCardReconnect
_wcesdk_scard_SCardReleaseContext	SCardReleaseContext
_wcesdk_scard_SCardSetAttrib	SCardSetAttrib
_wcesdk_scard_SCardSetCardTypeProviderName	SCardSetCardTypeProviderName
_wcesdk_scard_SCardStatus	SCardStatus
_wcesdk_scard_SCardTransmit	SCardTransmit
_wcesdk_scard_Smart_Card_Error_values	Smart Card Error Values
_wcesdk_win32_ACCEL_str	ACCEL
_wcesdk_win32_AbnormalTermination	AbnormalTermination
_wcesdk_win32_AddFontResource	AddFontResource
_wcesdk_win32_AddPropSheetPageProc	AddPropSheetPageProc
_wcesdk_win32_AdjustWindowRectEx	AdjustWindowRectEx
_wcesdk_win32_ApplyControlToken	ApplyControlToken
_wcesdk_win32_AsyncMAC_Registry_Settings	AsyncMAC Registry Settings
_wcesdk_win32_BM_CLICK	BM_CLICK
_wcesdk_win32_BM_GETCHECK	BM_GETCHECK
_wcesdk_win32_BM_GETSTATE	BM_GETSTATE
_wcesdk_win32_BM_KILLFOCUS	BN_KILLFOCUS
_wcesdk_win32_BM_SETCHECK	BM_SETCHECK
_wcesdk_win32_BM_SETSTATE	BM_SETSTATE
_wcesdk_win32_BM_SETSTYLE	BM_SETSTYLE
_wcesdk_win32_BN_CLICKED	BN_CLICKED
_wcesdk_win32_BN_SETFOCUS	BN_SETFOCUS
_wcesdk_win32_BY_HANDLE_FILE_INFORMATION_str	BY_HANDLE_FILE_INFORMATION
_wcesdk_win32_BeginPaint	BeginPaint
_wcesdk_win32_BringWindowToTop	BringWindowToTop
_wcesdk_win32_Button_Control_Statements	Button Control Statements
_wcesdk_win32_CANDIDATEFORM_str	CANDIDATEFORM
_wcesdk_win32_CANDIDATELIST_str	CANDIDATELIST
_wcesdk_win32_CBN_CLOSEUP	CBN_CLOSEUP
_wcesdk_win32_CBN_DBLCLK	CBN_DBLCLK
_wcesdk_win32_CBN_DROPDOWN	CBN_DROPDOWN
_wcesdk_win32_CBN_EDITCHANGE	CBN_EDITCHANGE
_wcesdk_win32_CBN_EDITUPDATE	CBN_EDITUPDATE
_wcesdk_win32_CBN_ERRSPACE	CBN_ERRSPACE
_wcesdk_win32_CBN_KILLFOCUS	CBN_KILLFOCUS
_wcesdk_win32_CBN_SELCHANGE	CBN_SELCHANGE
_wcesdk_win32_CBN_SELENDCANCEL	CBN_SELENDCANCEL
_wcesdk_win32_CBN_SELENDOK	CBN_SELENDOK
_wcesdk_win32_CBN_SETFOCUS	CBN_SETFOCUS
_wcesdk_win32_CB_ADDSTRING	CB_ADDSTRING
_wcesdk_win32_CB_DELETESTRING	CB_DELETESTRING
_wcesdk_win32_CB_FINDSTRING	CB_FINDSTRING
_wcesdk_win32_CB_FINDSTRINGEXACT	CB_FINDSTRINGEXACT
_wcesdk_win32_CB_GETCOUNT	CB_GETCOUNT
_wcesdk_win32_CB_GETCURSEL	CB_GETCURSEL
_wcesdk_win32_CB_GETDROPPEDCONTROLRECT	CB_GETDROPPEDCONTROLRECT
_wcesdk_win32_CB_GETDROPPEDSTATE	CB_GETDROPPEDSTATE
_wcesdk_win32_CB_GETDROPPEDWIDTH	CB_GETDROPPEDWIDTH
_wcesdk_win32_CB_GETEDITSEL	CB_GETEDITSEL
_wcesdk_win32_CB_GETEXTENDEDUI	CB_GETEXTENDEDUI
_wcesdk_win32_CB_GETHORIZONTALEXTENT	CB_GETHORIZONTALEXTENT
_wcesdk_win32_CB_GETITEMDATA	CB_GETITEMDATA
_wcesdk_win32_CB_GETITEMHEIGHT	CB_GETITEMHEIGHT
_wcesdk_win32_CB_GETLBTEXT	CB_GETLBTEXT
_wcesdk_win32_CB_GETLBTEXTLEN	CB_GETLBTEXTLEN
_wcesdk_win32_CB_GETLOCALE	CB_GETLOCALE
_wcesdk_win32_CB_GETTOPINDEX	CB_GETTOPINDEX
_wcesdk_win32_CB_INITSTORAGE	CB_INITSTORAGE
_wcesdk_win32_CB_INSERTSTRING	CB_INSERTSTRING
_wcesdk_win32_CB_LIMITTEXT	CB_LIMITTEXT
_wcesdk_win32_CB_RESETCONTENT	CB_RESETCONTENT
_wcesdk_win32_CB_SELECTSTRING	CB_SELECTSTRING
_wcesdk_win32_CB_SETCURSEL	CB_SETCURSEL
_wcesdk_win32_CB_SETDROPPEDWIDTH	CB_SETDROPPEDWIDTH
_wcesdk_win32_CB_SETEDITSEL	CB_SETEDITSEL
_wcesdk_win32_CB_SETEXTENDEDUI	CB_SETEXTENDEDUI
_wcesdk_win32_CB_SETITEMDATA	CB_SETITEMDATA
_wcesdk_win32_CB_SETITEMHEIGHT	CB_SETITEMHEIGHT
_wcesdk_win32_CB_SETLOCALE	CB_SETLOCALE
_wcesdk_win32_CB_SHOWDROPDOWN	CB_SHOWDROPDOWN
_wcesdk_win32_CCHookProc	CCHookProc
_wcesdk_win32_CDM_SETDEFEXT	CDM_SETDEFEXT
_wcesdk_win32_CDN_TYPECHANGE	CDN_TYPECHANGE
_wcesdk_win32_CHARSETINFO_str	CHARSETINFO
_wcesdk_win32_CHOOSECOLOR_str	CHOOSECOLOR
_wcesdk_win32_COLORREF_str	COLORREF
_wcesdk_win32_COMPOSITIONFORM_str	COMPOSITIONFORM
_wcesdk_win32_COPYDATASTRUCT_str	COPYDATASTRUCT
_wcesdk_win32_CPLINFO_str	CPLINFO
_wcesdk_win32_CPL_DBLCLK	CPL_DBLCLK
_wcesdk_win32_CPL_EXIT	CPL_EXIT
_wcesdk_win32_CPL_GETCOUNT	CPL_GETCOUNT
_wcesdk_win32_CPL_INIT	CPL_INIT
_wcesdk_win32_CPL_NEWINQUIRE	CPL_NEWINQUIRE
_wcesdk_win32_CPL_STOP	CPL_STOP
_wcesdk_win32_CREATESTRUCT_str	CREATESTRUCT
_wcesdk_win32_CURRENCYFMT_str	CURRENCYFMT
_wcesdk_win32_CallWindowProc	CallWindowProc
_wcesdk_win32_CharLower	CharLower
_wcesdk_win32_CharLowerBuff	CharLowerBuff
_wcesdk_win32_ChildWindowFromPoint	ChildWindowFromPoint
_wcesdk_win32_ChooseColor	ChooseColor
_wcesdk_win32_ClientToScreen	ClientToScreen
_wcesdk_win32_CloseClipboard	CloseClipboard
_wcesdk_win32_CloseHandle	CloseHandle
_wcesdk_win32_CommDlgExtendedError	CommDlgExtendedError
_wcesdk_win32_CopyRect	CopyRect
_wcesdk_win32_CreateAcceleratorTable	CreateAcceleratorTable
_wcesdk_win32_CreateCompatibleDC	CreateCompatibleDC
_wcesdk_win32_CreateSemaphore	CreateSemaphore
_wcesdk_win32_CreateToolbarEx	CreateToolbarEx
_wcesdk_win32_CreateWindow	CreateWindow
_wcesdk_win32_CreateWindowEx	CreateWindowEx
_wcesdk_win32_DELETEITEMSTRUCT_str	DELETEITEMSTRUCT
_wcesdk_win32_DEVMODE_str	DEVMODE
_wcesdk_win32_DEVNAMES_str	DEVNAMES
_wcesdk_win32_DLGITEMTEMPLATEEX_str	DLGITEMTEMPLATEEX
_wcesdk_win32_DLGITEMTEMPLATE_str	DLGITEMTEMPLATE
_wcesdk_win32_DLGTEMPLATEEX_str	DLGTEMPLATEEX
_wcesdk_win32_DLGTEMPLATE_str	DLGTEMPLATE
_wcesdk_win32_DM_GETDEFID	DM_GETDEFID
_wcesdk_win32_DM_SETDEFID	DM_SETDEFID
_wcesdk_win32_DRAWITEMSTRUCT	DRAWITEMSTRUCT
_wcesdk_win32_DefWindowProc	DefWindowProc
_wcesdk_win32_DeleteCriticalSection	DeleteCriticalSection
_wcesdk_win32_DeleteDC	DeleteDC
_wcesdk_win32_DestroyAcceleratorTable	DestroyAcceleratorTable
_wcesdk_win32_DestroyWindow	DestroyWindow
_wcesdk_win32_DispatchMessage	DispatchMessage
_wcesdk_win32_DrawEdge	DrawEdge
_wcesdk_win32_EM_CANUNDO	EM_CANUNDO
_wcesdk_win32_EM_CHARFROMPOS	EM_CHARFROMPOS
_wcesdk_win32_EM_EMPTYUNDOBUFFER	EM_EMPTYUNDOBUFFER
_wcesdk_win32_EM_FMTLINES	EM_FMTLINES
_wcesdk_win32_EM_GETFIRSTVISIBLELINE	EM_GETFIRSTVISIBLELINE
_wcesdk_win32_EM_GETLIMITTEXT	EM_GETLIMITTEXT
_wcesdk_win32_EM_GETLINE	EM_GETLINE
_wcesdk_win32_EM_GETLINECOUNT	EM_GETLINECOUNT
_wcesdk_win32_EM_GETMARGINS	EM_GETMARGINS
_wcesdk_win32_EM_GETMODIFY	EM_GETMODIFY
_wcesdk_win32_EM_GETPASSWORDCHAR	EM_GETPASSWORDCHAR
_wcesdk_win32_EM_GETRECT	EM_GETRECT
_wcesdk_win32_EM_GETSEL	EM_GETSEL
_wcesdk_win32_EM_LIMITTEXT	EM_LIMITTEXT
_wcesdk_win32_EM_LINEFROMCHAR	EM_LINEFROMCHAR
_wcesdk_win32_EM_LINEINDEX	EM_LINEINDEX
_wcesdk_win32_EM_LINELENGTH	EM_LINELENGTH
_wcesdk_win32_EM_LINESCROLL	EM_LINESCROLL
_wcesdk_win32_EM_POSFROMCHAR	EM_POSFROMCHAR
_wcesdk_win32_EM_REPLACESEL	EM_REPLACESEL
_wcesdk_win32_EM_SCROLL	EM_SCROLL
_wcesdk_win32_EM_SCROLLCARET	EM_SCROLLCARET
_wcesdk_win32_EM_SETMARGINS	EM_SETMARGINS
_wcesdk_win32_EM_SETMODIFY	EM_SETMODIFY
_wcesdk_win32_EM_SETPASSWORDCHAR	EM_SETPASSWORDCHAR
_wcesdk_win32_EM_SETREADONLY	EM_SETREADONLY
_wcesdk_win32_EM_SETRECT	EM_SETRECT
_wcesdk_win32_EM_SETRECTNP	EM_SETRECTNP
_wcesdk_win32_EM_SETSEL	EM_SETSEL
_wcesdk_win32_EM_SETTABSTOPS	EM_SETTABSTOPS
_wcesdk_win32_EM_UNDO	EM_UNDO
_wcesdk_win32_ENUMLOGFONT_str	ENUMLOGFONT
_wcesdk_win32_EN_CHANGE	EN_CHANGE
_wcesdk_win32_EN_ERRSPACE	EN_ERRSPACE
_wcesdk_win32_EN_HSCROLL	EN_HSCROLL
_wcesdk_win32_EN_KILLFOCUS	EN_KILLFOCUS
_wcesdk_win32_EN_MAXTEXT	EN_MAXTEXT
_wcesdk_win32_EN_SETFOCUS	EN_SETFOCUS
_wcesdk_win32_EN_UPDATE	EN_UPDATE
_wcesdk_win32_EN_VSCROLL	EN_VSCROLL
_wcesdk_win32_EXCEPTION_POINTERS_str	EXCEPTION_POINTERS
_wcesdk_win32_EXCEPTION_RECORD_str	EXCEPTION_RECORD
_wcesdk_win32_Edit_Control_Statements	Edit Control Statements
_wcesdk_win32_EnableHardwareKeyboard	EnableHardwareKeyboard
_wcesdk_win32_EndDialog	EndDialog
_wcesdk_win32_EndPaint	EndPaint
_wcesdk_win32_EnumFonts	EnumFonts
_wcesdk_win32_EnumFontsProc	EnumFontsProc
_wcesdk_win32_EnumRegisterWordProc	EnumRegisterWordProc
_wcesdk_win32_EnumUILanguages	EnumUILanguages
_wcesdk_win32_EnumUILanguagesProc	EnumUILanguagesProc
_wcesdk_win32_EnumWindows	EnumWindows
_wcesdk_win32_EnumWindowsProc	EnumWindowsProc
_wcesdk_win32_EqualRect	EqualRect
_wcesdk_win32_ExtTextOut	ExtTextOut
_wcesdk_win32_FINDEX_INFO_LEVELS	FINDEX_INFO_LEVELS
_wcesdk_win32_FINDEX_SEARCH_OPS	FINDEX_SEARCH_OPS
_wcesdk_win32_FONTSIGNATURE_str	FONTSIGNATURE
_wcesdk_win32_FORWARD_WM_NOTIFY	FORWARD_WM_NOTIFY
_wcesdk_win32_FindClose	FindClose
_wcesdk_win32_FindFirstFile	FindFirstFile
_wcesdk_win32_FindFirstFileEx	FindFirstFileEx
_wcesdk_win32_FindNextFile	FindNextFile
_wcesdk_win32_FindWindow	FindWindow
_wcesdk_win32_FlushFileBuffers	FlushFileBuffers
_wcesdk_win32_FormatMessage	FormatMessage
_wcesdk_win32_FtpCreateDirectory	FtpCreateDirectory
_wcesdk_win32_FtpDeleteFile	FtpDeleteFile
_wcesdk_win32_FtpFindFirstFile	FtpFindFirstFile
_wcesdk_win32_FtpGetCurrentDirectory	FtpGetCurrentDirectory
_wcesdk_win32_FtpGetFile	FtpGetFile
_wcesdk_win32_FtpOpenFile	FtpOpenFile
_wcesdk_win32_FtpPutFile	FtpPutFile
_wcesdk_win32_FtpRemoveDirectory	FtpRemoveDirectory
_wcesdk_win32_FtpRenameFile	FtpRenameFile
_wcesdk_win32_FtpSetCurrentDirectory	FtpSetCurrentDirectory
_wcesdk_win32_GET_FILEEX_INFO_LEVELS	GET_FILEEX_INFO_LEVELS
_wcesdk_win32_Generic_Control_Statements	Generic Control Statements
_wcesdk_win32_GetBValue	GetBValue
_wcesdk_win32_GetClassInfo	GetClassInfo
_wcesdk_win32_GetClassLong	GetClassLong
_wcesdk_win32_GetClassName	GetClassName
_wcesdk_win32_GetClientRect	GetClientRect
_wcesdk_win32_GetDC	GetDC
_wcesdk_win32_GetFileAttributesEx	GetFileAttributesEx
_wcesdk_win32_GetFileVersionInfo	GetFileVersionInfo
_wcesdk_win32_GetFileVersionInfoSize	GetFileVersionInfoSize
_wcesdk_win32_GetGValue	GetGValue
_wcesdk_win32_GetMessage	GetMessage
_wcesdk_win32_GetMessagePos	GetMessagePos
_wcesdk_win32_GetMessageSource	GetMessageSource
_wcesdk_win32_GetParent	GetParent
_wcesdk_win32_GetRValue	GetRValue
_wcesdk_win32_GetStringTypeEx	GetStringTypeEx
_wcesdk_win32_GetStringTypeW	GetStringType
_wcesdk_win32_GetSysColor	GetSysColor
_wcesdk_win32_GetSysColorBrush	GetSysColorBrush
_wcesdk_win32_GetSystemDefaultUILanguage	GetSystemDefaultUILanguage
_wcesdk_win32_GetSystemMetrics	GetSystemMetrics
_wcesdk_win32_GetTempFileName	GetTempFileName
_wcesdk_win32_GetTempPath	GetTempPath
_wcesdk_win32_GetUpdateRect	GetUpdateRect
_wcesdk_win32_GetUpdateRgn	GetUpdateRgn
_wcesdk_win32_GetUserDefaultUILanguage	GetUserDefaultUILanguage
_wcesdk_win32_GetWindow	GetWindow
_wcesdk_win32_GetWindowDC	GetWindowDC
_wcesdk_win32_GetWindowLong	GetWindowLong
_wcesdk_win32_GetWindowRect	GetWindowRect
_wcesdk_win32_GetWindowRgn	GetWindowRgn
_wcesdk_win32_GetWindowText	GetWindowText
_wcesdk_win32_GetWindowTextLength	GetWindowTextLength
_wcesdk_win32_GetWindowThreadProcessId	GetWindowThreadProcessId
_wcesdk_win32_HANDLE_WM_NOTIFY	HANDLE_WM_NOTIFY
_wcesdk_win32_HDM_HITTEST	HDM_HITTEST
_wcesdk_win32_HDN_BEGINTRACK	HDN_BEGINTRACK
_wcesdk_win32_HDN_DIVIDERDBLCLICK	HDN_DIVIDERDBLCLICK
_wcesdk_win32_HDN_ENDTRACK	HDN_ENDTRACK
_wcesdk_win32_HDN_ITEMCHANGED	HDN_ITEMCHANGED
_wcesdk_win32_HDN_ITEMCHANGING	HDN_ITEMCHANGING
_wcesdk_win32_HDN_ITEMCLICK	HDN_ITEMCLICK
_wcesdk_win32_HDN_ITEMDBLCLICK	HDN_ITEMDBLCLICK
_wcesdk_win32_HDN_TRACK	HDN_TRACK
_wcesdk_win32_HIBYTE	HIBYTE
_wcesdk_win32_HIWORD	HIWORD
_wcesdk_win32_HttpAddRequestHeaders	HttpAddRequestHeaders
_wcesdk_win32_HttpOpenRequest	HttpOpenRequest
_wcesdk_win32_HttpQueryInfo	HttpQueryInfo
_wcesdk_win32_HttpSendRequest	HttpSendRequest
_wcesdk_win32_IMAGEINFO_str	IMAGEINFO
_wcesdk_win32_IMC_CLOSESTATUSWINDOW	IMC_CLOSESTATUSWINDOW
_wcesdk_win32_IMC_GETCANDIDATEPOS	IMC_GETCANDIDATEPOS
_wcesdk_win32_IMC_GETCOMPOSITIONFONT	IMC_GETCOMPOSITIONFONT
_wcesdk_win32_IMC_GETCOMPOSITIONWINDOW	IMC_GETCOMPOSITIONWINDOW
_wcesdk_win32_IMC_GETCONVERSIONMODE	IMC_GETCONVERSIONMODE
_wcesdk_win32_IMC_GETOPENSTATUS	IMC_GETOPENSTATUS
_wcesdk_win32_IMC_GETSENTENCEMODE	IMC_GETSENTENCEMODE
_wcesdk_win32_IMC_GETSTATUSWINDOWPOS	IMC_GETSTATUSWINDOWPOS
_wcesdk_win32_IMC_OPENSTATUSWINDOW	IMC_OPENSTATUSWINDOW
_wcesdk_win32_IMC_SETCANDIDATEPOS	IMC_SETCANDIDATEPOS
_wcesdk_win32_IMC_SETCOMPOSITIONFONT	IMC_SETCOMPOSITIONFONT
_wcesdk_win32_IMC_SETCOMPOSITIONWINDOW	IMC_SETCOMPOSITIONWINDOW
_wcesdk_win32_IMC_SETCONVERSIONMODE	IMC_SETCONVERSIONMODE
_wcesdk_win32_IMC_SETOPENSTATUS	IMC_SETOPENSTATUS
_wcesdk_win32_IMC_SETSENTENCEMODE	IMC_SETSENTENCEMODE
_wcesdk_win32_IMC_SETSTATUSWINDOWPOS	IMC_SETSTATUSWINDOWPOS
_wcesdk_win32_IMEMENUITEMINFO	IMEMENUITEMINFO
_wcesdk_win32_IMN_CHANGECANDIDATE	IMN_CHANGECANDIDATE
_wcesdk_win32_IMN_CLOSECANDIDATE	IMN_CLOSECANDIDATE
_wcesdk_win32_IMN_CLOSESTATUSWINDOW	IMN_CLOSESTATUSWINDOW
_wcesdk_win32_IMN_GUIDELINE	IMN_GUIDELINE
_wcesdk_win32_IMN_OPENCANDIDATE	IMN_OPENCANDIDATE
_wcesdk_win32_IMN_OPENSTATUSWINDOW	IMN_OPENSTATUSWINDOW
_wcesdk_win32_IMN_SETCANDIDATEPOS	IMN_SETCANDIDATEPOS
_wcesdk_win32_IMN_SETCOMPOSITIONFONT	IMN_SETCOMPOSITIONFONT
_wcesdk_win32_IMN_SETCOMPOSITIONWINDOW	IMN_SETCOMPOSITIONWINDOW
_wcesdk_win32_IMN_SETCONVERSIONMODE	IMN_SETCONVERSIONMODE
_wcesdk_win32_IMN_SETOPENSTATUS	IMN_SETOPENSTATUS
_wcesdk_win32_IMN_SETSENTENCEMODE	IMN_SETSENTENCEMODE
_wcesdk_win32_IMN_SETSTATUSWINDOWPOS	IMN_SETSTATUSWINDOWPOS
_wcesdk_win32_IMR_CANDIDATEFORM	IMR_CANDIDATEFORM
_wcesdk_win32_IMR_COMPOSITIONFONT	IMR_COMPOSITIONFONT
_wcesdk_win32_IMR_COMPOSITIONFORM	IMR_COMPOSITIONFORM
_wcesdk_win32_IMR_CONFIRMRECONVERTSTRING	IMR_CONFIRMRECONVERTSTRING
_wcesdk_win32_IMR_RECONVERTSTRING	IMR_RECONVERTSTRING
_wcesdk_win32_INDEXTOOVERLAYMASK	INDEXTOOVERLAYMASK
_wcesdk_win32_INDEXTOSTATEIMAGEMASK	INDEXTOSTATEIMAGEMASK
_wcesdk_win32_INPUT_str	INPUT
_wcesdk_win32_ITEMIDLIST_str	ITEMIDLIST
_wcesdk_win32_ImageList_Create	ImageList_Create
_wcesdk_win32_ImageList_DrawIndirect	ImageList_DrawIndirect
_wcesdk_win32_ImageList_ExtractIcon	ImageList_ExtractIcon
_wcesdk_win32_ImageList_LoadBitmap	ImageList_LoadBitmap
_wcesdk_win32_ImageList_Merge	ImageList_Merge
_wcesdk_win32_ImmAssociateContext	ImmAssociateContext
_wcesdk_win32_ImmAssociateContextEx	ImmAssociateContextEx
_wcesdk_win32_ImmConfigureIME	ImmConfigureIME
_wcesdk_win32_ImmCreateContext	ImmCreateContext
_wcesdk_win32_ImmDestroyContext	ImmDestroyContext
_wcesdk_win32_ImmDisableIME	ImmDisableIME
_wcesdk_win32_ImmEnumRegisterWord	ImmEnumRegisterWord
_wcesdk_win32_ImmEscape	ImmEscape
_wcesdk_win32_ImmGetCandidateList	ImmGetCandidateList
_wcesdk_win32_ImmGetCandidateListCount	ImmGetCandidateListCount
_wcesdk_win32_ImmGetCandidateWindow	ImmGetCandidateWindow
_wcesdk_win32_ImmGetCompositionFont	ImmGetCompositionFont
_wcesdk_win32_ImmGetCompositionString	ImmGetCompositionString
_wcesdk_win32_ImmGetCompositionWindow	ImmGetCompositionWindow
_wcesdk_win32_ImmGetContext	ImmGetContext
_wcesdk_win32_ImmGetConversionList	ImmGetConversionList
_wcesdk_win32_ImmGetConversionStatus	ImmGetConversionStatus
_wcesdk_win32_ImmGetDefaultIMEWnd	ImmGetDefaultIMEWnd
_wcesdk_win32_ImmGetDescription	ImmGetDescription
_wcesdk_win32_ImmGetGuideLine	ImmGetGuideLine
_wcesdk_win32_ImmGetIMEFileName	ImmGetIMEFileName
_wcesdk_win32_ImmGetImeMenuItems	ImmGetImeMenuItems
_wcesdk_win32_ImmGetOpenStatus	ImmGetOpenStatus
_wcesdk_win32_ImmGetProperty	ImmGetProperty
_wcesdk_win32_ImmGetRegisterWordStyle	ImmGetRegisterWordStyle
_wcesdk_win32_ImmGetStatusWindowPos	ImmGetStatusWindowPos
_wcesdk_win32_ImmGetVirtualKey	ImmGetVirtualKey
_wcesdk_win32_ImmIsIME	ImmIsIME
_wcesdk_win32_ImmIsUIMessage	ImmIsUIMessage
_wcesdk_win32_ImmNotifyIME	ImmNotifyIME
_wcesdk_win32_ImmRegisterWord	ImmRegisterWord
_wcesdk_win32_ImmReleaseContext	ImmReleaseContext
_wcesdk_win32_ImmSIPanelState	ImmSIPanelState
_wcesdk_win32_ImmSetCandidateWindow	ImmSetCandidateWindow
_wcesdk_win32_ImmSetCompositionFont	ImmSetCompositionFont
_wcesdk_win32_ImmSetCompositionString	ImmSetCompositionString
_wcesdk_win32_ImmSetCompositionWindow	ImmSetCompositionWindow
_wcesdk_win32_ImmSetConversionStatus	ImmSetConversionStatus
_wcesdk_win32_ImmSetOpenStatus	ImmSetOpenStatus
_wcesdk_win32_ImmSetStatusWindowPos	ImmSetStatusWindowPos
_wcesdk_win32_ImmSimulateHotKey	ImmSimulateHotKey
_wcesdk_win32_ImmUnregisterWord	ImmUnregisterWord
_wcesdk_win32_InSendMessage	InSendMessage
_wcesdk_win32_InflateRect	InflateRect
_wcesdk_win32_InternetCanonicalizeUrl	InternetCanonicalizeUrl
_wcesdk_win32_InternetCloseHandle	InternetCloseHandle
_wcesdk_win32_InternetCombineUrl	InternetCombineUrl
_wcesdk_win32_InternetConnect	InternetConnect
_wcesdk_win32_InternetCrackUrl	InternetCrackUrl
_wcesdk_win32_InternetCreateUrl	InternetCreateUrl
_wcesdk_win32_InternetFindNextFile	InternetFindNextFile
_wcesdk_win32_InternetGetConnectedState	InternetGetConnectedState
_wcesdk_win32_InternetGetLastResponseInfo	InternetGetLastResponseInfo
_wcesdk_win32_InternetOpen	InternetOpen
_wcesdk_win32_InternetOpenUrl	InternetOpenUrl
_wcesdk_win32_InternetQueryDataAvailable	InternetQueryDataAvailable
_wcesdk_win32_InternetQueryOption	InternetQueryOption
_wcesdk_win32_InternetReadFile	InternetReadFile
_wcesdk_win32_InternetSetOption	InternetSetOption
_wcesdk_win32_InternetSetStatusCallback	InternetSetStatusCallback
_wcesdk_win32_InternetTimeFromSystemTime	InternetTimeFromSystemTime
_wcesdk_win32_InternetTimeToSystemTime	InternetTimeToSystemTime
_wcesdk_win32_IntersectRect	IntersectRect
_wcesdk_win32_InvalidateRect	InvalidateRect
_wcesdk_win32_IsChild	IsChild
_wcesdk_win32_IsRectEmpty	IsRectEmpty
_wcesdk_win32_IsWindow	IsWindow
_wcesdk_win32_IsWindowEnabled	IsWindowEnabled
_wcesdk_win32_IsWindowVisible	IsWindowVisible
_wcesdk_win32_KillTimer	KillTimer
_wcesdk_win32_LBN_DBLCLK	LBN_DBLCLK
_wcesdk_win32_LBN_ERRSPACE	LBN_ERRSPACE
_wcesdk_win32_LBN_KILLFOCUS	LBN_KILLFOCUS
_wcesdk_win32_LBN_SELCANCEL	LBN_SELCANCEL
_wcesdk_win32_LBN_SELCHANGE	LBN_SELCHANGE
_wcesdk_win32_LBN_SETFOCUS	LBN_SETFOCUS
_wcesdk_win32_LB_ADDSTRING	LB_ADDSTRING
_wcesdk_win32_LB_DELETESTRING	LB_DELETESTRING
_wcesdk_win32_LB_FINDSTRING	LB_FINDSTRING
_wcesdk_win32_LB_FINDSTRINGEXACT	LB_FINDSTRINGEXACT
_wcesdk_win32_LB_GETANCHORINDEX	LB_GETANCHORINDEX
_wcesdk_win32_LB_GETCARETINDEX	LB_GETCARETINDEX
_wcesdk_win32_LB_GETCOUNT	LB_GETCOUNT
_wcesdk_win32_LB_GETCURSEL	LB_GETCURSEL
_wcesdk_win32_LB_GETHORIZONTALEXTENT	LB_GETHORIZONTALEXTENT
_wcesdk_win32_LB_GETITEMDATA	LB_GETITEMDATA
_wcesdk_win32_LB_GETITEMHEIGHT	LB_GETITEMHEIGHT
_wcesdk_win32_LB_GETITEMRECT	LB_GETITEMRECT
_wcesdk_win32_LB_GETLOCALE	LB_GETLOCALE
_wcesdk_win32_LB_GETSEL	LB_GETSEL
_wcesdk_win32_LB_GETSELCOUNT	LB_GETSELCOUNT
_wcesdk_win32_LB_GETSELITEMS	LB_GETSELITEMS
_wcesdk_win32_LB_GETTEXT	LB_GETTEXT
_wcesdk_win32_LB_GETTEXTLEN	LB_GETTEXTLEN
_wcesdk_win32_LB_GETTOPINDEX	LB_GETTOPINDEX
_wcesdk_win32_LB_INITSTORAGE	LB_INITSTORAGE
_wcesdk_win32_LB_INSERTSTRING	LB_INSERTSTRING
_wcesdk_win32_LB_ITEMFROMPOINT	LB_ITEMFROMPOINT
_wcesdk_win32_LB_RESETCONTENT	LB_RESETCONTENT
_wcesdk_win32_LB_SELECTSTRING	LB_SELECTSTRING
_wcesdk_win32_LB_SETANCHORINDEX	LB_SETANCHORINDEX
_wcesdk_win32_LB_SETCARETINDEX	LB_SETCARETINDEX
_wcesdk_win32_LB_SETCOLUMNWIDTH	LB_SETCOLUMNWIDTH
_wcesdk_win32_LB_SETCURSEL	LB_SETCURSEL
_wcesdk_win32_LB_SETHORIZONTALEXTENT	LB_SETHORIZONTALEXTENT
_wcesdk_win32_LB_SETITEMDATA	LB_SETITEMDATA
_wcesdk_win32_LB_SETITEMHEIGHT	LB_SETITEMHEIGHT
_wcesdk_win32_LB_SETLOCALE	LB_SETLOCALE
_wcesdk_win32_LB_SETSEL	LB_SETSEL
_wcesdk_win32_LB_SETTABSTOPS	LB_SETTABSTOPS
_wcesdk_win32_LB_SETTOPINDEX	LB_SETTOPINDEX
_wcesdk_win32_LOBYTE	LOBYTE
_wcesdk_win32_LOGBRUSH_str	LOGBRUSH
_wcesdk_win32_LOGFONT_str	LOGFONT
_wcesdk_win32_LOGPALETTE_str	LOGPALETTE
_wcesdk_win32_LOGPEN_str	LOGPEN
_wcesdk_win32_LOWORD	LOWORD
_wcesdk_win32_LVN_BEGINDRAG	LVN_BEGINDRAG
_wcesdk_win32_LVN_BEGINLABELEDIT	LVN_BEGINLABELEDIT
_wcesdk_win32_LVN_COLUMNCLICK	LVN_COLUMNCLICK
_wcesdk_win32_LVN_DELETEALLITEMS	LVN_DELETEALLITEMS
_wcesdk_win32_LVN_DELETEITEM	LVN_DELETEITEM
_wcesdk_win32_LVN_ENDLABELEDIT	LVN_ENDLABELEDIT
_wcesdk_win32_LVN_GETDISPINFO	LVN_GETDISPINFO
_wcesdk_win32_LVN_INSERTITEM	LVN_INSERTITEM
_wcesdk_win32_LVN_ITEMCHANGED	LVN_ITEMCHANGED
_wcesdk_win32_LVN_ITEMCHANGING	LVN_ITEMCHANGING
_wcesdk_win32_LVN_KEYDOWN	LVN_KEYDOWN
_wcesdk_win32_LVN_SETDISPINFO	LVN_SETDISPINFO
_wcesdk_win32_LV_DISPINFO_str	LV_DISPINFO
_wcesdk_win32_LV_FINDINFO_str	LV_FINDINFO
_wcesdk_win32_LoadAccelerators	LoadAccelerators
_wcesdk_win32_LoadBitmap	LoadBitmap
_wcesdk_win32_LoadImage	LoadImage
_wcesdk_win32_LoadString	LoadString
_wcesdk_win32_MAKEINTRESOURCE	MAKEINTRESOURCE
_wcesdk_win32_MAKELANGID	MAKELANGID
_wcesdk_win32_MAKELCID	MAKELCID
_wcesdk_win32_MAKELONG	MAKELONG
_wcesdk_win32_MAKELPARAM	MAKELPARAM
_wcesdk_win32_MAKELRESULT	MAKELRESULT
_wcesdk_win32_MAKEWORD	MAKEWORD
_wcesdk_win32_MAKEWPARAM	MAKEWPARAM
_wcesdk_win32_MEASUREITEMSTRUCT_str	MEASUREITEMSTRUCT
_wcesdk_win32_MENUITEMINFO_str	MENUITEMINFO
_wcesdk_win32_MIB_Header_Sample	MIB Header Sample
_wcesdk_win32_MSG_str	MSG
_wcesdk_win32_MapVirtualKey	MapVirtualKey
_wcesdk_win32_MapWindowPoints	MapWindowPoints
_wcesdk_win32_MessageBeep	MessageBeep
_wcesdk_win32_MessageBox	MessageBox
_wcesdk_win32_MoveWindow	MoveWindow
_wcesdk_win32_NEWCPLINFO_str	NEWCPLINFO
_wcesdk_win32_NEWTEXTMETRIC_str	NEWTEXTMETRIC
_wcesdk_win32_NMHDR_str	NMHDR
_wcesdk_win32_NM_TREEVIEW_str	NM_TREEVIEW
_wcesdk_win32_NOTIFYICONDATA_str	NOTIFYICONDATA
_wcesdk_win32_NTLMDeleteUser	NTLMDeleteUser
_wcesdk_win32_NTLMEnumUser	NTLMEnumUser
_wcesdk_win32_NTLMSetUserInfo	NTLMSetUserInfo
_wcesdk_win32_NUMBERFMT_str	NUMBERFMT
_wcesdk_win32_OFNOTIFY_str	OFNOTIFY
_wcesdk_win32_OPENFILENAME_str	OPENFILENAME
_wcesdk_win32_OSVERSIONINFO_str	OSVERSIONINFO
_wcesdk_win32_OffsetRect	OffsetRect
_wcesdk_win32_PAINTSTRUCT_str	PAINTSTRUCT
_wcesdk_win32_PALETTERGB	PALETTERGB
_wcesdk_win32_PBM_DELTAPOS	PBM_DELTAPOS
_wcesdk_win32_PBM_SETPOS	PBM_SETPOS
_wcesdk_win32_PBM_SETRANGE	PBM_SETRANGE
_wcesdk_win32_PBM_SETSTEP	PBM_SETSTEP
_wcesdk_win32_PBM_STEPIT	PBM_STEPIT
_wcesdk_win32_POINTSTOPOINT	POINTSTOPOINT
_wcesdk_win32_POINTS_str	POINTS
_wcesdk_win32_POINT_str	POINT
_wcesdk_win32_PRIMARYLANGID	PRIMARYLANGID
_wcesdk_win32_PRINTDLG_str	PRINTDLG
_wcesdk_win32_PROPSHEETHEADER_str	PROPSHEETHEADER
_wcesdk_win32_PROPSHEETPAGE_str	PROPSHEETPAGE
_wcesdk_win32_PSHNOTIFY_str	PSHNOTIFY
_wcesdk_win32_PSM_SETFINISHTEXT	PSM_SETFINISHTEXT
_wcesdk_win32_PSN_APPLY	PSN_APPLY
_wcesdk_win32_PSN_HELP	PSN_HELP
_wcesdk_win32_PSN_KILLACTIVE	PSN_KILLACTIVE
_wcesdk_win32_PSN_QUERYCANCEL	PSN_QUERYCANCEL
_wcesdk_win32_PSN_RESET	PSN_RESET
_wcesdk_win32_PSN_SETACTIVE	PSN_SETACTIVE
_wcesdk_win32_PagePaintHook	PagePaintHook
_wcesdk_win32_PageSetupHook	PageSetupHook
_wcesdk_win32_PatBlt	PatBlt
_wcesdk_win32_PeekMessage	PeekMessage
_wcesdk_win32_PostMessage	PostMessage
_wcesdk_win32_PostQuitMessage	PostQuitMessage
_wcesdk_win32_PostThreadMessage	PostThreadMessage
_wcesdk_win32_PrintDlg	PrintDlg
_wcesdk_win32_PrintHookProc	PrintHookProc
_wcesdk_win32_PropSheet_SetFinishText	PropSheet_SetFinishText
_wcesdk_win32_PropertySheet	PropertySheet
_wcesdk_win32_PtInRect	PtInRect
_wcesdk_win32_QueryContextAttributes	QueryContextAttributes
_wcesdk_win32_RECONVERTSTRING_str	RECONVERTSTRING
_wcesdk_win32_RECT_str	RECT
_wcesdk_win32_REGISTERWORD_str	REGISTERWORD
_wcesdk_win32_RGB	RGB
_wcesdk_win32_RGBQUAD_str	RGBQUAD
_wcesdk_win32_RGBTRIPLE_str	RGBTRIPLE
_wcesdk_win32_RGNDATA_str	RGNDATA
_wcesdk_win32_Random	Random
_wcesdk_win32_RegisterClass	RegisterClass
_wcesdk_win32_RegisterWindowMessage	RegisterWindowMessage
_wcesdk_win32_ReleaseDC	ReleaseDC
_wcesdk_win32_ReleaseSemaphore	ReleaseSemaphore
_wcesdk_win32_SBM_GETPOS	SBM_GETPOS
_wcesdk_win32_SBM_GETRANGE	SBM_GETRANGE
_wcesdk_win32_SBM_GETSCROLLINFO	SBM_GETSCROLLINFO
_wcesdk_win32_SBM_SETPOS	SBM_SETPOS
_wcesdk_win32_SBM_SETRANGE	SBM_SETRANGE
_wcesdk_win32_SBM_SETRANGEREDRAW	SBM_SETRANGEREDRAW
_wcesdk_win32_SBM_SETSCROLLINFO	SBM_SETSCROLLINFO
_wcesdk_win32_SB_GETBORDERS	SB_GETBORDERS
_wcesdk_win32_SB_GETPARTS	SB_GETPARTS
_wcesdk_win32_SB_GETRECT	SB_GETRECT
_wcesdk_win32_SB_GETTEXT	SB_GETTEXT
_wcesdk_win32_SB_GETTEXTLENGTH	SB_GETTEXTLENGTH
_wcesdk_win32_SB_SETMINHEIGHT	SB_SETMINHEIGHT
_wcesdk_win32_SB_SETPARTS	SB_SETPARTS
_wcesdk_win32_SB_SETTEXT	SB_SETTEXT
_wcesdk_win32_SB_SIMPLE	SB_SIMPLE
_wcesdk_win32_SCROLLINFO_str	SCROLLINFO
_wcesdk_win32_SELITEMRANGE	LB_SELITEMRANGE
_wcesdk_win32_SELITEMRANGEEX	LB_SELITEMRANGEEX
_wcesdk_win32_SETHORIZONTALEXTENT	CB_SETHORIZONTALEXTENT
_wcesdk_win32_SETLIMITTEXT	EM_SETLIMITTEXT
_wcesdk_win32_SETTOPINDEX	CB_SETTOPINDEX
_wcesdk_win32_SHELLEXECUTEINFO_str	SHELLEXECUTEINFO
_wcesdk_win32_SHFILEINFO_str	SHFILEINFO
_wcesdk_win32_SHGetSpecialFolderLocation	SHGetSpecialFolderLocation
_wcesdk_win32_SIZE_str	SIZE
_wcesdk_win32_STM_GETIMAGE	STM_GETIMAGE
_wcesdk_win32_STM_SETIMAGE	STM_SETIMAGE
_wcesdk_win32_STN_CLICKED	STN_CLICKED
_wcesdk_win32_STN_DISABLE	STN_DISABLE
_wcesdk_win32_STN_ENABLE	STN_ENABLE
_wcesdk_win32_STYLEBUF_str	STYLEBUF
_wcesdk_win32_STYLESTRUCT_str	STYLESTRUCT
_wcesdk_win32_SUBLANGID	SUBLANGID
_wcesdk_win32_SYSTEM_INFO_str	SYSTEM_INFO
_wcesdk_win32_Sample_MIB_Source_File	Sample MIB Source File
_wcesdk_win32_Sample_mib_File	Sample .mib File
_wcesdk_win32_ScreenToClient	ScreenToClient
_wcesdk_win32_ScrollWindowEx	ScrollWindowEx
_wcesdk_win32_SecPkgContext_StreamSizes	SecPkgContext_StreamSizes
_wcesdk_win32_SendInput	SendInput
_wcesdk_win32_SendMessage	SendMessage
_wcesdk_win32_SendNotifyMessage	SendNotifyMessage
_wcesdk_win32_SetClassLong	SetClassLong
_wcesdk_win32_SetForegroundWindow	SetForegroundWindow
_wcesdk_win32_SetParent	SetParent
_wcesdk_win32_SetRect	SetRect
_wcesdk_win32_SetRectEmpty	SetRectEmpty
_wcesdk_win32_SetSysColors	SetSysColors
_wcesdk_win32_SetTimer	SetTimer
_wcesdk_win32_SetWindowLong	SetWindowLong
_wcesdk_win32_SetWindowPos	SetWindowPos
_wcesdk_win32_SetWindowRgn	SetWindowRgn
_wcesdk_win32_SetWindowText	SetWindowText
_wcesdk_win32_ShowWindow	ShowWindow
_wcesdk_win32_Static_Control_Statements	Static Control Statements
_wcesdk_win32_StringFileInfo_str	StringFileInfo
_wcesdk_win32_StringTable_str	StringTable
_wcesdk_win32_String_str	String
_wcesdk_win32_SubtractRect	SubtractRect
_wcesdk_win32_TBADDBITMAP_str	TBADDBITMAP
_wcesdk_win32_TBBUTTON_str	TBBUTTON
_wcesdk_win32_TBM_CLEARSEL	TBM_CLEARSEL
_wcesdk_win32_TBM_CLEARTICS	TBM_CLEARTICS
_wcesdk_win32_TBM_GETCHANNELRECT	TBM_GETCHANNELRECT
_wcesdk_win32_TBM_GETLINESIZE	TBM_GETLINESIZE
_wcesdk_win32_TBM_GETNUMTICS	TBM_GETNUMTICS
_wcesdk_win32_TBM_GETPAGESIZE	TBM_GETPAGESIZE
_wcesdk_win32_TBM_GETPOS	TBM_GETPOS
_wcesdk_win32_TBM_GETPTICS	TBM_GETPTICS
_wcesdk_win32_TBM_GETRANGEMAX	TBM_GETRANGEMAX
_wcesdk_win32_TBM_GETRANGEMIN	TBM_GETRANGEMIN
_wcesdk_win32_TBM_GETSELEND	TBM_GETSELEND
_wcesdk_win32_TBM_GETSELSTART	TBM_GETSELSTART
_wcesdk_win32_TBM_GETTHUMBLENGTH	TBM_GETTHUMBLENGTH
_wcesdk_win32_TBM_GETTHUMBRECT	TBM_GETTHUMBRECT
_wcesdk_win32_TBM_GETTIC	TBM_GETTIC
_wcesdk_win32_TBM_GETTICPOS	TBM_GETTICPOS
_wcesdk_win32_TBM_SETLINESIZE	TBM_SETLINESIZE
_wcesdk_win32_TBM_SETPAGESIZE	TBM_SETPAGESIZE
_wcesdk_win32_TBM_SETPOS	TBM_SETPOS
_wcesdk_win32_TBM_SETRANGE	TBM_SETRANGE
_wcesdk_win32_TBM_SETRANGEMAX	TBM_SETRANGEMAX
_wcesdk_win32_TBM_SETRANGEMIN	TBM_SETRANGEMIN
_wcesdk_win32_TBM_SETSEL	TBM_SETSEL
_wcesdk_win32_TBM_SETSELEND	TBM_SETSELEND
_wcesdk_win32_TBM_SETSELSTART	TBM_SETSELSTART
_wcesdk_win32_TBM_SETTHUMBLENGTH	TBM_SETTHUMBLENGTH
_wcesdk_win32_TBM_SETTIC	TBM_SETTIC
_wcesdk_win32_TBM_SETTICFREQ	TBM_SETTICFREQ
_wcesdk_win32_TBN_BEGINDRAG	TBN_BEGINDRAG
_wcesdk_win32_TBN_ENDDRAG	TBN_ENDDRAG
_wcesdk_win32_TBN_GETBUTTONINFO	TBN_GETBUTTONINFO
_wcesdk_win32_TB_ADDBITMAP	TB_ADDBITMAP
_wcesdk_win32_TB_ADDBUTTONS	TB_ADDBUTTONS
_wcesdk_win32_TB_ADDSTRING	TB_ADDSTRING
_wcesdk_win32_TB_AUTOSIZE	TB_AUTOSIZE
_wcesdk_win32_TB_BUTTONCOUNT	TB_BUTTONCOUNT
_wcesdk_win32_TB_BUTTONSTRUCTSIZE	TB_BUTTONSTRUCTSIZE
_wcesdk_win32_TB_CHANGEBITMAP	TB_CHANGEBITMAP
_wcesdk_win32_TB_CHECKBUTTON	TB_CHECKBUTTON
_wcesdk_win32_TB_COMMANDTOINDEX	TB_COMMANDTOINDEX
_wcesdk_win32_TB_DELETEBUTTON	TB_DELETEBUTTON
_wcesdk_win32_TB_ENABLEBUTTON	TB_ENABLEBUTTON
_wcesdk_win32_TB_GETBITMAP	TB_GETBITMAP
_wcesdk_win32_TB_GETBITMAPFLAGS	TB_GETBITMAPFLAGS
_wcesdk_win32_TB_GETBUTTON	TB_GETBUTTON
_wcesdk_win32_TB_GETBUTTONTEXT	TB_GETBUTTONTEXT
_wcesdk_win32_TB_GETITEMRECT	TB_GETITEMRECT
_wcesdk_win32_TB_GETROWS	TB_GETROWS
_wcesdk_win32_TB_GETSTATE	TB_GETSTATE
_wcesdk_win32_TB_GETTOOLTIPS	TB_GETTOOLTIPS
_wcesdk_win32_TB_HIDEBUTTON	TB_HIDEBUTTON
_wcesdk_win32_TB_INDETERMINATE	TB_INDETERMINATE
_wcesdk_win32_TB_INSERTBUTTON	TB_INSERTBUTTON
_wcesdk_win32_TB_ISBUTTONCHECKED	TB_ISBUTTONCHECKED
_wcesdk_win32_TB_ISBUTTONENABLED	TB_ISBUTTONENABLED
_wcesdk_win32_TB_ISBUTTONHIDDEN	TB_ISBUTTONHIDDEN
_wcesdk_win32_TB_ISBUTTONINDETERMINATE	TB_ISBUTTONINDETERMINATE
_wcesdk_win32_TB_ISBUTTONPRESSED	TB_ISBUTTONPRESSED
_wcesdk_win32_TB_PRESSBUTTON	TB_PRESSBUTTON
_wcesdk_win32_TB_SETBITMAPSIZE	TB_SETBITMAPSIZE
_wcesdk_win32_TB_SETBUTTONSIZE	TB_SETBUTTONSIZE
_wcesdk_win32_TB_SETCMDID	TB_SETCMDID
_wcesdk_win32_TB_SETPARENT	TB_SETPARENT
_wcesdk_win32_TB_SETROWS	TB_SETROWS
_wcesdk_win32_TB_SETSTATE	TB_SETSTATE
_wcesdk_win32_TB_SETTOOLTIPS	TB_SETTOOLTIPS
_wcesdk_win32_TCHITTESTINFO_str	TCHITTESTINFO
_wcesdk_win32_TCITEMHEADER_str	TCITEMHEADER
_wcesdk_win32_TCITEM_str	TCITEM
_wcesdk_win32_TCN_KEYDOWN	TCN_KEYDOWN
_wcesdk_win32_TCN_SELCHANGE	TCN_SELCHANGE
_wcesdk_win32_TCN_SELCHANGING	TCN_SELCHANGING
_wcesdk_win32_TEXTMETRIC_str	TEXTMETRIC
_wcesdk_win32_TPMPARAMS_str	TPMPARAMS
_wcesdk_win32_TSPI_Functions	TSPI Functions
_wcesdk_win32_TSPI_Line_Device_Functions	TSPI Line Device Functions
_wcesdk_win32_TSPI_Phone_Device_Functions	TSPI Phone Device Functions
_wcesdk_win32_TSPI_Service_Provider_Functions	TSPI Service Provider Functions
_wcesdk_win32_TVHITTESTINFO_str	TVHITTESTINFO
_wcesdk_win32_TVINSERTSTRUCT_str	TVINSERTSTRUCT
_wcesdk_win32_TVITEM_str	TVITEM
_wcesdk_win32_TVN_BEGINDRAG	TVN_BEGINDRAG
_wcesdk_win32_TVN_BEGINLABELEDIT	TVN_BEGINLABELEDIT
_wcesdk_win32_TVN_DELETEITEM	TVN_DELETEITEM
_wcesdk_win32_TVN_ENDLABELEDIT	TVN_ENDLABELEDIT
_wcesdk_win32_TVN_GETDISPINFO	TVN_GETDISPINFO
_wcesdk_win32_TVN_ITEMEXPANDED	TVN_ITEMEXPANDED
_wcesdk_win32_TVN_ITEMEXPANDING	TVN_ITEMEXPANDING
_wcesdk_win32_TVN_KEYDOWN	TVN_KEYDOWN
_wcesdk_win32_TVN_SELCHANGED	TVN_SELCHANGED
_wcesdk_win32_TVN_SELCHANGING	TVN_SELCHANGING
_wcesdk_win32_TVN_SETDISPINFO	TVN_SETDISPINFO
_wcesdk_win32_TVSORTCB_str	TVSORTCB
_wcesdk_win32_TV_DISPINFO_str	TV_DISPINFO
_wcesdk_win32_TV_HITTESTINFO_str	TV_HITTESTINFO
_wcesdk_win32_TV_INSERTSTRUCT_str	TV_INSERTSTRUCT
_wcesdk_win32_TV_ITEM_str	TV_ITEM
_wcesdk_win32_TV_KEYDOWN_str	TV_KEYDOWN
_wcesdk_win32_TV_SORTCB_str	TV_SORTCB
_wcesdk_win32_TabCtrl_AdjustRect	TabCtrl_AdjustRect
_wcesdk_win32_TranslateAccelerator	TranslateAccelerator
_wcesdk_win32_TranslateMessage	TranslateMessage
_wcesdk_win32_TransparentImage	TransparentImage
_wcesdk_win32_TryEnterCriticalSection	TryEnterCriticalSection
_wcesdk_win32_UDACCEL_str	UDACCEL
_wcesdk_win32_UDM_GETACCEL	UDM_GETACCEL
_wcesdk_win32_UDM_GETBASE	UDM_GETBASE
_wcesdk_win32_UDM_GETBUDDY	UDM_GETBUDDY
_wcesdk_win32_UDM_GETPOS	UDM_GETPOS
_wcesdk_win32_UDM_GETRANGE	UDM_GETRANGE
_wcesdk_win32_UDM_SETACCEL	UDM_SETACCEL
_wcesdk_win32_UDM_SETBASE	UDM_SETBASE
_wcesdk_win32_UDM_SETBUDDY	UDM_SETBUDDY
_wcesdk_win32_UDM_SETPOS	UDM_SETPOS
_wcesdk_win32_UDM_SETRANGE	UDM_SETRANGE
_wcesdk_win32_UDN_DELTAPOS	UDN_DELTAPOS
_wcesdk_win32_ULARGE_INTEGER_str	ULARGE_INTEGER
_wcesdk_win32_UnionRect	UnionRect
_wcesdk_win32_UnregisterClass	UnregisterClass
_wcesdk_win32_UnregisterHotKey	UnregisterHotKey
_wcesdk_win32_UpdateWindow	UpdateWindow
_wcesdk_win32_VS_FIXEDFILEINFO_str	VS_FIXEDFILEINFO
_wcesdk_win32_VS_VERSIONINFO_str	VS_VERSIONINFO
_wcesdk_win32_ValidateRect	ValidateRect
_wcesdk_win32_VarFileInfo_str	VarFileInfo
_wcesdk_win32_Var_str	Var
_wcesdk_win32_VerQueryValue	VerQueryValue
_wcesdk_win32_WIN32_FIND_DATA_str	WIN32_FIND_DATA
_wcesdk_win32_WINDOWPOS_str	WINDOWPOS
_wcesdk_win32_WM_ACTIVATE	WM_ACTIVATE
_wcesdk_win32_WM_APP	WM_APP
_wcesdk_win32_WM_CANCELMODE	WM_CANCELMODE
_wcesdk_win32_WM_CHAR	WM_CHAR
_wcesdk_win32_WM_CLEAR	WM_CLEAR
_wcesdk_win32_WM_CLOSE	WM_CLOSE
_wcesdk_win32_WM_COMMAND	WM_COMMAND
_wcesdk_win32_WM_COPY	WM_COPY
_wcesdk_win32_WM_COPYDATA	WM_COPYDATA
_wcesdk_win32_WM_CREATE	WM_CREATE
_wcesdk_win32_WM_CTLCOLORBTN	WM_CTLCOLORBTN
_wcesdk_win32_WM_CTLCOLORDLG	WM_CTLCOLORDLG
_wcesdk_win32_WM_CTLCOLOREDIT	WM_CTLCOLOREDIT
_wcesdk_win32_WM_CTLCOLORLISTBOX	WM_CTLCOLORLISTBOX
_wcesdk_win32_WM_CTLCOLORSCROLLBAR	WM_CTLCOLORSCROLLBAR
_wcesdk_win32_WM_CTLCOLORSTATIC	WM_CTLCOLORSTATIC
_wcesdk_win32_WM_CUT	WM_CUT
_wcesdk_win32_WM_DELETEITEM	WM_DELETEITEM
_wcesdk_win32_WM_DESTROY	WM_DESTROY
_wcesdk_win32_WM_DRAWITEM	WM_DRAWITEM
_wcesdk_win32_WM_ENABLE	WM_ENABLE
_wcesdk_win32_WM_ENTERMENULOOP	WM_ENTERMENULOOP
_wcesdk_win32_WM_EXITMENULOOP	WM_EXITMENULOOP
_wcesdk_win32_WM_FONTCHANGE	WM_FONTCHANGE
_wcesdk_win32_WM_GETDLGCODE	WM_GETDLGCODE
_wcesdk_win32_WM_GETFONT	WM_GETFONT
_wcesdk_win32_WM_GETTEXT	WM_GETTEXT
_wcesdk_win32_WM_GETTEXTLENGTH	WM_GETTEXTLENGTH
_wcesdk_win32_WM_HELP	WM_HELP
_wcesdk_win32_WM_HOTKEY	WM_HOTKEY
_wcesdk_win32_WM_HSCROLL	WM_HSCROLL
_wcesdk_win32_WM_IME_CHAR	WM_IME_CHAR
_wcesdk_win32_WM_IME_COMPOSITION	WM_IME_COMPOSITION
_wcesdk_win32_WM_IME_COMPOSITIONFULL	WM_IME_COMPOSITIONFULL
_wcesdk_win32_WM_IME_CONTROL	WM_IME_CONTROL
_wcesdk_win32_WM_IME_ENDCOMPOSITION	WM_IME_ENDCOMPOSITION
_wcesdk_win32_WM_IME_KEYDOWN	WM_IME_KEYDOWN
_wcesdk_win32_WM_IME_KEYUP	WM_IME_KEYUP
_wcesdk_win32_WM_IME_NOTIFY	WM_IME_NOTIFY
_wcesdk_win32_WM_IME_REQUEST	WM_IME_REQUEST
_wcesdk_win32_WM_IME_SELECT	WM_IME_SELECT
_wcesdk_win32_WM_IME_SETCONTEXT	WM_IME_SETCONTEXT
_wcesdk_win32_WM_IME_STARTCOMPOSITION	WM_IME_STARTCOMPOSITION
_wcesdk_win32_WM_INITDIALOG	WM_INITDIALOG
_wcesdk_win32_WM_INITMENUPOPUP	WM_INITMENUPOPUP
_wcesdk_win32_WM_KEYDOWN	WM_KEYDOWN
_wcesdk_win32_WM_KEYUP	WM_KEYUP
_wcesdk_win32_WM_KILLFOCUS	WM_KILLFOCUS
_wcesdk_win32_WM_MEASUREITEM	WM_MEASUREITEM
_wcesdk_win32_WM_MENUCHAR	WM_MENUCHAR
_wcesdk_win32_WM_MOVE	WM_MOVE
_wcesdk_win32_WM_NCPAINT	WM_NCPAINT
_wcesdk_win32_WM_NEXTDLGCTL	WM_NEXTDLGCTL
_wcesdk_win32_WM_NOTIFY	WM_NOTIFY
_wcesdk_win32_WM_PAINT	WM_PAINT
_wcesdk_win32_WM_PALETTECHANGED	WM_PALETTECHANGED
_wcesdk_win32_WM_PASTE	WM_PASTE
_wcesdk_win32_WM_QUERYNEWPALETTE	WM_QUERYNEWPALETTE
_wcesdk_win32_WM_QUIT	WM_QUIT
_wcesdk_win32_WM_RENDERALLFORMATS	WM_RENDERALLFORMATS
_wcesdk_win32_WM_RENDERFORMAT	WM_RENDERFORMAT
_wcesdk_win32_WM_SETFOCUS	WM_SETFOCUS
_wcesdk_win32_WM_SETFONT	WM_SETFONT
_wcesdk_win32_WM_SETREDRAW	WM_SETREDRAW
_wcesdk_win32_WM_SETTEXT	WM_SETTEXT
_wcesdk_win32_WM_SETTINGCHANGE	WM_SETTINGCHANGE
_wcesdk_win32_WM_SIZE	WM_SIZE
_wcesdk_win32_WM_STYLECHANGED	WM_STYLECHANGED
_wcesdk_win32_WM_SYSCHAR	WM_SYSCHAR
_wcesdk_win32_WM_SYSCOLORCHANGE	WM_SYSCOLORCHANGE
_wcesdk_win32_WM_SYSCOMMAND	WM_SYSCOMMAND
_wcesdk_win32_WM_SYSDEADCHAR	WM_SYSDEADCHAR
_wcesdk_win32_WM_SYSKEYDOWN	WM_SYSKEYDOWN
_wcesdk_win32_WM_SYSKEYUP	WM_SYSKEYUP
_wcesdk_win32_WM_TIMER	WM_TIMER
_wcesdk_win32_WM_UNDO	WM_UNDO
_wcesdk_win32_WM_USER	WM_USER
_wcesdk_win32_WM_VSCROLL	WM_VSCROLL
_wcesdk_win32_WM_WINDOWPOSCHANGED	WM_WINDOWPOSCHANGED
_wcesdk_win32_WNDCLASS_str	WNDCLASS
_wcesdk_win32_WindowFromPoint	WindowFromPoint
_wcesdk_win32_WriteFile	WriteFile
_wcesdk_win32_dibsection_str	DIBSECTION
_wcesdk_win32_imagelist_addicon	ImageList_AddIcon
_wincesdk_Busmaster-DMA_Network_Adapters	Bus Master-DMA Network Adapters
_wincesdk_DMA	DMA
_wincesdk_Differences_Between_Windows_CE_and_Windows_NT_Implementations	Differences Between Windows CE and Windows NT Implementations
_wincesdk_Driver_Registration_and_NDIS_Library_Registration	Driver Registration and NDIS Library Initialization
_wincesdk_Dynamic_Adapter_Binding	Dynamic Adapter Binding
_wincesdk_Installing_Network_Adapter_Drivers	Installing Network Adapter Drivers
_wincesdk_IrDA_Support	IrDA Support
_wincesdk_Layered_Miniport_Drivers	Layered Miniport Drivers
_wincesdk_Miniport_Driver_Registration	Miniport Driver Registration
_wincesdk_NDISWAN_Object_Identifiers	NDISWAN Object Identifiers
_wincesdk_NDISWAN_Support	NDISWAN Support
_wincesdk_NDIS_Adapter-Binding_Management_APIs	NDIS Adapter-Binding Management APIs
_wincesdk_NDIS_Driver_Upper-Edge_Functions	NDIS Driver Upper-Edge Functions
_wincesdk_NDIS_Library_Functions_Used_by_WAN_Miniport_Drivers	NDIS Library Functions Used by WAN Miniport Drivers
_wincesdk_NDIS_Protocol_Driver_Lower-Edge_Functions	NDIS Protocol Driver Lower-Edge Functions
_wincesdk_Network_Driver_Interface_Specification_Support	Network Driver Interface Specification Support
_wincesdk_Outline_of_NDIS	Outline of NDIS
_wincesdk_Plug_and_Play	Plug and Play
_wincesdk_Protocol_Driver_Initialization	Protocol-Driver Initialization
_wincesdk_Protocol_Drivers	Protocol Drivers
_wincesdk_Subordinate_DMA_Network_Adapters	Subordinate DMA Network Adapters
_wincesdk_Token_Ring_Object_Identifiers	Token Ring Object Identifiers
_wincesdk_Token_Ring_Support	Token Ring Support
_wincesdk_Windows_CE_Communications_Architecture	Windows CE Communications Architecture
_wincesdk_Windows_CE_Implementation_of_NDIS	Windows CE Implementation of NDIS
_wincesdk_Windows_CE_Miniport-Driver_Architecture	Windows CE Miniport-Driver Architecture
_wincesdk_Writing_a_Miniport_Driver	Writing a Miniport Driver
activex30	How to Write and Use ActiveX Controls for Microsoft Windows CE 3.0
activexvb30	Using Custom ActiveX Controls with eMbedded Visual Basic 3.0 in Microsoft Windows CE 3.0
adoce30	Developing Data Access Applications for Microsoft Windows CE 3.0 with ADOCE
appinstall30	Creating an Application Installation Package with Microsoft Windows CE 3.0
bload3	Boot Loader Models for Microsoft Windows CE Platform Builder 3.0
boardsupport30	Adding Board Support Packages to Microsoft Windows CE Platform Builder 3.0
cef2	Common Executable Format for eMbedded Visual C++ in Microsoft Windows CE 3.0
cefinditfast	FAQ: Embedded Development Resources
cesmartcard30	Microsoft Windows CE 3.0 Smart Card Subsystem
cestart	Welcome to Microsoft Windows CE 3.0
comdcom30	COM and DCOM in Microsoft Windows CE 3.0
configs30	Microsoft Windows CE 3.0 Operating System Configurations
cshell	Designing a Custom UI Shell for Microsoft Windows CE 3.0 Embedded Systems
customos30	Importing a Custom OS into Microsoft Windows CE Platform Builder 3.0
debugce	Debugging Custom Microsoft Windows CE 3.0-based Systems
devicedr	Writing Device Drivers for Microsoft Windows CE 3.0
devicedriver30	Importing Your Device Driver into Microsoft Windows CE Platform Builder 3.0
export_vb	Exporting an SDK from Microsoft Windows CE Platform Builder 3.0 to eMbedded Visual Basic
gettingstarted30	Microsoft Windows CE Platform Builder 3.0: Getting Started
hcl	Hardware Compatibility List for Microsoft Windows CE 3.0
iece30	Programmer's Guide to Internet Explorer for Microsoft Windows CE 3.0
instrumentingdevicedrivers	Instrumenting Windows CE Device Drivers with Remote Performance Monitor
introwince	Introducing Microsoft Windows CE 3.0
kerntrac	Using the Kernel Tracker More Effectively
local	Developing International Applications for Microsoft Windows CE 3.0-based Devices
locplatform30	Building a Localized Platform in Microsoft Windows CE Platform Builder 3.0
multimedia	Multimedia Streaming on Microsoft Windows CE 3.0
ndis30	Network Driver Interface Specification (NDIS) in Microsoft Windows CE 3.0
ndistech	NDIS Implementation in Microsoft Windows CE Platform Builder 3.0
ppcfaq	Windows CE and Pocket PC: FAQ
ppp_pptp	Microsoft Windows CE 3.0 Support of PPP and PPTP
rdp	Remote Desktop Protocol in Windows CE
realtimecapabilities	Assessing Microsoft Windows CE 3.0 Real-Time Capabilities
richink	Using Rich Ink Technology in Microsoft Windows CE 3.0
tchce30techart	Microsoft Windows CE 3.0 Technical Articles
threads30	Microsoft Windows CE 3.0 Kernel Services: Multiprocessing and Thread Handling
wce30conDeviceDriverStructuresandDataTypes	Device Driver Structures and Data Types (Windows CE 3.0 Device Driver Developement)
wce30oriWindowsCE30APIReference	Windows CE 3.0 API Reference
wce30productdocumentation	Microsoft Windows CE 3.0
wce30refRETAILLED	RETAILLED
wce3appserv_msmq	Microsoft Windows CE 3.0 Message Queuing Service
wcecommEnabled	Enabled
wceddk32_Bit_Versus_16_bit_ddhal	32-Bit Versus 16-bit (Windows CE 3.0 Device Driver Developement)
wceddkACMDM_DRIVER_ABOUT	ACMDM_DRIVER_ABOUT (Windows CE 3.0 Device Driver Developement)
wceddkACMDM_DRIVER_DETAILS	ACMDM_DRIVER_DETAILS (Windows CE 3.0 Device Driver Developement)
wceddkACMDM_DRIVER_NOTIFY	ACMDM_DRIVER_NOTIFY (Windows CE 3.0 Device Driver Developement)
wceddkACMDM_FILTERTAG_DETAILS	ACMDM_FILTERTAG_DETAILS (Windows CE 3.0 Device Driver Developement)
wceddkACMDM_FILTER_DETAILS	ACMDM_FILTER_DETAILS (Windows CE 3.0 Device Driver Developement)
wceddkACMDM_FORMATTAG_DETAILS	ACMDM_FORMATTAG_DETAILS (Windows CE 3.0 Device Driver Developement)
wceddkACMDM_FORMAT_DETAILS	ACMDM_FORMAT_DETAILS (Windows CE 3.0 Device Driver Developement)
wceddkACMDM_FORMAT_SUGGEST	ACMDM_FORMAT_SUGGEST (Windows CE 3.0 Device Driver Developement)
wceddkACMDM_HARDWARE_WAVE_CAPS_INPUT	ACMDM_HARDWARE_WAVE_CAPS_INPUT (Windows CE 3.0 Device Driver Developement)
wceddkACMDM_HARDWARE_WAVE_CAPS_OUTPUT	ACMDM_HARDWARE_WAVE_CAPS_OUTPUT (Windows CE 3.0 Device Driver Developement)
wceddkACMDM_STREAM_CLOSE	ACMDM_STREAM_CLOSE (Windows CE 3.0 Device Driver Developement)
wceddkACMDM_STREAM_CONVERT	ACMDM_STREAM_CONVERT (Windows CE 3.0 Device Driver Developement)
wceddkACMDM_STREAM_OPEN	ACMDM_STREAM_OPEN (Windows CE 3.0 Device Driver Developement)
wceddkACMDM_STREAM_PREPARE	ACMDM_STREAM_PREPARE (Windows CE 3.0 Device Driver Developement)
wceddkACMDM_STREAM_RESET	ACMDM_STREAM_RESET (Windows CE 3.0 Device Driver Developement)
wceddkACMDM_STREAM_SIZE	ACMDM_STREAM_SIZE (Windows CE 3.0 Device Driver Developement)
wceddkACMDM_STREAM_UNPREPARE	ACMDM_STREAM_UNPREPARE (Windows CE 3.0 Device Driver Developement)
wceddkACMDRVFORMATSUGGEST	ACMDRVFORMATSUGGEST (Windows CE 3.0 Device Driver Developement)
wceddkACMDRVOPENDESC	ACMDRVOPENDESC (Windows CE 3.0 Device Driver Developement)
wceddkACMDRVSTREAMHEADER	ACMDRVSTREAMHEADER (Windows CE 3.0 Device Driver Developement)
wceddkACMDRVSTREAMINSTANCE	ACMDRVSTREAMINSTANCE (Windows CE 3.0 Device Driver Developement)
wceddkACMDRVSTREAMSIZE	ACMDRVSTREAMSIZE (Windows CE 3.0 Device Driver Developement)
wceddkACMDRV_MESSAGE_PARAMS	ACMDRV_MESSAGE_PARAMS (Windows CE 3.0 Device Driver Developement)
wceddkACM_Close	ACM_Close (Windows CE 3.0 Device Driver Developement)
wceddkACM_Deinit	ACM_Deinit (Windows CE 3.0 Device Driver Developement)
wceddkACM_Driver_Messages	ACM Driver Messages (Windows CE 3.0 Device Driver Developement)
wceddkACM_Driver_Stream_I_O_Functions	ACM Driver Stream I/O Functions (Windows CE 3.0 Device Driver Developement)
wceddkACM_Format_Tags_and_Filter_Tags	ACM Format Tags and Filter Tags (Windows CE 3.0 Device Driver Developement)
wceddkACM_IOControl	ACM_IOControl (Windows CE 3.0 Device Driver Developement)
wceddkACM_Init	ACM_Init (Windows CE 3.0 Device Driver Developement)
wceddkACM_Open	ACM_Open (Windows CE 3.0 Device Driver Developement)
wceddkACM_PowerDown	ACM_PowerDown (Windows CE 3.0 Device Driver Developement)
wceddkACM_PowerUp	ACM_PowerUp (Windows CE 3.0 Device Driver Developement)
wceddkACM_Read	ACM_Read (Windows CE 3.0 Device Driver Developement)
wceddkACM_Seek	ACM_Seek (Windows CE 3.0 Device Driver Developement)
wceddkACM_Write	ACM_Write (Windows CE 3.0 Device Driver Developement)
wceddkARGUMENT_PRESENT	ARGUMENT_PRESENT (Windows CE 3.0 Device Driver Developement)
wceddkASSERT	ASSERT (Windows CE 3.0 Device Driver Developement)
wceddkASSERTMSG	ASSERTMSG (Windows CE 3.0 Device Driver Developement)
wceddkAbortPipeTransfers	AbortPipeTransfers (Windows CE 3.0 Device Driver Developement)
wceddkAbortTransfer	AbortTransfer (Windows CE 3.0 Device Driver Developement)
wceddkAccelerated_Line_Segment_Function	Accelerated Line Segment Function (Windows CE 3.0 Device Driver Developement)
wceddkAccelerating_Bit_Block_Transfers	Accelerating Bit Block Transfers (Windows CE 3.0 Device Driver Developement)
wceddkAccelerating_Bit_Block_Transfers_and_Line_Drawing	Accelerating Bit Block Transfers and Line Drawing (Windows CE 3.0 Device Driver Developement)
wceddkAccelerating_Line_Drawing	Accelerating Line Drawing (Windows CE 3.0 Device Driver Developement)
wceddkAccessing_a_Block_Device	Accessing a Block Device (Windows CE 3.0 Device Driver Developement)
wceddkActivateDevice	ActivateDevice (Windows CE 3.0 Device Driver Developement)
wceddkAdding_Drivers_for_Additional_Built2dIn_Devices	Adding Drivers for Additional Built-In Devices (Windows CE 3.0 Device Driver Developement)
wceddkAddress_ddhal	Address (Windows CE 3.0 Device Driver Developement)
wceddkAdvanced_Display_Driver_Power_Management	Advanced Display Driver Power Management (Windows CE 3.0 Device Driver Developement)
wceddkAlignedWidth_ddhal	AlignedWidth (Windows CE 3.0 Device Driver Developement)
wceddkAllocVideoSurface_ddhal	AllocVideoSurface (Windows CE 3.0 Device Driver Developement)
wceddkAlloc_ddhal	Alloc (Windows CE 3.0 Device Driver Developement)
wceddkArchitectural_Overview_ddhal	Architectural Overview (Windows CE 3.0 Device Driver Developement)
wceddkAudio_Compression_Manager_Drivers	Audio Compression Manager Drivers (Windows CE 3.0 Device Driver Developement)
wceddkAudio_Drivers	Audio Drivers (Windows CE 3.0 Device Driver Developement)
wceddkAutomatic_Detection_of_Docking_for_Serial_Ports	Automatic Detection of Docking for Serial Ports (Windows CE 3.0 Device Driver Developement)
wceddkAvailable_ddhal	Available (Windows CE 3.0 Device Driver Developement)
wceddkBATTERY_STATUS	BATTERY_STATUS (Windows CE 3.0 Device Driver Developement)
wceddkBatteryDrvrGetLevels	BatteryDrvrGetLevels (Windows CE 3.0 Device Driver Developement)
wceddkBatteryDrvrGetStatus	BatteryDrvrGetStatus (Windows CE 3.0 Device Driver Developement)
wceddkBatteryDrvrSupportsChangeNotification	BatteryDrvrSupportsChangeNotification (Windows CE 3.0 Device Driver Developement)
wceddkBlock_Device_Driver_Functions	Block Device Driver Functions (Windows CE 3.0 Device Driver Developement)
wceddkBlock_Device_Drivers	Block Device Drivers (Windows CE 3.0 Device Driver Developement)
wceddkBlock_Device_Drivers_for_Flash_Memory_Devices	Block Device Drivers for Flash Memory Devices (Windows CE 3.0 Device Driver Developement)
wceddkBlock_Device_Systems	Block Device File Systems (Windows CE 3.0 Device Driver Developement)
wceddkBltExpanded_ddhal	BltExpanded (Windows CE 3.0 Device Driver Developement)
wceddkBltPrepare_ddhal	BltPrepare (Windows CE 3.0 Device Driver Developement)
wceddkBpp_ddhal	Bpp (Windows CE 3.0 Device Driver Developement)
wceddkBrazilian_Keyboard	Brazilian Keyboard (Windows CE 3.0 Device Driver Developement)
wceddkBuilt_in_Network_Adapters	Built-in Network Adapters (Windows CE 3.0 Device Driver Developement)
wceddkBus_powered_and_Self_powered_USB_Devices	Bus-powered and Self-powered USB Devices (Windows CE 3.0 Device Driver Developement)
wceddkCARD_CLIENT_HANDLE	CARD_CLIENT_HANDLE (Windows CE 3.0 Device Driver Developement)
wceddkCARD_CONFIG_INFO	CARD_CONFIG_INFO (Windows CE 3.0 Device Driver Developement)
wceddkCARD_DATA_PARMS	CARD_DATA_PARMS (Windows CE 3.0 Device Driver Developement)
wceddkCARD_EVENT	CARD_EVENT (Windows CE 3.0 Device Driver Developement)
wceddkCARD_EVENT_MASK_PARMS	CARD_EVENT_MASK_PARMS (Windows CE 3.0 Device Driver Developement)
wceddkCARD_EVENT_PARMS	CARD_EVENT_PARMS (Windows CE 3.0 Device Driver Developement)
wceddkCARD_ISR	CARD_ISR (Windows CE 3.0 Device Driver Developement)
wceddkCARD_REGISTER_PARMS	CARD_REGISTER_PARMS (Windows CE 3.0 Device Driver Developement)
wceddkCARD_SOCKET_HANDLE	CARD_SOCKET_HANDLE (Windows CE 3.0 Device Driver Developement)
wceddkCARD_STATUS	CARD_STATUS (Windows CE 3.0 Device Driver Developement)
wceddkCARD_TUPLE_PARMS	CARD_TUPLE_PARMS (Windows CE 3.0 Device Driver Developement)
wceddkCARD_WINDOW_HANDLE	CARD_WINDOW_HANDLE (Windows CE 3.0 Device Driver Developement)
wceddkCARD_WINDOW_PARMS	CARD_WINDOW_PARMS (Windows CE 3.0 Device Driver Developement)
wceddkCLIENT_CALLBACK	CLIENT_CALLBACK (Windows CE 3.0 Device Driver Developement)
wceddkCOM_Close	COM_Close (Windows CE 3.0 Device Driver Developement)
wceddkCOM_Deinit	COM_Deinit (Windows CE 3.0 Device Driver Developement)
wceddkCOM_IOControl	COM_IOControl (Windows CE 3.0 Device Driver Developement)
wceddkCOM_Init	COM_Init (Windows CE 3.0 Device Driver Developement)
wceddkCOM_Open	COM_Open (Windows CE 3.0 Device Driver Developement)
wceddkCOM_PowerDown	COM_PowerDown (Windows CE 3.0 Device Driver Developement)
wceddkCOM_PowerUp	COM_PowerUp (Windows CE 3.0 Device Driver Developement)
wceddkCOM_Read	COM_Read (Windows CE 3.0 Device Driver Developement)
wceddkCOM_Write	COM_Write (Windows CE 3.0 Device Driver Developement)
wceddkCONTAINING_RECORD	CONTAINING_RECORD (Windows CE 3.0 Device Driver Developement)
wceddkCardAccessConfigurationRegister	CardAccessConfigurationRegister (Windows CE 3.0 Device Driver Developement)
wceddkCardDeregisterClient	CardDeregisterClient (Windows CE 3.0 Device Driver Developement)
wceddkCardGetEventMask	CardGetEventMask (Windows CE 3.0 Device Driver Developement)
wceddkCardGetFirstTuple	CardGetFirstTuple (Windows CE 3.0 Device Driver Developement)
wceddkCardGetNextTuple	CardGetNextTuple (Windows CE 3.0 Device Driver Developement)
wceddkCardGetParsedTuple	CardGetParsedTuple (Windows CE 3.0 Device Driver Developement)
wceddkCardGetStatus	CardGetStatus (Windows CE 3.0 Device Driver Developement)
wceddkCardGetTupleData	CardGetTupleData (Windows CE 3.0 Device Driver Developement)
wceddkCardMapWindow	CardMapWindow (Windows CE 3.0 Device Driver Developement)
wceddkCardModifyWindow	CardModifyWindow (Windows CE 3.0 Device Driver Developement)
wceddkCardRegisterClient	CardRegisterClient (Windows CE 3.0 Device Driver Developement)
wceddkCardReleaseConfiguration	CardReleaseConfiguration (Windows CE 3.0 Device Driver Developement)
wceddkCardReleaseExclusive	CardReleaseExclusive (Windows CE 3.0 Device Driver Developement)
wceddkCardReleaseIRQ	CardReleaseIRQ (Windows CE 3.0 Device Driver Developement)
wceddkCardReleaseSocketMask	CardReleaseSocketMask (Windows CE 3.0 Device Driver Developement)
wceddkCardReleaseWindow	CardReleaseWindow (Windows CE 3.0 Device Driver Developement)
wceddkCardRequestConfiguration	CardRequestConfiguration (Windows CE 3.0 Device Driver Developement)
wceddkCardRequestExclusive	CardRequestExclusive (Windows CE 3.0 Device Driver Developement)
wceddkCardRequestIRQ	CardRequestIRQ (Windows CE 3.0 Device Driver Developement)
wceddkCardRequestSocketMask	CardRequestSocketMask (Windows CE 3.0 Device Driver Developement)
wceddkCardRequestWindow	CardRequestWindow (Windows CE 3.0 Device Driver Developement)
wceddkCardResetFunction	CardResetFunction (Windows CE 3.0 Device Driver Developement)
wceddkCardSetEventMask	CardSetEventMask (Windows CE 3.0 Device Driver Developement)
wceddkClearFeature	ClearFeature (Windows CE 3.0 Device Driver Developement)
wceddkClosePipe	ClosePipe (Windows CE 3.0 Device Driver Developement)
wceddkCloseTransfer	CloseTransfer (Windows CE 3.0 Device Driver Developement)
wceddkColorConverter	ColorConverter (Windows CE 3.0 Device Driver Developement)
wceddkColorKeyHigh_ddhal	ColorKeyHigh (Windows CE 3.0 Device Driver Developement)
wceddkColorKeyLow_ddhal	ColorKeyLow (Windows CE 3.0 Device Driver Developement)
wceddkColorKeyMask_ddhal	ColorKeyMask (Windows CE 3.0 Device Driver Developement)
wceddkColorKey_ddhal	ColorKey (Windows CE 3.0 Device Driver Developement)
wceddkCompareString	CompareString (Windows CE 3.0 Device Driver Developement)
wceddkConstants	Device Driver Constants (Windows CE 3.0 Device Driver Developement)
wceddkContrastCmdInputParm	ContrastCmdInputParm (Windows CE 3.0 Device Driver Developement)
wceddkContrast_Control	Contrast Control (Windows CE 3.0 Device Driver Developement)
wceddkCreating_a_DirectDraw_Display_Driver_ddhal	Creating a DirectDraw Display Driver (Windows CE 3.0 Device Driver Developement)
wceddkCursor_Display	Cursor Display (Windows CE 3.0 Device Driver Developement)
wceddkCustomizing_Your_DDHAL_ddhal	Customizing Your DDHAL (Windows CE 3.0 Device Driver Developement)
wceddkDDGPEAllocSurfaceData_ddhal	DDGPEAllocSurfaceData (Windows CE 3.0 Device Driver Developement)
wceddkDDGPEBltParams_ddhal	DDGPEBltParams (Windows CE 3.0 Device Driver Developement)
wceddkDDGPEDriverData_ddhal	DDGPEDriverData (Windows CE 3.0 Device Driver Developement)
wceddkDDGPEStandardHeader_ddhal	DDGPEStandardHeader (Windows CE 3.0 Device Driver Developement)
wceddkDDGPESurf_Class_ddhal	DDGPESurf Class (Windows CE 3.0 Device Driver Developement)
wceddkDDGPESurf_Constructors_ddhal	DDGPESurf Constructors (Windows CE 3.0 Device Driver Developement)
wceddkDDGPESurf__GetDriverData_ddhal	GetDriverData (Windows CE 3.0 Device Driver Developement)
wceddkDDGPESurf__GetDriverGUID_ddhal	GetDriverGUID (Windows CE 3.0 Device Driver Developement)
wceddkDDGPESurf__SetDriverData_ddhal	SetDriverData (Windows CE 3.0 Device Driver Developement)
wceddkDDGPESurf__SetDriverGUID_ddhal	SetDriverGUID (Windows CE 3.0 Device Driver Developement)
wceddkDDGPE_Base_Classes_ddhal	DDGPE Base Classes (Windows CE 3.0 Device Driver Developement)
wceddkDDGPE_Class_ddhal	DDGPE Class (Windows CE 3.0 Device Driver Developement)
wceddkDDGPE_Data_Structures_Types_and_Constants_ddhal	DDGPE Data Structures, Types, and Constants (Windows CE 3.0 Device Driver Developement)
wceddkDDGPE_ddhal	DDGPE (Windows CE 3.0 Device Driver Developement)
wceddkDDHAL_Callbacks_ddhal	DDHAL Callbacks (Windows CE 3.0 Device Driver Developement)
wceddkDDHAL_DDMISCELLANEOUS2CALLBACKS	DDHAL_DDMISCELLANEOUS2CALLBACKS (Windows CE 3.0 Device Driver Developement)
wceddkDDHAL_for_Windows_CE_Design_Rationale_ddhal	DDHAL for Windows CE Design Rationale (Windows CE 3.0 Device Driver Developement)
wceddkDDI_Functions	DDI Functions (Windows CE 3.0 Device Driver Developement)
wceddkDEVICE_LIST	DEVICE_LIST (Windows CE 3.0 Device Driver Developement)
wceddkDISK_IOCTL_FORMAT_MEDIA	DISK_IOCTL_FORMAT_MEDIA (Windows CE 3.0 Device Driver Developement)
wceddkDISK_IOCTL_GETINFO	DISK_IOCTL_GETINFO (Windows CE 3.0 Device Driver Developement)
wceddkDISK_IOCTL_GETNAME	DISK_IOCTL_GETNAME (Windows CE 3.0 Device Driver Developement)
wceddkDISK_IOCTL_READ	DISK_IOCTL_READ (Windows CE 3.0 Device Driver Developement)
wceddkDISK_IOCTL_SETINFO	DISK_IOCTL_SETINFO (Windows CE 3.0 Device Driver Developement)
wceddkDISK_IOCTL_WRITE	DISK_IOCTL_WRITE (Windows CE 3.0 Device Driver Developement)
wceddkDMA_for_Busmaster_DMA_Network_Adapters	DMA for Busmaster-DMA Network Adapters (Windows CE 3.0 Device Driver Developement)
wceddkDMA_for_Subordinate_DMA_Network_Adapters	DMA for Subordinate DMA Network Adapters (Windows CE 3.0 Device Driver Developement)
wceddkDSK_Close	DSK_Close (Windows CE 3.0 Device Driver Developement)
wceddkDSK_Deinit	DSK_Deinit (Windows CE 3.0 Device Driver Developement)
wceddkDSK_IOControl	DSK_IOControl (Windows CE 3.0 Device Driver Developement)
wceddkDSK_Init	DSK_Init (Windows CE 3.0 Device Driver Developement)
wceddkDSK_Open	DSK_Open (Windows CE 3.0 Device Driver Developement)
wceddkDSK_PowerDown	DSK_PowerDown (Windows CE 3.0 Device Driver Developement)
wceddkDSK_PowerUp	DSK_PowerUp (Windows CE 3.0 Device Driver Developement)
wceddkDdsiTouchPanelDisable	DdsiTouchPanelDisable (Windows CE 3.0 Device Driver Developement)
wceddkDdsiTouchPanelEnable	DdsiTouchPanelEnable (Windows CE 3.0 Device Driver Developement)
wceddkDdsiTouchPanelGetDeviceCaps	DdsiTouchPanelGetDeviceCaps (Windows CE 3.0 Device Driver Developement)
wceddkDdsiTouchPanelGetPoint	DdsiTouchPanelGetPoint (Windows CE 3.0 Device Driver Developement)
wceddkDdsiTouchPanelPowerHandler	DdsiTouchPanelPowerHandler (Windows CE 3.0 Device Driver Developement)
wceddkDdsiTouchPanelSetMode	DdsiTouchPanelSetMode (Windows CE 3.0 Device Driver Developement)
wceddkDeleteSurface_ddhal	DeleteSurface (Windows CE 3.0 Device Driver Developement)
wceddkDeregisterDevice	DeregisterDevice (Windows CE 3.0 Device Driver Developement)
wceddkDeregistering_an_Interrupt_Handler	Deregistering an Interrupt Handler (Windows CE 3.0 Device Driver Developement)
wceddkDeriving_from_DDGPESurf_ddhal	Deriving from DDGPESurf (Windows CE 3.0 Device Driver Developement)
wceddkDeriving_from_DDGPE_ddhal	Deriving from DDGPE (Windows CE 3.0 Device Driver Developement)
wceddkDetectMode_ddhal	DetectMode (Windows CE 3.0 Device Driver Developement)
wceddkDetectPixelFormat_ddhal	DetectPixelFormat (Windows CE 3.0 Device Driver Developement)
wceddkDetecting_a_Block_Device	Detecting a Block Device (Windows CE 3.0 Device Driver Developement)
wceddkDeveloping_Native_Device_Drivers	Developing Native Device Drivers (Windows CE 3.0 Device Driver Developement)
wceddkDeveloping_Stream_Interface_Device_Drivers	Developing Stream Interface Device Drivers (Windows CE 3.0 Device Driver Developement)
wceddkDevice_Driver_List	Device Driver List (Windows CE 3.0 Device Driver Developement)
wceddkDevice_File_Name_Format	Device File Name Format (Windows CE 3.0 Device Driver Developement)
wceddkDevice_File_Name_Indexes	Device File Name Indexes (Windows CE 3.0 Device Driver Developement)
wceddkDevice_File_Name_Prefixes	Device File Name Prefixes (Windows CE 3.0 Device Driver Developement)
wceddkDevice_File_Names	Device File Names (Windows CE 3.0 Device Driver Developement)
wceddkDevice_Manager	Device Manager (Windows CE 3.0 Device Driver Developement)
wceddkDifferences_from_Desktop_Implementations_ddhal	Differences from Desktop Implementations (Windows CE 3.0 Device Driver Developement)
wceddkDirectDraw_Display_Drivers_ddhal	DirectDraw Display Drivers (Windows CE 3.0 Device Driver Developement)
wceddkDirectDraw_HAL_Implementation2_ddhal	DirectDraw HAL Implementation (Windows CE 3.0 Device Driver Developement)
wceddkDirectDraw_HAL_Implementation_ddhal	DirectDraw HAL Implementation (Windows CE 3.0 Device Driver Developement)
wceddkDirectSound_and_Waveform_Device_Drivers	DirectSound and Waveform Device Drivers (Windows CE 3.0 Device Driver Developement)
wceddkDisplay_Buffer_Formats	Display Buffer Formats (Windows CE 3.0 Device Driver Developement)
wceddkDisplay_Driver_Escape_Codes	Display Driver Escape Codes (Windows CE 3.0 Device Driver Developement)
wceddkDisplay_Driver_Interface	Display Driver Interface (Windows CE 3.0 Device Driver Developement)
wceddkDisplay_Drivers	Display Drivers (Windows CE 3.0 Device Driver Developement)
wceddkDisplay_Hardware_Recommendations	Display Hardware Recommendations (Windows CE 3.0 Device Driver Developement)
wceddkDrivers_Active	Drivers\Active (Windows CE 3.0 Device Driver Developement)
wceddkDrivers_Builtin	Drivers\Builtin (Windows CE 3.0 Device Driver Developement)
wceddkDrivers_Display	Drivers\Display (Windows CE 3.0 Device Driver Developement)
wceddkDrivers_Display_Active	Drivers\Display\Active (Windows CE 3.0 Device Driver Developement)
wceddkDrivers_PCMCIA_Detect	Drivers\PCMCIA\Detect (Windows CE 3.0 Device Driver Developement)
wceddkDrivers_PCMCIA_Driver	Drivers\PCMCIA\Driver (Windows CE 3.0 Device Driver Developement)
wceddkDrivers_PCMCIA_Plug_and_Play_ID	Drivers\PCMCIA\Plug-and-Play ID (Windows CE 3.0 Device Driver Developement)
wceddkDrivers_for_PC_Card_Devices	Drivers for PC Card Devices (Windows CE 3.0 Device Driver Developement)
wceddkDrivers_for_Serial_Devices	Drivers for Serial Devices (Windows CE 3.0 Device Driver Developement)
wceddkDrvCopyBits	DrvCopyBits (Windows CE 3.0 Device Driver Developement)
wceddkDrvDisablePDEV	DrvDisablePDEV (Windows CE 3.0 Device Driver Developement)
wceddkDrvDisableSurface	DrvDisableSurface (Windows CE 3.0 Device Driver Developement)
wceddkDrvEnableDriver	DrvEnableDriver (Windows CE 3.0 Device Driver Developement)
wceddkDrvEnablePDEV	DrvEnablePDEV (Windows CE 3.0 Device Driver Developement)
wceddkDrvEnableSurface	DrvEnableSurface (Windows CE 3.0 Device Driver Developement)
wceddkDrvEndDoc	DrvEndDoc (Windows CE 3.0 Device Driver Developement)
wceddkDrvGetModes	DrvGetModes (Windows CE 3.0 Device Driver Developement)
wceddkDrvStartDoc	DrvStartDoc (Windows CE 3.0 Device Driver Developement)
wceddkDrvStartPage	DrvStartPage (Windows CE 3.0 Device Driver Developement)
wceddkDutch_Keyboard	Dutch Keyboard (Windows CE 3.0 Device Driver Developement)
wceddkDynamic_NDIS_Adapter_Binding	Dynamic NDIS Adapter Binding (Windows CE 3.0 Device Driver Developement)
wceddkEDDGPEPixelFormatToEGPEFormat_ddhal	EDDGPEPixelFormatToEGPEFormat (Windows CE 3.0 Device Driver Developement)
wceddkEDDGPEPixelFormat_ddhal	EDDGPEPixelFormat (Windows CE 3.0 Device Driver Developement)
wceddkEGPEFormatToEDDGPEPixelFormat_ddhal	EGPEFormatToEDDGPEPixelFormat (Windows CE 3.0 Device Driver Developement)
wceddkETH_COPY_NETWORK_ADDRESS	ETH_COPY_NETWORK_ADDRESS (Windows CE 3.0 Device Driver Developement)
wceddkEmulation_Library_for_Software_Accelerated_Blits	Emulation Library for Software-Accelerated Blits (Windows CE 3.0 Device Driver Developement)
wceddkEnumDevices	EnumDevices (Windows CE 3.0 Device Driver Developement)
wceddkEnumPnpIds	EnumPnpIds (Windows CE 3.0 Device Driver Developement)
wceddkErrorAnalysis	ErrorAnalysis (Windows CE 3.0 Device Driver Developement)
wceddkEthChangeFilterAddresses	EthChangeFilterAddresses (Windows CE 3.0 Device Driver Developement)
wceddkEthCreateFilter	EthCreateFilter (Windows CE 3.0 Device Driver Developement)
wceddkEthDeleteFilter	EthDeleteFilter (Windows CE 3.0 Device Driver Developement)
wceddkEthDeleteFilterOpenAdapter	EthDeleteFilterOpenAdapter (Windows CE 3.0 Device Driver Developement)
wceddkEthFilterAdjust	EthFilterAdjust (Windows CE 3.0 Device Driver Developement)
wceddkEthFilterIndicateReceive	EthFilterIndicateReceive (Windows CE 3.0 Device Driver Developement)
wceddkEthFilterIndicateReceiveComplete	EthFilterIndicateReceiveComplete (Windows CE 3.0 Device Driver Developement)
wceddkEthNoteFilterOpenAdapter	EthNoteFilterOpenAdapter (Windows CE 3.0 Device Driver Developement)
wceddkEthNumberOfOpenFilterAddresses	EthNumberOfOpenFilterAddresses (Windows CE 3.0 Device Driver Developement)
wceddkEthQueryGlobalFilterAddresses	EthQueryGlobalFilterAddresses (Windows CE 3.0 Device Driver Developement)
wceddkEthQueryOpenFilterAddresses	EthQueryOpenFilterAddresses (Windows CE 3.0 Device Driver Developement)
wceddkEthShouldAddressLoopBack	EthShouldAddressLoopBack (Windows CE 3.0 Device Driver Developement)
wceddkExtEscape	ExtEscape (Windows CE 3.0 Device Driver Developement)
wceddkFindInterface	FindInterface (Windows CE 3.0 Device Driver Developement)
wceddkFree_ddhal	Free (Windows CE 3.0 Device Driver Developement)
wceddkFrench_Keyboard	French Keyboard (Windows CE 3.0 Device Driver Developement)
wceddkFunctions	Device Driver Functions (Windows CE 3.0 Device Driver Developement)
wceddkFunctions_Implemented_by_Printer_Drivers	Functions Implemented by Printer Drivers (Windows CE 3.0 Device Driver Developement)
wceddkFunctions_in_the_Blit_Emulation_Library	Functions in the Blit Emulation Library (Windows CE 3.0 Device Driver Developement)
wceddkFurther_Information_on_Using_Block_Devices_with_Windows_CE	Further Information on Using Block Devices with Windows CE (Windows CE 3.0 Device Driver Developement)
wceddkGDI_Support_Services_for_Display_Drivers	GDI Support Services for Display Drivers (Windows CE 3.0 Device Driver Developement)
wceddkGPE	GPE (Windows CE 3.0 Device Driver Developement)
wceddkGPEBltParms	GPEBltParms (Windows CE 3.0 Device Driver Developement)
wceddkGPELineParms	GPELineParms (Windows CE 3.0 Device Driver Developement)
wceddkGPEModeEx_ddhal	GPEModeEx (Windows CE 3.0 Device Driver Developement)
wceddkGPESurf	GPESurf (Windows CE 3.0 Device Driver Developement)
wceddkGPEVGA	GPEVGA (Windows CE 3.0 Device Driver Developement)
wceddkGPE_AllocSurface	GPE::AllocSurface (Windows CE 3.0 Device Driver Developement)
wceddkGPE_Base_Classes	GPE Base Classes (Windows CE 3.0 Device Driver Developement)
wceddkGPE_BltComplete	GPE::BltComplete (Windows CE 3.0 Device Driver Developement)
wceddkGPE_BltPrepare	GPE::BltPrepare (Windows CE 3.0 Device Driver Developement)
wceddkGPE_GetModeInfo	GPE::GetModeInfo (Windows CE 3.0 Device Driver Developement)
wceddkGPE_Line	GPE::Line (Windows CE 3.0 Device Driver Developement)
wceddkGPE_MovePointer	GPE::MovePointer (Windows CE 3.0 Device Driver Developement)
wceddkGPE_NumModes	GPE::NumModes (Windows CE 3.0 Device Driver Developement)
wceddkGPE_SetMode	GPE::SetMode (Windows CE 3.0 Device Driver Developement)
wceddkGPE_SetPointerShape	GPE::SetPointerShape (Windows CE 3.0 Device Driver Developement)
wceddkGerman_Keyboard	German Keyboard (Windows CE 3.0 Device Driver Developement)
wceddkGetDDGPESurf_ddhal	GetDDGPESurf (Windows CE 3.0 Device Driver Developement)
wceddkGetDescriptor	GetDescriptor (Windows CE 3.0 Device Driver Developement)
wceddkGetDeviceInfo	GetDeviceInfo (Windows CE 3.0 Device Driver Developement)
wceddkGetDirectDrawSurface_ddhal	GetDirectDrawSurface (Windows CE 3.0 Device Driver Developement)
wceddkGetDriverData_ddhal	GetDriverData (Windows CE 3.0 Device Driver Developement)
wceddkGetDriverGUID_ddhal	GetDriverGUID (Windows CE 3.0 Device Driver Developement)
wceddkGetFrameLength	GetFrameLength (Windows CE 3.0 Device Driver Developement)
wceddkGetFrameNumber	GetFrameNumber (Windows CE 3.0 Device Driver Developement)
wceddkGetInterface	GetInterface (Windows CE 3.0 Device Driver Developement)
wceddkGetIsochResults	GetIsochResults (Windows CE 3.0 Device Driver Developement)
wceddkGetModeInfoEx_ddhal	GetModeInfoEx (Windows CE 3.0 Device Driver Developement)
wceddkGetPhysicalModeId_ddhal	GetPhysicalModeId (Windows CE 3.0 Device Driver Developement)
wceddkGetPrinterInfo	GetPrinterInfo (Windows CE 3.0 Device Driver Developement)
wceddkGetSerialObject	GetSerialObject (Windows CE 3.0 Device Driver Developement)
wceddkGetStatus	GetStatus (Windows CE 3.0 Device Driver Developement)
wceddkGetTransferError	GetTransferError (Windows CE 3.0 Device Driver Developement)
wceddkGetTransferStatus	GetTransferStatus (Windows CE 3.0 Device Driver Developement)
wceddkGetUSBDVersion	GetUSBDVersion (Windows CE 3.0 Device Driver Developement)
wceddkGlobal_Printer_Settings	Global Printer Settings (Windows CE 3.0 Device Driver Developement)
wceddkHALInit_ddhal	HALInit (Windows CE 3.0 Device Driver Developement)
wceddkHWClearBreak	HWClearBreak (Windows CE 3.0 Device Driver Developement)
wceddkHWClearDTR	HWClearDTR (Windows CE 3.0 Device Driver Developement)
wceddkHWClearRTS	HWClearRTS (Windows CE 3.0 Device Driver Developement)
wceddkHWClose	HWClose (Windows CE 3.0 Device Driver Developement)
wceddkHWDeinit	HWDeinit (Windows CE 3.0 Device Driver Developement)
wceddkHWDisableIR	HWDisableIR (Windows CE 3.0 Device Driver Developement)
wceddkHWEnableIR	HWEnableIR (Windows CE 3.0 Device Driver Developement)
wceddkHWGetBytes	HWGetBytes (Windows CE 3.0 Device Driver Developement)
wceddkHWGetCommProperties	HWGetCommProperties (Windows CE 3.0 Device Driver Developement)
wceddkHWGetIntrType	HWGetIntrType (Windows CE 3.0 Device Driver Developement)
wceddkHWGetModemStatus	HWGetModemStatus (Windows CE 3.0 Device Driver Developement)
wceddkHWGetRxBufferSize	HWGetRxBufferSize (Windows CE 3.0 Device Driver Developement)
wceddkHWGetRxStart	HWGetRxStart (Windows CE 3.0 Device Driver Developement)
wceddkHWGetStatus	HWGetStatus (Windows CE 3.0 Device Driver Developement)
wceddkHWInit	HWInit (Windows CE 3.0 Device Driver Developement)
wceddkHWIoctl	HWIoctl (Windows CE 3.0 Device Driver Developement)
wceddkHWLineIntrHandler	HWLineIntrHandler (Windows CE 3.0 Device Driver Developement)
wceddkHWModemIntrHandler	HWModemIntrHandler (Windows CE 3.0 Device Driver Developement)
wceddkHWOBJ	HWOBJ (Windows CE 3.0 Device Driver Developement)
wceddkHWOpen	HWOpen (Windows CE 3.0 Device Driver Developement)
wceddkHWOtherintrHandler	HWOtherIntrHandler (Windows CE 3.0 Device Driver Developement)
wceddkHWPostInit	HWPostInit (Windows CE 3.0 Device Driver Developement)
wceddkHWPowerOff	HWPowerOff (Windows CE 3.0 Device Driver Developement)
wceddkHWPowerOn	HWPowerOn (Windows CE 3.0 Device Driver Developement)
wceddkHWPurgeComm	HWPurgeComm (Windows CE 3.0 Device Driver Developement)
wceddkHWPutBytes	HWPutBytes (Windows CE 3.0 Device Driver Developement)
wceddkHWReset	HWReset (Windows CE 3.0 Device Driver Developement)
wceddkHWRxIntrHandler	HWRxIntrHandler (Windows CE 3.0 Device Driver Developement)
wceddkHWSetBreak	HWSetBreak (Windows CE 3.0 Device Driver Developement)
wceddkHWSetCommTimeouts	HWSetCommTimeouts (Windows CE 3.0 Device Driver Developement)
wceddkHWSetDCB	HWSetDCB (Windows CE 3.0 Device Driver Developement)
wceddkHWSetDTR	HWSetDTR (Windows CE 3.0 Device Driver Developement)
wceddkHWSetRTS	HWSetRTS (Windows CE 3.0 Device Driver Developement)
wceddkHWTxIntrHandler	HWTxIntrHandler (Windows CE 3.0 Device Driver Developement)
wceddkHWXmitComChar	HWXmitComChar (Windows CE 3.0 Device Driver Developement)
wceddkHW_VTBL	HW_VTBL (Windows CE 3.0 Device Driver Developement)
wceddkHasAlpha_ddhal	HasAlpha (Windows CE 3.0 Device Driver Developement)
wceddkIDsCaptureDriver__close	IDsCaptureDriver::Close (Windows CE 3.0 Device Driver Developement)
wceddkIDsCaptureDriver__createcapturebuffer	IDsCaptureDriver::CreateCaptureBuffer (Windows CE 3.0 Device Driver Developement)
wceddkIDsCaptureDriver__getcaps	IDsCaptureDriver::GetCaps (Windows CE 3.0 Device Driver Developement)
wceddkIDsCaptureDriver__getdriverdesc	IDsCaptureDriver::GetDriverDesc (Windows CE 3.0 Device Driver Developement)
wceddkIDsCaptureDriver__open	IDsCaptureDriver::Open (Windows CE 3.0 Device Driver Developement)
wceddkIDsCaptureDriver_interface	IDsCaptureDriver Interface (Windows CE 3.0 Device Driver Developement)
wceddkIDsCaptureDriverbuffer__getposition	IDsCaptureDriverBuffer::GetPosition (Windows CE 3.0 Device Driver Developement)
wceddkIDsCaptureDriverbuffer__getstatus	IDsCaptureDriverBuffer::GetStatus (Windows CE 3.0 Device Driver Developement)
wceddkIDsCaptureDriverbuffer__lock	IDsCaptureDriverBuffer::Lock (Windows CE 3.0 Device Driver Developement)
wceddkIDsCaptureDriverbuffer__start	IDsCaptureDriverBuffer::Start (Windows CE 3.0 Device Driver Developement)
wceddkIDsCaptureDriverbuffer__stop	IDsCaptureDriverBuffer::Stop (Windows CE 3.0 Device Driver Developement)
wceddkIDsCaptureDriverbuffer__unlock	IDsCaptureDriverBuffer::Unlock (Windows CE 3.0 Device Driver Developement)
wceddkIDsCaptureDriverbuffer_interface	IDsCaptureDriverBuffer Interface (Windows CE 3.0 Device Driver Developement)
wceddkIOCTL_CDROM_READ_SG	IOCTL_CDROM_READ_SG (Windows CE 3.0 Device Driver Developement)
wceddkIOCTL_DISK_FORMAT_MEDIA	IOCTL_DISK_FORMAT_MEDIA (Windows CE 3.0 Device Driver Developement)
wceddkIOCTL_DISK_GETINFO	IOCTL_DISK_GETINFO (Windows CE 3.0 Device Driver Developement)
wceddkIOCTL_DISK_GETNAME	IOCTL_DISK_GETNAME (Windows CE 3.0 Device Driver Developement)
wceddkIOCTL_DISK_GET_STORAGEID	IOCTL_DISK_GET_STORAGEID (Windows CE 3.0 Device Driver Developement)
wceddkIOCTL_DISK_READ	IOCTL_DISK_READ (Windows CE 3.0 Device Driver Developement)
wceddkIOCTL_DISK_SETINFO	IOCTL_DISK_SETINFO (Windows CE 3.0 Device Driver Developement)
wceddkIOCTL_DISK_WRITE	IOCTL_DISK_WRITE (Windows CE 3.0 Device Driver Developement)
wceddkIOCTL_HID_ACQUIRE	IOCTL_HID_ACQUIRE (Windows CE 3.0 Device Driver Developement)
wceddkIOCTL_HID_ATTACH	IOCTL_HID_ATTACH (Windows CE 3.0 Device Driver Developement)
wceddkIOCTL_HID_ENUM_DEVICES	IOCTL_HID_ENUM_DEVICES (Windows CE 3.0 Device Driver Developement)
wceddkIOCTL_HID_ENUM_OBJECTS	IOCTL_HID_ENUM_OBJECTS (Windows CE 3.0 Device Driver Developement)
wceddkIOCTL_HID_GET_INST_DATA	IOCTL_HID_GET_INST_DATA (Windows CE 3.0 Device Driver Developement)
wceddkIOCTL_HID_POLL	IOCTL_HID_POLL (Windows CE 3.0 Device Driver Developement)
wceddkIOCTL_HID_SET_FORMAT	IOCTL_HID_SET_FORMAT (Windows CE 3.0 Device Driver Developement)
wceddkIOCTL_HID_TRANSFER_EVENT	IOCTL_HID_TRANSFER_EVENT (Windows CE 3.0 Device Driver Developement)
wceddkIOCTL_SERIAL_CLR_DTR	IOCTL_SERIAL_CLR_DTR (Windows CE 3.0 Device Driver Developement)
wceddkIOCTL_SERIAL_CLR_RTS	IOCTL_SERIAL_CLR_RTS (Windows CE 3.0 Device Driver Developement)
wceddkIOCTL_SERIAL_DISABLE_IR	IOCTL_SERIAL_DISABLE_IR (Windows CE 3.0 Device Driver Developement)
wceddkIOCTL_SERIAL_ENABLE_IR	IOCTL_SERIAL_ENABLE_IR (Windows CE 3.0 Device Driver Developement)
wceddkIOCTL_SERIAL_GET_COMMSTATUS	IOCTL_SERIAL_GET_COMMSTATUS (Windows CE 3.0 Device Driver Developement)
wceddkIOCTL_SERIAL_GET_DCB	IOCTL_SERIAL_GET_DCB (Windows CE 3.0 Device Driver Developement)
wceddkIOCTL_SERIAL_GET_MODEMSTATUS	IOCTL_SERIAL_GET_MODEMSTATUS (Windows CE 3.0 Device Driver Developement)
wceddkIOCTL_SERIAL_GET_PROPERTIES	IOCTL_SERIAL_GET_PROPERTIES (Windows CE 3.0 Device Driver Developement)
wceddkIOCTL_SERIAL_GET_TIMEOUTS	IOCTL_SERIAL_GET_TIMEOUTS (Windows CE 3.0 Device Driver Developement)
wceddkIOCTL_SERIAL_GET_WAIT_MASK	IOCTL_SERIAL_GET_WAIT_MASK (Windows CE 3.0 Device Driver Developement)
wceddkIOCTL_SERIAL_IMMEDIATE_CHAR	IOCTL_SERIAL_IMMEDIATE_CHAR (Windows CE 3.0 Device Driver Developement)
wceddkIOCTL_SERIAL_PURGE	IOCTL_SERIAL_PURGE (Windows CE 3.0 Device Driver Developement)
wceddkIOCTL_SERIAL_SET_BREAK_OFF	IOCTL_SERIAL_SET_BREAK_OFF (Windows CE 3.0 Device Driver Developement)
wceddkIOCTL_SERIAL_SET_BREAK_ON	IOCTL_SERIAL_SET_BREAK_ON (Windows CE 3.0 Device Driver Developement)
wceddkIOCTL_SERIAL_SET_DCB	IOCTL_SERIAL_SET_DCB (Windows CE 3.0 Device Driver Developement)
wceddkIOCTL_SERIAL_SET_DTR	IOCTL_SERIAL_SET_DTR (Windows CE 3.0 Device Driver Developement)
wceddkIOCTL_SERIAL_SET_QUEUE_SIZE	IOCTL_SERIAL_SET_QUEUE_SIZE (Windows CE 3.0 Device Driver Developement)
wceddkIOCTL_SERIAL_SET_RTS	IOCTL_SERIAL_SET_RTS (Windows CE 3.0 Device Driver Developement)
wceddkIOCTL_SERIAL_SET_TIMEOUTS	IOCTL_SERIAL_SET_TIMEOUTS (Windows CE 3.0 Device Driver Developement)
wceddkIOCTL_SERIAL_SET_WAIT_MASK	IOCTL_SERIAL_SET_WAIT_MASK (Windows CE 3.0 Device Driver Developement)
wceddkIOCTL_SERIAL_SET_XOFF	IOCTL_SERIAL_SET_XOFF (Windows CE 3.0 Device Driver Developement)
wceddkIOCTL_SERIAL_SET_XON	IOCTL_SERIAL_SET_XON (Windows CE 3.0 Device Driver Developement)
wceddkIOCTL_SERIAL_WAIT_ON_MASK	IOCTL_SERIAL_WAIT_ON_MASK (Windows CE 3.0 Device Driver Developement)
wceddkIOCTL_SMARTCARD_CANCEL_BLOCKING	IOCTL_SMARTCARD_CANCEL_BLOCKING (Windows CE 3.0 Device Driver Developement)
wceddkIOCTL_SMARTCARD_EJECT	IOCTL_SMARTCARD_EJECT (Windows CE 3.0 Device Driver Developement)
wceddkIOCTL_SMARTCARD_GET_ATTRIBUTE	IOCTL_SMARTCARD_GET_ATTRIBUTE (Windows CE 3.0 Device Driver Developement)
wceddkIOCTL_SMARTCARD_GET_STATE	IOCTL_SMARTCARD_GET_STATE (Windows CE 3.0 Device Driver Developement)
wceddkIOCTL_SMARTCARD_IS_ABSENT	IOCTL_SMARTCARD_IS_ABSENT (Windows CE 3.0 Device Driver Developement)
wceddkIOCTL_SMARTCARD_IS_PRESENT	IOCTL_SMARTCARD_IS_PRESENT (Windows CE 3.0 Device Driver Developement)
wceddkIOCTL_SMARTCARD_POWER	IOCTL_SMARTCARD_POWER (Windows CE 3.0 Device Driver Developement)
wceddkIOCTL_SMARTCARD_SET_ATTRIBUTE	IOCTL_SMARTCARD_SET_ATTRIBUTE (Windows CE 3.0 Device Driver Developement)
wceddkIOCTL_SMARTCARD_SET_PROTOCOL	IOCTL_SMARTCARD_SET_PROTOCOL (Windows CE 3.0 Device Driver Developement)
wceddkIOCTL_SMARTCARD_SWALLOW	IOCTL_SMARTCARD_SWALLOW (Windows CE 3.0 Device Driver Developement)
wceddkIOCTL_SMARTCARD_TRANSMIT	IOCTL_SMARTCARD_TRANSMIT (Windows CE 3.0 Device Driver Developement)
wceddkIO_Control_Codes_for_Block_Device_Drivers	I/O Control Codes for Block Device Drivers (Windows CE 3.0 Device Driver Developement)
wceddkI_O_Control_Codes	Device Driver I/O Control Codes (Windows CE 3.0 Device Driver Developement)
wceddkImplementing_DMA_for_NDIS_Drivers	Implementing DMA for NDIS Drivers (Windows CE 3.0 Device Driver Developement)
wceddkImplementing_a_Block_Device_Driver	Implementing a Block Device Driver (Windows CE 3.0 Device Driver Developement)
wceddkInDisplay_ddhal	InDisplay (Windows CE 3.0 Device Driver Developement)
wceddkIncluding_Display_Drivers_in_an_OS_Image	Including Display Drivers in an OS Image (Windows CE 3.0 Device Driver Developement)
wceddkInit_ddhal	Init (Windows CE 3.0 Device Driver Developement)
wceddkInitialization_and_Mode_Setting	Initialization and Mode Setting (Windows CE 3.0 Device Driver Developement)
wceddkInitialization_ddhal	Initialization (Windows CE 3.0 Device Driver Developement)
wceddkInitializeListHead	InitializeListHead (Windows CE 3.0 Device Driver Developement)
wceddkInsertHeadList	InsertHeadList (Windows CE 3.0 Device Driver Developement)
wceddkInsertTailList	InsertTailList (Windows CE 3.0 Device Driver Developement)
wceddkInstalling_a_Block_Device_Driver	Installing a Block Device Driver (Windows CE 3.0 Device Driver Developement)
wceddkInstalling_a_Device_Driver_DLL	Installing a Device Driver DLL (Windows CE 3.0 Device Driver Developement)
wceddkInterrupt_Handling_in_Audio_Drivers	Interrupt Handling in Audio Drivers (Windows CE 3.0 Device Driver Developement)
wceddkInterrupt_Processing	Interrupt Processing (Windows CE 3.0 Device Driver Developement)
wceddkIntroduction_ddhal	Introduction (Windows CE 3.0 Device Driver Developement)
wceddkIntroduction_to_DirectDraw_ddhal	Introduction to DirectDraw (Windows CE 3.0 Device Driver Developement)
wceddkIntroduction_to_NDIS	Introduction to NDIS (Windows CE 3.0 Device Driver Developement)
wceddkIntroduction_to_the_Windows_CE_Driver_Development_Kit	Introduction to the Windows CE Driver Development Kit (Windows CE 3.0 Device Driver Developement)
wceddkIrDA_network_adapters	IrDA network adapters (Windows CE 3.0 Device Driver Developement)
wceddkIsDefaultPipeHalted	IsDefaultPipeHalted (Windows CE 3.0 Device Driver Developement)
wceddkIsListEmpty	IsListEmpty (Windows CE 3.0 Device Driver Developement)
wceddkIsPipeHalted	IsPipeHalted (Windows CE 3.0 Device Driver Developement)
wceddkIsTransferComplete	IsTransferComplete (Windows CE 3.0 Device Driver Developement)
wceddkIssueBulkTransfer	IssueBulkTransfer (Windows CE 3.0 Device Driver Developement)
wceddkIssueControlTransfer	IssueControlTransfer (Windows CE 3.0 Device Driver Developement)
wceddkIssueInterruptTransfer	IssueInterruptTransfer (Windows CE 3.0 Device Driver Developement)
wceddkIssueIsochTransfer	IssueIsochTransfer (Windows CE 3.0 Device Driver Developement)
wceddkIssueVendorTransfer	IssueVendorTransfer (Windows CE 3.0 Device Driver Developement)
wceddkItalian_Keyboard	Italian Keyboard (Windows CE 3.0 Device Driver Developement)
wceddkJapanese_Keyboard	Japanese Keyboard (Windows CE 3.0 Device Driver Developement)
wceddkKdBreakPoint	KdBreakPoint (Windows CE 3.0 Device Driver Developement)
wceddkKdPrint	KdPrint (Windows CE 3.0 Device Driver Developement)
wceddkKeybdDriverGetInfo	KeybdDriverGetInfo (Windows CE 3.0 Device Driver Developement)
wceddkKeybdDriverInitStates	KeybdDriverInitStates (Windows CE 3.0 Device Driver Developement)
wceddkKeybdDriverInitialize	KeybdDriverInitialize (Windows CE 3.0 Device Driver Developement)
wceddkKeybdDriverPowerHandler	KeybdDriverPowerHandler (Windows CE 3.0 Device Driver Developement)
wceddkKeybdDriverSetMode	KeybdDriverSetMode (Windows CE 3.0 Device Driver Developement)
wceddkKeybdDriverVKeyToUnicode	KeybdDriverVKeyToUnicode (Windows CE 3.0 Device Driver Developement)
wceddkKeybdEventCallback	KeybdEventCallback (Windows CE 3.0 Device Driver Developement)
wceddkKeybdPdd_DllEntry	KeybdPdd_DllEntry (Windows CE 3.0 Device Driver Developement)
wceddkKeybdPdd_GetEvent	KeybdPdd_GetEvent (Windows CE 3.0 Device Driver Developement)
wceddkKeybdPdd_InitializeDriver	KeybdPdd_InitializeDriver (Windows CE 3.0 Device Driver Developement)
wceddkKeybdPdd_PowerHandler	KeybdPdd_PowerHandler (Windows CE 3.0 Device Driver Developement)
wceddkKeyboard_Layouts	Keyboard Layouts (Windows CE 3.0 Device Driver Developement)
wceddkKeyboard_Mapping	Keyboard Mapping (Windows CE 3.0 Device Driver Developement)
wceddkLayered_NDIS_Miniport_Drivers	Layered NDIS Miniport Drivers (Windows CE 3.0 Device Driver Developement)
wceddkLine_Acceleration	Line Acceleration (Windows CE 3.0 Device Driver Developement)
wceddkLine_Drawing	Line Drawing (Windows CE 3.0 Device Driver Developement)
wceddkLoadGenericInterfaceDriver	LoadGenericInterfaceDriver (Windows CE 3.0 Device Driver Developement)
wceddkLoading_Block_Device_Drivers	Loading Block Device Drivers (Windows CE 3.0 Device Driver Developement)
wceddkLoading_Stream_Interface_Drivers	Loading Stream Interface Drivers (Windows CE 3.0 Device Driver Developement)
wceddkLoading_and_Unloading_a_File_System	Loading and Unloading a File System (Windows CE 3.0 Device Driver Developement)
wceddkMMDRV_MESSAGE_PARAMS	MMDRV_MESSAGE_PARAMS (Windows CE 3.0 Device Driver Developement)
wceddkMapNtStatusToWinError	MapNtStatusToWinError (Windows CE 3.0 Device Driver Developement)
wceddkMediaSpecificInformation	MediaSpecificInformation (Windows CE 3.0 Device Driver Developement)
wceddkMessages	Device Driver Messages (Windows CE 3.0 Device Driver Developement)
wceddkNDISTest_Configuration	NDISTest Configuration (Windows CE 3.0 Device Driver Developement)
wceddkNDISTest_Sample_Test	NDISTest Sample Test (Windows CE 3.0 Device Driver Developement)
wceddkNDISWAN_Object_Identifiers	NDISWAN Object Identifiers (Windows CE 3.0 Device Driver Developement)
wceddkNDISWAN_Support	NDISWAN Support (Windows CE 3.0 Device Driver Developement)
wceddkNDIS_Adapter_Binding_Management_APIs	NDIS Adapter-Binding Management APIs (Windows CE 3.0 Device Driver Developement)
wceddkNDIS_BUFFER_LINKAGE	NDIS_BUFFER_LINKAGE (Windows CE 3.0 Device Driver Developement)
wceddkNDIS_BUFFER_TO_SPAN_PAGES	NDIS_BUFFER_TO_SPAN_PAGES (Windows CE 3.0 Device Driver Developement)
wceddkNDIS_Differences_Between_Windows_CE_and_Windows_NT	NDIS Differences Between Windows CE and Windows NT (Windows CE 3.0 Device Driver Developement)
wceddkNDIS_Driver_Registration_and_Initialization	NDIS Driver Registration and Initialization (Windows CE 3.0 Device Driver Developement)
wceddkNDIS_Driver_Upper_Edge_Functions	NDIS Driver Upper-Edge Functions (Windows CE 3.0 Device Driver Developement)
wceddkNDIS_IrDA_Support	NDIS IrDA Support (Windows CE 3.0 Device Driver Developement)
wceddkNDIS_Library_Functions_Used_by_WAN_Miniport_Drivers	NDIS Library Functions Used by WAN Miniport Drivers (Windows CE 3.0 Device Driver Developement)
wceddkNDIS_Miniport_Driver_Registration	NDIS Miniport Driver Registration (Windows CE 3.0 Device Driver Developement)
wceddkNDIS_Network_Drivers	NDIS Network Drivers (Windows CE 3.0 Device Driver Developement)
wceddkNDIS_PACKET	NDIS_PACKET (Windows CE 3.0 Device Driver Developement)
wceddkNDIS_PACKET_OOB_DATA	NDIS_PACKET_OOB_DATA (Windows CE 3.0 Device Driver Developement)
wceddkNDIS_PHYSICAL_ADDRESS_CONST	NDIS_PHYSICAL_ADDRESS_CONST (Windows CE 3.0 Device Driver Developement)
wceddkNDIS_PROTOCOL_CHARACTERISTICS	NDIS_PROTOCOL_CHARACTERISTICS (Windows CE 3.0 Device Driver Developement)
wceddkNDIS_Power_Management	NDIS Power Management (Windows CE 3.0 Device Driver Developement)
wceddkNDIS_Protocol_Driver_Initialization	NDIS Protocol Driver Initialization (Windows CE 3.0 Device Driver Developement)
wceddkNDIS_Protocol_Driver_Lower_Edge_Functions	NDIS Protocol Driver Lower-Edge Functions (Windows CE 3.0 Device Driver Developement)
wceddkNDIS_Protocol_Drivers	NDIS Protocol Drivers (Windows CE 3.0 Device Driver Developement)
wceddkNDIS_REQUEST	NDIS_REQUEST (Windows CE 3.0 Device Driver Developement)
wceddkNDIS_SET_PACKET_HEADER_SIZE	NDIS_SET_PACKET_HEADER_SIZE (Windows CE 3.0 Device Driver Developement)
wceddkNDIS_SET_PACKET_MEDIA_SPECIFIC_INFO	NDIS_SET_PACKET_MEDIA_SPECIFIC_INFO (Windows CE 3.0 Device Driver Developement)
wceddkNDIS_SET_PACKET_STATUS	NDIS_SET_PACKET_STATUS (Windows CE 3.0 Device Driver Developement)
wceddkNDIS_SET_PACKET_TIME_RECEIVED	NDIS_SET_PACKET_TIME_RECEIVED (Windows CE 3.0 Device Driver Developement)
wceddkNDIS_SET_PACKET_TIME_SENT	NDIS_SET_PACKET_TIME_SENT (Windows CE 3.0 Device Driver Developement)
wceddkNDIS_SET_PACKET_TIME_TO_SEND	NDIS_SET_PACKET_TIME_TO_SEND (Windows CE 3.0 Device Driver Developement)
wceddkNDIS_Token_Ring_Object_Identifiers	NDIS Token Ring Object Identifiers (Windows CE 3.0 Device Driver Developement)
wceddkNDIS_Token_Ring_Support	NDIS Token Ring Support (Windows CE 3.0 Device Driver Developement)
wceddkNLED_COUNT_INFO	NLED_COUNT_INFO (Windows CE 3.0 Device Driver Developement)
wceddkNLED_SETTINGS_INFO	NLED_SETTINGS_INFO (Windows CE 3.0 Device Driver Developement)
wceddkNLED_SUPPORTS_INFO	NLED_SUPPORTS_INFO (Windows CE 3.0 Device Driver Developement)
wceddkNLedDriverDllEntry	NLedDriverDllEntry (Windows CE 3.0 Device Driver Developement)
wceddkNLedDriverGetDeviceInfo	NLedDriverGetDeviceInfo (Windows CE 3.0 Device Driver Developement)
wceddkNLedDriverInitialize	NLedDriverInitialize (Windows CE 3.0 Device Driver Developement)
wceddkNLedDriverPowerDown	NLedDriverPowerDown (Windows CE 3.0 Device Driver Developement)
wceddkNLedDriverSetDevice	NLedDriverSetDevice (Windows CE 3.0 Device Driver Developement)
wceddkNdisAcquireSpinLock	NdisAcquireSpinLock (Windows CE 3.0 Device Driver Developement)
wceddkNdisAdjustBufferLength	NdisAdjustBufferLength (Windows CE 3.0 Device Driver Developement)
wceddkNdisAllocateBuffer	NdisAllocateBuffer (Windows CE 3.0 Device Driver Developement)
wceddkNdisAllocateBufferPool	NdisAllocateBufferPool (Windows CE 3.0 Device Driver Developement)
wceddkNdisAllocateMemory	NdisAllocateMemory (Windows CE 3.0 Device Driver Developement)
wceddkNdisAllocatePacket	NdisAllocatePacket (Windows CE 3.0 Device Driver Developement)
wceddkNdisAllocatePacketPool	NdisAllocatePacketPool (Windows CE 3.0 Device Driver Developement)
wceddkNdisAllocateSpinLock	NdisAllocateSpinLock (Windows CE 3.0 Device Driver Developement)
wceddkNdisAnsiStringToUnicodeString	NdisAnsiStringToUnicodeString (Windows CE 3.0 Device Driver Developement)
wceddkNdisChainBufferAtBack	NdisChainBufferAtBack (Windows CE 3.0 Device Driver Developement)
wceddkNdisChainBufferAtFront	NdisChainBufferAtFront (Windows CE 3.0 Device Driver Developement)
wceddkNdisCloseAdapter	NdisCloseAdapter (Windows CE 3.0 Device Driver Developement)
wceddkNdisCloseConfiguration	NdisCloseConfiguration (Windows CE 3.0 Device Driver Developement)
wceddkNdisCopyFromPacketToPacket	NdisCopyFromPacketToPacket (Windows CE 3.0 Device Driver Developement)
wceddkNdisDeregisterAdapter	NdisDeregisterAdapter (Windows CE 3.0 Device Driver Developement)
wceddkNdisDeregisterProtocol	NdisDeregisterProtocol (Windows CE 3.0 Device Driver Developement)
wceddkNdisDprAcquireSpinLock	NdisDprAcquireSpinLock (Windows CE 3.0 Device Driver Developement)
wceddkNdisDprReleaseSpinLock	NdisDprReleaseSpinLock (Windows CE 3.0 Device Driver Developement)
wceddkNdisEqualString	NdisEqualString (Windows CE 3.0 Device Driver Developement)
wceddkNdisFlushBuffer	NdisFlushBuffer (Windows CE 3.0 Device Driver Developement)
wceddkNdisFreeBuffer	NdisFreeBuffer (Windows CE 3.0 Device Driver Developement)
wceddkNdisFreeBufferPool	NdisFreeBufferPool (Windows CE 3.0 Device Driver Developement)
wceddkNdisFreeMemory	NdisFreeMemory (Windows CE 3.0 Device Driver Developement)
wceddkNdisFreePacket	NdisFreePacket (Windows CE 3.0 Device Driver Developement)
wceddkNdisFreePacketPool	NdisFreePacketPool (Windows CE 3.0 Device Driver Developement)
wceddkNdisFreeSpinLock	NdisFreeSpinLock (Windows CE 3.0 Device Driver Developement)
wceddkNdisFreeString	NdisFreeString (Windows CE 3.0 Device Driver Developement)
wceddkNdisGetFirstBufferFromPacket	NdisGetFirstBufferFromPacket (Windows CE 3.0 Device Driver Developement)
wceddkNdisGetNextBuffer	NdisGetNextBuffer (Windows CE 3.0 Device Driver Developement)
wceddkNdisGetPacketFlags	NdisGetPacketFlags (Windows CE 3.0 Device Driver Developement)
wceddkNdisGetPhysicalAddressHigh	NdisGetPhysicalAddressHigh (Windows CE 3.0 Device Driver Developement)
wceddkNdisGetPhysicalAddressLow	NdisGetPhysicalAddressLow (Windows CE 3.0 Device Driver Developement)
wceddkNdisIMRevertBack	NdisIMRevertBack (Windows CE 3.0 Device Driver Developement)
wceddkNdisIMSwitchToMiniport	NdisIMSwitchToMiniport (Windows CE 3.0 Device Driver Developement)
wceddkNdisInitAnsiString	NdisInitAnsiString (Windows CE 3.0 Device Driver Developement)
wceddkNdisInitUnicodeString	NdisInitUnicodeString (Windows CE 3.0 Device Driver Developement)
wceddkNdisInitializeListHead	NdisInitializeListHead (Windows CE 3.0 Device Driver Developement)
wceddkNdisInitializeString	NdisInitializeString (Windows CE 3.0 Device Driver Developement)
wceddkNdisInterlockedInsertHeadList	NdisInterlockedInsertHeadList (Windows CE 3.0 Device Driver Developement)
wceddkNdisInterlockedInsertTailList	NdisInterlockedInsertTailList (Windows CE 3.0 Device Driver Developement)
wceddkNdisInterlockedRemoveHeadList	NdisInterlockedRemoveHeadList (Windows CE 3.0 Device Driver Developement)
wceddkNdisMAllocateMapRegisters	NdisMAllocateMapRegisters (Windows CE 3.0 Device Driver Developement)
wceddkNdisMCancelTimer	NdisMCancelTimer (Windows CE 3.0 Device Driver Developement)
wceddkNdisMDeregisterAdapterShutdownHandler	NdisMDeregisterAdapterShutdownHandler (Windows CE 3.0 Device Driver Developement)
wceddkNdisMDeregisterInterrupt	NdisMDeregisterInterrupt (Windows CE 3.0 Device Driver Developement)
wceddkNdisMDeregisterIoPortRange	NdisMDeregisterIoPortRange (Windows CE 3.0 Device Driver Developement)
wceddkNdisMEthIndicateReceive	NdisMEthIndicateReceive (Windows CE 3.0 Device Driver Developement)
wceddkNdisMEthIndicateReceiveComplete	NdisMEthIndicateReceiveComplete (Windows CE 3.0 Device Driver Developement)
wceddkNdisMFreeMapRegisters	NdisMFreeMapRegisters (Windows CE 3.0 Device Driver Developement)
wceddkNdisMIndicateReceivePacket	NdisMIndicateReceivePacket (Windows CE 3.0 Device Driver Developement)
wceddkNdisMIndicateStatus	NdisMIndicateStatus (Windows CE 3.0 Device Driver Developement)
wceddkNdisMIndicateStatusComplete	NdisMIndicateStatusComplete (Windows CE 3.0 Device Driver Developement)
wceddkNdisMInitializeTimer	NdisMInitializeTimer (Windows CE 3.0 Device Driver Developement)
wceddkNdisMInitializeWrapper	NdisMInitializeWrapper (Windows CE 3.0 Device Driver Developement)
wceddkNdisMMapIoSpace	NdisMMapIoSpace (Windows CE 3.0 Device Driver Developement)
wceddkNdisMPciAssignResources	NdisMPciAssignResources (Windows CE 3.0 Device Driver Developement)
wceddkNdisMQueryInformationComplete	NdisMQueryInformationComplete (Windows CE 3.0 Device Driver Developement)
wceddkNdisMRegisterAdapterShutdownHandler	NdisMRegisterAdapterShutdownHandler (Windows CE 3.0 Device Driver Developement)
wceddkNdisMRegisterInterrupt	NdisMRegisterInterrupt (Windows CE 3.0 Device Driver Developement)
wceddkNdisMRegisterIoPortRange	NdisMRegisterIoPortRange (Windows CE 3.0 Device Driver Developement)
wceddkNdisMRegisterMiniport	NdisMRegisterMiniport (Windows CE 3.0 Device Driver Developement)
wceddkNdisMResetComplete	NdisMResetComplete (Windows CE 3.0 Device Driver Developement)
wceddkNdisMSendComplete	NdisMSendComplete (Windows CE 3.0 Device Driver Developement)
wceddkNdisMSendResourcesAvailable	NdisMSendResourcesAvailable (Windows CE 3.0 Device Driver Developement)
wceddkNdisMSetAttributes	NdisMSetAttributes (Windows CE 3.0 Device Driver Developement)
wceddkNdisMSetAttributesEx	NdisMSetAttributesEx (Windows CE 3.0 Device Driver Developement)
wceddkNdisMSetInformationComplete	NdisMSetInformationComplete (Windows CE 3.0 Device Driver Developement)
wceddkNdisMSetPeriodicTimer	NdisMSetPeriodicTimer (Windows CE 3.0 Device Driver Developement)
wceddkNdisMSetTimer	NdisMSetTimer (Windows CE 3.0 Device Driver Developement)
wceddkNdisMSleep	NdisMSleep (Windows CE 3.0 Device Driver Developement)
wceddkNdisMSynchronizeWithInterrupt	NdisMSynchronizeWithInterrupt (Windows CE 3.0 Device Driver Developement)
wceddkNdisMTrIndicateReceive	NdisMTrIndicateReceive (Windows CE 3.0 Device Driver Developement)
wceddkNdisMTrIndicateReceiveComplete	NdisMTrIndicateReceiveComplete (Windows CE 3.0 Device Driver Developement)
wceddkNdisMTransferDataComplete	NdisMTransferDataComplete (Windows CE 3.0 Device Driver Developement)
wceddkNdisMUnmapIoSpace	NdisMUnmapIoSpace (Windows CE 3.0 Device Driver Developement)
wceddkNdisMUpdateSharedMemory	NdisMUpdateSharedMemory (Windows CE 3.0 Device Driver Developement)
wceddkNdisMoveFromMappedMemory	NdisMoveFromMappedMemory (Windows CE 3.0 Device Driver Developement)
wceddkNdisMoveMappedMemory	NdisMoveMappedMemory (Windows CE 3.0 Device Driver Developement)
wceddkNdisMoveMemory	NdisMoveMemory (Windows CE 3.0 Device Driver Developement)
wceddkNdisMoveToMappedMemory	NdisMoveToMappedMemory (Windows CE 3.0 Device Driver Developement)
wceddkNdisOpenAdapter	NdisOpenAdapter (Windows CE 3.0 Device Driver Developement)
wceddkNdisOpenConfiguration	NdisOpenConfiguration (Windows CE 3.0 Device Driver Developement)
wceddkNdisOpenProtocolConfiguration	NdisOpenProtocolConfiguration (Windows CE 3.0 Device Driver Developement)
wceddkNdisPrintString	NdisPrintString (Windows CE 3.0 Device Driver Developement)
wceddkNdisQueryBuffer	NdisQueryBuffer (Windows CE 3.0 Device Driver Developement)
wceddkNdisQueryBufferOffset	NdisQueryBufferOffset (Windows CE 3.0 Device Driver Developement)
wceddkNdisQueryMapRegisterCount	NdisQueryMapRegisterCount (Windows CE 3.0 Device Driver Developement)
wceddkNdisQueryPacket	NdisQueryPacket (Windows CE 3.0 Device Driver Developement)
wceddkNdisRawReadPortBufferUchar	NdisRawReadPortBufferUchar (Windows CE 3.0 Device Driver Developement)
wceddkNdisRawReadPortBufferUlong	NdisRawReadPortBufferUlong (Windows CE 3.0 Device Driver Developement)
wceddkNdisRawReadPortBufferUshort	NdisRawReadPortBufferUshort (Windows CE 3.0 Device Driver Developement)
wceddkNdisRawReadPortUchar	NdisRawReadPortUchar (Windows CE 3.0 Device Driver Developement)
wceddkNdisRawReadPortUlong	NdisRawReadPortUlong (Windows CE 3.0 Device Driver Developement)
wceddkNdisRawReadPortUshort	NdisRawReadPortUshort (Windows CE 3.0 Device Driver Developement)
wceddkNdisRawWritePortBufferUchar	NdisRawWritePortBufferUchar (Windows CE 3.0 Device Driver Developement)
wceddkNdisRawWritePortBufferUlong	NdisRawWritePortBufferUlong (Windows CE 3.0 Device Driver Developement)
wceddkNdisRawWritePortBufferUshort	NdisRawWritePortBufferUshort (Windows CE 3.0 Device Driver Developement)
wceddkNdisRawWritePortUchar	NdisRawWritePortUchar (Windows CE 3.0 Device Driver Developement)
wceddkNdisRawWritePortUlong	NdisRawWritePortUlong (Windows CE 3.0 Device Driver Developement)
wceddkNdisRawWritePortUshort	NdisRawWritePortUshort (Windows CE 3.0 Device Driver Developement)
wceddkNdisReadConfiguration	NdisReadConfiguration (Windows CE 3.0 Device Driver Developement)
wceddkNdisReadNetworkAddress	NdisReadNetworkAddress (Windows CE 3.0 Device Driver Developement)
wceddkNdisReadPciSlotInformation	NdisReadPciSlotInformation (Windows CE 3.0 Device Driver Developement)
wceddkNdisRebindProtocolsToAdapter	NdisRebindProtocolsToAdapter (Windows CE 3.0 Device Driver Developement)
wceddkNdisRecalculatePacketCounts	NdisRecalculatePacketCounts (Windows CE 3.0 Device Driver Developement)
wceddkNdisRegisterAdapter	NdisRegisterAdapter (Windows CE 3.0 Device Driver Developement)
wceddkNdisRegisterProtocol	NdisRegisterProtocol (Windows CE 3.0 Device Driver Developement)
wceddkNdisReinitializePacket	NdisReinitializePacket (Windows CE 3.0 Device Driver Developement)
wceddkNdisReleaseSpinLock	NdisReleaseSpinLock (Windows CE 3.0 Device Driver Developement)
wceddkNdisRequest	NdisRequest (Windows CE 3.0 Device Driver Developement)
wceddkNdisReset	NdisReset (Windows CE 3.0 Device Driver Developement)
wceddkNdisResetComplete	NdisResetComplete (Windows CE 3.0 Device Driver Developement)
wceddkNdisReturnPackets	NdisReturnPackets (Windows CE 3.0 Device Driver Developement)
wceddkNdisSend	NdisSend (Windows CE 3.0 Device Driver Developement)
wceddkNdisSetPacketFlags	NdisSetPacketFlags (Windows CE 3.0 Device Driver Developement)
wceddkNdisSetPhysicalAddressHigh	NdisSetPhysicalAddressHigh (Windows CE 3.0 Device Driver Developement)
wceddkNdisSetPhysicalAddressLow	NdisSetPhysicalAddressLow (Windows CE 3.0 Device Driver Developement)
wceddkNdisStallExecution	NdisStallExecution (Windows CE 3.0 Device Driver Developement)
wceddkNdisTerminateWrapper	NdisTerminateWrapper (Windows CE 3.0 Device Driver Developement)
wceddkNdisTransferData	NdisTransferData (Windows CE 3.0 Device Driver Developement)
wceddkNdisUnchainBufferAtBack	NdisUnchainBufferAtBack (Windows CE 3.0 Device Driver Developement)
wceddkNdisUnchainBufferAtFront	NdisUnchainBufferAtFront (Windows CE 3.0 Device Driver Developement)
wceddkNdisUnicodeStringToAnsiString	NdisUnicodeStringToAnsiString (Windows CE 3.0 Device Driver Developement)
wceddkNdisWriteConfiguration	NdisWriteConfiguration (Windows CE 3.0 Device Driver Developement)
wceddkNdisWriteErrorLogEntry	NdisWriteErrorLogEntry (Windows CE 3.0 Device Driver Developement)
wceddkNdisWritePciSlotInformation	NdisWritePciSlotInformation (Windows CE 3.0 Device Driver Developement)
wceddkNdisZeroMappedMemory	NdisZeroMappedMemory (Windows CE 3.0 Device Driver Developement)
wceddkNdisZeroMemory	NdisZeroMemory (Windows CE 3.0 Device Driver Developement)
wceddkNode2D	Node2D (Windows CE 3.0 Device Driver Developement)
wceddkNodeSize_ddhal	NodeSize (Windows CE 3.0 Device Driver Developement)
wceddkOHC_and_UHC_Host_Controllers	OHC and UHC Host Controllers (Windows CE 3.0 Device Driver Developement)
wceddkOhcdMdd_CreateMemoryObject	OhcdMdd_CreateMemoryObject (Windows CE 3.0 Device Driver Developement)
wceddkOhcdMdd_CreateOhcdObject	OhcdMdd_CreateOhcdObject (Windows CE 3.0 Device Driver Developement)
wceddkOhcdMdd_DestroyMemoryObject	OhcdMdd_DestroyMemoryObject (Windows CE 3.0 Device Driver Developement)
wceddkOhcdMdd_DestroyOhcdObject	OhcdMdd_DestroyOhcdObject (Windows CE 3.0 Device Driver Developement)
wceddkOhcdMdd_PowerDown	OhcdMdd_PowerDown (Windows CE 3.0 Device Driver Developement)
wceddkOhcdMdd_PowerUp	OhcdMdd_PowerUp (Windows CE 3.0 Device Driver Developement)
wceddkOhcdPdd_CheckConfigPower	OhcdPdd_CheckConfigPower (Windows CE 3.0 Device Driver Developement)
wceddkOhcdPdd_Close	OhcdPdd_Close (Windows CE 3.0 Device Driver Developement)
wceddkOhcdPdd_Deinit	OhcdPdd_Deinit (Windows CE 3.0 Device Driver Developement)
wceddkOhcdPdd_DllMain	OhcdPdd_DllMain (Windows CE 3.0 Device Driver Developement)
wceddkOhcdPdd_IOControl	OhcdPdd_IOControl (Windows CE 3.0 Device Driver Developement)
wceddkOhcdPdd_Init	OhcdPdd_Init (Windows CE 3.0 Device Driver Developement)
wceddkOhcdPdd_Open	OhcdPdd_Open (Windows CE 3.0 Device Driver Developement)
wceddkOhcdPdd_PowerDown	OhcdPdd_PowerDown (Windows CE 3.0 Device Driver Developement)
wceddkOhcdPdd_PowerUp	OhcdPdd_PowerUp (Windows CE 3.0 Device Driver Developement)
wceddkOhcdPdd_Read	OhcdPdd_Read (Windows CE 3.0 Device Driver Developement)
wceddkOhcdPdd_Seek	OhcdPdd_Seek (Windows CE 3.0 Device Driver Developement)
wceddkOhcdPdd_Write	OhcdPdd_Write (Windows CE 3.0 Device Driver Developement)
wceddkOpenClientRegistryKey	OpenClientRegistryKey (Windows CE 3.0 Device Driver Developement)
wceddkOpenPipe	OpenPipe (Windows CE 3.0 Device Driver Developement)
wceddkPARSED_CFTABLE	PARSED_CFTABLE (Windows CE 3.0 Device Driver Developement)
wceddkPARSED_CONFIG	PARSED_CONFIG (Windows CE 3.0 Device Driver Developement)
wceddkPC_Card_Event_Codes	PC Card Event Codes (Windows CE 3.0 Device Driver Developement)
wceddkPC_Card_Event_Masks	PC Card Event Masks (Windows CE 3.0 Device Driver Developement)
wceddkPC_Card_Network_Adapters	PC Card Network Adapters (Windows CE 3.0 Device Driver Developement)
wceddkPC_Card_Tuple_Codes	PC Card Tuple Codes (Windows CE 3.0 Device Driver Developement)
wceddkPC_Card_Window_Attributes	PC Card Window Attributes (Windows CE 3.0 Device Driver Developement)
wceddkPC_Card_Window_Speeds	PC Card Window Speeds (Windows CE 3.0 Device Driver Developement)
wceddkPDCARD_ADAPTER_INFO	PDCARD_ADAPTER_INFO (Windows CE 3.0 Device Driver Developement)
wceddkPDCARD_POWER_ENTRY	PDCARD_POWER_ENTRY (Windows CE 3.0 Device Driver Developement)
wceddkPDCARD_SOCKET_STATE	PDCARD_SOCKET_STATE (Windows CE 3.0 Device Driver Developement)
wceddkPDCARD_WINDOW_INFO	PDCARD_WINDOW_INFO (Windows CE 3.0 Device Driver Developement)
wceddkPDCARD_WINDOW_STATE	PDCARD_WINDOW_STATE (Windows CE 3.0 Device Driver Developement)
wceddkPDCardGetAdapter	PDCardGetAdapter (Windows CE 3.0 Device Driver Developement)
wceddkPDCardGetSocket	PDCardGetSocket (Windows CE 3.0 Device Driver Developement)
wceddkPDCardGetWindow	PDCardGetWindow (Windows CE 3.0 Device Driver Developement)
wceddkPDCardInquireAdapter	PDCardInquireAdapter (Windows CE 3.0 Device Driver Developement)
wceddkPDCardInquireWindow	PDCardInquireWindow (Windows CE 3.0 Device Driver Developement)
wceddkPDCardReadAttrByte	PDCardReadAttrByte (Windows CE 3.0 Device Driver Developement)
wceddkPDCardReadCmnByte	PDCardReadCmnByte (Windows CE 3.0 Device Driver Developement)
wceddkPDCardResetSocket	PDCardResetSocket (Windows CE 3.0 Device Driver Developement)
wceddkPDCardSetAdapter	PDCardSetAdapter (Windows CE 3.0 Device Driver Developement)
wceddkPDCardSetSocket	PDCardSetSocket (Windows CE 3.0 Device Driver Developement)
wceddkPDCardSetWindow	PDCardSetWindow (Windows CE 3.0 Device Driver Developement)
wceddkPDCardWriteAttrByte	PDCardWriteAttrByte (Windows CE 3.0 Device Driver Developement)
wceddkPDCardWriteCmnByte	PDCardWriteCmnByte (Windows CE 3.0 Device Driver Developement)
wceddkPDD_AudioDeinitialize	PDD_AudioDeinitialize (Windows CE 3.0 Device Driver Developement)
wceddkPDD_AudioGetInterruptType	PDD_AudioGetInterruptType (Windows CE 3.0 Device Driver Developement)
wceddkPDD_AudioInitialize	PDD_AudioInitialize (Windows CE 3.0 Device Driver Developement)
wceddkPDD_AudioMessage	PDD_AudioMessage (Windows CE 3.0 Device Driver Developement)
wceddkPDD_AudioPowerHandler	PDD_AudioPowerHandler (Windows CE 3.0 Device Driver Developement)
wceddkPDD_WaveProc	PDD_WaveProc (Windows CE 3.0 Device Driver Developement)
wceddkPOWER_DESCR	POWER_DESCR (Windows CE 3.0 Device Driver Developement)
wceddkPerformBlt_ddhal	PerformBlt (Windows CE 3.0 Device Driver Developement)
wceddkPixelFormat_ddhal	PixelFormat (Windows CE 3.0 Device Driver Developement)
wceddkPlaying_and_Recording	Playing and Recording (Windows CE 3.0 Device Driver Developement)
wceddkPlug_and_Play_Support_for_NDIS_Adapter_Binding	Plug and Play Support for NDIS Adapter Binding (Windows CE 3.0 Device Driver Developement)
wceddkPopEntryList	PopEntryList (Windows CE 3.0 Device Driver Developement)
wceddkPort_Monitor_Functions_Used_by_Printer_Drivers	Port Monitor Functions Used by Printer Drivers (Windows CE 3.0 Device Driver Developement)
wceddkPorting_a_Windows_NT_ACM_Driver_to_Windows_CE	Porting a Windows NT ACM Driver to Windows CE (Windows CE 3.0 Device Driver Developement)
wceddkPorting_the_Sample_Native_Drivers	Porting the Sample Native Device Drivers (Windows CE 3.0 Device Driver Developement)
wceddkPorting_your_DDHAL_from_the_Desktop_ddhal	Porting your DDHAL from the Desktop (Windows CE 3.0 Device Driver Developement)
wceddkPortuguese_Keyboard	Portuguese Keyboard (Windows CE 3.0 Device Driver Developement)
wceddkPower2dCycle_Processing_by_Block_Device_Drivers	Power-Cycle Processing by Block Device Drivers (Windows CE 3.0 Device Driver Developement)
wceddkPower_Management_in_Audio_Drivers	Power Management in Audio Drivers (Windows CE 3.0 Device Driver Developement)
wceddkPower_Management_in_Serial_Port_Drivers	Power Management in Serial Port Drivers (Windows CE 3.0 Device Driver Developement)
wceddkPreparing_your_Display_Driver_ddhal	Preparing your Display Driver (Windows CE 3.0 Device Driver Developement)
wceddkPreparing_your_non_DDGPE_Display_Driver_ddhal	Preparing your Display Driver (Windows CE 3.0 Device Driver Developement)
wceddkPrimary_Display_Driver	Primary Display Driver (Windows CE 3.0 Device Driver Developement)
wceddkPrint_Spooling_in_Windows_CE	Print Spooling in Windows CE (Windows CE 3.0 Device Driver Developement)
wceddkPrinterClose	PrinterClose (Windows CE 3.0 Device Driver Developement)
wceddkPrinterOpen	PrinterOpen (Windows CE 3.0 Device Driver Developement)
wceddkPrinterSend	PrinterSend (Windows CE 3.0 Device Driver Developement)
wceddkPrinter_Driver_Settings	Printer Driver Settings (Windows CE 3.0 Device Driver Developement)
wceddkPrinter_Drivers	Printer Drivers (Windows CE 3.0 Device Driver Developement)
wceddkProcessing_an_Interrupt	Processing an Interrupt (Windows CE 3.0 Device Driver Developement)
wceddkProfiling_Display_Driver_Performance	Profiling Display Driver Performance (Windows CE 3.0 Device Driver Developement)
wceddkProtocolReceivePacket	ProtocolReceivePacket (Windows CE 3.0 Device Driver Developement)
wceddkPushEntryList	PushEntryList (Windows CE 3.0 Device Driver Developement)
wceddkRDF_CARD_EJECT	RDF_CARD_EJECT (Windows CE 3.0 Device Driver Developement)
wceddkRDF_CARD_POWER	RDF_CARD_POWER (Windows CE 3.0 Device Driver Developement)
wceddkRDF_CARD_TRACKING	RDF_CARD_TRACKING (Windows CE 3.0 Device Driver Developement)
wceddkRDF_IOCTL_VENDOR	RDF_IOCTL_VENDOR (Windows CE 3.0 Device Driver Developement)
wceddkRDF_READER_SWALLOW	RDF_READER_SWALLOW (Windows CE 3.0 Device Driver Developement)
wceddkRDF_SET_PROTOCOL	RDF_SET_PROTOCOL (Windows CE 3.0 Device Driver Developement)
wceddkRDF_TRANSMIT	RDF_TRANSMIT (Windows CE 3.0 Device Driver Developement)
wceddkReal_Time_Priority_System	Real-Time Priority System (Windows CE 3.0 Device Driver Developement)
wceddkRegisterClientDriverID	RegisterClientDriverID (Windows CE 3.0 Device Driver Developement)
wceddkRegisterClientSettings	RegisterClientSettings (Windows CE 3.0 Device Driver Developement)
wceddkRegisterDevice	RegisterDevice (Windows CE 3.0 Device Driver Developement)
wceddkRegisterNotificationRoutine	RegisterNotificationRoutine (Windows CE 3.0 Device Driver Developement)
wceddkRegistering_an_Interrupt_Handler	Registering an Interrupt Handler (Windows CE 3.0 Device Driver Developement)
wceddkRegistry_Keys_Used_by_the_Device_Manager	Registry Keys Used by the Device Manager (Windows CE 3.0 Device Driver Developement)
wceddkRegistry_Keys_for_Block_Device_Drivers	Registry Keys for Block Device Drivers (Windows CE 3.0 Device Driver Developement)
wceddkRegistry_Keys_for_Built_in_Block_Devices	Registry Keys for Built-In Block Devices (Windows CE 3.0 Device Driver Developement)
wceddkRegistry_Keys_for_Device_Drivers	Registry Keys for Device Drivers (Windows CE 3.0 Device Driver Developement)
wceddkRegistry_Keys_for_Display_Drivers	Registry Keys for Display Drivers (Windows CE 3.0 Device Driver Developement)
wceddkRegistry_Keys_for_Miniport_Drivers	Registry Keys for Miniport Drivers (Windows CE 3.0 Device Driver Developement)
wceddkRegistry_Keys_for_PC_Card_Block_Devices	Registry Keys for PC Card Block Devices (Windows CE 3.0 Device Driver Developement)
wceddkRegistry_Keys_for_Printer_Drivers	Registry Keys for Printer Drivers (Windows CE 3.0 Device Driver Developement)
wceddkRegistry_Keys_for_Removable_Display_Adapters	Registry Keys for Removable Display Adapters (Windows CE 3.0 Device Driver Developement)
wceddkRegistry_Keys_for_USB_Device_Drivers	Registry Keys for USB Device Drivers (Windows CE 3.0 Device Driver Developement)
wceddkReleaseFrameLengthControl	ReleaseFrameLengthControl (Windows CE 3.0 Device Driver Developement)
wceddkRemoveEntryList	RemoveEntryList (Windows CE 3.0 Device Driver Developement)
wceddkRemoveHeadList	RemoveHeadList (Windows CE 3.0 Device Driver Developement)
wceddkRemoveTailList	RemoveTailList (Windows CE 3.0 Device Driver Developement)
wceddkRemoving_USB_Device_Drivers	Removing USB Device Drivers (Windows CE 3.0 Device Driver Developement)
wceddkReportPrinterStatus	ReportPrinterStatus (Windows CE 3.0 Device Driver Developement)
wceddkRequired_Entry_Points_for_Stream_Interface_Driver_DLLs	Required Entry Points for Stream Interface Driver DLLs (Windows CE 3.0 Device Driver Developement)
wceddkRequired_Entry_Points_for_USB_Device_Drivers	Required Entry Points for USB Device Drivers (Windows CE 3.0 Device Driver Developement)
wceddkRequired_Functions_ddhal	Required Functions (Windows CE 3.0 Device Driver Developement)
wceddkRequired_Variables_ddhal	Required Variables (Windows CE 3.0 Device Driver Developement)
wceddkResetDefaultPipe	ResetDefaultPipe (Windows CE 3.0 Device Driver Developement)
wceddkResetPipe	ResetPipe (Windows CE 3.0 Device Driver Developement)
wceddkRestrictions_on_Native_Drivers	Restrictions on Native Device Drivers (Windows CE 3.0 Device Driver Developement)
wceddkRunning_NDISTest	Running NDISTest (Windows CE 3.0 Device Driver Developement)
wceddkSCARD_CARD_CAPABILITIES	SCARD_CARD_CAPABILITIES (Windows CE 3.0 Device Driver Developement)
wceddkSCARD_READER_CAPABILITIES	SCARD_READER_CAPABILITIES (Windows CE 3.0 Device Driver Developement)
wceddkSCARD_VENDOR_ATTR	SCARD_VENDOR_ATTR (Windows CE 3.0 Device Driver Developement)
wceddkSMARTCARD_EXTENSION	SMARTCARD_EXTENSION (Windows CE 3.0 Device Driver Developement)
wceddkSTORAGE_IDENTIFICATION	STORAGE_IDENTIFICATION (Windows CE 3.0 Device Driver Developement)
wceddkSample_ATADISK_Driver	Sample ATADISK Driver (Windows CE 3.0 Device Driver Developement)
wceddkSample_Audio_Driver	Sample Audio Driver (Windows CE 3.0 Device Driver Developement)
wceddkSample_Battery_Driver	Sample Battery Driver (Windows CE 3.0 Device Driver Developement)
wceddkSample_Blit_Acceleration	Sample Blit Acceleration (Windows CE 3.0 Device Driver Developement)
wceddkSample_Block_Device_Drivers	Sample Block Device Drivers (Windows CE 3.0 Device Driver Developement)
wceddkSample_Display_Driver	Sample Display Driver (Windows CE 3.0 Device Driver Developement)
wceddkSample_Display_Drivers	Sample Display Drivers (Windows CE 3.0 Device Driver Developement)
wceddkSample_DrvEscape_Function	Sample DrvEscape Function (Windows CE 3.0 Device Driver Developement)
wceddkSample_HID_Class_Driver	Sample HID Class Driver (Windows CE 3.0 Device Driver Developement)
wceddkSample_Keyboard_Driver	Sample Keyboard Driver (Windows CE 3.0 Device Driver Developement)
wceddkSample_Notification_LED_Driver	Sample Notification LED Driver (Windows CE 3.0 Device Driver Developement)
wceddkSample_PC_Card_Socket_Driver	Sample PC Card Socket Driver (Windows CE 3.0 Device Driver Developement)
wceddkSample_Parallel_Port_Driver	Sample Parallel Port Driver (Windows CE 3.0 Device Driver Developement)
wceddkSample_Printer_Driver	Sample Printer Driver (Windows CE 3.0 Device Driver Developement)
wceddkSample_Serial_Port_Driver	Sample Serial Port Driver (Windows CE 3.0 Device Driver Developement)
wceddkSample_Source_Code_ddhal	Sample Source Code (Windows CE 3.0 Device Driver Developement)
wceddkSample_Stream_Interface_Drivers	Sample Stream Interface Drivers (Windows CE 3.0 Device Driver Developement)
wceddkSample_Touch_Screen_Driver	Sample Touch Screen Driver (Windows CE 3.0 Device Driver Developement)
wceddkSample_USB_Device_Driver	Sample USB Device Driver (Windows CE 3.0 Device Driver Developement)
wceddkSample_USB_Function_Controller_Driver	Sample USB Function Controller Driver (Windows CE 3.0 Device Driver Developement)
wceddkSample_USB_Host_Controller_Driver	Sample USB Host Controller Driver (Windows CE 3.0 Device Driver Developement)
wceddkSecondary_Display_Drivers	Secondary Display Drivers (Windows CE 3.0 Device Driver Developement)
wceddkSetColorKeyHigh_ddhal	SetColorKeyHigh (Windows CE 3.0 Device Driver Developement)
wceddkSetColorKeyLow_ddhal	SetColorKeyLow (Windows CE 3.0 Device Driver Developement)
wceddkSetColorKeyMask_ddhal	SetColorKeyMask (Windows CE 3.0 Device Driver Developement)
wceddkSetColorKey_ddhal	SetColorKey (Windows CE 3.0 Device Driver Developement)
wceddkSetDDGPESurf_ddhal	SetDDGPESurf (Windows CE 3.0 Device Driver Developement)
wceddkSetDescriptor	SetDescriptor (Windows CE 3.0 Device Driver Developement)
wceddkSetDirectDrawSurface_ddhal	SetDirectDrawSurface (Windows CE 3.0 Device Driver Developement)
wceddkSetDriverData_ddhal	SetDriverData (Windows CE 3.0 Device Driver Developement)
wceddkSetDriverGUID_ddhal	SetDriverGUID (Windows CE 3.0 Device Driver Developement)
wceddkSetFeature	SetFeature (Windows CE 3.0 Device Driver Developement)
wceddkSetFrameLength	SetFrameLength (Windows CE 3.0 Device Driver Developement)
wceddkSetInterface	SetInterface (Windows CE 3.0 Device Driver Developement)
wceddkSetMode_ddhal	SetMode (Windows CE 3.0 Device Driver Developement)
wceddkSetVisibleSurface_ddhal	SetVisibleSurface (Windows CE 3.0 Device Driver Developement)
wceddkSingle_Access_and_Multiple_Access	Single Access and Multiple Access (Windows CE 3.0 Device Driver Developement)
wceddkSize_ddhal	Size (Windows CE 3.0 Device Driver Developement)
wceddkSmartcardCreateLink	SmartcardCreateLink (Windows CE 3.0 Device Driver Developement)
wceddkSmartcardDeleteLink	SmartcardDeleteLink (Windows CE 3.0 Device Driver Developement)
wceddkSmartcardDeviceControl	SmartcardDeviceControl (Windows CE 3.0 Device Driver Developement)
wceddkSmartcardExit	SmartcardExit (Windows CE 3.0 Device Driver Developement)
wceddkSmartcardInitialize	SmartcardInitialize (Windows CE 3.0 Device Driver Developement)
wceddkSmartcardLockDevice	SmartcardLockDevice (Windows CE 3.0 Device Driver Developement)
wceddkSmartcardRawReply	SmartcardRawReply (Windows CE 3.0 Device Driver Developement)
wceddkSmartcardRawRequest	SmartcardRawRequest (Windows CE 3.0 Device Driver Developement)
wceddkSmartcardT0Reply	SmartcardT0Reply (Windows CE 3.0 Device Driver Developement)
wceddkSmartcardT0Request	SmartcardT0Request (Windows CE 3.0 Device Driver Developement)
wceddkSmartcardT1Reply	SmartcardT1Reply (Windows CE 3.0 Device Driver Developement)
wceddkSmartcardT1Request	SmartcardT1Request (Windows CE 3.0 Device Driver Developement)
wceddkSmartcardUnlockDevice	SmartcardUnlockDevice (Windows CE 3.0 Device Driver Developement)
wceddkSmartcardUpdateCardCapabilities	SmartcardUpdateCardCapabilities (Windows CE 3.0 Device Driver Developement)
wceddkSpanish_Keyboard	Spanish Keyboard (Windows CE 3.0 Device Driver Developement)
wceddkSupported_and_Unsupported_USB_Features	Supported and Unsupported USB Features (Windows CE 3.0 Device Driver Developement)
wceddkSupporting_Antialiased_Fonts	Supporting Antialiased Fonts (Windows CE 3.0 Device Driver Developement)
wceddkSupporting_Files	Supporting Files (Windows CE 3.0 Device Driver Developement)
wceddkSurfaceHeap_Class_ddhal	SurfaceHeap Class (Windows CE 3.0 Device Driver Developement)
wceddkSurfaceHeap_Constructors_ddhal	SurfaceHeap Constructor (Windows CE 3.0 Device Driver Developement)
wceddkSurface_Allocation	Surface Allocation (Windows CE 3.0 Device Driver Developement)
wceddkSurface_and_Memory_Management_ddhal	Surface and Memory Management (Windows CE 3.0 Device Driver Developement)
wceddkSuspending_and_Resuming	Suspending and Resuming (Windows CE 3.0 Device Driver Developement)
wceddkSwedish_Keyboard	Swedish Keyboard (Windows CE 3.0 Device Driver Developement)
wceddkSyncFrame	SyncFrame (Windows CE 3.0 Device Driver Developement)
wceddkSystem_Architecture_for_Block_Devices	System Architecture for Block Devices (Windows CE 3.0 Device Driver Developement)
wceddkSystem_Architecture_for_Native_Drivers	System Architecture for Native Device Drivers (Windows CE 3.0 Device Driver Developement)
wceddkSystem_Architecture_for_Stream_Interface_Drivers	System Architecture for Stream Interface Drivers (Windows CE 3.0 Device Driver Developement)
wceddkT1_DATA	T1_DATA (Windows CE 3.0 Device Driver Developement)
wceddkTOUCHPANEL_POINT_SAMPLE	TOUCHPANEL_POINT_SAMPLE (Windows CE 3.0 Device Driver Developement)
wceddkTakeFrameLengthControl	TakeFrameLengthControl (Windows CE 3.0 Device Driver Developement)
wceddkTaking_Advantage_of_DDGPE_ddhal	Taking Advantage of DDGPE (Windows CE 3.0 Device Driver Developement)
wceddkTesting_Display_Drivers	Testing Display Drivers (Windows CE 3.0 Device Driver Developement)
wceddkTesting_NDIS_Drivers	Testing NDIS Drivers (Windows CE 3.0 Device Driver Developement)
wceddkTesting_USB_Device_Drivers	Testing USB Device Drivers (Windows CE 3.0 Device Driver Developement)
wceddkThe_ATI_Sample_Display_Driver	The ATI Sample Display Driver (Windows CE 3.0 Device Driver Developement)
wceddkThe_Completion_Phase_for_Line_Drawing	The Completion Phase for Line Drawing (Windows CE 3.0 Device Driver Developement)
wceddkThe_DDGPE_Classes_ddhal	The DDGPE Classes (Windows CE 3.0 Device Driver Developement)
wceddkThe_DDGPE_Classes_main_ddhal	The DDGPE Classes (Windows CE 3.0 Device Driver Developement)
wceddkThe_DDGPE_DDHAL_Interface_Definition_ddhal	The DDGPE DDHAL Interface Definition (Windows CE 3.0 Device Driver Developement)
wceddkThe_Drawing_Phase_for_Line_Drawing	The Drawing Phase for Line Drawing (Windows CE 3.0 Device Driver Developement)
wceddkThe_EmulatedLine_Function	The EmulatedLine Function (Windows CE 3.0 Device Driver Developement)
wceddkThe_FLAT_Sample_Display_Driver	The FLAT Sample Display Driver (Windows CE 3.0 Device Driver Developement)
wceddkThe_Prepare_Phase_for_Line_Drawing	The Prepare Phase for Line Drawing (Windows CE 3.0 Device Driver Developement)
wceddkThe_S3Virge_Sample_Display_Driver	The S3Virge Sample Display Driver (Windows CE 3.0 Device Driver Developement)
wceddkTouchPanelCalibrateAPoint	TouchPanelCalibrateAPoint (Windows CE 3.0 Device Driver Developement)
wceddkTouchPanelDisable	TouchPanelDisable (Windows CE 3.0 Device Driver Developement)
wceddkTouchPanelEnable	TouchPanelEnable (Windows CE 3.0 Device Driver Developement)
wceddkTouchPanelGetDeviceCaps	TouchPanelGetDeviceCaps (Windows CE 3.0 Device Driver Developement)
wceddkTouchPanelPowerHandler	TouchPanelPowerHandler (Windows CE 3.0 Device Driver Developement)
wceddkTouchPanelReadCalibrationAbort	TouchPanelReadCalibrationAbort (Windows CE 3.0 Device Driver Developement)
wceddkTouchPanelReadCalibrationPoint	TouchPanelReadCalibrationPoint (Windows CE 3.0 Device Driver Developement)
wceddkTouchPanelSetCalibration	TouchPanelSetCalibration (Windows CE 3.0 Device Driver Developement)
wceddkTouchPanelSetMode	TouchPanelSetMode (Windows CE 3.0 Device Driver Developement)
wceddkTranslateStringDescr	TranslateStringDescr (Windows CE 3.0 Device Driver Developement)
wceddkTypes_of_ACM_Driver	Types of ACM Driver (Windows CE 3.0 Device Driver Developement)
wceddkUSBDeviceAttach	USBDeviceAttach (Windows CE 3.0 Device Driver Developement)
wceddkUSBInstallDriver	USBInstallDriver (Windows CE 3.0 Device Driver Developement)
wceddkUSBUnInstallDriver	USBUnInstallDriver (Windows CE 3.0 Device Driver Developement)
wceddkUSB_Architecture	USB Architecture (Windows CE 3.0 Device Driver Developement)
wceddkUSB_CONFIGURATION	USB_CONFIGURATION (Windows CE 3.0 Device Driver Developement)
wceddkUSB_Components_Supplied_by_Microsoft	USB Components Supplied by Microsoft (Windows CE 3.0 Device Driver Developement)
wceddkUSB_Connectivity	USB Connectivity (Windows CE 3.0 Device Driver Developement)
wceddkUSB_DEVICE	USB_DEVICE (Windows CE 3.0 Device Driver Developement)
wceddkUSB_DRIVER_SETTINGS	USB_DRIVER_SETTINGS (Windows CE 3.0 Device Driver Developement)
wceddkUSB_Device_Driver_Attach_Processing	USB Device Driver Attach Processing (Windows CE 3.0 Device Driver Developement)
wceddkUSB_Device_Driver_Installation	USB Device Driver Installation (Windows CE 3.0 Device Driver Developement)
wceddkUSB_Device_Driver_Load_Process	USB Device Driver Load Process (Windows CE 3.0 Device Driver Developement)
wceddkUSB_Devices	USB Devices (Windows CE 3.0 Device Driver Developement)
wceddkUSB_Driver_Interface_Functions	USBD Interface Functions (Windows CE 3.0 Device Driver Developement)
wceddkUSB_ENDPOINT	USB_ENDPOINT (Windows CE 3.0 Device Driver Developement)
wceddkUSB_Host_Controller	USB Host Controller (Windows CE 3.0 Device Driver Developement)
wceddkUSB_INTERFACE	USB_INTERFACE (Windows CE 3.0 Device Driver Developement)
wceddkUSB_Power_Management	USB Power Management (Windows CE 3.0 Device Driver Developement)
wceddkUSB_Serial_Host_Driver	USB Serial Host Driver (Windows CE 3.0 Device Driver Developement)
wceddkUSB_System_Software	USB System Software (Windows CE 3.0 Device Driver Developement)
wceddkUSB_Topology	USB Topology (Windows CE 3.0 Device Driver Developement)
wceddkUSB_Transfer_Types	USB Transfer Types (Windows CE 3.0 Device Driver Developement)
wceddkUnRegisterClientSettings	UnRegisterClientSettings (Windows CE 3.0 Device Driver Developement)
wceddkUnRegisterNotificationRoutine	UnRegisterNotificationRoutine (Windows CE 3.0 Device Driver Developement)
wceddkUnited_Kingdom_Keyboard	United Kingdom Keyboard (Windows CE 3.0 Device Driver Developement)
wceddkUnited_States_Keyboard	United States Keyboard (Windows CE 3.0 Device Driver Developement)
wceddkUniversal_Serial_Bus_Drivers	Universal Serial Bus Drivers (Windows CE 3.0 Device Driver Developement)
wceddkUnloading_Stream_Interface_Drivers	Unloading Stream Interface Drivers (Windows CE 3.0 Device Driver Developement)
wceddkUsing_15_or_16_Bits_per_Pixel	Using 15 or 16 Bits per Pixel (Windows CE 3.0 Device Driver Developement)
wceddkUsing_1_Bit_per_Pixel	Using 1 Bit per Pixel (Windows CE 3.0 Device Driver Developement)
wceddkUsing_22dBits_per_Pixel	Using 2-Bits per Pixel (Windows CE 3.0 Device Driver Developement)
wceddkUsing_24_Bits_per_Pixel	Using 24 Bits per Pixel (Windows CE 3.0 Device Driver Developement)
wceddkUsing_32_Bits_per_Pixel	Using 32 Bits per Pixel (Windows CE 3.0 Device Driver Developement)
wceddkUsing_4_Bits_per_Pixel	Using 4 Bits per Pixel (Windows CE 3.0 Device Driver Developement)
wceddkUsing_5_or_6_Bits_per_Pixel	Using 5 or 6 Bits per Pixel (Windows CE 3.0 Device Driver Developement)
wceddkUsing_8_Bits_per_Pixel	Using 8 Bits per Pixel (Windows CE 3.0 Device Driver Developement)
wceddkUsing_SurfaceHeap_ddhal	Using SurfaceHeap (Windows CE 3.0 Device Driver Developement)
wceddkUsing_the_GPE_Classes	Using the GPE Classes (Windows CE 3.0 Device Driver Developement)
wceddkVIDEO_POWER_MANAGEMENT	VIDEO_POWER_MANAGEMENT (Windows CE 3.0 Device Driver Developement)
wceddkVendor_specific_Virtual_Keys	Vendor-specific Virtual Keys (Windows CE 3.0 Device Driver Developement)
wceddkVictoria_PCI_Graphics_Development_Board_for_Windows_CE	Victoria PCI Graphics Development Board for Windows CE (Windows CE 3.0 Device Driver Developement)
wceddkVirtual_Key_Codes	Virtual-Key Codes (Windows CE 3.0 Device Driver Developement)
wceddkWAVEOPENDESC	WAVEOPENDESC (Windows CE 3.0 Device Driver Developement)
wceddkWAV_Close	WAV_Close (Windows CE 3.0 Device Driver Developement)
wceddkWAV_Deinit	WAV_Deinit (Windows CE 3.0 Device Driver Developement)
wceddkWAV_IOControl	WAV_IOControl (Windows CE 3.0 Device Driver Developement)
wceddkWAV_Init	WAV_Init (Windows CE 3.0 Device Driver Developement)
wceddkWAV_Open	WAV_Open (Windows CE 3.0 Device Driver Developement)
wceddkWAV_PowerDown	WAV_PowerDown (Windows CE 3.0 Device Driver Developement)
wceddkWAV_PowerUp	WAV_PowerUp (Windows CE 3.0 Device Driver Developement)
wceddkWAV_Read	WAV_Read (Windows CE 3.0 Device Driver Developement)
wceddkWAV_Seek	WAV_Seek (Windows CE 3.0 Device Driver Developement)
wceddkWAV_Write	WAV_Write (Windows CE 3.0 Device Driver Developement)
wceddkWIDM_ADDBUFFER	WIDM_ADDBUFFER (Windows CE 3.0 Device Driver Developement)
wceddkWIDM_CLOSE	WIDM_CLOSE (Windows CE 3.0 Device Driver Developement)
wceddkWIDM_GETDEVCAPS	WIDM_GETDEVCAPS (Windows CE 3.0 Device Driver Developement)
wceddkWIDM_GETNUMDEVS	WIDM_GETNUMDEVS (Windows CE 3.0 Device Driver Developement)
wceddkWIDM_GETPOS	WIDM_GETPOS (Windows CE 3.0 Device Driver Developement)
wceddkWIDM_OPEN	WIDM_OPEN (Windows CE 3.0 Device Driver Developement)
wceddkWIDM_PREPARE	WIDM_PREPARE (Windows CE 3.0 Device Driver Developement)
wceddkWIDM_RESET	WIDM_RESET (Windows CE 3.0 Device Driver Developement)
wceddkWIDM_START	WIDM_START (Windows CE 3.0 Device Driver Developement)
wceddkWIDM_STOP	WIDM_STOP (Windows CE 3.0 Device Driver Developement)
wceddkWIDM_UNPREPARE	WIDM_UNPREPARE (Windows CE 3.0 Device Driver Developement)
wceddkWODM_BREAKLOOP	WODM_BREAKLOOP (Windows CE 3.0 Device Driver Developement)
wceddkWODM_CLOSE	WODM_CLOSE (Windows CE 3.0 Device Driver Developement)
wceddkWODM_GETDEVCAPS	WODM_GETDEVCAPS (Windows CE 3.0 Device Driver Developement)
wceddkWODM_GETNUMDEVS	WODM_GETNUMDEVS (Windows CE 3.0 Device Driver Developement)
wceddkWODM_GETPITCH	WODM_GETPITCH (Windows CE 3.0 Device Driver Developement)
wceddkWODM_GETPLAYBACKRATE	WODM_GETPLAYBACKRATE (Windows CE 3.0 Device Driver Developement)
wceddkWODM_GETPOS	WODM_GETPOS (Windows CE 3.0 Device Driver Developement)
wceddkWODM_GETVOLUME	WODM_GETVOLUME (Windows CE 3.0 Device Driver Developement)
wceddkWODM_OPEN	WODM_OPEN (Windows CE 3.0 Device Driver Developement)
wceddkWODM_PAUSE	WODM_PAUSE (Windows CE 3.0 Device Driver Developement)
wceddkWODM_PREPARE	WODM_PREPARE (Windows CE 3.0 Device Driver Developement)
wceddkWODM_RESET	WODM_RESET (Windows CE 3.0 Device Driver Developement)
wceddkWODM_RESTART	WODM_RESTART (Windows CE 3.0 Device Driver Developement)
wceddkWODM_SETPITCH	WODM_SETPITCH (Windows CE 3.0 Device Driver Developement)
wceddkWODM_SETPLAYBACKRATE	WODM_SETPLAYBACKRATE (Windows CE 3.0 Device Driver Developement)
wceddkWODM_SETVOLUME	WODM_SETVOLUME (Windows CE 3.0 Device Driver Developement)
wceddkWODM_UNPREPARE	WODM_UNPREPARE (Windows CE 3.0 Device Driver Developement)
wceddkWODM_WRITE	WODM_WRITE (Windows CE 3.0 Device Driver Developement)
wceddkWPDM_CLOSE	WPDM_CLOSE (Windows CE 3.0 Device Driver Developement)
wceddkWPDM_CONTINUE	WPDM_CONTINUE (Windows CE 3.0 Device Driver Developement)
wceddkWPDM_ENDOFDATA	WPDM_ENDOFDATA (Windows CE 3.0 Device Driver Developement)
wceddkWPDM_GETDEVCAPS	WPDM_GETDEVCAPS (Windows CE 3.0 Device Driver Developement)
wceddkWPDM_GETVOLUME	WPDM_GETVOLUME (Windows CE 3.0 Device Driver Developement)
wceddkWPDM_OPEN	WPDM_OPEN (Windows CE 3.0 Device Driver Developement)
wceddkWPDM_PAUSE	WPDM_PAUSE (Windows CE 3.0 Device Driver Developement)
wceddkWPDM_RESTART	WPDM_RESTART (Windows CE 3.0 Device Driver Developement)
wceddkWPDM_SETVOLUME	WPDM_SETVOLUME (Windows CE 3.0 Device Driver Developement)
wceddkWPDM_STANDBY	WPDM_STANDBY (Windows CE 3.0 Device Driver Developement)
wceddkWPDM_START	WPDM_START (Windows CE 3.0 Device Driver Developement)
wceddkWPDM_STOP	WPDM_STOP (Windows CE 3.0 Device Driver Developement)
wceddkWindows_CE_Communications_Architecture	Windows CE Communications Architecture (Windows CE 3.0 Device Driver Developement)
wceddkWindows_CE_Implementation_of_NDIS	Windows CE Implementation of NDIS (Windows CE 3.0 Device Driver Developement)
wceddkWindows_CE_Miniport_Driver_Architecture	HWindows CE Miniport-Driver Architecture (Windows CE 3.0 Device Driver Developement)
wceddkWrapSurface_ddhal	WrapSurface (Windows CE 3.0 Device Driver Developement)
wceddkWriting_USB_Device_Drivers	Writing USB Device Drivers (Windows CE 3.0 Device Driver Developement)
wceddkWriting_a_DirectDraw_Display_Driver_without_DDGPE_ddhal	Writing a DirectDraw Display Driver without DDGPE (Windows CE 3.0 Device Driver Developement)
wceddkWriting_a_Miniport_Driver	Writing a Miniport Driver (Windows CE 3.0 Device Driver Developement)
wceddkWriting_a_Stream_Interface_Driver_DLL	Writing a Stream Interface Driver DLL (Windows CE 3.0 Device Driver Developement)
wceddkWriting_an_HCD_Module	Writing an HCD Module (Windows CE 3.0 Device Driver Developement)
wceddkXXX_Close	XXX_Close (Windows CE 3.0 Device Driver Developement)
wceddkXXX_Deinit	XXX_Deinit (Windows CE 3.0 Device Driver Developement)
wceddkXXX_IOControl	XXX_IOControl (Windows CE 3.0 Device Driver Developement)
wceddkXXX_Init	XXX_Init (Windows CE 3.0 Device Driver Developement)
wceddkXXX_Open	XXX_Open (Windows CE 3.0 Device Driver Developement)
wceddkXXX_PowerDown	XXX_PowerDown (Windows CE 3.0 Device Driver Developement)
wceddkXXX_PowerUp	XXX_PowerUp (Windows CE 3.0 Device Driver Developement)
wceddkXXX_Read	XXX_Read (Windows CE 3.0 Device Driver Developement)
wceddkXXX_Seek	XXX_Seek (Windows CE 3.0 Device Driver Developement)
wceddkXXX_Write	XXX_Write (Windows CE 3.0 Device Driver Developement)
wceddkallocsurface_ddhal	AllocSurface (Windows CE 3.0 Device Driver Developement)
wceddkbuildDDHALInfo_ddhal	buildDDHALInfo (Windows CE 3.0 Device Driver Developement)
wceddkddgpe_class_definition_ddhal	DDGPE Class Definition (Windows CE 3.0 Device Driver Developement)
wceddkddgpesurf_class_definition_ddhal	DDGPESurf Class Definition (Windows CE 3.0 Device Driver Developement)
wceddkddhal_addattachedsurface	AddAttachedSurface (Windows CE 3.0 Device Driver Developement)
wceddkddhal_attachlist	ATTACHLIST (Windows CE 3.0 Device Driver Developement)
wceddkddhal_blt	Blt (Windows CE 3.0 Device Driver Developement)
wceddkddhal_callback_functions	Callback Functions (Windows CE 3.0 Device Driver Developement)
wceddkddhal_callbacks_and_capabilities_ddhal	DDHAL Callbacks and Capabilities (Windows CE 3.0 Device Driver Developement)
wceddkddhal_cancreatesurface	CanCreateSurface (Windows CE 3.0 Device Driver Developement)
wceddkddhal_cancreatevideoport	CanCreateVideoPort (Windows CE 3.0 Device Driver Developement)
wceddkddhal_color_control_callback_functions	Color Control Callback Functions (Windows CE 3.0 Device Driver Developement)
wceddkddhal_colorcontrol	ColorControl (Windows CE 3.0 Device Driver Developement)
wceddkddhal_colorcontrol_vp	ColorControl (Windows CE 3.0 Device Driver Developement)
wceddkddhal_createpalette	CreatePalette (Windows CE 3.0 Device Driver Developement)
wceddkddhal_createsurface	CreateSurface (Windows CE 3.0 Device Driver Developement)
wceddkddhal_createvideoport	CreateVideoPort (Windows CE 3.0 Device Driver Developement)
wceddkddhal_dblnode	DBLNODE (Windows CE 3.0 Device Driver Developement)
wceddkddhal_ddcorecaps	DDCORECAPS (Windows CE 3.0 Device Driver Developement)
wceddkddhal_ddhal_addattachedsurfacedata	DDHAL_ADDATTACHEDSURFACEDATA (Windows CE 3.0 Device Driver Developement)
wceddkddhal_ddhal_bltdata	DDHAL_BLTDATA (Windows CE 3.0 Device Driver Developement)
wceddkddhal_ddhal_callbacks	DDHAL_CALLBACKS (Windows CE 3.0 Device Driver Developement)
wceddkddhal_ddhal_cancreatesurfacedata	DDHAL_CANCREATESURFACEDATA (Windows CE 3.0 Device Driver Developement)
wceddkddhal_ddhal_cancreatevportdata	DDHAL_CANCREATEVPORTDATA (Windows CE 3.0 Device Driver Developement)
wceddkddhal_ddhal_colorcontroldata	DDHAL_COLORCONTROLDATA (Windows CE 3.0 Device Driver Developement)
wceddkddhal_ddhal_createpalettedata	DDHAL_CREATEPALETTEDATA (Windows CE 3.0 Device Driver Developement)
wceddkddhal_ddhal_createsurfacedata	DDHAL_CREATESURFACEDATA (Windows CE 3.0 Device Driver Developement)
wceddkddhal_ddhal_createvportdata	DDHAL_CREATEVPORTDATA (Windows CE 3.0 Device Driver Developement)
wceddkddhal_ddhal_ddcallbacks	DDHAL_DDCALLBACKS (Windows CE 3.0 Device Driver Developement)
wceddkddhal_ddhal_ddcolorcontrolcallbacks	DDHAL_DDCOLORCONTROLCALLBACKS (Windows CE 3.0 Device Driver Developement)
wceddkddhal_ddhal_ddexebufcallbacks	DDHAL_DDEXEBUFCALLBACKS (Windows CE 3.0 Device Driver Developement)
wceddkddhal_ddhal_ddmiscellaneouscallbacks	DDHAL_DDMISCELLANEOUSCALLBACKS (Windows CE 3.0 Device Driver Developement)
wceddkddhal_ddhal_ddpalettecallbacks	DDHAL_DDPALETTECALLBACKS (Windows CE 3.0 Device Driver Developement)
wceddkddhal_ddhal_ddsurfacecallbacks	DDHAL_DDSURFACECALLBACKS (Windows CE 3.0 Device Driver Developement)
wceddkddhal_ddhal_ddvideoportcallbacks	DDHAL_DDVIDEOPORTCALLBACKS (Windows CE 3.0 Device Driver Developement)
wceddkddhal_ddhal_destroydriverdata	DDHAL_DESTROYDRIVERDATA (Windows CE 3.0 Device Driver Developement)
wceddkddhal_ddhal_destroypalettedata	DDHAL_DESTROYPALETTEDATA (Windows CE 3.0 Device Driver Developement)
wceddkddhal_ddhal_destroysurfacedata	DDHAL_DESTROYSURFACEDATA (Windows CE 3.0 Device Driver Developement)
wceddkddhal_ddhal_destroyvportdata	DDHAL_DESTROYVPORTDATA (Windows CE 3.0 Device Driver Developement)
wceddkddhal_ddhal_flipdata	DDHAL_FLIPDATA (Windows CE 3.0 Device Driver Developement)
wceddkddhal_ddhal_fliptogdisurfacedata	DDHAL_FLIPTOGDISURFACEDATA (Windows CE 3.0 Device Driver Developement)
wceddkddhal_ddhal_flipvportdata	DDHAL_FLIPVPORTDATA (Windows CE 3.0 Device Driver Developement)
wceddkddhal_ddhal_getavaildrivermemorydata	DDHAL_GETAVAILDRIVERMEMORYDATA (Windows CE 3.0 Device Driver Developement)
wceddkddhal_ddhal_getbltstatusdata	DDHAL_GETBLTSTATUSDATA (Windows CE 3.0 Device Driver Developement)
wceddkddhal_ddhal_getdriverinfodata	DDHAL_GETDRIVERINFODATA (Windows CE 3.0 Device Driver Developement)
wceddkddhal_ddhal_getflipstatusdata	DDHAL_GETFLIPSTATUSDATA (Windows CE 3.0 Device Driver Developement)
wceddkddhal_ddhal_getheapalignmentdata	DDHAL_GETHEAPALIGNMENTDATA (Windows CE 3.0 Device Driver Developement)
wceddkddhal_ddhal_getscanlinedata	DDHAL_GETSCANLINEDATA (Windows CE 3.0 Device Driver Developement)
wceddkddhal_ddhal_getvportbandwidthdata	DDHAL_GETVPORTBANDWIDTHDATA (Windows CE 3.0 Device Driver Developement)
wceddkddhal_ddhal_getvportconnectdata	DDHAL_GETVPORTCONNECTDATA (Windows CE 3.0 Device Driver Developement)
wceddkddhal_ddhal_getvportfielddata	DDHAL_GETVPORTFIELDDATA (Windows CE 3.0 Device Driver Developement)
wceddkddhal_ddhal_getvportflipstatusdata	DDHAL_GETVPORTFLIPSTATUSDATA (Windows CE 3.0 Device Driver Developement)
wceddkddhal_ddhal_getvportinputformatdata	DDHAL_GETVPORTINPUTFORMATDATA (Windows CE 3.0 Device Driver Developement)
wceddkddhal_ddhal_getvportlinedata	DDHAL_GETVPORTLINEDATA (Windows CE 3.0 Device Driver Developement)
wceddkddhal_ddhal_getvportoutputformatdata	DDHAL_GETVPORTOUTPUTFORMATDATA (Windows CE 3.0 Device Driver Developement)
wceddkddhal_ddhal_getvportsignaldata	DDHAL_GETVPORTSIGNALDATA (Windows CE 3.0 Device Driver Developement)
wceddkddhal_ddhal_lockdata	DDHAL_LOCKDATA (Windows CE 3.0 Device Driver Developement)
wceddkddhal_ddhal_setcliplistdata	DDHAL_SETCLIPLISTDATA (Windows CE 3.0 Device Driver Developement)
wceddkddhal_ddhal_setcolorkeydata	DDHAL_SETCOLORKEYDATA (Windows CE 3.0 Device Driver Developement)
wceddkddhal_ddhal_setentriesdata	DDHAL_SETENTRIESDATA (Windows CE 3.0 Device Driver Developement)
wceddkddhal_ddhal_setexclusivemodedata	DDHAL_SETEXCLUSIVEMODEDATA (Windows CE 3.0 Device Driver Developement)
wceddkddhal_ddhal_setmodedata	DDHAL_SETMODEDATA (Windows CE 3.0 Device Driver Developement)
wceddkddhal_ddhal_setoverlaypositiondata	DDHAL_SETOVERLAYPOSITIONDATA (Windows CE 3.0 Device Driver Developement)
wceddkddhal_ddhal_setpalettedata	DDHAL_SETPALETTEDATA (Windows CE 3.0 Device Driver Developement)
wceddkddhal_ddhal_unlockdata	DDHAL_UNLOCKDATA (Windows CE 3.0 Device Driver Developement)
wceddkddhal_ddhal_updatenonlocalheapdata	DDHAL_UPDATENONLOCALHEAPDATA (Windows CE 3.0 Device Driver Developement)
wceddkddhal_ddhal_updateoverlaydata	DDHAL_UPDATEOVERLAYDATA (Windows CE 3.0 Device Driver Developement)
wceddkddhal_ddhal_updatevportdata	DDHAL_UPDATEVPORTDATA (Windows CE 3.0 Device Driver Developement)
wceddkddhal_ddhal_vportcolordata	DDHAL_VPORTCOLORDATA (Windows CE 3.0 Device Driver Developement)
wceddkddhal_ddhal_waitforverticalblankdata	DDHAL_WAITFORVERTICALBLANKDATA (Windows CE 3.0 Device Driver Developement)
wceddkddhal_ddhal_waitforvportsyncdata	DDHAL_WAITFORVPORTSYNCDATA (Windows CE 3.0 Device Driver Developement)
wceddkddhal_ddhalinfo	DDHALINFO (Windows CE 3.0 Device Driver Developement)
wceddkddhal_ddhalmodeinfo	DDHALMODEINFO (Windows CE 3.0 Device Driver Developement)
wceddkddhal_ddmorecaps	DDMORECAPS (Windows CE 3.0 Device Driver Developement)
wceddkddhal_ddmoresurfacecaps	DDMORESURFACECAPS (Windows CE 3.0 Device Driver Developement)
wceddkddhal_ddnonlocalvidmemcaps	DDNONLOCALVIDMEMCAPS (Windows CE 3.0 Device Driver Developement)
wceddkddhal_ddrawi_ddrawclipper_gbl	DDRAWI_DDRAWCLIPPER_GBL (Windows CE 3.0 Device Driver Developement)
wceddkddhal_ddrawi_ddrawclipper_int	DDRAWI_DDRAWCLIPPER_INT (Windows CE 3.0 Device Driver Developement)
wceddkddhal_ddrawi_ddrawclipper_lcl	DDRAWI_DDRAWCLIPPER_LCL (Windows CE 3.0 Device Driver Developement)
wceddkddhal_ddrawi_ddrawpalette_gbl	DDRAWI_DDRAWPALETTE_GBL (Windows CE 3.0 Device Driver Developement)
wceddkddhal_ddrawi_ddrawpalette_int	DDRAWI_DDRAWPALETTE_INT (Windows CE 3.0 Device Driver Developement)
wceddkddhal_ddrawi_ddrawpalette_lcl	DDRAWI_DDRAWPALETTE_LCL (Windows CE 3.0 Device Driver Developement)
wceddkddhal_ddrawi_ddrawsurface_gbl	DDRAWI_DDRAWSURFACE_GBL (Windows CE 3.0 Device Driver Developement)
wceddkddhal_ddrawi_ddrawsurface_gbl_more	DDRAWI_DDRAWSURFACE_GBL_MORE (Windows CE 3.0 Device Driver Developement)
wceddkddhal_ddrawi_ddrawsurface_int	DDRAWI_DDRAWSURFACE_INT (Windows CE 3.0 Device Driver Developement)
wceddkddhal_ddrawi_ddrawsurface_lcl	DDRAWI_DDRAWSURFACE_LCL (Windows CE 3.0 Device Driver Developement)
wceddkddhal_ddrawi_ddrawsurface_more	DDRAWI_DDRAWSURFACE_MORE (Windows CE 3.0 Device Driver Developement)
wceddkddhal_ddrawi_ddvideoport_int	DDRAWI_DDVIDEOPORT_INT (Windows CE 3.0 Device Driver Developement)
wceddkddhal_ddrawi_ddvideoport_lcl	DDRAWI_DDVIDEOPORT_LCL (Windows CE 3.0 Device Driver Developement)
wceddkddhal_ddrawi_directdraw_gbl	DDRAWI_DIRECTDRAW_GBL (Windows CE 3.0 Device Driver Developement)
wceddkddhal_ddrawi_directdraw_int	DDRAWI_DIRECTDRAW_INT (Windows CE 3.0 Device Driver Developement)
wceddkddhal_ddrawi_directdraw_lcl	DDRAWI_DIRECTDRAW_LCL (Windows CE 3.0 Device Driver Developement)
wceddkddhal_destroydriver	DestroyDriver (Windows CE 3.0 Device Driver Developement)
wceddkddhal_destroypalette	DestroyPalette (Windows CE 3.0 Device Driver Developement)
wceddkddhal_destroysurface	DestroySurface (Windows CE 3.0 Device Driver Developement)
wceddkddhal_destroyvideoport	DestroyVideoPort (Windows CE 3.0 Device Driver Developement)
wceddkddhal_directdraw_callback_functions	DirectDraw Callback Functions (Windows CE 3.0 Device Driver Developement)
wceddkddhal_directdraw_driver_extension_callback	DirectDraw Driver Extension Callback (Windows CE 3.0 Device Driver Developement)
wceddkddhal_directdraw_driver_reference	DirectDraw Driver Reference (Windows CE 3.0 Device Driver Developement)
wceddkddhal_directdrawpalette_callback_functions	DirectDrawPalette Callback Functions (Windows CE 3.0 Device Driver Developement)
wceddkddhal_directdrawsurface_callback_functions	DirectDrawSurface Callback Functions (Windows CE 3.0 Device Driver Developement)
wceddkddhal_flip	Flip (Windows CE 3.0 Device Driver Developement)
wceddkddhal_fliptogdisurface	FlipToGDISurface (Windows CE 3.0 Device Driver Developement)
wceddkddhal_flipvideoport	FlipVideoPort (Windows CE 3.0 Device Driver Developement)
wceddkddhal_get_lpddrawsurface_gbl_more	GET_LPDDRAWSURFACE_GBL_MORE (Windows CE 3.0 Device Driver Developement)
wceddkddhal_getavaildrivermemory	GetAvailDriverMemory (Windows CE 3.0 Device Driver Developement)
wceddkddhal_getbltstatus	GetBltStatus (Windows CE 3.0 Device Driver Developement)
wceddkddhal_getdriverinfo	GetDriverInfo (Windows CE 3.0 Device Driver Developement)
wceddkddhal_getflipstatus	GetFlipStatus (Windows CE 3.0 Device Driver Developement)
wceddkddhal_getheapalignment	GetHeapAlignment (Windows CE 3.0 Device Driver Developement)
wceddkddhal_getscanline	GetScanLine (Windows CE 3.0 Device Driver Developement)
wceddkddhal_getsysmembltstatus	GetSysmemBltStatus (Windows CE 3.0 Device Driver Developement)
wceddkddhal_getvideoportbandwidth	GetVideoPortBandwidth (Windows CE 3.0 Device Driver Developement)
wceddkddhal_getvideoportconnectinfo	GetVideoPortConnectInfo (Windows CE 3.0 Device Driver Developement)
wceddkddhal_getvideoportfield	GetVideoPortField (Windows CE 3.0 Device Driver Developement)
wceddkddhal_getvideoportflipstatus	GetVideoPortFlipStatus (Windows CE 3.0 Device Driver Developement)
wceddkddhal_getvideoportinputformats	GetVideoPortInputFormats (Windows CE 3.0 Device Driver Developement)
wceddkddhal_getvideoportline	GetVideoPortLine (Windows CE 3.0 Device Driver Developement)
wceddkddhal_getvideoportoutputformats	GetVideoPortOutputFormats (Windows CE 3.0 Device Driver Developement)
wceddkddhal_getvideosignalstatus	GetVideoSignalStatus (Windows CE 3.0 Device Driver Developement)
wceddkddhal_lock	Lock (Windows CE 3.0 Device Driver Developement)
wceddkddhal_macros	Macros (Windows CE 3.0 Device Driver Developement)
wceddkddhal_miscellaneous_callback_functions	Miscellaneous Callback Functions (Windows CE 3.0 Device Driver Developement)
wceddkddhal_return_values	Return Values (Windows CE 3.0 Device Driver Developement)
wceddkddhal_setcliplist	SetClipList (Windows CE 3.0 Device Driver Developement)
wceddkddhal_setcolorkey	SetColorKey (Windows CE 3.0 Device Driver Developement)
wceddkddhal_setentries	SetEntries (Windows CE 3.0 Device Driver Developement)
wceddkddhal_setexclusivemode	SetExclusiveMode (Windows CE 3.0 Device Driver Developement)
wceddkddhal_setmode	SetMode (Windows CE 3.0 Device Driver Developement)
wceddkddhal_setoverlayposition	SetOverlayPosition (Windows CE 3.0 Device Driver Developement)
wceddkddhal_setpalette	SetPalette (Windows CE 3.0 Device Driver Developement)
wceddkddhal_structures	Structures (Windows CE 3.0 Device Driver Developement)
wceddkddhal_surface_physicalvidmem	SURFACE_PHYSICALVIDMEM (Windows CE 3.0 Device Driver Developement)
wceddkddhal_unlock	Unlock (Windows CE 3.0 Device Driver Developement)
wceddkddhal_updatenonlocalheap	UpdateNonLocalHeap (Windows CE 3.0 Device Driver Developement)
wceddkddhal_updateoverlay	UpdateOverlay (Windows CE 3.0 Device Driver Developement)
wceddkddhal_updatevideoport	UpdateVideoPort (Windows CE 3.0 Device Driver Developement)
wceddkddhal_video_port_extension_callback_functions	Video Port Extension Callback Functions (Windows CE 3.0 Device Driver Developement)
wceddkddhal_vidmem	VIDMEM (Windows CE 3.0 Device Driver Developement)
wceddkddhal_vidmeminfo	VIDMEMINFO (Windows CE 3.0 Device Driver Developement)
wceddkddhal_waitforverticalblank	WaitForVerticalBlank (Windows CE 3.0 Device Driver Developement)
wceddkddhal_waitforvideoportsync	WaitForVideoPortSync (Windows CE 3.0 Device Driver Developement)
wceddkdirectsound_and_the_waveform_audio_api	DirectSound and the Waveform Audio API (Windows CE 3.0 Device Driver Developement)
wceddkdirectsound_hal_architecture	DirectSound HAL Architecture (Windows CE 3.0 Device Driver Developement)
wceddkdirectsound_hal_interfaces	DirectSound HAL Interfaces (Windows CE 3.0 Device Driver Developement)
wceddkdirectsound_hardware_abstraction_layer	DirectSound Hardware Abstraction Layer (Windows CE 3.0 Device Driver Developement)
wceddkdriver_registration	Driver Registration (Windows CE 3.0 Device Driver Developement)
wceddkexported_ddhal_functions_ddhal	Exported DDHAL Functions (Windows CE 3.0 Device Driver Developement)
wceddkg_nVideoMemorySize_ddhal	g_nVideoMemorySize (Windows CE 3.0 Device Driver Developement)
wceddkg_pDDrawPrimarySurface_ddhal	g_pDDrawPrimarySurface (Windows CE 3.0 Device Driver Developement)
wceddkg_pGPE_ddhal	g_pGPE (Windows CE 3.0 Device Driver Developement)
wceddkg_pVideoMemory_ddhal	g_pVideoMemory (Windows CE 3.0 Device Driver Developement)
wceddkidsdriver__close	IDsDriver::Close (Windows CE 3.0 Device Driver Developement)
wceddkidsdriver__createsoundbuffer	IDsDriver::CreateSoundBuffer (Windows CE 3.0 Device Driver Developement)
wceddkidsdriver__duplicatesoundbuffer	IDsDriver::DuplicateSoundBuffer (Windows CE 3.0 Device Driver Developement)
wceddkidsdriver__getcaps	IDsDriver::GetCaps (Windows CE 3.0 Device Driver Developement)
wceddkidsdriver__getdriverdesc	IDsDriver::GetDriverDesc (Windows CE 3.0 Device Driver Developement)
wceddkidsdriver__open	IDsDriver::Open (Windows CE 3.0 Device Driver Developement)
wceddkidsdriver_interface	IDsDriver Interface (Windows CE 3.0 Device Driver Developement)
wceddkidsdriverbuffer__getposition	IDsDriverBuffer::GetPosition (Windows CE 3.0 Device Driver Developement)
wceddkidsdriverbuffer__getstatus	IDsDriverBuffer::GetStatus (Windows CE 3.0 Device Driver Developement)
wceddkidsdriverbuffer__lock	IDsDriverBuffer::Lock (Windows CE 3.0 Device Driver Developement)
wceddkidsdriverbuffer__play	IDsDriverBuffer::Play (Windows CE 3.0 Device Driver Developement)
wceddkidsdriverbuffer__setformat	IDsDriverBuffer::SetFormat (Windows CE 3.0 Device Driver Developement)
wceddkidsdriverbuffer__setfrequency	IDsDriverBuffer::SetFrequency (Windows CE 3.0 Device Driver Developement)
wceddkidsdriverbuffer__setposition	IDsDriverBuffer::SetPosition (Windows CE 3.0 Device Driver Developement)
wceddkidsdriverbuffer__setvolumepan	IDsDriverBuffer::SetVolumePan (Windows CE 3.0 Device Driver Developement)
wceddkidsdriverbuffer__stop	IDsDriverBuffer::Stop (Windows CE 3.0 Device Driver Developement)
wceddkidsdriverbuffer__unlock	IDsDriverBuffer::Unlock (Windows CE 3.0 Device Driver Developement)
wceddkidsdriverbuffer_interface	IDsDriverBuffer Interface (Windows CE 3.0 Device Driver Developement)
wceddkimplementation_differences	Implementation Differences (Windows CE 3.0 Device Driver Developement)
wceddkm_dwPhysicalModeID_ddhal	m_dwPhysicalModeID (Windows CE 3.0 Device Driver Developement)
wceddkm_pModeEx_ddhal	m_pModeEx (Windows CE 3.0 Device Driver Developement)
wceddkresponsibilities_of_the_driver_writer	Responsibilities of the Driver Writer (Windows CE 3.0 Device Driver Developement)
wceddksurfaceheap_class_definition_ddhal	SurfaceHeap Class Definition (Windows CE 3.0 Device Driver Developement)
wcegmm_About_DirectSound_dsound	About DirectSound (Windows CE 3.0 Graphics and Multimedia)
wcegmm_Access_to_the_Primary_Buffer_dsound	Access to the Primary Buffer (Windows CE 3.0 Graphics and Multimedia)
wcegmm_Adding_Filters_to_the_Graph	Adding Filters to the Graph (Windows CE 3.0 Graphics and Multimedia)
wcegmm_Allocating_Audio_Data_Blocks	Allocating Audio Data Blocks (Windows CE 3.0 Graphics and Multimedia)
wcegmm_Allocators	Allocators (Windows CE 3.0 Graphics and Multimedia)
wcegmm_Architectural_Overview_for_DirectSound_dsound	Architectural Overview for DirectSound (Windows CE 3.0 Graphics and Multimedia)
wcegmm_Buffer_Basics_dsound	Buffer Basics (Windows CE 3.0 Graphics and Multimedia)
wcegmm_Buffer_Control_Options_dsound	Buffer Control Options (Windows CE 3.0 Graphics and Multimedia)
wcegmm_Buffer_Management_dsound	Buffer Management (Windows CE 3.0 Graphics and Multimedia)
wcegmm_Capture_Buffer_Information_dsound	Capture Buffer Information (Windows CE 3.0 Graphics and Multimedia)
wcegmm_Capture_Buffer_Notification_dsound	Capture Buffer Notification (Windows CE 3.0 Graphics and Multimedia)
wcegmm_Capture_Device_Capabilities_dsound	Capture Device Capabilities (Windows CE 3.0 Graphics and Multimedia)
wcegmm_Capture_Overview_dsound	Capture Overview (Windows CE 3.0 Graphics and Multimedia)
wcegmm_Capturing_Sounds_dsound	Capturing Sounds (Windows CE 3.0 Graphics and Multimedia)
wcegmm_Changing_the_Pitch_and_Playback_Rate	Changing the Pitch and Playback Rate (Windows CE 3.0 Graphics and Multimedia)
wcegmm_Changing_the_Volume_of_Waveform_Audio_Playback	Changing the Volume of Waveform Audio Playback (Windows CE 3.0 Graphics and Multimedia)
wcegmm_Clipping_Regions	Clipping Regions (Windows CE 3.0 Graphics and Multimedia)
wcegmm_Clocks	Clocks (Windows CE 3.0 Graphics and Multimedia)
wcegmm_Closing_Waveform_Audio_Output_Devices	Closing Waveform Audio Output Devices (Windows CE 3.0 Graphics and Multimedia)
wcegmm_Compressed_Wave_Formats_dsound	Compressed Wave Formats (Windows CE 3.0 Graphics and Multimedia)
wcegmm_Cooperative_Levels_dsound	Cooperative Levels (Windows CE 3.0 Graphics and Multimedia)
wcegmm_Creating_Bitmaps	Creating Bitmaps (Windows CE 3.0 Graphics and Multimedia)
wcegmm_Creating_Secondary_Buffers_dsound	Creating Secondary Buffers (Windows CE 3.0 Graphics and Multimedia)
wcegmm_Creating_Shapes_and_Lines	Creating Shapes and Lines (Windows CE 3.0 Graphics and Multimedia)
wcegmm_Creating_a_Capture_Buffer_dsound	Creating a Capture Buffer (Windows CE 3.0 Graphics and Multimedia)
wcegmm_Creating_the_DirectSoundCapture_Object_dsound	Creating the DirectSoundCapture Object (Windows CE 3.0 Graphics and Multimedia)
wcegmm_Creating_the_DirectSound_Object_dsound	Creating the DirectSound Object (Windows CE 3.0 Graphics and Multimedia)
wcegmm_Current_Play_and_Write_Positions_dsound	Current Play and Write Positions (Windows CE 3.0 Graphics and Multimedia)
wcegmm_Custom_Mixers_dsound	Custom Mixers (Windows CE 3.0 Graphics and Multimedia)
wcegmm_Deallocating_Memory_Blocks_Associated_with_Audio_Data	Deallocating Memory Blocks Associated with Audio Data (Windows CE 3.0 Graphics and Multimedia)
wcegmm_Device_Capabilities_dsound	Device Capabilities (Windows CE 3.0 Graphics and Multimedia)
wcegmm_DirectSoundCapture_dsound	DirectSoundCapture (Windows CE 3.0 Graphics and Multimedia)
wcegmm_DirectSound_Architecture_dsound	DirectSound Architecture (Windows CE 3.0 Graphics and Multimedia)
wcegmm_DirectSound_Buffers_dsound	DirectSound Buffers (Windows CE 3.0 Graphics and Multimedia)
wcegmm_DirectSound_Devices_dsound	DirectSound Devices (Windows CE 3.0 Graphics and Multimedia)
wcegmm_DirectSound_Essentials_dsound	DirectSound Essentials (Windows CE 3.0 Graphics and Multimedia)
wcegmm_DirectSound_Waveform_Driver_Emulation	DirectSound Waveform Driver Emulation (Windows CE 3.0 Graphics and Multimedia)
wcegmm_DirectSound_dsound	DirectSound (Windows CE 3.0 Graphics and Multimedia)
wcegmm_Enumeration_of_Capture_Devices_dsound	Enumeration of Capture Devices (Windows CE 3.0 Graphics and Multimedia)
wcegmm_Enumeration_of_Sound_Devices_dsound	Enumeration of Sound Devices (Windows CE 3.0 Graphics and Multimedia)
wcegmm_Filters	Filters (Windows CE 3.0 Graphics and Multimedia)
wcegmm_Finding_the_Filters	Finding the Filters (Windows CE 3.0 Graphics and Multimedia)
wcegmm_GDI_Support	GDI Support (Windows CE 3.0 Graphics and Multimedia)
wcegmm_Getting_a_Handle_to_a_Device_Context	Getting a Handle to a Device Context (Windows CE 3.0 Graphics and Multimedia)
wcegmm_Graph_Building_with_Intelligent_Connect	Graph Building with Intelligent Connect (Windows CE 3.0 Graphics and Multimedia)
wcegmm_Graphics_and_Multimedia	Graphics and Multimedia (Windows CE 3.0 Graphics and Multimedia)
wcegmm_Handling_Errors_Generated_by_Audio_Functions	Handling Errors Generated by Audio Functions (Windows CE 3.0 Graphics and Multimedia)
wcegmm_Hardware_Abstraction_and_Emulation_dsound	Hardware Abstraction and Emulation (Windows CE 3.0 Graphics and Multimedia)
wcegmm_Looping_Playback	Looping Playback (Windows CE 3.0 Graphics and Multimedia)
wcegmm_Matching_Buffer_Formats_dsound	Matching Buffer Formats (Windows CE 3.0 Graphics and Multimedia)
wcegmm_Media_Samples	Media Samples (Windows CE 3.0 Graphics and Multimedia)
wcegmm_Minimizing_Control_Changes_dsound	Minimizing Control Changes (Windows CE 3.0 Graphics and Multimedia)
wcegmm_Mixing_Sounds_dsound	Mixing Sounds (Windows CE 3.0 Graphics and Multimedia)
wcegmm_Modifying_a_Device_Context	Modifying a Device Context (Windows CE 3.0 Graphics and Multimedia)
wcegmm_Movement_of_Data_Through_the_Filter_Graph	Movement of Data Through the Filter Graph (Windows CE 3.0 Graphics and Multimedia)
wcegmm_Obtaining_a_Display_Device_Context	Obtaining a Display Device Context (Windows CE 3.0 Graphics and Multimedia)
wcegmm_Obtaining_a_Memory_and_Printer_Device_Context	Obtaining a Memory and Printer Device Context (Windows CE 3.0 Graphics and Multimedia)
wcegmm_Opening_Waveform_Audio_Output_Devices	Opening Waveform Audio Output Devices (Windows CE 3.0 Graphics and Multimedia)
wcegmm_Optimizing_DirectSound_Performance_dsound	Optimizing DirectSound Performance (Windows CE 3.0 Graphics and Multimedia)
wcegmm_Pins	Pins (Windows CE 3.0 Graphics and Multimedia)
wcegmm_Play_Buffer_Notification_dsound	Play Buffer Notification (Windows CE 3.0 Graphics and Multimedia)
wcegmm_Playback_Controls_dsound	Playback Controls (Windows CE 3.0 Graphics and Multimedia)
wcegmm_Playback_Overview_dsound	Playback Overview (Windows CE 3.0 Graphics and Multimedia)
wcegmm_Playing_Sounds_dsound	Playing Sounds (Windows CE 3.0 Graphics and Multimedia)
wcegmm_Playing_Waveform_Audio_Files	Playing Waveform Audio Files (Windows CE 3.0 Graphics and Multimedia)
wcegmm_Playing_the_Primary_Buffer_Continuously_dsound	Playing the Primary Buffer Continuously (Windows CE 3.0 Graphics and Multimedia)
wcegmm_Printing	Printing (Windows CE 3.0 Graphics and Multimedia)
wcegmm_Querying_Audio_I_O_Devices	Querying Audio I/O Devices (Windows CE 3.0 Graphics and Multimedia)
wcegmm_Querying_and_Opening_Waveform_Audio_I_O_Devices	Querying and Opening Waveform Audio I/O Devices (Windows CE 3.0 Graphics and Multimedia)
wcegmm_Retrieving_the_Current_Playback_Position	Retrieving the Current Playback Position (Windows CE 3.0 Graphics and Multimedia)
wcegmm_Sound_Data_dsound	Sound Data (Windows CE 3.0 Graphics and Multimedia)
wcegmm_Speaker_Configuration_dsound	Speaker Configuration (Windows CE 3.0 Graphics and Multimedia)
wcegmm_Static_and_Streaming_Sound_Buffers_dsound	Static and Streaming Sound Buffers (Windows CE 3.0 Graphics and Multimedia)
wcegmm_Stopping_Pausing_and_Restarting_a_Waveform_Audio_I_O_Device	Stopping, Pausing, and Restarting a Waveform Audio I/O Device (Windows CE 3.0 Graphics and Multimedia)
wcegmm_System_Integration_dsound	System Integration (Windows CE 3.0 Graphics and Multimedia)
wcegmm_The_Filter_Graph	The Filter Graph (Windows CE 3.0 Graphics and Multimedia)
wcegmm_Thread_Priorities	Thread Priorities (Windows CE 3.0 Graphics and Multimedia)
wcegmm_Using_Hardware_Mixing_dsound	Using Hardware Mixing (Windows CE 3.0 Graphics and Multimedia)
wcegmm_Using_PlaySound_with_Registry_Specified_Sounds	Using PlaySound with Registry-Specified Sounds (Windows CE 3.0 Graphics and Multimedia)
wcegmm_Using_PlaySound_with_a_Resource_Identifier	Using PlaySound with a Resource Identifier (Windows CE 3.0 Graphics and Multimedia)
wcegmm_Using_Windows_Messages_to_Manage_Waveform_Audio_Playback	Using Windows Messages to Manage Waveform Audio Playback (Windows CE 3.0 Graphics and Multimedia)
wcegmm_Using_the_PlaySound_Function	Using the PlaySound Function (Windows CE 3.0 Graphics and Multimedia)
wcegmm_Using_the_PlaySound_Function_with_Waveform_Audio_Files	Using the PlaySound Function with Waveform Audio Files (Windows CE 3.0 Graphics and Multimedia)
wcegmm_Using_the_Waveform_Audio_Interface	Using the Waveform Audio Interface (Windows CE 3.0 Graphics and Multimedia)
wcegmm_Why_Use_DirectSound_dsound	Why Use DirectSound? (Windows CE 3.0 Graphics and Multimedia)
wcegmm_Working_with_Brushes	Working with Brushes (Windows CE 3.0 Graphics and Multimedia)
wcegmm_Working_with_Colors	Working with Colors (Windows CE 3.0 Graphics and Multimedia)
wcegmm_Working_with_Graphics	Working with Graphics (Windows CE 3.0 Graphics and Multimedia)
wcegmm_Working_with_Palettes	Working with Palettes (Windows CE 3.0 Graphics and Multimedia)
wcegmm_Working_with_Pens	Working with Pens (Windows CE 3.0 Graphics and Multimedia)
wcegmm_Working_with_Regions	Working with Regions (Windows CE 3.0 Graphics and Multimedia)
wcegmm_Working_with_Sound	Working with Sound (Windows CE 3.0 Graphics and Multimedia)
wcegmm_about_directdraw_video-port_extensions	About DirectDraw Video-Port Extensions (Windows CE 3.0 Graphics and Multimedia)
wcegmm_about_display_modes	About Display Modes (Windows CE 3.0 Graphics and Multimedia)
wcegmm_about_dma_device_support	About DMA Device Support (Windows CE 3.0 Graphics and Multimedia)
wcegmm_accessing_surface_memory_directly	Accessing Surface Memory Directly (Windows CE 3.0 Graphics and Multimedia)
wcegmm_advanced_directdraw_topics	Advanced DirectDraw Topics (Windows CE 3.0 Graphics and Multimedia)
wcegmm_alpha_blitting	Alpha Blitting (Windows CE 3.0 Graphics and Multimedia)
wcegmm_am_about_audio_mixers	About Audio Mixers (Windows CE 3.0 Graphics and Multimedia)
wcegmm_am_audio_line_and_control_queries	Audio Line and Control Queries (Windows CE 3.0 Graphics and Multimedia)
wcegmm_am_control_types	Control Types (Windows CE 3.0 Graphics and Multimedia)
wcegmm_am_mixer_architecture	Mixer Architecture (Windows CE 3.0 Graphics and Multimedia)
wcegmm_am_mixer_device_queries	Mixer Device Queries (Windows CE 3.0 Graphics and Multimedia)
wcegmm_am_opening_and_closing_mixer_devices	Opening and Closing Mixer Devices (Windows CE 3.0 Graphics and Multimedia)
wcegmm_am_window_callback_services	Window Callback Services (Windows CE 3.0 Graphics and Multimedia)
wcegmm_architectural_overview_for_directdraw	Architectural Overview for DirectDraw (Windows CE 3.0 Graphics and Multimedia)
wcegmm_asx_architecture	Architecture (Windows CE 3.0 Graphics and Multimedia)
wcegmm_asx_capturing_keyboard_and_mouse_events	Capturing Keyboard and Mouse Events (Windows CE 3.0 Graphics and Multimedia)
wcegmm_asx_compatibility_modes	Compatibility Modes (Windows CE 3.0 Graphics and Multimedia)
wcegmm_asx_content_formats_codecs	Content Formats (Codecs) (Windows CE 3.0 Graphics and Multimedia)
wcegmm_asx_customizing_the_user_interface	Customizing the User Interface (Windows CE 3.0 Graphics and Multimedia)
wcegmm_asx_error_handling	Error Handling (Windows CE 3.0 Graphics and Multimedia)
wcegmm_asx_monitoring_stream_status_and_network_reception	Monitoring Stream Status and Network Reception (Windows CE 3.0 Graphics and Multimedia)
wcegmm_asx_playback_methods_and_properties	Playback Methods and Properties (Windows CE 3.0 Graphics and Multimedia)
wcegmm_asx_processing_embedded_script_commands	Processing Embedded Script Commands (Windows CE 3.0 Graphics and Multimedia)
wcegmm_asx_retrieving_presentation_information	Retrieving Presentation Information (Windows CE 3.0 Graphics and Multimedia)
wcegmm_asx_using_playlists	Using Playlists (Windows CE 3.0 Graphics and Multimedia)
wcegmm_asx_windows_media_technologies_sdk	Windows Media Technologies SDK (Windows CE 3.0 Graphics and Multimedia)
wcegmm_auto-flipping	Auto-Flipping (Windows CE 3.0 Graphics and Multimedia)
wcegmm_base_classes	Base Classes (Windows CE 3.0 Graphics and Multimedia)
wcegmm_base_classes_that_implement_interfaces	Base Classes that Implement Interfaces (Windows CE 3.0 Graphics and Multimedia)
wcegmm_basic_concepts_of_surfaces	Basic Concepts of Surfaces (Windows CE 3.0 Graphics and Multimedia)
wcegmm_blit_timing	Blit Timing (Windows CE 3.0 Graphics and Multimedia)
wcegmm_blitting	Blitting (Windows CE 3.0 Graphics and Multimedia)
wcegmm_blitting_basics	Blitting Basics (Windows CE 3.0 Graphics and Multimedia)
wcegmm_blitting_to_multiple_windows	Blitting to Multiple Windows (Windows CE 3.0 Graphics and Multimedia)
wcegmm_blitting_to_surfaces	Blitting to Surfaces (Windows CE 3.0 Graphics and Multimedia)
wcegmm_blitting_with_blt	Blitting with Blt (Windows CE 3.0 Graphics and Multimedia)
wcegmm_blitting_with_bltfast	Blitting with BltFast (Windows CE 3.0 Graphics and Multimedia)
wcegmm_blitting_with_color_keys	Blitting with Color Keys (Windows CE 3.0 Graphics and Multimedia)
wcegmm_boundary_and_size_alignment	Boundary and Size Alignment (Windows CE 3.0 Graphics and Multimedia)
wcegmm_bounding_rectangles	Bounding Rectangles (Windows CE 3.0 Graphics and Multimedia)
wcegmm_cbaseobject_and_cunknown_classes	CBaseObject and CUnknown Classes (Windows CE 3.0 Graphics and Multimedia)
wcegmm_clip_lists	Clip Lists (Windows CE 3.0 Graphics and Multimedia)
wcegmm_clock_base_classes	Clock Base Classes (Windows CE 3.0 Graphics and Multimedia)
wcegmm_color_controls	Color Controls (Windows CE 3.0 Graphics and Multimedia)
wcegmm_color_fills	Color Fills (Windows CE 3.0 Graphics and Multimedia)
wcegmm_color_key_format	Color Key Format (Windows CE 3.0 Graphics and Multimedia)
wcegmm_color_keying	Color Keying (Windows CE 3.0 Graphics and Multimedia)
wcegmm_com_reference_count_semantics_for_surfaces	COM Reference Count Semantics for Surfaces (Windows CE 3.0 Graphics and Multimedia)
wcegmm_com_utility_classes	COM Utility Classes (Windows CE 3.0 Graphics and Multimedia)
wcegmm_converting_between_yuv_and_rgb	Converting Between YUV and RGB (Windows CE 3.0 Graphics and Multimedia)
wcegmm_converting_color_and_format	Converting Color and Format (Windows CE 3.0 Graphics and Multimedia)
wcegmm_cooperative_levels	Cooperative Levels (Windows CE 3.0 Graphics and Multimedia)
wcegmm_creating_a_palette_in_windowed_mode	Creating a Palette in Windowed Mode (Windows CE 3.0 Graphics and Multimedia)
wcegmm_creating_an_off-screen_surface	Creating an Off-Screen Surface (Windows CE 3.0 Graphics and Multimedia)
wcegmm_creating_client_memory_surfaces	Creating Client Memory Surfaces (Windows CE 3.0 Graphics and Multimedia)
wcegmm_creating_complex_surfaces_and_flipping_chains	Creating Complex Surfaces and Flipping Chains (Windows CE 3.0 Graphics and Multimedia)
wcegmm_creating_overlay_surfaces	Creating Overlay Surfaces (Windows CE 3.0 Graphics and Multimedia)
wcegmm_creating_surfaces	Creating Surfaces (Windows CE 3.0 Graphics and Multimedia)
wcegmm_creating_the_primary_surface	Creating the Primary Surface (Windows CE 3.0 Graphics and Multimedia)
wcegmm_creating_wide_surfaces	Creating Wide Surfaces (Windows CE 3.0 Graphics and Multimedia)
wcegmm_debugging_classes	Debugging Classes (Windows CE 3.0 Graphics and Multimedia)
wcegmm_determining_supported_display_modes	Determining Supported Display Modes (Windows CE 3.0 Graphics and Multimedia)
wcegmm_determining_the_capabilities_of_the_display_hardware	Determining the Capabilities of the Display Hardware (Windows CE 3.0 Graphics and Multimedia)
wcegmm_device-independent_bitmaps	Device-Independent Bitmaps (Windows CE 3.0 Graphics and Multimedia)
wcegmm_directdraw	DirectDraw (Windows CE 3.0 Graphics and Multimedia)
wcegmm_directdraw_applications_and_window_styles	DirectDraw Applications and Window Styles (Windows CE 3.0 Graphics and Multimedia)
wcegmm_directdraw_architecture	DirectDraw Architecture (Windows CE 3.0 Graphics and Multimedia)
wcegmm_directdraw_object_types	DirectDraw Object Types (Windows CE 3.0 Graphics and Multimedia)
wcegmm_directshow_cplus_class_library	DirectShow C++ Class Library (Windows CE 3.0 Graphics and Multimedia)
wcegmm_display_modes	Display Modes (Windows CE 3.0 Graphics and Multimedia)
wcegmm_displaying_a_window_in_full-screen_mode	Displaying a Window in Full-Screen Mode (Windows CE 3.0 Graphics and Multimedia)
wcegmm_drawing_and_formatting_text	Drawing and Formatting Text (Windows CE 3.0 Graphics and Multimedia)
wcegmm_drawing_surfaces	Drawing Surfaces (Windows CE 3.0 Graphics and Multimedia)
wcegmm_dshow_Data_Flow_in_the_Filter_Graph	Data Flow in the Filter Graph (Windows CE 3.0 Graphics and Multimedia)
wcegmm_dshow_Generating_New_Samples	Generating New Samples (Windows CE 3.0 Graphics and Multimedia)
wcegmm_dshow_How_Filters_Connect	How Filters Connect (Windows CE 3.0 Graphics and Multimedia)
wcegmm_dshow_How_the_Base_Classes_Implement_Connection	How the Base Classes Implement Connection (Windows CE 3.0 Graphics and Multimedia)
wcegmm_dshow_Overview_of_the_Connection_Process	Overview of the Connection Process (Windows CE 3.0 Graphics and Multimedia)
wcegmm_dshow_Processing_a_Sample	Processing a Sample (Windows CE 3.0 Graphics and Multimedia)
wcegmm_dshow_Push_versus_Pull	Push versus Pull (Windows CE 3.0 Graphics and Multimedia)
wcegmm_dshow_Sample_Playback_Program	Sample Playback Program (Windows CE 3.0 Graphics and Multimedia)
wcegmm_dshow_Sample_Video_Window_Program	Sample Video Window Program (Windows CE 3.0 Graphics and Multimedia)
wcegmm_dshow_Threads	Threads (Windows CE 3.0 Graphics and Multimedia)
wcegmm_dshow_Write_a_Transform_Filter_in_C_C__	Write a Transform Filter in C/C++ (Windows CE 3.0 Graphics and Multimedia)
wcegmm_dshow_a_sample_transform_filter_declaration	A Sample Transform Filter Declaration (Windows CE 3.0 Graphics and Multimedia)
wcegmm_dshow_about_effect_filters	About Effect Filters (Windows CE 3.0 Graphics and Multimedia)
wcegmm_dshow_access_additional_interfaces	Access Additional Interfaces (Windows CE 3.0 Graphics and Multimedia)
wcegmm_dshow_alternative_video_renderers	Alternative Video Renderers (Windows CE 3.0 Graphics and Multimedia)
wcegmm_dshow_avi_20_file_format_extensions	AVI 2.0 File Format Extensions (Windows CE 3.0 Graphics and Multimedia)
wcegmm_dshow_avi_main_header	AVI Main Header (Windows CE 3.0 Graphics and Multimedia)
wcegmm_dshow_avi_riff_file_reference	AVI RIFF File Reference (Windows CE 3.0 Graphics and Multimedia)
wcegmm_dshow_avi_riff_form	AVI RIFF Form (Windows CE 3.0 Graphics and Multimedia)
wcegmm_dshow_avi_stream_headers	AVI Stream Headers (Windows CE 3.0 Graphics and Multimedia)
wcegmm_dshow_bitmapinfoheader_structure	BITMAPINFOHEADER Structure (Windows CE 3.0 Graphics and Multimedia)
wcegmm_dshow_connecting_filter_graphs__an_example	Connecting Filter Graphs: An Example (Windows CE 3.0 Graphics and Multimedia)
wcegmm_dshow_connecting_transform_filters	Connecting Transform Filters (Windows CE 3.0 Graphics and Multimedia)
wcegmm_dshow_control_distributors	Control Distributors (Windows CE 3.0 Graphics and Multimedia)
wcegmm_dshow_create_registry_information	Create Registry Information (Windows CE 3.0 Graphics and Multimedia)
wcegmm_dshow_creating_a_transform_filter	Creating a Transform Filter (Windows CE 3.0 Graphics and Multimedia)
wcegmm_dshow_define_and_instantiate_your_filter_class	Define and Instantiate Your Filter Class (Windows CE 3.0 Graphics and Multimedia)
wcegmm_dshow_determine_if_the_filter_must_copy_media_samples	Determine if the Filter Must Copy Media Samples (Windows CE 3.0 Graphics and Multimedia)
wcegmm_dshow_determine_which_base_classes_to_use	Determine Which Base Classes to Use (Windows CE 3.0 Graphics and Multimedia)
wcegmm_dshow_directshow	DirectShow (Windows CE 3.0 Graphics and Multimedia)
wcegmm_dshow_directshow_and_com	DirectShow and COM (Windows CE 3.0 Graphics and Multimedia)
wcegmm_dshow_directshow_architecture	DirectShow Architecture (Windows CE 3.0 Graphics and Multimedia)
wcegmm_dshow_directshow_architecture_for_filter_developers	DirectShow Architecture for Filter Developers (Windows CE 3.0 Graphics and Multimedia)
wcegmm_dshow_directshow_graph_file_format	DirectShow Graph File Format (Windows CE 3.0 Graphics and Multimedia)
wcegmm_dshow_directshow_system_overview	DirectShow System Overview (Windows CE 3.0 Graphics and Multimedia)
wcegmm_dshow_establishing_media_type_connections	Establishing Media Type Connections (Windows CE 3.0 Graphics and Multimedia)
wcegmm_dshow_event_notification_in_directshow	Event Notification in DirectShow (Windows CE 3.0 Graphics and Multimedia)
wcegmm_dshow_file_formats	File Formats (Windows CE 3.0 Graphics and Multimedia)
wcegmm_dshow_filter_graphs	Filter Graphs (Windows CE 3.0 Graphics and Multimedia)
wcegmm_dshow_finding_a_filter_that_can_be_stretched_full-screen_at_no_cost	Finding a Filter That Can Be Stretched Full-Screen at No Cost (Windows CE 3.0 Graphics and Multimedia)
wcegmm_dshow_finding_a_filter_that_supports_full-screen_mode	Finding a Filter That Supports Full-Screen Mode (Windows CE 3.0 Graphics and Multimedia)
wcegmm_dshow_full-screen_video_renderer	Full-Screen Video Renderer (Windows CE 3.0 Graphics and Multimedia)
wcegmm_dshow_getting_started_with_directshow	Getting Started with DirectShow (Windows CE 3.0 Graphics and Multimedia)
wcegmm_dshow_handling_dynamic_format_changes	Handling Dynamic Format Changes (Windows CE 3.0 Graphics and Multimedia)
wcegmm_dshow_handling_ec_repaint_notifications	Handling EC_REPAINT Notifications (Windows CE 3.0 Graphics and Multimedia)
wcegmm_dshow_handling_end-of-stream_and_flushing_notifications	Handling End-of-stream and Flushing Notifications (Windows CE 3.0 Graphics and Multimedia)
wcegmm_dshow_handling_notifications_in_full-screen_mode	Handling Notifications in Full-Screen Mode (Windows CE 3.0 Graphics and Multimedia)
wcegmm_dshow_handling_persistent_properties	Handling Persistent Properties (Windows CE 3.0 Graphics and Multimedia)
wcegmm_dshow_handling_state_changes_and_pause_completion	Handling State Changes and Pause Completion (Windows CE 3.0 Graphics and Multimedia)
wcegmm_dshow_handling_termination	Handling Termination (Windows CE 3.0 Graphics and Multimedia)
wcegmm_dshow_how_allocator_negotiation_works	How Allocator Negotiation Works (Windows CE 3.0 Graphics and Multimedia)
wcegmm_dshow_how_event_notification_works	How Event Notification Works (Windows CE 3.0 Graphics and Multimedia)
wcegmm_dshow_how_to_create_a_dll	How to Create a DLL (Windows CE 3.0 Graphics and Multimedia)
wcegmm_dshow_how_to_implement_iunknown	How to Implement IUnknown (Windows CE 3.0 Graphics and Multimedia)
wcegmm_dshow_how_to_play_a_file	How To Play a File (Windows CE 3.0 Graphics and Multimedia)
wcegmm_dshow_how_to_register_directshow_filters	How to Register DirectShow Filters (Windows CE 3.0 Graphics and Multimedia)
wcegmm_dshow_implications_of_full-screen_support_for_the_application	Implications of Full-Screen Support for the Application (Windows CE 3.0 Graphics and Multimedia)
wcegmm_dshow_instantiate_the_filter	Instantiate the Filter (Windows CE 3.0 Graphics and Multimedia)
wcegmm_dshow_introducing_the_ctransformfilter_and_ctransinplacefilter_classes	Introducing the CTransformFilter and CTransInPlaceFilter Classes (Windows CE 3.0 Graphics and Multimedia)
wcegmm_dshow_introduction_to_directshow_application_programming	Introduction to DirectShow Application Programming (Windows CE 3.0 Graphics and Multimedia)
wcegmm_dshow_learning_when_an_event_occurs	Learning When an Event Occurs (Windows CE 3.0 Graphics and Multimedia)
wcegmm_dshow_make_added_interfaces_available_through_nondelegatingqueryinterface	Make Added Interfaces Available Through NonDelegatingQueryInterface (Windows CE 3.0 Graphics and Multimedia)
wcegmm_dshow_override_checkinputtype	Override CheckInputType (Windows CE 3.0 Graphics and Multimedia)
wcegmm_dshow_override_pin_member_functions	Override Pin Member Functions (Windows CE 3.0 Graphics and Multimedia)
wcegmm_dshow_override_the_base_class_member_functions	Override the Base Class Member Functions (Windows CE 3.0 Graphics and Multimedia)
wcegmm_dshow_override_the_cbaseoutput__decideallocator_member_function	Override the CBaseOutput::DecideAllocator Member Function (Windows CE 3.0 Graphics and Multimedia)
wcegmm_dshow_override_the_checkinputtype_member_function	Override the CheckInputType Member Function (Windows CE 3.0 Graphics and Multimedia)
wcegmm_dshow_override_the_checktransform_member_function	Override the CheckTransform Member Function (Windows CE 3.0 Graphics and Multimedia)
wcegmm_dshow_override_the_decidebuffersize_member_function	Override the DecideBufferSize Member Function (Windows CE 3.0 Graphics and Multimedia)
wcegmm_dshow_override_the_getmediatype_member_function	Override the GetMediaType Member Function (Windows CE 3.0 Graphics and Multimedia)
wcegmm_dshow_override_the_transform_function	Override the Transform Function (Windows CE 3.0 Graphics and Multimedia)
wcegmm_dshow_override_the_transform_member_function	Override the Transform Member Function (Windows CE 3.0 Graphics and Multimedia)
wcegmm_dshow_overview_of_event_notification	Overview of Event Notification (Windows CE 3.0 Graphics and Multimedia)
wcegmm_dshow_playing_the_file	Playing the File (Windows CE 3.0 Graphics and Multimedia)
wcegmm_dshow_plug-in_distributors_and_extensibility	Plug-in Distributors and Extensibility (Windows CE 3.0 Graphics and Multimedia)
wcegmm_dshow_quality-control_management	Quality-Control Management (Windows CE 3.0 Graphics and Multimedia)
wcegmm_dshow_registering_a_custom_file_type	Registering a Custom File Type (Windows CE 3.0 Graphics and Multimedia)
wcegmm_dshow_responding_to_events	Responding to Events (Windows CE 3.0 Graphics and Multimedia)
wcegmm_dshow_retrieving_events	Retrieving Events (Windows CE 3.0 Graphics and Multimedia)
wcegmm_dshow_sample_code	Sample Code (Windows CE 3.0 Graphics and Multimedia)
wcegmm_dshow_setting_the_video_window	Setting the Video Window (Windows CE 3.0 Graphics and Multimedia)
wcegmm_dshow_source_and_target_rectangles_in_video_renderers	Source and Target Rectangles in Video Renderers (Windows CE 3.0 Graphics and Multimedia)
wcegmm_dshow_stream_data_list__movi__chunk	Stream Data (LIST 'movi' Chunk) (Windows CE 3.0 Graphics and Multimedia)
wcegmm_dshow_stretching_the_output_of_a_renderer_full-screen	Stretching the Output of a Renderer Full-Screen (Windows CE 3.0 Graphics and Multimedia)
wcegmm_dshow_summary_of_notifications	Summary of Notifications (Windows CE 3.0 Graphics and Multimedia)
wcegmm_dshow_supplying_a_full-screen_renderer_filter	Supplying a Full-Screen Renderer Filter (Windows CE 3.0 Graphics and Multimedia)
wcegmm_dshow_the_connection_process__a_summary	The Connection Process: A Summary (Windows CE 3.0 Graphics and Multimedia)
wcegmm_dshow_the_filter_graph_and_its_components	The Filter Graph And Its Components (Windows CE 3.0 Graphics and Multimedia)
wcegmm_dshow_the_video_window	The Video Window (Windows CE 3.0 Graphics and Multimedia)
wcegmm_dshow_time_and_clocks_in_directshow	Time and Clocks in DirectShow (Windows CE 3.0 Graphics and Multimedia)
wcegmm_dshow_transform_filters	Transform Filters (Windows CE 3.0 Graphics and Multimedia)
wcegmm_dshow_using_event_notification	Using Event Notification (Windows CE 3.0 Graphics and Multimedia)
wcegmm_dshow_using_the_ctransformfilter_and_ctransinplacefilter_transform_base_classes	Using the CTransformFilter and CTransInPlaceFilter Transform Base Classes (Windows CE 3.0 Graphics and Multimedia)
wcegmm_dshow_using_the_ivideowindow_interface	Using the IVideoWindow Interface (Windows CE 3.0 Graphics and Multimedia)
wcegmm_dshow_using_the_ivideowindow_pid_to_implement_full-screen_support	Using the IVideoWindow PID to Implement Full-Screen Support (Windows CE 3.0 Graphics and Multimedia)
wcegmm_dshow_video_renderers	Video Renderers (Windows CE 3.0 Graphics and Multimedia)
wcegmm_dshow_waveformatex_structure	WAVEFORMATEX Structure (Windows CE 3.0 Graphics and Multimedia)
wcegmm_dshow_what_the_derived_class_must_provide	What the Derived Class Must Provide (Windows CE 3.0 Graphics and Multimedia)
wcegmm_dshow_when_reconnections_occur	When Reconnections Occur (Windows CE 3.0 Graphics and Multimedia)
wcegmm_dshow_write_a_transform_filter	Write a Transform Filter (Windows CE 3.0 Graphics and Multimedia)
wcegmm_dshow_writing_a_directshow_application	Writing a DirectShow Application (Windows CE 3.0 Graphics and Multimedia)
wcegmm_dshow_writing_an_alternative_renderer	Writing an Alternative Renderer (Windows CE 3.0 Graphics and Multimedia)
wcegmm_dshow_writing_directshow_filters	Writing DirectShow Filters (Windows CE 3.0 Graphics and Multimedia)
wcegmm_enumerating_surfaces	Enumerating Surfaces (Windows CE 3.0 Graphics and Multimedia)
wcegmm_enumerator_base_classes	Enumerator Base Classes (Windows CE 3.0 Graphics and Multimedia)
wcegmm_exploiting_hardware_features	Exploiting Hardware Features (Windows CE 3.0 Graphics and Multimedia)
wcegmm_exploring_graphics_concepts	Exploring Graphics Concepts (Windows CE 3.0 Graphics and Multimedia)
wcegmm_filter_base_classes	Filter Base Classes (Windows CE 3.0 Graphics and Multimedia)
wcegmm_finding_a_surface_with_a_device_context	Finding a Surface with a Device Context (Windows CE 3.0 Graphics and Multimedia)
wcegmm_flipping_overlay_surfaces	Flipping Overlay Surfaces (Windows CE 3.0 Graphics and Multimedia)
wcegmm_flipping_surfaces	Flipping Surfaces (Windows CE 3.0 Graphics and Multimedia)
wcegmm_getting_an_idirectdraw4_interface	Getting an IDirectDraw4 Interface (Windows CE 3.0 Graphics and Multimedia)
wcegmm_getting_started_with_directdraw	Getting Started with DirectDraw (Windows CE 3.0 Graphics and Multimedia)
wcegmm_getting_the_flip_and_blit_status	Getting the Flip and Blit Status (Windows CE 3.0 Graphics and Multimedia)
wcegmm_graphic_objects_and_modes	Graphic Objects and Modes (Windows CE 3.0 Graphics and Multimedia)
wcegmm_hardware_abstraction_layer	Hardware Abstraction Layer (HAL) (Windows CE 3.0 Graphics and Multimedia)
wcegmm_href_vref_and_connections	HREF, VREF, and Connections (Windows CE 3.0 Graphics and Multimedia)
wcegmm_independent_directdrawclipper_objects	Independent DirectDrawClipper Objects (Windows CE 3.0 Graphics and Multimedia)
wcegmm_list_and_queue_classes	List and Queue Classes (Windows CE 3.0 Graphics and Multimedia)
wcegmm_losing_and_restoring_surfaces	Losing and Restoring Surfaces (Windows CE 3.0 Graphics and Multimedia)
wcegmm_matching_true_rgb_colors_to_the_frame_buffer_s_color_space	Matching True RGB Colors to the Frame Buffer's Color Space (Windows CE 3.0 Graphics and Multimedia)
wcegmm_media_control_and_positioning_classes	Media Control and Positioning Classes (Windows CE 3.0 Graphics and Multimedia)
wcegmm_memory_device_contexts	Memory Device Contexts (Windows CE 3.0 Graphics and Multimedia)
wcegmm_minimum_and_maximum_stretch_factors	Minimum and Maximum Stretch Factors (Windows CE 3.0 Graphics and Multimedia)
wcegmm_multimedia_data_type_classes	Multimedia Data Type Classes (Windows CE 3.0 Graphics and Multimedia)
wcegmm_multiple_directdraw_objects_per_process	Multiple DirectDraw Objects per Process (Windows CE 3.0 Graphics and Multimedia)
wcegmm_new_features_in_idirectdraw4	New Features in IDirectDraw4 (Windows CE 3.0 Graphics and Multimedia)
wcegmm_overlay_color_keys	Overlay Color Keys (Windows CE 3.0 Graphics and Multimedia)
wcegmm_overlay_surface_overview	Overlay Surface Overview (Windows CE 3.0 Graphics and Multimedia)
wcegmm_overlay_surfaces	Overlay Surfaces (Windows CE 3.0 Graphics and Multimedia)
wcegmm_overlay_z-orders	Overlay Z-Orders (Windows CE 3.0 Graphics and Multimedia)
wcegmm_page_flipping_and_back_buffering	Page Flipping and Back Buffering (Windows CE 3.0 Graphics and Multimedia)
wcegmm_palette_animation	Palette Animation (Windows CE 3.0 Graphics and Multimedia)
wcegmm_palette_types	Palette Types (Windows CE 3.0 Graphics and Multimedia)
wcegmm_parent_and_child_object_lifetimes	Parent and Child Object Lifetimes (Windows CE 3.0 Graphics and Multimedia)
wcegmm_pin_base_classes	Pin Base Classes (Windows CE 3.0 Graphics and Multimedia)
wcegmm_pixel_formats	Pixel Formats (Windows CE 3.0 Graphics and Multimedia)
wcegmm_positioning_overlay_surfaces	Positioning Overlay Surfaces (Windows CE 3.0 Graphics and Multimedia)
wcegmm_private_surface_data	Private Surface Data (Windows CE 3.0 Graphics and Multimedia)
wcegmm_reference_counts_for_complex_surfaces	Reference Counts for Complex Surfaces (Windows CE 3.0 Graphics and Multimedia)
wcegmm_releasing_surfaces	Releasing Surfaces (Windows CE 3.0 Graphics and Multimedia)
wcegmm_retrieving_the_device_context_for_a_surface	Retrieving the Device Context for a Surface (Windows CE 3.0 Graphics and Multimedia)
wcegmm_setting_color_keys	Setting Color Keys (Windows CE 3.0 Graphics and Multimedia)
wcegmm_setting_display_modes	Setting Display Modes (Windows CE 3.0 Graphics and Multimedia)
wcegmm_setting_palette_entries_in_windowed_mode	Setting Palette Entries in Windowed Mode (Windows CE 3.0 Graphics and Multimedia)
wcegmm_setting_palettes_on_nonprimary_surfaces	Setting Palettes on Nonprimary Surfaces (Windows CE 3.0 Graphics and Multimedia)
wcegmm_sharing_directdrawclipper_objects	Sharing DirectDrawClipper Objects (Windows CE 3.0 Graphics and Multimedia)
wcegmm_sharing_palettes	Sharing Palettes (Windows CE 3.0 Graphics and Multimedia)
wcegmm_significant_ddcaps_members_and_flags	Significant DDCAPS Members and Flags (Windows CE 3.0 Graphics and Multimedia)
wcegmm_software_emulation	Software Emulation (Windows CE 3.0 Graphics and Multimedia)
wcegmm_solutions_to_common_video_artifacts	Solutions to Common Video Artifacts (Windows CE 3.0 Graphics and Multimedia)
wcegmm_solving_problems_caused_by_half-lines	Solving Problems Caused by Half-Lines (Windows CE 3.0 Graphics and Multimedia)
wcegmm_source_and_destination_rectangles	Source and Destination Rectangles (Windows CE 3.0 Graphics and Multimedia)
wcegmm_storing_bitmaps_in_display_memory	Storing Bitmaps in Display Memory (Windows CE 3.0 Graphics and Multimedia)
wcegmm_surface_interfaces	Surface Interfaces (Windows CE 3.0 Graphics and Multimedia)
wcegmm_surface_uniqueness_values	Surface Uniqueness Values (Windows CE 3.0 Graphics and Multimedia)
wcegmm_surfaces_and_device_contexts	Surfaces and Device Contexts (Windows CE 3.0 Graphics and Multimedia)
wcegmm_system_integration	System Integration (Windows CE 3.0 Graphics and Multimedia)
wcegmm_taking_advantage_of_dma_support	Taking Advantage of DMA Support (Windows CE 3.0 Graphics and Multimedia)
wcegmm_testing_cooperative_levels	Testing Cooperative Levels (Windows CE 3.0 Graphics and Multimedia)
wcegmm_testing_for_dma_support	Testing for DMA Support (Windows CE 3.0 Graphics and Multimedia)
wcegmm_transparent_blitting	Transparent Blitting (Windows CE 3.0 Graphics and Multimedia)
wcegmm_transport_base_classes	Transport Base Classes (Windows CE 3.0 Graphics and Multimedia)
wcegmm_triple_buffering	Triple Buffering (Windows CE 3.0 Graphics and Multimedia)
wcegmm_types_of_palette_entries_in_windowed_mode	Types of Palette Entries in Windowed Mode (Windows CE 3.0 Graphics and Multimedia)
wcegmm_typical_scenarios_for_dma	Typical Scenarios for DMA (Windows CE 3.0 Graphics and Multimedia)
wcegmm_updating_surface_characteristics	Updating Surface Characteristics (Windows CE 3.0 Graphics and Multimedia)
wcegmm_using_a_clipper_with_multiple_windows	Using a Clipper with Multiple Windows (Windows CE 3.0 Graphics and Multimedia)
wcegmm_using_a_clipper_with_the_system_cursor	Using a Clipper with the System Cursor (Windows CE 3.0 Graphics and Multimedia)
wcegmm_using_bitmaps	Using Bitmaps (Windows CE 3.0 Graphics and Multimedia)
wcegmm_using_color_controls	Using Color Controls (Windows CE 3.0 Graphics and Multimedia)
wcegmm_using_colors	Using Colors (Windows CE 3.0 Graphics and Multimedia)
wcegmm_using_directdraw_palettes_in_windowed_mode	Using DirectDraw Palettes in Windowed Mode (Windows CE 3.0 Graphics and Multimedia)
wcegmm_using_fonts	Using Fonts (Windows CE 3.0 Graphics and Multimedia)
wcegmm_utility_classes	Utility Classes (Windows CE 3.0 Graphics and Multimedia)
wcegmm_vertical_blanking_interval_data	Vertical Blanking Interval Data (Windows CE 3.0 Graphics and Multimedia)
wcegmm_video-port_technology_overview	Video-Port Technology Overview (Windows CE 3.0 Graphics and Multimedia)
wcegmm_video_frames_and_fields	Video Frames and Fields (Windows CE 3.0 Graphics and Multimedia)
wcegmm_video_ports	Video Ports (Windows CE 3.0 Graphics and Multimedia)
wcegmm_what_are_clippers	What Are Clippers? (Windows CE 3.0 Graphics and Multimedia)
wcegmm_what_are_color_controls	What Are Color Controls? (Windows CE 3.0 Graphics and Multimedia)
wcegmm_what_are_directdraw_objects	What Are DirectDraw Objects? (Windows CE 3.0 Graphics and Multimedia)
wcegmm_what_are_palettes	What Are Palettes? (Windows CE 3.0 Graphics and Multimedia)
wcegmm_what_are_surfaces	What Are Surfaces? (Windows CE 3.0 Graphics and Multimedia)
wcegmm_what_are_video_ports	What Are Video Ports? (Windows CE 3.0 Graphics and Multimedia)
wcegmm_what_is_transparent_blitting	What Is Transparent Blitting? (Windows CE 3.0 Graphics and Multimedia)
wcegmm_what_s_new_in_idirectdraw4	What's New in IDirectDraw4? (Windows CE 3.0 Graphics and Multimedia)
wcegmm_when_reference_counts_will_change	When Reference Counts will Change (Windows CE 3.0 Graphics and Multimedia)
wcegmm_why_use_directdraw	Why Use DirectDraw? (Windows CE 3.0 Graphics and Multimedia)
wcegmm_width_vs_pitch	Width vs. Pitch (Windows CE 3.0 Graphics and Multimedia)
wcegmm_win32_classes	Win32 Classes (Windows CE 3.0 Graphics and Multimedia)
wcegmm_working_with_directdraw_clippers	Working with DirectDraw Clippers (Windows CE 3.0 Graphics and Multimedia)
wcegmm_working_with_directdraw_objects	Working with DirectDraw Objects (Windows CE 3.0 Graphics and Multimedia)
wcegmm_working_with_directdraw_palettes	Working with DirectDraw Palettes (Windows CE 3.0 Graphics and Multimedia)
wcegmm_working_with_directdraw_surfaces	Working with DirectDraw Surfaces (Windows CE 3.0 Graphics and Multimedia)
wcegmm_working_with_graphics_devices	Working with Graphics Devices (Windows CE 3.0 Graphics and Multimedia)
wceinetAccessRights	Access Rights
wceinetAccessingClientDatawithouttheASPCOLCTComponent	Accessing Client Data without the ASPCOLCT Component
wceinetAccessingSecurityProtocols	Accessing Security Protocols
wceinetAccessingURLsDirectly	Accessing URLs Directly
wceinetAccessingtheFTPProtocol	Accessing the FTP Protocol
wceinetAccessingtheHTTPProtocol	Accessing the HTTP Protocol
wceinetActiveServerPagesforWindowsCE	Active Server Pages for Windows CE
wceinetAuthentication	Authentication
wceinetAuthenticationRestrictions	Authentication Restrictions
wceinetAuthenticationandSecurityConsiderations	Authentication and Security Considerations
wceinetBaseRegistryKeys	Base Registry Keys
wceinetBaseRegistryKeysforTelnet	Base Registry Keys for Telnet
wceinetBasicScripting	Basic Scripting
wceinetCacheGroups	Cache Groups
wceinetCaching	Caching
wceinetCollectionObjects	Collection Objects
wceinetCookieHeader	Cookie Header
wceinetCookieRelatedHeaders	Cookie-Related Headers
wceinetCreatingaCacheEntry	Creating a Cache Entry
wceinetCreatingandCrackingURLs	Creating and Cracking URLs
wceinetDebuggingISAPIExtensionsandFilters	Debugging ISAPI Extensions and Filters
wceinetDeletingaCacheEntry	Deleting a Cache Entry
wceinetDifferencesBetweenMicrosoftXML20andMicrosoftXML25	Differences Between Microsoft XML 2.0 and Microsoft XML 2.5
wceinetEnumeratingtheCache	Enumerating the Cache
wceinetExtensibleMarkupLanguage	Extensible Markup Language
wceinetFeaturesNotSupported	Features Not Supported
wceinetFunctionality	Functionality
wceinetGeneratingCookies	Generating Cookies
wceinetGeneratingaCookieUsingaCGIScript	Generating a Cookie Using a CGI Script
wceinetGeneratingaCookieUsingtheDHTMLObjectModel	Generating a Cookie Using the DHTML Object Model
wceinetGeneratingaCookieUsingtheWindowsCEInternetFunctions	Generating a Cookie Using the Windows CE Internet Functions
wceinetGetServerVariableImplementation	GetServerVariable Implementation
wceinetHINTERNETHandles	HINTERNET Handles
wceinetHTTPAuthentication	HTTP Authentication
wceinetHTTPAuthenticationandPermissions	HTTP Authentication and Permissions
wceinetHTTPCookies	HTTP Cookies
wceinetHTTPDImplementation	HTTPD Implementation
wceinetHTTPandFTPFunctions	HTTP and FTP Functions
wceinetHandlingAuthentication	Handling Authentication
wceinetHandlingHTTPAuthentication	Handling HTTP Authentication
wceinetHandlingStructureswithVariableSizeData	Handling Structures with Variable Size Data
wceinetHandlingUniformResourceLocators	Handling Uniform Resource Locators
wceinetHeaderFieldDefinitions	Header-Field Definitions
wceinetISAPIExtensionFunctions	ISAPI Extension Functions
wceinetISAPIExtensionReadClientImplementation	ISAPI Extension ReadClient Implementation
wceinetISAPIExtensionServerSupportFunctionImplementation	ISAPI Extension ServerSupportFunction Implementation
wceinetISAPIExtensions	ISAPI Extensions
wceinetISAPIFilterFunctions	ISAPI Filter Functions
wceinetISAPIFilters	ISAPI Filters
wceinetISAPIFiltersServerSupportFunctionImplementation	ISAPI Filters ServerSupportFunction Implementation
wceinetISAPIFiltersandHTTPHeaders	ISAPI Filters and HTTP Headers
wceinetIncludeFileDifferences	Header File Differences
wceinetInitialSettings	Initial Settings
wceinetInstallingStartingandStoppingtheSampleTelnetServer	Installing, Starting, and Stopping the Sample Telnet Server
wceinetInternetConnections	Internet Connections
wceinetInternetServices	Internet Services
wceinetLimitations	Limitations
wceinetLogging	Logging
wceinetManagingCookies	Managing Cookies
wceinetMicrosoftXML20FeaturesThatWindowsCEDoesNotSupport	Microsoft XML 2.0 Features That Windows CE Does Not Support
wceinetPermissions	Permissions
wceinetPersistentCachingFunctions	Persistent Caching Functions
wceinetProcessingDirectives	Processing Directives
wceinetProxyAuthentication	Proxy Authentication
wceinetRegisteringAuthenticationKeys	Registering Authentication Keys
wceinetRequestObjectImplementation	Request Object Implementation
wceinetResponseObjectImplementation	Response Object Implementation
wceinetRetrievingCacheEntryData	Retrieving Cache Entry Data
wceinetRetrievingCacheEntryFiles	Retrieving Cache Entry Files
wceinetSampleTelnetServerRequirements	Sample Telnet Server Requirements
wceinetSampleWindowsCETelnetServer	Sample Windows CE Telnet Server
wceinetServerAuthentication	Server Authentication
wceinetServerObjectImplementation	Server Object Implementation
wceinetServerObjects	Server Objects
wceinetSetCookieHeader	Set-Cookie Header
wceinetStartingandStoppingtheWebServer	Starting and Stopping the Web Server
wceinetStatusCodes	Status Codes
wceinetTipsforConvertingExistingCGIScriptstoISAPIExtensions	Tips for Converting Existing CGI Scripts to ISAPI Extensions
wceinetUserLists	User Lists
wceinetUserListsforTelnetServer	User Lists for Telnet Server
wceinetUsingFlagstoControlCaching	Using Flags to Control Caching
wceinetUsingPersistentCachingFunctions	Using Persistent Caching Functions
wceinetVirtualPathSettings	Virtual Path Settings
wceinetWebServerComponentsandDependencies	Web Server Components and Dependencies
wceinetWebServerDetails	Web Server Details
wceinetWebServerRequirements	Web Server Requirements
wceinetWinInetFunctions	WinInet Functions
wceinetWinInetandtheOSIModel	WinInet and the OSI Model
wceinetWindowsCEASPComponentsandDependencies	Windows CE ASP Components and Dependencies
wceinetWindowsCEWebServer	Windows CE Web Server
wceinetXMLforWindowsCE	XML for Windows CE
wceintroAboutWindowsCE	About Windows CE
wceintroAbouttheCodeExamplesIncludedinThisGuide	About the Code Examples Included in This Guide
wceintroDocumentConventions	Document Conventions
wceintroWhatsNewinWindowsCE30	What's New in Windows CE 3.0
wceintroWindowsCEModulesandComponents	Windows CE Modules and Components
wceipcAccessControl	Access Control
wceipcAdministeringMSMQ	Administering MSMQ
wceipcAuthentication	Authentication
wceipcAutomation	Automation
wceipcBackingupanMSMQInstallation	Backing Up an MSMQ Installation
wceipcComponentServicesCOMandDCOM	Component Services (COM and DCOM)
wceipcConfiguringMSMQ	Configuring MSMQ
wceipcConnectingtoAnotherDevice	Connecting to Another Device
wceipcCreatingaQueue	Creating a Queue
wceipcCreatingandInitializingCOMObjects	Creating and Initializing COM Objects
wceipcDCOMSecurityConfigurationUtility	DCOM Security Configuration Utility
wceipcDebuggingMSMQInstallations	Debugging MSMQ Installations
wceipcDynamicallyConfiguredNetworks	Dynamically Configured Networks
wceipcInstallableFileSystems	Installable File Systems
wceipcInstallingConfiguringandAdministeringMSMQ	Installing, Configuring, and Administering MSMQ
wceipcInstallingMSMQManually	Installing MSMQ Manually
wceipcInstallingMSMQUsingtheMSMQADMUtility	Installing MSMQ Using the MSMQADM Utility
wceipcInstallingMSMQUsingtheVISADMUtility	Installing MSMQ Using the VISADM Utility
wceipcInstallingMSMQonCustomWindowsCEPlatforms	Installing MSMQ on Custom Windows CE Platforms
wceipcInstallingMSMQonaHandheldPC	Installing MSMQ on a Handheld PC
wceipcInstallingMSMQonaPalmsizePCoraPocketPC	Installing MSMQ on a Palm-size PC or a Pocket PC
wceipcInterprocessCommunications	Interprocess Communications
wceipcLogFiles	Log Files
wceipcMSMQProgrammersGuide	MSMQ Programmers Guide
wceipcMessageQueuing	Message Queuing
wceipcNetworkTracking	Network Tracking
wceipcOLECompoundDocuments	OLE Compound Documents
wceipcReceivingMessagesfromaQueue	Receiving Messages from a Queue
wceipcRegistrySettings	Registry Settings
wceipcSampleCode	Sample Code
wceipcSecurity	Security
wceipcSendingMessagestoaQueue	Sending Messages to a Queue
wceipcStaticallyConfiguredNetworks	Statically Configured Networks
wceipcStructuredStorage	Structured Storage
wceipcSummaryofMSMQFunctionsonWindowsCE	Summary of MSMQ Functions on Windows CE
wceipcSummaryofSupportedInterfaces	Summary of Supported Interfaces
wceipcTestingyourInstallation	Testing your Installation
wceipcTheBaseDirectory	The Base Directory
wceipcTheWindowsCEMSMQProgrammingModel	The Windows CE MSMQ Programming Model
wceipcThreadsandProcesses	Threads and Processes
wceipcTransportProtocols	Transport Protocols
wceipcTroubleshootingNetworkConnections	Troubleshooting Network Connections
wceipcUninstallingMSMQ	Uninstalling MSMQ
wceipcUsingtheNetworkRegistrationUtility	Using the Network Registration Utility
wcekernCreatingaProcess	Creating a Process (Windows CE 3.0 Kernel Services)
wcekernCreatingandTerminatingaThread	Creating and Terminating a Thread (Windows CE 3.0 Kernel Services)
wcekernCriticalSectionObjects	Critical Section Objects (Windows CE 3.0 Kernel Services)
wcekernDisablingThreadLibraryCalls	Disabling Thread Library Calls (Windows CE 3.0 Kernel Services)
wcekernEventObjects	Event Objects (Windows CE 3.0 Kernel Services)
wcekernHeaps	Heaps (Windows CE 3.0 Kernel Services)
wcekernImprovingTimerandSchedulingManagement	Improving Timer and Scheduling Management (Windows CE 3.0 Kernel Services)
wcekernInterlockedFunctions	Interlocked Functions (Windows CE 3.0 Kernel Services)
wcekernInterprocessSynchronization	Interprocess Synchronization (Windows CE 3.0 Kernel Services)
wcekernKernelServices	Kernel Services (Windows CE 3.0 Kernel Services)
wcekernMemoryMappedFiles	Memory-Mapped Files (Windows CE 3.0 Kernel Services)
wcekernMutexObjects	Mutex Objects (Windows CE 3.0 Kernel Services)
wcekernPriorityInversion	Priority Inversion (Windows CE 3.0 Kernel Services)
wcekernPriorityLevels	Priority Levels (Windows CE 3.0 Kernel Services)
wcekernProcesses	Processes (Windows CE 3.0 Kernel Services)
wcekernRealTimeApplicationDevelopment	Real-Time Application Development (Windows CE 3.0 Kernel Services)
wcekernSchedulingaThread	Scheduling a Thread (Windows CE 3.0 Kernel Services)
wcekernSemaphoreObjects	Semaphore Objects (Windows CE 3.0 Kernel Services)
wcekernSettingtheThreadQuantum	Setting the Thread Quantum (Windows CE 3.0 Kernel Services)
wcekernStaticDataBlocks	Static Data Blocks (Windows CE 3.0 Kernel Services)
wcekernSuspendingaThread	Suspending a Thread (Windows CE 3.0 Kernel Services)
wcekernSynchronizationandDeviceIO	Synchronization and Device I/O (Windows CE 3.0 Kernel Services)
wcekernSynchronizingProcessesandThreads	Synchronizing Processes and Threads (Windows CE 3.0 Kernel Services)
wcekernTerminatingaProcess	Terminating a Process (Windows CE 3.0 Kernel Services)
wcekernTheStack	The Stack (Windows CE 3.0 Kernel Services)
wcekernThreads	Threads (Windows CE 3.0 Kernel Services)
wcekernTimingaThread	Timing a Thread (Windows CE 3.0 Kernel Services)
wcekernUsingNestedInterrupts	Using Nested Interrupts (Windows CE 3.0 Kernel Services)
wcekernUsingThreadLocalStorage	Using Thread Local Storage (Windows CE 3.0 Kernel Services)
wcekernUsingtheSleepTimer	Using the Sleep Timer (Windows CE 3.0 Kernel Services)
wcekernVirtualMemory	Virtual Memory (Windows CE 3.0 Kernel Services)
wcekernWaitFunctions	Wait Functions (Windows CE 3.0 Kernel Services)
wcekernWindowsCEMemoryArchitecture	Windows CE Memory Architecture (Windows CE 3.0 Kernel Services)
wcekernWorkingwithProcessesandThreads	Working with Processes and Threads (Windows CE 3.0 Kernel Services)
wcesdkrABSTRACT	ABSTRACT
wcesdkrASX	ASX
wcesdkrAbortDoc	AbortDoc
wcesdkrAddHeader	AddHeader
wcesdkrAddIPAddress	AddIPAddress
wcesdkrAddResponseHeaders	AddResponseHeaders
wcesdkrAllocMem	AllocMem
wcesdkrAsnAny	AsnAny
wcesdkrAsnCounter64	AsnCounter64
wcesdkrAsnObjectIdentifier	AsnObjectIdentifier
wcesdkrAsnOctetString	AsnOctetString
wcesdkrBASE	BASE
wcesdkrCEBLOB	CEBLOB
wcesdkrCOMMPROP_str	COMMPROP
wcesdkrCOMMTIMEOUTS_str	COMMTIMEOUTS
wcesdkrCOMSTAT_str	COMSTAT
wcesdkrCOM_SEC_WINNT_AUTH_IDENTITY	SEC_WINNT_AUTH_IDENTITY
wcesdkrCONFINFO	CONFINFO
wcesdkrCONNECTDLGSTRUCT_str	CONNECTDLGSTRUCT
wcesdkrCONTEXT	CONTEXT
wcesdkrCREATE_PROCESS_DEBUG_INFO_str	CREATE_PROCESS_DEBUG_INFO
wcesdkrCREATE_THREAD_DEBUG_INFO	CREATE_THREAD_DEBUG_INFO
wcesdkrCeGetCallerTrust	CeGetCallerTrust
wcesdkrCeGetRandomSeed	CeGetRandomSeed
wcesdkrCeGetThreadPriority	CeGetThreadPriority
wcesdkrCeGetThreadQuantum	CeGetThreadQuantum
wcesdkrCeSetThreadPriority	CeSetThreadPriority
wcesdkrCeSetThreadQuantum	CeSetThreadQuantum
wcesdkrClearCommBreak	ClearCommBreak
wcesdkrClearCommError	ClearCommError
wcesdkrClipCursor	ClipCursor
wcesdkrCloseToolhelp32Snapshot	CloseToolhelp32Snapshot
wcesdkrCompareFileTime	CompareFileTime
wcesdkrContinueDebugEvent	ContinueDebugEvent
wcesdkrCoredll_Components	Coredll Components
wcesdkrCreateCursor	CreateCursor
wcesdkrCreateIconIndirect	CreateIconIndirect
wcesdkrCreateIpForwardEntry	CreateIpForwardEntry
wcesdkrCreateIpNetEntry	CreateIpNetEntry
wcesdkrCreateProcess	CreateProcess
wcesdkrCreateProxyArpEntry	CreateProxyArpEntry
wcesdkrCreateThread	CreateThread
wcesdkrCreateToolhelp32Snapshot	CreateToolhelp32Snapshot
wcesdkrDCB_str	DCB
wcesdkrDDALPHABLTFX_ddraw	DDALPHABLTFX
wcesdkrDDBLTFX_ddraw	DDBLTFX
wcesdkrDDCAPS_ddraw	DDCAPS
wcesdkrDDCOLORCONTROL_ddraw	DDCOLORCONTROL
wcesdkrDDCOLORKEY_ddraw	DDCOLORKEY
wcesdkrDDEnumCallbackEx_ddraw	DDEnumCallbackEx
wcesdkrDDEnumCallback_ddraw	DDEnumCallback
wcesdkrDDOVERLAYFX_ddraw	DDOVERLAYFX
wcesdkrDDPIXELFORMAT_ddraw	DDPIXELFORMAT
wcesdkrDDSCAPS2_ddraw	DDSCAPS2
wcesdkrDDSCAPS_ddraw	DDSCAPS
wcesdkrDDSURFACEDESC2_ddraw	DDSURFACEDESC2
wcesdkrDDSURFACEDESC_ddraw	DDSURFACEDESC
wcesdkrDDVIDEOPORTBANDWIDTH_ddraw	DDVIDEOPORTBANDWIDTH
wcesdkrDDVIDEOPORTCAPS_ddraw	DDVIDEOPORTCAPS
wcesdkrDDVIDEOPORTCONNECT_ddraw	DDVIDEOPORTCONNECT
wcesdkrDDVIDEOPORTDESC_ddraw	DDVIDEOPORTDESC
wcesdkrDDVIDEOPORTINFO_ddraw	DDVIDEOPORTINFO
wcesdkrDDVIDEOPORTSTATUS_ddraw	DDVIDEOPORTSTATUS
wcesdkrDEBUG_EVENT_str	DEBUG_EVENT
wcesdkrDEVINFO	DEVINFO
wcesdkrDISCDLGSTRUCT_str	DISCDLGSTRUCT
wcesdkrDSBCAPS_dsound	DSBCAPS
wcesdkrDSBPOSITIONNOTIFY_dsound	DSBPOSITIONNOTIFY
wcesdkrDSBUFFERDESC_dsound	DSBUFFERDESC
wcesdkrDSCAPS_dsound	DSCAPS
wcesdkrDSCBCAPS_dsound	DSCBCAPS
wcesdkrDSCBUFFERDESC_dsound	DSCBUFFERDESC
wcesdkrDSCCAPS_dsound	DSCCAPS
wcesdkrDSEnumCallback_dsound	DSEnumCallback
wcesdkrDebugActiveProcess	DebugActiveProcess
wcesdkrDebugBreak	DebugBreak
wcesdkrDeleteIPAddress	DeleteIPAddress
wcesdkrDeleteIpForwardEntry	DeleteIpForwardEntry
wcesdkrDeleteIpNetEntry	DeleteIpNetEntry
wcesdkrDeleteProxyArpEntry	DeleteProxyArpEntry
wcesdkrDestroyCursor	DestroyCursor
wcesdkrDestroyIcon	DestroyIcon
wcesdkrDirectDrawCreateClipper_ddraw	DirectDrawCreateClipper
wcesdkrDirectDrawCreate_ddraw	DirectDrawCreate
wcesdkrDirectDrawEnumerateEx_ddraw	DirectDrawEnumerateEx
wcesdkrDirectDrawEnumerate_ddraw	DirectDrawEnumerate
wcesdkrDirectSoundCaptureCreate_dsound	DirectSoundCaptureCreate
wcesdkrDirectSoundCaptureEnumerate_dsound	DirectSoundCaptureEnumerate
wcesdkrDirectSoundCreate_dsound	DirectSoundCreate
wcesdkrDirectSoundEnumerate_dsound	DirectSoundEnumerate
wcesdkrDirectX_Modules	DirectX Modules
wcesdkrDisableThreadLibraryCalls	DisableThreadLibraryCalls
wcesdkrDllMain	DllMain
wcesdkrDrawIcon	DrawIcon
wcesdkrDrawIconEx	DrawIconEx
wcesdkrDuration	Duration
wcesdkrEXCEPTION_DEBUG_INFO_str	EXCEPTION_DEBUG_INFO
wcesdkrEXIT_PROCESS_DEBUG_INFO_str	EXIT_PROCESS_DEBUG_INFO
wcesdkrEXIT_THREAD_DEBUG_INFO	EXIT_THREAD_DEBUG_INFO
wcesdkrEXTENSION_CONTROL_BLOCK	EXTENSION_CONTROL_BLOCK
wcesdkrEnabled	Enabled
wcesdkrEndDoc	EndDoc
wcesdkrEndPage	EndPage
wcesdkrEnumDisplayMonitors	EnumDisplayMonitors
wcesdkrEnumModesCallback2_ddraw	EnumModesCallback2
wcesdkrEnumModesCallback_ddraw	EnumModesCallback
wcesdkrEnumSurfacesCallback2_ddraw	EnumSurfacesCallback2
wcesdkrEnumSurfacesCallback_ddraw	EnumSurfacesCallback
wcesdkrEnumVideoCallback_ddraw	EnumVideoCallback
wcesdkrEscapeCommFunction	EscapeCommFunction
wcesdkrExitProcess	ExitProcess
wcesdkrExitThread	ExitThread
wcesdkrExtractIconEx	ExtractIconEx
wcesdkrFILECHANGEINFO	FILECHANGEINFO
wcesdkrFILETIME_str	FILETIME
wcesdkrFIXED_INFO	FIXED_INFO
wcesdkrFileTimeToLocalFileTime	FileTimeToLocalFileTime
wcesdkrFileTimeToSystemTime	FileTimeToSystemTime
wcesdkrFlushInstructionCache	FlushInstructionCache
wcesdkrFlushIpNetTable	FlushIpNetTable
wcesdkrFour_Character_Codes_FOURCC__ddraw	Four Character Codes (FOURCC)
wcesdkrFreeLibrary	FreeLibrary
wcesdkrGWE_Components	GWE Components
wcesdkrGetAdapterIndex	GetAdapterIndex
wcesdkrGetAdaptersInfo	GetAdaptersInfo
wcesdkrGetBestInterface	GetBestInterface
wcesdkrGetBestRoute	GetBestRoute
wcesdkrGetCapture	GetCapture
wcesdkrGetClipCursor	GetClipCursor
wcesdkrGetCommMask	GetCommMask
wcesdkrGetCommModemStatus	GetCommModemStatus
wcesdkrGetCommProperties	GetCommProperties
wcesdkrGetCommState	GetCommState
wcesdkrGetCommTimeouts	GetCommTimeouts
wcesdkrGetCommandLine	GetCommandLine
wcesdkrGetCurrentProcess	GetCurrentProcess
wcesdkrGetCurrentProcessId	GetCurrentProcessId
wcesdkrGetCurrentThread	GetCurrentThread
wcesdkrGetCurrentThreadId	GetCurrentThreadId
wcesdkrGetCursor	GetCursor
wcesdkrGetCursorPos	GetCursorPos
wcesdkrGetDoubleClickTime	GetDoubleClickTime
wcesdkrGetExitCodeProcess	GetExitCodeProcess
wcesdkrGetExitCodeThread	GetExitCodeThread
wcesdkrGetExtensionVersion	GetExtensionVersion
wcesdkrGetFileTime	GetFileTime
wcesdkrGetFilterVersion	GetFilterVersion
wcesdkrGetFriendlyIfIndex	GetFriendlyIfIndex
wcesdkrGetHeader	GetHeader
wcesdkrGetIcmpStatistics	GetIcmpStatistics
wcesdkrGetIfEntry	GetIfEntry
wcesdkrGetIfTable	GetIfTable
wcesdkrGetInterfaceInfo	GetInterfaceInfo
wcesdkrGetIpAddrTable	GetIpAddrTable
wcesdkrGetIpForwardTable	GetIpForwardTable
wcesdkrGetIpNetTable	GetIpNetTable
wcesdkrGetIpStatistics	GetIpStatistics
wcesdkrGetLocalTime	GetLocalTime
wcesdkrGetModuleFileName	GetModuleFileName
wcesdkrGetModuleHandle	GetModuleHandle
wcesdkrGetMonitorInfo	GetMonitorInfo
wcesdkrGetMoreInfoURL	GetMoreInfoURL
wcesdkrGetMouseMovePoints	GetMouseMovePoints
wcesdkrGetNetworkParams	GetNetworkParams
wcesdkrGetNumberOfInterfaces	GetNumberOfInterfaces
wcesdkrGetPerAdapterInfo	GetPerAdapterInfo
wcesdkrGetProcAddress	GetProcAddress
wcesdkrGetProcessHeap	GetProcessHeap
wcesdkrGetRTTAndHopCount	GetRTTAndHopCount
wcesdkrGetServerVariable	GetServerVariable
wcesdkrGetSystemTime	GetSystemTime
wcesdkrGetTcpStatistics	GetTcpStatistics
wcesdkrGetTcpTable	GetTcpTable
wcesdkrGetThreadContext	GetThreadContext
wcesdkrGetThreadPriority	GetThreadPriority
wcesdkrGetThreadTimes	GetThreadTimes
wcesdkrGetTickCount	GetTickCount
wcesdkrGetTimeZoneInformation	GetTimeZoneInformation
wcesdkrGetUdpStatistics	GetUdpStatistics
wcesdkrGetUdpTable	GetUdpTable
wcesdkrGetUniDirectionalAdapterInfo	GetUniDirectionalAdapterInfo
wcesdkrGlobalMemoryStatus	GlobalMemoryStatus
wcesdkrHEAPENTRY32_str	HEAPENTRY32
wcesdkrHEAPLIST32_str	HEAPLIST32
wcesdkrHOSTENT	hostent
wcesdkrHSE_VERSION_INFO	HSE_VERSION_INFO
wcesdkrHTTP_FILTER_CONTEXT	HTTP_FILTER_CONTEXT
wcesdkrHTTP_FILTER_VERSION	HTTP_FILTER_VERSION
wcesdkrHTTP_Filter_Send_Response	HTTP_FILTER_SEND_RESPONSE
wcesdkrHeap32First	Heap32First
wcesdkrHeap32ListFirst	Heap32ListFirst
wcesdkrHeap32ListNext	Heap32ListNext
wcesdkrHeap32Next	Heap32Next
wcesdkrHeapAlloc	HeapAlloc
wcesdkrHeapCreate	HeapCreate
wcesdkrHeapDestroy	HeapDestroy
wcesdkrHeapFree	HeapFree
wcesdkrHeapReAlloc	HeapReAlloc
wcesdkrHeapSize	HeapSize
wcesdkrHttpExtensionProc	HttpExtensionProc
wcesdkrHttpFilterProc	HttpFilterProc
wcesdkrICMP_ECHO_REPLY	ICMP_ECHO_REPLY
wcesdkrICONINFO_str	ICONINFO
wcesdkrIDDVideoPortContainer_CreateVideoPort_ddraw	IDDVideoPortContainer::CreateVideoPort
wcesdkrIDDVideoPortContainer_EnumVideoPorts_ddraw	IDDVideoPortContainer::EnumVideoPorts
wcesdkrIDDVideoPortContainer_GetVideoPortConnectInfo_ddraw	IDDVideoPortContainer::GetVideoPortConnectInfo
wcesdkrIDDVideoPortContainer_QueryVideoPortStatus_ddraw	IDDVideoPortContainer::QueryVideoPortStatus
wcesdkrIDDVideoPortContainer_ddraw	IDDVideoPortContainer
wcesdkrIDLDESC	IDLDESC
wcesdkrIDirectDraw4_Compact_ddraw	IDirectDraw4::Compact
wcesdkrIDirectDraw4_CreateClipper_ddraw	IDirectDraw4::CreateClipper
wcesdkrIDirectDraw4_CreatePalette_ddraw	IDirectDraw4::CreatePalette
wcesdkrIDirectDraw4_CreateSurface_ddraw	IDirectDraw4::CreateSurface
wcesdkrIDirectDraw4_DuplicateSurface_ddraw	IDirectDraw4::DuplicateSurface
wcesdkrIDirectDraw4_EnumDisplayModes_ddraw	IDirectDraw4::EnumDisplayModes
wcesdkrIDirectDraw4_EnumSurfaces_ddraw	IDirectDraw4::EnumSurfaces
wcesdkrIDirectDraw4_FlipToGDISurface_ddraw	IDirectDraw4::FlipToGDISurface
wcesdkrIDirectDraw4_GetAvailableVidMem_ddraw	IDirectDraw4::GetAvailableVidMem
wcesdkrIDirectDraw4_GetCaps_ddraw	IDirectDraw4::GetCaps
wcesdkrIDirectDraw4_GetDeviceIdentifier_ddraw	IDirectDraw4::GetDeviceIdentifier
wcesdkrIDirectDraw4_GetDisplayMode_ddraw	IDirectDraw4::GetDisplayMode
wcesdkrIDirectDraw4_GetFourCCCodes_ddraw	IDirectDraw4::GetFourCCCodes
wcesdkrIDirectDraw4_GetGDISurface_ddraw	IDirectDraw4::GetGDISurface
wcesdkrIDirectDraw4_GetMonitorFrequency_ddraw	IDirectDraw4::GetMonitorFrequency
wcesdkrIDirectDraw4_GetScanLine_ddraw	IDirectDraw4::GetScanLine
wcesdkrIDirectDraw4_GetSurfaceFromDC_ddraw	IDirectDraw4::GetSurfaceFromDC
wcesdkrIDirectDraw4_GetVerticalBlankStatus_ddraw	IDirectDraw4::GetVerticalBlankStatus
wcesdkrIDirectDraw4_Initialize_ddraw	IDirectDraw4::Initialize
wcesdkrIDirectDraw4_RestoreAllSurfaces_ddraw	IDirectDraw4::RestoreAllSurfaces
wcesdkrIDirectDraw4_RestoreDisplayMode_ddraw	IDirectDraw4::RestoreDisplayMode
wcesdkrIDirectDraw4_SetCooperativeLevel_ddraw	IDirectDraw4::SetCooperativeLevel
wcesdkrIDirectDraw4_SetDisplayMode_ddraw	IDirectDraw4::SetDisplayMode
wcesdkrIDirectDraw4_TestCooperativeLevel_ddraw	IDirectDraw4::TestCooperativeLevel
wcesdkrIDirectDraw4_WaitForVerticalBlank_ddraw	IDirectDraw4::WaitForVerticalBlank
wcesdkrIDirectDraw4_ddraw	IDirectDraw4
wcesdkrIDirectDrawClipper_GetClipList_ddraw	IDirectDrawClipper::GetClipList
wcesdkrIDirectDrawClipper_GetHWnd_ddraw	IDirectDrawClipper::GetHWnd
wcesdkrIDirectDrawClipper_Initialize_ddraw	IDirectDrawClipper::Initialize
wcesdkrIDirectDrawClipper_IsClipListChanged_ddraw	IDirectDrawClipper::IsClipListChanged
wcesdkrIDirectDrawClipper_SetClipList_ddraw	IDirectDrawClipper::SetClipList
wcesdkrIDirectDrawClipper_SetHWnd_ddraw	IDirectDrawClipper::SetHWnd
wcesdkrIDirectDrawClipper_ddraw	IDirectDrawClipper
wcesdkrIDirectDrawColorControl_GetColorControls_ddraw	IDirectDrawColorControl::GetColorControls
wcesdkrIDirectDrawColorControl_SetColorControls_ddraw	IDirectDrawColorControl::SetColorControls
wcesdkrIDirectDrawColorControl_ddraw	IDirectDrawColorControl
wcesdkrIDirectDrawPalette_GetCaps_ddraw	IDirectDrawPalette::GetCaps
wcesdkrIDirectDrawPalette_GetEntries_ddraw	IDirectDrawPalette::GetEntries
wcesdkrIDirectDrawPalette_Initialize_ddraw	IDirectDrawPalette::Initialize
wcesdkrIDirectDrawPalette_SetEntries_ddraw	IDirectDrawPalette::SetEntries
wcesdkrIDirectDrawPalette_ddraw	IDirectDrawPalette
wcesdkrIDirectDrawSurface5_AddAttachedSurface_ddraw	IDirectDrawSurface5::AddAttachedSurface
wcesdkrIDirectDrawSurface5_AddOverlayDirtyRect_ddraw	IDirectDrawSurface5::AddOverlayDirtyRect
wcesdkrIDirectDrawSurface5_AlphaBlt_ddraw	IDirectDrawSurface5::AlphaBlt
wcesdkrIDirectDrawSurface5_BltFast_ddraw	IDirectDrawSurface5::BltFast
wcesdkrIDirectDrawSurface5_Blt_ddraw	IDirectDrawSurface5::Blt
wcesdkrIDirectDrawSurface5_ChangeUniquenessValue_ddraw	IDirectDrawSurface5::ChangeUniquenessValue
wcesdkrIDirectDrawSurface5_DeleteAttachedSurface_ddraw	IDirectDrawSurface5::DeleteAttachedSurface
wcesdkrIDirectDrawSurface5_EnumAttachedSurfaces_ddraw	IDirectDrawSurface5::EnumAttachedSurfaces
wcesdkrIDirectDrawSurface5_EnumOverlayZOrders_ddraw	IDirectDrawSurface5::EnumOverlayZOrders
wcesdkrIDirectDrawSurface5_Flip_ddraw	IDirectDrawSurface5::Flip
wcesdkrIDirectDrawSurface5_FreePrivateData_ddraw	IDirectDrawSurface5::FreePrivateData
wcesdkrIDirectDrawSurface5_GetAttachedSurface_ddraw	IDirectDrawSurface5::GetAttachedSurface
wcesdkrIDirectDrawSurface5_GetBltStatus_ddraw	IDirectDrawSurface5::GetBltStatus
wcesdkrIDirectDrawSurface5_GetCaps_ddraw	IDirectDrawSurface5::GetCaps
wcesdkrIDirectDrawSurface5_GetClipper_ddraw	IDirectDrawSurface5::GetClipper
wcesdkrIDirectDrawSurface5_GetColorKey_ddraw	IDirectDrawSurface5::GetColorKey
wcesdkrIDirectDrawSurface5_GetDC_ddraw	IDirectDrawSurface5::GetDC
wcesdkrIDirectDrawSurface5_GetDDInterface_ddraw	IDirectDrawSurface5::GetDDInterface
wcesdkrIDirectDrawSurface5_GetFlipStatus_ddraw	IDirectDrawSurface5::GetFlipStatus
wcesdkrIDirectDrawSurface5_GetOverlayPosition_ddraw	IDirectDrawSurface5::GetOverlayPosition
wcesdkrIDirectDrawSurface5_GetPalette_ddraw	IDirectDrawSurface5::GetPalette
wcesdkrIDirectDrawSurface5_GetPixelFormat_ddraw	IDirectDrawSurface5::GetPixelFormat
wcesdkrIDirectDrawSurface5_GetPrivateData_ddraw	IDirectDrawSurface5::GetPrivateData
wcesdkrIDirectDrawSurface5_GetSurfaceDesc_ddraw	IDirectDrawSurface5::GetSurfaceDesc
wcesdkrIDirectDrawSurface5_GetUniquenessValue_ddraw	IDirectDrawSurface5::GetUniquenessValue
wcesdkrIDirectDrawSurface5_Initialize_ddraw	IDirectDrawSurface5::Initialize
wcesdkrIDirectDrawSurface5_IsLost_ddraw	IDirectDrawSurface5::IsLost
wcesdkrIDirectDrawSurface5_Lock_ddraw	IDirectDrawSurface5::Lock
wcesdkrIDirectDrawSurface5_PageLock_ddraw	IDirectDrawSurface5::PageLock
wcesdkrIDirectDrawSurface5_PageUnlock_ddraw	IDirectDrawSurface5::PageUnlock
wcesdkrIDirectDrawSurface5_ReleaseDC_ddraw	IDirectDrawSurface5::ReleaseDC
wcesdkrIDirectDrawSurface5_Restore_ddraw	IDirectDrawSurface5::Restore
wcesdkrIDirectDrawSurface5_SetClipper_ddraw	IDirectDrawSurface5::SetClipper
wcesdkrIDirectDrawSurface5_SetColorKey_ddraw	IDirectDrawSurface5::SetColorKey
wcesdkrIDirectDrawSurface5_SetOverlayPosition_ddraw	IDirectDrawSurface5::SetOverlayPosition
wcesdkrIDirectDrawSurface5_SetPalette_ddraw	IDirectDrawSurface5::SetPalette
wcesdkrIDirectDrawSurface5_SetPrivateData_ddraw	IDirectDrawSurface5::SetPrivateData
wcesdkrIDirectDrawSurface5_SetSurfaceDesc_ddraw	IDirectDrawSurface5::SetSurfaceDesc
wcesdkrIDirectDrawSurface5_Unlock_ddraw	IDirectDrawSurface5::Unlock
wcesdkrIDirectDrawSurface5_UpdateOverlayDisplay_ddraw	IDirectDrawSurface5::UpdateOverlayDisplay
wcesdkrIDirectDrawSurface5_UpdateOverlayZOrder_ddraw	IDirectDrawSurface5::UpdateOverlayZOrder
wcesdkrIDirectDrawSurface5_UpdateOverlay_ddraw	IDirectDrawSurface5::UpdateOverlay
wcesdkrIDirectDrawSurface5_ddraw	IDirectDrawSurface5
wcesdkrIDirectDrawVideoPort_Flip_ddraw	IDirectDrawVideoPort::Flip
wcesdkrIDirectDrawVideoPort_GetBandwidthInfo_ddraw	IDirectDrawVideoPort::GetBandwidthInfo
wcesdkrIDirectDrawVideoPort_GetColorControls_ddraw	IDirectDrawVideoPort::GetColorControls
wcesdkrIDirectDrawVideoPort_GetFieldPolarity_ddraw	IDirectDrawVideoPort::GetFieldPolarity
wcesdkrIDirectDrawVideoPort_GetInputFormats_ddraw	IDirectDrawVideoPort::GetInputFormats
wcesdkrIDirectDrawVideoPort_GetOutputFormats_ddraw	IDirectDrawVideoPort::GetOutputFormats
wcesdkrIDirectDrawVideoPort_GetVideoLine_ddraw	IDirectDrawVideoPort::GetVideoLine
wcesdkrIDirectDrawVideoPort_GetVideoSignalStatus_ddraw	IDirectDrawVideoPort::GetVideoSignalStatus
wcesdkrIDirectDrawVideoPort_SetColorControls_ddraw	IDirectDrawVideoPort::SetColorControls
wcesdkrIDirectDrawVideoPort_SetTargetSurface_ddraw	IDirectDrawVideoPort::SetTargetSurface
wcesdkrIDirectDrawVideoPort_StartVideo_ddraw	IDirectDrawVideoPort::StartVideo
wcesdkrIDirectDrawVideoPort_StopVideo_ddraw	IDirectDrawVideoPort::StopVideo
wcesdkrIDirectDrawVideoPort_UpdateVideo_ddraw	IDirectDrawVideoPort::UpdateVideo
wcesdkrIDirectDrawVideoPort_WaitForSync_ddraw	IDirectDrawVideoPort::WaitForSync
wcesdkrIDirectDrawVideoPort_ddraw	IDirectDrawVideoPort
wcesdkrIDirectSoundBuffer_GetCaps_dsound	IDirectSoundBuffer::GetCaps
wcesdkrIDirectSoundBuffer_GetCurrentPosition_dsound	IDirectSoundBuffer::GetCurrentPosition
wcesdkrIDirectSoundBuffer_GetFormat_dsound	IDirectSoundBuffer::GetFormat
wcesdkrIDirectSoundBuffer_GetFrequency_dsound	IDirectSoundBuffer::GetFrequency
wcesdkrIDirectSoundBuffer_GetPan_dsound	IDirectSoundBuffer::GetPan
wcesdkrIDirectSoundBuffer_GetStatus_dsound	IDirectSoundBuffer::GetStatus
wcesdkrIDirectSoundBuffer_GetVolume_dsound	IDirectSoundBuffer::GetVolume
wcesdkrIDirectSoundBuffer_Initialize_dsound	IDirectSoundBuffer::Initialize
wcesdkrIDirectSoundBuffer_Lock_dsound	IDirectSoundBuffer::Lock
wcesdkrIDirectSoundBuffer_Play_dsound	IDirectSoundBuffer::Play
wcesdkrIDirectSoundBuffer_Restore_dsound	IDirectSoundBuffer::Restore
wcesdkrIDirectSoundBuffer_SetCurrentPosition_dsound	IDirectSoundBuffer::SetCurrentPosition
wcesdkrIDirectSoundBuffer_SetFormat_dsound	IDirectSoundBuffer::SetFormat
wcesdkrIDirectSoundBuffer_SetFrequency_dsound	IDirectSoundBuffer::SetFrequency
wcesdkrIDirectSoundBuffer_SetPan_dsound	IDirectSoundBuffer::SetPan
wcesdkrIDirectSoundBuffer_SetVolume_dsound	IDirectSoundBuffer::SetVolume
wcesdkrIDirectSoundBuffer_Stop_dsound	IDirectSoundBuffer::Stop
wcesdkrIDirectSoundBuffer_Unlock_dsound	IDirectSoundBuffer::Unlock
wcesdkrIDirectSoundBuffer_dsound	IDirectSoundBuffer
wcesdkrIDirectSoundCaptureBuffer_GetCaps_dsound	IDirectSoundCaptureBuffer::GetCaps
wcesdkrIDirectSoundCaptureBuffer_GetCurrentPosition_dsound	IDirectSoundCaptureBuffer::GetCurrentPosition
wcesdkrIDirectSoundCaptureBuffer_GetFormat_dsound	IDirectSoundCaptureBuffer::GetFormat
wcesdkrIDirectSoundCaptureBuffer_GetStatus_dsound	IDirectSoundCaptureBuffer::GetStatus
wcesdkrIDirectSoundCaptureBuffer_Initialize_dsound	IDirectSoundCaptureBuffer::Initialize
wcesdkrIDirectSoundCaptureBuffer_Lock_dsound	IDirectSoundCaptureBuffer::Lock
wcesdkrIDirectSoundCaptureBuffer_Start_dsound	IDirectSoundCaptureBuffer::Start
wcesdkrIDirectSoundCaptureBuffer_Stop_dsound	IDirectSoundCaptureBuffer::Stop
wcesdkrIDirectSoundCaptureBuffer_Unlock_dsound	IDirectSoundCaptureBuffer::Unlock
wcesdkrIDirectSoundCaptureBuffer_dsound	IDirectSoundCaptureBuffer
wcesdkrIDirectSoundCapture_CreateCaptureBuffer_dsound	IDirectSoundCapture::CreateCaptureBuffer
wcesdkrIDirectSoundCapture_GetCaps_dsound	IDirectSoundCapture::GetCaps
wcesdkrIDirectSoundCapture_Initialize_dsound	IDirectSoundCapture::Initialize
wcesdkrIDirectSoundCapture_dsound	IDirectSoundCapture
wcesdkrIDirectSoundNotify_SetNotificationPositions_dsound	IDirectSoundNotify::SetNotificationPositions
wcesdkrIDirectSoundNotify_dsound	IDirectSoundNotify
wcesdkrIDirectSound_Compact_dsound	IDirectSound::Compact
wcesdkrIDirectSound_CreateSoundBuffer_dsound	IDirectSound::CreateSoundBuffer
wcesdkrIDirectSound_DuplicateSoundBuffer_dsound	IDirectSound::DuplicateSoundBuffer
wcesdkrIDirectSound_GetCaps_dsound	IDirectSound::GetCaps
wcesdkrIDirectSound_Initialize_dsound	IDirectSound::Initialize
wcesdkrIDirectSound_SetCooperativeLevel_dsound	IDirectSound::SetCooperativeLevel
wcesdkrIDirectSound_dsound	IDirectSound
wcesdkrIN_ADDR	IN_ADDR
wcesdkrIP_ADAPTER_INDEX_MAP	IP_ADAPTER_INDEX_MAP
wcesdkrIP_ADAPTER_INFO	IP_ADAPTER_INFO
wcesdkrIP_INTERFACE_INFO	IP_INTERFACE_INFO
wcesdkrIP_OPTION_INFORMATION	IP_OPTION_INFORMATION
wcesdkrIP_PER_ADAPTER_INFO	IP_PER_ADAPTER_INFO
wcesdkrIP_UNIDIRECTIONAL_ADAPTER_ADDRESS	IP_UNIDIRECTIONAL_ADAPTER_ADDRESS
wcesdkrIcmpCloseHandle	IcmpCloseHandle
wcesdkrIcmpCreateFile	IcmpCreateFile
wcesdkrIcmpSendEcho	IcmpSendEcho
wcesdkrInitializeCriticalSection	InitializeCriticalSection
wcesdkrIpReleaseAddress	IpReleaseAddress
wcesdkrIpRenewAddress	IpRenewAddress
wcesdkrIsBadCodePtr	IsBadCodePtr
wcesdkrIsBadReadPtr	IsBadReadPtr
wcesdkrIsBadWritePtr	IsBadWritePtr
wcesdkrLINECALLINFO_str	LINECALLINFO
wcesdkrLINECALLPARAMS_str	LINECALLPARAMS
wcesdkrLINECALLSTATUS	LINECALLSTATUS
wcesdkrLINEDEVCAPS_str	LINEDEVCAPS
wcesdkrLINEDEVSTATUS_str	LINEDEVSTATUS
wcesdkrLINEDIALPARAMS	LINEDIALPARAMS
wcesdkrLINEINITIALIZEEXPARAMS	LINEINITIALIZEEXPARAMS
wcesdkrLINELOCATIONENTRY_str	LINELOCATIONENTRY
wcesdkrLINEMESSAGE	LINEMESSAGE
wcesdkrLINETRANSLATECAPS_str	LINETRANSLATECAPS
wcesdkrLINETRANSLATEOUTPUT_str	LINETRANSLATEOUTPUT
wcesdkrLINE_ADDRESSSTATE	LINE_ADDRESSSTATE
wcesdkrLINE_CALLINFO	LINE_CALLINFO
wcesdkrLINE_CALLSTATE	LINE_CALLSTATE
wcesdkrLINE_CLOSE	LINE_CLOSE
wcesdkrLINE_CREATE	LINE_CREATE
wcesdkrLINE_DEVSPECIFIC	LINE_DEVSPECIFIC
wcesdkrLINE_LINEDEVSTATE	LINE_LINEDEVSTATE
wcesdkrLINE_REMOVE	LINE_REMOVE
wcesdkrLINE_REPLY	LINE_REPLY
wcesdkrLINGER	LINGER
wcesdkrLOAD_DLL_DEBUG_INFO_str	LOAD_DLL_DEBUG_INFO
wcesdkrLoadCursor	LoadCursor
wcesdkrLoadIcon	LoadIcon
wcesdkrLoadLibrary	LoadLibrary
wcesdkrLocalAlloc	LocalAlloc
wcesdkrLocalFileTimeToFileTime	LocalFileTimeToFileTime
wcesdkrLocalFree	LocalFree
wcesdkrLocalReAlloc	LocalReAlloc
wcesdkrLocalSize	LocalSize
wcesdkrMEMORYSTATUS_str	MEMORYSTATUS
wcesdkrMEMORY_BASIC_INFORMATION_str	MEMORY_BASIC_INFORMATION
wcesdkrMIBICMPINFO	MIBICMPINFO
wcesdkrMIBICMPSTATS	MIBICMPSTATS
wcesdkrMIB_BEST_IF	MIB_BEST_IF
wcesdkrMIB_ICMP	MIB_ICMP
wcesdkrMIB_IFROW	MIB_IFROW
wcesdkrMIB_IFTABLE	MIB_IFTABLE
wcesdkrMIB_IPADDRROW	MIB_IPADDRROW
wcesdkrMIB_IPADDRTABLE	MIB_IPADDRTABLE
wcesdkrMIB_IPFORWARDROW	MIB_IPFORWARDROW
wcesdkrMIB_IPFORWARDTABLE	MIB_IPFORWARDTABLE
wcesdkrMIB_IPNETROW	MIB_IPNETROW
wcesdkrMIB_IPNETTABLE	MIB_IPNETTABLE
wcesdkrMIB_IPSTATS	MIB_IPSTATS
wcesdkrMIB_PROXYARP	MIB_PROXYARP
wcesdkrMIB_TCPROW	MIB_TCPROW
wcesdkrMIB_TCPSTATS	MIB_TCPSTATS
wcesdkrMIB_TCPTABLE	MIB_TCPTABLE
wcesdkrMIB_UDPROW	MIB_UDPROW
wcesdkrMIB_UDPSTATS	MIB_UDPSTATS
wcesdkrMIB_UDPTABLE	MIB_UDPTABLE
wcesdkrMIXERCAPS	MIXERCAPS
wcesdkrMMTIME_str	MMTIME
wcesdkrMM_MIXM_CONTROL_CHANGE	MM_MIXM_CONTROL_CHANGE
wcesdkrMODULEENTRY32_str	MODULEENTRY32
wcesdkrMONITORINFO	MONITORINFO
wcesdkrMONITORINFOEX	MONITORINFOEX
wcesdkrModule32First	Module32First
wcesdkrModule32Next	Module32Next
wcesdkrMonitorEnumProc	MonitorEnumProc
wcesdkrMonitorFromPoint	MonitorFromPoint
wcesdkrMonitorFromRect	MonitorFromRect
wcesdkrMonitorFromWindow	MonitorFromWindow
wcesdkrNETRESOURCE_str	NETRESOURCE
wcesdkrNK_Components	NK Components
wcesdkrNOTE_Macros__NOTE	NOTEthroughNOTE5Macros
wcesdkrNotifyAddrChange	NotifyAddrChange
wcesdkrNotifyRouteChange	NotifyRouteChange
wcesdkrOLE_Components	OLE Components
wcesdkrOUTPUT_DEBUG_STRING_INFO_str	OUTPUT_DEBUG_STRING_INFO
wcesdkrOpenProcess	OpenProcess
wcesdkrOutputDebugString	OutputDebugString
wcesdkrPEG_USER_NOTIFICATION	PEG_USER_NOTIFICATION
wcesdkrPHONEINITIALIZEEXPARAMS	PHONEINITIALIZEEXPARAMS
wcesdkrPHONEMESSAGE	PHONEMESSAGE
wcesdkrPHONESTATUS	PHONESTATUS
wcesdkrPOST_INIT_BUF	POST_INIT_BUF
wcesdkrPROCESSENTRY32_str	PROCESSENTRY32
wcesdkrPROCESS_INFORMATION_str	PROCESS_INFORMATION
wcesdkrPlaySound	PlaySound
wcesdkrProcess32First	Process32First
wcesdkrProcess32Next	Process32Next
wcesdkrPurgeComm	PurgeComm
wcesdkrRASCONNSTATE_str	RASCONNSTATE
wcesdkrRASCONNSTATUS_str	RASCONNSTATUS
wcesdkrRASCONN_str	RASCONN
wcesdkrRASDEVINFO_str	RASDEVINFO
wcesdkrRASDIALPARAMS_str	RASDIALPARAMS
wcesdkrRASENTRYNAME_str	RASENTRYNAME
wcesdkrRASENTRY_str	RASENTRY
wcesdkrRASIPADDR_str	RASIPADDR
wcesdkrRASPPPIP	RASPPPIP
wcesdkrRASPROJECTION	RASPROJECTION
wcesdkrREMOTE_NAME_INFO_str	REMOTE_NAME_INFO
wcesdkrRasDeleteEntry	RasDeleteEntry
wcesdkrRasDial	RasDial
wcesdkrRasEnumConnections	RasEnumConnections
wcesdkrRasEnumDevices	RasEnumDevices
wcesdkrRasEnumEntries	RasEnumEntries
wcesdkrRasGetConnectStatus	RasGetConnectStatus
wcesdkrRasGetEntryDialParams	RasGetEntryDialParams
wcesdkrRasGetEntryProperties	RasGetEntryProperties
wcesdkrRasGetLinkStatistics	RasGetLinkStatistics
wcesdkrRasGetProjectionInfo	RasGetProjectionInfo
wcesdkrRasHangUp	RasHangUp
wcesdkrRasRenameEntry	RasRenameEntry
wcesdkrRasSetEntryDialParams	RasSetEntryDialParams
wcesdkrRasSetEntryProperties	RasSetEntryProperties
wcesdkrRasValidateEntryName	RasValidateEntryName
wcesdkrReadClient	ReadClient
wcesdkrReadProcessMemory	ReadProcessMemory
wcesdkrReleaseCapture	ReleaseCapture
wcesdkrResumeThread	ResumeThread
wcesdkrSHELLFILECHANGEFUNC_t	SHELLFILECHANGEFUNC_t
wcesdkrSOCKADDR	sockaddr
wcesdkrSOCKADDR_IN	SOCKADDR_IN
wcesdkrSYSTEMTIME_str	SYSTEMTIME
wcesdkrSendARP	SendARP
wcesdkrServerSupportFunction	ServerSupportFunction
wcesdkrSetAbortProc	SetAbortProc
wcesdkrSetCapture	SetCapture
wcesdkrSetCommBreak	SetCommBreak
wcesdkrSetCommMask	SetCommMask
wcesdkrSetCommState	SetCommState
wcesdkrSetCommTimeouts	SetCommTimeouts
wcesdkrSetCursor	SetCursor
wcesdkrSetCursorPos	SetCursorPos
wcesdkrSetFileTime	SetFileTime
wcesdkrSetHeader	SetHeader
wcesdkrSetIfEntry	SetIfEntry
wcesdkrSetIpForwardEntry	SetIpForwardEntry
wcesdkrSetIpNetEntry	SetIpNetEntry
wcesdkrSetIpStatistics	SetIpStatistics
wcesdkrSetIpTTL	SetIpTTL
wcesdkrSetLocalTime	SetLocalTime
wcesdkrSetTcpEntry	SetTcpEntry
wcesdkrSetThreadContext	SetThreadContext
wcesdkrSetThreadPriority	SetThreadPriority
wcesdkrSetTimeZoneInformation	SetTimeZoneInformation
wcesdkrSetupComm	SetupComm
wcesdkrShowCursor	ShowCursor
wcesdkrSleep	Sleep
wcesdkrSndPlaySound	sndPlaySound
wcesdkrSnmpExtensionClose	SnmpExtensionClose
wcesdkrSnmpExtensionInit	SnmpExtensionInit
wcesdkrSnmpExtensionInitEx	SnmpExtensionInitEx
wcesdkrSnmpExtensionQuery	SnmpExtensionQuery
wcesdkrSnmpExtensionQueryEx	SnmpExtensionQueryEx
wcesdkrSnmpExtensionTrap	SnmpExtensionTrap
wcesdkrSnmpSvcGetUptime	SnmpSvcGetUptime
wcesdkrSnmpSvcSetLogLevel	SnmpSvcSetLogLevel
wcesdkrSnmpSvcSetLogType	SnmpSvcSetLogType
wcesdkrSnmpTfxClose	SnmpTfxClose
wcesdkrSnmpTfxOpen	SnmpTfxOpen
wcesdkrSnmpTfxQuery	SnmpTfxQuery
wcesdkrSnmpUtilAsnAnyCpy	SnmpUtilAsnAnyCpy
wcesdkrSnmpUtilAsnAnyFree	SnmpUtilAsnAnyFree
wcesdkrSnmpUtilDbgPrint	SnmpUtilDbgPrint
wcesdkrSnmpUtilIdsToA	SnmpUtilIdsToA
wcesdkrSnmpUtilIdsToW	SnmpUtilIdsToW
wcesdkrSnmpUtilMemAlloc	SnmpUtilMemAlloc
wcesdkrSnmpUtilMemFree	SnmpUtilMemFree
wcesdkrSnmpUtilMemReAlloc	SnmpUtilMemReAlloc
wcesdkrSnmpUtilOctetsCmp	SnmpUtilOctetsCmp
wcesdkrSnmpUtilOctetsCpy	SnmpUtilOctetsCpy
wcesdkrSnmpUtilOctetsFree	SnmpUtilOctetsFree
wcesdkrSnmpUtilOctetsNCmp	SnmpUtilOctetsNCmp
wcesdkrSnmpUtilOidAppend	SnmpUtilOidAppend
wcesdkrSnmpUtilOidCmp	SnmpUtilOidCmp
wcesdkrSnmpUtilOidCpy	SnmpUtilOidCpy
wcesdkrSnmpUtilOidFree	SnmpUtilOidFree
wcesdkrSnmpUtilOidNCmp	SnmpUtilOidNCmp
wcesdkrSnmpUtilOidToA	SnmpUtilOidToA
wcesdkrSnmpUtilOidToW	SnmpUtilOidToW
wcesdkrSnmpUtilPrintToStrAsnAny	SnmpUtilPrintToStrAsnAny
wcesdkrSnmpUtilVarBindCpy	SnmpUtilVarBindCpy
wcesdkrSnmpUtilVarBindFree	SnmpUtilVarBindFree
wcesdkrSnmpUtilVarBindListCpy	SnmpUtilVarBindListCpy
wcesdkrSnmpUtilVarBindListFree	SnmpUtilVarBindListFree
wcesdkrSnmpVarBind	SnmpVarBind
wcesdkrSnmpVarBindList	SnmpVarBindList
wcesdkrStartDoc	StartDoc
wcesdkrStartPage	StartPage
wcesdkrSuspendThread	SuspendThread
wcesdkrSystemTimeToFileTime	SystemTimeToFileTime
wcesdkrTHREADENTRY32_str	THREADENTRY32
wcesdkrTIME_ZONE_INFORMATION_str	TIME_ZONE_INFORMATION
wcesdkrTSPI_lineAccept	TSPI_lineAccept
wcesdkrTSPI_lineAddToConference	TSPI_lineAddToConference
wcesdkrTSPI_lineAnswer	TSPI_lineAnswer
wcesdkrTSPI_lineBlindTransfer	TSPI_lineBlindTransfer
wcesdkrTSPI_lineClose	TSPI_lineClose
wcesdkrTSPI_lineCloseCall	TSPI_lineCloseCall
wcesdkrTSPI_lineCompleteTransfer	TSPI_lineCompleteTransfer
wcesdkrTSPI_lineConditionalMediaDetection	TSPI_lineConditionalMediaDetection
wcesdkrTSPI_lineConfigDialogEdit	TSPI_lineConfigDialogEdit
wcesdkrTSPI_lineDevSpecific	TSPI_lineDevSpecific
wcesdkrTSPI_lineDial	TSPI_lineDial
wcesdkrTSPI_lineDrop	TSPI_lineDrop
wcesdkrTSPI_lineForward	TSPI_lineForward
wcesdkrTSPI_lineGenerateDigits	TSPI_lineGenerateDigits
wcesdkrTSPI_lineGenerateTone	TSPI_lineGenerateTone
wcesdkrTSPI_lineGetAddressCaps	TSPI_lineGetAddressCaps
wcesdkrTSPI_lineGetAddressID	TSPI_lineGetAddressID
wcesdkrTSPI_lineGetAddressStatus	TSPI_lineGetAddressStatus
wcesdkrTSPI_lineGetCallAddressID	TSPI_lineGetCallAddressID
wcesdkrTSPI_lineGetCallInfo	TSPI_lineGetCallInfo
wcesdkrTSPI_lineGetCallStatus	TSPI_lineGetCallStatus
wcesdkrTSPI_lineGetDevCaps	TSPI_lineGetDevCaps
wcesdkrTSPI_lineGetDevConfig	TSPI_lineGetDevConfig
wcesdkrTSPI_lineGetExtensionID	TSPI_lineGetExtensionID
wcesdkrTSPI_lineGetID	TSPI_lineGetID
wcesdkrTSPI_lineGetIcon	TSPI_lineGetIcon
wcesdkrTSPI_lineGetLineDevStatus	TSPI_lineGetLineDevStatus
wcesdkrTSPI_lineGetNumAddressIDs	TSPI_lineGetNumAddressIDs
wcesdkrTSPI_lineHold	TSPI_lineHold
wcesdkrTSPI_lineMakeCall	TSPI_lineMakeCall
wcesdkrTSPI_lineMonitorDigits	TSPI_lineMonitorDigits
wcesdkrTSPI_lineMonitorMedia	TSPI_lineMonitorMedia
wcesdkrTSPI_lineNegotiateExtVersion	TSPI_lineNegotiateExtVersion
wcesdkrTSPI_lineNegotiateTSPIVersion	TSPI_lineNegotiateTSPIVersion
wcesdkrTSPI_lineOpen	TSPI_lineOpen
wcesdkrTSPI_linePickup	TSPI_linePickup
wcesdkrTSPI_linePrepareAddToConference	TSPI_linePrepareAddToConference
wcesdkrTSPI_lineRedirect	TSPI_lineRedirect
wcesdkrTSPI_lineReleaseUserUserInfo	TSPI_lineReleaseUserUserInfo
wcesdkrTSPI_lineRemoveFromConference	TSPI_lineRemoveFromConference
wcesdkrTSPI_lineSendUserUserInfo	TSPI_lineSendUserUserInfo
wcesdkrTSPI_lineSetCallParams	TSPI_lineSetCallParams
wcesdkrTSPI_lineSetCurrentLocation	TSPI_lineSetCurrentLocation
wcesdkrTSPI_lineSetDefaultMediaDetection	TSPI_lineSetDefaultMediaDetection
wcesdkrTSPI_lineSetDevConfig	TSPI_lineSetDevConfig
wcesdkrTSPI_lineSetMediaMode	TSPI_lineSetMediaMode
wcesdkrTSPI_lineSetStatusMessages	TSPI_lineSetStatusMessages
wcesdkrTSPI_lineSetTerminal	TSPI_lineSetTerminal
wcesdkrTSPI_lineSetupConference	TSPI_lineSetupConference
wcesdkrTSPI_lineSetupTransfer	TSPI_lineSetupTransfer
wcesdkrTSPI_lineSwapHold	TSPI_lineSwapHold
wcesdkrTSPI_lineUnhold	TSPI_lineUnhold
wcesdkrTSPI_phoneClose	TSPI_phoneClose
wcesdkrTSPI_phoneConfigDialog	TSPI_phoneConfigDialog
wcesdkrTSPI_phoneDevSpecific	TSPI_phoneDevSpecific
wcesdkrTSPI_phoneGetDevCaps	TSPI_phoneGetDevCaps
wcesdkrTSPI_phoneGetExtensionID	TSPI_phoneGetExtensionID
wcesdkrTSPI_phoneGetGain	TSPI_phoneGetGain
wcesdkrTSPI_phoneGetHookSwitch	TSPI_phoneGetHookSwitch
wcesdkrTSPI_phoneGetID	TSPI_phoneGetID
wcesdkrTSPI_phoneGetIcon	TSPI_phoneGetIcon
wcesdkrTSPI_phoneGetRing	TSPI_phoneGetRing
wcesdkrTSPI_phoneGetStatus	TSPI_phoneGetStatus
wcesdkrTSPI_phoneGetVolume	TSPI_phoneGetVolume
wcesdkrTSPI_phoneNegotiateExtVersion	TSPI_phoneNegotiateExtVersion
wcesdkrTSPI_phoneNegotiateTSPIVersion	TSPI_phoneNegotiateTSPIVersion
wcesdkrTSPI_phoneOpen	TSPI_phoneOpen
wcesdkrTSPI_phoneSelectExtVersion	TSPI_phoneSelectExtVersion
wcesdkrTSPI_phoneSetGain	TSPI_phoneSetGain
wcesdkrTSPI_phoneSetHookSwitch	TSPI_phoneSetHookSwitch
wcesdkrTSPI_phoneSetRing	TSPI_phoneSetRing
wcesdkrTSPI_phoneSetStatusMessages	TSPI_phoneSetStatusMessages
wcesdkrTSPI_phoneSetVolume	TSPI_phoneSetVolume
wcesdkrTSPI_providerCreateLineDevice	TSPI_providerCreateLineDevice
wcesdkrTSPI_providerCreatePhoneDevice	TSPI_providerCreatePhoneDevice
wcesdkrTSPI_providerEnumDevices	TSPI_providerEnumDevices
wcesdkrTSPI_providerInit	TSPI_providerInit
wcesdkrTSPI_providerInstall	TSPI_providerInstall
wcesdkrTSPI_providerRemove	TSPI_providerRemove
wcesdkrTSPI_providerRemoveDevice	TSPI_providerRemoveDevice
wcesdkrTSPI_providerShutdown	TSPI_providerShutdown
wcesdkrTerminateExtension	TerminateExtension
wcesdkrTerminateFilter	TerminateFilter
wcesdkrTerminateProcess	TerminateProcess
wcesdkrTerminateThread	TerminateThread
wcesdkrThe_fsdmgr_Component	fsdmgr Component
wcesdkrThread32First	Thread32First
wcesdkrThread32Next	Thread32Next
wcesdkrThreadProc	ThreadProc
wcesdkrTlsAlloc	TlsAlloc
wcesdkrTlsFree	TlsFree
wcesdkrTlsGetValue	TlsGetValue
wcesdkrTlsSetValue	TlsSetValue
wcesdkrToolhelp32ReadProcessMemory	Toolhelp32ReadProcessMemory
wcesdkrTransmitCommChar	TransmitCommChar
wcesdkrUNIVERSAL_NAME_INFO_str	UNIVERSAL_NAME_INFO
wcesdkrUNLOAD_DLL_DEBUG_INFO_str	UNLOAD_DLL_DEBUG_INFO
wcesdkrVARSTRING_str	VARSTRING
wcesdkrVirtualAlloc	VirtualAlloc
wcesdkrVirtualFree	VirtualFree
wcesdkrVirtualProtect	VirtualProtect
wcesdkrVirtualQuery	VirtualQuery
wcesdkrWAVEFORMATEX_str	WAVEFORMATEX
wcesdkrWAVEHDR_str	WAVEHDR
wcesdkrWAVEINCAPS_str	WAVEINCAPS
wcesdkrWAVEOUTCAPS_str	WAVEOUTCAPS
wcesdkrWM_CAPTURECHANGED	WM_CAPTURECHANGED
wcesdkrWM_ERASEBKGND	WM_ERASEBKGND
wcesdkrWM_GETICON	WM_GETICON
wcesdkrWM_LBUTTONBLCLK	WM_LBUTTONDBLCLK
wcesdkrWM_LBUTTONDOWN	WM_LBUTTONDOWN
wcesdkrWM_LBUTTONUP	WM_LBUTTONUP
wcesdkrWM_MOUSEMOVE	WM_MOUSEMOVE
wcesdkrWM_RASDIALEVENT	WM_RASDIALEVENT
wcesdkrWM_SETCURSOR	WM_SETCURSOR
wcesdkrWM_SETICON	WM_SETICON
wcesdkrWNetCancelConnection2	WNetCancelConnection2
wcesdkrWNetCloseEnum	WNetCloseEnum
wcesdkrWNetConnectionDialog1	WNetConnectionDialog1
wcesdkrWNetDisconnectDialog	WNetDisconnectDialog
wcesdkrWNetDisconnectDialog1	WNetDisconnectDialog1
wcesdkrWNetEnumResource	WNetEnumResource
wcesdkrWNetGetConnection	WNetGetConnection
wcesdkrWNetGetUniversalName	WNetGetUniversalName
wcesdkrWNetGetUser	WNetGetUser
wcesdkrWNetOpenEnum	WNetOpenEnum
wcesdkrWSACleanup	WSACleanup
wcesdkrWSADATA	WSADATA
wcesdkrWSAGetLastError	WSAGetLastError
wcesdkrWSAIoctl	WSAIoctl
wcesdkrWSASetLastError	WSASetLastError
wcesdkrWSAStartup	WSAStartup
wcesdkrWaitCommEvent	WaitCommEvent
wcesdkrWaitForDebugEvent	WaitForDebugEvent
wcesdkrWindows_CE_Modules	Windows CE Modules
wcesdkrWindows_CE_Modules_and_Components	Windows CE Modules and Components
wcesdkrWnetAddConnection3	WNetAddConnection3
wcesdkrWriteClient	WriteClient
wcesdkrWriteDebugLED	WriteDebugLED
wcesdkrWriteProcessMemory	WriteProcessMemory
wcesdkraccel_Component	accel Component
wcesdkraccel_c_Component	accel_c Component
wcesdkraccept_function	accept
wcesdkralphabetical_dshow_class_reference	Alphabetical DShow Class Reference
wcesdkrasp_Module	asp Module
wcesdkrassert_macros_and_functions	Assert Macros and Functions
wcesdkrassert_macros_functions_assert	ASSERT
wcesdkrassert_macros_functions_dbgassert	DbgAssert
wcesdkrassert_macros_functions_dbgkernelassert	DbgKernelAssert
wcesdkrassert_macros_functions_execute_assert	EXECUTE_ASSERT
wcesdkrassert_macros_functions_kassert	KASSERT
wcesdkrasxDuration	DURATION
wcesdkrasx_elements_reference	ASX Elements Reference
wcesdkrauthor	AUTHOR
wcesdkrbind	bind
wcesdkrbitmap_functs_macros_data__bit_masks_match	BIT_MASKS_MATCH
wcesdkrbitmap_functs_macros_data__bitmasks	BITMASKS
wcesdkrbitmap_functs_macros_data__colors	COLORS
wcesdkrbitmap_functs_macros_data__containspalette	ContainsPalette
wcesdkrbitmap_functs_macros_data__dibsize	DIBSIZE
wcesdkrbitmap_functs_macros_data__getbitcount	GetBitCount
wcesdkrbitmap_functs_macros_data__getbitmapformatsize	GetBitmapFormatSize
wcesdkrbitmap_functs_macros_data__getbitmappalette	GetBitmapPalette
wcesdkrbitmap_functs_macros_data__getbitmapsize	GetBitmapSize
wcesdkrbitmap_functs_macros_data__getbitmapsubtype	GetBitmapSubtype
wcesdkrbitmap_functs_macros_data__getsubtypename	GetSubtypeName
wcesdkrbitmap_functs_macros_data__gettruecolortype	GetTrueColorType
wcesdkrbitmap_functs_macros_data__header	HEADER
wcesdkrbitmap_functs_macros_data__mpeg1_sequence_info	MPEG1_SEQUENCE_INFO
wcesdkrbitmap_functs_macros_data__palette_entries	PALETTE_ENTRIES
wcesdkrbitmap_functs_macros_data__palettised	PALETTISED
wcesdkrbitmap_functs_macros_data__reset_header	RESET_HEADER
wcesdkrbitmap_functs_macros_data__reset_masks	RESET_MASKS
wcesdkrbitmap_functs_macros_data__reset_palette	RESET_PALETTE
wcesdkrbitmap_functs_macros_data__size_ega_palette	SIZE_EGA_PALETTE
wcesdkrbitmap_functs_macros_data__size_masks	SIZE_MASKS
wcesdkrbitmap_functs_macros_data__size_mpeg1videoinfo	SIZE_MPEG1VIDEOINFO
wcesdkrbitmap_functs_macros_data__size_palette	SIZE_PALETTE
wcesdkrbitmap_functs_macros_data__size_preheader	SIZE_PREHEADER
wcesdkrbitmap_functs_macros_data__size_videoheader	SIZE_VIDEOHEADER
wcesdkrbitmap_functs_macros_data__truecolor_macro	TRUECOLOR
wcesdkrbreakpoint_macros_and_function	Breakpoint Macros and Function
wcesdkrbreakpoint_macros_function__dbgbreak	DbgBreak
wcesdkrbreakpoint_macros_function__dbgbreakpoint	DbgBreakPoint
wcesdkrbreakpoint_macros_function__kdbgbreak	KDbgBreak
wcesdkrbstr_functions__freebstr	FreeBSTR
wcesdkrbstr_functions__writebstr	WriteBSTR
wcesdkrcaggdirectdraw__caggdirectdraw	CAggDirectDraw::CAggDirectDraw
wcesdkrcaggdirectdraw__nondelegatingqueryinterface	CAggDirectDraw::NonDelegatingQueryInterface
wcesdkrcaggdirectdraw__setdirectdraw	CAggDirectDraw::SetDirectDraw
wcesdkrcaggdirectdraw_class	CAggDirectDraw Class
wcesdkrcaggdrawsurface__caggdrawsurface	CAggDrawSurface::CAggDrawSurface
wcesdkrcaggdrawsurface__nondelegatingqueryinterface	CAggDrawSurface::NonDelegatingQueryInterface
wcesdkrcaggdrawsurface__setdirectdrawsurface	CAggDrawSurface::SetDirectDrawSurface
wcesdkrcaggdrawsurface_class	CAggDrawSurface Class
wcesdkrcalibrui_Component	calibrui Component
wcesdkrcallback_functions_ddraw	Callback Functions
wcesdkrcamevent__camevent	CAMEvent::CAMEvent
wcesdkrcamevent__check	CAMEvent::Check
wcesdkrcamevent__operator_handle	CAMEvent::operator HANDLE
wcesdkrcamevent__reset	CAMEvent::Reset
wcesdkrcamevent__set	CAMEvent::Set
wcesdkrcamevent__wait	CAMEvent::Wait
wcesdkrcamevent_class	CAMEvent Class
wcesdkrcammsgevent__waitmsg	CAMMsgEvent::WaitMsg
wcesdkrcammsgevent_class	CAMMsgEvent Class
wcesdkrcamschedule__addadvisepacket	CAMSchedule::AddAdvisePacket
wcesdkrcamschedule__advise	CAMSchedule::Advise
wcesdkrcamschedule__camschedule	CAMSchedule::CAMSchedule
wcesdkrcamschedule__getadvisecount	CAMSchedule::GetAdviseCount
wcesdkrcamschedule__getevent	CAMSchedule::GetEvent
wcesdkrcamschedule__getnextadvisetime	CAMSchedule::GetNextAdviseTime
wcesdkrcamschedule__unadvise	CAMSchedule::Unadvise
wcesdkrcamschedule_class	CAMSchedule Class
wcesdkrcamthread__callworker	CAMThread::CallWorker
wcesdkrcamthread__camthread	CAMThread::CAMThread
wcesdkrcamthread__checkrequest	CAMThread::CheckRequest
wcesdkrcamthread__close	CAMThread::Close
wcesdkrcamthread__create	CAMThread::Create
wcesdkrcamthread__getrequest	CAMThread::GetRequest
wcesdkrcamthread__getrequesthandle	CAMThread::GetRequestHandle
wcesdkrcamthread__getrequestparam	CAMThread::GetRequestParam
wcesdkrcamthread__initialthreadproc	CAMThread::InitialThreadProc
wcesdkrcamthread__reply	CAMThread::Reply
wcesdkrcamthread__threadexists	CAMThread::ThreadExists
wcesdkrcamthread__threadproc	CAMThread::ThreadProc
wcesdkrcamthread_class	CAMThread Class
wcesdkrcaret_Component	caret Component
wcesdkrcautolock__cautolock	CAutoLock::CAutoLock
wcesdkrcautolock_class	CAutoLock Class
wcesdkrcbaseallocator__alloc	CBaseAllocator::Alloc
wcesdkrcbaseallocator__cbaseallocator	CBaseAllocator::CBaseAllocator
wcesdkrcbaseallocator__commit	CBaseAllocator::Commit
wcesdkrcbaseallocator__decommit	CBaseAllocator::Decommit
wcesdkrcbaseallocator__free	CBaseAllocator::Free
wcesdkrcbaseallocator__getbuffer	CBaseAllocator::GetBuffer
wcesdkrcbaseallocator__getproperties	CBaseAllocator::GetProperties
wcesdkrcbaseallocator__nondelegatingqueryinterface	CBaseAllocator::NonDelegatingQueryInterface
wcesdkrcbaseallocator__notifysample	CBaseAllocator::NotifySample
wcesdkrcbaseallocator__releasebuffer	CBaseAllocator::ReleaseBuffer
wcesdkrcbaseallocator__setproperties	CBaseAllocator::SetProperties
wcesdkrcbaseallocator__setwaiting	CBaseAllocator::SetWaiting
wcesdkrcbaseallocator_class	CBaseAllocator Class
wcesdkrcbasebasicvideo__cbasebasicvideo	CBaseBasicVideo::CBaseBasicVideo
wcesdkrcbasebasicvideo__getidsofnames	CBaseBasicVideo::GetIDsOfNames
wcesdkrcbasebasicvideo__gettypeinfo	CBaseBasicVideo::GetTypeInfo
wcesdkrcbasebasicvideo__gettypeinfocount	CBaseBasicVideo::GetTypeInfoCount
wcesdkrcbasebasicvideo__invoke	CBaseBasicVideo::Invoke
wcesdkrcbasebasicvideo__nondelegatingqueryinterface	CBaseBasicVideo::NonDelegatingQueryInterface
wcesdkrcbasebasicvideo_class	CBaseBasicVideo Class
wcesdkrcbasecontrolvideo__cbasecontrolvideo	CBaseControlVideo::CBaseControlVideo
wcesdkrcbasecontrolvideo__checksourcerect	CBaseControlVideo::CheckSourceRect
wcesdkrcbasecontrolvideo__checktargetrect	CBaseControlVideo::CheckTargetRect
wcesdkrcbasecontrolvideo__copyimage	CBaseControlVideo::CopyImage
wcesdkrcbasecontrolvideo__get_avgtimeperframe	CBaseControlVideo::get_AvgTimePerFrame
wcesdkrcbasecontrolvideo__get_biterrorrate	CBaseControlVideo::get_BitErrorRate
wcesdkrcbasecontrolvideo__get_bitrate	CBaseControlVideo::get_BitRate
wcesdkrcbasecontrolvideo__get_destinationheight	CBaseControlVideo::get_DestinationHeight
wcesdkrcbasecontrolvideo__get_destinationleft	CBaseControlVideo::get_DestinationLeft
wcesdkrcbasecontrolvideo__get_destinationtop	CBaseControlVideo::get_DestinationTop
wcesdkrcbasecontrolvideo__get_destinationwidth	CBaseControlVideo::get_DestinationWidth
wcesdkrcbasecontrolvideo__get_sourceheight	CBaseControlVideo::get_SourceHeight
wcesdkrcbasecontrolvideo__get_sourceleft	CBaseControlVideo::get_SourceLeft
wcesdkrcbasecontrolvideo__get_sourcetop	CBaseControlVideo::get_SourceTop
wcesdkrcbasecontrolvideo__get_sourcewidth	CBaseControlVideo::get_SourceWidth
wcesdkrcbasecontrolvideo__get_videoheight	CBaseControlVideo::get_VideoHeight
wcesdkrcbasecontrolvideo__get_videowidth	CBaseControlVideo::get_VideoWidth
wcesdkrcbasecontrolvideo__getcurrentimage	CBaseControlVideo::GetCurrentImage
wcesdkrcbasecontrolvideo__getdestinationposition	CBaseControlVideo::GetDestinationPosition
wcesdkrcbasecontrolvideo__getimagesize	CBaseControlVideo::GetImageSize
wcesdkrcbasecontrolvideo__getsourceposition	CBaseControlVideo::GetSourcePosition
wcesdkrcbasecontrolvideo__getsourcerect	CBaseControlVideo::GetSourceRect
wcesdkrcbasecontrolvideo__getstaticimage	CBaseControlVideo::GetStaticImage
wcesdkrcbasecontrolvideo__gettargetrect	CBaseControlVideo::GetTargetRect
wcesdkrcbasecontrolvideo__getvideoformat	CBaseControlVideo::GetVideoFormat
wcesdkrcbasecontrolvideo__getvideopaletteentries	CBaseControlVideo::GetVideoPaletteEntries
wcesdkrcbasecontrolvideo__getvideosize	CBaseControlVideo::GetVideoSize
wcesdkrcbasecontrolvideo__isdefaultsourcerect	CBaseControlVideo::IsDefaultSourceRect
wcesdkrcbasecontrolvideo__isdefaulttargetrect	CBaseControlVideo::IsDefaultTargetRect
wcesdkrcbasecontrolvideo__isusingdefaultdestination	CBaseControlVideo::IsUsingDefaultDestination
wcesdkrcbasecontrolvideo__isusingdefaultsource	CBaseControlVideo::IsUsingDefaultSource
wcesdkrcbasecontrolvideo__onupdaterectangles	CBaseControlVideo::OnUpdateRectangles
wcesdkrcbasecontrolvideo__onvideosizechange	CBaseControlVideo::OnVideoSizeChange
wcesdkrcbasecontrolvideo__put_destinationheight	CBaseControlVideo::put_DestinationHeight
wcesdkrcbasecontrolvideo__put_destinationleft	CBaseControlVideo::put_DestinationLeft
wcesdkrcbasecontrolvideo__put_destinationtop	CBaseControlVideo::put_DestinationTop
wcesdkrcbasecontrolvideo__put_destinationwidth	CBaseControlVideo::put_DestinationWidth
wcesdkrcbasecontrolvideo__put_sourceheight	CBaseControlVideo::put_SourceHeight
wcesdkrcbasecontrolvideo__put_sourceleft	CBaseControlVideo::put_SourceLeft
wcesdkrcbasecontrolvideo__put_sourcetop	CBaseControlVideo::put_SourceTop
wcesdkrcbasecontrolvideo__put_sourcewidth	CBaseControlVideo::put_SourceWidth
wcesdkrcbasecontrolvideo__setcontrolvideopin	CBaseControlVideo::SetControlVideoPin
wcesdkrcbasecontrolvideo__setdefaultdestinationposition	CBaseControlVideo::SetDefaultDestinationPosition
wcesdkrcbasecontrolvideo__setdefaultsourceposition	CBaseControlVideo::SetDefaultSourcePosition
wcesdkrcbasecontrolvideo__setdefaultsourcerect	CBaseControlVideo::SetDefaultSourceRect
wcesdkrcbasecontrolvideo__setdefaulttargetrect	CBaseControlVideo::SetDefaultTargetRect
wcesdkrcbasecontrolvideo__setdestinationposition	CBaseControlVideo::SetDestinationPosition
wcesdkrcbasecontrolvideo__setsourceposition	CBaseControlVideo::SetSourcePosition
wcesdkrcbasecontrolvideo__setsourcerect	CBaseControlVideo::SetSourceRect
wcesdkrcbasecontrolvideo__settargetrect	CBaseControlVideo::SetTargetRect
wcesdkrcbasecontrolvideo_class	CBaseControlVideo Class
wcesdkrcbasecontrolwindow__cbasecontrolwindow	CBaseControlWindow::CBaseControlWindow
wcesdkrcbasecontrolwindow__dogetwindowstyle	CBaseControlWindow::DoGetWindowStyle
wcesdkrcbasecontrolwindow__dosetwindowstyle	CBaseControlWindow::DoSetWindowStyle
wcesdkrcbasecontrolwindow__get_autoshow	CBaseControlWindow::get_AutoShow
wcesdkrcbasecontrolwindow__get_backgroundpalette	CBaseControlWindow::get_BackgroundPalette
wcesdkrcbasecontrolwindow__get_bordercolor	CBaseControlWindow::get_BorderColor
wcesdkrcbasecontrolwindow__get_caption	CBaseControlWindow::get_Caption
wcesdkrcbasecontrolwindow__get_fullscreenmode	CBaseControlWindow::get_FullScreenMode
wcesdkrcbasecontrolwindow__get_height	CBaseControlWindow::get_Height
wcesdkrcbasecontrolwindow__get_left	CBaseControlWindow::get_Left
wcesdkrcbasecontrolwindow__get_messagedrain	CBaseControlWindow::get_MessageDrain
wcesdkrcbasecontrolwindow__get_owner	CBaseControlWindow::get_Owner
wcesdkrcbasecontrolwindow__get_top	CBaseControlWindow::get_Top
wcesdkrcbasecontrolwindow__get_visible	CBaseControlWindow::get_Visible
wcesdkrcbasecontrolwindow__get_width	CBaseControlWindow::get_Width
wcesdkrcbasecontrolwindow__get_windowstate	CBaseControlWindow::get_WindowState
wcesdkrcbasecontrolwindow__get_windowstyle	CBaseControlWindow::get_WindowStyle
wcesdkrcbasecontrolwindow__get_windowstyleex	CBaseControlWindow::get_WindowStyleEx
wcesdkrcbasecontrolwindow__getbordercolour	CBaseControlWindow::GetBorderColour
wcesdkrcbasecontrolwindow__getmaxidealimagesize	CBaseControlWindow::GetMaxIdealImageSize
wcesdkrcbasecontrolwindow__getminidealimagesize	CBaseControlWindow::GetMinIdealImageSize
wcesdkrcbasecontrolwindow__getownerwindow	CBaseControlWindow::GetOwnerWindow
wcesdkrcbasecontrolwindow__getrestoreposition	CBaseControlWindow::GetRestorePosition
wcesdkrcbasecontrolwindow__getwindowposition	CBaseControlWindow::GetWindowPosition
wcesdkrcbasecontrolwindow__hidecursor	CBaseControlWindow::HideCursor
wcesdkrcbasecontrolwindow__isautoshowenabled	CBaseControlWindow::IsAutoShowEnabled
wcesdkrcbasecontrolwindow__iscursorhidden	CBaseControlWindow::IsCursorHidden
wcesdkrcbasecontrolwindow__notifyownermessage	CBaseControlWindow::NotifyOwnerMessage
wcesdkrcbasecontrolwindow__possiblyeatmessage	CBaseControlWindow::PossiblyEatMessage
wcesdkrcbasecontrolwindow__put_autoshow	CBaseControlWindow::put_AutoShow
wcesdkrcbasecontrolwindow__put_backgroundpalette	CBaseControlWindow::put_BackgroundPalette
wcesdkrcbasecontrolwindow__put_bordercolor	CBaseControlWindow::put_BorderColor
wcesdkrcbasecontrolwindow__put_caption	CBaseControlWindow::put_Caption
wcesdkrcbasecontrolwindow__put_fullscreenmode	CBaseControlWindow::put_FullScreenMode
wcesdkrcbasecontrolwindow__put_height	CBaseControlWindow::put_Height
wcesdkrcbasecontrolwindow__put_left	CBaseControlWindow::put_Left
wcesdkrcbasecontrolwindow__put_messagedrain	CBaseControlWindow::put_MessageDrain
wcesdkrcbasecontrolwindow__put_owner	CBaseControlWindow::put_Owner
wcesdkrcbasecontrolwindow__put_top	CBaseControlWindow::put_Top
wcesdkrcbasecontrolwindow__put_visible	CBaseControlWindow::put_Visible
wcesdkrcbasecontrolwindow__put_width	CBaseControlWindow::put_Width
wcesdkrcbasecontrolwindow__put_windowstate	CBaseControlWindow::put_WindowState
wcesdkrcbasecontrolwindow__put_windowstyle	CBaseControlWindow::put_WindowStyle
wcesdkrcbasecontrolwindow__put_windowstyleex	CBaseControlWindow::put_WindowStyleEx
wcesdkrcbasecontrolwindow__setcontrolwindowpin	CBaseControlWindow::SetControlWindowPin
wcesdkrcbasecontrolwindow__setwindowforeground	CBaseControlWindow::SetWindowForeground
wcesdkrcbasecontrolwindow__setwindowposition	CBaseControlWindow::SetWindowPosition
wcesdkrcbasecontrolwindow_class	CBaseControlWindow Class
wcesdkrcbasedispatch__cbasedispatch	CBaseDispatch::CBaseDispatch
wcesdkrcbasedispatch__getidsofnames	CBaseDispatch::GetIDsOfNames
wcesdkrcbasedispatch__gettypeinfo	CBaseDispatch::GetTypeInfo
wcesdkrcbasedispatch__gettypeinfocount	CBaseDispatch::GetTypeInfoCount
wcesdkrcbasedispatch_class	CBaseDispatch Class
wcesdkrcbasefilter__cbasefilter	CBaseFilter::CBaseFilter
wcesdkrcbasefilter__enumpins	CBaseFilter::EnumPins
wcesdkrcbasefilter__findpin	CBaseFilter::FindPin
wcesdkrcbasefilter__getclassid	CBaseFilter::GetClassID
wcesdkrcbasefilter__getfiltergraph	CBaseFilter::GetFilterGraph
wcesdkrcbasefilter__getpin	CBaseFilter::GetPin
wcesdkrcbasefilter__getpincount	CBaseFilter::GetPinCount
wcesdkrcbasefilter__getpinversion	CBaseFilter::GetPinVersion
wcesdkrcbasefilter__getsetupdata	CBaseFilter::GetSetupData
wcesdkrcbasefilter__getstate	CBaseFilter::GetState
wcesdkrcbasefilter__getsyncsource	CBaseFilter::GetSyncSource
wcesdkrcbasefilter__incrementpinversion	CBaseFilter::IncrementPinVersion
wcesdkrcbasefilter__isactive	CBaseFilter::IsActive
wcesdkrcbasefilter__joinfiltergraph	CBaseFilter::JoinFilterGraph
wcesdkrcbasefilter__nondelegatingqueryinterface	CBaseFilter::NonDelegatingQueryInterface
wcesdkrcbasefilter__notifyevent	CBaseFilter::NotifyEvent
wcesdkrcbasefilter__pause	CBaseFilter::Pause
wcesdkrcbasefilter__queryfilterinfo	CBaseFilter::QueryFilterInfo
wcesdkrcbasefilter__queryvendorinfo	CBaseFilter::QueryVendorInfo
wcesdkrcbasefilter__reconnectpin	CBaseFilter::ReconnectPin
wcesdkrcbasefilter__register	CBaseFilter::Register
wcesdkrcbasefilter__run	CBaseFilter::Run
wcesdkrcbasefilter__setsyncsource	CBaseFilter::SetSyncSource
wcesdkrcbasefilter__stop	CBaseFilter::Stop
wcesdkrcbasefilter__streamtime	CBaseFilter::StreamTime
wcesdkrcbasefilter__unregister	CBaseFilter::Unregister
wcesdkrcbasefilter_class	CBaseFilter Class
wcesdkrcbaseinputpin__beginflush	CBaseInputPin::BeginFlush
wcesdkrcbaseinputpin__cbaseinputpin	CBaseInputPin::CBaseInputPin
wcesdkrcbaseinputpin__checkstreaming	CBaseInputPin::CheckStreaming
wcesdkrcbaseinputpin__disconnect	CBaseInputPin::Disconnect
wcesdkrcbaseinputpin__endflush	CBaseInputPin::EndFlush
wcesdkrcbaseinputpin__getallocator	CBaseInputPin::GetAllocator
wcesdkrcbaseinputpin__getallocatorrequirements	CBaseInputPin::GetAllocatorRequirements
wcesdkrcbaseinputpin__inactive	CBaseInputPin::Inactive
wcesdkrcbaseinputpin__isflushing	CBaseInputPin::IsFlushing
wcesdkrcbaseinputpin__isreadonly	CBaseInputPin::IsReadOnly
wcesdkrcbaseinputpin__nondelegatingqueryinterface	CBaseInputPin::NonDelegatingQueryInterface
wcesdkrcbaseinputpin__notify	CBaseInputPin::Notify
wcesdkrcbaseinputpin__notifyallocator	CBaseInputPin::NotifyAllocator
wcesdkrcbaseinputpin__passnotify	CBaseInputPin::PassNotify
wcesdkrcbaseinputpin__receive	CBaseInputPin::Receive
wcesdkrcbaseinputpin__receivecanblock	CBaseInputPin::ReceiveCanBlock
wcesdkrcbaseinputpin__receivemultiple	CBaseInputPin::ReceiveMultiple
wcesdkrcbaseinputpin_class	CBaseInputPin Class
wcesdkrcbaselist__addafter	CBaseList::AddAfter
wcesdkrcbaselist__addafteri	CBaseList::AddAfterI
wcesdkrcbaselist__addbefore	CBaseList::AddBefore
wcesdkrcbaselist__addbeforei	CBaseList::AddBeforeI
wcesdkrcbaselist__addhead	CBaseList::AddHead
wcesdkrcbaselist__addheadi	CBaseList::AddHeadI
wcesdkrcbaselist__addtail	CBaseList::AddTail
wcesdkrcbaselist__addtaili	CBaseList::AddTailI
wcesdkrcbaselist__cbaselist	CBaseList::CBaseList
wcesdkrcbaselist__findi	CBaseList::FindI
wcesdkrcbaselist__getcounti	CBaseList::GetCountI
wcesdkrcbaselist__getheadpositioni	CBaseList::GetHeadPositionI
wcesdkrcbaselist__geti	CBaseList::GetI
wcesdkrcbaselist__getnexti	CBaseList::GetNextI
wcesdkrcbaselist__gettailpositioni	CBaseList::GetTailPositionI
wcesdkrcbaselist__movetohead	CBaseList::MoveToHead
wcesdkrcbaselist__movetotail	CBaseList::MoveToTail
wcesdkrcbaselist__next	CBaseList::Next
wcesdkrcbaselist__prev	CBaseList::Prev
wcesdkrcbaselist__removeall	CBaseList::RemoveAll
wcesdkrcbaselist__removeheadi	CBaseList::RemoveHeadI
wcesdkrcbaselist__removei	CBaseList::RemoveI
wcesdkrcbaselist__removetaili	CBaseList::RemoveTailI
wcesdkrcbaselist__reverse	CBaseList::Reverse
wcesdkrcbaselist_class	CBaseList Class
wcesdkrcbasemediafilter__cbasemediafilter	CBaseMediaFilter::CBaseMediaFilter
wcesdkrcbasemediafilter__getclassid	CBaseMediaFilter::GetClassID
wcesdkrcbasemediafilter__getstate	CBaseMediaFilter::GetState
wcesdkrcbasemediafilter__getsyncsource	CBaseMediaFilter::GetSyncSource
wcesdkrcbasemediafilter__isactive	CBaseMediaFilter::IsActive
wcesdkrcbasemediafilter__nondelegatingqueryinterface	CBaseMediaFilter::NonDelegatingQueryInterface
wcesdkrcbasemediafilter__pause	CBaseMediaFilter::Pause
wcesdkrcbasemediafilter__run	CBaseMediaFilter::Run
wcesdkrcbasemediafilter__setsyncsource	CBaseMediaFilter::SetSyncSource
wcesdkrcbasemediafilter__stop	CBaseMediaFilter::Stop
wcesdkrcbasemediafilter__streamtime	CBaseMediaFilter::StreamTime
wcesdkrcbasemediafilter_class	CBaseMediaFilter Class
wcesdkrcbaseobject__cbaseobject	CBaseObject::CBaseObject
wcesdkrcbaseobject__objectsactive	CBaseObject::ObjectsActive
wcesdkrcbaseobject_class	CBaseObject Class
wcesdkrcbaseoutputpin__active	CBaseOutputPin::Active
wcesdkrcbaseoutputpin__beginflush	CBaseOutputPin::BeginFlush
wcesdkrcbaseoutputpin__breakconnect	CBaseOutputPin::BreakConnect
wcesdkrcbaseoutputpin__cbaseoutputpin	CBaseOutputPin::CBaseOutputPin
wcesdkrcbaseoutputpin__checkconnect	CBaseOutputPin::CheckConnect
wcesdkrcbaseoutputpin__completeconnect	CBaseOutputPin::CompleteConnect
wcesdkrcbaseoutputpin__decideallocator	CBaseOutputPin::DecideAllocator
wcesdkrcbaseoutputpin__decidebuffersize	CBaseOutputPin::DecideBufferSize
wcesdkrcbaseoutputpin__deliver	CBaseOutputPin::Deliver
wcesdkrcbaseoutputpin__deliverbeginflush	CBaseOutputPin::DeliverBeginFlush
wcesdkrcbaseoutputpin__deliverendflush	CBaseOutputPin::DeliverEndFlush
wcesdkrcbaseoutputpin__deliverendofstream	CBaseOutputPin::DeliverEndOfStream
wcesdkrcbaseoutputpin__delivernewsegment	CBaseOutputPin::DeliverNewSegment
wcesdkrcbaseoutputpin__endflush	CBaseOutputPin::EndFlush
wcesdkrcbaseoutputpin__endofstream	CBaseOutputPin::EndOfStream
wcesdkrcbaseoutputpin__getdeliverybuffer	CBaseOutputPin::GetDeliveryBuffer
wcesdkrcbaseoutputpin__inactive	CBaseOutputPin::Inactive
wcesdkrcbaseoutputpin__initallocator	CBaseOutputPin::InitAllocator
wcesdkrcbaseoutputpin_class	CBaseOutputPin Class
wcesdkrcbasepin__active	CBasePin::Active
wcesdkrcbasepin__agreemediatype	CBasePin::AgreeMediaType
wcesdkrcbasepin__attemptconnection	CBasePin::AttemptConnection
wcesdkrcbasepin__breakconnect	CBasePin::BreakConnect
wcesdkrcbasepin__cbasepin	CBasePin::CBasePin
wcesdkrcbasepin__checkconnect	CBasePin::CheckConnect
wcesdkrcbasepin__checkmediatype	CBasePin::CheckMediaType
wcesdkrcbasepin__completeconnect	CBasePin::CompleteConnect
wcesdkrcbasepin__connect	CBasePin::Connect
wcesdkrcbasepin__connectedto	CBasePin::ConnectedTo
wcesdkrcbasepin__connectionmediatype	CBasePin::ConnectionMediaType
wcesdkrcbasepin__currentrate	CBasePin::CurrentRate
wcesdkrcbasepin__currentstarttime	CBasePin::CurrentStartTime
wcesdkrcbasepin__currentstoptime	CBasePin::CurrentStopTime
wcesdkrcbasepin__disconnect	CBasePin::Disconnect
wcesdkrcbasepin__displaypininfo	CBasePin::DisplayPinInfo
wcesdkrcbasepin__displaytypeinfo	CBasePin::DisplayTypeInfo
wcesdkrcbasepin__endofstream	CBasePin::EndOfStream
wcesdkrcbasepin__enummediatypes	CBasePin::EnumMediaTypes
wcesdkrcbasepin__getconnected	CBasePin::GetConnected
wcesdkrcbasepin__getmediatype	CBasePin::GetMediaType
wcesdkrcbasepin__getmediatypeversion	CBasePin::GetMediaTypeVersion
wcesdkrcbasepin__inactive	CBasePin::Inactive
wcesdkrcbasepin__incrementtypeversion	CBasePin::IncrementTypeVersion
wcesdkrcbasepin__isconnected	CBasePin::IsConnected
wcesdkrcbasepin__isstopped	CBasePin::IsStopped
wcesdkrcbasepin__name	CBasePin::Name
wcesdkrcbasepin__newsegment	CBasePin::NewSegment
wcesdkrcbasepin__nondelegatingaddref	CBasePin::NonDelegatingAddRef
wcesdkrcbasepin__nondelegatingqueryinterface	CBasePin::NonDelegatingQueryInterface
wcesdkrcbasepin__nondelegatingrelease	CBasePin::NonDelegatingRelease
wcesdkrcbasepin__notify	CBasePin::Notify
wcesdkrcbasepin__queryaccept	CBasePin::QueryAccept
wcesdkrcbasepin__querydirection	CBasePin::QueryDirection
wcesdkrcbasepin__queryid	CBasePin::QueryId
wcesdkrcbasepin__queryinternalconnections	CBasePin::QueryInternalConnections
wcesdkrcbasepin__querypininfo	CBasePin::QueryPinInfo
wcesdkrcbasepin__receiveconnection	CBasePin::ReceiveConnection
wcesdkrcbasepin__run	CBasePin::Run
wcesdkrcbasepin__setmediatype	CBasePin::SetMediaType
wcesdkrcbasepin__setsink	CBasePin::SetSink
wcesdkrcbasepin__trymediatypes	CBasePin::TryMediaTypes
wcesdkrcbasepin_class	CBasePin Class
wcesdkrcbasereferenceclock__adviseperiodic	CBaseReferenceClock::AdvisePeriodic
wcesdkrcbasereferenceclock__advisetime	CBaseReferenceClock::AdviseTime
wcesdkrcbasereferenceclock__cbasereferenceclock	CBaseReferenceClock::CBaseReferenceClock
wcesdkrcbasereferenceclock__getprivatetime	CBaseReferenceClock::GetPrivateTime
wcesdkrcbasereferenceclock__getschedule	CBaseReferenceClock::GetSchedule
wcesdkrcbasereferenceclock__gettime	CBaseReferenceClock::GetTime
wcesdkrcbasereferenceclock__nondelegatingqueryinterface	CBaseReferenceClock::NonDelegatingQueryInterface
wcesdkrcbasereferenceclock__settimedelta	CBaseReferenceClock::SetTimeDelta
wcesdkrcbasereferenceclock__triggerthread	CBaseReferenceClock::TriggerThread
wcesdkrcbasereferenceclock__unadvise	CBaseReferenceClock::Unadvise
wcesdkrcbasereferenceclock_class	CBaseReferenceClock Class
wcesdkrcbaserenderer__active	CBaseRenderer::Active
wcesdkrcbaserenderer__beginflush	CBaseRenderer::BeginFlush
wcesdkrcbaserenderer__breakconnect	CBaseRenderer::BreakConnect
wcesdkrcbaserenderer__cancelnotification	CBaseRenderer::CancelNotification
wcesdkrcbaserenderer__cbaserenderer	CBaseRenderer::CBaseRenderer
wcesdkrcbaserenderer__checkmediatype	CBaseRenderer::CheckMediaType
wcesdkrcbaserenderer__checkready	CBaseRenderer::CheckReady
wcesdkrcbaserenderer__clearpendingsample	CBaseRenderer::ClearPendingSample
wcesdkrcbaserenderer__completeconnect	CBaseRenderer::CompleteConnect
wcesdkrcbaserenderer__completestatechange	CBaseRenderer::CompleteStateChange
wcesdkrcbaserenderer__displayrendererstate	CBaseRenderer::DisplayRendererState
wcesdkrcbaserenderer__dorendersample	CBaseRenderer::DoRenderSample
wcesdkrcbaserenderer__endflush	CBaseRenderer::EndFlush
wcesdkrcbaserenderer__endofstream	CBaseRenderer::EndOfStream
wcesdkrcbaserenderer__findpin	CBaseRenderer::FindPin
wcesdkrcbaserenderer__getcurrentsample	CBaseRenderer::GetCurrentSample
wcesdkrcbaserenderer__getmediapositioninterface	CBaseRenderer::GetMediaPositionInterface
wcesdkrcbaserenderer__getpin	CBaseRenderer::GetPin
wcesdkrcbaserenderer__getpincount	CBaseRenderer::GetPinCount
wcesdkrcbaserenderer__getrealstate	CBaseRenderer::GetRealState
wcesdkrcbaserenderer__getrenderevent	CBaseRenderer::GetRenderEvent
wcesdkrcbaserenderer__getsampletimes	CBaseRenderer::GetSampleTimes
wcesdkrcbaserenderer__getstate	CBaseRenderer::GetState
wcesdkrcbaserenderer__havecurrentsample	CBaseRenderer::HaveCurrentSample
wcesdkrcbaserenderer__inactive	CBaseRenderer::Inactive
wcesdkrcbaserenderer__isendofstream	CBaseRenderer::IsEndOfStream
wcesdkrcbaserenderer__isendofstreamdelivered	CBaseRenderer::IsEndOfStreamDelivered
wcesdkrcbaserenderer__isstreaming	CBaseRenderer::IsStreaming
wcesdkrcbaserenderer__nondelegatingqueryinterface	CBaseRenderer::NonDelegatingQueryInterface
wcesdkrcbaserenderer__notifyendofstream	CBaseRenderer::NotifyEndOfStream
wcesdkrcbaserenderer__notready	CBaseRenderer::NotReady
wcesdkrcbaserenderer__onreceivefirstsample	CBaseRenderer::OnReceiveFirstSample
wcesdkrcbaserenderer__onrenderend	CBaseRenderer::OnRenderEnd
wcesdkrcbaserenderer__onrenderstart	CBaseRenderer::OnRenderStart
wcesdkrcbaserenderer__onstartstreaming	CBaseRenderer::OnStartStreaming
wcesdkrcbaserenderer__onstopstreaming	CBaseRenderer::OnStopStreaming
wcesdkrcbaserenderer__onwaitend	CBaseRenderer::OnWaitEnd
wcesdkrcbaserenderer__onwaitstart	CBaseRenderer::OnWaitStart
wcesdkrcbaserenderer__pause	CBaseRenderer::Pause
wcesdkrcbaserenderer__preparereceive	CBaseRenderer::PrepareReceive
wcesdkrcbaserenderer__preparerender	CBaseRenderer::PrepareRender
wcesdkrcbaserenderer__ready	CBaseRenderer::Ready
wcesdkrcbaserenderer__receive	CBaseRenderer::Receive
wcesdkrcbaserenderer__render	CBaseRenderer::Render
wcesdkrcbaserenderer__resetendofstream	CBaseRenderer::ResetEndOfStream
wcesdkrcbaserenderer__resetendofstreamtimer	CBaseRenderer::ResetEndOfStreamTimer
wcesdkrcbaserenderer__run	CBaseRenderer::Run
wcesdkrcbaserenderer__schedulesample	CBaseRenderer::ScheduleSample
wcesdkrcbaserenderer__sendendofstream	CBaseRenderer::SendEndOfStream
wcesdkrcbaserenderer__sendnotifywindow	CBaseRenderer::SendNotifyWindow
wcesdkrcbaserenderer__sendrepaint	CBaseRenderer::SendRepaint
wcesdkrcbaserenderer__setabortsignal	CBaseRenderer::SetAbortSignal
wcesdkrcbaserenderer__setmediatype	CBaseRenderer::SetMediaType
wcesdkrcbaserenderer__setrepaintstatus	CBaseRenderer::SetRepaintStatus
wcesdkrcbaserenderer__shoulddrawsamplenow	CBaseRenderer::ShouldDrawSampleNow
wcesdkrcbaserenderer__signaltimerfired	CBaseRenderer::SignalTimerFired
wcesdkrcbaserenderer__sourcethreadcanwait	CBaseRenderer::SourceThreadCanWait
wcesdkrcbaserenderer__startstreaming	CBaseRenderer::StartStreaming
wcesdkrcbaserenderer__stop	CBaseRenderer::Stop
wcesdkrcbaserenderer__stopstreaming	CBaseRenderer::StopStreaming
wcesdkrcbaserenderer__timercallback	CBaseRenderer::TimerCallback
wcesdkrcbaserenderer__waitforreceivetocomplete	CBaseRenderer::WaitForReceiveToComplete
wcesdkrcbaserenderer__waitforrendertime	CBaseRenderer::WaitForRenderTime
wcesdkrcbaserenderer_class	CBaseRenderer Class
wcesdkrcbasestreamcontrol__cbasestreamcontrol	CBaseStreamControl::CBaseStreamControl
wcesdkrcbasestreamcontrol__checkstreamstate	CBaseStreamControl::CheckStreamState
wcesdkrcbasestreamcontrol__flushing	CBaseStreamControl::Flushing
wcesdkrcbasestreamcontrol__getinfo	CBaseStreamControl::GetInfo
wcesdkrcbasestreamcontrol__notifyfilterstate	CBaseStreamControl::NotifyFilterState
wcesdkrcbasestreamcontrol__setfiltergraph	CBaseStreamControl::SetFilterGraph
wcesdkrcbasestreamcontrol__setsyncsource	CBaseStreamControl::SetSyncSource
wcesdkrcbasestreamcontrol__startat	CBaseStreamControl::StartAt
wcesdkrcbasestreamcontrol__stopat	CBaseStreamControl::StopAt
wcesdkrcbasestreamcontrol_class	CBaseStreamControl Class
wcesdkrcbasevideorenderer__cbasevideorenderer	CBaseVideoRenderer::CBaseVideoRenderer
wcesdkrcbasevideorenderer__get_avgframerate	CBaseVideoRenderer::get_AvgFrameRate
wcesdkrcbasevideorenderer__get_avgsyncoffset	CBaseVideoRenderer::get_AvgSyncOffset
wcesdkrcbasevideorenderer__get_devsyncoffset	CBaseVideoRenderer::get_DevSyncOffset
wcesdkrcbasevideorenderer__get_framesdrawn	CBaseVideoRenderer::get_FramesDrawn
wcesdkrcbasevideorenderer__get_framesdroppedinrenderer	CBaseVideoRenderer::get_FramesDroppedInRenderer
wcesdkrcbasevideorenderer__get_jitter	CBaseVideoRenderer::get_Jitter
wcesdkrcbasevideorenderer__getstddev	CBaseVideoRenderer::GetStdDev
wcesdkrcbasevideorenderer__joinfiltergraph	CBaseVideoRenderer::JoinFilterGraph
wcesdkrcbasevideorenderer__nondelegatingqueryinterface	CBaseVideoRenderer::NonDelegatingQueryInterface
wcesdkrcbasevideorenderer__notify	CBaseVideoRenderer::Notify
wcesdkrcbasevideorenderer__ondirectrender	CBaseVideoRenderer::OnDirectRender
wcesdkrcbasevideorenderer__onrenderend	CBaseVideoRenderer::OnRenderEnd
wcesdkrcbasevideorenderer__onrenderstart	CBaseVideoRenderer::OnRenderStart
wcesdkrcbasevideorenderer__onstartstreaming	CBaseVideoRenderer::OnStartStreaming
wcesdkrcbasevideorenderer__onstopstreaming	CBaseVideoRenderer::OnStopStreaming
wcesdkrcbasevideorenderer__onwaitend	CBaseVideoRenderer::OnWaitEnd
wcesdkrcbasevideorenderer__onwaitstart	CBaseVideoRenderer::OnWaitStart
wcesdkrcbasevideorenderer__prepareperformancedata	CBaseVideoRenderer::PreparePerformanceData
wcesdkrcbasevideorenderer__recordframelateness	CBaseVideoRenderer::RecordFrameLateness
wcesdkrcbasevideorenderer__resetstreamingtimes	CBaseVideoRenderer::ResetStreamingTimes
wcesdkrcbasevideorenderer__schedulesample	CBaseVideoRenderer::ScheduleSample
wcesdkrcbasevideorenderer__sendquality	CBaseVideoRenderer::SendQuality
wcesdkrcbasevideorenderer__setsink	CBaseVideoRenderer::SetSink
wcesdkrcbasevideorenderer__shoulddrawsamplenow	CBaseVideoRenderer::ShouldDrawSampleNow
wcesdkrcbasevideorenderer__throttlewait	CBaseVideoRenderer::ThrottleWait
wcesdkrcbasevideorenderer_class	CBaseVideoRenderer Class
wcesdkrcbasevideowindow__cbasevideowindow	CBaseVideoWindow::CBaseVideoWindow
wcesdkrcbasevideowindow__getidsofnames	CBaseVideoWindow::GetIDsOfNames
wcesdkrcbasevideowindow__gettypeinfo	CBaseVideoWindow::GetTypeInfo
wcesdkrcbasevideowindow__gettypeinfocount	CBaseVideoWindow::GetTypeInfoCount
wcesdkrcbasevideowindow__invoke	CBaseVideoWindow::Invoke
wcesdkrcbasevideowindow__nondelegatingqueryinterface	CBaseVideoWindow::NonDelegatingQueryInterface
wcesdkrcbasevideowindow_class	CBaseVideoWindow Class
wcesdkrcbasewindow__activatewindow	CBaseWindow::ActivateWindow
wcesdkrcbasewindow__cbasewindow	CBaseWindow::CBaseWindow
wcesdkrcbasewindow__donewithwindow	CBaseWindow::DoneWithWindow
wcesdkrcbasewindow__dorealisepalette	CBaseWindow::DoRealisePalette
wcesdkrcbasewindow__dosetwindowforeground	CBaseWindow::DoSetWindowForeground
wcesdkrcbasewindow__doshowwindow	CBaseWindow::DoShowWindow
wcesdkrcbasewindow__getclasswindowstyles	CBaseWindow::GetClassWindowStyles
wcesdkrcbasewindow__getdefaultrect	CBaseWindow::GetDefaultRect
wcesdkrcbasewindow__getmemoryhdc	CBaseWindow::GetMemoryHDC
wcesdkrcbasewindow__getwindowhdc	CBaseWindow::GetWindowHDC
wcesdkrcbasewindow__getwindowheight	CBaseWindow::GetWindowHeight
wcesdkrcbasewindow__getwindowhwnd	CBaseWindow::GetWindowHWND
wcesdkrcbasewindow__getwindowwidth	CBaseWindow::GetWindowWidth
wcesdkrcbasewindow__inactivatewindow	CBaseWindow::InactivateWindow
wcesdkrcbasewindow__initialisewindow	CBaseWindow::InitialiseWindow
wcesdkrcbasewindow__onclose	CBaseWindow::OnClose
wcesdkrcbasewindow__onpalettechange	CBaseWindow::OnPaletteChange
wcesdkrcbasewindow__onreceivemessage	CBaseWindow::OnReceiveMessage
wcesdkrcbasewindow__onsize	CBaseWindow::OnSize
wcesdkrcbasewindow__paintwindow	CBaseWindow::PaintWindow
wcesdkrcbasewindow__performancealignwindow	CBaseWindow::PerformanceAlignWindow
wcesdkrcbasewindow__possiblyeatmessage	CBaseWindow::PossiblyEatMessage
wcesdkrcbasewindow__preparewindow	CBaseWindow::PrepareWindow
wcesdkrcbasewindow__setpalette	CBaseWindow::SetPalette
wcesdkrcbasewindow__uninitialisewindow	CBaseWindow::UninitialiseWindow
wcesdkrcbasewindow_class	CBaseWindow Class
wcesdkrcbasicaudio__cbasicaudio	CBasicAudio::CBasicAudio
wcesdkrcbasicaudio__getidsofnames	CBasicAudio::GetIDsOfNames
wcesdkrcbasicaudio__gettypeinfo	CBasicAudio::GetTypeInfo
wcesdkrcbasicaudio__gettypeinfocount	CBasicAudio::GetTypeInfoCount
wcesdkrcbasicaudio__invoke	CBasicAudio::Invoke
wcesdkrcbasicaudio__nondelegatingqueryinterface	CBasicAudio::NonDelegatingQueryInterface
wcesdkrcbasicaudio_class	CBasicAudio Class
wcesdkrccritsec__ccritsec	CCritSec::CCritSec
wcesdkrccritsec__lock	CCritSec::Lock
wcesdkrccritsec__unlock	CCritSec::Unlock
wcesdkrccritsec_class	CCritSec Class
wcesdkrccritsec_debug__critcheckin	CritCheckIn
wcesdkrccritsec_debug__critcheckout	CritCheckOut
wcesdkrccritsec_debug__dbglocktrace	DbgLockTrace
wcesdkrcdisp__cdisp	CDisp::CDisp
wcesdkrcdisp__lpctstr	CDisp::LPCTSTR
wcesdkrcdisp_class	CDisp Class
wcesdkrcdispbasic__cdispbasic	CDispBasic::CDispBasic
wcesdkrcdispbasic_class	CDispBasic Class
wcesdkrcenummediatypes__addref	CEnumMediaTypes::AddRef
wcesdkrcenummediatypes__cenummediatypes	CEnumMediaTypes::CEnumMediaTypes
wcesdkrcenummediatypes__clone	CEnumMediaTypes::Clone
wcesdkrcenummediatypes__next	CEnumMediaTypes::Next
wcesdkrcenummediatypes__queryinterface	CEnumMediaTypes::QueryInterface
wcesdkrcenummediatypes__release	CEnumMediaTypes::Release
wcesdkrcenummediatypes__reset	CEnumMediaTypes::Reset
wcesdkrcenummediatypes__skip	CEnumMediaTypes::Skip
wcesdkrcenummediatypes_class	CEnumMediaTypes Class
wcesdkrcenumpins__addref	CEnumPins::AddRef
wcesdkrcenumpins__cenumpins	CEnumPins::CEnumPins
wcesdkrcenumpins__clone	CEnumPins::Clone
wcesdkrcenumpins__next	CEnumPins::Next
wcesdkrcenumpins__queryinterface	CEnumPins::QueryInterface
wcesdkrcenumpins__release	CEnumPins::Release
wcesdkrcenumpins__reset	CEnumPins::Reset
wcesdkrcenumpins__skip	CEnumPins::Skip
wcesdkrcenumpins_class	CEnumPins Class
wcesdkrcfactorytemplate__createinstance	CFactoryTemplate::CreateInstance
wcesdkrcfactorytemplate__isclassid	CFactoryTemplate::IsClassID
wcesdkrcfactorytemplate_class	CFactoryTemplate Class
wcesdkrcgenericlist__addafter	CGenericList::AddAfter
wcesdkrcgenericlist__addbefore	CGenericList::AddBefore
wcesdkrcgenericlist__addhead	CGenericList::AddHead
wcesdkrcgenericlist__addtail	CGenericList::AddTail
wcesdkrcgenericlist__cgenericlist	CGenericList::CGenericList
wcesdkrcgenericlist__find	CGenericList::Find
wcesdkrcgenericlist__get	CGenericList::Get
wcesdkrcgenericlist__getcount	CGenericList::GetCount
wcesdkrcgenericlist__gethead	CGenericList::GetHead
wcesdkrcgenericlist__getheadposition	CGenericList::GetHeadPosition
wcesdkrcgenericlist__getnext	CGenericList::GetNext
wcesdkrcgenericlist__gettailposition	CGenericList::GetTailPosition
wcesdkrcgenericlist__remove	CGenericList::Remove
wcesdkrcgenericlist__removehead	CGenericList::RemoveHead
wcesdkrcgenericlist__removetail	CGenericList::RemoveTail
wcesdkrcgenericlist_class	CGenericList Class
wcesdkrcguidnamelist__operator_[]	CGuidNameList::operator []
wcesdkrcguidnamelist_class	CGuidNameList Class
wcesdkrclipbd_Component	clipbd Component
wcesdkrcloaddirectdraw__cloaddirectdraw	CLoadDirectDraw::CLoadDirectDraw
wcesdkrcloaddirectdraw__getdirectdraw	CLoadDirectDraw::GetDirectDraw
wcesdkrcloaddirectdraw__isdirectdrawloaded	CLoadDirectDraw::IsDirectDrawLoaded
wcesdkrcloaddirectdraw__isdirectdrawversion1	CLoadDirectDraw::IsDirectDrawVersion1
wcesdkrcloaddirectdraw__loaddirectdraw	CLoadDirectDraw::LoadDirectDraw
wcesdkrcloaddirectdraw__releasedirectdraw	CLoadDirectDraw::ReleaseDirectDraw
wcesdkrcloaddirectdraw_class	CLoadDirectDraw Class
wcesdkrclosesocket	closesocket
wcesdkrcmediacontrol__cmediacontrol	CMediaControl::CMediaControl
wcesdkrcmediacontrol__getidsofnames	CMediaControl::GetIDsOfNames
wcesdkrcmediacontrol__gettypeinfo	CMediaControl::GetTypeInfo
wcesdkrcmediacontrol__gettypeinfocount	CMediaControl::GetTypeInfoCount
wcesdkrcmediacontrol__invoke	CMediaControl::Invoke
wcesdkrcmediacontrol__nondelegatingqueryinterface	CMediaControl::NonDelegatingQueryInterface
wcesdkrcmediacontrol_class	CMediaControl Class
wcesdkrcmediaevent__cmediaevent	CMediaEvent::CMediaEvent
wcesdkrcmediaevent__getidsofnames	CMediaEvent::GetIDsOfNames
wcesdkrcmediaevent__gettypeinfo	CMediaEvent::GetTypeInfo
wcesdkrcmediaevent__gettypeinfocount	CMediaEvent::GetTypeInfoCount
wcesdkrcmediaevent__invoke	CMediaEvent::Invoke
wcesdkrcmediaevent__nondelegatingqueryinterface	CMediaEvent::NonDelegatingQueryInterface
wcesdkrcmediaevent_class	CMediaEvent Class
wcesdkrcmediaposition__cmediaposition	CMediaPosition::CMediaPosition
wcesdkrcmediaposition__getidsofnames	CMediaPosition::GetIDsOfNames
wcesdkrcmediaposition__gettypeinfo	CMediaPosition::GetTypeInfo
wcesdkrcmediaposition__gettypeinfocount	CMediaPosition::GetTypeInfoCount
wcesdkrcmediaposition__invoke	CMediaPosition::Invoke
wcesdkrcmediaposition__nondelegatingqueryinterface	CMediaPosition::NonDelegatingQueryInterface
wcesdkrcmediaposition_class	CMediaPosition Class
wcesdkrcmediasample__addref	CMediaSample::AddRef
wcesdkrcmediasample__cmediasample	CMediaSample::CMediaSample
wcesdkrcmediasample__getactualdatalength	CMediaSample::GetActualDataLength
wcesdkrcmediasample__getmediatime	CMediaSample::GetMediaTime
wcesdkrcmediasample__getmediatype	CMediaSample::GetMediaType
wcesdkrcmediasample__getpointer	CMediaSample::GetPointer
wcesdkrcmediasample__getsize	CMediaSample::GetSize
wcesdkrcmediasample__gettime	CMediaSample::GetTime
wcesdkrcmediasample__isdiscontinuity	CMediaSample::IsDiscontinuity
wcesdkrcmediasample__ispreroll	CMediaSample::IsPreroll
wcesdkrcmediasample__issyncpoint	CMediaSample::IsSyncPoint
wcesdkrcmediasample__nondelegatingqueryinterface	CMediaSample::NonDelegatingQueryInterface
wcesdkrcmediasample__queryinterface	CMediaSample::QueryInterface
wcesdkrcmediasample__release	CMediaSample::Release
wcesdkrcmediasample__setactualdatalength	CMediaSample::SetActualDataLength
wcesdkrcmediasample__setdiscontinuity	CMediaSample::SetDiscontinuity
wcesdkrcmediasample__setmediatime	CMediaSample::SetMediaTime
wcesdkrcmediasample__setmediatype	CMediaSample::SetMediaType
wcesdkrcmediasample__setpointer	CMediaSample::SetPointer
wcesdkrcmediasample__setpreroll	CMediaSample::SetPreroll
wcesdkrcmediasample__setsyncpoint	CMediaSample::SetSyncPoint
wcesdkrcmediasample__settime	CMediaSample::SetTime
wcesdkrcmediasample_class	CMediaSample Class
wcesdkrcmediatype__allocformatbuffer	CMediaType::AllocFormatBuffer
wcesdkrcmediatype__cmediatype	CMediaType::CMediaType
wcesdkrcmediatype__format	CMediaType::Format
wcesdkrcmediatype__formatlength	CMediaType::FormatLength
wcesdkrcmediatype__formattype	CMediaType::FormatType
wcesdkrcmediatype__getsamplesize	CMediaType::GetSampleSize
wcesdkrcmediatype__initmediatype	CMediaType::InitMediaType
wcesdkrcmediatype__isfixedsize	CMediaType::IsFixedSize
wcesdkrcmediatype__ispartiallyspecified	CMediaType::IsPartiallySpecified
wcesdkrcmediatype__istemporalcompressed	CMediaType::IsTemporalCompressed
wcesdkrcmediatype__isvalid	CMediaType::IsValid
wcesdkrcmediatype__matchespartial	CMediaType::MatchesPartial
wcesdkrcmediatype__operator_eq	CMediaType::operator =
wcesdkrcmediatype__operator_eqeq	CMediaType::operator ==
wcesdkrcmediatype__operator_noteq	CMediaType::operator !=
wcesdkrcmediatype__reallocformatbuffer	CMediaType::ReallocFormatBuffer
wcesdkrcmediatype__resetformatbuffer	CMediaType::ResetFormatBuffer
wcesdkrcmediatype__setformat	CMediaType::SetFormat
wcesdkrcmediatype__setformattype	CMediaType::SetFormatType
wcesdkrcmediatype__setsamplesize	CMediaType::SetSampleSize
wcesdkrcmediatype__setsubtype	CMediaType::SetSubtype
wcesdkrcmediatype__settemporalcompression	CMediaType::SetTemporalCompression
wcesdkrcmediatype__settype	CMediaType::SetType
wcesdkrcmediatype__setvariablesize	CMediaType::SetVariableSize
wcesdkrcmediatype__subtype	CMediaType::Subtype
wcesdkrcmediatype__type	CMediaType::Type
wcesdkrcmediatype_class	CMediaType Class
wcesdkrcmemallocator__alloc	CMemAllocator::Alloc
wcesdkrcmemallocator__cmemallocator	CMemAllocator::CMemAllocator
wcesdkrcmemallocator__createinstance	CMemAllocator::CreateInstance
wcesdkrcmemallocator__free	CMemAllocator::Free
wcesdkrcmemallocator__reallyfree	CMemAllocator::ReallyFree
wcesdkrcmemallocator__setproperties	CMemAllocator::SetProperties
wcesdkrcmemallocator_class	CMemAllocator Class
wcesdkrcmsg__cmsg	CMsg::CMsg
wcesdkrcmsg_class	CMsg Class
wcesdkrcmsgthread__cmsgthread	CMsgThread::CMsgThread
wcesdkrcmsgthread__createthread	CMsgThread::CreateThread
wcesdkrcmsgthread__getthreadhandle	CMsgThread::GetThreadHandle
wcesdkrcmsgthread__getthreadid	CMsgThread::GetThreadID
wcesdkrcmsgthread__getthreadmsg	CMsgThread::GetThreadMsg
wcesdkrcmsgthread__getthreadpriority	CMsgThread::GetThreadPriority
wcesdkrcmsgthread__onthreadinit	CMsgThread::OnThreadInit
wcesdkrcmsgthread__putthreadmsg	CMsgThread::PutThreadMsg
wcesdkrcmsgthread__resumethread	CMsgThread::ResumeThread
wcesdkrcmsgthread__setthreadpriority	CMsgThread::SetThreadPriority
wcesdkrcmsgthread__suspendthread	CMsgThread::SuspendThread
wcesdkrcmsgthread__threadmessageproc	CMsgThread::ThreadMessageProc
wcesdkrcmsgthread__waitforthreadexit	CMsgThread::WaitForThreadExit
wcesdkrcmsgthread_class	CMsgThread Class
wcesdkrcoareftime__coareftime	COARefTime::COARefTime
wcesdkrcoareftime__double	COARefTime::double
wcesdkrcoareftime__operator_div	COARefTime::Operator /
wcesdkrcoareftime__operator_eq	COARefTime::Operator =
wcesdkrcoareftime__operator_eqeq	COARefTime::Operator ==
wcesdkrcoareftime__operator_gt	COARefTime::Operator >
wcesdkrcoareftime__operator_gteq	COARefTime::Operator >=
wcesdkrcoareftime__operator_lt	COARefTime::Operator <
wcesdkrcoareftime__operator_lteq	COARefTime::Operator <=
wcesdkrcoareftime__operator_minus	COARefTime::Operator -
wcesdkrcoareftime__operator_minuseq	COARefTime::Operator -=
wcesdkrcoareftime__operator_mult	COARefTime::Operator *
wcesdkrcoareftime__operator_noteq	COARefTime::Operator !=
wcesdkrcoareftime__operator_plus	COARefTime::Operator +
wcesdkrcoareftime__operator_pluseq	COARefTime::Operator +=
wcesdkrcoareftime_class	COARefTime Class
wcesdkrcommctrl_Module	commctrl Module
wcesdkrcommdlg_Module	commdlg Module
wcesdkrconnect_function	connect
wcesdkrconversion_functs__atoi	atoi
wcesdkrconversion_functs__convertvideoinfotovideoinfo2	ConvertVideoInfoToVideoInfo2
wcesdkrconversion_functs__inttowstr	IntToWstr
wcesdkrconversion_functs__wstrtoint	WstrToInt
wcesdkrcopyright	COPYRIGHT
wcesdkrcoredll_Module	coredll Module
wcesdkrcoreimm_Component	coreimm Component
wcesdkrcoreloc_Component	coreloc Component
wcesdkrcoremain_Component	coremain Component
wcesdkrcoresioa_Component	coresioa Component
wcesdkrcoresiow_Component	coresiow Component
wcesdkrcoresip_Component	coresip Component
wcesdkrcorestra_Component	corestra Component
wcesdkrcorestrw_Component	corestrw Component
wcesdkrcoutputqueue__beginflush	COutputQueue::BeginFlush
wcesdkrcoutputqueue__coutputqueue	COutputQueue::COutputQueue
wcesdkrcoutputqueue__endflush	COutputQueue::EndFlush
wcesdkrcoutputqueue__eos	COutputQueue::EOS
wcesdkrcoutputqueue__freesamples	COutputQueue::FreeSamples
wcesdkrcoutputqueue__initialthreadproc	COutputQueue::InitialThreadProc
wcesdkrcoutputqueue__isidle	COutputQueue::IsIdle
wcesdkrcoutputqueue__isqueued	COutputQueue::IsQueued
wcesdkrcoutputqueue__isspecialsample	COutputQueue::IsSpecialSample
wcesdkrcoutputqueue__newsegment	COutputQueue::NewSegment
wcesdkrcoutputqueue__notifythread	COutputQueue::NotifyThread
wcesdkrcoutputqueue__queuesample	COutputQueue::QueueSample
wcesdkrcoutputqueue__receive	COutputQueue::Receive
wcesdkrcoutputqueue__receivemultiple	COutputQueue::ReceiveMultiple
wcesdkrcoutputqueue__reset	COutputQueue::Reset
wcesdkrcoutputqueue__sendanyway	COutputQueue::SendAnyway
wcesdkrcoutputqueue__threadproc	COutputQueue::ThreadProc
wcesdkrcoutputqueue_class	COutputQueue Class
wcesdkrcplmain_Module	cplmain Module
wcesdkrcpospassthru__canseekbackward	CPosPassThru::CanSeekBackward
wcesdkrcpospassthru__canseekforward	CPosPassThru::CanSeekForward
wcesdkrcpospassthru__checkcapabilities	CPosPassThru::CheckCapabilities
wcesdkrcpospassthru__converttimeformat	CPosPassThru::ConvertTimeFormat
wcesdkrcpospassthru__cpospassthru	CPosPassThru::CPosPassThru
wcesdkrcpospassthru__forcerefresh	CPosPassThru::ForceRefresh
wcesdkrcpospassthru__get_currentposition	CPosPassThru::get_CurrentPosition
wcesdkrcpospassthru__get_duration	CPosPassThru::get_Duration
wcesdkrcpospassthru__get_prerolltime	CPosPassThru::get_PrerollTime
wcesdkrcpospassthru__get_rate	CPosPassThru::get_Rate
wcesdkrcpospassthru__get_stoptime	CPosPassThru::get_StopTime
wcesdkrcpospassthru__getavailable	CPosPassThru::GetAvailable
wcesdkrcpospassthru__getcapabilities	CPosPassThru::GetCapabilities
wcesdkrcpospassthru__getcurrentposition	CPosPassThru::GetCurrentPosition
wcesdkrcpospassthru__getduration	CPosPassThru::GetDuration
wcesdkrcpospassthru__getmediatime	CPosPassThru::GetMediaTime
wcesdkrcpospassthru__getpositions	CPosPassThru::GetPositions
wcesdkrcpospassthru__getpreroll	CPosPassThru::GetPreroll
wcesdkrcpospassthru__getrate	CPosPassThru::GetRate
wcesdkrcpospassthru__getstopposition	CPosPassThru::GetStopPosition
wcesdkrcpospassthru__gettimeformat	CPosPassThru::GetTimeFormat
wcesdkrcpospassthru__isformatsupported	CPosPassThru::IsFormatSupported
wcesdkrcpospassthru__isusingtimeformat	CPosPassThru::IsUsingTimeFormat
wcesdkrcpospassthru__nondelegatingqueryinterface	CPosPassThru::NonDelegatingQueryInterface
wcesdkrcpospassthru__put_currentposition	CPosPassThru::put_CurrentPosition
wcesdkrcpospassthru__put_prerolltime	CPosPassThru::put_PrerollTime
wcesdkrcpospassthru__put_rate	CPosPassThru::put_Rate
wcesdkrcpospassthru__put_stoptime	CPosPassThru::put_StopTime
wcesdkrcpospassthru__querypreferredformat	CPosPassThru::QueryPreferredFormat
wcesdkrcpospassthru__setpositions	CPosPassThru::SetPositions
wcesdkrcpospassthru__setrate	CPosPassThru::SetRate
wcesdkrcpospassthru__settimeformat	CPosPassThru::SetTimeFormat
wcesdkrcpospassthru_class	CPosPassThru Class
wcesdkrcpospassthru_helper__createpospassthru	CreatePosPassThru
wcesdkrcpullpin__active	CPullPin::Active
wcesdkrcpullpin__aligndown	CPullPin::AlignDown
wcesdkrcpullpin__alignup	CPullPin::AlignUp
wcesdkrcpullpin__beginflush	CPullPin::BeginFlush
wcesdkrcpullpin__connect	CPullPin::Connect
wcesdkrcpullpin__cpullpin	CPullPin::CPullPin
wcesdkrcpullpin__decideallocator	CPullPin::DecideAllocator
wcesdkrcpullpin__disconnect	CPullPin::Disconnect
wcesdkrcpullpin__duration	CPullPin::Duration
wcesdkrcpullpin__endflush	CPullPin::EndFlush
wcesdkrcpullpin__endofstream	CPullPin::EndOfStream
wcesdkrcpullpin__getreader	CPullPin::GetReader
wcesdkrcpullpin__inactive	CPullPin::Inactive
wcesdkrcpullpin__onerror	CPullPin::OnError
wcesdkrcpullpin__receive	CPullPin::Receive
wcesdkrcpullpin__seek	CPullPin::Seek
wcesdkrcpullpin_class	CPullPin Class
wcesdkrcqueue__cqueue	CQueue::CQueue
wcesdkrcqueue__getqueueobject	CQueue::GetQueueObject
wcesdkrcqueue__putqueueobject	CQueue::PutQueueObject
wcesdkrcqueue_class	CQueue Class
wcesdkrcreftime__creftime	CRefTime::CRefTime
wcesdkrcreftime__getunits	CRefTime::GetUnits
wcesdkrcreftime__millisecs	CRefTime::Millisecs
wcesdkrcreftime__operator_eq	CRefTime::operator =
wcesdkrcreftime__operator_minuseq	CRefTime::operator -=
wcesdkrcreftime__operator_pluseq	CRefTime::operator +=
wcesdkrcreftime__operator_reference_time	CRefTime::operator (REFERENCE_TIME)
wcesdkrcreftime_class	CRefTime Class
wcesdkrcrendererinputpin__active	CRendererInputPin::Active
wcesdkrcrendererinputpin__allocator	CRendererInputPin::Allocator
wcesdkrcrendererinputpin__beginflush	CRendererInputPin::BeginFlush
wcesdkrcrendererinputpin__breakconnect	CRendererInputPin::BreakConnect
wcesdkrcrendererinputpin__checkmediatype	CRendererInputPin::CheckMediaType
wcesdkrcrendererinputpin__completeconnect	CRendererInputPin::CompleteConnect
wcesdkrcrendererinputpin__crendererinputpin	CRendererInputPin::CRendererInputPin
wcesdkrcrendererinputpin__endflush	CRendererInputPin::EndFlush
wcesdkrcrendererinputpin__endofstream	CRendererInputPin::EndOfStream
wcesdkrcrendererinputpin__inactive	CRendererInputPin::Inactive
wcesdkrcrendererinputpin__queryid	CRendererInputPin::QueryId
wcesdkrcrendererinputpin__receive	CRendererInputPin::Receive
wcesdkrcrendererinputpin__setmediatype	CRendererInputPin::SetMediaType
wcesdkrcrendererinputpin_class	CRendererInputPin Class
wcesdkrcrendererpospassthru__crendererpospassthru	CRendererPosPassThru::CRendererPosPassThru
wcesdkrcrendererpospassthru__getmediatime	CRendererPosPassThru::GetMediaTime
wcesdkrcrendererpospassthru__registermediatime	CRendererPosPassThru::RegisterMediaTime
wcesdkrcrendererpospassthru__resetmediatime	CRendererPosPassThru::ResetMediaTime
wcesdkrcrendererpospassthru_class	CRendererPosPassThru Class
wcesdkrcrypt32_Module	crypt32 Module
wcesdkrcryptapi_Component	cryptapi Component
wcesdkrcsource__addpin	CSource::AddPin
wcesdkrcsource__csource	CSource::CSource
wcesdkrcsource__findpinnumber	CSource::FindPinNumber
wcesdkrcsource__getpin	CSource::GetPin
wcesdkrcsource__getpincount	CSource::GetPinCount
wcesdkrcsource__pstatelock	CSource::pStateLock
wcesdkrcsource__removepin	CSource::RemovePin
wcesdkrcsource_class	CSource Class
wcesdkrcsourceposition__changerate	CSourcePosition::ChangeRate
wcesdkrcsourceposition__changestart	CSourcePosition::ChangeStart
wcesdkrcsourceposition__changestop	CSourcePosition::ChangeStop
wcesdkrcsourceposition__csourceposition	CSourcePosition::CSourcePosition
wcesdkrcsourceposition__get_currentposition	CSourcePosition::get_CurrentPosition
wcesdkrcsourceposition__get_duration	CSourcePosition::get_Duration
wcesdkrcsourceposition__get_prerolltime	CSourcePosition::get_PrerollTime
wcesdkrcsourceposition__get_rate	CSourcePosition::get_Rate
wcesdkrcsourceposition__get_stoptime	CSourcePosition::get_StopTime
wcesdkrcsourceposition__put_currentposition	CSourcePosition::put_CurrentPosition
wcesdkrcsourceposition__put_prerolltime	CSourcePosition::put_PrerollTime
wcesdkrcsourceposition__put_rate	CSourcePosition::put_Rate
wcesdkrcsourceposition__put_stoptime	CSourcePosition::put_StopTime
wcesdkrcsourceposition_class	CSourcePosition Class
wcesdkrcsourceseeking__changerate	CSourceSeeking::ChangeRate
wcesdkrcsourceseeking__changestart	CSourceSeeking::ChangeStart
wcesdkrcsourceseeking__changestop	CSourceSeeking::ChangeStop
wcesdkrcsourceseeking__checkcapabilities	CSourceSeeking::CheckCapabilities
wcesdkrcsourceseeking__converttimeformat	CSourceSeeking::ConvertTimeFormat
wcesdkrcsourceseeking__csourceseeking	CSourceSeeking::CSourceSeeking
wcesdkrcsourceseeking__getavailable	CSourceSeeking::GetAvailable
wcesdkrcsourceseeking__getcapabilities	CSourceSeeking::GetCapabilities
wcesdkrcsourceseeking__getcurrentposition	CSourceSeeking::GetCurrentPosition
wcesdkrcsourceseeking__getduration	CSourceSeeking::GetDuration
wcesdkrcsourceseeking__getpositions	CSourceSeeking::GetPositions
wcesdkrcsourceseeking__getpreroll	CSourceSeeking::GetPreroll
wcesdkrcsourceseeking__getrate	CSourceSeeking::GetRate
wcesdkrcsourceseeking__getstopposition	CSourceSeeking::GetStopPosition
wcesdkrcsourceseeking__gettimeformat	CSourceSeeking::GetTimeFormat
wcesdkrcsourceseeking__isformatsupported	CSourceSeeking::IsFormatSupported
wcesdkrcsourceseeking__isusingtimeformat	CSourceSeeking::IsUsingTimeFormat
wcesdkrcsourceseeking__nondelegatingqueryinterface	CSourceSeeking::NonDelegatingQueryInterface
wcesdkrcsourceseeking__querypreferredformat	CSourceSeeking::QueryPreferredFormat
wcesdkrcsourceseeking__setpositions	CSourceSeeking::SetPositions
wcesdkrcsourceseeking__setrate	CSourceSeeking::SetRate
wcesdkrcsourceseeking__settimeformat	CSourceSeeking::SetTimeFormat
wcesdkrcsourceseeking_class	CSourceSeeking Class
wcesdkrcsourcestream__active	CSourceStream::Active
wcesdkrcsourcestream__checkmediatype	CSourceStream::CheckMediaType
wcesdkrcsourcestream__checkrequest	CSourceStream::CheckRequest
wcesdkrcsourcestream__csourcestream	CSourceStream::CSourceStream
wcesdkrcsourcestream__dobufferprocessingloop	CSourceStream::DoBufferProcessingLoop
wcesdkrcsourcestream__exit	CSourceStream::Exit
wcesdkrcsourcestream__fillbuffer	CSourceStream::FillBuffer
wcesdkrcsourcestream__getmediatype	CSourceStream::GetMediaType
wcesdkrcsourcestream__getrequest	CSourceStream::GetRequest
wcesdkrcsourcestream__inactive	CSourceStream::Inactive
wcesdkrcsourcestream__init	CSourceStream::Init
wcesdkrcsourcestream__onthreadcreate	CSourceStream::OnThreadCreate
wcesdkrcsourcestream__onthreaddestroy	CSourceStream::OnThreadDestroy
wcesdkrcsourcestream__onthreadstartplay	CSourceStream::OnThreadStartPlay
wcesdkrcsourcestream__pause	CSourceStream::Pause
wcesdkrcsourcestream__run	CSourceStream::Run
wcesdkrcsourcestream__stop	CSourceStream::Stop
wcesdkrcsourcestream__threadproc	CSourceStream::ThreadProc
wcesdkrcsourcestream_class	CSourceStream Class
wcesdkrcsystemclock__createinstance	CSystemClock::CreateInstance
wcesdkrcsystemclock__csystemclock	CSystemClock::CSystemClock
wcesdkrcsystemclock__getclassid	CSystemClock::GetClassID
wcesdkrcsystemclock__nondelegatingqueryinterface	CSystemClock::NonDelegatingQueryInterface
wcesdkrcsystemclock_class	CSystemClock Class
wcesdkrctransformfilter__alterquality	CTransformFilter::AlterQuality
wcesdkrctransformfilter__beginflush	CTransformFilter::BeginFlush
wcesdkrctransformfilter__breakconnect	CTransformFilter::BreakConnect
wcesdkrctransformfilter__checkconnect	CTransformFilter::CheckConnect
wcesdkrctransformfilter__checkinputtype	CTransformFilter::CheckInputType
wcesdkrctransformfilter__checktransform	CTransformFilter::CheckTransform
wcesdkrctransformfilter__completeconnect	CTransformFilter::CompleteConnect
wcesdkrctransformfilter__ctransformfilter	CTransformFilter::CTransformFilter
wcesdkrctransformfilter__decidebuffersize	CTransformFilter::DecideBufferSize
wcesdkrctransformfilter__endflush	CTransformFilter::EndFlush
wcesdkrctransformfilter__endofstream	CTransformFilter::EndOfStream
wcesdkrctransformfilter__findpin	CTransformFilter::FindPin
wcesdkrctransformfilter__getmediatype	CTransformFilter::GetMediaType
wcesdkrctransformfilter__getpin	CTransformFilter::GetPin
wcesdkrctransformfilter__getpincount	CTransformFilter::GetPinCount
wcesdkrctransformfilter__newsegment	CTransformFilter::NewSegment
wcesdkrctransformfilter__pause	CTransformFilter::Pause
wcesdkrctransformfilter__receive	CTransformFilter::Receive
wcesdkrctransformfilter__registerperfid	CTransformFilter::RegisterPerfId
wcesdkrctransformfilter__setmediatype	CTransformFilter::SetMediaType
wcesdkrctransformfilter__startstreaming	CTransformFilter::StartStreaming
wcesdkrctransformfilter__stop	CTransformFilter::Stop
wcesdkrctransformfilter__stopstreaming	CTransformFilter::StopStreaming
wcesdkrctransformfilter__transform	CTransformFilter::Transform
wcesdkrctransformfilter_class	CTransformFilter Class
wcesdkrctransforminputpin__beginflush	CTransformInputPin::BeginFlush
wcesdkrctransforminputpin__breakconnect	CTransformInputPin::BreakConnect
wcesdkrctransforminputpin__checkconnect	CTransformInputPin::CheckConnect
wcesdkrctransforminputpin__checkmediatype	CTransformInputPin::CheckMediaType
wcesdkrctransforminputpin__checkstreaming	CTransformInputPin::CheckStreaming
wcesdkrctransforminputpin__completeconnect	CTransformInputPin::CompleteConnect
wcesdkrctransforminputpin__ctransforminputpin	CTransformInputPin::CTransformInputPin
wcesdkrctransforminputpin__currentmediatype	CTransformInputPin::CurrentMediaType
wcesdkrctransforminputpin__endflush	CTransformInputPin::EndFlush
wcesdkrctransforminputpin__endofstream	CTransformInputPin::EndOfStream
wcesdkrctransforminputpin__newsegment	CTransformInputPin::NewSegment
wcesdkrctransforminputpin__queryid	CTransformInputPin::QueryId
wcesdkrctransforminputpin__receive	CTransformInputPin::Receive
wcesdkrctransforminputpin__setmediatype	CTransformInputPin::SetMediaType
wcesdkrctransforminputpin_class	CTransformInputPin Class
wcesdkrctransformoutputpin__breakconnect	CTransformOutputPin::BreakConnect
wcesdkrctransformoutputpin__checkconnect	CTransformOutputPin::CheckConnect
wcesdkrctransformoutputpin__checkmediatype	CTransformOutputPin::CheckMediaType
wcesdkrctransformoutputpin__completeconnect	CTransformOutputPin::CompleteConnect
wcesdkrctransformoutputpin__ctransformoutputpin	CTransformOutputPin::CTransformOutputPin
wcesdkrctransformoutputpin__currentmediatype	CTransformOutputPin::CurrentMediaType
wcesdkrctransformoutputpin__decidebuffersize	CTransformOutputPin::DecideBufferSize
wcesdkrctransformoutputpin__getmediatype	CTransformOutputPin::GetMediaType
wcesdkrctransformoutputpin__nondelegatingqueryinterface	CTransformOutputPin::NonDelegatingQueryInterface
wcesdkrctransformoutputpin__notify	CTransformOutputPin::Notify
wcesdkrctransformoutputpin__queryid	CTransformOutputPin::QueryId
wcesdkrctransformoutputpin__setmediatype	CTransformOutputPin::SetMediaType
wcesdkrctransformoutputpin_class	CTransformOutputPin Class
wcesdkrctransinplacefilter__checktransform	CTransInPlaceFilter::CheckTransform
wcesdkrctransinplacefilter__completeconnect	CTransInPlaceFilter::CompleteConnect
wcesdkrctransinplacefilter__copy	CTransInPlaceFilter::Copy
wcesdkrctransinplacefilter__ctransinplacefilter	CTransInPlaceFilter::CTransInPlaceFilter
wcesdkrctransinplacefilter__decidebuffersize	CTransInPlaceFilter::DecideBufferSize
wcesdkrctransinplacefilter__getmediatype	CTransInPlaceFilter::GetMediaType
wcesdkrctransinplacefilter__getpin	CTransInPlaceFilter::GetPin
wcesdkrctransinplacefilter__inputpin	CTransInPlaceFilter
wcesdkrctransinplacefilter__outputpin	CTransInPlaceFilter::OutputPin
wcesdkrctransinplacefilter__receive	CTransInPlaceFilter::Receive
wcesdkrctransinplacefilter__registerperfid	CTransInPlaceFilter::RegisterPerfId
wcesdkrctransinplacefilter__transform	CTransInPlaceFilter::Transform
wcesdkrctransinplacefilter_class	CTransInPlaceFilter Class
wcesdkrctransinplaceinputpin__checkmediatype	CTransInPlaceInputPin::CheckMediaType
wcesdkrctransinplaceinputpin__ctransinplaceinputpin	CTransInPlaceInputPin::CTransInPlaceInputPin
wcesdkrctransinplaceinputpin__enummediatypes	CTransInPlaceInputPin::EnumMediaTypes
wcesdkrctransinplaceinputpin__getallocator	CTransInPlaceInputPin::GetAllocator
wcesdkrctransinplaceinputpin__getallocatorrequirements	CTransInPlaceInputPin::GetAllocatorRequirements
wcesdkrctransinplaceinputpin__notifyallocator	CTransInPlaceInputPin::NotifyAllocator
wcesdkrctransinplaceinputpin__peekallocator	CTransInPlaceInputPin::PeekAllocator
wcesdkrctransinplaceinputpin__readonly	CTransInPlaceInputPin::ReadOnly
wcesdkrctransinplaceinputpin_class	CTransInPlaceInputPin Class
wcesdkrctransinplaceoutputpin__checkmediatype	CTransInPlaceOutputPin::CheckMediaType
wcesdkrctransinplaceoutputpin__connectedimeminputpin	CTransInPlaceOutputPin::ConnectedIMemInputPin
wcesdkrctransinplaceoutputpin__ctransinplaceoutputpin	CTransInPlaceOutputPin::CTransInPlaceOutputPin
wcesdkrctransinplaceoutputpin__decideallocator	CTransInPlaceOutputPin::DecideAllocator
wcesdkrctransinplaceoutputpin__enummediatypes	CTransInPlaceOutputPin::EnumMediaTypes
wcesdkrctransinplaceoutputpin__peekallocator	CTransInPlaceOutputPin::PeekAllocator
wcesdkrctransinplaceoutputpin__receiveallocator	CTransInPlaceOutputPin::ReceiveAllocator
wcesdkrctransinplaceoutputpin_class	CTransInPlaceOutputPin Class
wcesdkrcunknown__cunknown	CUnknown::CUnknown
wcesdkrcunknown__getowner	CUnknown::GetOwner
wcesdkrcunknown__nondelegatingaddref	CUnknown::NonDelegatingAddRef
wcesdkrcunknown__nondelegatingqueryinterface	CUnknown::NonDelegatingQueryInterface
wcesdkrcunknown__nondelegatingrelease	CUnknown::NonDelegatingRelease
wcesdkrcunknown_class	CUnknown Class
wcesdkrcursor_Component	cursor Component
wcesdkrcvideotransformfilter__alterquality	CVideoTransformFilter::AlterQuality
wcesdkrcvideotransformfilter__cvideotransformfilter	CVideoTransformFilter::CVideoTransformFilter
wcesdkrcvideotransformfilter__endflush	CVideoTransformFilter::EndFlush
wcesdkrcvideotransformfilter__receive	CVideoTransformFilter::Receive
wcesdkrcvideotransformfilter__registerperfid	CVideoTransformFilter::RegisterPerfId
wcesdkrcvideotransformfilter__shouldskipframe	CVideoTransformFilter::ShouldSkipFrame
wcesdkrcvideotransformfilter__startstreaming	CVideoTransformFilter::StartStreaming
wcesdkrcvideotransformfilter_class	CVideoTransformFilter Class
wcesdkrdcom_Modules	dcom Modules
wcesdkrddscapsex_ddraw	DDSCAPSEX
wcesdkrdebug_note_message_macros	Debug NOTE (Message) Macros
wcesdkrdebug_output	Debug Output
wcesdkrdebug_output__dbgoutstring	DbgOutString
wcesdkrdebug_output__dumpgraph	DumpGraph
wcesdkrdevice_Module	device Module
wcesdkrdirectshow_com_interface_alphabetical_listing	DirectShow COM Interface Alphabetical Listing
wcesdkrdirectshow_data_types	Enumerated Types
wcesdkrdirectshow_debugging	DirectShow Debugging
wcesdkrdirectshow_media_types	Media Types
wcesdkrdirectshow_structures	DirectShow Structures
wcesdkrdlgmgr_Component	dlgmgr Component
wcesdkrdll_setup_functs__amoviedllregisterserver	AMovieDllRegisterServer
wcesdkrdll_setup_functs__amoviedllunregisterserver	AMovieDllUnregisterServer
wcesdkrdll_setup_functs__loadoleaut32	LoadOLEAut32
wcesdkrdocinfo_str	DOCINFO
wcesdkrdrawmbar_Component	drawmbar Component
wcesdkrdsound_Module	dsound Module
wcesdkrdtypes__am_sample_property_flags	AM_SAMPLE_PROPERTY_FLAGS
wcesdkrdtypes__am_stream_info_flags	AM_STREAM_INFO_FLAGS
wcesdkrdtypes__amvp_mode	AMVP_MODE
wcesdkrdtypes__analogvideostandard	AnalogVideoStandard
wcesdkrdtypes__filter_state	FILTER_STATE
wcesdkrdtypes__mpeg2level	MPEG2Level
wcesdkrdtypes__mpeg2profile	MPEG2Profile
wcesdkrdtypes__pin_direction	PIN_DIRECTION
wcesdkrdtypes__qualitymessagetype	QualityMessageType
wcesdkrdtypes__reg_pinflag	REG_PINFLAG
wcesdkrdtypes__streamcontrolstate	StreamControlState
wcesdkrdxmasf_Module	dxmasf Module
wcesdkrendmarker	ENDMARKER
wcesdkrentry	ENTRY
wcesdkrentryref	ENTRYREF
wcesdkrerror_and_success_codes	Error and Success Codes
wcesdkrerror_message_functs__amgeterrortext	AMGetErrorText
wcesdkrevent	EVENT
wcesdkrevent_buffering	Buffering
wcesdkrevent_click	Click
wcesdkrevent_dblclick	DblClick
wcesdkrevent_disconnect	Disconnect
wcesdkrevent_endofstream	EndOfStream
wcesdkrevent_error	Error
wcesdkrevent_keydown	KeyDown
wcesdkrevent_keypress	KeyPress
wcesdkrevent_keyup	KeyUp
wcesdkrevent_markerhit	MarkerHit
wcesdkrevent_mousedown	MouseDown
wcesdkrevent_mousemove	MouseMove
wcesdkrevent_mouseup	MouseUp
wcesdkrevent_newstream	NewStream
wcesdkrevent_notification_codes	Event Notification Codes
wcesdkrevent_notification_codes__ec_activate	EC_ACTIVATE
wcesdkrevent_notification_codes__ec_buffering_data	EC_BUFFERING_DATA
wcesdkrevent_notification_codes__ec_clock_changed	EC_CLOCK_CHANGED
wcesdkrevent_notification_codes__ec_complete	EC_COMPLETE
wcesdkrevent_notification_codes__ec_end_of_segment	EC_END_OF_SEGMENT
wcesdkrevent_notification_codes__ec_error_stillplaying	EC_ERROR_STILLPLAYING
wcesdkrevent_notification_codes__ec_errorabort	EC_ERRORABORT
wcesdkrevent_notification_codes__ec_fullscreen_lost	EC_FULLSCREEN_LOST
wcesdkrevent_notification_codes__ec_need_restart	EC_NEED_RESTART
wcesdkrevent_notification_codes__ec_notify_window	EC_NOTIFY_WINDOW
wcesdkrevent_notification_codes__ec_ole_event	EC_OLE_EVENT
wcesdkrevent_notification_codes__ec_opening_file	EC_OPENING_FILE
wcesdkrevent_notification_codes__ec_palette_changed	EC_PALETTE_CHANGED
wcesdkrevent_notification_codes__ec_quality_change	EC_QUALITY_CHANGE
wcesdkrevent_notification_codes__ec_repaint	EC_REPAINT
wcesdkrevent_notification_codes__ec_segment_started	EC_SEGMENT_STARTED
wcesdkrevent_notification_codes__ec_shutting_down	EC_SHUTTING_DOWN
wcesdkrevent_notification_codes__ec_starvation	EC_STARVATION
wcesdkrevent_notification_codes__ec_stream_control_started	EC_STREAM_CONTROL_STARTED
wcesdkrevent_notification_codes__ec_stream_control_stopped	EC_STREAM_CONTROL_STOPPED
wcesdkrevent_notification_codes__ec_stream_error_stillplaying	EC_STREAM_ERROR_STILLPLAYING
wcesdkrevent_notification_codes__ec_stream_error_stopped	EC_STREAM_ERROR_STOPPED
wcesdkrevent_notification_codes__ec_time	EC_TIME
wcesdkrevent_notification_codes__ec_userabort	EC_USERABORT
wcesdkrevent_notification_codes__ec_video_size_ar_changed	EC_VIDEO_SIZE_AR_CHANGED
wcesdkrevent_notification_codes__ec_video_size_changed	EC_VIDEO_SIZE_CHANGED
wcesdkrevent_notification_codes__ec_window_destroyed	EC_WINDOW_DESTROYED
wcesdkrevent_opencomplete	OpenComplete
wcesdkrevent_openstatechange	OpenStateChange
wcesdkrevent_playstatechange	PlayStateChange
wcesdkrevent_positionchange	PositionChange
wcesdkrevent_readystatechange	ReadyStateChange
wcesdkrevent_scriptcommand	ScriptCommand
wcesdkrevent_statechange	StateChange
wcesdkrfatfs_module	fatfs Module
wcesdkrfileinfo_Component	fileinfo Component
wcesdkrfileopen_Component	fileopen Component
wcesdkrfilesys_Module	filesys Module
wcesdkrfmtmsg_Component	fmtmsg Component
wcesdkrforegnd_Component	foregnd Component
wcesdkrfourccmap__fourccmap	FOURCCMap::FOURCCMap
wcesdkrfourccmap__getfourcc	FOURCCMap::GetFOURCC
wcesdkrfourccmap__setfourcc	FOURCCMap::SetFOURCC
wcesdkrfourccmap_class	FOURCCMap Class
wcesdkrfsdbase_Component	fsdbase Component
wcesdkrfsmain_Component	fsmain Component
wcesdkrfspass_Component	fspass Component
wcesdkrfsreg_Component	fsreg Component
wcesdkrfunctions_ddraw	Functions
wcesdkrgethostbyaddr	gethostbyaddr
wcesdkrgethostbyname	gethostbyname
wcesdkrgethostname	gethostname
wcesdkrgetpeername	getpeername
wcesdkrgetpower_Component	getpower Component
wcesdkrgetsockname	getsockname
wcesdkrgetsockopt	getsockopt
wcesdkrgwe_Module	gwe Module
wcesdkrhal_Component	hal Component
wcesdkrhandling_of_unsupported_items	Handling of Unsupported Items
wcesdkrhotkey_Component	hotkey Component
wcesdkrhtonl	htonl
wcesdkrhtons	htons
wcesdkrhttpd_Module	httpd Module
wcesdkrhttpextn_Component	httpextn Component
wcesdkrhttpfilt_Component	httpfilt Component
wcesdkrhwxjpn_Module	hwxjpn Module
wcesdkrhwxusa_Module	hwxusa Module
wcesdkriamdevmemoryallocator__alloc	IAMDevMemoryAllocator::Alloc
wcesdkriamdevmemoryallocator__checkmemory	IAMDevMemoryAllocator::CheckMemory
wcesdkriamdevmemoryallocator__free	IAMDevMemoryAllocator::Free
wcesdkriamdevmemoryallocator__getdevmemoryobject	IAMDevMemoryAllocator::GetDevMemoryObject
wcesdkriamdevmemoryallocator__getinfo	IAMDevMemoryAllocator::GetInfo
wcesdkriamdevmemoryallocator_interface	IAMDevMemoryAllocator Interface
wcesdkriamdevmemorycontrol__getdevid	IAMDevMemoryControl::GetDevId
wcesdkriamdevmemorycontrol__querywritesync	IAMDevMem
wcesdkriamdevmemorycontrol__writesync	IAMDevMemoryControl::WriteSync
wcesdkriamdevmemorycontrol_interface	IAMDevMemoryControl Interface
wcesdkriamoviesetup__register	IAMovieSetup::Register
wcesdkriamoviesetup__unregister	IAMovieSetup::Unregister
wcesdkriamoviesetup_interface	IAMovieSetup Interface
wcesdkriamstreamcontrol__getinfo	IAMStreamControl::GetInfo
wcesdkriamstreamcontrol__startat	IAMStreamControl::StartAt
wcesdkriamstreamcontrol__stopat	IAMStreamControl::StopAt
wcesdkriamstreamcontrol_interface	IAMStreamControl Interface
wcesdkriamstreamselect__count	IAMStreamSelect::Count
wcesdkriamstreamselect__enable	IAMStreamSelect::Enable
wcesdkriamstreamselect__info	IAMStreamSelect::Info
wcesdkriamstreamselect_interface	IAMStreamSelect Interface
wcesdkriasyncreader__beginflush	IAsyncReader::BeginFlush
wcesdkriasyncreader__endflush	IAsyncReader::EndFlush
wcesdkriasyncreader__length	IAsyncReader::Length
wcesdkriasyncreader__request	IAsyncReader::Request
wcesdkriasyncreader__requestallocator	IAsyncReader::RequestAllocator
wcesdkriasyncreader__syncread	IAsyncReader::SyncRead
wcesdkriasyncreader__syncreadaligned	IAsyncReader::SyncReadAligned
wcesdkriasyncreader__waitfornext	IAsyncReader::WaitForNext
wcesdkriasyncreader_interface	IAsyncReader Interface
wcesdkribasefilter__enumpins	IBaseFilter::EnumPins
wcesdkribasefilter__findpin	IBaseFilter::FindPin
wcesdkribasefilter__joinfiltergraph	IBaseFilter::JoinFilterGraph
wcesdkribasefilter__queryfilterinfo	IBaseFilter::QueryFilterInfo
wcesdkribasefilter__queryvendorinfo	IBaseFilter::QueryVendorInfo
wcesdkribasefilter_interface	IBaseFilter Interface
wcesdkribasicaudio__get_balance	IBasicAudio::get_Balance
wcesdkribasicaudio__get_volume	IBasicAudio::get_Volume
wcesdkribasicaudio__put_balance	IBasicAudio::put_Balance
wcesdkribasicaudio__put_volume	IBasicAudio::put_Volume
wcesdkribasicaudio_interface	IBasicAudio Interface
wcesdkribasicvideo__get_avgtimeperframe	IBasicVideo::get_AvgTimePerFrame
wcesdkribasicvideo__get_biterrorrate	IBasicVideo::get_BitErrorRate
wcesdkribasicvideo__get_bitrate	IBasicVideo::get_BitRate
wcesdkribasicvideo__get_destinationheight	IBasicVideo::get_DestinationHeight
wcesdkribasicvideo__get_destinationleft	IBasicVideo::get_DestinationLeft
wcesdkribasicvideo__get_destinationtop	IBasicVideo::get_DestinationTop
wcesdkribasicvideo__get_destinationwidth	IBasicVideo::get_DestinationWidth
wcesdkribasicvideo__get_sourceheight	IBasicVideo::get_SourceHeight
wcesdkribasicvideo__get_sourceleft	IBasicVideo::get_SourceLeft
wcesdkribasicvideo__get_sourcetop	IBasicVideo::get_SourceTop
wcesdkribasicvideo__get_sourcewidth	IBasicVideo::get_SourceWidth
wcesdkribasicvideo__get_videoheight	IBasicVideo::get_VideoHeight
wcesdkribasicvideo__get_videowidth	IBasicVideo::get_VideoWidth
wcesdkribasicvideo__getcurrentimage	IBasicVideo::GetCurrentImage
wcesdkribasicvideo__getdestinationposition	IBasicVideo::GetDestinationPosition
wcesdkribasicvideo__getsourceposition	IBasicVideo::GetSourcePosition
wcesdkribasicvideo__getvideopaletteentries	IBasicVideo::GetVideoPaletteEntries
wcesdkribasicvideo__getvideosize	IBasicVideo::GetVideoSize
wcesdkribasicvideo__isusingdefaultdestination	IBasicVideo::IsUsingDefaultDestination
wcesdkribasicvideo__isusingdefaultsource	IBasicVideo::IsUsingDefaultSource
wcesdkribasicvideo__put_destinationheight	IBasicVideo::put_DestinationHeight
wcesdkribasicvideo__put_destinationleft	IBasicVideo::put_DestinationLeft
wcesdkribasicvideo__put_destinationtop	IBasicVideo::put_DestinationTop
wcesdkribasicvideo__put_destinationwidth	IBasicVideo::put_DestinationWidth
wcesdkribasicvideo__put_sourceheight	IBasicVideo::put_SourceHeight
wcesdkribasicvideo__put_sourceleft	IBasicVideo::put_SourceLeft
wcesdkribasicvideo__put_sourcetop	IBasicVideo::put_SourceTop
wcesdkribasicvideo__put_sourcewidth	IBasicVideo::put_SourceWidth
wcesdkribasicvideo__setdefaultdestinationposition	IBasicVideo::SetDefaultDestinationPosition
wcesdkribasicvideo__setdefaultsourceposition	IBasicVideo::SetDefaultSourcePosition
wcesdkribasicvideo__setdestinationposition	IBasicVideo::SetDestinationPosition
wcesdkribasicvideo__setsourceposition	IBasicVideo::SetSourcePosition
wcesdkribasicvideo_interface	IBasicVideo Interface
wcesdkricon_Component	icon Component
wcesdkriconcurs_Component	iconcurs Component
wcesdkridirectdrawvideo__canuseoverlaystretch	IDirectDrawVideo::CanUseOverlayStretch
wcesdkridirectdrawvideo__canusescanline	IDirectDrawVideo::CanUseScanLine
wcesdkridirectdrawvideo__getcaps	IDirectDrawVideo::GetCaps
wcesdkridirectdrawvideo__getdirectdraw	IDirectDrawVideo::GetDirectDraw
wcesdkridirectdrawvideo__getemulatedcaps	IDirectDrawVideo::GetEmulatedCaps
wcesdkridirectdrawvideo__getfourcccodes	IDirectDrawVideo::GetFourCCCodes
wcesdkridirectdrawvideo__getsurfacedesc	IDirectDrawVideo::GetSurfaceDesc
wcesdkridirectdrawvideo__getsurfacetype	IDirectDrawVideo::GetSurfaceType
wcesdkridirectdrawvideo__getswitches	IDirectDrawVideo::GetSwitches
wcesdkridirectdrawvideo__setdefault	IDirectDrawVideo::SetDefault
wcesdkridirectdrawvideo__setdirectdraw	IDirectDrawVideo::SetDirectDraw
wcesdkridirectdrawvideo__setswitches	IDirectDrawVideo::SetSwitches
wcesdkridirectdrawvideo__useoverlaystretch	IDirectDrawVideo::UseOverlayStretch
wcesdkridirectdrawvideo__usescanline	IDirectDrawVideo::UseScanLine
wcesdkridirectdrawvideo__usewhenfullscreen	IDirectDrawVideo::UseWhenFullScreen
wcesdkridirectdrawvideo__willusefullscreen	IDirectDrawVideo::WillUseFullScreen
wcesdkridirectdrawvideo_interface	IDirectDrawVideo Interface
wcesdkridistributornotify__notifygraphchange	IDistributorNotify::NotifyGraphChange
wcesdkridistributornotify__pause	IDistributorNotify::Pause
wcesdkridistributornotify__run	IDistributorNotify::Run
wcesdkridistributornotify__setsyncsource	IDistributorNotify::SetSyncSource
wcesdkridistributornotify__stop	IDistributorNotify::Stop
wcesdkridistributornotify_interface	IDistributorNotify Interface
wcesdkridle_Component	idle Component
wcesdkrie_Modules	ie Modules
wcesdkrienumfilters__clone	IEnumFilters::Clone
wcesdkrienumfilters__next	IEnumFilters::Next
wcesdkrienumfilters__reset	IEnumFilters::Reset
wcesdkrienumfilters__skip	IEnumFilters::Skip
wcesdkrienumfilters_interface	IEnumFilters Interface
wcesdkrienummediatypes__clone	IEnumMediaTypes::Clone
wcesdkrienummediatypes__next	IEnumMediaTypes::Next
wcesdkrienummediatypes__reset	IEnumMediaTypes::Reset
wcesdkrienummediatypes__skip	IEnumMediaTypes::Skip
wcesdkrienummediatypes_interface	IEnumMediaTypes Interface
wcesdkrienumpins__clone	IEnumPins::Clone
wcesdkrienumpins__next	IEnumPins::Next
wcesdkrienumpins__reset	IEnumPins::Reset
wcesdkrienumpins__skip	IEnumPins::Skip
wcesdkrienumpins_interface	IEnumPins Interface
wcesdkrienumregfilters__clone	IEnumRegFilters::Clone
wcesdkrienumregfilters__next	IEnumRegFilters::Next
wcesdkrienumregfilters__reset	IEnumRegFilters::Reset
wcesdkrienumregfilters__skip	IEnumRegFilters::Skip
wcesdkrienumregfilters_interface	IEnumRegFilters Interface
wcesdkrifilesourcefilter__getcurfile	IFileSourceFilter::GetCurfile
wcesdkrifilesourcefilter__load	IFileSourceFilter::Load
wcesdkrifilesourcefilter_interface	IFileSourceFilter Interface
wcesdkrifiltergraph2__addsourcefilterformoniker	IFilterGraph2::AddSourceFilterForMoniker
wcesdkrifiltergraph2__reconnectex	IFilterGraph2::ReconnectEx
wcesdkrifiltergraph2_interface	IFilterGraph2 Interface
wcesdkrifiltergraph__addfilter	IFilterGraph::AddFilter
wcesdkrifiltergraph__connectdirect	IFilterGraph::ConnectDirect
wcesdkrifiltergraph__disconnect	IFilterGraph::Disconnect
wcesdkrifiltergraph__enumfilters	IFilterGraph::EnumFilters
wcesdkrifiltergraph__findfilterbyname	IFilterGraph::FindFilterByName
wcesdkrifiltergraph__reconnect	IFilterGraph::Reconnect
wcesdkrifiltergraph__removefilter	IFilterGraph::RemoveFilter
wcesdkrifiltergraph__setdefaultsyncsource	IFilterGraph::SetDefaultSyncSource
wcesdkrifiltergraph_interface	IFilterGraph Interface
wcesdkrifiltermapper2__createcategory	IFilterMapper2::CreateCategory
wcesdkrifiltermapper2__enummatchingfilters	IFilterMapper2::EnumMatchingFilters
wcesdkrifiltermapper2__registerfilter	IFilterMapper2::RegisterFilter
wcesdkrifiltermapper2__unregisterfilter	IFilterMapper2::UnregisterFilter
wcesdkrifiltermapper2_interface	IFilterMapper2 Interface
wcesdkrifiltermapper__enummatchingfilters	IFilterMapper::EnumMatchingFilters
wcesdkrifiltermapper__registerfilter	IFilterMapper::RegisterFilter
wcesdkrifiltermapper__registerfilterinstance	IFilterMapper::RegisterFilterInstance
wcesdkrifiltermapper__registerpin	IFilterMapper::RegisterPin
wcesdkrifiltermapper__registerpintype	IFilterMapper::RegisterPinType
wcesdkrifiltermapper__unregisterfilter	IFilterMapper::UnregisterFilter
wcesdkrifiltermapper__unregisterfilterinstance	IFilterMapper::UnregisterFilterInstance
wcesdkrifiltermapper__unregisterpin	IFilterMapper::UnregisterPin
wcesdkrifiltermapper_interface	IFilterMapper Interface
wcesdkrigraphbuilder__addsourcefilter	IGraphBuilder::AddSourceFilter
wcesdkrigraphbuilder__connect	IGraphBuilder::Connect
wcesdkrigraphbuilder__render	IGraphBuilder::Render
wcesdkrigraphbuilder__renderfile	IGraphBuilder::RenderFile
wcesdkrigraphbuilder__setlogfile	IGraphBuilder::SetLogFile
wcesdkrigraphbuilder_interface	IGraphBuilder Interface
wcesdkrigraphversion__queryversion	IGraphVersion::QueryVersion
wcesdkrigraphversion_interface	IGraphVersion Interface
wcesdkrimediacontrol__addsourcefilter	IMediaControl::AddSourceFilter
wcesdkrimediacontrol__getstate	IMediaControl::GetState
wcesdkrimediacontrol__pause	IMediaControl::Pause
wcesdkrimediacontrol__renderfile	IMediaControl::RenderFile
wcesdkrimediacontrol__run	IMediaControl::Run
wcesdkrimediacontrol__stop	IMediaControl::Stop
wcesdkrimediacontrol__stopwhenready	IMediaControl::StopWhenReady
wcesdkrimediacontrol_interface	IMediaControl Interface
wcesdkrimediaevent__canceldefaulthandling	IMediaEvent::CancelDefaultHandling
wcesdkrimediaevent__freeeventparams	IMediaEvent::FreeEventParams
wcesdkrimediaevent__getevent	IMediaEvent::GetEvent
wcesdkrimediaevent__geteventhandle	IMediaEvent::GetEventHandle
wcesdkrimediaevent__restoredefaulthandling	IMediaEvent::RestoreDefaultHandling
wcesdkrimediaevent__waitforcompletion	IMediaEvent::WaitForCompletion
wcesdkrimediaevent_interface	IMediaEvent Interface
wcesdkrimediaeventex__getnotifyflags	IMediaEventEx::GetNotifyFlags
wcesdkrimediaeventex__setnotifyflags	IMediaEventEx::SetNotifyFlags
wcesdkrimediaeventex__setnotifywindow	IMediaEventEx::SetNotifyWindow
wcesdkrimediaeventex_interface	IMediaEventEx Interface
wcesdkrimediaeventsink__notify	IMediaEventSink::Notify
wcesdkrimediaeventsink_interface	IMediaEventSink Interface
wcesdkrimediafilter__getstate	IMediaFilter::GetState
wcesdkrimediafilter__getsyncsource	IMediaFilter::GetSyncSource
wcesdkrimediafilter__pause	IMediaFilter::Pause
wcesdkrimediafilter__run	IMediaFilter::Run
wcesdkrimediafilter__setsyncsource	IMediaFilter::SetSyncSource
wcesdkrimediafilter__stop	IMediaFilter::Stop
wcesdkrimediafilter_interface	IMediaFilter Interface
wcesdkrimediaposition__canseekbackward	IMediaPosition::CanSeekBackward
wcesdkrimediaposition__canseekforward	IMediaPosition::CanSeekForward
wcesdkrimediaposition__get_currentposition	IMediaPosition::get_CurrentPosition
wcesdkrimediaposition__get_duration	IMediaPosition::get_Duration
wcesdkrimediaposition__get_prerolltime	IMediaPosition::get_PrerollTime
wcesdkrimediaposition__get_rate	IMediaPosition::get_Rate
wcesdkrimediaposition__get_stoptime	IMediaPosition::get_StopTime
wcesdkrimediaposition__put_currentposition	IMediaPosition::put_CurrentPosition
wcesdkrimediaposition__put_prerolltime	IMediaPosition::put_PrerollTime
wcesdkrimediaposition__put_rate	IMediaPosition::put_Rate
wcesdkrimediaposition__put_stoptime	IMediaPosition::put_StopTime
wcesdkrimediaposition_interface	IMediaPosition Interface
wcesdkrimediasample2__getproperties	IMediaSample2::GetProperties
wcesdkrimediasample2__setproperties	IMediaSample2::SetProperties
wcesdkrimediasample2_interface	IMediaSample2 Interface
wcesdkrimediasample__getactualdatalength	IMediaSample::GetActualDataLength
wcesdkrimediasample__getmediatime	IMediaSample::GetMediaTime
wcesdkrimediasample__getmediatype	IMediaSample::GetMediaType
wcesdkrimediasample__getpointer	IMediaSample::GetPointer
wcesdkrimediasample__getsize	IMediaSample::GetSize
wcesdkrimediasample__gettime	IMediaSample::GetTime
wcesdkrimediasample__isdiscontinuity	IMediaSample::IsDiscontinuity
wcesdkrimediasample__ispreroll	IMediaSample::IsPreroll
wcesdkrimediasample__issyncpoint	IMediaSample::IsSyncPoint
wcesdkrimediasample__setactualdatalength	IMediaSample::SetActualDataLength
wcesdkrimediasample__setdiscontinuity	IMediaSample::SetDiscontinuity
wcesdkrimediasample__setmediatime	IMediaSample::SetMediaTime
wcesdkrimediasample__setmediatype	IMediaSample::SetMediaType
wcesdkrimediasample__setpreroll	IMediaSample::SetPreroll
wcesdkrimediasample__setsyncpoint	IMediaSample::SetSyncPoint
wcesdkrimediasample__settime	IMediaSample::SetTime
wcesdkrimediasample_interface	IMediaSample Interface
wcesdkrimediaseeking__checkcapabilities	IMediaSeeking::CheckCapabilities
wcesdkrimediaseeking__converttimeformat	IMediaSeeking::ConvertTimeFormat
wcesdkrimediaseeking__getavailable	IMediaSeeking::GetAvailable
wcesdkrimediaseeking__getcapabilities	IMediaSeeking::GetCapabilities
wcesdkrimediaseeking__getcurrentposition	IMediaSeeking::GetCurrentPosition
wcesdkrimediaseeking__getduration	IMediaSeeking::GetDuration
wcesdkrimediaseeking__getpositions	IMediaSeeking::GetPositions
wcesdkrimediaseeking__getpreroll	IMediaSeeking::GetPreroll
wcesdkrimediaseeking__getrate	IMediaSeeking::GetRate
wcesdkrimediaseeking__getstopposition	IMediaSeeking::GetStopPosition
wcesdkrimediaseeking__gettimeformat	IMediaSeeking::GetTimeFormat
wcesdkrimediaseeking__isformatsupported	IMediaSeeking::IsFormatSupported
wcesdkrimediaseeking__isusingtimeformat	IMediaSeeking::IsUsingTimeFormat
wcesdkrimediaseeking__querypreferredformat	IMediaSeeking::QueryPreferredFormat
wcesdkrimediaseeking__setpositions	IMediaSeeking::SetPositions
wcesdkrimediaseeking__setrate	IMediaSeeking::SetRate
wcesdkrimediaseeking__settimeformat	IMediaSeeking::SetTimeFormat
wcesdkrimediaseeking_interface	IMediaSeeking Interface
wcesdkrimediastream__allocatesample	IMediaStream::AllocateSample
wcesdkrimediastream__createsharedsample	IMediaStream::CreateSharedSample
wcesdkrimediastream__getinformation	IMediaStream::GetInformation
wcesdkrimediastream__getmultimediastream	IMediaStream::GetMultiMediaStream
wcesdkrimediastream__sendendofstream	IMediaStream::SendEndOfStream
wcesdkrimediastream__setsameformat	IMediaStream::SetSameFormat
wcesdkrimediastream_interface	IMediaStream Interface
wcesdkrimemallocator__commit	IMemAllocator::Commit
wcesdkrimemallocator__decommit	IMemAllocator::Decommit
wcesdkrimemallocator__getbuffer	IMemAllocator::GetBuffer
wcesdkrimemallocator__getproperties	IMemAllocator::GetProperties
wcesdkrimemallocator__releasebuffer	IMemAllocator::ReleaseBuffer
wcesdkrimemallocator__setproperties	IMemAllocator::SetProperties
wcesdkrimemallocator_interface	IMemAllocator Interface
wcesdkrimeminputpin__getallocator	IMemInputPin::GetAllocator
wcesdkrimeminputpin__getallocatorrequirements	IMemInputPin::GetAllocatorRequirements
wcesdkrimeminputpin__notifyallocator	IMemInputPin::NotifyAllocator
wcesdkrimeminputpin__receive	IMemInputPin::Receive
wcesdkrimeminputpin__receivecanblock	IMemInputPin::ReceiveCanBlock
wcesdkrimeminputpin__receivemultiple	IMemInputPin::ReceiveMultiple
wcesdkrimeminputpin_interface	IMemInputPin Interface
wcesdkrimgctl_Component	imgctl Component
wcesdkrimultimediastream__enummediastreams	IMultiMediaStream::EnumMediaStreams
wcesdkrimultimediastream__getduration	IMultiMediaStream::GetDuration
wcesdkrimultimediastream__getendofstreameventhandle	IMultiMediaStream::GetEndOfStreamEventHandle
wcesdkrimultimediastream__getinformation	IMultiMediaStream::GetInformation
wcesdkrimultimediastream__getmediastream	IMultiMediaStream::GetMediaStream
wcesdkrimultimediastream__getstate	IMultiMediaStream::GetState
wcesdkrimultimediastream__gettime	IMultiMediaStream::GetTime
wcesdkrimultimediastream__seek	IMultiMediaStream::Seek
wcesdkrimultimediastream__setstate	IMultiMediaStream::SetState
wcesdkrimultimediastream_interface	IMultiMediaStream Interface
wcesdkrinet_addr	inet_addr
wcesdkrinet_ntoa	inet_ntoa
wcesdkrinondelegatingunknown__inondelegatingunknown	INonDelegatingUnknown::INonDelegatingUnknown
wcesdkrinondelegatingunknown_interface	INonDelegatingUnknown Interface
wcesdkrioctlsocket	ioctlsocket
wcesdkrioverlay__advise	IOverlay::Advise
wcesdkrioverlay__getcliplist	IOverlay::GetClipList
wcesdkrioverlay__getcolorkey	IOverlay::GetColorKey
wcesdkrioverlay__getdefaultcolorkey	IOverlay::GetDefaultColorKey
wcesdkrioverlay__getpalette	IOverlay::GetPalette
wcesdkrioverlay__getvideoposition	IOverlay::GetVideoPosition
wcesdkrioverlay__getwindowhandle	IOverlay::GetWindowHandle
wcesdkrioverlay__setcolorkey	IOverlay::SetColorKey
wcesdkrioverlay__setpalette	IOverlay::SetPalette
wcesdkrioverlay__unadvise	IOverlay::Unadvise
wcesdkrioverlay_interface	IOverlay Interface
wcesdkrioverlaynotify__onclipchange	IOverlayNotify::OnClipChange
wcesdkrioverlaynotify__oncolorkeychange	IOverlayNotify::OnColorKeyChange
wcesdkrioverlaynotify__onpalettechange	IOverlayNotify::OnPaletteChange
wcesdkrioverlaynotify__onpositionchange	IOverlayNotify::OnPositionChange
wcesdkrioverlaynotify_interface	IOverlayNotify Interface
wcesdkriphlpapi_Module	iphlpapi Module
wcesdkripin__beginflush	IPin::BeginFlush
wcesdkripin__connect	IPin::Connect
wcesdkripin__connectedto	IPin::ConnectedTo
wcesdkripin__connectionmediatype	IPin::ConnectionMediaType
wcesdkripin__disconnect	IPin::Disconnect
wcesdkripin__endflush	IPin::EndFlush
wcesdkripin__endofstream	IPin::EndOfStream
wcesdkripin__enummediatypes	IPin::EnumMediaTypes
wcesdkripin__newsegment	IPin::NewSegment
wcesdkripin__queryaccept	IPin::QueryAccept
wcesdkripin__querydirection	IPin::QueryDirection
wcesdkripin__queryid	IPin::QueryId
wcesdkripin__queryinternalconnections	IPin::QueryInternalConnections
wcesdkripin__querypininfo	IPin::QueryPinInfo
wcesdkripin__receiveconnection	IPin::ReceiveConnection
wcesdkripin_interface	IPin Interface
wcesdkriqualitycontrol__notify	IQualityControl::Notify
wcesdkriqualitycontrol__setsink	IQualityControl::SetSink
wcesdkriqualitycontrol_interface	IQualityControl Interface
wcesdkriqualprop__get_avgframerate	IQualProp::get_AvgFrameRate
wcesdkriqualprop__get_avgsyncoffset	IQualProp::get_AvgSyncOffset
wcesdkriqualprop__get_devsyncoffset	IQualProp::get_DevSyncOffset
wcesdkriqualprop__get_framesdrawn	IQualProp::get_FramesDrawn
wcesdkriqualprop__get_framesdroppedinrenderer	IQualProp::get_FramesDroppedInRenderer
wcesdkriqualprop__get_jitter	IQualProp::get_Jitter
wcesdkriqualprop_interface	IQualProp Interface
wcesdkrireferenceclock__advisetime	IReferenceClock::AdviseTime
wcesdkrireferenceclock__gettime	IReferenceClock::GetTime
wcesdkrireferenceclock__unadvise	IReferenceClock::Unadvise
wcesdkrireferenceclock_interface	IReferenceClock Interface
wcesdkriseekingpassthru__init	ISeekingPassThru::Init
wcesdkriseekingpassthru_interface	ISeekingPassThru Interface
wcesdkristreamsample__completionstatus	IStreamSample::CompletionStatus
wcesdkristreamsample__getmediastream	IStreamSample::GetMediaStream
wcesdkristreamsample__getsampletimes	IStreamSample::GetSampleTimes
wcesdkristreamsample__setsampletimes	IStreamSample::SetSampleTimes
wcesdkristreamsample__update	IStreamSample::Update
wcesdkristreamsample_interface	IStreamSample Interface
wcesdkriunknown__addref	IUnknown::AddRef
wcesdkriunknown__queryinterface	IUnknown::QueryInterface
wcesdkriunknown__release	IUnknown::Release
wcesdkriunknown_interface	IUnknown Interface
wcesdkriunknown_macro	IUnknown Macro
wcesdkriunknown_macro__declare_iunknown	DECLARE_IUNKNOWN
wcesdkrivideowindow__get_autoshow	IVideoWindow::get_AutoShow
wcesdkrivideowindow__get_backgroundpalette	IVideoWindow::get_BackgroundPalette
wcesdkrivideowindow__get_bordercolor	IVideoWindow::get_BorderColor
wcesdkrivideowindow__get_caption	IVideoWindow::get_Caption
wcesdkrivideowindow__get_fullscreenmode	IVideoWindow::get_FullScreenMode
wcesdkrivideowindow__get_height	IVideoWindow::get_Height
wcesdkrivideowindow__get_left	IVideoWindow::get_Left
wcesdkrivideowindow__get_messagedrain	IVideoWindow::get_MessageDrain
wcesdkrivideowindow__get_owner	IVideoWindow::get_Owner
wcesdkrivideowindow__get_top	IVideoWindow::get_Top
wcesdkrivideowindow__get_visible	IVideoWindow::get_Visible
wcesdkrivideowindow__get_width	IVideoWindow::get_Width
wcesdkrivideowindow__get_windowstate	IVideoWindow::get_WindowState
wcesdkrivideowindow__get_windowstyle	IVideoWindow::get_WindowStyle
wcesdkrivideowindow__get_windowstyleex	IVideoWindow::get_WindowStyleEx
wcesdkrivideowindow__getmaxidealimagesize	IVideoWindow::GetMaxIdealImageSize
wcesdkrivideowindow__getminidealimagesize	IVideoWindow::GetMinIdealImageSize
wcesdkrivideowindow__getrestoreposition	IVideoWindow::GetRestorePosition
wcesdkrivideowindow__getwindowposition	IVideoWindow::GetWindowPosition
wcesdkrivideowindow__hidecursor	IVideoWindow::HideCursor
wcesdkrivideowindow__iscursorhidden	IVideoWindow::IsCursorHidden
wcesdkrivideowindow__notifyownermessage	IVideoWindow::NotifyOwnerMessage
wcesdkrivideowindow__put_autoshow	IVideoWindow::put_AutoShow
wcesdkrivideowindow__put_backgroundpalette	IVideoWindow::put_BackgroundPalette
wcesdkrivideowindow__put_bordercolor	IVideoWindow::put_BorderColor
wcesdkrivideowindow__put_caption	IVideoWindow::put_Caption
wcesdkrivideowindow__put_fullscreenmode	IVideoWindow::put_FullScreenMode
wcesdkrivideowindow__put_height	IVideoWindow::put_Height
wcesdkrivideowindow__put_left	IVideoWIndow::put_Left
wcesdkrivideowindow__put_messagedrain	IVideoWindow::put_MessageDrain
wcesdkrivideowindow__put_owner	IVideoWindow::put_Owner
wcesdkrivideowindow__put_top	IVideoWindow::put_Top
wcesdkrivideowindow__put_visible	IVideoWindow::put_Visible
wcesdkrivideowindow__put_width	IVideoWindow::put_Width
wcesdkrivideowindow__put_windowstate	IVideoWindow::put_WindowState
wcesdkrivideowindow__put_windowstyle	IVideoWindow::put_WindowStyle
wcesdkrivideowindow__put_windowstyleex	IVideoWindow::put_WindowStyleEx
wcesdkrivideowindow__setwindowforeground	IVideoWindow::SetWindowForeground
wcesdkrivideowindow__setwindowposition	IVideoWindow::SetWindowPosition
wcesdkrivideowindow_interface	IVideoWindow Interface
wcesdkrivpbaseconfig__getconnectinfo	IVPBaseConfig::GetConnectInfo
wcesdkrivpbaseconfig__getmaxpixelrate	IVPBaseConfig::GetMaxPixelRate
wcesdkrivpbaseconfig__getoverlaysurface	IVPBaseConfig::GetOverlaySurface
wcesdkrivpbaseconfig__getvideoformats	IVPBaseConfig::GetVideoFormats
wcesdkrivpbaseconfig__getvpdatainfo	IVPBaseConfig::GetVPDataInfo
wcesdkrivpbaseconfig__informvpinputformats	IVPBaseConfig::InformVPInputFormats
wcesdkrivpbaseconfig__setconnectinfo	IVPBaseConfig::SetConnectInfo
wcesdkrivpbaseconfig__setddsurfacekernelhandle	IVPBaseConfig::SetDDSurfaceKernelHandle
wcesdkrivpbaseconfig__setdirectdrawkernelhandle	IVPBaseConfig::SetDirectDrawKernelHandle
wcesdkrivpbaseconfig__setinvertpolarity	IVPBaseConfig::SetInvertPolarity
wcesdkrivpbaseconfig__setsurfaceparameters	IVPBaseConfig::SetSurfaceParameters
wcesdkrivpbaseconfig__setvideoformat	IVPBaseConfig::SetVideoFormat
wcesdkrivpbaseconfig__setvideoportid	IVPBaseConfig::SetVideoPortID
wcesdkrivpbaseconfig_interface	IVPBaseConfig Interface
wcesdkrivpbasenotify__renegotiatevpparameters	IVPBaseNotify::RenegotiateVPParameters
wcesdkrivpbasenotify_interface	IVPBaseNotify Interface
wcesdkrivpconfig__isvpdecimationallowed	IVPConfig::IsVPDecimationAllowed
wcesdkrivpconfig__setscalingfactors	IVPConfig::SetScalingFactors
wcesdkrivpconfig_interface	IVPConfig Interface
wcesdkrivpnotify__getcolorcontrols	IVPNotify::GetColorControls
wcesdkrivpnotify__getdeinterlacemode	IVPNotify::GetDeinterlaceMode
wcesdkrivpnotify__setcolorcontrols	IVPNotify::SetColorControls
wcesdkrivpnotify__setdeinterlacemode	IVPNotify::SetDeinterlaceMode
wcesdkrivpnotify_interface	IVPNotify Interface
wcesdkrkbdui_Component	kbdui Component
wcesdkrlineAccept	lineAccept
wcesdkrlineAddProvider	lineAddProvider
wcesdkrlineAddToConference	lineAddToConference
wcesdkrlineAnswer	lineAnswer
wcesdkrlineBlindTransfer	lineBlindTransfer
wcesdkrlineCallbackFunc	lineCallbackFunc
wcesdkrlineClose	lineClose
wcesdkrlineCompleteTransfer	lineCompleteTransfer
wcesdkrlineConfigDialogEdit	lineConfigDialogEdit
wcesdkrlineDeallocateCall	lineDeallocateCall
wcesdkrlineDevSpecific	lineDevSpecific
wcesdkrlineDial	lineDial
wcesdkrlineDrop	lineDrop
wcesdkrlineForward	lineForward
wcesdkrlineGenerateDigits	lineGenerateDigits
wcesdkrlineGenerateTone	lineGenerateTone
wcesdkrlineGetAddressCaps	lineGetAddressCaps
wcesdkrlineGetAddressID	lineGetAddressID
wcesdkrlineGetAddressStatus	lineGetAddressStatus
wcesdkrlineGetAppPriority	lineGetAppPriority
wcesdkrlineGetCallInfo	lineGetCallInfo
wcesdkrlineGetCallStatus	lineGetCallStatus
wcesdkrlineGetConfRelatedCalls	lineGetConfRelatedCalls
wcesdkrlineGetDevCaps	lineGetDevCaps
wcesdkrlineGetDevConfig	lineGetDevConfig
wcesdkrlineGetID	lineGetID
wcesdkrlineGetIcon	lineGetIcon
wcesdkrlineGetLineDevStatus	lineGetLineDevStatus
wcesdkrlineGetMessage	lineGetMessage
wcesdkrlineGetNewCalls	lineGetNewCalls
wcesdkrlineGetNumRings	lineGetNumRings
wcesdkrlineGetProviderList	lineGetProviderList
wcesdkrlineGetStatusMessages	lineGetStatusMessages
wcesdkrlineGetTranslateCaps	lineGetTranslateCaps
wcesdkrlineHandoff	lineHandoff
wcesdkrlineHold	lineHold
wcesdkrlineInitialize	lineInitialize
wcesdkrlineInitializeEx	lineInitializeEx
wcesdkrlineMakeCall	lineMakeCall
wcesdkrlineMonitorDigits	lineMonitorDigits
wcesdkrlineMonitorMedia	lineMonitorMedia
wcesdkrlineNegotiateAPIVersion	lineNegotiateAPIVersion
wcesdkrlineNegotiateExtVersion	lineNegotiateExtVersion
wcesdkrlineOpen	lineOpen
wcesdkrlinePickup	linePickup
wcesdkrlinePrepareAddToConference	linePrepareAddToConference
wcesdkrlineRedirect	lineRedirect
wcesdkrlineReleaseUserUserInfo	lineReleaseUserUserInfo
wcesdkrlineRemoveFromConference	lineRemoveFromConference
wcesdkrlineSendUserUserInfo	lineSendUserUserInfo
wcesdkrlineSetAppPriority	lineSetAppPriority
wcesdkrlineSetCallParams	lineSetCallParams
wcesdkrlineSetCallPrivilege	lineSetCallPrivilege
wcesdkrlineSetCurrentLocation	lineSetCurrentLocation
wcesdkrlineSetDevConfig	lineSetDevConfig
wcesdkrlineSetMediaMode	lineSetMediaMode
wcesdkrlineSetNumRings	lineSetNumRings
wcesdkrlineSetStatusMessages	lineSetStatusMessages
wcesdkrlineSetTerminal	lineSetTerminal
wcesdkrlineSetTollList	lineSetTollList
wcesdkrlineSetupConference	lineSetupConference
wcesdkrlineSetupTransfer	lineSetupTransfer
wcesdkrlineShutdown	lineShutdown
wcesdkrlineSwapHold	lineSwapHold
wcesdkrlineTranslateAddress	lineTranslateAddress
wcesdkrlineTranslateDialog	lineTranslateDialog
wcesdkrlineUnhold	lineUnhold
wcesdkrlisten_function	listen
wcesdkrlmem_Component	lmem Component
wcesdkrloadbmp_Component	loadbmp Component
wcesdkrloadimg_Component	loadimg Component
wcesdkrloadstr_Component	loadstr Component
wcesdkrlocusa_Component	locusa Component
wcesdkrmath_helper_functions	Math Helper Functions
wcesdkrmath_helper_functs__int64x32div32	Int64x32Div32
wcesdkrmath_helper_functs__llmuldiv	llMulDiv
wcesdkrmcursor_Component	mcursor Component
wcesdkrmedia_type_functions	Media Type Functions
wcesdkrmedia_type_functs__areequalvideotypes	AreEqualVideoTypes
wcesdkrmedia_type_functs__copymediatype	CopyMediaType
wcesdkrmedia_type_functs__createaudiomediatype	CreateAudioMediaType
wcesdkrmedia_type_functs__createmediatype	CreateMediaType
wcesdkrmedia_type_functs__deletemediatype	DeleteMediaType
wcesdkrmedia_type_functs__freemediatype	FreeMediaType
wcesdkrmenu_Component	menu Component
wcesdkrmessage_function	Message Function
wcesdkrmessage_functs__waitdispatchingmessages	WaitDispatchingMessages
wcesdkrmethod_Cancel	Cancel
wcesdkrmethod_FastForward	FastForward
wcesdkrmethod_FastReverse	FastReverse
wcesdkrmethod_GetCurrentEntry	GetCurrentEntry
wcesdkrmethod_GetMarkerName	GetMarkerName
wcesdkrmethod_GetMarkerTime	GetMarkerTime
wcesdkrmethod_GetMediaInfoString	GetMediaInfoString
wcesdkrmethod_GetMediaParameter	GetMediaParameter
wcesdkrmethod_GetMediaParameterName	GetMediaParameterName
wcesdkrmethod_Next	Next
wcesdkrmethod_Open	Open
wcesdkrmethod_SetCurrentEntry	SetCurrentEntry
wcesdkrmethod_pause	Pause
wcesdkrmethod_play	Play
wcesdkrmethod_previous	Previous
wcesdkrmethod_run	Run
wcesdkrmethod_stop	Stop
wcesdkrmgbase_Component	mgbase Component
wcesdkrmgbitmap_Component	mgbitmap Component
wcesdkrmgblt2_Component	mgblt2 Component
wcesdkrmgblt_Component	mgblt Component
wcesdkrmgdc_Component	mgdc Component
wcesdkrmgdi_c_Component	mgdi_c Component
wcesdkrmgdibsec_Component	mgdibsec Component
wcesdkrmgdraw_Component	mgdraw Component
wcesdkrmgdrawtxt_Component	mgdrwtxt Component
wcesdkrmgpal_Component	mgpal Component
wcesdkrmgprint_Component	mgprint Component
wcesdkrmgrast2_Component	mgrast2 Component
wcesdkrmgrast_Component	mgrast Component
wcesdkrmgrgn_Component	mgrgn Component
wcesdkrmgtci_Component	mgtci Component
wcesdkrmgtt_Component	mgtt Component
wcesdkrmgwinmgr_Component	mgwinmgr Component
wcesdkrmisc_macros__name	NAME
wcesdkrmisc_macros__remind	REMIND
wcesdkrmiscellaneous_macros	Miscellaneous Macros
wcesdkrmixerclose	mixerClose
wcesdkrmixercontrol	MIXERCONTROL
wcesdkrmixercontroldetails	MIXERCONTROLDETAILS
wcesdkrmixercontroldetails_boolean	MIXERCONTROLDETAILS_BOOLEAN
wcesdkrmixercontroldetails_listtext	MIXERCONTROLDETAILS_LISTTEXT
wcesdkrmixercontroldetails_signed	MIXERCONTROLDETAILS_SIGNED
wcesdkrmixercontroldetails_unsigned	MIXERCONTROLDETAILS_UNSIGNED
wcesdkrmixergetcontroldetails	mixerGetControlDetails
wcesdkrmixergetdevcaps	mixerGetDevCaps
wcesdkrmixergetid	mixerGetID
wcesdkrmixergetlinecontrols	mixerGetLineControls
wcesdkrmixergetlineinfo	mixerGetLineInfo
wcesdkrmixergetnumdevs	mixerGetNumDevs
wcesdkrmixerline	MIXERLINE
wcesdkrmixerlinecontrols	MIXERLINECONTROLS
wcesdkrmixermessage	mixerMessage
wcesdkrmixeropen	mixerOpen
wcesdkrmixersetcontroldetails	mixerSetControlDetails
wcesdkrmm_mixm_line_change	MM_MIXM_LINE_CHANGE
wcesdkrmoreinfo	MOREINFO
wcesdkrmouse_event	mouse_event
wcesdkrmsdxm_Module	msdxm Module
wcesdkrmsgbeep_Component	msgbeep Component
wcesdkrmsgbox_Component	msgbox Component
wcesdkrmsgque_Component	msgque Component
wcesdkrmsmq_Modules	msmq Modules
wcesdkrmsmqrt_Module	msmqrt Module
wcesdkrnclient_Component	nclient Component
wcesdkrndis_Module	ndis Module
wcesdkrnetui_Module	netui Module
wcesdkrnk_Module	nk Module
wcesdkrnotifmin_Component	notifmin Component
wcesdkrnotifpub_Component	notifpub Component
wcesdkrnotify_Component	notify Component
wcesdkrntlmssp_Module	ntlmssp Module
wcesdkrntohl	ntohl
wcesdkrntohs	ntohs
wcesdkroa96_SAFEARRAY_Data_Type	SAFEARRAY
wcesdkroa96_SAFEARRAY_Data_TypeBOUND	SAFEARRAYBOUND
wcesdkrobject_and_pin_functions	Object and Pin Functions
wcesdkrobject_pin_functs__equalpins	EqualPins
wcesdkrobject_pin_functs__getinterface	GetInterface
wcesdkrobject_pin_functs__isequalobject	IsEqualObject
wcesdkrobject_register_debug__dbgdumpobjectregister	DbgDumpObjectRegister
wcesdkrobject_register_debugging	Object Register Debugging
wcesdkroff_screen_surface_formats_ddraw	Off-Screen Surface Formats
wcesdkrole232_Component	ole232 Component
wcesdkrole32_Module	ole32 Module
wcesdkroleaut32_Module	oleaut32 Module
wcesdkroomui_Component	oomui Component
wcesdkrparam	PARAM
wcesdkrperformance_macros	Performance Macros
wcesdkrperformance_macros__msr_start	MSR_START
wcesdkrperformance_macros__msr_stop	MSR_STOP
wcesdkrphoneCallbackFunc	phoneCallbackFunc
wcesdkrphoneClose	phoneClose
wcesdkrphoneConfigDialog	phoneConfigDialog
wcesdkrphoneDevSpecific	phoneDevSpecific
wcesdkrphoneGetDevCaps	phoneGetDevCaps
wcesdkrphoneGetGain	phoneGetGain
wcesdkrphoneGetHookSwitch	phoneGetHookSwitch
wcesdkrphoneGetID	phoneGetID
wcesdkrphoneGetIcon	phoneGetIcon
wcesdkrphoneGetMessage	phoneGetMessage
wcesdkrphoneGetRing	phoneGetRing
wcesdkrphoneGetStatus	phoneGetStatus
wcesdkrphoneGetStatusMessages	phoneGetStatusMessages
wcesdkrphoneGetVolume	phoneGetVolume
wcesdkrphoneInitializeEx	phoneInitializeEx
wcesdkrphoneNegotiateAPIVersion	phoneNegotiateAPIVersion
wcesdkrphoneNegotiateExtVersion	phoneNegotiateExtVersion
wcesdkrphoneOpen	phoneOpen
wcesdkrphoneSetGain	phoneSetGain
wcesdkrphoneSetHookSwitch	phoneSetHookSwitch
wcesdkrphoneSetRing	phoneSetRing
wcesdkrphoneSetStatusMessages	phoneSetStatusMessages
wcesdkrphoneSetVolume	phoneSetVolume
wcesdkrphoneShutdown	phoneShutdown
wcesdkrpixel_format_masks_ddraw	Pixel Format Masks
wcesdkrpointer_validation_macros	Pointer Validation Macros
wcesdkrpointer_validation_macros__checkpointer	CheckPointer
wcesdkrpointer_validation_macros__validatereadptr	ValidateReadPtr
wcesdkrpointer_validation_macros__validatereadwriteptr	ValidateReadWritePtr
wcesdkrpointer_validation_macros__validatestringptr	ValidateStringPtr
wcesdkrpointer_validation_macros__validatestringptra	ValidateStringPtrA
wcesdkrpointer_validation_macros__validatestringptrw	ValidateStringPtrW
wcesdkrpointer_validation_macros__validatewriteptr	ValidateWritePtr
wcesdkrppp_Module	ppp Module
wcesdkrprop_RecoveredPackets	RecoveredPackets
wcesdkrprop_allowchangedisplaysize	AllowChangeDisplaySize
wcesdkrprop_allowhidecontrols	AllowHideControls
wcesdkrprop_allowscan	AllowScan
wcesdkrprop_audiostream	AudioStream
wcesdkrprop_autorewind	AutoRewind
wcesdkrprop_autosize	AutoSize
wcesdkrprop_autostart	AutoStart
wcesdkrprop_balance	Balance
wcesdkrprop_bandwidth	Bandwidth
wcesdkrprop_baseurl	BaseURL
wcesdkrprop_bufferingcount	BufferingCount
wcesdkrprop_bufferingprogress	BufferingProgress
wcesdkrprop_bufferingtime	BufferingTime
wcesdkrprop_canscan	CanScan
wcesdkrprop_canseek	CanSeek
wcesdkrprop_canseektomarkers	CanSeekToMarkers
wcesdkrprop_channeldescription	ChannelDescription
wcesdkrprop_channelname	ChannelName
wcesdkrprop_channelurl	ChannelURL
wcesdkrprop_clicktoplay	ClickToPlay
wcesdkrprop_contactaddress	ContactAddress
wcesdkrprop_contactemail	ContactEmail
wcesdkrprop_contactphone	ContactPhone
wcesdkrprop_creationdate	CreationDate
wcesdkrprop_currentmarker	CurrentMarker
wcesdkrprop_currentposition	CurrentPosition
wcesdkrprop_currentstate	CurrentState
wcesdkrprop_defaultframe	DefaultFrame
wcesdkrprop_displaybackcolor	DisplayBackColor
wcesdkrprop_displayforecolor	DisplayForeColor
wcesdkrprop_displaysize	DisplaySize
wcesdkrprop_enablepositioncontrols	EnablePositionControls
wcesdkrprop_enabletracker	EnableTracker
wcesdkrprop_entrycount	EntryCount
wcesdkrprop_errorcode	ErrorCode
wcesdkrprop_errorcorrection	ErrorCorrection
wcesdkrprop_errordescription	ErrorDescription
wcesdkrprop_filename	FileName
wcesdkrprop_fullscreenmode	FullScreenMode
wcesdkrprop_haserror	HasError
wcesdkrprop_hasmultipleitems	HasMultipleItems
wcesdkrprop_imagesourceheight	ImageSourceHeight
wcesdkrprop_imagesourcewidth	ImageSourceWidth
wcesdkrprop_invokeurls	InvokeURLs
wcesdkrprop_isbroadcast	IsBroadcast
wcesdkrprop_isdurationvalid	IsDurationValid
wcesdkrprop_language	Language
wcesdkrprop_lostpackets	LostPackets
wcesdkrprop_markercount	MarkerCount
wcesdkrprop_moviewindowsize	MovieWindowSize
wcesdkrprop_mute	Mute
wcesdkrprop_openstate	OpenState
wcesdkrprop_playcount	PlayCount
wcesdkrprop_playstate	PlayState
wcesdkrprop_rate	Rate
wcesdkrprop_readystate	ReadyState
wcesdkrprop_receivedpackets	ReceivedPackets
wcesdkrprop_receptionquality	ReceptionQuality
wcesdkrprop_selectionend	SelectionEnd
wcesdkrprop_selectionstart	SelectionStart
wcesdkrprop_senderrorevents	SendErrorEvents
wcesdkrprop_sendkeyboardevents	SendKeyboardEvents
wcesdkrprop_sendmouseclickevents	SendMouseClickEvents
wcesdkrprop_sendmousemoveevents	SendMouseMoveEvents
wcesdkrprop_sendopenstatechangeevents	SendOpenStateChangeEvents
wcesdkrprop_sendplaystatechangeevents	SendPlayStateChangeEvents
wcesdkrprop_showaudiocontrols	ShowAudioControls
wcesdkrprop_showcontrols	ShowControls
wcesdkrprop_showpositioncontrols	ShowPositionControls
wcesdkrprop_showstatusbar	ShowStatusBar
wcesdkrprop_showtracker	ShowTracker
wcesdkrprop_sourcelink	SourceLink
wcesdkrprop_sourceprotocol	SourceProtocol
wcesdkrprop_streamcount	StreamCount
wcesdkrprop_transparentatstart	TransparentAtStart
wcesdkrprop_videoborder3d	VideoBorder3D
wcesdkrprop_videobordercolor	VideoBorderColor
wcesdkrprop_videoborderwidth	VideoBorderWidth
wcesdkrprop_volume	Volume
wcesdkrquartz_Module	quartz Module
wcesdkrrectapi_Component	rectapi Component
wcesdkrrecv	recv
wcesdkrrecvfrom	recvfrom
wcesdkrredir_Module	redir Module
wcesdkrref	REF
wcesdkrreference_time_function	Reference Time Function
wcesdkrreference_time_functs__converttomilliseconds	ConvertToMilliseconds
wcesdkrrepeat	REPEAT
wcesdkrreturn_values_ddraw	Return Values
wcesdkrreturn_values_dsound	Return Values
wcesdkrsbcmn_Component	sbcmn Component
wcesdkrschannel_Module	schannel Module
wcesdkrschedlog_Component	schedlog Component
wcesdkrscript_Modules	script Modules
wcesdkrselect	select
wcesdkrsend	send
wcesdkrsendto	sendto
wcesdkrserdev_Component	serdev Component
wcesdkrserver_Modules	server Modules
wcesdkrsetsockopt	setsockopt
wcesdkrshellapis_Component	shellapis Component
wcesdkrshexec_Component	shexec Component
wcesdkrshmisc_Component	shmisc Component
wcesdkrshortcut_Component	shortcut Component
wcesdkrshutdown_function	shutdown
wcesdkrsnmp_Module	snmp Module
wcesdkrsockaddr_irda	sockaddr_irda
wcesdkrsocket	socket
wcesdkrsplusa_Module	splusa Module
wcesdkrstartmarker	STARTMARKER Element
wcesdkrstarttime	STARTTIME Element
wcesdkrstartui_Component	startui Component
wcesdkrstg_Component	stg Component
wcesdkrstream_integer_functions	Stream Integer Functions
wcesdkrstream_readint	ReadInt
wcesdkrstream_writeint	WriteInt
wcesdkrstring_functions	String Function
wcesdkrstring_functs__amgetwidestring	AMGetWideString
wcesdkrstructs__allocator_properties	ALLOCATOR_PROPERTIES
wcesdkrstructs__am_media_type	AM_MEDIA_TYPE
wcesdkrstructs__am_sample2_properties	AM_SAMPLE2_PROPERTIES
wcesdkrstructs__am_stream_info	AM_STREAM_INFO
wcesdkrstructs__amoviesetup_filter	AMOVIESETUP_FILTER
wcesdkrstructs__amoviesetup_mediatype	AMOVIESETUP_MEDIATYPE
wcesdkrstructs__amoviesetup_pin	AMOVIESETUP_PIN
wcesdkrstructs__amvpdatainfo	AMVPDATAINFO
wcesdkrstructs__amvpsize	AMVPSIZE
wcesdkrstructs__audio_stream_config_caps	AUDIO_STREAM_CONFIG_CAPS
wcesdkrstructs__colorkey	COLORKEY
wcesdkrstructs__dibdata	DIBDATA
wcesdkrstructs__filter_info	FILTER_INFO
wcesdkrstructs__mpeg1videoinfo	MPEG1VIDEOINFO
wcesdkrstructs__mpeg2videoinfo	MPEG2VIDEOINFO
wcesdkrstructs__pin_info	PIN_INFO
wcesdkrstructs__position	POSITION
wcesdkrstructs__quality	Quality
wcesdkrstructs__regfilter	REGFILTER
wcesdkrstructs__regfilter2	REGFILTER2
wcesdkrstructs__regfilterpins	REGFILTERPINS
wcesdkrstructs__regfilterpins2	REGFILTERPINS2
wcesdkrstructs__regpinmedium	REGPINMEDIUM
wcesdkrstructs__regpintypes	REGPINTYPES
wcesdkrstructs__timecode	TIMECODE
wcesdkrstructs__timecode_sample	TIMECODE_SAMPLE
wcesdkrstructs__truecolorinfo	TRUECOLORINFO
wcesdkrstructs__video_stream_config_caps	VIDEO_STREAM_CONFIG_CAPS
wcesdkrstructs__videoinfo	VIDEOINFO
wcesdkrstructs__videoinfoheader	VIDEOINFOHEADER
wcesdkrstructs__videoinfoheader2	VIDEOINFOHEADER2
wcesdkrsupported_directshow_filters	Supported DirectShow Filters
wcesdkrtapi_Module	tapi Module
wcesdkrtexture_map_formats_ddraw	Texture Map Formats
wcesdkrtimer_Component	timer Component
wcesdkrtitle	TITLE Element
wcesdkrtoolhelp_Module	toolhelp Module
wcesdkruibase_Component	uibase Component
wcesdkrunsupported_directshow_items	Unsupported DirectShow Items
wcesdkrunsupported_items	Unsupported Items
wcesdkrwait_debugging	Wait Debugging
wcesdkrwait_debugging__dbgsetwaittimeout	DbgSetWaitTimeout
wcesdkrwait_debugging__dbgwaitformultipleobjects	DbgWaitForMultipleObjects
wcesdkrwait_debugging__dbgwaitforsingleobject	DbgWaitForSingleObject
wcesdkrwaveInAddBuffer	waveInAddBuffer
wcesdkrwaveInClose	waveInClose
wcesdkrwaveInGetDevCaps	waveInGetDevCaps
wcesdkrwaveInGetErrorText	waveInGetErrorText
wcesdkrwaveInGetID	waveInGetID
wcesdkrwaveInGetNumDevs	waveInGetNumDevs
wcesdkrwaveInGetPosition	waveInGetPosition
wcesdkrwaveInMessage	waveInMessage
wcesdkrwaveInOpen	waveInOpen
wcesdkrwaveInPrepareHeader	waveInPrepareHeader
wcesdkrwaveInReset	waveInReset
wcesdkrwaveInStart	waveInStart
wcesdkrwaveInStop	waveInStop
wcesdkrwaveInUnprepareHeader	waveInUnprepareHeader
wcesdkrwaveOutBreakLoop	waveOutBreakLoop
wcesdkrwaveOutClose	waveOutClose
wcesdkrwaveOutGetDevCaps	waveOutGetDevCaps
wcesdkrwaveOutGetErrorText	waveOutGetErrorText
wcesdkrwaveOutGetID	waveOutGetID
wcesdkrwaveOutGetNumDevs	waveOutGetNumDevs
wcesdkrwaveOutGetPitch	waveOutGetPitch
wcesdkrwaveOutGetPlaybackRate	waveOutGetPlaybackRate
wcesdkrwaveOutGetPosition	waveOutGetPosition
wcesdkrwaveOutGetVolume	waveOutGetVolume
wcesdkrwaveOutMessage	waveOutMessage
wcesdkrwaveOutOpen	waveOutOpen
wcesdkrwaveOutPause	waveOutPause
wcesdkrwaveOutPrepareHeader	waveOutPrepareHeader
wcesdkrwaveOutReset	waveOutReset
wcesdkrwaveOutRestart	waveOutRestart
wcesdkrwaveOutSetPitch	waveOutSetPitch
wcesdkrwaveOutSetPlaybackRate	waveOutSetPlaybackRate
wcesdkrwaveOutSetVolume	waveOutSetVolume
wcesdkrwaveOutUnprepareHeader	waveOutUnprepareHeader
wcesdkrwaveOutWrite	waveOutWrite
wcesdkrwaveapi_Module	waveapi Module
wcesdkrwavelib_Component	wavelib Component
wcesdkrwaveui_Component	waveui Component
wcesdkrwceappsfe_Modules	wceappsfe Modules
wcesdkrwceshellfe_Modules	wceshellfe Modules
wcesdkrwininet_Module	wininet Module
wcesdkrwinmgr_Component	winmgr Component
wcesdkrwinscard_Module	winscard Module
wcesdkrwinsock_Module	winsock Module
wcesdkrwmbase_Component	wmbase Component
wcesdkrwmgr_c_Component	wmgr_c Component
wcesdkrwmp_control_reference	WMP Control Reference
wcesdkrwmp_events	WMP Events
wcesdkrwmp_methods	WMP Methods
wcesdkrwmp_properties	WMP Properties
webserver30	Microsoft Windows CE 3.0 Web Server
wince_ics	Internet Connection Sharing in Windows CE
winsecurity	Enhancing the Security of a Windows CE Device
xml_ce	XML and Windows CE 3.0
xportsdkvc	How to Export an SDK from Microsoft Windows CE Platform Builder 3.0 to eMbedded Visual C++
