#page_id	source_id	path	title	page_class	symbol_count	kind	symbol	declaration_origin	header	library	os_versions_raw	declaration_status	duplicate_of	source_url
cc205619	mslearn-uncategorized	docs/mslearn/uncategorized/cc205619.html	Replica DC Sends Out CMD_NEED_JOIN to PDC	concept_or_overview	0			none				first_line_not_a_declaration		https://learn.microsoft.com/en-us/previous-versions/windows/embedded/cc205619(v=prot.10)
cc311576	mslearn-uncategorized	docs/mslearn/uncategorized/cc311576.html	WsdIPAddress Class	concept_or_overview	0			none				unrecognised_declaration_form		https://learn.microsoft.com/en-us/previous-versions/windows/embedded/cc311576(v=msdn.10)
cc311579	mslearn-uncategorized	docs/mslearn/uncategorized/cc311579.html	WsDuration Class (Ws.Services.Utilities)	out_of_scope_managed_surface	0			none				not_attempted		https://learn.microsoft.com/en-us/previous-versions/windows/embedded/cc311579(v=vs.102)
cc311584	mslearn-uncategorized	docs/mslearn/uncategorized/cc311584.html	WsFaultBase Class	concept_or_overview	0			none				unrecognised_declaration_form		https://learn.microsoft.com/en-us/previous-versions/windows/embedded/cc311584(v=msdn.10)
cc311588	mslearn-uncategorized	docs/mslearn/uncategorized/cc311588.html	WsFault Class	concept_or_overview	0			none				unrecognised_declaration_form		https://learn.microsoft.com/en-us/previous-versions/windows/embedded/cc311588(v=msdn.10)
cc311592	mslearn-uncategorized	docs/mslearn/uncategorized/cc311592.html	WsHttpClient Class (Ws.Services.Transport.HTTP)	out_of_scope_managed_surface	0			none				not_attempted		https://learn.microsoft.com/en-us/previous-versions/windows/embedded/cc311592(v=vs.102)
cc311596	mslearn-uncategorized	docs/mslearn/uncategorized/cc311596.html	WsHttpServiceHost Class	concept_or_overview	0			none				unrecognised_declaration_form		https://learn.microsoft.com/en-us/previous-versions/windows/embedded/cc311596(v=msdn.10)
cc311601	mslearn-uncategorized	docs/mslearn/uncategorized/cc311601.html	WsMtomBodyParts Class (Ws.Services.Mtom)	out_of_scope_managed_surface	0			none				not_attempted		https://learn.microsoft.com/en-us/previous-versions/windows/embedded/cc311601(v=vs.102)
cc311605	mslearn-uncategorized	docs/mslearn/uncategorized/cc311605.html	WsMtomBodyPart Class (Ws.Services.Mtom)	out_of_scope_managed_surface	0			none				not_attempted		https://learn.microsoft.com/en-us/previous-versions/windows/embedded/cc311605(v=vs.102)
cc311609	mslearn-uncategorized	docs/mslearn/uncategorized/cc311609.html	WsNetworkServices Class	concept_or_overview	0			none				unrecognised_declaration_form		https://learn.microsoft.com/en-us/previous-versions/windows/embedded/cc311609(v=msdn.10)
cc311612	mslearn-uncategorized	docs/mslearn/uncategorized/cc311612.html	WsServiceEndpoints Class (Ws.Services)	out_of_scope_managed_surface	0			none				not_attempted		https://learn.microsoft.com/en-us/previous-versions/windows/embedded/cc311612(v=vs.102)
cc311616	mslearn-uncategorized	docs/mslearn/uncategorized/cc311616.html	WsServiceOperations Class (Ws.Services)	out_of_scope_managed_surface	0			none				not_attempted		https://learn.microsoft.com/en-us/previous-versions/windows/embedded/cc311616(v=vs.102)
cc311620	mslearn-uncategorized	docs/mslearn/uncategorized/cc311620.html	WsServiceOperation Class (Ws.Services)	out_of_scope_managed_surface	0			none				not_attempted		https://learn.microsoft.com/en-us/previous-versions/windows/embedded/cc311620(v=vs.102)
cc311624	mslearn-uncategorized	docs/mslearn/uncategorized/cc311624.html	WsSoapMessageParser Class	concept_or_overview	0			none				unrecognised_declaration_form		https://learn.microsoft.com/en-us/previous-versions/windows/embedded/cc311624(v=msdn.10)
cc311627	mslearn-uncategorized	docs/mslearn/uncategorized/cc311627.html	WsUdpServiceHost Class	concept_or_overview	0			none				unrecognised_declaration_form		https://learn.microsoft.com/en-us/previous-versions/windows/embedded/cc311627(v=msdn.10)
cc311631	mslearn-uncategorized	docs/mslearn/uncategorized/cc311631.html	WsUtilities Class	concept_or_overview	0			none				unrecognised_declaration_form		https://learn.microsoft.com/en-us/previous-versions/windows/embedded/cc311631(v=msdn.10)
cc311634	mslearn-uncategorized	docs/mslearn/uncategorized/cc311634.html	WsWsaEndpointRefs Class (Ws.Services.WsaAddressing)	out_of_scope_managed_surface	0			none				not_attempted		https://learn.microsoft.com/en-us/previous-versions/windows/embedded/cc311634(v=vs.102)
cc311638	mslearn-uncategorized	docs/mslearn/uncategorized/cc311638.html	WsWsaEndpointRef Class (Ws.Services.WsaAddressing)	out_of_scope_managed_surface	0			none				not_attempted		https://learn.microsoft.com/en-us/previous-versions/windows/embedded/cc311638(v=vs.102)
cc311644	mslearn-uncategorized	docs/mslearn/uncategorized/cc311644.html	WsWsaHeader Class (Ws.Services.WsaAddressing)	out_of_scope_managed_surface	0			none				not_attempted		https://learn.microsoft.com/en-us/previous-versions/windows/embedded/cc311644(v=vs.102)
cc311648	mslearn-uncategorized	docs/mslearn/uncategorized/cc311648.html	WsWsaRefParameters Class	concept_or_overview	0			none				unrecognised_declaration_form		https://learn.microsoft.com/en-us/previous-versions/windows/embedded/cc311648(v=msdn.10)
cc311652	mslearn-uncategorized	docs/mslearn/uncategorized/cc311652.html	WsWsaRefParameter Class	concept_or_overview	0			none				unrecognised_declaration_form		https://learn.microsoft.com/en-us/previous-versions/windows/embedded/cc311652(v=msdn.10)
cc311656	mslearn-uncategorized	docs/mslearn/uncategorized/cc311656.html	WsWsaRefProperties Class	concept_or_overview	0			none				unrecognised_declaration_form		https://learn.microsoft.com/en-us/previous-versions/windows/embedded/cc311656(v=msdn.10)
cc311660	mslearn-uncategorized	docs/mslearn/uncategorized/cc311660.html	WsWsaRefProperty Class	concept_or_overview	0			none				unrecognised_declaration_form		https://learn.microsoft.com/en-us/previous-versions/windows/embedded/cc311660(v=msdn.10)
cc311665	mslearn-uncategorized	docs/mslearn/uncategorized/cc311665.html	WsXmlAttributes Class	concept_or_overview	0			syntax_section				matched		https://learn.microsoft.com/en-us/previous-versions/windows/embedded/cc311665(v=msdn.10)
cc311670	mslearn-uncategorized	docs/mslearn/uncategorized/cc311670.html	WsXmlAttribute Class (Ws.Services.Xml)	out_of_scope_managed_surface	0			none				not_attempted		https://learn.microsoft.com/en-us/previous-versions/windows/embedded/cc311670(v=vs.102)
cc311674	mslearn-uncategorized	docs/mslearn/uncategorized/cc311674.html	WsXmlDocument Class	concept_or_overview	0			syntax_section				matched		https://learn.microsoft.com/en-us/previous-versions/windows/embedded/cc311674(v=msdn.10)
cc311678	mslearn-uncategorized	docs/mslearn/uncategorized/cc311678.html	WsXmlNamespaces Class (Ws.Services.Xml)	out_of_scope_managed_surface	0			none				not_attempted		https://learn.microsoft.com/en-us/previous-versions/windows/embedded/cc311678(v=vs.102)
cc311682	mslearn-uncategorized	docs/mslearn/uncategorized/cc311682.html	WsXmlNamespace Class (Ws.Services.Xml)	out_of_scope_managed_surface	0			none				not_attempted		https://learn.microsoft.com/en-us/previous-versions/windows/embedded/cc311682(v=vs.102)
cc311685	mslearn-uncategorized	docs/mslearn/uncategorized/cc311685.html	WsXmlNodeProperties Class	concept_or_overview	0			syntax_section				matched		https://learn.microsoft.com/en-us/previous-versions/windows/embedded/cc311685(v=msdn.10)
cc311688	mslearn-uncategorized	docs/mslearn/uncategorized/cc311688.html	WsXmlNodes Class	concept_or_overview	0			syntax_section				matched		https://learn.microsoft.com/en-us/previous-versions/windows/embedded/cc311688(v=msdn.10)
cc311692	mslearn-uncategorized	docs/mslearn/uncategorized/cc311692.html	WsXmlNode Class (Ws.Services.Xml)	out_of_scope_managed_surface	0			none				not_attempted		https://learn.microsoft.com/en-us/previous-versions/windows/embedded/cc311692(v=vs.102)
cc311701	mslearn-uncategorized	docs/mslearn/uncategorized/cc311701.html	XmlNamespaces Class	concept_or_overview	0			none				unrecognised_declaration_form		https://learn.microsoft.com/en-us/previous-versions/windows/embedded/cc311701(v=msdn.10)
cc311705	mslearn-uncategorized	docs/mslearn/uncategorized/cc311705.html	XmlNamespace Class	concept_or_overview	0			none				unrecognised_declaration_form		https://learn.microsoft.com/en-us/previous-versions/windows/embedded/cc311705(v=msdn.10)
cc311711	mslearn-uncategorized	docs/mslearn/uncategorized/cc311711.html	XmlWriterSettings Class	concept_or_overview	0			none				unrecognised_declaration_form		https://learn.microsoft.com/en-us/previous-versions/windows/embedded/cc311711(v=msdn.10)
cc315195	mslearn-uncategorized	docs/mslearn/uncategorized/cc315195.html	Application Class	concept_or_overview	0			none				unrecognised_declaration_form		https://learn.microsoft.com/en-us/previous-versions/windows/embedded/cc315195(v=msdn.10)
cc315252	mslearn-uncategorized	docs/mslearn/uncategorized/cc315252.html	Reflection.AssemblyInfo Class	concept_or_overview	0			none				first_line_not_a_declaration		https://learn.microsoft.com/en-us/previous-versions/windows/embedded/cc315252(v=msdn.10)
cc315313	mslearn-uncategorized	docs/mslearn/uncategorized/cc315313.html	Battery Class	concept_or_overview	0			syntax_section				matched		https://learn.microsoft.com/en-us/previous-versions/windows/embedded/cc315313(v=msdn.10)
cc315331	mslearn-uncategorized	docs/mslearn/uncategorized/cc315331.html	Bitmap Class	concept_or_overview	0			syntax_section				matched		https://learn.microsoft.com/en-us/previous-versions/windows/embedded/cc315331(v=msdn.10)
cc315364	mslearn-uncategorized	docs/mslearn/uncategorized/cc315364.html	Border Class	concept_or_overview	0			none				unrecognised_declaration_form		https://learn.microsoft.com/en-us/previous-versions/windows/embedded/cc315364(v=msdn.10)
cc315367	mslearn-uncategorized	docs/mslearn/uncategorized/cc315367.html	Brush Class	concept_or_overview	0			none				unrecognised_declaration_form		https://learn.microsoft.com/en-us/previous-versions/windows/embedded/cc315367(v=msdn.10)
cc315745	mslearn-uncategorized	docs/mslearn/uncategorized/cc315745.html	Colors Class	concept_or_overview	0			none				unrecognised_declaration_form		https://learn.microsoft.com/en-us/previous-versions/windows/embedded/cc315745(v=msdn.10)
cc315746	mslearn-uncategorized	docs/mslearn/uncategorized/cc315746.html	ColorUtility Class	concept_or_overview	0			none				unrecognised_declaration_form		https://learn.microsoft.com/en-us/previous-versions/windows/embedded/cc315746(v=msdn.10)
cc315771	mslearn-uncategorized	docs/mslearn/uncategorized/cc315771.html	TimingServices.Completion Class	concept_or_overview	0			none				unrecognised_declaration_form		https://learn.microsoft.com/en-us/previous-versions/windows/embedded/cc315771(v=msdn.10)
cc315779	mslearn-uncategorized	docs/mslearn/uncategorized/cc315779.html	ComPortCollection Class	concept_or_overview	0			none				first_line_not_a_declaration		https://learn.microsoft.com/en-us/previous-versions/windows/embedded/cc315779(v=msdn.10)
cc315782	mslearn-uncategorized	docs/mslearn/uncategorized/cc315782.html	ComPortHandle Structure	concept_or_overview	0			none				unrecognised_declaration_form		https://learn.microsoft.com/en-us/previous-versions/windows/embedded/cc315782(v=msdn.10)
cc315785	mslearn-uncategorized	docs/mslearn/uncategorized/cc315785.html	ComPortToAsyncStream Class	concept_or_overview	0			none				unrecognised_declaration_form		https://learn.microsoft.com/en-us/previous-versions/windows/embedded/cc315785(v=msdn.10)
cc315794	mslearn-uncategorized	docs/mslearn/uncategorized/cc315794.html	ComPortToMemoryStream Class	concept_or_overview	0			none				unrecognised_declaration_form		https://learn.microsoft.com/en-us/previous-versions/windows/embedded/cc315794(v=msdn.10)
cc315796	mslearn-uncategorized	docs/mslearn/uncategorized/cc315796.html	ComPortToStream Class	concept_or_overview	0			none				unrecognised_declaration_form		https://learn.microsoft.com/en-us/previous-versions/windows/embedded/cc315796(v=msdn.10)
cc315797	mslearn-uncategorized	docs/mslearn/uncategorized/cc315797.html	ComPortToNamedPipe Class	concept_or_overview	0			none				unrecognised_declaration_form		https://learn.microsoft.com/en-us/previous-versions/windows/embedded/cc315797(v=msdn.10)
cc315805	mslearn-uncategorized	docs/mslearn/uncategorized/cc315805.html	ComPort Class	concept_or_overview	0			none				unrecognised_declaration_form		https://learn.microsoft.com/en-us/previous-versions/windows/embedded/cc315805(v=msdn.10)
cc315836	mslearn-uncategorized	docs/mslearn/uncategorized/cc315836.html	ConfigurationEngine Class	concept_or_overview	0			none				unrecognised_declaration_form		https://learn.microsoft.com/en-us/previous-versions/windows/embedded/cc315836(v=msdn.10)
cc315838	mslearn-uncategorized	docs/mslearn/uncategorized/cc315838.html	I2CDevice.Configuration Class	concept_or_overview	0			none				unrecognised_declaration_form		https://learn.microsoft.com/en-us/previous-versions/windows/embedded/cc315838(v=msdn.10)
cc315841	mslearn-uncategorized	docs/mslearn/uncategorized/cc315841.html	SPI.Configuration Class	concept_or_overview	0			none				unrecognised_declaration_form		https://learn.microsoft.com/en-us/previous-versions/windows/embedded/cc315841(v=msdn.10)
cc315844	mslearn-uncategorized	docs/mslearn/uncategorized/cc315844.html	SerialPort.Configuration Class	concept_or_overview	0			none				unrecognised_declaration_form		https://learn.microsoft.com/en-us/previous-versions/windows/embedded/cc315844(v=msdn.10)
cc315861	mslearn-uncategorized	docs/mslearn/uncategorized/cc315861.html	Constants Class	concept_or_overview	0			none				unrecognised_declaration_form		https://learn.microsoft.com/en-us/previous-versions/windows/embedded/cc315861(v=msdn.10)
cc315869	mslearn-uncategorized	docs/mslearn/uncategorized/cc315869.html	ConstraintException Class	concept_or_overview	0			none				unrecognised_declaration_form		https://learn.microsoft.com/en-us/previous-versions/windows/embedded/cc315869(v=msdn.10)
cc316179	mslearn-uncategorized	docs/mslearn/uncategorized/cc316179.html	Cpu Class	concept_or_overview	0			none				unrecognised_declaration_form		https://learn.microsoft.com/en-us/previous-versions/windows/embedded/cc316179(v=msdn.10)
cc317012	mslearn-uncategorized	docs/mslearn/uncategorized/cc317012.html	DebugTiming Class	concept_or_overview	0			syntax_section				matched		https://learn.microsoft.com/en-us/previous-versions/windows/embedded/cc317012(v=msdn.10)
cc317019	mslearn-uncategorized	docs/mslearn/uncategorized/cc317019.html	Debug Class	concept_or_overview	0			none				unrecognised_declaration_form		https://learn.microsoft.com/en-us/previous-versions/windows/embedded/cc317019(v=msdn.10)
cc317022	mslearn-uncategorized	docs/mslearn/uncategorized/cc317022.html	Debug Class	concept_or_overview	0			syntax_section				matched		https://learn.microsoft.com/en-us/previous-versions/windows/embedded/cc317022(v=msdn.10)
cc317058	mslearn-uncategorized	docs/mslearn/uncategorized/cc317058.html	Device Class	concept_or_overview	0			syntax_section				matched		https://learn.microsoft.com/en-us/previous-versions/windows/embedded/cc317058(v=msdn.10)
cc317068	mslearn-uncategorized	docs/mslearn/uncategorized/cc317068.html	DictionaryEntry Structure	concept_or_overview	0			none				unrecognised_declaration_form		https://learn.microsoft.com/en-us/previous-versions/windows/embedded/cc317068(v=msdn.10)
cc317082	mslearn-uncategorized	docs/mslearn/uncategorized/cc317082.html	DispatcherFrame Class	concept_or_overview	0			none				unrecognised_declaration_form		https://learn.microsoft.com/en-us/previous-versions/windows/embedded/cc317082(v=msdn.10)
cc317083	mslearn-uncategorized	docs/mslearn/uncategorized/cc317083.html	DispatcherObject Class	concept_or_overview	0			none				unrecognised_declaration_form		https://learn.microsoft.com/en-us/previous-versions/windows/embedded/cc317083(v=msdn.10)
cc317089	mslearn-uncategorized	docs/mslearn/uncategorized/cc317089.html	DispatcherOperation Class	concept_or_overview	0			syntax_section				matched		https://learn.microsoft.com/en-us/previous-versions/windows/embedded/cc317089(v=msdn.10)
cc317096	mslearn-uncategorized	docs/mslearn/uncategorized/cc317096.html	DispatcherTimer Class	concept_or_overview	0			none				unrecognised_declaration_form		https://learn.microsoft.com/en-us/previous-versions/windows/embedded/cc317096(v=msdn.10)
cc317098	mslearn-uncategorized	docs/mslearn/uncategorized/cc317098.html	Dispatcher Class	concept_or_overview	0			syntax_section				matched		https://learn.microsoft.com/en-us/previous-versions/windows/embedded/cc317098(v=msdn.10)
cc317152	mslearn-uncategorized	docs/mslearn/uncategorized/cc317152.html	DpwsClient Class	concept_or_overview	0			syntax_section				matched		https://learn.microsoft.com/en-us/previous-versions/windows/embedded/cc317152(v=msdn.10)
cc317154	mslearn-uncategorized	docs/mslearn/uncategorized/cc317154.html	DpwsDiscoveryClient Class	concept_or_overview	0			none				unrecognised_declaration_form		https://learn.microsoft.com/en-us/previous-versions/windows/embedded/cc317154(v=msdn.10)
cc317160	mslearn-uncategorized	docs/mslearn/uncategorized/cc317160.html	DpwsEventingClient Class	concept_or_overview	0			syntax_section				matched		https://learn.microsoft.com/en-us/previous-versions/windows/embedded/cc317160(v=msdn.10)
cc317166	mslearn-uncategorized	docs/mslearn/uncategorized/cc317166.html	DpwsHostedService Class	concept_or_overview	0			syntax_section				matched		https://learn.microsoft.com/en-us/previous-versions/windows/embedded/cc317166(v=msdn.10)
cc317169	mslearn-uncategorized	docs/mslearn/uncategorized/cc317169.html	DpwsHttpClient Class	concept_or_overview	0			syntax_section				matched		https://learn.microsoft.com/en-us/previous-versions/windows/embedded/cc317169(v=msdn.10)
cc317171	mslearn-uncategorized	docs/mslearn/uncategorized/cc317171.html	DpwsMetadata Class	concept_or_overview	0			none				unrecognised_declaration_form		https://learn.microsoft.com/en-us/previous-versions/windows/embedded/cc317171(v=msdn.10)
cc317174	mslearn-uncategorized	docs/mslearn/uncategorized/cc317174.html	DpwsMexClient Class	concept_or_overview	0			none				unrecognised_declaration_form		https://learn.microsoft.com/en-us/previous-versions/windows/embedded/cc317174(v=msdn.10)
cc317179	mslearn-uncategorized	docs/mslearn/uncategorized/cc317179.html	DpwsMexHostedServices Class	concept_or_overview	0			syntax_section				matched		https://learn.microsoft.com/en-us/previous-versions/windows/embedded/cc317179(v=msdn.10)
cc317182	mslearn-uncategorized	docs/mslearn/uncategorized/cc317182.html	DpwsMexHostedService Class	concept_or_overview	0			syntax_section				matched		https://learn.microsoft.com/en-us/previous-versions/windows/embedded/cc317182(v=msdn.10)
cc317183	mslearn-uncategorized	docs/mslearn/uncategorized/cc317183.html	DpwsMexHostService Class	concept_or_overview	0			syntax_section				matched		https://learn.microsoft.com/en-us/previous-versions/windows/embedded/cc317183(v=msdn.10)
cc317184	mslearn-uncategorized	docs/mslearn/uncategorized/cc317184.html	DpwsMexService Class	concept_or_overview	0			none				unrecognised_declaration_form		https://learn.microsoft.com/en-us/previous-versions/windows/embedded/cc317184(v=msdn.10)
cc317194	mslearn-uncategorized	docs/mslearn/uncategorized/cc317194.html	DpwsProbeMatch Class	concept_or_overview	0			syntax_section				matched		https://learn.microsoft.com/en-us/previous-versions/windows/embedded/cc317194(v=msdn.10)
cc317196	mslearn-uncategorized	docs/mslearn/uncategorized/cc317196.html	DpwsRelationship Class	concept_or_overview	0			none				unrecognised_declaration_form		https://learn.microsoft.com/en-us/previous-versions/windows/embedded/cc317196(v=msdn.10)
cc317198	mslearn-uncategorized	docs/mslearn/uncategorized/cc317198.html	DpwsProbeMatches Class	concept_or_overview	0			syntax_section				matched		https://learn.microsoft.com/en-us/previous-versions/windows/embedded/cc317198(v=msdn.10)
cc317206	mslearn-uncategorized	docs/mslearn/uncategorized/cc317206.html	DpwsResolveMatches Class	concept_or_overview	0			syntax_section				matched		https://learn.microsoft.com/en-us/previous-versions/windows/embedded/cc317206(v=msdn.10)
cc317207	mslearn-uncategorized	docs/mslearn/uncategorized/cc317207.html	DpwsResolveMatch Class	concept_or_overview	0			none				unrecognised_declaration_form		https://learn.microsoft.com/en-us/previous-versions/windows/embedded/cc317207(v=msdn.10)
cc317213	mslearn-uncategorized	docs/mslearn/uncategorized/cc317213.html	DpwsServiceDescriptions Class	concept_or_overview	0			syntax_section				matched		https://learn.microsoft.com/en-us/previous-versions/windows/embedded/cc317213(v=msdn.10)
cc317216	mslearn-uncategorized	docs/mslearn/uncategorized/cc317216.html	DpwsServiceDescription Class	concept_or_overview	0			none				unrecognised_declaration_form		https://learn.microsoft.com/en-us/previous-versions/windows/embedded/cc317216(v=msdn.10)
cc317223	mslearn-uncategorized	docs/mslearn/uncategorized/cc317223.html	DpwsServiceTypes Class	concept_or_overview	0			none				unrecognised_declaration_form		https://learn.microsoft.com/en-us/previous-versions/windows/embedded/cc317223(v=msdn.10)
cc317227	mslearn-uncategorized	docs/mslearn/uncategorized/cc317227.html	DpwsServiceType Class	concept_or_overview	0			syntax_section				matched		https://learn.microsoft.com/en-us/previous-versions/windows/embedded/cc317227(v=msdn.10)
cc317229	mslearn-uncategorized	docs/mslearn/uncategorized/cc317229.html	DpwsSoapResponse Class	concept_or_overview	0			none				unrecognised_declaration_form		https://learn.microsoft.com/en-us/previous-versions/windows/embedded/cc317229(v=msdn.10)
cc317232	mslearn-uncategorized	docs/mslearn/uncategorized/cc317232.html	DpwsSubscribeResponse Class	concept_or_overview	0			syntax_section				matched		https://learn.microsoft.com/en-us/previous-versions/windows/embedded/cc317232(v=msdn.10)
cc317236	mslearn-uncategorized	docs/mslearn/uncategorized/cc317236.html	DpwsSubscribeRequest Class	concept_or_overview	0			syntax_section				matched		https://learn.microsoft.com/en-us/previous-versions/windows/embedded/cc317236(v=msdn.10)
cc317240	mslearn-uncategorized	docs/mslearn/uncategorized/cc317240.html	DpwsThisModel Class	concept_or_overview	0			none				unrecognised_declaration_form		https://learn.microsoft.com/en-us/previous-versions/windows/embedded/cc317240(v=msdn.10)
cc317244	mslearn-uncategorized	docs/mslearn/uncategorized/cc317244.html	DpwsThisDevice Class	concept_or_overview	0			none				unrecognised_declaration_form		https://learn.microsoft.com/en-us/previous-versions/windows/embedded/cc317244(v=msdn.10)
cc317249	mslearn-uncategorized	docs/mslearn/uncategorized/cc317249.html	DpwsWseEventSources Class	concept_or_overview	0			none				unrecognised_declaration_form		https://learn.microsoft.com/en-us/previous-versions/windows/embedded/cc317249(v=msdn.10)
cc317254	mslearn-uncategorized	docs/mslearn/uncategorized/cc317254.html	DpwsWseSubscriptionMgr Class	concept_or_overview	0			syntax_section				matched		https://learn.microsoft.com/en-us/previous-versions/windows/embedded/cc317254(v=msdn.10)
cc317257	mslearn-uncategorized	docs/mslearn/uncategorized/cc317257.html	DpwsWseEventSource Class	concept_or_overview	0			syntax_section				matched		https://learn.microsoft.com/en-us/previous-versions/windows/embedded/cc317257(v=msdn.10)
cc317265	mslearn-uncategorized	docs/mslearn/uncategorized/cc317265.html	DrawingContext Class	concept_or_overview	0			none				unrecognised_declaration_form		https://learn.microsoft.com/en-us/previous-versions/windows/embedded/cc317265(v=msdn.10)
cc317304	mslearn-uncategorized	docs/mslearn/uncategorized/cc317304.html	ElementInfo Class	concept_or_overview	0			none				unrecognised_declaration_form		https://learn.microsoft.com/en-us/previous-versions/windows/embedded/cc317304(v=msdn.10)
cc317317	mslearn-uncategorized	docs/mslearn/uncategorized/cc317317.html	Ellipse Class	concept_or_overview	0			none				unrecognised_declaration_form		https://learn.microsoft.com/en-us/previous-versions/windows/embedded/cc317317(v=msdn.10)
cc317320	mslearn-uncategorized	docs/mslearn/uncategorized/cc317320.html	EmulatorComponentCollection Class	concept_or_overview	0			none				unrecognised_declaration_form		https://learn.microsoft.com/en-us/previous-versions/windows/embedded/cc317320(v=msdn.10)
cc317321	mslearn-uncategorized	docs/mslearn/uncategorized/cc317321.html	ElementStack Class	concept_or_overview	0			none				unrecognised_declaration_form		https://learn.microsoft.com/en-us/previous-versions/windows/embedded/cc317321(v=msdn.10)
cc317324	mslearn-uncategorized	docs/mslearn/uncategorized/cc317324.html	EmulatorComponent Class	concept_or_overview	0			none				unrecognised_declaration_form		https://learn.microsoft.com/en-us/previous-versions/windows/embedded/cc317324(v=msdn.10)
cc317339	mslearn-uncategorized	docs/mslearn/uncategorized/cc317339.html	Emulator Class	concept_or_overview	0			none				unrecognised_declaration_form		https://learn.microsoft.com/en-us/previous-versions/windows/embedded/cc317339(v=msdn.10)
cc317377	mslearn-uncategorized	docs/mslearn/uncategorized/cc317377.html	UIElementCollection.Enumerator Structure	concept_or_overview	0			none				unrecognised_declaration_form		https://learn.microsoft.com/en-us/previous-versions/windows/embedded/cc317377(v=msdn.10)
cc317421	mslearn-uncategorized	docs/mslearn/uncategorized/cc317421.html	EventHandlersStore Class	concept_or_overview	0			none				first_line_not_a_declaration		https://learn.microsoft.com/en-us/previous-versions/windows/embedded/cc317421(v=msdn.10)
cc317422	mslearn-uncategorized	docs/mslearn/uncategorized/cc317422.html	EventArgs Class	concept_or_overview	0			syntax_section				matched		https://learn.microsoft.com/en-us/previous-versions/windows/embedded/cc317422(v=msdn.10)
cc317431	mslearn-uncategorized	docs/mslearn/uncategorized/cc317431.html	EventRoute Class	concept_or_overview	0			syntax_section				matched		https://learn.microsoft.com/en-us/previous-versions/windows/embedded/cc317431(v=msdn.10)
cc317440	mslearn-uncategorized	docs/mslearn/uncategorized/cc317440.html	ExecutionConstraint Class	concept_or_overview	0			syntax_section				matched		https://learn.microsoft.com/en-us/previous-versions/windows/embedded/cc317440(v=msdn.10)
cc317450	mslearn-uncategorized	docs/mslearn/uncategorized/cc317450.html	ExtendedTimer Class	concept_or_overview	0			none				unrecognised_declaration_form		https://learn.microsoft.com/en-us/previous-versions/windows/embedded/cc317450(v=msdn.10)
cc317454	mslearn-uncategorized	docs/mslearn/uncategorized/cc317454.html	ExtendedTimeZone Class	concept_or_overview	0			none				unrecognised_declaration_form		https://learn.microsoft.com/en-us/previous-versions/windows/embedded/cc317454(v=msdn.10)
cc317459	mslearn-uncategorized	docs/mslearn/uncategorized/cc317459.html	ExtendedWeakReference Class	concept_or_overview	0			none				unrecognised_declaration_form		https://learn.microsoft.com/en-us/previous-versions/windows/embedded/cc317459(v=msdn.10)
cc317481	mslearn-uncategorized	docs/mslearn/uncategorized/cc317481.html	FieldNoReflectionAttribute Class	concept_or_overview	0			none				first_line_not_a_declaration		https://learn.microsoft.com/en-us/previous-versions/windows/embedded/cc317481(v=msdn.10)
cc317508	mslearn-uncategorized	docs/mslearn/uncategorized/cc317508.html	FlashManager Class	concept_or_overview	0			none				unrecognised_declaration_form		https://learn.microsoft.com/en-us/previous-versions/windows/embedded/cc317508(v=msdn.10)
cc317522	mslearn-uncategorized	docs/mslearn/uncategorized/cc317522.html	FlashSector Class	concept_or_overview	0			none				unrecognised_declaration_form		https://learn.microsoft.com/en-us/previous-versions/windows/embedded/cc317522(v=msdn.10)
cc317526	mslearn-uncategorized	docs/mslearn/uncategorized/cc317526.html	FocusChangedEventArgs Class	concept_or_overview	0			none				unrecognised_declaration_form		https://learn.microsoft.com/en-us/previous-versions/windows/embedded/cc317526(v=msdn.10)
cc317534	mslearn-uncategorized	docs/mslearn/uncategorized/cc317534.html	Font Class	concept_or_overview	0			syntax_section				matched		https://learn.microsoft.com/en-us/previous-versions/windows/embedded/cc317534(v=msdn.10)
cc317554	mslearn-uncategorized	docs/mslearn/uncategorized/cc317554.html	FormatException Class	concept_or_overview	0			none				unrecognised_declaration_form		https://learn.microsoft.com/en-us/previous-versions/windows/embedded/cc317554(v=msdn.10)
cc317710	mslearn-uncategorized	docs/mslearn/uncategorized/cc317710.html	GloballySynchronizedAttribute Class	concept_or_overview	0			none				first_line_not_a_declaration		https://learn.microsoft.com/en-us/previous-versions/windows/embedded/cc317710(v=msdn.10)
cc317720	mslearn-uncategorized	docs/mslearn/uncategorized/cc317720.html	GpioCollection Class	concept_or_overview	0			none				first_line_not_a_declaration		https://learn.microsoft.com/en-us/previous-versions/windows/embedded/cc317720(v=msdn.10)
cc317728	mslearn-uncategorized	docs/mslearn/uncategorized/cc317728.html	GpioPort Class	concept_or_overview	0			none				unrecognised_declaration_form		https://learn.microsoft.com/en-us/previous-versions/windows/embedded/cc317728(v=msdn.10)
cc317743	mslearn-uncategorized	docs/mslearn/uncategorized/cc317743.html	Guid Structure	concept_or_overview	0			none				unrecognised_declaration_form		https://learn.microsoft.com/en-us/previous-versions/windows/embedded/cc317743(v=msdn.10)
cc317747	mslearn-uncategorized	docs/mslearn/uncategorized/cc317747.html	HardwareProvider Class	concept_or_overview	0			none				unrecognised_declaration_form		https://learn.microsoft.com/en-us/previous-versions/windows/embedded/cc317747(v=msdn.10)
cc317788	mslearn-uncategorized	docs/mslearn/uncategorized/cc317788.html	HelloEventArgs Class	concept_or_overview	0			none				unrecognised_declaration_form		https://learn.microsoft.com/en-us/previous-versions/windows/embedded/cc317788(v=msdn.10)
cc317815	mslearn-uncategorized	docs/mslearn/uncategorized/cc317815.html	I2cBus Class	concept_or_overview	0			none				unrecognised_declaration_form		https://learn.microsoft.com/en-us/previous-versions/windows/embedded/cc317815(v=msdn.10)
cc317819	mslearn-uncategorized	docs/mslearn/uncategorized/cc317819.html	I2CDevice Class	concept_or_overview	0			none				unrecognised_declaration_form		https://learn.microsoft.com/en-us/previous-versions/windows/embedded/cc317819(v=msdn.10)
cc317829	mslearn-uncategorized	docs/mslearn/uncategorized/cc317829.html	I2CDevice.I2CTransaction Class	concept_or_overview	0			none				unrecognised_declaration_form		https://learn.microsoft.com/en-us/previous-versions/windows/embedded/cc317829(v=msdn.10)
cc317832	mslearn-uncategorized	docs/mslearn/uncategorized/cc317832.html	I2CDevice.I2CWriteTransaction Class	concept_or_overview	0			syntax_section				matched		https://learn.microsoft.com/en-us/previous-versions/windows/embedded/cc317832(v=msdn.10)
cc317835	mslearn-uncategorized	docs/mslearn/uncategorized/cc317835.html	I2cDevice Class	concept_or_overview	0			none				unrecognised_declaration_form		https://learn.microsoft.com/en-us/previous-versions/windows/embedded/cc317835(v=msdn.10)
cc317836	mslearn-uncategorized	docs/mslearn/uncategorized/cc317836.html	I2CDevice.I2CReadTransaction Class	concept_or_overview	0			syntax_section				matched		https://learn.microsoft.com/en-us/previous-versions/windows/embedded/cc317836(v=msdn.10)
cc317853	mslearn-uncategorized	docs/mslearn/uncategorized/cc317853.html	IDictionaryEnumerator Interface	concept_or_overview	0			none				unrecognised_declaration_form		https://learn.microsoft.com/en-us/previous-versions/windows/embedded/cc317853(v=msdn.10)
cc317856	mslearn-uncategorized	docs/mslearn/uncategorized/cc317856.html	IDictionary Interface	concept_or_overview	0			none				unrecognised_declaration_form		https://learn.microsoft.com/en-us/previous-versions/windows/embedded/cc317856(v=msdn.10)
cc317887	mslearn-uncategorized	docs/mslearn/uncategorized/cc317887.html	IHardwareProvider Interface	concept_or_overview	0			none				unrecognised_declaration_form		https://learn.microsoft.com/en-us/previous-versions/windows/embedded/cc317887(v=msdn.10)
cc317895	mslearn-uncategorized	docs/mslearn/uncategorized/cc317895.html	ImageBrush Class	concept_or_overview	0			none				unrecognised_declaration_form		https://learn.microsoft.com/en-us/previous-versions/windows/embedded/cc317895(v=msdn.10)
cc317898	mslearn-uncategorized	docs/mslearn/uncategorized/cc317898.html	Image Class	concept_or_overview	0			none				unrecognised_declaration_form		https://learn.microsoft.com/en-us/previous-versions/windows/embedded/cc317898(v=msdn.10)
cc317998	mslearn-uncategorized	docs/mslearn/uncategorized/cc317998.html	InputDevice Class	concept_or_overview	0			none				unrecognised_declaration_form		https://learn.microsoft.com/en-us/previous-versions/windows/embedded/cc317998(v=msdn.10)
cc318007	mslearn-uncategorized	docs/mslearn/uncategorized/cc318007.html	InputEventArgs Class	concept_or_overview	0			none				unrecognised_declaration_form		https://learn.microsoft.com/en-us/previous-versions/windows/embedded/cc318007(v=msdn.10)
cc318009	mslearn-uncategorized	docs/mslearn/uncategorized/cc318009.html	InputManager Class	concept_or_overview	0			none				unrecognised_declaration_form		https://learn.microsoft.com/en-us/previous-versions/windows/embedded/cc318009(v=msdn.10)
cc318011	mslearn-uncategorized	docs/mslearn/uncategorized/cc318011.html	InputPort Class	concept_or_overview	0			none				unrecognised_declaration_form		https://learn.microsoft.com/en-us/previous-versions/windows/embedded/cc318011(v=msdn.10)
cc318014	mslearn-uncategorized	docs/mslearn/uncategorized/cc318014.html	InputProviderSite Class	concept_or_overview	0			none				unrecognised_declaration_form		https://learn.microsoft.com/en-us/previous-versions/windows/embedded/cc318014(v=msdn.10)
cc318024	mslearn-uncategorized	docs/mslearn/uncategorized/cc318024.html	InputReport Class	concept_or_overview	0			none				unrecognised_declaration_form		https://learn.microsoft.com/en-us/previous-versions/windows/embedded/cc318024(v=msdn.10)
cc318031	mslearn-uncategorized	docs/mslearn/uncategorized/cc318031.html	InputReportEventArgs Class	concept_or_overview	0			none				unrecognised_declaration_form		https://learn.microsoft.com/en-us/previous-versions/windows/embedded/cc318031(v=msdn.10)
cc318068	mslearn-uncategorized	docs/mslearn/uncategorized/cc318068.html	InterruptPort Class	concept_or_overview	0			syntax_section				matched		https://learn.microsoft.com/en-us/previous-versions/windows/embedded/cc318068(v=msdn.10)
cc318267	mslearn-uncategorized	docs/mslearn/uncategorized/cc318267.html	IWsServiceEndpoint Interface	concept_or_overview	0			syntax_section				matched		https://learn.microsoft.com/en-us/previous-versions/windows/embedded/cc318267(v=msdn.10)
cc318271	mslearn-uncategorized	docs/mslearn/uncategorized/cc318271.html	KeyPair Class	concept_or_overview	0			none				unrecognised_declaration_form		https://learn.microsoft.com/en-us/previous-versions/windows/embedded/cc318271(v=msdn.10)
cc318282	mslearn-uncategorized	docs/mslearn/uncategorized/cc318282.html	Key Class	concept_or_overview	0			none				first_line_not_a_declaration		https://learn.microsoft.com/en-us/previous-versions/windows/embedded/cc318282(v=msdn.10)
cc318296	mslearn-uncategorized	docs/mslearn/uncategorized/cc318296.html	LcdDisplay Class	concept_or_overview	0			none				unrecognised_declaration_form		https://learn.microsoft.com/en-us/previous-versions/windows/embedded/cc318296(v=msdn.10)
cc318316	mslearn-uncategorized	docs/mslearn/uncategorized/cc318316.html	LinearGradientBrush Class	concept_or_overview	0			none				unrecognised_declaration_form		https://learn.microsoft.com/en-us/previous-versions/windows/embedded/cc318316(v=msdn.10)
cc318341	mslearn-uncategorized	docs/mslearn/uncategorized/cc318341.html	Line Class	concept_or_overview	0			none				unrecognised_declaration_form		https://learn.microsoft.com/en-us/previous-versions/windows/embedded/cc318341(v=msdn.10)
cc318344	mslearn-uncategorized	docs/mslearn/uncategorized/cc318344.html	ListBoxItemCollection Class	concept_or_overview	0			none				first_line_not_a_declaration		https://learn.microsoft.com/en-us/previous-versions/windows/embedded/cc318344(v=msdn.10)
cc318353	mslearn-uncategorized	docs/mslearn/uncategorized/cc318353.html	ListBoxItem Class	concept_or_overview	0			none				unrecognised_declaration_form		https://learn.microsoft.com/en-us/previous-versions/windows/embedded/cc318353(v=msdn.10)
cc318355	mslearn-uncategorized	docs/mslearn/uncategorized/cc318355.html	ListBox Class	concept_or_overview	0			none				unrecognised_declaration_form		https://learn.microsoft.com/en-us/previous-versions/windows/embedded/cc318355(v=msdn.10)
cc318371	mslearn-uncategorized	docs/mslearn/uncategorized/cc318371.html	Logging Class	concept_or_overview	0			syntax_section				matched		https://learn.microsoft.com/en-us/previous-versions/windows/embedded/cc318371(v=msdn.10)
cc318395	mslearn-uncategorized	docs/mslearn/uncategorized/cc318395.html	Math Class	concept_or_overview	0			none				unrecognised_declaration_form		https://learn.microsoft.com/en-us/previous-versions/windows/embedded/cc318395(v=msdn.10)
cc318460	mslearn-uncategorized	docs/mslearn/uncategorized/cc318460.html	MemoryManagerBase Class	concept_or_overview	0			none				unrecognised_declaration_form		https://learn.microsoft.com/en-us/previous-versions/windows/embedded/cc318460(v=msdn.10)
cc318461	mslearn-uncategorized	docs/mslearn/uncategorized/cc318461.html	MemoryManager Class	concept_or_overview	0			none				unrecognised_declaration_form		https://learn.microsoft.com/en-us/previous-versions/windows/embedded/cc318461(v=msdn.10)
cc318470	mslearn-uncategorized	docs/mslearn/uncategorized/cc318470.html	MemoryStream Class	concept_or_overview	0			none				unrecognised_declaration_form		https://learn.microsoft.com/en-us/previous-versions/windows/embedded/cc318470(v=msdn.10)
cc318515	mslearn-uncategorized	docs/mslearn/uncategorized/cc318515.html	MFConfigHelper Class	concept_or_overview	0			none				unrecognised_declaration_form		https://learn.microsoft.com/en-us/previous-versions/windows/embedded/cc318515(v=msdn.10)
cc318517	mslearn-uncategorized	docs/mslearn/uncategorized/cc318517.html	MFApplicationDeployment Class	concept_or_overview	0			none				unrecognised_declaration_form		https://learn.microsoft.com/en-us/previous-versions/windows/embedded/cc318517(v=msdn.10)
cc318524	mslearn-uncategorized	docs/mslearn/uncategorized/cc318524.html	MFApplicationDeploymentData Class	concept_or_overview	0			none				unrecognised_declaration_form		https://learn.microsoft.com/en-us/previous-versions/windows/embedded/cc318524(v=msdn.10)
cc318525	mslearn-uncategorized	docs/mslearn/uncategorized/cc318525.html	MFDeviceInUseException Class	concept_or_overview	0			none				unrecognised_declaration_form		https://learn.microsoft.com/en-us/previous-versions/windows/embedded/cc318525(v=msdn.10)
cc318530	mslearn-uncategorized	docs/mslearn/uncategorized/cc318530.html	MFDeploy Class	concept_or_overview	0			none				unrecognised_declaration_form		https://learn.microsoft.com/en-us/previous-versions/windows/embedded/cc318530(v=msdn.10)
cc318534	mslearn-uncategorized	docs/mslearn/uncategorized/cc318534.html	MFDeviceUnknownDeviceException Class	concept_or_overview	0			none				unrecognised_declaration_form		https://learn.microsoft.com/en-us/previous-versions/windows/embedded/cc318534(v=msdn.10)
cc318537	mslearn-uncategorized	docs/mslearn/uncategorized/cc318537.html	MFDeviceNoResponseException Class	concept_or_overview	0			none				unrecognised_declaration_form		https://learn.microsoft.com/en-us/previous-versions/windows/embedded/cc318537(v=msdn.10)
cc318538	mslearn-uncategorized	docs/mslearn/uncategorized/cc318538.html	MFDevice Class	concept_or_overview	0			none				unrecognised_declaration_form		https://learn.microsoft.com/en-us/previous-versions/windows/embedded/cc318538(v=msdn.10)
cc318540	mslearn-uncategorized	docs/mslearn/uncategorized/cc318540.html	MFInvalidFileFormatException Class	concept_or_overview	0			none				unrecognised_declaration_form		https://learn.microsoft.com/en-us/previous-versions/windows/embedded/cc318540(v=msdn.10)
cc318543	mslearn-uncategorized	docs/mslearn/uncategorized/cc318543.html	MFKeyConfig Class	concept_or_overview	0			none				unrecognised_declaration_form		https://learn.microsoft.com/en-us/previous-versions/windows/embedded/cc318543(v=msdn.10)
cc318550	mslearn-uncategorized	docs/mslearn/uncategorized/cc318550.html	MFPortDefinition Class	concept_or_overview	0			none				unrecognised_declaration_form		https://learn.microsoft.com/en-us/previous-versions/windows/embedded/cc318550(v=msdn.10)
cc318556	mslearn-uncategorized	docs/mslearn/uncategorized/cc318556.html	MFNetworkConfiguration Class	concept_or_overview	0			none				unrecognised_declaration_form		https://learn.microsoft.com/en-us/previous-versions/windows/embedded/cc318556(v=msdn.10)
cc318562	mslearn-uncategorized	docs/mslearn/uncategorized/cc318562.html	MFUsbConfiguration Class	concept_or_overview	0			none				unrecognised_declaration_form		https://learn.microsoft.com/en-us/previous-versions/windows/embedded/cc318562(v=msdn.10)
cc318564	mslearn-uncategorized	docs/mslearn/uncategorized/cc318564.html	MFSerialPort Class	concept_or_overview	0			none				unrecognised_declaration_form		https://learn.microsoft.com/en-us/previous-versions/windows/embedded/cc318564(v=msdn.10)
cc318565	mslearn-uncategorized	docs/mslearn/uncategorized/cc318565.html	MFSignatureFailureException Class	concept_or_overview	0			none				unrecognised_declaration_form		https://learn.microsoft.com/en-us/previous-versions/windows/embedded/cc318565(v=msdn.10)
cc318566	mslearn-uncategorized	docs/mslearn/uncategorized/cc318566.html	MFTcpIpPort Class	concept_or_overview	0			none				unrecognised_declaration_form		https://learn.microsoft.com/en-us/previous-versions/windows/embedded/cc318566(v=msdn.10)
cc318568	mslearn-uncategorized	docs/mslearn/uncategorized/cc318568.html	MFUserExitException Class	concept_or_overview	0			none				unrecognised_declaration_form		https://learn.microsoft.com/en-us/previous-versions/windows/embedded/cc318568(v=msdn.10)
cc318573	mslearn-uncategorized	docs/mslearn/uncategorized/cc318573.html	MFUsbPort Class	concept_or_overview	0			none				unrecognised_declaration_form		https://learn.microsoft.com/en-us/previous-versions/windows/embedded/cc318573(v=msdn.10)
cc318663	mslearn-uncategorized	docs/mslearn/uncategorized/cc318663.html	MulticastOption Class	concept_or_overview	0			none				unrecognised_declaration_form		https://learn.microsoft.com/en-us/previous-versions/windows/embedded/cc318663(v=msdn.10)
cc318700	mslearn-uncategorized	docs/mslearn/uncategorized/cc318700.html	NetworkInterface Class	concept_or_overview	0			syntax_section				matched		https://learn.microsoft.com/en-us/previous-versions/windows/embedded/cc318700(v=msdn.10)
cc318701	mslearn-uncategorized	docs/mslearn/uncategorized/cc318701.html	NetworkStream Class	concept_or_overview	0			none				unrecognised_declaration_form		https://learn.microsoft.com/en-us/previous-versions/windows/embedded/cc318701(v=msdn.10)
cc318727	mslearn-uncategorized	docs/mslearn/uncategorized/cc318727.html	NotifyInputEventArgs Class	concept_or_overview	0			none				unrecognised_declaration_form		https://learn.microsoft.com/en-us/previous-versions/windows/embedded/cc318727(v=msdn.10)
cc318763	mslearn-uncategorized	docs/mslearn/uncategorized/cc318763.html	ObjectDisposedException Class	concept_or_overview	0			none				unrecognised_declaration_form		https://learn.microsoft.com/en-us/previous-versions/windows/embedded/cc318763(v=msdn.10)
cc318829	mslearn-uncategorized	docs/mslearn/uncategorized/cc318829.html	Panel Class	concept_or_overview	0			none				unrecognised_declaration_form		https://learn.microsoft.com/en-us/previous-versions/windows/embedded/cc318829(v=msdn.10)
cc318831	mslearn-uncategorized	docs/mslearn/uncategorized/cc318831.html	OutputPort Class	concept_or_overview	0			none				unrecognised_declaration_form		https://learn.microsoft.com/en-us/previous-versions/windows/embedded/cc318831(v=msdn.10)
cc318863	mslearn-uncategorized	docs/mslearn/uncategorized/cc318863.html	Pen Class	concept_or_overview	0			none				unrecognised_declaration_form		https://learn.microsoft.com/en-us/previous-versions/windows/embedded/cc318863(v=msdn.10)
cc318865	mslearn-uncategorized	docs/mslearn/uncategorized/cc318865.html	Polygon Class	concept_or_overview	0			none				unrecognised_declaration_form		https://learn.microsoft.com/en-us/previous-versions/windows/embedded/cc318865(v=msdn.10)
cc318877	mslearn-uncategorized	docs/mslearn/uncategorized/cc318877.html	Port Class	concept_or_overview	0			syntax_section				matched		https://learn.microsoft.com/en-us/previous-versions/windows/embedded/cc318877(v=msdn.10)
cc318918	mslearn-uncategorized	docs/mslearn/uncategorized/cc318918.html	PreProcessInputEventArgs Class	concept_or_overview	0			none				unrecognised_declaration_form		https://learn.microsoft.com/en-us/previous-versions/windows/embedded/cc318918(v=msdn.10)
cc318919	mslearn-uncategorized	docs/mslearn/uncategorized/cc318919.html	PresentationSource Class	concept_or_overview	0			none				unrecognised_declaration_form		https://learn.microsoft.com/en-us/previous-versions/windows/embedded/cc318919(v=msdn.10)
cc318947	mslearn-uncategorized	docs/mslearn/uncategorized/cc318947.html	ProcessInputEventArgs Class	concept_or_overview	0			none				unrecognised_declaration_form		https://learn.microsoft.com/en-us/previous-versions/windows/embedded/cc318947(v=msdn.10)
cc318957	mslearn-uncategorized	docs/mslearn/uncategorized/cc318957.html	PropertyChangedEventArgs Class	concept_or_overview	0			none				unrecognised_declaration_form		https://learn.microsoft.com/en-us/previous-versions/windows/embedded/cc318957(v=msdn.10)
cc318976	mslearn-uncategorized	docs/mslearn/uncategorized/cc318976.html	PublicKeyUpdateInfo Structure	concept_or_overview	0			none				unrecognised_declaration_form		https://learn.microsoft.com/en-us/previous-versions/windows/embedded/cc318976(v=msdn.10)
cc318978	mslearn-uncategorized	docs/mslearn/uncategorized/cc318978.html	PublishInApplicationDirectoryAttribute Class	concept_or_overview	0			none				unrecognised_declaration_form		https://learn.microsoft.com/en-us/previous-versions/windows/embedded/cc318978(v=msdn.10)
cc319003	mslearn-uncategorized	docs/mslearn/uncategorized/cc319003.html	Random Class	concept_or_overview	0			none				unrecognised_declaration_form		https://learn.microsoft.com/en-us/previous-versions/windows/embedded/cc319003(v=msdn.10)
cc319007	mslearn-uncategorized	docs/mslearn/uncategorized/cc319007.html	RamManager Class	concept_or_overview	0			none				unrecognised_declaration_form		https://learn.microsoft.com/en-us/previous-versions/windows/embedded/cc319007(v=msdn.10)
cc319018	mslearn-uncategorized	docs/mslearn/uncategorized/cc319018.html	RawButtonInputReport Class	concept_or_overview	0			none				unrecognised_declaration_form		https://learn.microsoft.com/en-us/previous-versions/windows/embedded/cc319018(v=msdn.10)
cc319087	mslearn-uncategorized	docs/mslearn/uncategorized/cc319087.html	Rectangle Class	concept_or_overview	0			none				unrecognised_declaration_form		https://learn.microsoft.com/en-us/previous-versions/windows/embedded/cc319087(v=msdn.10)
cc319091	mslearn-uncategorized	docs/mslearn/uncategorized/cc319091.html	Reflection Class	concept_or_overview	0			none				unrecognised_declaration_form		https://learn.microsoft.com/en-us/previous-versions/windows/embedded/cc319091(v=msdn.10)
cc319201	mslearn-uncategorized	docs/mslearn/uncategorized/cc319201.html	ResourceUtility Class	concept_or_overview	0			none				unrecognised_declaration_form		https://learn.microsoft.com/en-us/previous-versions/windows/embedded/cc319201(v=msdn.10)
cc319211	mslearn-uncategorized	docs/mslearn/uncategorized/cc319211.html	RoutedEventArgs Class	concept_or_overview	0			syntax_section				matched		https://learn.microsoft.com/en-us/previous-versions/windows/embedded/cc319211(v=msdn.10)
cc319215	mslearn-uncategorized	docs/mslearn/uncategorized/cc319215.html	RoutedEventHandlerInfo Class	concept_or_overview	0			syntax_section				matched		https://learn.microsoft.com/en-us/previous-versions/windows/embedded/cc319215(v=msdn.10)
cc319218	mslearn-uncategorized	docs/mslearn/uncategorized/cc319218.html	RoutedEvent Class	concept_or_overview	0			syntax_section				matched		https://learn.microsoft.com/en-us/previous-versions/windows/embedded/cc319218(v=msdn.10)
cc319232	mslearn-uncategorized	docs/mslearn/uncategorized/cc319232.html	RpcClient Class	concept_or_overview	0			syntax_section				matched		https://learn.microsoft.com/en-us/previous-versions/windows/embedded/cc319232(v=msdn.10)
cc319236	mslearn-uncategorized	docs/mslearn/uncategorized/cc319236.html	RpcServer Class	concept_or_overview	0			syntax_section				matched		https://learn.microsoft.com/en-us/previous-versions/windows/embedded/cc319236(v=msdn.10)
cc319243	mslearn-uncategorized	docs/mslearn/uncategorized/cc319243.html	Key_RSA Class	concept_or_overview	0			none				first_line_not_a_declaration		https://learn.microsoft.com/en-us/previous-versions/windows/embedded/cc319243(v=msdn.10)
cc319260	mslearn-uncategorized	docs/mslearn/uncategorized/cc319260.html	ScrollChangedEventArgs Class	concept_or_overview	0			none				unrecognised_declaration_form		https://learn.microsoft.com/en-us/previous-versions/windows/embedded/cc319260(v=msdn.10)
cc319263	mslearn-uncategorized	docs/mslearn/uncategorized/cc319263.html	ScreenMetrics Class	concept_or_overview	0			syntax_section				matched		https://learn.microsoft.com/en-us/previous-versions/windows/embedded/cc319263(v=msdn.10)
cc319271	mslearn-uncategorized	docs/mslearn/uncategorized/cc319271.html	ScrollViewer Class	concept_or_overview	0			none				unrecognised_declaration_form		https://learn.microsoft.com/en-us/previous-versions/windows/embedded/cc319271(v=msdn.10)
cc319288	mslearn-uncategorized	docs/mslearn/uncategorized/cc319288.html	SelectionChangedEventArgs Class	concept_or_overview	0			none				unrecognised_declaration_form		https://learn.microsoft.com/en-us/previous-versions/windows/embedded/cc319288(v=msdn.10)
cc319320	mslearn-uncategorized	docs/mslearn/uncategorized/cc319320.html	SerializationHintsAttribute Class	concept_or_overview	0			none				first_line_not_a_declaration		https://learn.microsoft.com/en-us/previous-versions/windows/embedded/cc319320(v=msdn.10)
cc319335	mslearn-uncategorized	docs/mslearn/uncategorized/cc319335.html	SerialPort Class	concept_or_overview	0			none				unrecognised_declaration_form		https://learn.microsoft.com/en-us/previous-versions/windows/embedded/cc319335(v=msdn.10)
cc319337	mslearn-uncategorized	docs/mslearn/uncategorized/cc319337.html	SerialPortCollection Class	concept_or_overview	0			none				first_line_not_a_declaration		https://learn.microsoft.com/en-us/previous-versions/windows/embedded/cc319337(v=msdn.10)
cc319401	mslearn-uncategorized	docs/mslearn/uncategorized/cc319401.html	Shape Class	concept_or_overview	0			none				unrecognised_declaration_form		https://learn.microsoft.com/en-us/previous-versions/windows/embedded/cc319401(v=msdn.10)
cc319457	mslearn-uncategorized	docs/mslearn/uncategorized/cc319457.html	Socket Class	concept_or_overview	0			none				unrecognised_declaration_form		https://learn.microsoft.com/en-us/previous-versions/windows/embedded/cc319457(v=msdn.10)
cc319458	mslearn-uncategorized	docs/mslearn/uncategorized/cc319458.html	SolidColorBrush Class	concept_or_overview	0			none				unrecognised_declaration_form		https://learn.microsoft.com/en-us/previous-versions/windows/embedded/cc319458(v=msdn.10)
cc319465	mslearn-uncategorized	docs/mslearn/uncategorized/cc319465.html	SpiBus Class	concept_or_overview	0			none				first_line_not_a_declaration		https://learn.microsoft.com/en-us/previous-versions/windows/embedded/cc319465(v=msdn.10)
cc319469	mslearn-uncategorized	docs/mslearn/uncategorized/cc319469.html	SpiDevice Class	concept_or_overview	0			none				unrecognised_declaration_form		https://learn.microsoft.com/en-us/previous-versions/windows/embedded/cc319469(v=msdn.10)
cc319486	mslearn-uncategorized	docs/mslearn/uncategorized/cc319486.html	StackPanel Class	concept_or_overview	0			none				unrecognised_declaration_form		https://learn.microsoft.com/en-us/previous-versions/windows/embedded/cc319486(v=msdn.10)
cc319491	mslearn-uncategorized	docs/mslearn/uncategorized/cc319491.html	StagingAreaInputItem Class	concept_or_overview	0			none				unrecognised_declaration_form		https://learn.microsoft.com/en-us/previous-versions/windows/embedded/cc319491(v=msdn.10)
cc319502	mslearn-uncategorized	docs/mslearn/uncategorized/cc319502.html	SPI Class	concept_or_overview	0			none				unrecognised_declaration_form		https://learn.microsoft.com/en-us/previous-versions/windows/embedded/cc319502(v=msdn.10)
cc319530	mslearn-uncategorized	docs/mslearn/uncategorized/cc319530.html	StreamReader Class	concept_or_overview	0			none				unrecognised_declaration_form		https://learn.microsoft.com/en-us/previous-versions/windows/embedded/cc319530(v=msdn.10)
cc319535	mslearn-uncategorized	docs/mslearn/uncategorized/cc319535.html	StreamWriter Class	concept_or_overview	0			none				unrecognised_declaration_form		https://learn.microsoft.com/en-us/previous-versions/windows/embedded/cc319535(v=msdn.10)
cc319549	mslearn-uncategorized	docs/mslearn/uncategorized/cc319549.html	StringBuilder Class	concept_or_overview	0			syntax_section				matched		https://learn.microsoft.com/en-us/previous-versions/windows/embedded/cc319549(v=msdn.10)
cc319569	mslearn-uncategorized	docs/mslearn/uncategorized/cc319569.html	SubscriptionEndEventArgs Class	concept_or_overview	0			none				unrecognised_declaration_form		https://learn.microsoft.com/en-us/previous-versions/windows/embedded/cc319569(v=msdn.10)
cc319608	mslearn-uncategorized	docs/mslearn/uncategorized/cc319608.html	SystemID Class	concept_or_overview	0			none				unrecognised_declaration_form		https://learn.microsoft.com/en-us/previous-versions/windows/embedded/cc319608(v=msdn.10)
cc319611	mslearn-uncategorized	docs/mslearn/uncategorized/cc319611.html	SystemMetrics Class	concept_or_overview	0			none				unrecognised_declaration_form		https://learn.microsoft.com/en-us/previous-versions/windows/embedded/cc319611(v=msdn.10)
cc319630	mslearn-uncategorized	docs/mslearn/uncategorized/cc319630.html	SystemTime Class	concept_or_overview	0			none				unrecognised_declaration_form		https://learn.microsoft.com/en-us/previous-versions/windows/embedded/cc319630(v=msdn.10)
cc319636	mslearn-uncategorized	docs/mslearn/uncategorized/cc319636.html	TextReader Class	concept_or_overview	0			none				unrecognised_declaration_form		https://learn.microsoft.com/en-us/previous-versions/windows/embedded/cc319636(v=msdn.10)
cc319640	mslearn-uncategorized	docs/mslearn/uncategorized/cc319640.html	TextRunCollection Class	concept_or_overview	0			none				first_line_not_a_declaration		https://learn.microsoft.com/en-us/previous-versions/windows/embedded/cc319640(v=msdn.10)
cc319643	mslearn-uncategorized	docs/mslearn/uncategorized/cc319643.html	TextFlow Class	concept_or_overview	0			none				unrecognised_declaration_form		https://learn.microsoft.com/en-us/previous-versions/windows/embedded/cc319643(v=msdn.10)
cc319648	mslearn-uncategorized	docs/mslearn/uncategorized/cc319648.html	TextRun Class	concept_or_overview	0			none				unrecognised_declaration_form		https://learn.microsoft.com/en-us/previous-versions/windows/embedded/cc319648(v=msdn.10)
cc319657	mslearn-uncategorized	docs/mslearn/uncategorized/cc319657.html	Text Class	concept_or_overview	0			none				unrecognised_declaration_form		https://learn.microsoft.com/en-us/previous-versions/windows/embedded/cc319657(v=msdn.10)
cc319671	mslearn-uncategorized	docs/mslearn/uncategorized/cc319671.html	TextWriter Class	concept_or_overview	0			none				unrecognised_declaration_form		https://learn.microsoft.com/en-us/previous-versions/windows/embedded/cc319671(v=msdn.10)
cc319672	mslearn-uncategorized	docs/mslearn/uncategorized/cc319672.html	Device.ThisModel Class	concept_or_overview	0			none				unrecognised_declaration_form		https://learn.microsoft.com/en-us/previous-versions/windows/embedded/cc319672(v=msdn.10)
cc319675	mslearn-uncategorized	docs/mslearn/uncategorized/cc319675.html	Device.ThisDevice Class	concept_or_overview	0			none				unrecognised_declaration_form		https://learn.microsoft.com/en-us/previous-versions/windows/embedded/cc319675(v=msdn.10)
cc319711	mslearn-uncategorized	docs/mslearn/uncategorized/cc319711.html	TimingServices.Timer Class	concept_or_overview	0			none				unrecognised_declaration_form		https://learn.microsoft.com/en-us/previous-versions/windows/embedded/cc319711(v=msdn.10)
cc319733	mslearn-uncategorized	docs/mslearn/uncategorized/cc319733.html	TimeZoneInformation Class	concept_or_overview	0			none				unrecognised_declaration_form		https://learn.microsoft.com/en-us/previous-versions/windows/embedded/cc319733(v=msdn.10)
cc319741	mslearn-uncategorized	docs/mslearn/uncategorized/cc319741.html	TimingServices Class	concept_or_overview	0			none				unrecognised_declaration_form		https://learn.microsoft.com/en-us/previous-versions/windows/embedded/cc319741(v=msdn.10)
cc319755	mslearn-uncategorized	docs/mslearn/uncategorized/cc319755.html	Key_TinyEncryptionAlgorithm Class	concept_or_overview	0			none				first_line_not_a_declaration		https://learn.microsoft.com/en-us/previous-versions/windows/embedded/cc319755(v=msdn.10)
cc319939	mslearn-uncategorized	docs/mslearn/uncategorized/cc319939.html	TristatePort Class	concept_or_overview	0			syntax_section				matched		https://learn.microsoft.com/en-us/previous-versions/windows/embedded/cc319939(v=msdn.10)
cc319955	mslearn-uncategorized	docs/mslearn/uncategorized/cc319955.html	UdpClient Class	concept_or_overview	0			none				unrecognised_declaration_form		https://learn.microsoft.com/en-us/previous-versions/windows/embedded/cc319955(v=msdn.10)
cc319972	mslearn-uncategorized	docs/mslearn/uncategorized/cc319972.html	UIElementCollection Class	concept_or_overview	0			none				first_line_not_a_declaration		https://learn.microsoft.com/en-us/previous-versions/windows/embedded/cc319972(v=msdn.10)
cc319976	mslearn-uncategorized	docs/mslearn/uncategorized/cc319976.html	UIElement Class	concept_or_overview	0			none				unrecognised_declaration_form		https://learn.microsoft.com/en-us/previous-versions/windows/embedded/cc319976(v=msdn.10)
cc506083	mslearn-uncategorized	docs/mslearn/uncategorized/cc506083.html	HelloEventArgs Class	concept_or_overview	0			none				unrecognised_declaration_form		https://learn.microsoft.com/en-us/previous-versions/windows/embedded/cc506083(v=msdn.10)
cc506116	mslearn-uncategorized	docs/mslearn/uncategorized/cc506116.html	I2cBus Class	concept_or_overview	0			none				unrecognised_declaration_form		https://learn.microsoft.com/en-us/previous-versions/windows/embedded/cc506116(v=msdn.10)
cc506120	mslearn-uncategorized	docs/mslearn/uncategorized/cc506120.html	I2CDevice Class	concept_or_overview	0			none				unrecognised_declaration_form		https://learn.microsoft.com/en-us/previous-versions/windows/embedded/cc506120(v=msdn.10)
cc506124	mslearn-uncategorized	docs/mslearn/uncategorized/cc506124.html	I2cDevice Class	concept_or_overview	0			none				unrecognised_declaration_form		https://learn.microsoft.com/en-us/previous-versions/windows/embedded/cc506124(v=msdn.10)
cc506129	mslearn-uncategorized	docs/mslearn/uncategorized/cc506129.html	I2CDevice.I2CReadTransaction Class	concept_or_overview	0			syntax_section				matched		https://learn.microsoft.com/en-us/previous-versions/windows/embedded/cc506129(v=msdn.10)
cc506130	mslearn-uncategorized	docs/mslearn/uncategorized/cc506130.html	I2CDevice.I2CTransaction Class	concept_or_overview	0			none				unrecognised_declaration_form		https://learn.microsoft.com/en-us/previous-versions/windows/embedded/cc506130(v=msdn.10)
cc506133	mslearn-uncategorized	docs/mslearn/uncategorized/cc506133.html	I2CDevice.I2CWriteTransaction Class	concept_or_overview	0			syntax_section				matched		https://learn.microsoft.com/en-us/previous-versions/windows/embedded/cc506133(v=msdn.10)
cc506189	mslearn-uncategorized	docs/mslearn/uncategorized/cc506189.html	IHardwareProvider Interface	concept_or_overview	0			none				unrecognised_declaration_form		https://learn.microsoft.com/en-us/previous-versions/windows/embedded/cc506189(v=msdn.10)
cc506196	mslearn-uncategorized	docs/mslearn/uncategorized/cc506196.html	ImageBrush Class	concept_or_overview	0			none				unrecognised_declaration_form		https://learn.microsoft.com/en-us/previous-versions/windows/embedded/cc506196(v=msdn.10)
cc506199	mslearn-uncategorized	docs/mslearn/uncategorized/cc506199.html	Image Class	concept_or_overview	0			none				unrecognised_declaration_form		https://learn.microsoft.com/en-us/previous-versions/windows/embedded/cc506199(v=msdn.10)
cc506290	mslearn-uncategorized	docs/mslearn/uncategorized/cc506290.html	InputDevice Class	concept_or_overview	0			none				unrecognised_declaration_form		https://learn.microsoft.com/en-us/previous-versions/windows/embedded/cc506290(v=msdn.10)
cc506293	mslearn-uncategorized	docs/mslearn/uncategorized/cc506293.html	InputEventArgs Class	concept_or_overview	0			none				unrecognised_declaration_form		https://learn.microsoft.com/en-us/previous-versions/windows/embedded/cc506293(v=msdn.10)
cc506299	mslearn-uncategorized	docs/mslearn/uncategorized/cc506299.html	InputManager Class	concept_or_overview	0			none				unrecognised_declaration_form		https://learn.microsoft.com/en-us/previous-versions/windows/embedded/cc506299(v=msdn.10)
cc506308	mslearn-uncategorized	docs/mslearn/uncategorized/cc506308.html	InputPort Class	concept_or_overview	0			none				unrecognised_declaration_form		https://learn.microsoft.com/en-us/previous-versions/windows/embedded/cc506308(v=msdn.10)
cc506311	mslearn-uncategorized	docs/mslearn/uncategorized/cc506311.html	InputProviderSite Class	concept_or_overview	0			none				unrecognised_declaration_form		https://learn.microsoft.com/en-us/previous-versions/windows/embedded/cc506311(v=msdn.10)
cc506345	mslearn-uncategorized	docs/mslearn/uncategorized/cc506345.html	SelectionChangedEventArgs Class	concept_or_overview	0			none				unrecognised_declaration_form		https://learn.microsoft.com/en-us/previous-versions/windows/embedded/cc506345(v=msdn.10)
cc506377	mslearn-uncategorized	docs/mslearn/uncategorized/cc506377.html	SerializationHintsAttribute Class	concept_or_overview	0			none				first_line_not_a_declaration		https://learn.microsoft.com/en-us/previous-versions/windows/embedded/cc506377(v=msdn.10)
cc506386	mslearn-uncategorized	docs/mslearn/uncategorized/cc506386.html	SerialPortCollection Class	concept_or_overview	0			none				first_line_not_a_declaration		https://learn.microsoft.com/en-us/previous-versions/windows/embedded/cc506386(v=msdn.10)
cc506458	mslearn-uncategorized	docs/mslearn/uncategorized/cc506458.html	Shape Class	concept_or_overview	0			none				unrecognised_declaration_form		https://learn.microsoft.com/en-us/previous-versions/windows/embedded/cc506458(v=msdn.10)
cc506518	mslearn-uncategorized	docs/mslearn/uncategorized/cc506518.html	SolidColorBrush Class	concept_or_overview	0			none				unrecognised_declaration_form		https://learn.microsoft.com/en-us/previous-versions/windows/embedded/cc506518(v=msdn.10)
cc506525	mslearn-uncategorized	docs/mslearn/uncategorized/cc506525.html	SpiBus Class	concept_or_overview	0			none				first_line_not_a_declaration		https://learn.microsoft.com/en-us/previous-versions/windows/embedded/cc506525(v=msdn.10)
cc506529	mslearn-uncategorized	docs/mslearn/uncategorized/cc506529.html	SpiDevice Class	concept_or_overview	0			none				unrecognised_declaration_form		https://learn.microsoft.com/en-us/previous-versions/windows/embedded/cc506529(v=msdn.10)
cc506538	mslearn-uncategorized	docs/mslearn/uncategorized/cc506538.html	SPI Class	concept_or_overview	0			none				unrecognised_declaration_form		https://learn.microsoft.com/en-us/previous-versions/windows/embedded/cc506538(v=msdn.10)
cc506548	mslearn-uncategorized	docs/mslearn/uncategorized/cc506548.html	StackPanel Class	concept_or_overview	0			none				unrecognised_declaration_form		https://learn.microsoft.com/en-us/previous-versions/windows/embedded/cc506548(v=msdn.10)
cc506553	mslearn-uncategorized	docs/mslearn/uncategorized/cc506553.html	StagingAreaInputItem Class	concept_or_overview	0			none				unrecognised_declaration_form		https://learn.microsoft.com/en-us/previous-versions/windows/embedded/cc506553(v=msdn.10)
cc506612	mslearn-uncategorized	docs/mslearn/uncategorized/cc506612.html	StringBuilder Class	concept_or_overview	0			syntax_section				matched		https://learn.microsoft.com/en-us/previous-versions/windows/embedded/cc506612(v=msdn.10)
cc506631	mslearn-uncategorized	docs/mslearn/uncategorized/cc506631.html	SubscriptionEndEventArgs Class	concept_or_overview	0			none				unrecognised_declaration_form		https://learn.microsoft.com/en-us/previous-versions/windows/embedded/cc506631(v=msdn.10)
cc506683	mslearn-uncategorized	docs/mslearn/uncategorized/cc506683.html	SystemMetrics Class	concept_or_overview	0			none				unrecognised_declaration_form		https://learn.microsoft.com/en-us/previous-versions/windows/embedded/cc506683(v=msdn.10)
cc506686	mslearn-uncategorized	docs/mslearn/uncategorized/cc506686.html	SystemTime Class	concept_or_overview	0			none				unrecognised_declaration_form		https://learn.microsoft.com/en-us/previous-versions/windows/embedded/cc506686(v=msdn.10)
cc506703	mslearn-uncategorized	docs/mslearn/uncategorized/cc506703.html	TextFlow Class	concept_or_overview	0			none				unrecognised_declaration_form		https://learn.microsoft.com/en-us/previous-versions/windows/embedded/cc506703(v=msdn.10)
cc506710	mslearn-uncategorized	docs/mslearn/uncategorized/cc506710.html	TextRunCollection Class	concept_or_overview	0			none				first_line_not_a_declaration		https://learn.microsoft.com/en-us/previous-versions/windows/embedded/cc506710(v=msdn.10)
cc506726	mslearn-uncategorized	docs/mslearn/uncategorized/cc506726.html	Text Class	concept_or_overview	0			none				unrecognised_declaration_form		https://learn.microsoft.com/en-us/previous-versions/windows/embedded/cc506726(v=msdn.10)
cc506740	mslearn-uncategorized	docs/mslearn/uncategorized/cc506740.html	Device.ThisModel Class	concept_or_overview	0			none				unrecognised_declaration_form		https://learn.microsoft.com/en-us/previous-versions/windows/embedded/cc506740(v=msdn.10)
cc506745	mslearn-uncategorized	docs/mslearn/uncategorized/cc506745.html	TextRun Class	concept_or_overview	0			none				unrecognised_declaration_form		https://learn.microsoft.com/en-us/previous-versions/windows/embedded/cc506745(v=msdn.10)
cc506747	mslearn-uncategorized	docs/mslearn/uncategorized/cc506747.html	Device.ThisDevice Class	concept_or_overview	0			none				unrecognised_declaration_form		https://learn.microsoft.com/en-us/previous-versions/windows/embedded/cc506747(v=msdn.10)
cc506783	mslearn-uncategorized	docs/mslearn/uncategorized/cc506783.html	TimingServices.Timer Class	concept_or_overview	0			none				unrecognised_declaration_form		https://learn.microsoft.com/en-us/previous-versions/windows/embedded/cc506783(v=msdn.10)
cc506813	mslearn-uncategorized	docs/mslearn/uncategorized/cc506813.html	Key_TinyEncryptionAlgorithm Class	concept_or_overview	0			none				first_line_not_a_declaration		https://learn.microsoft.com/en-us/previous-versions/windows/embedded/cc506813(v=msdn.10)
cc506816	mslearn-uncategorized	docs/mslearn/uncategorized/cc506816.html	TimeZoneInformation Class	concept_or_overview	0			none				unrecognised_declaration_form		https://learn.microsoft.com/en-us/previous-versions/windows/embedded/cc506816(v=msdn.10)
cc506821	mslearn-uncategorized	docs/mslearn/uncategorized/cc506821.html	TimingServices Class	concept_or_overview	0			none				unrecognised_declaration_form		https://learn.microsoft.com/en-us/previous-versions/windows/embedded/cc506821(v=msdn.10)
cc506899	mslearn-uncategorized	docs/mslearn/uncategorized/cc506899.html	WsdIPAddress Class	concept_or_overview	0			none				unrecognised_declaration_form		https://learn.microsoft.com/en-us/previous-versions/windows/embedded/cc506899(v=msdn.10)
cc506902	mslearn-uncategorized	docs/mslearn/uncategorized/cc506902.html	WsDuration Class	concept_or_overview	0			none				unrecognised_declaration_form		https://learn.microsoft.com/en-us/previous-versions/windows/embedded/cc506902(v=msdn.10)
cc506906	mslearn-uncategorized	docs/mslearn/uncategorized/cc506906.html	WsFaultBase Class	concept_or_overview	0			none				unrecognised_declaration_form		https://learn.microsoft.com/en-us/previous-versions/windows/embedded/cc506906(v=msdn.10)
cc506909	mslearn-uncategorized	docs/mslearn/uncategorized/cc506909.html	WsFault Class	concept_or_overview	0			none				unrecognised_declaration_form		https://learn.microsoft.com/en-us/previous-versions/windows/embedded/cc506909(v=msdn.10)
cc506912	mslearn-uncategorized	docs/mslearn/uncategorized/cc506912.html	WsHttpClient Class	concept_or_overview	0			none				unrecognised_declaration_form		https://learn.microsoft.com/en-us/previous-versions/windows/embedded/cc506912(v=msdn.10)
cc506916	mslearn-uncategorized	docs/mslearn/uncategorized/cc506916.html	WsHttpServiceHost Class	concept_or_overview	0			none				unrecognised_declaration_form		https://learn.microsoft.com/en-us/previous-versions/windows/embedded/cc506916(v=msdn.10)
cc506921	mslearn-uncategorized	docs/mslearn/uncategorized/cc506921.html	WsMtomBodyParts Class	concept_or_overview	0			none				unrecognised_declaration_form		https://learn.microsoft.com/en-us/previous-versions/windows/embedded/cc506921(v=msdn.10)
cc506924	mslearn-uncategorized	docs/mslearn/uncategorized/cc506924.html	WsMtomBodyPart Class	concept_or_overview	0			none				unrecognised_declaration_form		https://learn.microsoft.com/en-us/previous-versions/windows/embedded/cc506924(v=msdn.10)
cc506928	mslearn-uncategorized	docs/mslearn/uncategorized/cc506928.html	WsNetworkServices Class	concept_or_overview	0			none				unrecognised_declaration_form		https://learn.microsoft.com/en-us/previous-versions/windows/embedded/cc506928(v=msdn.10)
cc506935	mslearn-uncategorized	docs/mslearn/uncategorized/cc506935.html	WsServiceOperations Class	concept_or_overview	0			none				unrecognised_declaration_form		https://learn.microsoft.com/en-us/previous-versions/windows/embedded/cc506935(v=msdn.10)
cc506939	mslearn-uncategorized	docs/mslearn/uncategorized/cc506939.html	WsServiceOperation Class	concept_or_overview	0			none				unrecognised_declaration_form		https://learn.microsoft.com/en-us/previous-versions/windows/embedded/cc506939(v=msdn.10)
cc506943	mslearn-uncategorized	docs/mslearn/uncategorized/cc506943.html	WsSoapMessageParser Class	concept_or_overview	0			none				unrecognised_declaration_form		https://learn.microsoft.com/en-us/previous-versions/windows/embedded/cc506943(v=msdn.10)
cc506946	mslearn-uncategorized	docs/mslearn/uncategorized/cc506946.html	WsUdpServiceHost Class	concept_or_overview	0			none				unrecognised_declaration_form		https://learn.microsoft.com/en-us/previous-versions/windows/embedded/cc506946(v=msdn.10)
cc506950	mslearn-uncategorized	docs/mslearn/uncategorized/cc506950.html	WsUtilities Class	concept_or_overview	0			none				unrecognised_declaration_form		https://learn.microsoft.com/en-us/previous-versions/windows/embedded/cc506950(v=msdn.10)
cc506953	mslearn-uncategorized	docs/mslearn/uncategorized/cc506953.html	WsWsaEndpointRefs Class	concept_or_overview	0			none				unrecognised_declaration_form		https://learn.microsoft.com/en-us/previous-versions/windows/embedded/cc506953(v=msdn.10)
cc506957	mslearn-uncategorized	docs/mslearn/uncategorized/cc506957.html	WsWsaEndpointRef Class	concept_or_overview	0			none				unrecognised_declaration_form		https://learn.microsoft.com/en-us/previous-versions/windows/embedded/cc506957(v=msdn.10)
cc506962	mslearn-uncategorized	docs/mslearn/uncategorized/cc506962.html	WsWsaHeader Class	concept_or_overview	0			syntax_section				matched		https://learn.microsoft.com/en-us/previous-versions/windows/embedded/cc506962(v=msdn.10)
cc506966	mslearn-uncategorized	docs/mslearn/uncategorized/cc506966.html	WsWsaRefParameters Class	concept_or_overview	0			none				unrecognised_declaration_form		https://learn.microsoft.com/en-us/previous-versions/windows/embedded/cc506966(v=msdn.10)
cc506974	mslearn-uncategorized	docs/mslearn/uncategorized/cc506974.html	WsWsaRefProperties Class	concept_or_overview	0			none				unrecognised_declaration_form		https://learn.microsoft.com/en-us/previous-versions/windows/embedded/cc506974(v=msdn.10)
cc506977	mslearn-uncategorized	docs/mslearn/uncategorized/cc506977.html	WsWsaRefParameter Class	concept_or_overview	0			none				unrecognised_declaration_form		https://learn.microsoft.com/en-us/previous-versions/windows/embedded/cc506977(v=msdn.10)
cc506978	mslearn-uncategorized	docs/mslearn/uncategorized/cc506978.html	WsWsaRefProperty Class	concept_or_overview	0			none				unrecognised_declaration_form		https://learn.microsoft.com/en-us/previous-versions/windows/embedded/cc506978(v=msdn.10)
cc506983	mslearn-uncategorized	docs/mslearn/uncategorized/cc506983.html	WsXmlAttributes Class	concept_or_overview	0			syntax_section				matched		https://learn.microsoft.com/en-us/previous-versions/windows/embedded/cc506983(v=msdn.10)
cc506987	mslearn-uncategorized	docs/mslearn/uncategorized/cc506987.html	WsXmlAttribute Class	concept_or_overview	0			none				unrecognised_declaration_form		https://learn.microsoft.com/en-us/previous-versions/windows/embedded/cc506987(v=msdn.10)
cc506990	mslearn-uncategorized	docs/mslearn/uncategorized/cc506990.html	WsServiceEndpoints Class	concept_or_overview	0			none				unrecognised_declaration_form		https://learn.microsoft.com/en-us/previous-versions/windows/embedded/cc506990(v=msdn.10)
cc506991	mslearn-uncategorized	docs/mslearn/uncategorized/cc506991.html	WsXmlDocument Class	concept_or_overview	0			syntax_section				matched		https://learn.microsoft.com/en-us/previous-versions/windows/embedded/cc506991(v=msdn.10)
cc507004	mslearn-uncategorized	docs/mslearn/uncategorized/cc507004.html	WsXmlNamespace Class	concept_or_overview	0			none				unrecognised_declaration_form		https://learn.microsoft.com/en-us/previous-versions/windows/embedded/cc507004(v=msdn.10)
cc507006	mslearn-uncategorized	docs/mslearn/uncategorized/cc507006.html	WsXmlNodeProperties Class	concept_or_overview	0			syntax_section				matched		https://learn.microsoft.com/en-us/previous-versions/windows/embedded/cc507006(v=msdn.10)
cc507008	mslearn-uncategorized	docs/mslearn/uncategorized/cc507008.html	WsXmlNodes Class	concept_or_overview	0			syntax_section				matched		https://learn.microsoft.com/en-us/previous-versions/windows/embedded/cc507008(v=msdn.10)
cc507012	mslearn-uncategorized	docs/mslearn/uncategorized/cc507012.html	WsXmlNode Class	concept_or_overview	0			none				unrecognised_declaration_form		https://learn.microsoft.com/en-us/previous-versions/windows/embedded/cc507012(v=msdn.10)
cc507026	mslearn-uncategorized	docs/mslearn/uncategorized/cc507026.html	WsXmlNamespaces Class	concept_or_overview	0			syntax_section				matched		https://learn.microsoft.com/en-us/previous-versions/windows/embedded/cc507026(v=msdn.10)
cc507030	mslearn-uncategorized	docs/mslearn/uncategorized/cc507030.html	XmlNamespace Class	concept_or_overview	0			none				unrecognised_declaration_form		https://learn.microsoft.com/en-us/previous-versions/windows/embedded/cc507030(v=msdn.10)
cc507055	mslearn-uncategorized	docs/mslearn/uncategorized/cc507055.html	XmlWriterSettings Class	concept_or_overview	0			none				unrecognised_declaration_form		https://learn.microsoft.com/en-us/previous-versions/windows/embedded/cc507055(v=msdn.10)
cc507059	mslearn-uncategorized	docs/mslearn/uncategorized/cc507059.html	XmlWriter Class	concept_or_overview	0			none				unrecognised_declaration_form		https://learn.microsoft.com/en-us/previous-versions/windows/embedded/cc507059(v=msdn.10)
cc507073	mslearn-uncategorized	docs/mslearn/uncategorized/cc507073.html	XmlNamespaces Class	concept_or_overview	0			none				unrecognised_declaration_form		https://learn.microsoft.com/en-us/previous-versions/windows/embedded/cc507073(v=msdn.10)
cc531476	mslearn-uncategorized	docs/mslearn/uncategorized/cc531476.html	Application Class	concept_or_overview	0			none				unrecognised_declaration_form		https://learn.microsoft.com/en-us/previous-versions/windows/embedded/cc531476(v=msdn.10)
cc531534	mslearn-uncategorized	docs/mslearn/uncategorized/cc531534.html	TimingServices.Completion Class	concept_or_overview	0			none				unrecognised_declaration_form		https://learn.microsoft.com/en-us/previous-versions/windows/embedded/cc531534(v=msdn.10)
cc531540	mslearn-uncategorized	docs/mslearn/uncategorized/cc531540.html	ComPortCollection Class	concept_or_overview	0			none				first_line_not_a_declaration		https://learn.microsoft.com/en-us/previous-versions/windows/embedded/cc531540(v=msdn.10)
cc531546	mslearn-uncategorized	docs/mslearn/uncategorized/cc531546.html	ComPortHandle Structure	concept_or_overview	0			none				unrecognised_declaration_form		https://learn.microsoft.com/en-us/previous-versions/windows/embedded/cc531546(v=msdn.10)
cc531553	mslearn-uncategorized	docs/mslearn/uncategorized/cc531553.html	ComPortToAsyncStream Class	concept_or_overview	0			none				unrecognised_declaration_form		https://learn.microsoft.com/en-us/previous-versions/windows/embedded/cc531553(v=msdn.10)
cc531558	mslearn-uncategorized	docs/mslearn/uncategorized/cc531558.html	ComPortToMemoryStream Class	concept_or_overview	0			none				unrecognised_declaration_form		https://learn.microsoft.com/en-us/previous-versions/windows/embedded/cc531558(v=msdn.10)
cc531564	mslearn-uncategorized	docs/mslearn/uncategorized/cc531564.html	ComPortToStream Class	concept_or_overview	0			none				unrecognised_declaration_form		https://learn.microsoft.com/en-us/previous-versions/windows/embedded/cc531564(v=msdn.10)
cc531569	mslearn-uncategorized	docs/mslearn/uncategorized/cc531569.html	ComPort Class	concept_or_overview	0			none				unrecognised_declaration_form		https://learn.microsoft.com/en-us/previous-versions/windows/embedded/cc531569(v=msdn.10)
cc531596	mslearn-uncategorized	docs/mslearn/uncategorized/cc531596.html	ConfigurationEngine Class	concept_or_overview	0			none				unrecognised_declaration_form		https://learn.microsoft.com/en-us/previous-versions/windows/embedded/cc531596(v=msdn.10)
cc531599	mslearn-uncategorized	docs/mslearn/uncategorized/cc531599.html	I2CDevice.Configuration Class	concept_or_overview	0			none				unrecognised_declaration_form		https://learn.microsoft.com/en-us/previous-versions/windows/embedded/cc531599(v=msdn.10)
cc531605	mslearn-uncategorized	docs/mslearn/uncategorized/cc531605.html	SPI.Configuration Class	concept_or_overview	0			none				unrecognised_declaration_form		https://learn.microsoft.com/en-us/previous-versions/windows/embedded/cc531605(v=msdn.10)
cc531617	mslearn-uncategorized	docs/mslearn/uncategorized/cc531617.html	SerialPort.Configuration Class	concept_or_overview	0			none				unrecognised_declaration_form		https://learn.microsoft.com/en-us/previous-versions/windows/embedded/cc531617(v=msdn.10)
cc531626	mslearn-uncategorized	docs/mslearn/uncategorized/cc531626.html	Constants Class	concept_or_overview	0			none				unrecognised_declaration_form		https://learn.microsoft.com/en-us/previous-versions/windows/embedded/cc531626(v=msdn.10)
cc531629	mslearn-uncategorized	docs/mslearn/uncategorized/cc531629.html	ConstraintException Class	concept_or_overview	0			none				unrecognised_declaration_form		https://learn.microsoft.com/en-us/previous-versions/windows/embedded/cc531629(v=msdn.10)
cc531630	mslearn-uncategorized	docs/mslearn/uncategorized/cc531630.html	ComPortToNamedPipe Class	concept_or_overview	0			none				unrecognised_declaration_form		https://learn.microsoft.com/en-us/previous-versions/windows/embedded/cc531630(v=msdn.10)
cc531676	mslearn-uncategorized	docs/mslearn/uncategorized/cc531676.html	ContentControl Class	concept_or_overview	0			none				unrecognised_declaration_form		https://learn.microsoft.com/en-us/previous-versions/windows/embedded/cc531676(v=msdn.10)
cc531684	mslearn-uncategorized	docs/mslearn/uncategorized/cc531684.html	TimingServices.Continuation Class	concept_or_overview	0			none				unrecognised_declaration_form		https://learn.microsoft.com/en-us/previous-versions/windows/embedded/cc531684(v=msdn.10)
cc531693	mslearn-uncategorized	docs/mslearn/uncategorized/cc531693.html	Control Class	concept_or_overview	0			none				unrecognised_declaration_form		https://learn.microsoft.com/en-us/previous-versions/windows/embedded/cc531693(v=msdn.10)
cc531699	mslearn-uncategorized	docs/mslearn/uncategorized/cc531699.html	Convert Class	concept_or_overview	0			none				unrecognised_declaration_form		https://learn.microsoft.com/en-us/previous-versions/windows/embedded/cc531699(v=msdn.10)
cc531741	mslearn-uncategorized	docs/mslearn/uncategorized/cc531741.html	Cpu Class	concept_or_overview	0			none				unrecognised_declaration_form		https://learn.microsoft.com/en-us/previous-versions/windows/embedded/cc531741(v=msdn.10)
cc531793	mslearn-uncategorized	docs/mslearn/uncategorized/cc531793.html	DebugTiming Class	concept_or_overview	0			syntax_section				matched		https://learn.microsoft.com/en-us/previous-versions/windows/embedded/cc531793(v=msdn.10)
cc531797	mslearn-uncategorized	docs/mslearn/uncategorized/cc531797.html	Debug Class	concept_or_overview	0			none				unrecognised_declaration_form		https://learn.microsoft.com/en-us/previous-versions/windows/embedded/cc531797(v=msdn.10)
cc531800	mslearn-uncategorized	docs/mslearn/uncategorized/cc531800.html	Debug Class	concept_or_overview	0			syntax_section				matched		https://learn.microsoft.com/en-us/previous-versions/windows/embedded/cc531800(v=msdn.10)
cc531835	mslearn-uncategorized	docs/mslearn/uncategorized/cc531835.html	Device Class	concept_or_overview	0			syntax_section				matched		https://learn.microsoft.com/en-us/previous-versions/windows/embedded/cc531835(v=msdn.10)
cc531859	mslearn-uncategorized	docs/mslearn/uncategorized/cc531859.html	DispatcherFrame Class	concept_or_overview	0			none				unrecognised_declaration_form		https://learn.microsoft.com/en-us/previous-versions/windows/embedded/cc531859(v=msdn.10)
cc531862	mslearn-uncategorized	docs/mslearn/uncategorized/cc531862.html	DispatcherObject Class	concept_or_overview	0			none				unrecognised_declaration_form		https://learn.microsoft.com/en-us/previous-versions/windows/embedded/cc531862(v=msdn.10)
cc531870	mslearn-uncategorized	docs/mslearn/uncategorized/cc531870.html	DispatcherOperation Class	concept_or_overview	0			syntax_section				matched		https://learn.microsoft.com/en-us/previous-versions/windows/embedded/cc531870(v=msdn.10)
cc531873	mslearn-uncategorized	docs/mslearn/uncategorized/cc531873.html	DispatcherTimer Class	concept_or_overview	0			none				unrecognised_declaration_form		https://learn.microsoft.com/en-us/previous-versions/windows/embedded/cc531873(v=msdn.10)
cc531880	mslearn-uncategorized	docs/mslearn/uncategorized/cc531880.html	Dispatcher Class	concept_or_overview	0			syntax_section				matched		https://learn.microsoft.com/en-us/previous-versions/windows/embedded/cc531880(v=msdn.10)
cc531927	mslearn-uncategorized	docs/mslearn/uncategorized/cc531927.html	DpwsClient Class	concept_or_overview	0			syntax_section				matched		https://learn.microsoft.com/en-us/previous-versions/windows/embedded/cc531927(v=msdn.10)
cc531932	mslearn-uncategorized	docs/mslearn/uncategorized/cc531932.html	DpwsDiscoveryClient Class	concept_or_overview	0			none				unrecognised_declaration_form		https://learn.microsoft.com/en-us/previous-versions/windows/embedded/cc531932(v=msdn.10)
cc531936	mslearn-uncategorized	docs/mslearn/uncategorized/cc531936.html	DpwsEventingClient Class	concept_or_overview	0			syntax_section				matched		https://learn.microsoft.com/en-us/previous-versions/windows/embedded/cc531936(v=msdn.10)
cc531939	mslearn-uncategorized	docs/mslearn/uncategorized/cc531939.html	DpwsHostedService Class	concept_or_overview	0			syntax_section				matched		https://learn.microsoft.com/en-us/previous-versions/windows/embedded/cc531939(v=msdn.10)
cc531943	mslearn-uncategorized	docs/mslearn/uncategorized/cc531943.html	DpwsHttpClient Class	concept_or_overview	0			syntax_section				matched		https://learn.microsoft.com/en-us/previous-versions/windows/embedded/cc531943(v=msdn.10)
cc531947	mslearn-uncategorized	docs/mslearn/uncategorized/cc531947.html	DpwsMetadata Class	concept_or_overview	0			none				unrecognised_declaration_form		https://learn.microsoft.com/en-us/previous-versions/windows/embedded/cc531947(v=msdn.10)
cc531950	mslearn-uncategorized	docs/mslearn/uncategorized/cc531950.html	DpwsMexClient Class	concept_or_overview	0			none				unrecognised_declaration_form		https://learn.microsoft.com/en-us/previous-versions/windows/embedded/cc531950(v=msdn.10)
cc531953	mslearn-uncategorized	docs/mslearn/uncategorized/cc531953.html	DpwsMexHostedServices Class	concept_or_overview	0			syntax_section				matched		https://learn.microsoft.com/en-us/previous-versions/windows/embedded/cc531953(v=msdn.10)
cc531957	mslearn-uncategorized	docs/mslearn/uncategorized/cc531957.html	DpwsMexHostedService Class	concept_or_overview	0			syntax_section				matched		https://learn.microsoft.com/en-us/previous-versions/windows/embedded/cc531957(v=msdn.10)
cc531960	mslearn-uncategorized	docs/mslearn/uncategorized/cc531960.html	DpwsMexHostService Class	concept_or_overview	0			syntax_section				matched		https://learn.microsoft.com/en-us/previous-versions/windows/embedded/cc531960(v=msdn.10)
cc531964	mslearn-uncategorized	docs/mslearn/uncategorized/cc531964.html	DpwsMexService Class	concept_or_overview	0			none				unrecognised_declaration_form		https://learn.microsoft.com/en-us/previous-versions/windows/embedded/cc531964(v=msdn.10)
cc531968	mslearn-uncategorized	docs/mslearn/uncategorized/cc531968.html	DpwsProbeMatches Class	concept_or_overview	0			syntax_section				matched		https://learn.microsoft.com/en-us/previous-versions/windows/embedded/cc531968(v=msdn.10)
cc531979	mslearn-uncategorized	docs/mslearn/uncategorized/cc531979.html	DpwsRelationship Class	concept_or_overview	0			none				unrecognised_declaration_form		https://learn.microsoft.com/en-us/previous-versions/windows/embedded/cc531979(v=msdn.10)
cc531983	mslearn-uncategorized	docs/mslearn/uncategorized/cc531983.html	DpwsResolveMatches Class	concept_or_overview	0			syntax_section				matched		https://learn.microsoft.com/en-us/previous-versions/windows/embedded/cc531983(v=msdn.10)
cc531987	mslearn-uncategorized	docs/mslearn/uncategorized/cc531987.html	DpwsResolveMatch Class	concept_or_overview	0			none				unrecognised_declaration_form		https://learn.microsoft.com/en-us/previous-versions/windows/embedded/cc531987(v=msdn.10)
cc531990	mslearn-uncategorized	docs/mslearn/uncategorized/cc531990.html	DpwsServiceDescriptions Class	concept_or_overview	0			syntax_section				matched		https://learn.microsoft.com/en-us/previous-versions/windows/embedded/cc531990(v=msdn.10)
cc531994	mslearn-uncategorized	docs/mslearn/uncategorized/cc531994.html	DpwsServiceDescription Class	concept_or_overview	0			none				unrecognised_declaration_form		https://learn.microsoft.com/en-us/previous-versions/windows/embedded/cc531994(v=msdn.10)
cc531998	mslearn-uncategorized	docs/mslearn/uncategorized/cc531998.html	DpwsServiceTypes Class	concept_or_overview	0			none				unrecognised_declaration_form		https://learn.microsoft.com/en-us/previous-versions/windows/embedded/cc531998(v=msdn.10)
cc532003	mslearn-uncategorized	docs/mslearn/uncategorized/cc532003.html	DpwsServiceType Class	concept_or_overview	0			syntax_section				matched		https://learn.microsoft.com/en-us/previous-versions/windows/embedded/cc532003(v=msdn.10)
cc532006	mslearn-uncategorized	docs/mslearn/uncategorized/cc532006.html	DpwsSoapResponse Class	concept_or_overview	0			none				unrecognised_declaration_form		https://learn.microsoft.com/en-us/previous-versions/windows/embedded/cc532006(v=msdn.10)
cc532009	mslearn-uncategorized	docs/mslearn/uncategorized/cc532009.html	DpwsSubscribeRequest Class	concept_or_overview	0			syntax_section				matched		https://learn.microsoft.com/en-us/previous-versions/windows/embedded/cc532009(v=msdn.10)
cc532013	mslearn-uncategorized	docs/mslearn/uncategorized/cc532013.html	DpwsSubscribeResponse Class	concept_or_overview	0			syntax_section				matched		https://learn.microsoft.com/en-us/previous-versions/windows/embedded/cc532013(v=msdn.10)
cc532017	mslearn-uncategorized	docs/mslearn/uncategorized/cc532017.html	DpwsThisDevice Class	concept_or_overview	0			none				unrecognised_declaration_form		https://learn.microsoft.com/en-us/previous-versions/windows/embedded/cc532017(v=msdn.10)
cc532021	mslearn-uncategorized	docs/mslearn/uncategorized/cc532021.html	DpwsThisModel Class	concept_or_overview	0			none				unrecognised_declaration_form		https://learn.microsoft.com/en-us/previous-versions/windows/embedded/cc532021(v=msdn.10)
cc532025	mslearn-uncategorized	docs/mslearn/uncategorized/cc532025.html	DpwsWseEventSources Class	concept_or_overview	0			none				unrecognised_declaration_form		https://learn.microsoft.com/en-us/previous-versions/windows/embedded/cc532025(v=msdn.10)
cc532033	mslearn-uncategorized	docs/mslearn/uncategorized/cc532033.html	DpwsWseSubscriptionMgr Class	concept_or_overview	0			syntax_section				matched		https://learn.microsoft.com/en-us/previous-versions/windows/embedded/cc532033(v=msdn.10)
cc532039	mslearn-uncategorized	docs/mslearn/uncategorized/cc532039.html	FlashSector Class	concept_or_overview	0			none				unrecognised_declaration_form		https://learn.microsoft.com/en-us/previous-versions/windows/embedded/cc532039(v=msdn.10)
cc532052	mslearn-uncategorized	docs/mslearn/uncategorized/cc532052.html	FocusChangedEventArgs Class	concept_or_overview	0			none				unrecognised_declaration_form		https://learn.microsoft.com/en-us/previous-versions/windows/embedded/cc532052(v=msdn.10)
cc532060	mslearn-uncategorized	docs/mslearn/uncategorized/cc532060.html	Font Class	concept_or_overview	0			syntax_section				matched		https://learn.microsoft.com/en-us/previous-versions/windows/embedded/cc532060(v=msdn.10)
cc532073	mslearn-uncategorized	docs/mslearn/uncategorized/cc532073.html	FormatException Class	concept_or_overview	0			none				unrecognised_declaration_form		https://learn.microsoft.com/en-us/previous-versions/windows/embedded/cc532073(v=msdn.10)
cc532249	mslearn-uncategorized	docs/mslearn/uncategorized/cc532249.html	GloballySynchronizedAttribute Class	concept_or_overview	0			none				first_line_not_a_declaration		https://learn.microsoft.com/en-us/previous-versions/windows/embedded/cc532249(v=msdn.10)
cc532253	mslearn-uncategorized	docs/mslearn/uncategorized/cc532253.html	GpioCollection Class	concept_or_overview	0			none				first_line_not_a_declaration		https://learn.microsoft.com/en-us/previous-versions/windows/embedded/cc532253(v=msdn.10)
cc532262	mslearn-uncategorized	docs/mslearn/uncategorized/cc532262.html	GpioPort Class	concept_or_overview	0			none				unrecognised_declaration_form		https://learn.microsoft.com/en-us/previous-versions/windows/embedded/cc532262(v=msdn.10)
cc532278	mslearn-uncategorized	docs/mslearn/uncategorized/cc532278.html	Guid Structure	concept_or_overview	0			none				unrecognised_declaration_form		https://learn.microsoft.com/en-us/previous-versions/windows/embedded/cc532278(v=msdn.10)
cc532286	mslearn-uncategorized	docs/mslearn/uncategorized/cc532286.html	HardwareProvider Class	concept_or_overview	0			none				unrecognised_declaration_form		https://learn.microsoft.com/en-us/previous-versions/windows/embedded/cc532286(v=msdn.10)
cc532325	mslearn-uncategorized	docs/mslearn/uncategorized/cc532325.html	InputReport Class	concept_or_overview	0			none				unrecognised_declaration_form		https://learn.microsoft.com/en-us/previous-versions/windows/embedded/cc532325(v=msdn.10)
cc532326	mslearn-uncategorized	docs/mslearn/uncategorized/cc532326.html	InputReportEventArgs Class	concept_or_overview	0			none				unrecognised_declaration_form		https://learn.microsoft.com/en-us/previous-versions/windows/embedded/cc532326(v=msdn.10)
cc532335	mslearn-uncategorized	docs/mslearn/uncategorized/cc532335.html	InterruptPort Class	concept_or_overview	0			syntax_section				matched		https://learn.microsoft.com/en-us/previous-versions/windows/embedded/cc532335(v=msdn.10)
cc532519	mslearn-uncategorized	docs/mslearn/uncategorized/cc532519.html	IWsServiceEndpoint Interface	concept_or_overview	0			syntax_section				matched		https://learn.microsoft.com/en-us/previous-versions/windows/embedded/cc532519(v=msdn.10)
cc532538	mslearn-uncategorized	docs/mslearn/uncategorized/cc532538.html	KeyPair Class	concept_or_overview	0			none				unrecognised_declaration_form		https://learn.microsoft.com/en-us/previous-versions/windows/embedded/cc532538(v=msdn.10)
cc532542	mslearn-uncategorized	docs/mslearn/uncategorized/cc532542.html	Key Class	concept_or_overview	0			none				first_line_not_a_declaration		https://learn.microsoft.com/en-us/previous-versions/windows/embedded/cc532542(v=msdn.10)
cc532581	mslearn-uncategorized	docs/mslearn/uncategorized/cc532581.html	LcdDisplay Class	concept_or_overview	0			none				unrecognised_declaration_form		https://learn.microsoft.com/en-us/previous-versions/windows/embedded/cc532581(v=msdn.10)
cc532604	mslearn-uncategorized	docs/mslearn/uncategorized/cc532604.html	Line Class	concept_or_overview	0			none				unrecognised_declaration_form		https://learn.microsoft.com/en-us/previous-versions/windows/embedded/cc532604(v=msdn.10)
cc532608	mslearn-uncategorized	docs/mslearn/uncategorized/cc532608.html	ListBoxItemCollection Class	concept_or_overview	0			none				first_line_not_a_declaration		https://learn.microsoft.com/en-us/previous-versions/windows/embedded/cc532608(v=msdn.10)
cc532612	mslearn-uncategorized	docs/mslearn/uncategorized/cc532612.html	ListBoxItem Class	concept_or_overview	0			none				unrecognised_declaration_form		https://learn.microsoft.com/en-us/previous-versions/windows/embedded/cc532612(v=msdn.10)
cc532615	mslearn-uncategorized	docs/mslearn/uncategorized/cc532615.html	ListBox Class	concept_or_overview	0			none				unrecognised_declaration_form		https://learn.microsoft.com/en-us/previous-versions/windows/embedded/cc532615(v=msdn.10)
cc532627	mslearn-uncategorized	docs/mslearn/uncategorized/cc532627.html	LinearGradientBrush Class	concept_or_overview	0			none				unrecognised_declaration_form		https://learn.microsoft.com/en-us/previous-versions/windows/embedded/cc532627(v=msdn.10)
cc532638	mslearn-uncategorized	docs/mslearn/uncategorized/cc532638.html	Logging Class	concept_or_overview	0			syntax_section				matched		https://learn.microsoft.com/en-us/previous-versions/windows/embedded/cc532638(v=msdn.10)
cc532662	mslearn-uncategorized	docs/mslearn/uncategorized/cc532662.html	Math Class	concept_or_overview	0			none				unrecognised_declaration_form		https://learn.microsoft.com/en-us/previous-versions/windows/embedded/cc532662(v=msdn.10)
cc532721	mslearn-uncategorized	docs/mslearn/uncategorized/cc532721.html	MemoryManagerBase Class	concept_or_overview	0			none				unrecognised_declaration_form		https://learn.microsoft.com/en-us/previous-versions/windows/embedded/cc532721(v=msdn.10)
cc532728	mslearn-uncategorized	docs/mslearn/uncategorized/cc532728.html	MemoryManager Class	concept_or_overview	0			none				unrecognised_declaration_form		https://learn.microsoft.com/en-us/previous-versions/windows/embedded/cc532728(v=msdn.10)
cc532776	mslearn-uncategorized	docs/mslearn/uncategorized/cc532776.html	MFApplicationDeploymentData Class	concept_or_overview	0			none				unrecognised_declaration_form		https://learn.microsoft.com/en-us/previous-versions/windows/embedded/cc532776(v=msdn.10)
cc532784	mslearn-uncategorized	docs/mslearn/uncategorized/cc532784.html	MFApplicationDeployment Class	concept_or_overview	0			none				unrecognised_declaration_form		https://learn.microsoft.com/en-us/previous-versions/windows/embedded/cc532784(v=msdn.10)
cc532787	mslearn-uncategorized	docs/mslearn/uncategorized/cc532787.html	MFConfigHelper Class	concept_or_overview	0			none				unrecognised_declaration_form		https://learn.microsoft.com/en-us/previous-versions/windows/embedded/cc532787(v=msdn.10)
cc532791	mslearn-uncategorized	docs/mslearn/uncategorized/cc532791.html	MFDeploy Class	concept_or_overview	0			none				unrecognised_declaration_form		https://learn.microsoft.com/en-us/previous-versions/windows/embedded/cc532791(v=msdn.10)
cc532797	mslearn-uncategorized	docs/mslearn/uncategorized/cc532797.html	MFDeviceInUseException Class	concept_or_overview	0			none				unrecognised_declaration_form		https://learn.microsoft.com/en-us/previous-versions/windows/embedded/cc532797(v=msdn.10)
cc532799	mslearn-uncategorized	docs/mslearn/uncategorized/cc532799.html	MFDeviceNoResponseException Class	concept_or_overview	0			none				unrecognised_declaration_form		https://learn.microsoft.com/en-us/previous-versions/windows/embedded/cc532799(v=msdn.10)
cc532802	mslearn-uncategorized	docs/mslearn/uncategorized/cc532802.html	MFDeviceUnknownDeviceException Class	concept_or_overview	0			none				unrecognised_declaration_form		https://learn.microsoft.com/en-us/previous-versions/windows/embedded/cc532802(v=msdn.10)
cc532804	mslearn-uncategorized	docs/mslearn/uncategorized/cc532804.html	MFDevice Class	concept_or_overview	0			none				unrecognised_declaration_form		https://learn.microsoft.com/en-us/previous-versions/windows/embedded/cc532804(v=msdn.10)
cc532810	mslearn-uncategorized	docs/mslearn/uncategorized/cc532810.html	MFInvalidFileFormatException Class	concept_or_overview	0			none				unrecognised_declaration_form		https://learn.microsoft.com/en-us/previous-versions/windows/embedded/cc532810(v=msdn.10)
cc532813	mslearn-uncategorized	docs/mslearn/uncategorized/cc532813.html	MFKeyConfig Class	concept_or_overview	0			none				unrecognised_declaration_form		https://learn.microsoft.com/en-us/previous-versions/windows/embedded/cc532813(v=msdn.10)
cc532816	mslearn-uncategorized	docs/mslearn/uncategorized/cc532816.html	MFNetworkConfiguration Class	concept_or_overview	0			none				unrecognised_declaration_form		https://learn.microsoft.com/en-us/previous-versions/windows/embedded/cc532816(v=msdn.10)
cc532848	mslearn-uncategorized	docs/mslearn/uncategorized/cc532848.html	OutputPort Class	concept_or_overview	0			none				unrecognised_declaration_form		https://learn.microsoft.com/en-us/previous-versions/windows/embedded/cc532848(v=msdn.10)
cc532856	mslearn-uncategorized	docs/mslearn/uncategorized/cc532856.html	Panel Class	concept_or_overview	0			none				unrecognised_declaration_form		https://learn.microsoft.com/en-us/previous-versions/windows/embedded/cc532856(v=msdn.10)
cc532877	mslearn-uncategorized	docs/mslearn/uncategorized/cc532877.html	Pen Class	concept_or_overview	0			none				unrecognised_declaration_form		https://learn.microsoft.com/en-us/previous-versions/windows/embedded/cc532877(v=msdn.10)
cc532891	mslearn-uncategorized	docs/mslearn/uncategorized/cc532891.html	Polygon Class	concept_or_overview	0			none				unrecognised_declaration_form		https://learn.microsoft.com/en-us/previous-versions/windows/embedded/cc532891(v=msdn.10)
cc532903	mslearn-uncategorized	docs/mslearn/uncategorized/cc532903.html	Port Class	concept_or_overview	0			syntax_section				matched		https://learn.microsoft.com/en-us/previous-versions/windows/embedded/cc532903(v=msdn.10)
cc532933	mslearn-uncategorized	docs/mslearn/uncategorized/cc532933.html	PreProcessInputEventArgs Class	concept_or_overview	0			none				unrecognised_declaration_form		https://learn.microsoft.com/en-us/previous-versions/windows/embedded/cc532933(v=msdn.10)
cc532939	mslearn-uncategorized	docs/mslearn/uncategorized/cc532939.html	PresentationSource Class	concept_or_overview	0			none				unrecognised_declaration_form		https://learn.microsoft.com/en-us/previous-versions/windows/embedded/cc532939(v=msdn.10)
cc532963	mslearn-uncategorized	docs/mslearn/uncategorized/cc532963.html	ProcessInputEventArgs Class	concept_or_overview	0			none				unrecognised_declaration_form		https://learn.microsoft.com/en-us/previous-versions/windows/embedded/cc532963(v=msdn.10)
cc532973	mslearn-uncategorized	docs/mslearn/uncategorized/cc532973.html	PropertyChangedEventArgs Class	concept_or_overview	0			none				unrecognised_declaration_form		https://learn.microsoft.com/en-us/previous-versions/windows/embedded/cc532973(v=msdn.10)
cc533025	mslearn-uncategorized	docs/mslearn/uncategorized/cc533025.html	PublicKeyUpdateInfo Structure	concept_or_overview	0			none				unrecognised_declaration_form		https://learn.microsoft.com/en-us/previous-versions/windows/embedded/cc533025(v=msdn.10)
cc533033	mslearn-uncategorized	docs/mslearn/uncategorized/cc533033.html	PublishInApplicationDirectoryAttribute Class	concept_or_overview	0			none				unrecognised_declaration_form		https://learn.microsoft.com/en-us/previous-versions/windows/embedded/cc533033(v=msdn.10)
cc533052	mslearn-uncategorized	docs/mslearn/uncategorized/cc533052.html	RamManager Class	concept_or_overview	0			none				unrecognised_declaration_form		https://learn.microsoft.com/en-us/previous-versions/windows/embedded/cc533052(v=msdn.10)
cc533057	mslearn-uncategorized	docs/mslearn/uncategorized/cc533057.html	Random Class	concept_or_overview	0			none				unrecognised_declaration_form		https://learn.microsoft.com/en-us/previous-versions/windows/embedded/cc533057(v=msdn.10)
cc533062	mslearn-uncategorized	docs/mslearn/uncategorized/cc533062.html	RawButtonInputReport Class	concept_or_overview	0			none				unrecognised_declaration_form		https://learn.microsoft.com/en-us/previous-versions/windows/embedded/cc533062(v=msdn.10)
cc533129	mslearn-uncategorized	docs/mslearn/uncategorized/cc533129.html	TristatePort Class	concept_or_overview	0			syntax_section				matched		https://learn.microsoft.com/en-us/previous-versions/windows/embedded/cc533129(v=msdn.10)
cc533145	mslearn-uncategorized	docs/mslearn/uncategorized/cc533145.html	UdpClient Class	concept_or_overview	0			none				unrecognised_declaration_form		https://learn.microsoft.com/en-us/previous-versions/windows/embedded/cc533145(v=msdn.10)
cc533150	mslearn-uncategorized	docs/mslearn/uncategorized/cc533150.html	UIElementCollection Class	concept_or_overview	0			none				first_line_not_a_declaration		https://learn.microsoft.com/en-us/previous-versions/windows/embedded/cc533150(v=msdn.10)
cc533154	mslearn-uncategorized	docs/mslearn/uncategorized/cc533154.html	UIElement Class	concept_or_overview	0			none				unrecognised_declaration_form		https://learn.microsoft.com/en-us/previous-versions/windows/embedded/cc533154(v=msdn.10)
cc533198	mslearn-uncategorized	docs/mslearn/uncategorized/cc533198.html	UnknownTypeException Class	concept_or_overview	0			none				unrecognised_declaration_form		https://learn.microsoft.com/en-us/previous-versions/windows/embedded/cc533198(v=msdn.10)
cc533201	mslearn-uncategorized	docs/mslearn/uncategorized/cc533201.html	Uri Class	concept_or_overview	0			none				unrecognised_declaration_form		https://learn.microsoft.com/en-us/previous-versions/windows/embedded/cc533201(v=msdn.10)
cc533206	mslearn-uncategorized	docs/mslearn/uncategorized/cc533206.html	UriFormatException Class	concept_or_overview	0			none				unrecognised_declaration_form		https://learn.microsoft.com/en-us/previous-versions/windows/embedded/cc533206(v=msdn.10)
cc533215	mslearn-uncategorized	docs/mslearn/uncategorized/cc533215.html	Utility Class	concept_or_overview	0			syntax_section				matched		https://learn.microsoft.com/en-us/previous-versions/windows/embedded/cc533215(v=msdn.10)
cc533276	mslearn-uncategorized	docs/mslearn/uncategorized/cc533276.html	WeakDelegate Class	concept_or_overview	0			syntax_section				matched		https://learn.microsoft.com/en-us/previous-versions/windows/embedded/cc533276(v=msdn.10)
cc533292	mslearn-uncategorized	docs/mslearn/uncategorized/cc533292.html	WindowCollection Class	concept_or_overview	0			none				first_line_not_a_declaration		https://learn.microsoft.com/en-us/previous-versions/windows/embedded/cc533292(v=msdn.10)
cc533411	mslearn-uncategorized	docs/mslearn/uncategorized/cc533411.html	WindowManager Class	concept_or_overview	0			none				unrecognised_declaration_form		https://learn.microsoft.com/en-us/previous-versions/windows/embedded/cc533411(v=msdn.10)
cc533415	mslearn-uncategorized	docs/mslearn/uncategorized/cc533415.html	Window Class	concept_or_overview	0			none				unrecognised_declaration_form		https://learn.microsoft.com/en-us/previous-versions/windows/embedded/cc533415(v=msdn.10)
cc543925	mslearn-uncategorized	docs/mslearn/uncategorized/cc543925.html	Colors Class	concept_or_overview	0			none				unrecognised_declaration_form		https://learn.microsoft.com/en-us/previous-versions/windows/embedded/cc543925(v=msdn.10)
cc543928	mslearn-uncategorized	docs/mslearn/uncategorized/cc543928.html	ColorUtility Class	concept_or_overview	0			none				unrecognised_declaration_form		https://learn.microsoft.com/en-us/previous-versions/windows/embedded/cc543928(v=msdn.10)
cc544560	mslearn-uncategorized	docs/mslearn/uncategorized/cc544560.html	MFPortDefinition Class	concept_or_overview	0			none				unrecognised_declaration_form		https://learn.microsoft.com/en-us/previous-versions/windows/embedded/cc544560(v=msdn.10)
cc544563	mslearn-uncategorized	docs/mslearn/uncategorized/cc544563.html	MFSerialPort Class	concept_or_overview	0			none				unrecognised_declaration_form		https://learn.microsoft.com/en-us/previous-versions/windows/embedded/cc544563(v=msdn.10)
cc544565	mslearn-uncategorized	docs/mslearn/uncategorized/cc544565.html	MFSignatureFailureException Class	concept_or_overview	0			none				unrecognised_declaration_form		https://learn.microsoft.com/en-us/previous-versions/windows/embedded/cc544565(v=msdn.10)
cc544568	mslearn-uncategorized	docs/mslearn/uncategorized/cc544568.html	MFTcpIpPort Class	concept_or_overview	0			none				unrecognised_declaration_form		https://learn.microsoft.com/en-us/previous-versions/windows/embedded/cc544568(v=msdn.10)
cc544571	mslearn-uncategorized	docs/mslearn/uncategorized/cc544571.html	MFUsbConfiguration Class	concept_or_overview	0			none				unrecognised_declaration_form		https://learn.microsoft.com/en-us/previous-versions/windows/embedded/cc544571(v=msdn.10)
cc544575	mslearn-uncategorized	docs/mslearn/uncategorized/cc544575.html	MFUsbPort Class	concept_or_overview	0			none				unrecognised_declaration_form		https://learn.microsoft.com/en-us/previous-versions/windows/embedded/cc544575(v=msdn.10)
cc544579	mslearn-uncategorized	docs/mslearn/uncategorized/cc544579.html	MFUserExitException Class	concept_or_overview	0			none				unrecognised_declaration_form		https://learn.microsoft.com/en-us/previous-versions/windows/embedded/cc544579(v=msdn.10)
cc544672	mslearn-uncategorized	docs/mslearn/uncategorized/cc544672.html	MulticastOption Class	concept_or_overview	0			none				unrecognised_declaration_form		https://learn.microsoft.com/en-us/previous-versions/windows/embedded/cc544672(v=msdn.10)
cc544719	mslearn-uncategorized	docs/mslearn/uncategorized/cc544719.html	NetworkInterface Class	concept_or_overview	0			syntax_section				matched		https://learn.microsoft.com/en-us/previous-versions/windows/embedded/cc544719(v=msdn.10)
cc544723	mslearn-uncategorized	docs/mslearn/uncategorized/cc544723.html	NetworkStream Class	concept_or_overview	0			none				unrecognised_declaration_form		https://learn.microsoft.com/en-us/previous-versions/windows/embedded/cc544723(v=msdn.10)
cc544752	mslearn-uncategorized	docs/mslearn/uncategorized/cc544752.html	NotifyInputEventArgs Class	concept_or_overview	0			none				unrecognised_declaration_form		https://learn.microsoft.com/en-us/previous-versions/windows/embedded/cc544752(v=msdn.10)
cc544778	mslearn-uncategorized	docs/mslearn/uncategorized/cc544778.html	ObjectDisposedException Class	concept_or_overview	0			none				unrecognised_declaration_form		https://learn.microsoft.com/en-us/previous-versions/windows/embedded/cc544778(v=msdn.10)
cc544878	mslearn-uncategorized	docs/mslearn/uncategorized/cc544878.html	Rectangle Class	concept_or_overview	0			none				unrecognised_declaration_form		https://learn.microsoft.com/en-us/previous-versions/windows/embedded/cc544878(v=msdn.10)
cc544885	mslearn-uncategorized	docs/mslearn/uncategorized/cc544885.html	Reflection Class	concept_or_overview	0			none				unrecognised_declaration_form		https://learn.microsoft.com/en-us/previous-versions/windows/embedded/cc544885(v=msdn.10)
cc544992	mslearn-uncategorized	docs/mslearn/uncategorized/cc544992.html	ResourceUtility Class	concept_or_overview	0			none				unrecognised_declaration_form		https://learn.microsoft.com/en-us/previous-versions/windows/embedded/cc544992(v=msdn.10)
cc545004	mslearn-uncategorized	docs/mslearn/uncategorized/cc545004.html	RoutedEventArgs Class	concept_or_overview	0			syntax_section				matched		https://learn.microsoft.com/en-us/previous-versions/windows/embedded/cc545004(v=msdn.10)
cc545008	mslearn-uncategorized	docs/mslearn/uncategorized/cc545008.html	RoutedEventHandlerInfo Class	concept_or_overview	0			syntax_section				matched		https://learn.microsoft.com/en-us/previous-versions/windows/embedded/cc545008(v=msdn.10)
cc545011	mslearn-uncategorized	docs/mslearn/uncategorized/cc545011.html	RoutedEvent Class	concept_or_overview	0			syntax_section				matched		https://learn.microsoft.com/en-us/previous-versions/windows/embedded/cc545011(v=msdn.10)
cc545020	mslearn-uncategorized	docs/mslearn/uncategorized/cc545020.html	RpcServer Class	concept_or_overview	0			syntax_section				matched		https://learn.microsoft.com/en-us/previous-versions/windows/embedded/cc545020(v=msdn.10)
cc545023	mslearn-uncategorized	docs/mslearn/uncategorized/cc545023.html	Key_RSA Class	concept_or_overview	0			none				first_line_not_a_declaration		https://learn.microsoft.com/en-us/previous-versions/windows/embedded/cc545023(v=msdn.10)
cc545037	mslearn-uncategorized	docs/mslearn/uncategorized/cc545037.html	RpcClient Class	concept_or_overview	0			syntax_section				matched		https://learn.microsoft.com/en-us/previous-versions/windows/embedded/cc545037(v=msdn.10)
cc545046	mslearn-uncategorized	docs/mslearn/uncategorized/cc545046.html	ScreenMetrics Class	concept_or_overview	0			syntax_section				matched		https://learn.microsoft.com/en-us/previous-versions/windows/embedded/cc545046(v=msdn.10)
cc545051	mslearn-uncategorized	docs/mslearn/uncategorized/cc545051.html	ScrollChangedEventArgs Class	concept_or_overview	0			none				unrecognised_declaration_form		https://learn.microsoft.com/en-us/previous-versions/windows/embedded/cc545051(v=msdn.10)
cc545062	mslearn-uncategorized	docs/mslearn/uncategorized/cc545062.html	ScrollViewer Class	concept_or_overview	0			none				unrecognised_declaration_form		https://learn.microsoft.com/en-us/previous-versions/windows/embedded/cc545062(v=msdn.10)
cc561213	mslearn-uncategorized	docs/mslearn/uncategorized/cc561213.html	Reflection.AssemblyInfo Class	concept_or_overview	0			none				first_line_not_a_declaration		https://learn.microsoft.com/en-us/previous-versions/windows/embedded/cc561213(v=msdn.10)
cc561299	mslearn-uncategorized	docs/mslearn/uncategorized/cc561299.html	Bitmap Class	concept_or_overview	0			syntax_section				matched		https://learn.microsoft.com/en-us/previous-versions/windows/embedded/cc561299(v=msdn.10)
cc561313	mslearn-uncategorized	docs/mslearn/uncategorized/cc561313.html	Battery Class	concept_or_overview	0			syntax_section				matched		https://learn.microsoft.com/en-us/previous-versions/windows/embedded/cc561313(v=msdn.10)
cc561325	mslearn-uncategorized	docs/mslearn/uncategorized/cc561325.html	Border Class	concept_or_overview	0			none				unrecognised_declaration_form		https://learn.microsoft.com/en-us/previous-versions/windows/embedded/cc561325(v=msdn.10)
cc561331	mslearn-uncategorized	docs/mslearn/uncategorized/cc561331.html	Brush Class	concept_or_overview	0			none				unrecognised_declaration_form		https://learn.microsoft.com/en-us/previous-versions/windows/embedded/cc561331(v=msdn.10)
cc561720	mslearn-uncategorized	docs/mslearn/uncategorized/cc561720.html	DpwsProbeMatch Class	concept_or_overview	0			syntax_section				matched		https://learn.microsoft.com/en-us/previous-versions/windows/embedded/cc561720(v=msdn.10)
cc561723	mslearn-uncategorized	docs/mslearn/uncategorized/cc561723.html	DpwsWseEventSource Class	concept_or_overview	0			syntax_section				matched		https://learn.microsoft.com/en-us/previous-versions/windows/embedded/cc561723(v=msdn.10)
cc561727	mslearn-uncategorized	docs/mslearn/uncategorized/cc561727.html	DrawingContext Class	concept_or_overview	0			none				unrecognised_declaration_form		https://learn.microsoft.com/en-us/previous-versions/windows/embedded/cc561727(v=msdn.10)
cc561769	mslearn-uncategorized	docs/mslearn/uncategorized/cc561769.html	ElementInfo Class	concept_or_overview	0			none				unrecognised_declaration_form		https://learn.microsoft.com/en-us/previous-versions/windows/embedded/cc561769(v=msdn.10)
cc561773	mslearn-uncategorized	docs/mslearn/uncategorized/cc561773.html	ElementStack Class	concept_or_overview	0			none				unrecognised_declaration_form		https://learn.microsoft.com/en-us/previous-versions/windows/embedded/cc561773(v=msdn.10)
cc561778	mslearn-uncategorized	docs/mslearn/uncategorized/cc561778.html	Ellipse Class	concept_or_overview	0			none				unrecognised_declaration_form		https://learn.microsoft.com/en-us/previous-versions/windows/embedded/cc561778(v=msdn.10)
cc561783	mslearn-uncategorized	docs/mslearn/uncategorized/cc561783.html	EmulatorComponentCollection Class	concept_or_overview	0			none				unrecognised_declaration_form		https://learn.microsoft.com/en-us/previous-versions/windows/embedded/cc561783(v=msdn.10)
cc561789	mslearn-uncategorized	docs/mslearn/uncategorized/cc561789.html	EmulatorComponent Class	concept_or_overview	0			none				unrecognised_declaration_form		https://learn.microsoft.com/en-us/previous-versions/windows/embedded/cc561789(v=msdn.10)
cc561795	mslearn-uncategorized	docs/mslearn/uncategorized/cc561795.html	Emulator Class	concept_or_overview	0			none				unrecognised_declaration_form		https://learn.microsoft.com/en-us/previous-versions/windows/embedded/cc561795(v=msdn.10)
cc561838	mslearn-uncategorized	docs/mslearn/uncategorized/cc561838.html	UIElementCollection.Enumerator Structure	concept_or_overview	0			none				unrecognised_declaration_form		https://learn.microsoft.com/en-us/previous-versions/windows/embedded/cc561838(v=msdn.10)
cc561880	mslearn-uncategorized	docs/mslearn/uncategorized/cc561880.html	EventArgs Class	concept_or_overview	0			syntax_section				matched		https://learn.microsoft.com/en-us/previous-versions/windows/embedded/cc561880(v=msdn.10)
cc561883	mslearn-uncategorized	docs/mslearn/uncategorized/cc561883.html	EventHandlersStore Class	concept_or_overview	0			none				first_line_not_a_declaration		https://learn.microsoft.com/en-us/previous-versions/windows/embedded/cc561883(v=msdn.10)
cc561890	mslearn-uncategorized	docs/mslearn/uncategorized/cc561890.html	EventRoute Class	concept_or_overview	0			syntax_section				matched		https://learn.microsoft.com/en-us/previous-versions/windows/embedded/cc561890(v=msdn.10)
cc561905	mslearn-uncategorized	docs/mslearn/uncategorized/cc561905.html	ExecutionConstraint Class	concept_or_overview	0			syntax_section				matched		https://learn.microsoft.com/en-us/previous-versions/windows/embedded/cc561905(v=msdn.10)
cc561914	mslearn-uncategorized	docs/mslearn/uncategorized/cc561914.html	ExtendedTimer Class	concept_or_overview	0			none				unrecognised_declaration_form		https://learn.microsoft.com/en-us/previous-versions/windows/embedded/cc561914(v=msdn.10)
cc561918	mslearn-uncategorized	docs/mslearn/uncategorized/cc561918.html	ExtendedTimeZone Class	concept_or_overview	0			none				unrecognised_declaration_form		https://learn.microsoft.com/en-us/previous-versions/windows/embedded/cc561918(v=msdn.10)
cc561926	mslearn-uncategorized	docs/mslearn/uncategorized/cc561926.html	ExtendedWeakReference Class	concept_or_overview	0			none				unrecognised_declaration_form		https://learn.microsoft.com/en-us/previous-versions/windows/embedded/cc561926(v=msdn.10)
cc561948	mslearn-uncategorized	docs/mslearn/uncategorized/cc561948.html	FieldNoReflectionAttribute Class	concept_or_overview	0			none				first_line_not_a_declaration		https://learn.microsoft.com/en-us/previous-versions/windows/embedded/cc561948(v=msdn.10)
cc561967	mslearn-uncategorized	docs/mslearn/uncategorized/cc561967.html	FlashManager Class	concept_or_overview	0			none				unrecognised_declaration_form		https://learn.microsoft.com/en-us/previous-versions/windows/embedded/cc561967(v=msdn.10)
dd159678	mslearn-uncategorized	docs/mslearn/uncategorized/dd159678.html	EndPoint Class	concept_or_overview	0			syntax_section				matched		https://learn.microsoft.com/en-us/previous-versions/windows/embedded/dd159678(v=msdn.10)
dd159681	mslearn-uncategorized	docs/mslearn/uncategorized/dd159681.html	EnumMemberAttribute Class	concept_or_overview	0			none				unrecognised_declaration_form		https://learn.microsoft.com/en-us/previous-versions/windows/embedded/dd159681(v=msdn.10)
dd159715	mslearn-uncategorized	docs/mslearn/uncategorized/dd159715.html	CLRCapabilities.HalSystemInfoProperties Structure	concept_or_overview	0			none				unrecognised_declaration_form		https://learn.microsoft.com/en-us/previous-versions/windows/embedded/dd159715(v=msdn.10)
dd169300	mslearn-uncategorized	docs/mslearn/uncategorized/dd169300.html	Battery.ChargerModel Class	concept_or_overview	0			none				unrecognised_declaration_form		https://learn.microsoft.com/en-us/previous-versions/windows/embedded/dd169300(v=msdn.10)
dd169339	mslearn-uncategorized	docs/mslearn/uncategorized/dd169339.html	CLRCapabilities Class	concept_or_overview	0			none				unrecognised_declaration_form		https://learn.microsoft.com/en-us/previous-versions/windows/embedded/dd169339(v=msdn.10)
dd169342	mslearn-uncategorized	docs/mslearn/uncategorized/dd169342.html	CLRCapabilities.ClrInfoProperties Structure	concept_or_overview	0			none				unrecognised_declaration_form		https://learn.microsoft.com/en-us/previous-versions/windows/embedded/dd169342(v=msdn.10)
dd169600	mslearn-uncategorized	docs/mslearn/uncategorized/dd169600.html	DataContractAttribute Class	concept_or_overview	0			none				unrecognised_declaration_form		https://learn.microsoft.com/en-us/previous-versions/windows/embedded/dd169600(v=msdn.10)
dd169603	mslearn-uncategorized	docs/mslearn/uncategorized/dd169603.html	DataContractSerializer Class	concept_or_overview	0			none				unrecognised_declaration_form		https://learn.microsoft.com/en-us/previous-versions/windows/embedded/dd169603(v=msdn.10)
dd169607	mslearn-uncategorized	docs/mslearn/uncategorized/dd169607.html	DataMemberAttribute Class	concept_or_overview	0			none				unrecognised_declaration_form		https://learn.microsoft.com/en-us/previous-versions/windows/embedded/dd169607(v=msdn.10)
dd169676	mslearn-uncategorized	docs/mslearn/uncategorized/dd169676.html	DpwsEventSubscription Class	concept_or_overview	0			none				unrecognised_declaration_form		https://learn.microsoft.com/en-us/previous-versions/windows/embedded/dd169676(v=msdn.10)
dd169680	mslearn-uncategorized	docs/mslearn/uncategorized/dd169680.html	DpwsMexServices Class	concept_or_overview	0			none				unrecognised_declaration_form		https://learn.microsoft.com/en-us/previous-versions/windows/embedded/dd169680(v=msdn.10)
dd169688	mslearn-uncategorized	docs/mslearn/uncategorized/dd169688.html	DrawingAttributes Class	concept_or_overview	0			none				unrecognised_declaration_form		https://learn.microsoft.com/en-us/previous-versions/windows/embedded/dd169688(v=msdn.10)
dd169691	mslearn-uncategorized	docs/mslearn/uncategorized/dd169691.html	EditorBrowsableAttribute Class	concept_or_overview	0			none				first_line_not_a_declaration		https://learn.microsoft.com/en-us/previous-versions/windows/embedded/dd169691(v=msdn.10)
dd169797	mslearn-uncategorized	docs/mslearn/uncategorized/dd169797.html	CLRCapabilities.EvaluationVersionProperties Structure	concept_or_overview	0			none				unrecognised_declaration_form		https://learn.microsoft.com/en-us/previous-versions/windows/embedded/dd169797(v=msdn.10)
dd169809	mslearn-uncategorized	docs/mslearn/uncategorized/dd169809.html	EventSink Class	concept_or_overview	0			none				unrecognised_declaration_form		https://learn.microsoft.com/en-us/previous-versions/windows/embedded/dd169809(v=msdn.10)
dd169873	mslearn-uncategorized	docs/mslearn/uncategorized/dd169873.html	GenericDevice Class	concept_or_overview	0			none				unrecognised_declaration_form		https://learn.microsoft.com/en-us/previous-versions/windows/embedded/dd169873(v=msdn.10)
dd169878	mslearn-uncategorized	docs/mslearn/uncategorized/dd169878.html	GenericEventArgs Class	concept_or_overview	0			none				unrecognised_declaration_form		https://learn.microsoft.com/en-us/previous-versions/windows/embedded/dd169878(v=msdn.10)
dd169884	mslearn-uncategorized	docs/mslearn/uncategorized/dd169884.html	GenericEvents Class	concept_or_overview	0			none				unrecognised_declaration_form		https://learn.microsoft.com/en-us/previous-versions/windows/embedded/dd169884(v=msdn.10)
dd169889	mslearn-uncategorized	docs/mslearn/uncategorized/dd169889.html	GenericEvent Class	concept_or_overview	0			none				unrecognised_declaration_form		https://learn.microsoft.com/en-us/previous-versions/windows/embedded/dd169889(v=msdn.10)
dd169895	mslearn-uncategorized	docs/mslearn/uncategorized/dd169895.html	Gesture Class	concept_or_overview	0			none				unrecognised_declaration_form		https://learn.microsoft.com/en-us/previous-versions/windows/embedded/dd169895(v=msdn.10)
dd170058	mslearn-uncategorized	docs/mslearn/uncategorized/dd170058.html	IEventListener Interface	concept_or_overview	0			none				unrecognised_declaration_form		https://learn.microsoft.com/en-us/previous-versions/windows/embedded/dd170058(v=msdn.10)
dd170061	mslearn-uncategorized	docs/mslearn/uncategorized/dd170061.html	IEventProcessor Interface	concept_or_overview	0			none				unrecognised_declaration_form		https://learn.microsoft.com/en-us/previous-versions/windows/embedded/dd170061(v=msdn.10)
dd170090	mslearn-uncategorized	docs/mslearn/uncategorized/dd170090.html	Point Structure	concept_or_overview	0			none				unrecognised_declaration_form		https://learn.microsoft.com/en-us/previous-versions/windows/embedded/dd170090(v=msdn.10)
dd170139	mslearn-uncategorized	docs/mslearn/uncategorized/dd170139.html	RawGenericInputReport Class	concept_or_overview	0			none				unrecognised_declaration_form		https://learn.microsoft.com/en-us/previous-versions/windows/embedded/dd170139(v=msdn.10)
dd170144	mslearn-uncategorized	docs/mslearn/uncategorized/dd170144.html	RawStylusInputReport Class	concept_or_overview	0			none				unrecognised_declaration_form		https://learn.microsoft.com/en-us/previous-versions/windows/embedded/dd170144(v=msdn.10)
dd170180	mslearn-uncategorized	docs/mslearn/uncategorized/dd170180.html	Message.RemotedException Class	concept_or_overview	0			syntax_section				matched		https://learn.microsoft.com/en-us/previous-versions/windows/embedded/dd170180(v=msdn.10)
dd170185	mslearn-uncategorized	docs/mslearn/uncategorized/dd170185.html	RemovableMedia Class	concept_or_overview	0			none				unrecognised_declaration_form		https://learn.microsoft.com/en-us/previous-versions/windows/embedded/dd170185(v=msdn.10)
dd170242	mslearn-uncategorized	docs/mslearn/uncategorized/dd170242.html	SerialDataReceivedEventArgs Class	concept_or_overview	0			syntax_section				matched		https://learn.microsoft.com/en-us/previous-versions/windows/embedded/dd170242(v=msdn.10)
dd170248	mslearn-uncategorized	docs/mslearn/uncategorized/dd170248.html	SerialErrorReceivedEventArgs Class	concept_or_overview	0			syntax_section				matched		https://learn.microsoft.com/en-us/previous-versions/windows/embedded/dd170248(v=msdn.10)
dd170258	mslearn-uncategorized	docs/mslearn/uncategorized/dd170258.html	SerialPort Class	concept_or_overview	0			syntax_section				matched		https://learn.microsoft.com/en-us/previous-versions/windows/embedded/dd170258(v=msdn.10)
dd170263	mslearn-uncategorized	docs/mslearn/uncategorized/dd170263.html	Serial Class	concept_or_overview	0			syntax_section				matched		https://learn.microsoft.com/en-us/previous-versions/windows/embedded/dd170263(v=msdn.10)
dd170267	mslearn-uncategorized	docs/mslearn/uncategorized/dd170267.html	ServiceContractAttribute Class	concept_or_overview	0			none				unrecognised_declaration_form		https://learn.microsoft.com/en-us/previous-versions/windows/embedded/dd170267(v=msdn.10)
dd170289	mslearn-uncategorized	docs/mslearn/uncategorized/dd170289.html	SoapMessageBuilder Class	concept_or_overview	0			none				unrecognised_declaration_form		https://learn.microsoft.com/en-us/previous-versions/windows/embedded/dd170289(v=msdn.10)
dd170294	mslearn-uncategorized	docs/mslearn/uncategorized/dd170294.html	SocketNative Class	concept_or_overview	0			none				unrecognised_declaration_form		https://learn.microsoft.com/en-us/previous-versions/windows/embedded/dd170294(v=msdn.10)
dd170300	mslearn-uncategorized	docs/mslearn/uncategorized/dd170300.html	CLRCapabilities.SoftwareVersionProperties Structure	concept_or_overview	0			none				unrecognised_declaration_form		https://learn.microsoft.com/en-us/previous-versions/windows/embedded/dd170300(v=msdn.10)
dd170305	mslearn-uncategorized	docs/mslearn/uncategorized/dd170305.html	CLRCapabilities.SolutionInfoProperties Structure	concept_or_overview	0			none				unrecognised_declaration_form		https://learn.microsoft.com/en-us/previous-versions/windows/embedded/dd170305(v=msdn.10)
dd170316	mslearn-uncategorized	docs/mslearn/uncategorized/dd170316.html	SslStream Class	concept_or_overview	0			none				unrecognised_declaration_form		https://learn.microsoft.com/en-us/previous-versions/windows/embedded/dd170316(v=msdn.10)
dd187594	mslearn-uncategorized	docs/mslearn/uncategorized/dd187594.html	BaseEvent Class	concept_or_overview	0			none				unrecognised_declaration_form		https://learn.microsoft.com/en-us/previous-versions/windows/embedded/dd187594(v=msdn.10)
dd187614	mslearn-uncategorized	docs/mslearn/uncategorized/dd187614.html	ButtonDevice Class	concept_or_overview	0			none				unrecognised_declaration_form		https://learn.microsoft.com/en-us/previous-versions/windows/embedded/dd187614(v=msdn.10)
dd187620	mslearn-uncategorized	docs/mslearn/uncategorized/dd187620.html	ButtonEventArgs Class	concept_or_overview	0			none				unrecognised_declaration_form		https://learn.microsoft.com/en-us/previous-versions/windows/embedded/dd187620(v=msdn.10)
dd187628	mslearn-uncategorized	docs/mslearn/uncategorized/dd187628.html	Buttons Class	concept_or_overview	0			none				unrecognised_declaration_form		https://learn.microsoft.com/en-us/previous-versions/windows/embedded/dd187628(v=msdn.10)
dd187637	mslearn-uncategorized	docs/mslearn/uncategorized/dd187637.html	ByeEventArgs Class	concept_or_overview	0			none				unrecognised_declaration_form		https://learn.microsoft.com/en-us/previous-versions/windows/embedded/dd187637(v=msdn.10)
dd187651	mslearn-uncategorized	docs/mslearn/uncategorized/dd187651.html	CancelEventArgs Class	concept_or_overview	0			none				unrecognised_declaration_form		https://learn.microsoft.com/en-us/previous-versions/windows/embedded/dd187651(v=msdn.10)
dd187678	mslearn-uncategorized	docs/mslearn/uncategorized/dd187678.html	Canvas Class	concept_or_overview	0			none				unrecognised_declaration_form		https://learn.microsoft.com/en-us/previous-versions/windows/embedded/dd187678(v=msdn.10)
dd187703	mslearn-uncategorized	docs/mslearn/uncategorized/dd187703.html	CertificateStore Class	concept_or_overview	0			none				unrecognised_declaration_form		https://learn.microsoft.com/en-us/previous-versions/windows/embedded/dd187703(v=msdn.10)
dd187711	mslearn-uncategorized	docs/mslearn/uncategorized/dd187711.html	InkCanvas Class	concept_or_overview	0			none				unrecognised_declaration_form		https://learn.microsoft.com/en-us/previous-versions/windows/embedded/dd187711(v=msdn.10)
dd187717	mslearn-uncategorized	docs/mslearn/uncategorized/dd187717.html	InkCollectorGestureEventArgs Class	concept_or_overview	0			none				unrecognised_declaration_form		https://learn.microsoft.com/en-us/previous-versions/windows/embedded/dd187717(v=msdn.10)
dd187721	mslearn-uncategorized	docs/mslearn/uncategorized/dd187721.html	InkCollectorStrokeEventArgs Class	concept_or_overview	0			none				unrecognised_declaration_form		https://learn.microsoft.com/en-us/previous-versions/windows/embedded/dd187721(v=msdn.10)
dd187726	mslearn-uncategorized	docs/mslearn/uncategorized/dd187726.html	InkCollector Class	concept_or_overview	0			none				unrecognised_declaration_form		https://learn.microsoft.com/en-us/previous-versions/windows/embedded/dd187726(v=msdn.10)
dd187810	mslearn-uncategorized	docs/mslearn/uncategorized/dd187810.html	CLRCapabilities.LCDCapabilities Structure	concept_or_overview	0			none				unrecognised_declaration_form		https://learn.microsoft.com/en-us/previous-versions/windows/embedded/dd187810(v=msdn.10)
dd187837	mslearn-uncategorized	docs/mslearn/uncategorized/dd187837.html	MediaEventArgs Class	concept_or_overview	0			none				unrecognised_declaration_form		https://learn.microsoft.com/en-us/previous-versions/windows/embedded/dd187837(v=msdn.10)
dd187845	mslearn-uncategorized	docs/mslearn/uncategorized/dd187845.html	MessageParameterAttribute Class	concept_or_overview	0			none				unrecognised_declaration_form		https://learn.microsoft.com/en-us/previous-versions/windows/embedded/dd187845(v=msdn.10)
dd187848	mslearn-uncategorized	docs/mslearn/uncategorized/dd187848.html	Message Class	concept_or_overview	0			syntax_section				matched		https://learn.microsoft.com/en-us/previous-versions/windows/embedded/dd187848(v=msdn.10)
dd187881	mslearn-uncategorized	docs/mslearn/uncategorized/dd187881.html	NativeEventDispatcher Class	concept_or_overview	0			none				unrecognised_declaration_form		https://learn.microsoft.com/en-us/previous-versions/windows/embedded/dd187881(v=msdn.10)
dd187892	mslearn-uncategorized	docs/mslearn/uncategorized/dd187892.html	NetworkAvailabilityEventArgs Class	concept_or_overview	0			none				unrecognised_declaration_form		https://learn.microsoft.com/en-us/previous-versions/windows/embedded/dd187892(v=msdn.10)
dd187895	mslearn-uncategorized	docs/mslearn/uncategorized/dd187895.html	NetworkChange Class	concept_or_overview	0			none				unrecognised_declaration_form		https://learn.microsoft.com/en-us/previous-versions/windows/embedded/dd187895(v=msdn.10)
dd187949	mslearn-uncategorized	docs/mslearn/uncategorized/dd187949.html	OperationContractAttribute Class	concept_or_overview	0			none				unrecognised_declaration_form		https://learn.microsoft.com/en-us/previous-versions/windows/embedded/dd187949(v=msdn.10)
dd187982	mslearn-uncategorized	docs/mslearn/uncategorized/dd187982.html	Stroke Class	concept_or_overview	0			none				unrecognised_declaration_form		https://learn.microsoft.com/en-us/previous-versions/windows/embedded/dd187982(v=msdn.10)
dd187985	mslearn-uncategorized	docs/mslearn/uncategorized/dd187985.html	StylusDevice Class	concept_or_overview	0			none				unrecognised_declaration_form		https://learn.microsoft.com/en-us/previous-versions/windows/embedded/dd187985(v=msdn.10)
dd187992	mslearn-uncategorized	docs/mslearn/uncategorized/dd187992.html	StylusEventArgs Class	concept_or_overview	0			none				unrecognised_declaration_form		https://learn.microsoft.com/en-us/previous-versions/windows/embedded/dd187992(v=msdn.10)
dd187998	mslearn-uncategorized	docs/mslearn/uncategorized/dd187998.html	StylusEvents Class	concept_or_overview	0			none				unrecognised_declaration_form		https://learn.microsoft.com/en-us/previous-versions/windows/embedded/dd187998(v=msdn.10)
dd188004	mslearn-uncategorized	docs/mslearn/uncategorized/dd188004.html	StylusEvent Class	concept_or_overview	0			none				unrecognised_declaration_form		https://learn.microsoft.com/en-us/previous-versions/windows/embedded/dd188004(v=msdn.10)
dd188013	mslearn-uncategorized	docs/mslearn/uncategorized/dd188013.html	Stylus Class	concept_or_overview	0			none				unrecognised_declaration_form		https://learn.microsoft.com/en-us/previous-versions/windows/embedded/dd188013(v=msdn.10)
dd188025	mslearn-uncategorized	docs/mslearn/uncategorized/dd188025.html	SystemInfo.SystemID Class	concept_or_overview	0			none				unrecognised_declaration_form		https://learn.microsoft.com/en-us/previous-versions/windows/embedded/dd188025(v=msdn.10)
dd188028	mslearn-uncategorized	docs/mslearn/uncategorized/dd188028.html	SystemInfo Class	concept_or_overview	0			none				unrecognised_declaration_form		https://learn.microsoft.com/en-us/previous-versions/windows/embedded/dd188028(v=msdn.10)
dd188093	mslearn-uncategorized	docs/mslearn/uncategorized/dd188093.html	TouchCollectorConfiguration Class	concept_or_overview	0			none				unrecognised_declaration_form		https://learn.microsoft.com/en-us/previous-versions/windows/embedded/dd188093(v=msdn.10)
dd188099	mslearn-uncategorized	docs/mslearn/uncategorized/dd188099.html	TouchPanel Class	concept_or_overview	0			none				unrecognised_declaration_form		https://learn.microsoft.com/en-us/previous-versions/windows/embedded/dd188099(v=msdn.10)
dd188104	mslearn-uncategorized	docs/mslearn/uncategorized/dd188104.html	Touch Class	concept_or_overview	0			none				unrecognised_declaration_form		https://learn.microsoft.com/en-us/previous-versions/windows/embedded/dd188104(v=msdn.10)
dd188115	mslearn-uncategorized	docs/mslearn/uncategorized/dd188115.html	Trace Class	concept_or_overview	0			none				unrecognised_declaration_form		https://learn.microsoft.com/en-us/previous-versions/windows/embedded/dd188115(v=msdn.10)
dd188149	mslearn-uncategorized	docs/mslearn/uncategorized/dd188149.html	VolumeInfo Class	concept_or_overview	0			none				unrecognised_declaration_form		https://learn.microsoft.com/en-us/previous-versions/windows/embedded/dd188149(v=msdn.10)
dd188166	mslearn-uncategorized	docs/mslearn/uncategorized/dd188166.html	Wireless80211 Class	concept_or_overview	0			none				unrecognised_declaration_form		https://learn.microsoft.com/en-us/previous-versions/windows/embedded/dd188166(v=msdn.10)
dd188197	mslearn-uncategorized	docs/mslearn/uncategorized/dd188197.html	WsFaultException Class	concept_or_overview	0			none				unrecognised_declaration_form		https://learn.microsoft.com/en-us/previous-versions/windows/embedded/dd188197(v=msdn.10)
dd188207	mslearn-uncategorized	docs/mslearn/uncategorized/dd188207.html	WsWellKnownUri Class	concept_or_overview	0			none				unrecognised_declaration_form		https://learn.microsoft.com/en-us/previous-versions/windows/embedded/dd188207(v=msdn.10)
dd188211	mslearn-uncategorized	docs/mslearn/uncategorized/dd188211.html	WsXmlAttributeCollection Class	concept_or_overview	0			none				unrecognised_declaration_form		https://learn.microsoft.com/en-us/previous-versions/windows/embedded/dd188211(v=msdn.10)
dd188215	mslearn-uncategorized	docs/mslearn/uncategorized/dd188215.html	WsXmlConvert Class	concept_or_overview	0			none				unrecognised_declaration_form		https://learn.microsoft.com/en-us/previous-versions/windows/embedded/dd188215(v=msdn.10)
dd188218	mslearn-uncategorized	docs/mslearn/uncategorized/dd188218.html	WsXmlElement Class	concept_or_overview	0			none				unrecognised_declaration_form		https://learn.microsoft.com/en-us/previous-versions/windows/embedded/dd188218(v=msdn.10)
dd188221	mslearn-uncategorized	docs/mslearn/uncategorized/dd188221.html	WsXmlNodeList Class	concept_or_overview	0			none				unrecognised_declaration_form		https://learn.microsoft.com/en-us/previous-versions/windows/embedded/dd188221(v=msdn.10)
dd188228	mslearn-uncategorized	docs/mslearn/uncategorized/dd188228.html	X509Certificate Class	concept_or_overview	0			none				first_line_not_a_declaration		https://learn.microsoft.com/en-us/previous-versions/windows/embedded/dd188228(v=msdn.10)
ee424982	mslearn-uncategorized	docs/mslearn/uncategorized/ee424982.html	Application Class	concept_or_overview	0			none				unrecognised_declaration_form		https://learn.microsoft.com/en-us/previous-versions/windows/embedded/ee424982(v=msdn.10)
ee425062	mslearn-uncategorized	docs/mslearn/uncategorized/ee425062.html	Reflection.AssemblyInfo Class	concept_or_overview	0			none				first_line_not_a_declaration		https://learn.microsoft.com/en-us/previous-versions/windows/embedded/ee425062(v=msdn.10)
ee425142	mslearn-uncategorized	docs/mslearn/uncategorized/ee425142.html	BaseEvent Class	concept_or_overview	0			none				unrecognised_declaration_form		https://learn.microsoft.com/en-us/previous-versions/windows/embedded/ee425142(v=msdn.10)
ee425152	mslearn-uncategorized	docs/mslearn/uncategorized/ee425152.html	Battery Class	concept_or_overview	0			syntax_section				matched		https://learn.microsoft.com/en-us/previous-versions/windows/embedded/ee425152(v=msdn.10)
ee425192	mslearn-uncategorized	docs/mslearn/uncategorized/ee425192.html	Bitmap Class	concept_or_overview	0			syntax_section				matched		https://learn.microsoft.com/en-us/previous-versions/windows/embedded/ee425192(v=msdn.10)
ee425224	mslearn-uncategorized	docs/mslearn/uncategorized/ee425224.html	Border Class	concept_or_overview	0			none				unrecognised_declaration_form		https://learn.microsoft.com/en-us/previous-versions/windows/embedded/ee425224(v=msdn.10)
ee425233	mslearn-uncategorized	docs/mslearn/uncategorized/ee425233.html	Brush Class	concept_or_overview	0			none				unrecognised_declaration_form		https://learn.microsoft.com/en-us/previous-versions/windows/embedded/ee425233(v=msdn.10)
ee425244	mslearn-uncategorized	docs/mslearn/uncategorized/ee425244.html	ButtonDevice Class	concept_or_overview	0			none				unrecognised_declaration_form		https://learn.microsoft.com/en-us/previous-versions/windows/embedded/ee425244(v=msdn.10)
ee425250	mslearn-uncategorized	docs/mslearn/uncategorized/ee425250.html	ButtonEventArgs Class	concept_or_overview	0			none				unrecognised_declaration_form		https://learn.microsoft.com/en-us/previous-versions/windows/embedded/ee425250(v=msdn.10)
ee425258	mslearn-uncategorized	docs/mslearn/uncategorized/ee425258.html	Buttons Class	concept_or_overview	0			none				unrecognised_declaration_form		https://learn.microsoft.com/en-us/previous-versions/windows/embedded/ee425258(v=msdn.10)
ee425281	mslearn-uncategorized	docs/mslearn/uncategorized/ee425281.html	CancelEventArgs Class	concept_or_overview	0			none				unrecognised_declaration_form		https://learn.microsoft.com/en-us/previous-versions/windows/embedded/ee425281(v=msdn.10)
ee425309	mslearn-uncategorized	docs/mslearn/uncategorized/ee425309.html	Canvas Class	concept_or_overview	0			none				unrecognised_declaration_form		https://learn.microsoft.com/en-us/previous-versions/windows/embedded/ee425309(v=msdn.10)
ee425336	mslearn-uncategorized	docs/mslearn/uncategorized/ee425336.html	CertificateStore Class	concept_or_overview	0			none				unrecognised_declaration_form		https://learn.microsoft.com/en-us/previous-versions/windows/embedded/ee425336(v=msdn.10)
ee425356	mslearn-uncategorized	docs/mslearn/uncategorized/ee425356.html	Battery.ChargerModel Class	concept_or_overview	0			none				unrecognised_declaration_form		https://learn.microsoft.com/en-us/previous-versions/windows/embedded/ee425356(v=msdn.10)
ee425386	mslearn-uncategorized	docs/mslearn/uncategorized/ee425386.html	Configuration.ClassDescriptor Class	concept_or_overview	0			none				unrecognised_declaration_form		https://learn.microsoft.com/en-us/previous-versions/windows/embedded/ee425386(v=msdn.10)
ee425449	mslearn-uncategorized	docs/mslearn/uncategorized/ee425449.html	CLRCapabilities Class	concept_or_overview	0			none				unrecognised_declaration_form		https://learn.microsoft.com/en-us/previous-versions/windows/embedded/ee425449(v=msdn.10)
ee425452	mslearn-uncategorized	docs/mslearn/uncategorized/ee425452.html	CLRCapabilities.ClrInfoProperties Structure	concept_or_overview	0			none				unrecognised_declaration_form		https://learn.microsoft.com/en-us/previous-versions/windows/embedded/ee425452(v=msdn.10)
ee425470	mslearn-uncategorized	docs/mslearn/uncategorized/ee425470.html	Colors Class	concept_or_overview	0			none				unrecognised_declaration_form		https://learn.microsoft.com/en-us/previous-versions/windows/embedded/ee425470(v=msdn.10)
ee425474	mslearn-uncategorized	docs/mslearn/uncategorized/ee425474.html	ColorUtility Class	concept_or_overview	0			none				unrecognised_declaration_form		https://learn.microsoft.com/en-us/previous-versions/windows/embedded/ee425474(v=msdn.10)
ee431922	mslearn-uncategorized	docs/mslearn/uncategorized/ee431922.html	TimingServices.Completion Class	concept_or_overview	0			none				unrecognised_declaration_form		https://learn.microsoft.com/en-us/previous-versions/windows/embedded/ee431922(v=msdn.10)
ee431927	mslearn-uncategorized	docs/mslearn/uncategorized/ee431927.html	ComPortCollection Class	concept_or_overview	0			none				first_line_not_a_declaration		https://learn.microsoft.com/en-us/previous-versions/windows/embedded/ee431927(v=msdn.10)
ee431933	mslearn-uncategorized	docs/mslearn/uncategorized/ee431933.html	ComPortHandle Structure	concept_or_overview	0			none				unrecognised_declaration_form		https://learn.microsoft.com/en-us/previous-versions/windows/embedded/ee431933(v=msdn.10)
ee431940	mslearn-uncategorized	docs/mslearn/uncategorized/ee431940.html	ComPortToAsyncStream Class	concept_or_overview	0			none				unrecognised_declaration_form		https://learn.microsoft.com/en-us/previous-versions/windows/embedded/ee431940(v=msdn.10)
ee431944	mslearn-uncategorized	docs/mslearn/uncategorized/ee431944.html	ComPortToMemoryStream Class	concept_or_overview	0			none				unrecognised_declaration_form		https://learn.microsoft.com/en-us/previous-versions/windows/embedded/ee431944(v=msdn.10)
ee431947	mslearn-uncategorized	docs/mslearn/uncategorized/ee431947.html	ComPortToNamedPipe Class	concept_or_overview	0			none				unrecognised_declaration_form		https://learn.microsoft.com/en-us/previous-versions/windows/embedded/ee431947(v=msdn.10)
ee431951	mslearn-uncategorized	docs/mslearn/uncategorized/ee431951.html	ComPortToStream Class	concept_or_overview	0			none				unrecognised_declaration_form		https://learn.microsoft.com/en-us/previous-versions/windows/embedded/ee431951(v=msdn.10)
ee431956	mslearn-uncategorized	docs/mslearn/uncategorized/ee431956.html	ComPort Class	concept_or_overview	0			none				unrecognised_declaration_form		https://learn.microsoft.com/en-us/previous-versions/windows/embedded/ee431956(v=msdn.10)
ee431987	mslearn-uncategorized	docs/mslearn/uncategorized/ee431987.html	Configuration.ConfigurationDescriptor Class	concept_or_overview	0			none				unrecognised_declaration_form		https://learn.microsoft.com/en-us/previous-versions/windows/embedded/ee431987(v=msdn.10)
ee431991	mslearn-uncategorized	docs/mslearn/uncategorized/ee431991.html	ConfigurationEngine Class	concept_or_overview	0			none				unrecognised_declaration_form		https://learn.microsoft.com/en-us/previous-versions/windows/embedded/ee431991(v=msdn.10)
ee431996	mslearn-uncategorized	docs/mslearn/uncategorized/ee431996.html	I2CDevice.Configuration Class	concept_or_overview	0			none				unrecognised_declaration_form		https://learn.microsoft.com/en-us/previous-versions/windows/embedded/ee431996(v=msdn.10)
ee432003	mslearn-uncategorized	docs/mslearn/uncategorized/ee432003.html	SPI.Configuration Class	concept_or_overview	0			none				unrecognised_declaration_form		https://learn.microsoft.com/en-us/previous-versions/windows/embedded/ee432003(v=msdn.10)
ee432007	mslearn-uncategorized	docs/mslearn/uncategorized/ee432007.html	Configuration Class	concept_or_overview	0			none				unrecognised_declaration_form		https://learn.microsoft.com/en-us/previous-versions/windows/embedded/ee432007(v=msdn.10)
ee432029	mslearn-uncategorized	docs/mslearn/uncategorized/ee432029.html	Console Class	concept_or_overview	0			none				unrecognised_declaration_form		https://learn.microsoft.com/en-us/previous-versions/windows/embedded/ee432029(v=msdn.10)
ee432032	mslearn-uncategorized	docs/mslearn/uncategorized/ee432032.html	Constants Class	concept_or_overview	0			none				unrecognised_declaration_form		https://learn.microsoft.com/en-us/previous-versions/windows/embedded/ee432032(v=msdn.10)
ee432036	mslearn-uncategorized	docs/mslearn/uncategorized/ee432036.html	ConstraintException Class	concept_or_overview	0			none				unrecognised_declaration_form		https://learn.microsoft.com/en-us/previous-versions/windows/embedded/ee432036(v=msdn.10)
ee432067	mslearn-uncategorized	docs/mslearn/uncategorized/ee432067.html	ContentControl Class	concept_or_overview	0			none				unrecognised_declaration_form		https://learn.microsoft.com/en-us/previous-versions/windows/embedded/ee432067(v=msdn.10)
ee432098	mslearn-uncategorized	docs/mslearn/uncategorized/ee432098.html	TimingServices.Continuation Class	concept_or_overview	0			none				unrecognised_declaration_form		https://learn.microsoft.com/en-us/previous-versions/windows/embedded/ee432098(v=msdn.10)
ee432105	mslearn-uncategorized	docs/mslearn/uncategorized/ee432105.html	Control Class	concept_or_overview	0			none				unrecognised_declaration_form		https://learn.microsoft.com/en-us/previous-versions/windows/embedded/ee432105(v=msdn.10)
ee432112	mslearn-uncategorized	docs/mslearn/uncategorized/ee432112.html	ConvertBase64 Class	concept_or_overview	0			none				unrecognised_declaration_form		https://learn.microsoft.com/en-us/previous-versions/windows/embedded/ee432112(v=msdn.10)
ee432156	mslearn-uncategorized	docs/mslearn/uncategorized/ee432156.html	Cpu Class	concept_or_overview	0			none				unrecognised_declaration_form		https://learn.microsoft.com/en-us/previous-versions/windows/embedded/ee432156(v=msdn.10)
ee432825	mslearn-uncategorized	docs/mslearn/uncategorized/ee432825.html	DataContractAttribute Class	concept_or_overview	0			none				unrecognised_declaration_form		https://learn.microsoft.com/en-us/previous-versions/windows/embedded/ee432825(v=msdn.10)
ee432828	mslearn-uncategorized	docs/mslearn/uncategorized/ee432828.html	DataContractSerializer Class	concept_or_overview	0			none				unrecognised_declaration_form		https://learn.microsoft.com/en-us/previous-versions/windows/embedded/ee432828(v=msdn.10)
ee432832	mslearn-uncategorized	docs/mslearn/uncategorized/ee432832.html	DataMemberAttribute Class	concept_or_overview	0			none				unrecognised_declaration_form		https://learn.microsoft.com/en-us/previous-versions/windows/embedded/ee432832(v=msdn.10)
ee432910	mslearn-uncategorized	docs/mslearn/uncategorized/ee432910.html	Debug Class	concept_or_overview	0			none				unrecognised_declaration_form		https://learn.microsoft.com/en-us/previous-versions/windows/embedded/ee432910(v=msdn.10)
ee432951	mslearn-uncategorized	docs/mslearn/uncategorized/ee432951.html	Configuration.Descriptor Class	concept_or_overview	0			none				unrecognised_declaration_form		https://learn.microsoft.com/en-us/previous-versions/windows/embedded/ee432951(v=msdn.10)
ee432957	mslearn-uncategorized	docs/mslearn/uncategorized/ee432957.html	Configuration.DeviceDescriptor Class	concept_or_overview	0			none				unrecognised_declaration_form		https://learn.microsoft.com/en-us/previous-versions/windows/embedded/ee432957(v=msdn.10)
ee432961	mslearn-uncategorized	docs/mslearn/uncategorized/ee432961.html	InputManager.DeviceEvents Class	concept_or_overview	0			none				unrecognised_declaration_form		https://learn.microsoft.com/en-us/previous-versions/windows/embedded/ee432961(v=msdn.10)
ee432971	mslearn-uncategorized	docs/mslearn/uncategorized/ee432971.html	Device Class	concept_or_overview	0			syntax_section				matched		https://learn.microsoft.com/en-us/previous-versions/windows/embedded/ee432971(v=msdn.10)
ee433006	mslearn-uncategorized	docs/mslearn/uncategorized/ee433006.html	DispatcherFrame Class	concept_or_overview	0			none				unrecognised_declaration_form		https://learn.microsoft.com/en-us/previous-versions/windows/embedded/ee433006(v=msdn.10)
ee433010	mslearn-uncategorized	docs/mslearn/uncategorized/ee433010.html	DispatcherObject Class	concept_or_overview	0			none				unrecognised_declaration_form		https://learn.microsoft.com/en-us/previous-versions/windows/embedded/ee433010(v=msdn.10)
ee433016	mslearn-uncategorized	docs/mslearn/uncategorized/ee433016.html	DispatcherOperation Class	concept_or_overview	0			syntax_section				matched		https://learn.microsoft.com/en-us/previous-versions/windows/embedded/ee433016(v=msdn.10)
ee433021	mslearn-uncategorized	docs/mslearn/uncategorized/ee433021.html	DispatcherTimer Class	concept_or_overview	0			none				unrecognised_declaration_form		https://learn.microsoft.com/en-us/previous-versions/windows/embedded/ee433021(v=msdn.10)
ee433029	mslearn-uncategorized	docs/mslearn/uncategorized/ee433029.html	Dispatcher Class	concept_or_overview	0			syntax_section				matched		https://learn.microsoft.com/en-us/previous-versions/windows/embedded/ee433029(v=msdn.10)
ee433091	mslearn-uncategorized	docs/mslearn/uncategorized/ee433091.html	DpwsClient Class	concept_or_overview	0			syntax_section				matched		https://learn.microsoft.com/en-us/previous-versions/windows/embedded/ee433091(v=msdn.10)
ee433096	mslearn-uncategorized	docs/mslearn/uncategorized/ee433096.html	DpwsDiscoveryClient Class	concept_or_overview	0			none				unrecognised_declaration_form		https://learn.microsoft.com/en-us/previous-versions/windows/embedded/ee433096(v=msdn.10)
ee433100	mslearn-uncategorized	docs/mslearn/uncategorized/ee433100.html	DpwsEventingClient Class	concept_or_overview	0			none				unrecognised_declaration_form		https://learn.microsoft.com/en-us/previous-versions/windows/embedded/ee433100(v=msdn.10)
ee433103	mslearn-uncategorized	docs/mslearn/uncategorized/ee433103.html	DpwsEventSubscription Class	concept_or_overview	0			none				unrecognised_declaration_form		https://learn.microsoft.com/en-us/previous-versions/windows/embedded/ee433103(v=msdn.10)
ee433106	mslearn-uncategorized	docs/mslearn/uncategorized/ee433106.html	DpwsHostedService Class	concept_or_overview	0			syntax_section				matched		https://learn.microsoft.com/en-us/previous-versions/windows/embedded/ee433106(v=msdn.10)
ee433110	mslearn-uncategorized	docs/mslearn/uncategorized/ee433110.html	DpwsHttpClient Class	concept_or_overview	0			syntax_section				matched		https://learn.microsoft.com/en-us/previous-versions/windows/embedded/ee433110(v=msdn.10)
ee433115	mslearn-uncategorized	docs/mslearn/uncategorized/ee433115.html	DpwsMetadata Class	concept_or_overview	0			none				unrecognised_declaration_form		https://learn.microsoft.com/en-us/previous-versions/windows/embedded/ee433115(v=msdn.10)
ee433119	mslearn-uncategorized	docs/mslearn/uncategorized/ee433119.html	DpwsMexClient Class	concept_or_overview	0			none				unrecognised_declaration_form		https://learn.microsoft.com/en-us/previous-versions/windows/embedded/ee433119(v=msdn.10)
ee433122	mslearn-uncategorized	docs/mslearn/uncategorized/ee433122.html	DpwsMexServices Class	concept_or_overview	0			none				unrecognised_declaration_form		https://learn.microsoft.com/en-us/previous-versions/windows/embedded/ee433122(v=msdn.10)
ee433126	mslearn-uncategorized	docs/mslearn/uncategorized/ee433126.html	DpwsMexService Class	concept_or_overview	0			none				unrecognised_declaration_form		https://learn.microsoft.com/en-us/previous-versions/windows/embedded/ee433126(v=msdn.10)
ee433130	mslearn-uncategorized	docs/mslearn/uncategorized/ee433130.html	DpwsRelationship Class	concept_or_overview	0			none				unrecognised_declaration_form		https://learn.microsoft.com/en-us/previous-versions/windows/embedded/ee433130(v=msdn.10)
ee433135	mslearn-uncategorized	docs/mslearn/uncategorized/ee433135.html	DpwsServiceDescriptions Class	concept_or_overview	0			syntax_section				matched		https://learn.microsoft.com/en-us/previous-versions/windows/embedded/ee433135(v=msdn.10)
ee433139	mslearn-uncategorized	docs/mslearn/uncategorized/ee433139.html	DpwsServiceDescription Class	concept_or_overview	0			none				unrecognised_declaration_form		https://learn.microsoft.com/en-us/previous-versions/windows/embedded/ee433139(v=msdn.10)
ee433144	mslearn-uncategorized	docs/mslearn/uncategorized/ee433144.html	DpwsServiceTypes Class	concept_or_overview	0			none				unrecognised_declaration_form		https://learn.microsoft.com/en-us/previous-versions/windows/embedded/ee433144(v=msdn.10)
ee433148	mslearn-uncategorized	docs/mslearn/uncategorized/ee433148.html	DpwsServiceType Class	concept_or_overview	0			syntax_section				matched		https://learn.microsoft.com/en-us/previous-versions/windows/embedded/ee433148(v=msdn.10)
ee433151	mslearn-uncategorized	docs/mslearn/uncategorized/ee433151.html	DpwsSoapResponse Class	concept_or_overview	0			none				unrecognised_declaration_form		https://learn.microsoft.com/en-us/previous-versions/windows/embedded/ee433151(v=msdn.10)
ee433156	mslearn-uncategorized	docs/mslearn/uncategorized/ee433156.html	DpwsSubscribeRequest Class	concept_or_overview	0			syntax_section				matched		https://learn.microsoft.com/en-us/previous-versions/windows/embedded/ee433156(v=msdn.10)
ee433161	mslearn-uncategorized	docs/mslearn/uncategorized/ee433161.html	DpwsThisDevice Class	concept_or_overview	0			none				unrecognised_declaration_form		https://learn.microsoft.com/en-us/previous-versions/windows/embedded/ee433161(v=msdn.10)
ee433165	mslearn-uncategorized	docs/mslearn/uncategorized/ee433165.html	DpwsThisModel Class	concept_or_overview	0			none				unrecognised_declaration_form		https://learn.microsoft.com/en-us/previous-versions/windows/embedded/ee433165(v=msdn.10)
ee433169	mslearn-uncategorized	docs/mslearn/uncategorized/ee433169.html	DpwsWseEventSources Class	concept_or_overview	0			none				unrecognised_declaration_form		https://learn.microsoft.com/en-us/previous-versions/windows/embedded/ee433169(v=msdn.10)
ee433173	mslearn-uncategorized	docs/mslearn/uncategorized/ee433173.html	DpwsWseEventSource Class	concept_or_overview	0			syntax_section				matched		https://learn.microsoft.com/en-us/previous-versions/windows/embedded/ee433173(v=msdn.10)
ee433177	mslearn-uncategorized	docs/mslearn/uncategorized/ee433177.html	DpwsWseSubscriptionMgr Class	concept_or_overview	0			syntax_section				matched		https://learn.microsoft.com/en-us/previous-versions/windows/embedded/ee433177(v=msdn.10)
ee433190	mslearn-uncategorized	docs/mslearn/uncategorized/ee433190.html	DrawingAttributes Class	concept_or_overview	0			none				unrecognised_declaration_form		https://learn.microsoft.com/en-us/previous-versions/windows/embedded/ee433190(v=msdn.10)
ee433193	mslearn-uncategorized	docs/mslearn/uncategorized/ee433193.html	DrawingContext Class	concept_or_overview	0			none				unrecognised_declaration_form		https://learn.microsoft.com/en-us/previous-versions/windows/embedded/ee433193(v=msdn.10)
ee433238	mslearn-uncategorized	docs/mslearn/uncategorized/ee433238.html	EditorBrowsableAttribute Class	concept_or_overview	0			none				first_line_not_a_declaration		https://learn.microsoft.com/en-us/previous-versions/windows/embedded/ee433238(v=msdn.10)
ee433245	mslearn-uncategorized	docs/mslearn/uncategorized/ee433245.html	Ellipse Class	concept_or_overview	0			none				unrecognised_declaration_form		https://learn.microsoft.com/en-us/previous-versions/windows/embedded/ee433245(v=msdn.10)
ee433257	mslearn-uncategorized	docs/mslearn/uncategorized/ee433257.html	EmulatorComponentCollection Class	concept_or_overview	0			none				unrecognised_declaration_form		https://learn.microsoft.com/en-us/previous-versions/windows/embedded/ee433257(v=msdn.10)
ee433263	mslearn-uncategorized	docs/mslearn/uncategorized/ee433263.html	EmulatorComponent Class	concept_or_overview	0			none				unrecognised_declaration_form		https://learn.microsoft.com/en-us/previous-versions/windows/embedded/ee433263(v=msdn.10)
ee433271	mslearn-uncategorized	docs/mslearn/uncategorized/ee433271.html	Emulator Class	concept_or_overview	0			none				unrecognised_declaration_form		https://learn.microsoft.com/en-us/previous-versions/windows/embedded/ee433271(v=msdn.10)
ee433417	mslearn-uncategorized	docs/mslearn/uncategorized/ee433417.html	Configuration.Endpoint Class	concept_or_overview	0			none				unrecognised_declaration_form		https://learn.microsoft.com/en-us/previous-versions/windows/embedded/ee433417(v=msdn.10)
ee433421	mslearn-uncategorized	docs/mslearn/uncategorized/ee433421.html	EndPoint Class	concept_or_overview	0			syntax_section				matched		https://learn.microsoft.com/en-us/previous-versions/windows/embedded/ee433421(v=msdn.10)
ee433436	mslearn-uncategorized	docs/mslearn/uncategorized/ee433436.html	UIElementCollection.Enumerator Structure	concept_or_overview	0			none				unrecognised_declaration_form		https://learn.microsoft.com/en-us/previous-versions/windows/embedded/ee433436(v=msdn.10)
ee433440	mslearn-uncategorized	docs/mslearn/uncategorized/ee433440.html	EnumMemberAttribute Class	concept_or_overview	0			none				unrecognised_declaration_form		https://learn.microsoft.com/en-us/previous-versions/windows/embedded/ee433440(v=msdn.10)
ee433500	mslearn-uncategorized	docs/mslearn/uncategorized/ee433500.html	CLRCapabilities.EvaluationVersionProperties Structure	concept_or_overview	0			none				unrecognised_declaration_form		https://learn.microsoft.com/en-us/previous-versions/windows/embedded/ee433500(v=msdn.10)
ee433505	mslearn-uncategorized	docs/mslearn/uncategorized/ee433505.html	EventArgs Class	concept_or_overview	0			syntax_section				matched		https://learn.microsoft.com/en-us/previous-versions/windows/embedded/ee433505(v=msdn.10)
ee433513	mslearn-uncategorized	docs/mslearn/uncategorized/ee433513.html	EventHandlersStore Class	concept_or_overview	0			none				first_line_not_a_declaration		https://learn.microsoft.com/en-us/previous-versions/windows/embedded/ee433513(v=msdn.10)
ee433522	mslearn-uncategorized	docs/mslearn/uncategorized/ee433522.html	EventRoute Class	concept_or_overview	0			syntax_section				matched		https://learn.microsoft.com/en-us/previous-versions/windows/embedded/ee433522(v=msdn.10)
ee433525	mslearn-uncategorized	docs/mslearn/uncategorized/ee433525.html	EventSink Class	concept_or_overview	0			none				unrecognised_declaration_form		https://learn.microsoft.com/en-us/previous-versions/windows/embedded/ee433525(v=msdn.10)
ee433547	mslearn-uncategorized	docs/mslearn/uncategorized/ee433547.html	ExecutionConstraint Class	concept_or_overview	0			syntax_section				matched		https://learn.microsoft.com/en-us/previous-versions/windows/embedded/ee433547(v=msdn.10)
ee433565	mslearn-uncategorized	docs/mslearn/uncategorized/ee433565.html	ExtendedTimer Class	concept_or_overview	0			none				unrecognised_declaration_form		https://learn.microsoft.com/en-us/previous-versions/windows/embedded/ee433565(v=msdn.10)
ee433569	mslearn-uncategorized	docs/mslearn/uncategorized/ee433569.html	ExtendedTimeZone Class	concept_or_overview	0			none				unrecognised_declaration_form		https://learn.microsoft.com/en-us/previous-versions/windows/embedded/ee433569(v=msdn.10)
ee433575	mslearn-uncategorized	docs/mslearn/uncategorized/ee433575.html	ExtendedWeakReference Class	concept_or_overview	0			none				unrecognised_declaration_form		https://learn.microsoft.com/en-us/previous-versions/windows/embedded/ee433575(v=msdn.10)
ee433600	mslearn-uncategorized	docs/mslearn/uncategorized/ee433600.html	FieldNoReflectionAttribute Class	concept_or_overview	0			none				first_line_not_a_declaration		https://learn.microsoft.com/en-us/previous-versions/windows/embedded/ee433600(v=msdn.10)
ee433648	mslearn-uncategorized	docs/mslearn/uncategorized/ee433648.html	FlashManager Class	concept_or_overview	0			none				unrecognised_declaration_form		https://learn.microsoft.com/en-us/previous-versions/windows/embedded/ee433648(v=msdn.10)
ee433658	mslearn-uncategorized	docs/mslearn/uncategorized/ee433658.html	FlashSector Class	concept_or_overview	0			none				unrecognised_declaration_form		https://learn.microsoft.com/en-us/previous-versions/windows/embedded/ee433658(v=msdn.10)
ee433677	mslearn-uncategorized	docs/mslearn/uncategorized/ee433677.html	FocusChangedEventArgs Class	concept_or_overview	0			none				unrecognised_declaration_form		https://learn.microsoft.com/en-us/previous-versions/windows/embedded/ee433677(v=msdn.10)
ee433687	mslearn-uncategorized	docs/mslearn/uncategorized/ee433687.html	Font Class	concept_or_overview	0			syntax_section				matched		https://learn.microsoft.com/en-us/previous-versions/windows/embedded/ee433687(v=msdn.10)
ee433730	mslearn-uncategorized	docs/mslearn/uncategorized/ee433730.html	Configuration.GenericDescriptor Class	concept_or_overview	0			none				unrecognised_declaration_form		https://learn.microsoft.com/en-us/previous-versions/windows/embedded/ee433730(v=msdn.10)
ee433734	mslearn-uncategorized	docs/mslearn/uncategorized/ee433734.html	GenericDevice Class	concept_or_overview	0			none				unrecognised_declaration_form		https://learn.microsoft.com/en-us/previous-versions/windows/embedded/ee433734(v=msdn.10)
ee433739	mslearn-uncategorized	docs/mslearn/uncategorized/ee433739.html	GenericEventArgs Class	concept_or_overview	0			none				unrecognised_declaration_form		https://learn.microsoft.com/en-us/previous-versions/windows/embedded/ee433739(v=msdn.10)
ee433745	mslearn-uncategorized	docs/mslearn/uncategorized/ee433745.html	GenericEvents Class	concept_or_overview	0			none				unrecognised_declaration_form		https://learn.microsoft.com/en-us/previous-versions/windows/embedded/ee433745(v=msdn.10)
ee433749	mslearn-uncategorized	docs/mslearn/uncategorized/ee433749.html	GenericEvent Class	concept_or_overview	0			none				unrecognised_declaration_form		https://learn.microsoft.com/en-us/previous-versions/windows/embedded/ee433749(v=msdn.10)
ee433944	mslearn-uncategorized	docs/mslearn/uncategorized/ee433944.html	GloballySynchronizedAttribute Class	concept_or_overview	0			none				first_line_not_a_declaration		https://learn.microsoft.com/en-us/previous-versions/windows/embedded/ee433944(v=msdn.10)
ee433949	mslearn-uncategorized	docs/mslearn/uncategorized/ee433949.html	GpioCollection Class	concept_or_overview	0			none				first_line_not_a_declaration		https://learn.microsoft.com/en-us/previous-versions/windows/embedded/ee433949(v=msdn.10)
ee433958	mslearn-uncategorized	docs/mslearn/uncategorized/ee433958.html	GpioPort Class	concept_or_overview	0			none				unrecognised_declaration_form		https://learn.microsoft.com/en-us/previous-versions/windows/embedded/ee433958(v=msdn.10)
ee433981	mslearn-uncategorized	docs/mslearn/uncategorized/ee433981.html	CLRCapabilities.HalSystemInfoProperties Structure	concept_or_overview	0			none				unrecognised_declaration_form		https://learn.microsoft.com/en-us/previous-versions/windows/embedded/ee433981(v=msdn.10)
ee433996	mslearn-uncategorized	docs/mslearn/uncategorized/ee433996.html	HardwareProvider Class	concept_or_overview	0			none				unrecognised_declaration_form		https://learn.microsoft.com/en-us/previous-versions/windows/embedded/ee433996(v=msdn.10)
ee434062	mslearn-uncategorized	docs/mslearn/uncategorized/ee434062.html	HttpKnownHeaderNames Class	concept_or_overview	0			none				unrecognised_declaration_form		https://learn.microsoft.com/en-us/previous-versions/windows/embedded/ee434062(v=msdn.10)
ee434110	mslearn-uncategorized	docs/mslearn/uncategorized/ee434110.html	I2cBus Class	concept_or_overview	0			none				unrecognised_declaration_form		https://learn.microsoft.com/en-us/previous-versions/windows/embedded/ee434110(v=msdn.10)
ee434115	mslearn-uncategorized	docs/mslearn/uncategorized/ee434115.html	I2CDevice Class	concept_or_overview	0			none				unrecognised_declaration_form		https://learn.microsoft.com/en-us/previous-versions/windows/embedded/ee434115(v=msdn.10)
ee434119	mslearn-uncategorized	docs/mslearn/uncategorized/ee434119.html	I2cDevice Class	concept_or_overview	0			none				unrecognised_declaration_form		https://learn.microsoft.com/en-us/previous-versions/windows/embedded/ee434119(v=msdn.10)
ee434124	mslearn-uncategorized	docs/mslearn/uncategorized/ee434124.html	I2CDevice.I2CReadTransaction Class	concept_or_overview	0			none				unrecognised_declaration_form		https://learn.microsoft.com/en-us/previous-versions/windows/embedded/ee434124(v=msdn.10)
ee434126	mslearn-uncategorized	docs/mslearn/uncategorized/ee434126.html	I2CDevice.I2CTransaction Class	concept_or_overview	0			none				unrecognised_declaration_form		https://learn.microsoft.com/en-us/previous-versions/windows/embedded/ee434126(v=msdn.10)
ee434130	mslearn-uncategorized	docs/mslearn/uncategorized/ee434130.html	I2CDevice.I2CWriteTransaction Class	concept_or_overview	0			none				unrecognised_declaration_form		https://learn.microsoft.com/en-us/previous-versions/windows/embedded/ee434130(v=msdn.10)
ee434171	mslearn-uncategorized	docs/mslearn/uncategorized/ee434171.html	IEventListener Interface	concept_or_overview	0			none				unrecognised_declaration_form		https://learn.microsoft.com/en-us/previous-versions/windows/embedded/ee434171(v=msdn.10)
ee434174	mslearn-uncategorized	docs/mslearn/uncategorized/ee434174.html	IEventProcessor Interface	concept_or_overview	0			none				unrecognised_declaration_form		https://learn.microsoft.com/en-us/previous-versions/windows/embedded/ee434174(v=msdn.10)
ee434200	mslearn-uncategorized	docs/mslearn/uncategorized/ee434200.html	ImageBrush Class	concept_or_overview	0			none				unrecognised_declaration_form		https://learn.microsoft.com/en-us/previous-versions/windows/embedded/ee434200(v=msdn.10)
ee434204	mslearn-uncategorized	docs/mslearn/uncategorized/ee434204.html	Image Class	concept_or_overview	0			none				unrecognised_declaration_form		https://learn.microsoft.com/en-us/previous-versions/windows/embedded/ee434204(v=msdn.10)
ee434294	mslearn-uncategorized	docs/mslearn/uncategorized/ee434294.html	InkCanvas Class	concept_or_overview	0			none				unrecognised_declaration_form		https://learn.microsoft.com/en-us/previous-versions/windows/embedded/ee434294(v=msdn.10)
ee434301	mslearn-uncategorized	docs/mslearn/uncategorized/ee434301.html	Ink Class	concept_or_overview	0			none				unrecognised_declaration_form		https://learn.microsoft.com/en-us/previous-versions/windows/embedded/ee434301(v=msdn.10)
ee434307	mslearn-uncategorized	docs/mslearn/uncategorized/ee434307.html	InputDevice Class	concept_or_overview	0			none				unrecognised_declaration_form		https://learn.microsoft.com/en-us/previous-versions/windows/embedded/ee434307(v=msdn.10)
ee434312	mslearn-uncategorized	docs/mslearn/uncategorized/ee434312.html	InputEventArgs Class	concept_or_overview	0			none				unrecognised_declaration_form		https://learn.microsoft.com/en-us/previous-versions/windows/embedded/ee434312(v=msdn.10)
ee434319	mslearn-uncategorized	docs/mslearn/uncategorized/ee434319.html	InputManager Class	concept_or_overview	0			none				unrecognised_declaration_form		https://learn.microsoft.com/en-us/previous-versions/windows/embedded/ee434319(v=msdn.10)
ee434325	mslearn-uncategorized	docs/mslearn/uncategorized/ee434325.html	InputPort Class	concept_or_overview	0			none				unrecognised_declaration_form		https://learn.microsoft.com/en-us/previous-versions/windows/embedded/ee434325(v=msdn.10)
ee434331	mslearn-uncategorized	docs/mslearn/uncategorized/ee434331.html	InputProviderSite Class	concept_or_overview	0			none				unrecognised_declaration_form		https://learn.microsoft.com/en-us/previous-versions/windows/embedded/ee434331(v=msdn.10)
ee434337	mslearn-uncategorized	docs/mslearn/uncategorized/ee434337.html	InputReportEventArgs Class	concept_or_overview	0			none				unrecognised_declaration_form		https://learn.microsoft.com/en-us/previous-versions/windows/embedded/ee434337(v=msdn.10)
ee434344	mslearn-uncategorized	docs/mslearn/uncategorized/ee434344.html	InputReport Class	concept_or_overview	0			none				unrecognised_declaration_form		https://learn.microsoft.com/en-us/previous-versions/windows/embedded/ee434344(v=msdn.10)
ee434402	mslearn-uncategorized	docs/mslearn/uncategorized/ee434402.html	InterruptPort Class	concept_or_overview	0			syntax_section				matched		https://learn.microsoft.com/en-us/previous-versions/windows/embedded/ee434402(v=msdn.10)
ee434643	mslearn-uncategorized	docs/mslearn/uncategorized/ee434643.html	IWsServiceEndpoint Interface	concept_or_overview	0			syntax_section				matched		https://learn.microsoft.com/en-us/previous-versions/windows/embedded/ee434643(v=msdn.10)
ee434667	mslearn-uncategorized	docs/mslearn/uncategorized/ee434667.html	KeyPair Class	concept_or_overview	0			none				unrecognised_declaration_form		https://learn.microsoft.com/en-us/previous-versions/windows/embedded/ee434667(v=msdn.10)
ee434670	mslearn-uncategorized	docs/mslearn/uncategorized/ee434670.html	Key Class	concept_or_overview	0			none				first_line_not_a_declaration		https://learn.microsoft.com/en-us/previous-versions/windows/embedded/ee434670(v=msdn.10)
ee434676	mslearn-uncategorized	docs/mslearn/uncategorized/ee434676.html	LargeBufferMarshaller Class	concept_or_overview	0			syntax_section				matched		https://learn.microsoft.com/en-us/previous-versions/windows/embedded/ee434676(v=msdn.10)
ee434680	mslearn-uncategorized	docs/mslearn/uncategorized/ee434680.html	LargeBuffer Class	concept_or_overview	0			syntax_section				matched		https://learn.microsoft.com/en-us/previous-versions/windows/embedded/ee434680(v=msdn.10)
ee434705	mslearn-uncategorized	docs/mslearn/uncategorized/ee434705.html	CLRCapabilities.LCDCapabilities Structure	concept_or_overview	0			none				unrecognised_declaration_form		https://learn.microsoft.com/en-us/previous-versions/windows/embedded/ee434705(v=msdn.10)
ee434710	mslearn-uncategorized	docs/mslearn/uncategorized/ee434710.html	LcdDisplay Class	concept_or_overview	0			none				unrecognised_declaration_form		https://learn.microsoft.com/en-us/previous-versions/windows/embedded/ee434710(v=msdn.10)
ee434738	mslearn-uncategorized	docs/mslearn/uncategorized/ee434738.html	LinearGradientBrush Class	concept_or_overview	0			none				unrecognised_declaration_form		https://learn.microsoft.com/en-us/previous-versions/windows/embedded/ee434738(v=msdn.10)
ee434759	mslearn-uncategorized	docs/mslearn/uncategorized/ee434759.html	Line Class	concept_or_overview	0			none				unrecognised_declaration_form		https://learn.microsoft.com/en-us/previous-versions/windows/embedded/ee434759(v=msdn.10)
ee434765	mslearn-uncategorized	docs/mslearn/uncategorized/ee434765.html	ListBoxItemCollection Class	concept_or_overview	0			none				first_line_not_a_declaration		https://learn.microsoft.com/en-us/previous-versions/windows/embedded/ee434765(v=msdn.10)
ee434769	mslearn-uncategorized	docs/mslearn/uncategorized/ee434769.html	ListBoxItem Class	concept_or_overview	0			none				unrecognised_declaration_form		https://learn.microsoft.com/en-us/previous-versions/windows/embedded/ee434769(v=msdn.10)
ee434775	mslearn-uncategorized	docs/mslearn/uncategorized/ee434775.html	ListBox Class	concept_or_overview	0			none				unrecognised_declaration_form		https://learn.microsoft.com/en-us/previous-versions/windows/embedded/ee434775(v=msdn.10)
ee434800	mslearn-uncategorized	docs/mslearn/uncategorized/ee434800.html	Logging Class	concept_or_overview	0			syntax_section				matched		https://learn.microsoft.com/en-us/previous-versions/windows/embedded/ee434800(v=msdn.10)
ee434832	mslearn-uncategorized	docs/mslearn/uncategorized/ee434832.html	Math Class	concept_or_overview	0			none				unrecognised_declaration_form		https://learn.microsoft.com/en-us/previous-versions/windows/embedded/ee434832(v=msdn.10)
ee434885	mslearn-uncategorized	docs/mslearn/uncategorized/ee434885.html	MediaEventArgs Class	concept_or_overview	0			none				unrecognised_declaration_form		https://learn.microsoft.com/en-us/previous-versions/windows/embedded/ee434885(v=msdn.10)
ee434903	mslearn-uncategorized	docs/mslearn/uncategorized/ee434903.html	MemoryManagerBase Class	concept_or_overview	0			none				unrecognised_declaration_form		https://learn.microsoft.com/en-us/previous-versions/windows/embedded/ee434903(v=msdn.10)
ee434910	mslearn-uncategorized	docs/mslearn/uncategorized/ee434910.html	MemoryManager Class	concept_or_overview	0			none				unrecognised_declaration_form		https://learn.microsoft.com/en-us/previous-versions/windows/embedded/ee434910(v=msdn.10)
ee434923	mslearn-uncategorized	docs/mslearn/uncategorized/ee434923.html	MessageParameterAttribute Class	concept_or_overview	0			none				unrecognised_declaration_form		https://learn.microsoft.com/en-us/previous-versions/windows/embedded/ee434923(v=msdn.10)
ee434931	mslearn-uncategorized	docs/mslearn/uncategorized/ee434931.html	Message Class	concept_or_overview	0			syntax_section				matched		https://learn.microsoft.com/en-us/previous-versions/windows/embedded/ee434931(v=msdn.10)
ee434971	mslearn-uncategorized	docs/mslearn/uncategorized/ee434971.html	MFApplicationDeploymentData Class	concept_or_overview	0			none				unrecognised_declaration_form		https://learn.microsoft.com/en-us/previous-versions/windows/embedded/ee434971(v=msdn.10)
ee434974	mslearn-uncategorized	docs/mslearn/uncategorized/ee434974.html	MFApplicationDeployment Class	concept_or_overview	0			none				unrecognised_declaration_form		https://learn.microsoft.com/en-us/previous-versions/windows/embedded/ee434974(v=msdn.10)
ee434977	mslearn-uncategorized	docs/mslearn/uncategorized/ee434977.html	MFConfigHelper Class	concept_or_overview	0			none				unrecognised_declaration_form		https://learn.microsoft.com/en-us/previous-versions/windows/embedded/ee434977(v=msdn.10)
ee434981	mslearn-uncategorized	docs/mslearn/uncategorized/ee434981.html	MFDeploy Class	concept_or_overview	0			none				unrecognised_declaration_form		https://learn.microsoft.com/en-us/previous-versions/windows/embedded/ee434981(v=msdn.10)
ee434987	mslearn-uncategorized	docs/mslearn/uncategorized/ee434987.html	MFDeviceInUseException Class	concept_or_overview	0			none				unrecognised_declaration_form		https://learn.microsoft.com/en-us/previous-versions/windows/embedded/ee434987(v=msdn.10)
ee434990	mslearn-uncategorized	docs/mslearn/uncategorized/ee434990.html	MFDeviceNoResponseException Class	concept_or_overview	0			none				unrecognised_declaration_form		https://learn.microsoft.com/en-us/previous-versions/windows/embedded/ee434990(v=msdn.10)
ee434993	mslearn-uncategorized	docs/mslearn/uncategorized/ee434993.html	MFDeviceUnknownDeviceException Class	concept_or_overview	0			none				unrecognised_declaration_form		https://learn.microsoft.com/en-us/previous-versions/windows/embedded/ee434993(v=msdn.10)
ee434996	mslearn-uncategorized	docs/mslearn/uncategorized/ee434996.html	MFDevice Class	concept_or_overview	0			none				unrecognised_declaration_form		https://learn.microsoft.com/en-us/previous-versions/windows/embedded/ee434996(v=msdn.10)
ee435004	mslearn-uncategorized	docs/mslearn/uncategorized/ee435004.html	MFInvalidFileFormatException Class	concept_or_overview	0			none				unrecognised_declaration_form		https://learn.microsoft.com/en-us/previous-versions/windows/embedded/ee435004(v=msdn.10)
ee435007	mslearn-uncategorized	docs/mslearn/uncategorized/ee435007.html	MFKeyConfig Class	concept_or_overview	0			none				unrecognised_declaration_form		https://learn.microsoft.com/en-us/previous-versions/windows/embedded/ee435007(v=msdn.10)
ee435010	mslearn-uncategorized	docs/mslearn/uncategorized/ee435010.html	MFNetworkConfiguration Class	concept_or_overview	0			none				unrecognised_declaration_form		https://learn.microsoft.com/en-us/previous-versions/windows/embedded/ee435010(v=msdn.10)
ee435014	mslearn-uncategorized	docs/mslearn/uncategorized/ee435014.html	MFPortDefinition Class	concept_or_overview	0			none				unrecognised_declaration_form		https://learn.microsoft.com/en-us/previous-versions/windows/embedded/ee435014(v=msdn.10)
ee435017	mslearn-uncategorized	docs/mslearn/uncategorized/ee435017.html	MFSerialPort Class	concept_or_overview	0			none				unrecognised_declaration_form		https://learn.microsoft.com/en-us/previous-versions/windows/embedded/ee435017(v=msdn.10)
ee435019	mslearn-uncategorized	docs/mslearn/uncategorized/ee435019.html	MFSignatureFailureException Class	concept_or_overview	0			none				unrecognised_declaration_form		https://learn.microsoft.com/en-us/previous-versions/windows/embedded/ee435019(v=msdn.10)
ee435024	mslearn-uncategorized	docs/mslearn/uncategorized/ee435024.html	MFTcpIpPort Class	concept_or_overview	0			none				unrecognised_declaration_form		https://learn.microsoft.com/en-us/previous-versions/windows/embedded/ee435024(v=msdn.10)
ee435027	mslearn-uncategorized	docs/mslearn/uncategorized/ee435027.html	MFUsbConfiguration Class	concept_or_overview	0			none				unrecognised_declaration_form		https://learn.microsoft.com/en-us/previous-versions/windows/embedded/ee435027(v=msdn.10)
ee435031	mslearn-uncategorized	docs/mslearn/uncategorized/ee435031.html	MFUsbPort Class	concept_or_overview	0			none				unrecognised_declaration_form		https://learn.microsoft.com/en-us/previous-versions/windows/embedded/ee435031(v=msdn.10)
ee435033	mslearn-uncategorized	docs/mslearn/uncategorized/ee435033.html	MFUserExitException Class	concept_or_overview	0			none				unrecognised_declaration_form		https://learn.microsoft.com/en-us/previous-versions/windows/embedded/ee435033(v=msdn.10)
ee435130	mslearn-uncategorized	docs/mslearn/uncategorized/ee435130.html	MulticastOption Class	concept_or_overview	0			none				unrecognised_declaration_form		https://learn.microsoft.com/en-us/previous-versions/windows/embedded/ee435130(v=msdn.10)
ee435178	mslearn-uncategorized	docs/mslearn/uncategorized/ee435178.html	NativeEventDispatcher Class	concept_or_overview	0			none				unrecognised_declaration_form		https://learn.microsoft.com/en-us/previous-versions/windows/embedded/ee435178(v=msdn.10)
ee435190	mslearn-uncategorized	docs/mslearn/uncategorized/ee435190.html	NetworkAvailabilityEventArgs Class	concept_or_overview	0			none				unrecognised_declaration_form		https://learn.microsoft.com/en-us/previous-versions/windows/embedded/ee435190(v=msdn.10)
ee435193	mslearn-uncategorized	docs/mslearn/uncategorized/ee435193.html	NetworkChange Class	concept_or_overview	0			none				unrecognised_declaration_form		https://learn.microsoft.com/en-us/previous-versions/windows/embedded/ee435193(v=msdn.10)
ee435203	mslearn-uncategorized	docs/mslearn/uncategorized/ee435203.html	NetworkInterface Class	concept_or_overview	0			syntax_section				matched		https://learn.microsoft.com/en-us/previous-versions/windows/embedded/ee435203(v=msdn.10)
ee435208	mslearn-uncategorized	docs/mslearn/uncategorized/ee435208.html	NetworkStream Class	concept_or_overview	0			none				unrecognised_declaration_form		https://learn.microsoft.com/en-us/previous-versions/windows/embedded/ee435208(v=msdn.10)
ee435241	mslearn-uncategorized	docs/mslearn/uncategorized/ee435241.html	NotifyInputEventArgs Class	concept_or_overview	0			none				unrecognised_declaration_form		https://learn.microsoft.com/en-us/previous-versions/windows/embedded/ee435241(v=msdn.10)
ee435360	mslearn-uncategorized	docs/mslearn/uncategorized/ee435360.html	OperationContractAttribute Class	concept_or_overview	0			none				unrecognised_declaration_form		https://learn.microsoft.com/en-us/previous-versions/windows/embedded/ee435360(v=msdn.10)
ee435378	mslearn-uncategorized	docs/mslearn/uncategorized/ee435378.html	OutputPort Class	concept_or_overview	0			none				unrecognised_declaration_form		https://learn.microsoft.com/en-us/previous-versions/windows/embedded/ee435378(v=msdn.10)
ee435428	mslearn-uncategorized	docs/mslearn/uncategorized/ee435428.html	Panel Class	concept_or_overview	0			none				unrecognised_declaration_form		https://learn.microsoft.com/en-us/previous-versions/windows/embedded/ee435428(v=msdn.10)
ee435476	mslearn-uncategorized	docs/mslearn/uncategorized/ee435476.html	Pen Class	concept_or_overview	0			none				unrecognised_declaration_form		https://learn.microsoft.com/en-us/previous-versions/windows/embedded/ee435476(v=msdn.10)
ee435496	mslearn-uncategorized	docs/mslearn/uncategorized/ee435496.html	Polygon Class	concept_or_overview	0			none				unrecognised_declaration_form		https://learn.microsoft.com/en-us/previous-versions/windows/embedded/ee435496(v=msdn.10)
ee435512	mslearn-uncategorized	docs/mslearn/uncategorized/ee435512.html	Port Class	concept_or_overview	0			syntax_section				matched		https://learn.microsoft.com/en-us/previous-versions/windows/embedded/ee435512(v=msdn.10)
ee435534	mslearn-uncategorized	docs/mslearn/uncategorized/ee435534.html	PowerEvent Class	concept_or_overview	0			none				unrecognised_declaration_form		https://learn.microsoft.com/en-us/previous-versions/windows/embedded/ee435534(v=msdn.10)
ee435540	mslearn-uncategorized	docs/mslearn/uncategorized/ee435540.html	PowerState Class	concept_or_overview	0			syntax_section				matched		https://learn.microsoft.com/en-us/previous-versions/windows/embedded/ee435540(v=msdn.10)
ee435566	mslearn-uncategorized	docs/mslearn/uncategorized/ee435566.html	PreProcessInputEventArgs Class	concept_or_overview	0			none				unrecognised_declaration_form		https://learn.microsoft.com/en-us/previous-versions/windows/embedded/ee435566(v=msdn.10)
ee435573	mslearn-uncategorized	docs/mslearn/uncategorized/ee435573.html	PresentationSource Class	concept_or_overview	0			none				unrecognised_declaration_form		https://learn.microsoft.com/en-us/previous-versions/windows/embedded/ee435573(v=msdn.10)
ee435600	mslearn-uncategorized	docs/mslearn/uncategorized/ee435600.html	ProcessInputEventArgs Class	concept_or_overview	0			none				unrecognised_declaration_form		https://learn.microsoft.com/en-us/previous-versions/windows/embedded/ee435600(v=msdn.10)
ee435614	mslearn-uncategorized	docs/mslearn/uncategorized/ee435614.html	PropertyChangedEventArgs Class	concept_or_overview	0			none				unrecognised_declaration_form		https://learn.microsoft.com/en-us/previous-versions/windows/embedded/ee435614(v=msdn.10)
ee435644	mslearn-uncategorized	docs/mslearn/uncategorized/ee435644.html	PublicKeyUpdateInfo Structure	concept_or_overview	0			none				unrecognised_declaration_form		https://learn.microsoft.com/en-us/previous-versions/windows/embedded/ee435644(v=msdn.10)
ee435648	mslearn-uncategorized	docs/mslearn/uncategorized/ee435648.html	PublishInApplicationDirectoryAttribute Class	concept_or_overview	0			none				unrecognised_declaration_form		https://learn.microsoft.com/en-us/previous-versions/windows/embedded/ee435648(v=msdn.10)
ee435668	mslearn-uncategorized	docs/mslearn/uncategorized/ee435668.html	RamManager Class	concept_or_overview	0			none				unrecognised_declaration_form		https://learn.microsoft.com/en-us/previous-versions/windows/embedded/ee435668(v=msdn.10)
ee435681	mslearn-uncategorized	docs/mslearn/uncategorized/ee435681.html	RawButtonInputReport Class	concept_or_overview	0			none				unrecognised_declaration_form		https://learn.microsoft.com/en-us/previous-versions/windows/embedded/ee435681(v=msdn.10)
ee435685	mslearn-uncategorized	docs/mslearn/uncategorized/ee435685.html	RawGenericInputReport Class	concept_or_overview	0			none				unrecognised_declaration_form		https://learn.microsoft.com/en-us/previous-versions/windows/embedded/ee435685(v=msdn.10)
ee435690	mslearn-uncategorized	docs/mslearn/uncategorized/ee435690.html	RawTouchInputReport Class	concept_or_overview	0			none				unrecognised_declaration_form		https://learn.microsoft.com/en-us/previous-versions/windows/embedded/ee435690(v=msdn.10)
ee435785	mslearn-uncategorized	docs/mslearn/uncategorized/ee435785.html	Rectangle Class	concept_or_overview	0			none				unrecognised_declaration_form		https://learn.microsoft.com/en-us/previous-versions/windows/embedded/ee435785(v=msdn.10)
ee435797	mslearn-uncategorized	docs/mslearn/uncategorized/ee435797.html	Reflection Class	concept_or_overview	0			none				unrecognised_declaration_form		https://learn.microsoft.com/en-us/previous-versions/windows/embedded/ee435797(v=msdn.10)
ee435826	mslearn-uncategorized	docs/mslearn/uncategorized/ee435826.html	Message.RemotedException Class	concept_or_overview	0			syntax_section				matched		https://learn.microsoft.com/en-us/previous-versions/windows/embedded/ee435826(v=msdn.10)
ee435838	mslearn-uncategorized	docs/mslearn/uncategorized/ee435838.html	RemovableMedia Class	concept_or_overview	0			none				unrecognised_declaration_form		https://learn.microsoft.com/en-us/previous-versions/windows/embedded/ee435838(v=msdn.10)
ee435924	mslearn-uncategorized	docs/mslearn/uncategorized/ee435924.html	ResourceUtility Class	concept_or_overview	0			none				unrecognised_declaration_form		https://learn.microsoft.com/en-us/previous-versions/windows/embedded/ee435924(v=msdn.10)
ee435944	mslearn-uncategorized	docs/mslearn/uncategorized/ee435944.html	RoutedEventArgs Class	concept_or_overview	0			syntax_section				matched		https://learn.microsoft.com/en-us/previous-versions/windows/embedded/ee435944(v=msdn.10)
ee435948	mslearn-uncategorized	docs/mslearn/uncategorized/ee435948.html	RoutedEventHandlerInfo Class	concept_or_overview	0			syntax_section				matched		https://learn.microsoft.com/en-us/previous-versions/windows/embedded/ee435948(v=msdn.10)
ee435954	mslearn-uncategorized	docs/mslearn/uncategorized/ee435954.html	RoutedEvent Class	concept_or_overview	0			syntax_section				matched		https://learn.microsoft.com/en-us/previous-versions/windows/embedded/ee435954(v=msdn.10)
ee435961	mslearn-uncategorized	docs/mslearn/uncategorized/ee435961.html	Key_RSA Class	concept_or_overview	0			none				first_line_not_a_declaration		https://learn.microsoft.com/en-us/previous-versions/windows/embedded/ee435961(v=msdn.10)
ee436007	mslearn-uncategorized	docs/mslearn/uncategorized/ee436007.html	ScrollChangedEventArgs Class	concept_or_overview	0			none				unrecognised_declaration_form		https://learn.microsoft.com/en-us/previous-versions/windows/embedded/ee436007(v=msdn.10)
ee436019	mslearn-uncategorized	docs/mslearn/uncategorized/ee436019.html	ScrollViewer Class	concept_or_overview	0			none				unrecognised_declaration_form		https://learn.microsoft.com/en-us/previous-versions/windows/embedded/ee436019(v=msdn.10)
ee436041	mslearn-uncategorized	docs/mslearn/uncategorized/ee436041.html	SelectionChangedEventArgs Class	concept_or_overview	0			none				unrecognised_declaration_form		https://learn.microsoft.com/en-us/previous-versions/windows/embedded/ee436041(v=msdn.10)
ee436075	mslearn-uncategorized	docs/mslearn/uncategorized/ee436075.html	SerialDataReceivedEventArgs Class	concept_or_overview	0			syntax_section				matched		https://learn.microsoft.com/en-us/previous-versions/windows/embedded/ee436075(v=msdn.10)
ee436081	mslearn-uncategorized	docs/mslearn/uncategorized/ee436081.html	SerialErrorReceivedEventArgs Class	concept_or_overview	0			syntax_section				matched		https://learn.microsoft.com/en-us/previous-versions/windows/embedded/ee436081(v=msdn.10)
ee436091	mslearn-uncategorized	docs/mslearn/uncategorized/ee436091.html	SerializationHintsAttribute Class	concept_or_overview	0			none				first_line_not_a_declaration		https://learn.microsoft.com/en-us/previous-versions/windows/embedded/ee436091(v=msdn.10)
ee436103	mslearn-uncategorized	docs/mslearn/uncategorized/ee436103.html	SerialPortCollection Class	concept_or_overview	0			none				first_line_not_a_declaration		https://learn.microsoft.com/en-us/previous-versions/windows/embedded/ee436103(v=msdn.10)
ee436108	mslearn-uncategorized	docs/mslearn/uncategorized/ee436108.html	SerialPort Class	concept_or_overview	0			syntax_section				matched		https://learn.microsoft.com/en-us/previous-versions/windows/embedded/ee436108(v=msdn.10)
ee436116	mslearn-uncategorized	docs/mslearn/uncategorized/ee436116.html	Serial Class	concept_or_overview	0			none				unrecognised_declaration_form		https://learn.microsoft.com/en-us/previous-versions/windows/embedded/ee436116(v=msdn.10)
ee436121	mslearn-uncategorized	docs/mslearn/uncategorized/ee436121.html	ServiceContractAttribute Class	concept_or_overview	0			none				unrecognised_declaration_form		https://learn.microsoft.com/en-us/previous-versions/windows/embedded/ee436121(v=msdn.10)
ee436199	mslearn-uncategorized	docs/mslearn/uncategorized/ee436199.html	Shape Class	concept_or_overview	0			none				unrecognised_declaration_form		https://learn.microsoft.com/en-us/previous-versions/windows/embedded/ee436199(v=msdn.10)
ee436244	mslearn-uncategorized	docs/mslearn/uncategorized/ee436244.html	SleepEvent Class	concept_or_overview	0			none				unrecognised_declaration_form		https://learn.microsoft.com/en-us/previous-versions/windows/embedded/ee436244(v=msdn.10)
ee436252	mslearn-uncategorized	docs/mslearn/uncategorized/ee436252.html	SoapMessageBuilder Class	concept_or_overview	0			none				unrecognised_declaration_form		https://learn.microsoft.com/en-us/previous-versions/windows/embedded/ee436252(v=msdn.10)
ee436279	mslearn-uncategorized	docs/mslearn/uncategorized/ee436279.html	CLRCapabilities.SoftwareVersionProperties Structure	concept_or_overview	0			none				unrecognised_declaration_form		https://learn.microsoft.com/en-us/previous-versions/windows/embedded/ee436279(v=msdn.10)
ee436283	mslearn-uncategorized	docs/mslearn/uncategorized/ee436283.html	SolidColorBrush Class	concept_or_overview	0			none				unrecognised_declaration_form		https://learn.microsoft.com/en-us/previous-versions/windows/embedded/ee436283(v=msdn.10)
ee436287	mslearn-uncategorized	docs/mslearn/uncategorized/ee436287.html	CLRCapabilities.SolutionInfoProperties Structure	concept_or_overview	0			none				unrecognised_declaration_form		https://learn.microsoft.com/en-us/previous-versions/windows/embedded/ee436287(v=msdn.10)
ee436300	mslearn-uncategorized	docs/mslearn/uncategorized/ee436300.html	SpiBus Class	concept_or_overview	0			none				first_line_not_a_declaration		https://learn.microsoft.com/en-us/previous-versions/windows/embedded/ee436300(v=msdn.10)
ee436304	mslearn-uncategorized	docs/mslearn/uncategorized/ee436304.html	SpiDevice Class	concept_or_overview	0			none				unrecognised_declaration_form		https://learn.microsoft.com/en-us/previous-versions/windows/embedded/ee436304(v=msdn.10)
ee436312	mslearn-uncategorized	docs/mslearn/uncategorized/ee436312.html	SPI Class	concept_or_overview	0			none				unrecognised_declaration_form		https://learn.microsoft.com/en-us/previous-versions/windows/embedded/ee436312(v=msdn.10)
ee436324	mslearn-uncategorized	docs/mslearn/uncategorized/ee436324.html	SslStream Class	concept_or_overview	0			none				unrecognised_declaration_form		https://learn.microsoft.com/en-us/previous-versions/windows/embedded/ee436324(v=msdn.10)
ee436331	mslearn-uncategorized	docs/mslearn/uncategorized/ee436331.html	StackPanel Class	concept_or_overview	0			none				unrecognised_declaration_form		https://learn.microsoft.com/en-us/previous-versions/windows/embedded/ee436331(v=msdn.10)
ee436339	mslearn-uncategorized	docs/mslearn/uncategorized/ee436339.html	StagingAreaInputItem Class	concept_or_overview	0			none				unrecognised_declaration_form		https://learn.microsoft.com/en-us/previous-versions/windows/embedded/ee436339(v=msdn.10)
ee436407	mslearn-uncategorized	docs/mslearn/uncategorized/ee436407.html	StringBuilder Class	concept_or_overview	0			syntax_section				matched		https://learn.microsoft.com/en-us/previous-versions/windows/embedded/ee436407(v=msdn.10)
ee436411	mslearn-uncategorized	docs/mslearn/uncategorized/ee436411.html	Configuration.StringDescriptor Class	concept_or_overview	0			none				unrecognised_declaration_form		https://learn.microsoft.com/en-us/previous-versions/windows/embedded/ee436411(v=msdn.10)
ee436431	mslearn-uncategorized	docs/mslearn/uncategorized/ee436431.html	SubscriptionEndEventArgs Class	concept_or_overview	0			none				unrecognised_declaration_form		https://learn.microsoft.com/en-us/previous-versions/windows/embedded/ee436431(v=msdn.10)
ee436480	mslearn-uncategorized	docs/mslearn/uncategorized/ee436480.html	SystemInfo.SystemID Class	concept_or_overview	0			none				unrecognised_declaration_form		https://learn.microsoft.com/en-us/previous-versions/windows/embedded/ee436480(v=msdn.10)
ee436483	mslearn-uncategorized	docs/mslearn/uncategorized/ee436483.html	SystemInfo Class	concept_or_overview	0			none				unrecognised_declaration_form		https://learn.microsoft.com/en-us/previous-versions/windows/embedded/ee436483(v=msdn.10)
ee436487	mslearn-uncategorized	docs/mslearn/uncategorized/ee436487.html	SystemMetrics Class	concept_or_overview	0			none				unrecognised_declaration_form		https://learn.microsoft.com/en-us/previous-versions/windows/embedded/ee436487(v=msdn.10)
ee436492	mslearn-uncategorized	docs/mslearn/uncategorized/ee436492.html	SystemTimeChangedEventArgs Class	concept_or_overview	0			none				unrecognised_declaration_form		https://learn.microsoft.com/en-us/previous-versions/windows/embedded/ee436492(v=msdn.10)
ee436498	mslearn-uncategorized	docs/mslearn/uncategorized/ee436498.html	SystemTime Class	concept_or_overview	0			none				unrecognised_declaration_form		https://learn.microsoft.com/en-us/previous-versions/windows/embedded/ee436498(v=msdn.10)
ee436524	mslearn-uncategorized	docs/mslearn/uncategorized/ee436524.html	TextFlow Class	concept_or_overview	0			none				unrecognised_declaration_form		https://learn.microsoft.com/en-us/previous-versions/windows/embedded/ee436524(v=msdn.10)
ee436533	mslearn-uncategorized	docs/mslearn/uncategorized/ee436533.html	TextRunCollection Class	concept_or_overview	0			none				first_line_not_a_declaration		https://learn.microsoft.com/en-us/previous-versions/windows/embedded/ee436533(v=msdn.10)
ee436538	mslearn-uncategorized	docs/mslearn/uncategorized/ee436538.html	TextRun Class	concept_or_overview	0			none				unrecognised_declaration_form		https://learn.microsoft.com/en-us/previous-versions/windows/embedded/ee436538(v=msdn.10)
ee436550	mslearn-uncategorized	docs/mslearn/uncategorized/ee436550.html	Text Class	concept_or_overview	0			none				unrecognised_declaration_form		https://learn.microsoft.com/en-us/previous-versions/windows/embedded/ee436550(v=msdn.10)
ee436569	mslearn-uncategorized	docs/mslearn/uncategorized/ee436569.html	Device.ThisDevice Class	concept_or_overview	0			none				unrecognised_declaration_form		https://learn.microsoft.com/en-us/previous-versions/windows/embedded/ee436569(v=msdn.10)
ee436573	mslearn-uncategorized	docs/mslearn/uncategorized/ee436573.html	Device.ThisModel Class	concept_or_overview	0			none				unrecognised_declaration_form		https://learn.microsoft.com/en-us/previous-versions/windows/embedded/ee436573(v=msdn.10)
ee436624	mslearn-uncategorized	docs/mslearn/uncategorized/ee436624.html	TimingServices.Timer Class	concept_or_overview	0			none				unrecognised_declaration_form		https://learn.microsoft.com/en-us/previous-versions/windows/embedded/ee436624(v=msdn.10)
ee436628	mslearn-uncategorized	docs/mslearn/uncategorized/ee436628.html	TimeServiceSettings Class	concept_or_overview	0			none				unrecognised_declaration_form		https://learn.microsoft.com/en-us/previous-versions/windows/embedded/ee436628(v=msdn.10)
ee436634	mslearn-uncategorized	docs/mslearn/uncategorized/ee436634.html	TimeServiceStatus Class	concept_or_overview	0			none				unrecognised_declaration_form		https://learn.microsoft.com/en-us/previous-versions/windows/embedded/ee436634(v=msdn.10)
ee436639	mslearn-uncategorized	docs/mslearn/uncategorized/ee436639.html	TimeService Class	concept_or_overview	0			none				unrecognised_declaration_form		https://learn.microsoft.com/en-us/previous-versions/windows/embedded/ee436639(v=msdn.10)
ee436652	mslearn-uncategorized	docs/mslearn/uncategorized/ee436652.html	TimeSyncFailedEventArgs Class	concept_or_overview	0			none				unrecognised_declaration_form		https://learn.microsoft.com/en-us/previous-versions/windows/embedded/ee436652(v=msdn.10)
ee436672	mslearn-uncategorized	docs/mslearn/uncategorized/ee436672.html	TimeZoneInformation Class	concept_or_overview	0			none				unrecognised_declaration_form		https://learn.microsoft.com/en-us/previous-versions/windows/embedded/ee436672(v=msdn.10)
ee436690	mslearn-uncategorized	docs/mslearn/uncategorized/ee436690.html	TimingServices Class	concept_or_overview	0			none				unrecognised_declaration_form		https://learn.microsoft.com/en-us/previous-versions/windows/embedded/ee436690(v=msdn.10)
ee436695	mslearn-uncategorized	docs/mslearn/uncategorized/ee436695.html	Key_TinyEncryptionAlgorithm Class	concept_or_overview	0			none				first_line_not_a_declaration		https://learn.microsoft.com/en-us/previous-versions/windows/embedded/ee436695(v=msdn.10)
ee436790	mslearn-uncategorized	docs/mslearn/uncategorized/ee436790.html	TouchCapture Class	concept_or_overview	0			none				unrecognised_declaration_form		https://learn.microsoft.com/en-us/previous-versions/windows/embedded/ee436790(v=msdn.10)
ee436794	mslearn-uncategorized	docs/mslearn/uncategorized/ee436794.html	TouchCollectorConfiguration Class	concept_or_overview	0			none				unrecognised_declaration_form		https://learn.microsoft.com/en-us/previous-versions/windows/embedded/ee436794(v=msdn.10)
ee436799	mslearn-uncategorized	docs/mslearn/uncategorized/ee436799.html	TouchDevice Class	concept_or_overview	0			none				unrecognised_declaration_form		https://learn.microsoft.com/en-us/previous-versions/windows/embedded/ee436799(v=msdn.10)
ee436809	mslearn-uncategorized	docs/mslearn/uncategorized/ee436809.html	TouchEventArgs Class	concept_or_overview	0			none				unrecognised_declaration_form		https://learn.microsoft.com/en-us/previous-versions/windows/embedded/ee436809(v=msdn.10)
ee436815	mslearn-uncategorized	docs/mslearn/uncategorized/ee436815.html	TouchEvents Class	concept_or_overview	0			none				unrecognised_declaration_form		https://learn.microsoft.com/en-us/previous-versions/windows/embedded/ee436815(v=msdn.10)
ee436819	mslearn-uncategorized	docs/mslearn/uncategorized/ee436819.html	TouchEvent Class	concept_or_overview	0			syntax_section				matched		https://learn.microsoft.com/en-us/previous-versions/windows/embedded/ee436819(v=msdn.10)
ee436825	mslearn-uncategorized	docs/mslearn/uncategorized/ee436825.html	TouchGestureEventArgs Class	concept_or_overview	0			none				unrecognised_declaration_form		https://learn.microsoft.com/en-us/previous-versions/windows/embedded/ee436825(v=msdn.10)
ee436835	mslearn-uncategorized	docs/mslearn/uncategorized/ee436835.html	TouchInput Structure	concept_or_overview	0			none				unrecognised_declaration_form		https://learn.microsoft.com/en-us/previous-versions/windows/embedded/ee436835(v=msdn.10)
ee436843	mslearn-uncategorized	docs/mslearn/uncategorized/ee436843.html	TouchPanel Class	concept_or_overview	0			none				unrecognised_declaration_form		https://learn.microsoft.com/en-us/previous-versions/windows/embedded/ee436843(v=msdn.10)
ee436850	mslearn-uncategorized	docs/mslearn/uncategorized/ee436850.html	Touch Class	concept_or_overview	0			none				unrecognised_declaration_form		https://learn.microsoft.com/en-us/previous-versions/windows/embedded/ee436850(v=msdn.10)
ee436861	mslearn-uncategorized	docs/mslearn/uncategorized/ee436861.html	Trace Class	concept_or_overview	0			none				unrecognised_declaration_form		https://learn.microsoft.com/en-us/previous-versions/windows/embedded/ee436861(v=msdn.10)
ee436884	mslearn-uncategorized	docs/mslearn/uncategorized/ee436884.html	TristatePort Class	concept_or_overview	0			syntax_section				matched		https://learn.microsoft.com/en-us/previous-versions/windows/embedded/ee436884(v=msdn.10)
ee436905	mslearn-uncategorized	docs/mslearn/uncategorized/ee436905.html	UdpClient Class	concept_or_overview	0			none				unrecognised_declaration_form		https://learn.microsoft.com/en-us/previous-versions/windows/embedded/ee436905(v=msdn.10)
ee436909	mslearn-uncategorized	docs/mslearn/uncategorized/ee436909.html	UIElementCollection Class	concept_or_overview	0			none				first_line_not_a_declaration		https://learn.microsoft.com/en-us/previous-versions/windows/embedded/ee436909(v=msdn.10)
ee436913	mslearn-uncategorized	docs/mslearn/uncategorized/ee436913.html	UIElement Class	concept_or_overview	0			none				unrecognised_declaration_form		https://learn.microsoft.com/en-us/previous-versions/windows/embedded/ee436913(v=msdn.10)
ee436943	mslearn-uncategorized	docs/mslearn/uncategorized/ee436943.html	UnknownTypeException Class	concept_or_overview	0			none				unrecognised_declaration_form		https://learn.microsoft.com/en-us/previous-versions/windows/embedded/ee436943(v=msdn.10)
ee436970	mslearn-uncategorized	docs/mslearn/uncategorized/ee436970.html	Uri Class	concept_or_overview	0			none				unrecognised_declaration_form		https://learn.microsoft.com/en-us/previous-versions/windows/embedded/ee436970(v=msdn.10)
ee436980	mslearn-uncategorized	docs/mslearn/uncategorized/ee436980.html	UsbController Class	concept_or_overview	0			syntax_section				matched		https://learn.microsoft.com/en-us/previous-versions/windows/embedded/ee436980(v=msdn.10)
ee436984	mslearn-uncategorized	docs/mslearn/uncategorized/ee436984.html	Configuration.UsbInterface Class	concept_or_overview	0			none				unrecognised_declaration_form		https://learn.microsoft.com/en-us/previous-versions/windows/embedded/ee436984(v=msdn.10)
ee436988	mslearn-uncategorized	docs/mslearn/uncategorized/ee436988.html	UsbStream Class	concept_or_overview	0			none				unrecognised_declaration_form		https://learn.microsoft.com/en-us/previous-versions/windows/embedded/ee436988(v=msdn.10)
ee437010	mslearn-uncategorized	docs/mslearn/uncategorized/ee437010.html	Utility Class	concept_or_overview	0			syntax_section				matched		https://learn.microsoft.com/en-us/previous-versions/windows/embedded/ee437010(v=msdn.10)
ee437064	mslearn-uncategorized	docs/mslearn/uncategorized/ee437064.html	VolumeInfo Class	concept_or_overview	0			none				unrecognised_declaration_form		https://learn.microsoft.com/en-us/previous-versions/windows/embedded/ee437064(v=msdn.10)
ee437097	mslearn-uncategorized	docs/mslearn/uncategorized/ee437097.html	WatchdogEvent Class	concept_or_overview	0			none				unrecognised_declaration_form		https://learn.microsoft.com/en-us/previous-versions/windows/embedded/ee437097(v=msdn.10)
ee437101	mslearn-uncategorized	docs/mslearn/uncategorized/ee437101.html	WatchdogException Class	concept_or_overview	0			none				first_line_not_a_declaration		https://learn.microsoft.com/en-us/previous-versions/windows/embedded/ee437101(v=msdn.10)
ee437107	mslearn-uncategorized	docs/mslearn/uncategorized/ee437107.html	Watchdog Class	concept_or_overview	0			none				unrecognised_declaration_form		https://learn.microsoft.com/en-us/previous-versions/windows/embedded/ee437107(v=msdn.10)
ee437113	mslearn-uncategorized	docs/mslearn/uncategorized/ee437113.html	WeakDelegate Class	concept_or_overview	0			syntax_section				matched		https://learn.microsoft.com/en-us/previous-versions/windows/embedded/ee437113(v=msdn.10)
ee437155	mslearn-uncategorized	docs/mslearn/uncategorized/ee437155.html	WindowCollection Class	concept_or_overview	0			none				first_line_not_a_declaration		https://learn.microsoft.com/en-us/previous-versions/windows/embedded/ee437155(v=msdn.10)
ee437159	mslearn-uncategorized	docs/mslearn/uncategorized/ee437159.html	WindowManager Class	concept_or_overview	0			none				unrecognised_declaration_form		https://learn.microsoft.com/en-us/previous-versions/windows/embedded/ee437159(v=msdn.10)
ee437166	mslearn-uncategorized	docs/mslearn/uncategorized/ee437166.html	Window Class	concept_or_overview	0			none				unrecognised_declaration_form		https://learn.microsoft.com/en-us/previous-versions/windows/embedded/ee437166(v=msdn.10)
ee437173	mslearn-uncategorized	docs/mslearn/uncategorized/ee437173.html	Wireless80211 Class	concept_or_overview	0			none				unrecognised_declaration_form		https://learn.microsoft.com/en-us/previous-versions/windows/embedded/ee437173(v=msdn.10)
ee437252	mslearn-uncategorized	docs/mslearn/uncategorized/ee437252.html	WsdIPAddress Class	concept_or_overview	0			none				unrecognised_declaration_form		https://learn.microsoft.com/en-us/previous-versions/windows/embedded/ee437252(v=msdn.10)
ee437257	mslearn-uncategorized	docs/mslearn/uncategorized/ee437257.html	WsDuration Class	concept_or_overview	0			none				unrecognised_declaration_form		https://learn.microsoft.com/en-us/previous-versions/windows/embedded/ee437257(v=msdn.10)
ee437263	mslearn-uncategorized	docs/mslearn/uncategorized/ee437263.html	WsFaultException Class	concept_or_overview	0			none				unrecognised_declaration_form		https://learn.microsoft.com/en-us/previous-versions/windows/embedded/ee437263(v=msdn.10)
ee437268	mslearn-uncategorized	docs/mslearn/uncategorized/ee437268.html	WsHttpClient Class	concept_or_overview	0			none				unrecognised_declaration_form		https://learn.microsoft.com/en-us/previous-versions/windows/embedded/ee437268(v=msdn.10)
ee437275	mslearn-uncategorized	docs/mslearn/uncategorized/ee437275.html	WsMtomBodyParts Class	concept_or_overview	0			none				unrecognised_declaration_form		https://learn.microsoft.com/en-us/previous-versions/windows/embedded/ee437275(v=msdn.10)
ee437279	mslearn-uncategorized	docs/mslearn/uncategorized/ee437279.html	WsMtomBodyPart Class	concept_or_overview	0			none				unrecognised_declaration_form		https://learn.microsoft.com/en-us/previous-versions/windows/embedded/ee437279(v=msdn.10)
ee437283	mslearn-uncategorized	docs/mslearn/uncategorized/ee437283.html	WsServiceEndpoints Class	concept_or_overview	0			none				unrecognised_declaration_form		https://learn.microsoft.com/en-us/previous-versions/windows/embedded/ee437283(v=msdn.10)
ee437287	mslearn-uncategorized	docs/mslearn/uncategorized/ee437287.html	WsServiceOperations Class	concept_or_overview	0			none				unrecognised_declaration_form		https://learn.microsoft.com/en-us/previous-versions/windows/embedded/ee437287(v=msdn.10)
ee437291	mslearn-uncategorized	docs/mslearn/uncategorized/ee437291.html	WsServiceOperation Class	concept_or_overview	0			none				unrecognised_declaration_form		https://learn.microsoft.com/en-us/previous-versions/windows/embedded/ee437291(v=msdn.10)
ee437297	mslearn-uncategorized	docs/mslearn/uncategorized/ee437297.html	WsSoapMessageParser Class	concept_or_overview	0			none				unrecognised_declaration_form		https://learn.microsoft.com/en-us/previous-versions/windows/embedded/ee437297(v=msdn.10)
ee437301	mslearn-uncategorized	docs/mslearn/uncategorized/ee437301.html	WsWellKnownUri Class	concept_or_overview	0			none				unrecognised_declaration_form		https://learn.microsoft.com/en-us/previous-versions/windows/embedded/ee437301(v=msdn.10)
ee437304	mslearn-uncategorized	docs/mslearn/uncategorized/ee437304.html	WsWsaEndpointRefs Class	concept_or_overview	0			none				unrecognised_declaration_form		https://learn.microsoft.com/en-us/previous-versions/windows/embedded/ee437304(v=msdn.10)
ee437308	mslearn-uncategorized	docs/mslearn/uncategorized/ee437308.html	WsWsaEndpointRef Class	concept_or_overview	0			none				unrecognised_declaration_form		https://learn.microsoft.com/en-us/previous-versions/windows/embedded/ee437308(v=msdn.10)
ee437312	mslearn-uncategorized	docs/mslearn/uncategorized/ee437312.html	WsWsaHeader Class	concept_or_overview	0			syntax_section				matched		https://learn.microsoft.com/en-us/previous-versions/windows/embedded/ee437312(v=msdn.10)
ee437317	mslearn-uncategorized	docs/mslearn/uncategorized/ee437317.html	WsXmlAttributeCollection Class	concept_or_overview	0			none				unrecognised_declaration_form		https://learn.microsoft.com/en-us/previous-versions/windows/embedded/ee437317(v=msdn.10)
ee437321	mslearn-uncategorized	docs/mslearn/uncategorized/ee437321.html	WsXmlAttribute Class	concept_or_overview	0			none				unrecognised_declaration_form		https://learn.microsoft.com/en-us/previous-versions/windows/embedded/ee437321(v=msdn.10)
ee437325	mslearn-uncategorized	docs/mslearn/uncategorized/ee437325.html	WsXmlConvert Class	concept_or_overview	0			none				unrecognised_declaration_form		https://learn.microsoft.com/en-us/previous-versions/windows/embedded/ee437325(v=msdn.10)
ee437328	mslearn-uncategorized	docs/mslearn/uncategorized/ee437328.html	WsXmlElement Class	concept_or_overview	0			none				unrecognised_declaration_form		https://learn.microsoft.com/en-us/previous-versions/windows/embedded/ee437328(v=msdn.10)
ee437330	mslearn-uncategorized	docs/mslearn/uncategorized/ee437330.html	WsXmlNamespaces Class	concept_or_overview	0			syntax_section				matched		https://learn.microsoft.com/en-us/previous-versions/windows/embedded/ee437330(v=msdn.10)
ee437335	mslearn-uncategorized	docs/mslearn/uncategorized/ee437335.html	WsXmlNamespace Class	concept_or_overview	0			none				unrecognised_declaration_form		https://learn.microsoft.com/en-us/previous-versions/windows/embedded/ee437335(v=msdn.10)
ee437339	mslearn-uncategorized	docs/mslearn/uncategorized/ee437339.html	WsXmlNodeList Class	concept_or_overview	0			none				unrecognised_declaration_form		https://learn.microsoft.com/en-us/previous-versions/windows/embedded/ee437339(v=msdn.10)
ee437343	mslearn-uncategorized	docs/mslearn/uncategorized/ee437343.html	WsXmlNode Class	concept_or_overview	0			none				unrecognised_declaration_form		https://learn.microsoft.com/en-us/previous-versions/windows/embedded/ee437343(v=msdn.10)
ee437351	mslearn-uncategorized	docs/mslearn/uncategorized/ee437351.html	X509Certificate Class	concept_or_overview	0			none				first_line_not_a_declaration		https://learn.microsoft.com/en-us/previous-versions/windows/embedded/ee437351(v=msdn.10)
ee437385	mslearn-uncategorized	docs/mslearn/uncategorized/ee437385.html	XmlWriter Class	concept_or_overview	0			none				unrecognised_declaration_form		https://learn.microsoft.com/en-us/previous-versions/windows/embedded/ee437385(v=msdn.10)
ee437404	mslearn-uncategorized	docs/mslearn/uncategorized/ee437404.html	Logger Class	concept_or_overview	0			none				unrecognised_declaration_form		https://learn.microsoft.com/en-us/previous-versions/windows/embedded/ee437404(v=msdn.10)
ee437406	mslearn-uncategorized	docs/mslearn/uncategorized/ee437406.html	MFSvcImporter Class	concept_or_overview	0			none				unrecognised_declaration_form		https://learn.microsoft.com/en-us/previous-versions/windows/embedded/ee437406(v=msdn.10)
ff688960	mslearn-uncategorized	docs/mslearn/uncategorized/ff688960.html	BindingContext Class	concept_or_overview	0			none				unrecognised_declaration_form		https://learn.microsoft.com/en-us/previous-versions/windows/embedded/ff688960(v=msdn.10)
ff688965	mslearn-uncategorized	docs/mslearn/uncategorized/ff688965.html	BindingElement Class	concept_or_overview	0			none				unrecognised_declaration_form		https://learn.microsoft.com/en-us/previous-versions/windows/embedded/ff688965(v=msdn.10)
ff688970	mslearn-uncategorized	docs/mslearn/uncategorized/ff688970.html	BindingProperty Class	concept_or_overview	0			none				unrecognised_declaration_form		https://learn.microsoft.com/en-us/previous-versions/windows/embedded/ff688970(v=msdn.10)
ff688974	mslearn-uncategorized	docs/mslearn/uncategorized/ff688974.html	Binding Class	concept_or_overview	0			none				unrecognised_declaration_form		https://learn.microsoft.com/en-us/previous-versions/windows/embedded/ff688974(v=msdn.10)
ff688984	mslearn-uncategorized	docs/mslearn/uncategorized/ff688984.html	ClientBindingContext Class	concept_or_overview	0			none				unrecognised_declaration_form		https://learn.microsoft.com/en-us/previous-versions/windows/embedded/ff688984(v=msdn.10)
ff689002	mslearn-uncategorized	docs/mslearn/uncategorized/ff689002.html	CommunicationObject Class	concept_or_overview	0			none				unrecognised_declaration_form		https://learn.microsoft.com/en-us/previous-versions/windows/embedded/ff689002(v=msdn.10)
ff689063	mslearn-uncategorized	docs/mslearn/uncategorized/ff689063.html	CustomBinding Class	concept_or_overview	0			none				unrecognised_declaration_form		https://learn.microsoft.com/en-us/previous-versions/windows/embedded/ff689063(v=msdn.10)
ff689107	mslearn-uncategorized	docs/mslearn/uncategorized/ff689107.html	HttpTransportBindingConfig Class	concept_or_overview	0			none				unrecognised_declaration_form		https://learn.microsoft.com/en-us/previous-versions/windows/embedded/ff689107(v=msdn.10)
ff689112	mslearn-uncategorized	docs/mslearn/uncategorized/ff689112.html	HttpTransportBindingElement Class	concept_or_overview	0			none				unrecognised_declaration_form		https://learn.microsoft.com/en-us/previous-versions/windows/embedded/ff689112(v=msdn.10)
ff689117	mslearn-uncategorized	docs/mslearn/uncategorized/ff689117.html	ICommunicationObject Interface	concept_or_overview	0			none				unrecognised_declaration_form		https://learn.microsoft.com/en-us/previous-versions/windows/embedded/ff689117(v=msdn.10)
ff689131	mslearn-uncategorized	docs/mslearn/uncategorized/ff689131.html	IReplyChannel Interface	concept_or_overview	0			none				unrecognised_declaration_form		https://learn.microsoft.com/en-us/previous-versions/windows/embedded/ff689131(v=msdn.10)
ff689135	mslearn-uncategorized	docs/mslearn/uncategorized/ff689135.html	IRequestChannel Interface	concept_or_overview	0			none				unrecognised_declaration_form		https://learn.microsoft.com/en-us/previous-versions/windows/embedded/ff689135(v=msdn.10)
ff689153	mslearn-uncategorized	docs/mslearn/uncategorized/ff689153.html	MessageEncodingBindingElement Class	concept_or_overview	0			none				unrecognised_declaration_form		https://learn.microsoft.com/en-us/previous-versions/windows/embedded/ff689153(v=msdn.10)
ff689189	mslearn-uncategorized	docs/mslearn/uncategorized/ff689189.html	ProtocolVersion10 Class	concept_or_overview	0			none				unrecognised_declaration_form		https://learn.microsoft.com/en-us/previous-versions/windows/embedded/ff689189(v=msdn.10)
ff689193	mslearn-uncategorized	docs/mslearn/uncategorized/ff689193.html	ProtocolVersion11 Class	concept_or_overview	0			none				unrecognised_declaration_form		https://learn.microsoft.com/en-us/previous-versions/windows/embedded/ff689193(v=msdn.10)
ff689197	mslearn-uncategorized	docs/mslearn/uncategorized/ff689197.html	ProtocolVersion Class	concept_or_overview	0			none				unrecognised_declaration_form		https://learn.microsoft.com/en-us/previous-versions/windows/embedded/ff689197(v=msdn.10)
ff689214	mslearn-uncategorized	docs/mslearn/uncategorized/ff689214.html	ReplyChannel Class	concept_or_overview	0			none				unrecognised_declaration_form		https://learn.microsoft.com/en-us/previous-versions/windows/embedded/ff689214(v=msdn.10)
ff689220	mslearn-uncategorized	docs/mslearn/uncategorized/ff689220.html	RequestChannel Class	concept_or_overview	0			none				unrecognised_declaration_form		https://learn.microsoft.com/en-us/previous-versions/windows/embedded/ff689220(v=msdn.10)
ff689225	mslearn-uncategorized	docs/mslearn/uncategorized/ff689225.html	RequestContext Class	concept_or_overview	0			none				unrecognised_declaration_form		https://learn.microsoft.com/en-us/previous-versions/windows/embedded/ff689225(v=msdn.10)
ff689234	mslearn-uncategorized	docs/mslearn/uncategorized/ff689234.html	ServerBindingContext Class	concept_or_overview	0			none				unrecognised_declaration_form		https://learn.microsoft.com/en-us/previous-versions/windows/embedded/ff689234(v=msdn.10)
ff689256	mslearn-uncategorized	docs/mslearn/uncategorized/ff689256.html	TransportBindingElement Class	concept_or_overview	0			none				unrecognised_declaration_form		https://learn.microsoft.com/en-us/previous-versions/windows/embedded/ff689256(v=msdn.10)
ff689262	mslearn-uncategorized	docs/mslearn/uncategorized/ff689262.html	UdpTransportBindingConfig Class	concept_or_overview	0			none				unrecognised_declaration_form		https://learn.microsoft.com/en-us/previous-versions/windows/embedded/ff689262(v=msdn.10)
ff689266	mslearn-uncategorized	docs/mslearn/uncategorized/ff689266.html	UdpTransportBindingElement Class	concept_or_overview	0			none				unrecognised_declaration_form		https://learn.microsoft.com/en-us/previous-versions/windows/embedded/ff689266(v=msdn.10)
ff689284	mslearn-uncategorized	docs/mslearn/uncategorized/ff689284.html	WS2007HttpBinding Class	concept_or_overview	0			none				unrecognised_declaration_form		https://learn.microsoft.com/en-us/previous-versions/windows/embedded/ff689284(v=msdn.10)
ff689291	mslearn-uncategorized	docs/mslearn/uncategorized/ff689291.html	WsDiscovery Class	concept_or_overview	0			none				unrecognised_declaration_form		https://learn.microsoft.com/en-us/previous-versions/windows/embedded/ff689291(v=msdn.10)
ff700573	mslearn-uncategorized	docs/mslearn/uncategorized/ff700573.html	DpwsDiscoGreeting Class	concept_or_overview	0			none				unrecognised_declaration_form		https://learn.microsoft.com/en-us/previous-versions/windows/embedded/ff700573(v=msdn.10)
ff700624	mslearn-uncategorized	docs/mslearn/uncategorized/ff700624.html	ManagedDiscovery Class	concept_or_overview	0			none				unrecognised_declaration_form		https://learn.microsoft.com/en-us/previous-versions/windows/embedded/ff700624(v=msdn.10)
ff728020	mslearn-uncategorized	docs/mslearn/uncategorized/ff728020.html	Reflection.AssemblyMemoryInfo Class	concept_or_overview	0			none				unrecognised_declaration_form		https://learn.microsoft.com/en-us/previous-versions/windows/embedded/ff728020(v=msdn.10)
hh399302	mslearn-uncategorized	docs/mslearn/uncategorized/hh399302.html	CryptographicException Class	concept_or_overview	0			none				unrecognised_declaration_form		https://learn.microsoft.com/en-us/previous-versions/windows/embedded/hh399302(v=msdn.10)
hh399307	mslearn-uncategorized	docs/mslearn/uncategorized/hh399307.html	CryptographicUnexpectedOperationException Class	concept_or_overview	0			none				unrecognised_declaration_form		https://learn.microsoft.com/en-us/previous-versions/windows/embedded/hh399307(v=msdn.10)
hh399314	mslearn-uncategorized	docs/mslearn/uncategorized/hh399314.html	CryptoKey Class	concept_or_overview	0			none				unrecognised_declaration_form		https://learn.microsoft.com/en-us/previous-versions/windows/embedded/hh399314(v=msdn.10)
hh399319	mslearn-uncategorized	docs/mslearn/uncategorized/hh399319.html	CryptokiAttribute Class	concept_or_overview	0			none				unrecognised_declaration_form		https://learn.microsoft.com/en-us/previous-versions/windows/embedded/hh399319(v=msdn.10)
hh399323	mslearn-uncategorized	docs/mslearn/uncategorized/hh399323.html	CryptokiCertificate Class	concept_or_overview	0			none				unrecognised_declaration_form		https://learn.microsoft.com/en-us/previous-versions/windows/embedded/hh399323(v=msdn.10)
hh399329	mslearn-uncategorized	docs/mslearn/uncategorized/hh399329.html	CryptokiDigest Class	concept_or_overview	0			none				unrecognised_declaration_form		https://learn.microsoft.com/en-us/previous-versions/windows/embedded/hh399329(v=msdn.10)
hh399335	mslearn-uncategorized	docs/mslearn/uncategorized/hh399335.html	CryptokiObject Class	concept_or_overview	0			none				unrecognised_declaration_form		https://learn.microsoft.com/en-us/previous-versions/windows/embedded/hh399335(v=msdn.10)
hh399340	mslearn-uncategorized	docs/mslearn/uncategorized/hh399340.html	CryptokiRNG Class	concept_or_overview	0			none				unrecognised_declaration_form		https://learn.microsoft.com/en-us/previous-versions/windows/embedded/hh399340(v=msdn.10)
hh399345	mslearn-uncategorized	docs/mslearn/uncategorized/hh399345.html	CryptokiSign Class	concept_or_overview	0			none				unrecognised_declaration_form		https://learn.microsoft.com/en-us/previous-versions/windows/embedded/hh399345(v=msdn.10)
hh399351	mslearn-uncategorized	docs/mslearn/uncategorized/hh399351.html	CryptokiVerify Class	concept_or_overview	0			none				unrecognised_declaration_form		https://learn.microsoft.com/en-us/previous-versions/windows/embedded/hh399351(v=msdn.10)
hh399356	mslearn-uncategorized	docs/mslearn/uncategorized/hh399356.html	CryptokiVersion Class	concept_or_overview	0			none				unrecognised_declaration_form		https://learn.microsoft.com/en-us/previous-versions/windows/embedded/hh399356(v=msdn.10)
hh399359	mslearn-uncategorized	docs/mslearn/uncategorized/hh399359.html	Cryptoki Class	concept_or_overview	0			none				unrecognised_declaration_form		https://learn.microsoft.com/en-us/previous-versions/windows/embedded/hh399359(v=msdn.10)
hh399801	mslearn-uncategorized	docs/mslearn/uncategorized/hh399801.html	EditorBrowsableAttribute Class	concept_or_overview	0			none				first_line_not_a_declaration		https://learn.microsoft.com/en-us/previous-versions/windows/embedded/hh399801(v=msdn.10)
hh399809	mslearn-uncategorized	docs/mslearn/uncategorized/hh399809.html	Ellipse Class	concept_or_overview	0			none				unrecognised_declaration_form		https://learn.microsoft.com/en-us/previous-versions/windows/embedded/hh399809(v=msdn.10)
hh399821	mslearn-uncategorized	docs/mslearn/uncategorized/hh399821.html	EmulatorComponentCollection Class	concept_or_overview	0			none				unrecognised_declaration_form		https://learn.microsoft.com/en-us/previous-versions/windows/embedded/hh399821(v=msdn.10)
hh399827	mslearn-uncategorized	docs/mslearn/uncategorized/hh399827.html	EmulatorComponent Class	concept_or_overview	0			none				unrecognised_declaration_form		https://learn.microsoft.com/en-us/previous-versions/windows/embedded/hh399827(v=msdn.10)
hh399835	mslearn-uncategorized	docs/mslearn/uncategorized/hh399835.html	Emulator Class	concept_or_overview	0			none				unrecognised_declaration_form		https://learn.microsoft.com/en-us/previous-versions/windows/embedded/hh399835(v=msdn.10)
hh399868	mslearn-uncategorized	docs/mslearn/uncategorized/hh399868.html	Encryptor Class	concept_or_overview	0			none				unrecognised_declaration_form		https://learn.microsoft.com/en-us/previous-versions/windows/embedded/hh399868(v=msdn.10)
hh399893	mslearn-uncategorized	docs/mslearn/uncategorized/hh399893.html	Configuration.Endpoint Class	concept_or_overview	0			none				unrecognised_declaration_form		https://learn.microsoft.com/en-us/previous-versions/windows/embedded/hh399893(v=msdn.10)
hh399897	mslearn-uncategorized	docs/mslearn/uncategorized/hh399897.html	EndPoint Class	concept_or_overview	0			syntax_section				matched		https://learn.microsoft.com/en-us/previous-versions/windows/embedded/hh399897(v=msdn.10)
hh400117	mslearn-uncategorized	docs/mslearn/uncategorized/hh400117.html	UIElementCollection.Enumerator Structure	concept_or_overview	0			none				unrecognised_declaration_form		https://learn.microsoft.com/en-us/previous-versions/windows/embedded/hh400117(v=msdn.10)
hh400121	mslearn-uncategorized	docs/mslearn/uncategorized/hh400121.html	EnumMemberAttribute Class	concept_or_overview	0			none				unrecognised_declaration_form		https://learn.microsoft.com/en-us/previous-versions/windows/embedded/hh400121(v=msdn.10)
hh400183	mslearn-uncategorized	docs/mslearn/uncategorized/hh400183.html	CLRCapabilities.EvaluationVersionProperties Structure	concept_or_overview	0			none				unrecognised_declaration_form		https://learn.microsoft.com/en-us/previous-versions/windows/embedded/hh400183(v=msdn.10)
hh400188	mslearn-uncategorized	docs/mslearn/uncategorized/hh400188.html	EventArgs Class	concept_or_overview	0			syntax_section				matched		https://learn.microsoft.com/en-us/previous-versions/windows/embedded/hh400188(v=msdn.10)
hh400196	mslearn-uncategorized	docs/mslearn/uncategorized/hh400196.html	EventHandlersStore Class	concept_or_overview	0			none				first_line_not_a_declaration		https://learn.microsoft.com/en-us/previous-versions/windows/embedded/hh400196(v=msdn.10)
hh400211	mslearn-uncategorized	docs/mslearn/uncategorized/hh400211.html	EventRoute Class	concept_or_overview	0			syntax_section				matched		https://learn.microsoft.com/en-us/previous-versions/windows/embedded/hh400211(v=msdn.10)
hh400214	mslearn-uncategorized	docs/mslearn/uncategorized/hh400214.html	EventSink Class	concept_or_overview	0			none				unrecognised_declaration_form		https://learn.microsoft.com/en-us/previous-versions/windows/embedded/hh400214(v=msdn.10)
hh400237	mslearn-uncategorized	docs/mslearn/uncategorized/hh400237.html	ExecutionConstraint Class	concept_or_overview	0			syntax_section				matched		https://learn.microsoft.com/en-us/previous-versions/windows/embedded/hh400237(v=msdn.10)
hh400456	mslearn-uncategorized	docs/mslearn/uncategorized/hh400456.html	GloballySynchronizedAttribute Class	concept_or_overview	0			none				first_line_not_a_declaration		https://learn.microsoft.com/en-us/previous-versions/windows/embedded/hh400456(v=msdn.10)
hh400461	mslearn-uncategorized	docs/mslearn/uncategorized/hh400461.html	GpioCollection Class	concept_or_overview	0			none				first_line_not_a_declaration		https://learn.microsoft.com/en-us/previous-versions/windows/embedded/hh400461(v=msdn.10)
hh400469	mslearn-uncategorized	docs/mslearn/uncategorized/hh400469.html	GpioPort Class	concept_or_overview	0			none				unrecognised_declaration_form		https://learn.microsoft.com/en-us/previous-versions/windows/embedded/hh400469(v=msdn.10)
hh400494	mslearn-uncategorized	docs/mslearn/uncategorized/hh400494.html	CLRCapabilities.HalSystemInfoProperties Structure	concept_or_overview	0			none				unrecognised_declaration_form		https://learn.microsoft.com/en-us/previous-versions/windows/embedded/hh400494(v=msdn.10)
hh400605	mslearn-uncategorized	docs/mslearn/uncategorized/hh400605.html	InkCanvas Class	concept_or_overview	0			none				unrecognised_declaration_form		https://learn.microsoft.com/en-us/previous-versions/windows/embedded/hh400605(v=msdn.10)
hh400612	mslearn-uncategorized	docs/mslearn/uncategorized/hh400612.html	Ink Class	concept_or_overview	0			none				unrecognised_declaration_form		https://learn.microsoft.com/en-us/previous-versions/windows/embedded/hh400612(v=msdn.10)
hh400622	mslearn-uncategorized	docs/mslearn/uncategorized/hh400622.html	InputDevice Class	concept_or_overview	0			none				unrecognised_declaration_form		https://learn.microsoft.com/en-us/previous-versions/windows/embedded/hh400622(v=msdn.10)
hh400627	mslearn-uncategorized	docs/mslearn/uncategorized/hh400627.html	InputEventArgs Class	concept_or_overview	0			none				unrecognised_declaration_form		https://learn.microsoft.com/en-us/previous-versions/windows/embedded/hh400627(v=msdn.10)
hh400634	mslearn-uncategorized	docs/mslearn/uncategorized/hh400634.html	InputManager Class	concept_or_overview	0			none				unrecognised_declaration_form		https://learn.microsoft.com/en-us/previous-versions/windows/embedded/hh400634(v=msdn.10)
hh400640	mslearn-uncategorized	docs/mslearn/uncategorized/hh400640.html	InputPort Class	concept_or_overview	0			none				unrecognised_declaration_form		https://learn.microsoft.com/en-us/previous-versions/windows/embedded/hh400640(v=msdn.10)
hh400646	mslearn-uncategorized	docs/mslearn/uncategorized/hh400646.html	InputProviderSite Class	concept_or_overview	0			none				unrecognised_declaration_form		https://learn.microsoft.com/en-us/previous-versions/windows/embedded/hh400646(v=msdn.10)
hh400651	mslearn-uncategorized	docs/mslearn/uncategorized/hh400651.html	InputReportEventArgs Class	concept_or_overview	0			none				unrecognised_declaration_form		https://learn.microsoft.com/en-us/previous-versions/windows/embedded/hh400651(v=msdn.10)
hh400658	mslearn-uncategorized	docs/mslearn/uncategorized/hh400658.html	InputReport Class	concept_or_overview	0			none				unrecognised_declaration_form		https://learn.microsoft.com/en-us/previous-versions/windows/embedded/hh400658(v=msdn.10)
hh400720	mslearn-uncategorized	docs/mslearn/uncategorized/hh400720.html	InterruptPort Class	concept_or_overview	0			syntax_section				matched		https://learn.microsoft.com/en-us/previous-versions/windows/embedded/hh400720(v=msdn.10)
hh400782	mslearn-uncategorized	docs/mslearn/uncategorized/hh400782.html	LargeBufferMarshaller Class	concept_or_overview	0			syntax_section				matched		https://learn.microsoft.com/en-us/previous-versions/windows/embedded/hh400782(v=msdn.10)
hh400786	mslearn-uncategorized	docs/mslearn/uncategorized/hh400786.html	LargeBuffer Class	concept_or_overview	0			syntax_section				matched		https://learn.microsoft.com/en-us/previous-versions/windows/embedded/hh400786(v=msdn.10)
hh400811	mslearn-uncategorized	docs/mslearn/uncategorized/hh400811.html	CLRCapabilities.LCDCapabilities Structure	concept_or_overview	0			none				unrecognised_declaration_form		https://learn.microsoft.com/en-us/previous-versions/windows/embedded/hh400811(v=msdn.10)
hh400816	mslearn-uncategorized	docs/mslearn/uncategorized/hh400816.html	LcdDisplay Class	concept_or_overview	0			none				unrecognised_declaration_form		https://learn.microsoft.com/en-us/previous-versions/windows/embedded/hh400816(v=msdn.10)
hh400850	mslearn-uncategorized	docs/mslearn/uncategorized/hh400850.html	LinearGradientBrush Class	concept_or_overview	0			none				unrecognised_declaration_form		https://learn.microsoft.com/en-us/previous-versions/windows/embedded/hh400850(v=msdn.10)
hh400871	mslearn-uncategorized	docs/mslearn/uncategorized/hh400871.html	Line Class	concept_or_overview	0			none				unrecognised_declaration_form		https://learn.microsoft.com/en-us/previous-versions/windows/embedded/hh400871(v=msdn.10)
hh400877	mslearn-uncategorized	docs/mslearn/uncategorized/hh400877.html	ListBoxItemCollection Class	concept_or_overview	0			none				first_line_not_a_declaration		https://learn.microsoft.com/en-us/previous-versions/windows/embedded/hh400877(v=msdn.10)
hh400881	mslearn-uncategorized	docs/mslearn/uncategorized/hh400881.html	ListBoxItem Class	concept_or_overview	0			none				unrecognised_declaration_form		https://learn.microsoft.com/en-us/previous-versions/windows/embedded/hh400881(v=msdn.10)
hh400887	mslearn-uncategorized	docs/mslearn/uncategorized/hh400887.html	ListBox Class	concept_or_overview	0			none				unrecognised_declaration_form		https://learn.microsoft.com/en-us/previous-versions/windows/embedded/hh400887(v=msdn.10)
hh400918	mslearn-uncategorized	docs/mslearn/uncategorized/hh400918.html	Logging Class	concept_or_overview	0			syntax_section				matched		https://learn.microsoft.com/en-us/previous-versions/windows/embedded/hh400918(v=msdn.10)
hh400941	mslearn-uncategorized	docs/mslearn/uncategorized/hh400941.html	ManagedDiscovery Class	concept_or_overview	0			none				unrecognised_declaration_form		https://learn.microsoft.com/en-us/previous-versions/windows/embedded/hh400941(v=msdn.10)
hh400959	mslearn-uncategorized	docs/mslearn/uncategorized/hh400959.html	Math Class	concept_or_overview	0			none				unrecognised_declaration_form		https://learn.microsoft.com/en-us/previous-versions/windows/embedded/hh400959(v=msdn.10)
hh401022	mslearn-uncategorized	docs/mslearn/uncategorized/hh401022.html	MechanismInfo Class	concept_or_overview	0			none				unrecognised_declaration_form		https://learn.microsoft.com/en-us/previous-versions/windows/embedded/hh401022(v=msdn.10)
hh401040	mslearn-uncategorized	docs/mslearn/uncategorized/hh401040.html	ProcessInputEventArgs Class	concept_or_overview	0			none				unrecognised_declaration_form		https://learn.microsoft.com/en-us/previous-versions/windows/embedded/hh401040(v=msdn.10)
hh401056	mslearn-uncategorized	docs/mslearn/uncategorized/hh401056.html	PropertyChangedEventArgs Class	concept_or_overview	0			none				unrecognised_declaration_form		https://learn.microsoft.com/en-us/previous-versions/windows/embedded/hh401056(v=msdn.10)
hh401070	mslearn-uncategorized	docs/mslearn/uncategorized/hh401070.html	ProtocolVersion10 Class	concept_or_overview	0			none				unrecognised_declaration_form		https://learn.microsoft.com/en-us/previous-versions/windows/embedded/hh401070(v=msdn.10)
hh401074	mslearn-uncategorized	docs/mslearn/uncategorized/hh401074.html	ProtocolVersion11 Class	concept_or_overview	0			none				unrecognised_declaration_form		https://learn.microsoft.com/en-us/previous-versions/windows/embedded/hh401074(v=msdn.10)
hh401082	mslearn-uncategorized	docs/mslearn/uncategorized/hh401082.html	ProtocolVersion Class	concept_or_overview	0			none				unrecognised_declaration_form		https://learn.microsoft.com/en-us/previous-versions/windows/embedded/hh401082(v=msdn.10)
hh401098	mslearn-uncategorized	docs/mslearn/uncategorized/hh401098.html	PublicKeyUpdateInfo Structure	concept_or_overview	0			none				unrecognised_declaration_form		https://learn.microsoft.com/en-us/previous-versions/windows/embedded/hh401098(v=msdn.10)
hh401107	mslearn-uncategorized	docs/mslearn/uncategorized/hh401107.html	PublishInApplicationDirectoryAttribute Class	concept_or_overview	0			none				unrecognised_declaration_form		https://learn.microsoft.com/en-us/previous-versions/windows/embedded/hh401107(v=msdn.10)
hh401130	mslearn-uncategorized	docs/mslearn/uncategorized/hh401130.html	PWM Class	concept_or_overview	0			none				unrecognised_declaration_form		https://learn.microsoft.com/en-us/previous-versions/windows/embedded/hh401130(v=msdn.10)
hh401150	mslearn-uncategorized	docs/mslearn/uncategorized/hh401150.html	RamManager Class	concept_or_overview	0			none				unrecognised_declaration_form		https://learn.microsoft.com/en-us/previous-versions/windows/embedded/hh401150(v=msdn.10)
hh401164	mslearn-uncategorized	docs/mslearn/uncategorized/hh401164.html	RawButtonInputReport Class	concept_or_overview	0			none				unrecognised_declaration_form		https://learn.microsoft.com/en-us/previous-versions/windows/embedded/hh401164(v=msdn.10)
hh401169	mslearn-uncategorized	docs/mslearn/uncategorized/hh401169.html	RawGenericInputReport Class	concept_or_overview	0			none				unrecognised_declaration_form		https://learn.microsoft.com/en-us/previous-versions/windows/embedded/hh401169(v=msdn.10)
hh401174	mslearn-uncategorized	docs/mslearn/uncategorized/hh401174.html	RawTouchInputReport Class	concept_or_overview	0			none				unrecognised_declaration_form		https://learn.microsoft.com/en-us/previous-versions/windows/embedded/hh401174(v=msdn.10)
hh401273	mslearn-uncategorized	docs/mslearn/uncategorized/hh401273.html	Rectangle Class	concept_or_overview	0			none				unrecognised_declaration_form		https://learn.microsoft.com/en-us/previous-versions/windows/embedded/hh401273(v=msdn.10)
hh401285	mslearn-uncategorized	docs/mslearn/uncategorized/hh401285.html	Reflection Class	concept_or_overview	0			none				unrecognised_declaration_form		https://learn.microsoft.com/en-us/previous-versions/windows/embedded/hh401285(v=msdn.10)
hh401300	mslearn-uncategorized	docs/mslearn/uncategorized/hh401300.html	ScrollViewer Class	concept_or_overview	0			none				unrecognised_declaration_form		https://learn.microsoft.com/en-us/previous-versions/windows/embedded/hh401300(v=msdn.10)
hh401312	mslearn-uncategorized	docs/mslearn/uncategorized/hh401312.html	SecureDataStorage Class	concept_or_overview	0			none				unrecognised_declaration_form		https://learn.microsoft.com/en-us/previous-versions/windows/embedded/hh401312(v=msdn.10)
hh401331	mslearn-uncategorized	docs/mslearn/uncategorized/hh401331.html	SelectionChangedEventArgs Class	concept_or_overview	0			none				unrecognised_declaration_form		https://learn.microsoft.com/en-us/previous-versions/windows/embedded/hh401331(v=msdn.10)
hh401369	mslearn-uncategorized	docs/mslearn/uncategorized/hh401369.html	SerialDataReceivedEventArgs Class	concept_or_overview	0			syntax_section				matched		https://learn.microsoft.com/en-us/previous-versions/windows/embedded/hh401369(v=msdn.10)
hh401375	mslearn-uncategorized	docs/mslearn/uncategorized/hh401375.html	SerialErrorReceivedEventArgs Class	concept_or_overview	0			syntax_section				matched		https://learn.microsoft.com/en-us/previous-versions/windows/embedded/hh401375(v=msdn.10)
hh401385	mslearn-uncategorized	docs/mslearn/uncategorized/hh401385.html	SerializationHintsAttribute Class	concept_or_overview	0			none				first_line_not_a_declaration		https://learn.microsoft.com/en-us/previous-versions/windows/embedded/hh401385(v=msdn.10)
hh401400	mslearn-uncategorized	docs/mslearn/uncategorized/hh401400.html	SerialPortCollection Class	concept_or_overview	0			none				first_line_not_a_declaration		https://learn.microsoft.com/en-us/previous-versions/windows/embedded/hh401400(v=msdn.10)
hh401405	mslearn-uncategorized	docs/mslearn/uncategorized/hh401405.html	SerialPort Class	concept_or_overview	0			syntax_section				matched		https://learn.microsoft.com/en-us/previous-versions/windows/embedded/hh401405(v=msdn.10)
hh401412	mslearn-uncategorized	docs/mslearn/uncategorized/hh401412.html	Serial Class	concept_or_overview	0			none				unrecognised_declaration_form		https://learn.microsoft.com/en-us/previous-versions/windows/embedded/hh401412(v=msdn.10)
hh401415	mslearn-uncategorized	docs/mslearn/uncategorized/hh401415.html	ServerBindingContext Class	concept_or_overview	0			none				unrecognised_declaration_form		https://learn.microsoft.com/en-us/previous-versions/windows/embedded/hh401415(v=msdn.10)
hh401422	mslearn-uncategorized	docs/mslearn/uncategorized/hh401422.html	ServiceContractAttribute Class	concept_or_overview	0			none				unrecognised_declaration_form		https://learn.microsoft.com/en-us/previous-versions/windows/embedded/hh401422(v=msdn.10)
hh401440	mslearn-uncategorized	docs/mslearn/uncategorized/hh401440.html	SessionContainer Class	concept_or_overview	0			none				unrecognised_declaration_form		https://learn.microsoft.com/en-us/previous-versions/windows/embedded/hh401440(v=msdn.10)
hh401448	mslearn-uncategorized	docs/mslearn/uncategorized/hh401448.html	Session.SessionInfo Class	concept_or_overview	0			none				unrecognised_declaration_form		https://learn.microsoft.com/en-us/previous-versions/windows/embedded/hh401448(v=msdn.10)
hh401451	mslearn-uncategorized	docs/mslearn/uncategorized/hh401451.html	Session Class	concept_or_overview	0			none				unrecognised_declaration_form		https://learn.microsoft.com/en-us/previous-versions/windows/embedded/hh401451(v=msdn.10)
hh401524	mslearn-uncategorized	docs/mslearn/uncategorized/hh401524.html	Shape Class	concept_or_overview	0			none				unrecognised_declaration_form		https://learn.microsoft.com/en-us/previous-versions/windows/embedded/hh401524(v=msdn.10)
hh401560	mslearn-uncategorized	docs/mslearn/uncategorized/hh401560.html	TimingServices Class	concept_or_overview	0			none				unrecognised_declaration_form		https://learn.microsoft.com/en-us/previous-versions/windows/embedded/hh401560(v=msdn.10)
hh401597	mslearn-uncategorized	docs/mslearn/uncategorized/hh401597.html	TokenInfo Class	concept_or_overview	0			none				unrecognised_declaration_form		https://learn.microsoft.com/en-us/previous-versions/windows/embedded/hh401597(v=msdn.10)
hh401679	mslearn-uncategorized	docs/mslearn/uncategorized/hh401679.html	TouchCapture Class	concept_or_overview	0			none				unrecognised_declaration_form		https://learn.microsoft.com/en-us/previous-versions/windows/embedded/hh401679(v=msdn.10)
hh401683	mslearn-uncategorized	docs/mslearn/uncategorized/hh401683.html	TouchCollectorConfiguration Class	concept_or_overview	0			none				unrecognised_declaration_form		https://learn.microsoft.com/en-us/previous-versions/windows/embedded/hh401683(v=msdn.10)
hh401688	mslearn-uncategorized	docs/mslearn/uncategorized/hh401688.html	TouchDevice Class	concept_or_overview	0			none				unrecognised_declaration_form		https://learn.microsoft.com/en-us/previous-versions/windows/embedded/hh401688(v=msdn.10)
hh401698	mslearn-uncategorized	docs/mslearn/uncategorized/hh401698.html	TouchEventArgs Class	concept_or_overview	0			none				unrecognised_declaration_form		https://learn.microsoft.com/en-us/previous-versions/windows/embedded/hh401698(v=msdn.10)
hh401704	mslearn-uncategorized	docs/mslearn/uncategorized/hh401704.html	TouchEvents Class	concept_or_overview	0			none				unrecognised_declaration_form		https://learn.microsoft.com/en-us/previous-versions/windows/embedded/hh401704(v=msdn.10)
hh401708	mslearn-uncategorized	docs/mslearn/uncategorized/hh401708.html	TouchEvent Class	concept_or_overview	0			syntax_section				matched		https://learn.microsoft.com/en-us/previous-versions/windows/embedded/hh401708(v=msdn.10)
hh401714	mslearn-uncategorized	docs/mslearn/uncategorized/hh401714.html	TouchGestureEventArgs Class	concept_or_overview	0			none				unrecognised_declaration_form		https://learn.microsoft.com/en-us/previous-versions/windows/embedded/hh401714(v=msdn.10)
hh401724	mslearn-uncategorized	docs/mslearn/uncategorized/hh401724.html	TouchInput Structure	concept_or_overview	0			none				unrecognised_declaration_form		https://learn.microsoft.com/en-us/previous-versions/windows/embedded/hh401724(v=msdn.10)
hh401732	mslearn-uncategorized	docs/mslearn/uncategorized/hh401732.html	TouchPanel Class	concept_or_overview	0			none				unrecognised_declaration_form		https://learn.microsoft.com/en-us/previous-versions/windows/embedded/hh401732(v=msdn.10)
hh401739	mslearn-uncategorized	docs/mslearn/uncategorized/hh401739.html	Touch Class	concept_or_overview	0			none				unrecognised_declaration_form		https://learn.microsoft.com/en-us/previous-versions/windows/embedded/hh401739(v=msdn.10)
hh401754	mslearn-uncategorized	docs/mslearn/uncategorized/hh401754.html	Trace Class	concept_or_overview	0			none				unrecognised_declaration_form		https://learn.microsoft.com/en-us/previous-versions/windows/embedded/hh401754(v=msdn.10)
hh401772	mslearn-uncategorized	docs/mslearn/uncategorized/hh401772.html	TransportBindingElement Class	concept_or_overview	0			none				unrecognised_declaration_form		https://learn.microsoft.com/en-us/previous-versions/windows/embedded/hh401772(v=msdn.10)
hh401792	mslearn-uncategorized	docs/mslearn/uncategorized/hh401792.html	TripleDESCryptoServiceProvider Class	concept_or_overview	0			syntax_section				matched		https://learn.microsoft.com/en-us/previous-versions/windows/embedded/hh401792(v=msdn.10)
hh401797	mslearn-uncategorized	docs/mslearn/uncategorized/hh401797.html	TristatePort Class	concept_or_overview	0			syntax_section				matched		https://learn.microsoft.com/en-us/previous-versions/windows/embedded/hh401797(v=msdn.10)
hh421103	mslearn-uncategorized	docs/mslearn/uncategorized/hh421103.html	AesCryptoServiceProvider Class	concept_or_overview	0			none				unrecognised_declaration_form		https://learn.microsoft.com/en-us/previous-versions/windows/embedded/hh421103(v=msdn.10)
hh421131	mslearn-uncategorized	docs/mslearn/uncategorized/hh421131.html	AnalogInput Class	concept_or_overview	0			none				unrecognised_declaration_form		https://learn.microsoft.com/en-us/previous-versions/windows/embedded/hh421131(v=msdn.10)
hh421174	mslearn-uncategorized	docs/mslearn/uncategorized/hh421174.html	Application Class	concept_or_overview	0			none				unrecognised_declaration_form		https://learn.microsoft.com/en-us/previous-versions/windows/embedded/hh421174(v=msdn.10)
hh421254	mslearn-uncategorized	docs/mslearn/uncategorized/hh421254.html	Reflection.AssemblyInfo Class	concept_or_overview	0			none				first_line_not_a_declaration		https://learn.microsoft.com/en-us/previous-versions/windows/embedded/hh421254(v=msdn.10)
hh421266	mslearn-uncategorized	docs/mslearn/uncategorized/hh421266.html	Reflection.AssemblyMemoryInfo Class	concept_or_overview	0			none				unrecognised_declaration_form		https://learn.microsoft.com/en-us/previous-versions/windows/embedded/hh421266(v=msdn.10)
hh421303	mslearn-uncategorized	docs/mslearn/uncategorized/hh421303.html	AsymmetricAlgorithm Class	concept_or_overview	0			none				unrecognised_declaration_form		https://learn.microsoft.com/en-us/previous-versions/windows/embedded/hh421303(v=msdn.10)
hh421321	mslearn-uncategorized	docs/mslearn/uncategorized/hh421321.html	CertificateStore Class	concept_or_overview	0			none				unrecognised_declaration_form		https://learn.microsoft.com/en-us/previous-versions/windows/embedded/hh421321(v=msdn.10)
hh421345	mslearn-uncategorized	docs/mslearn/uncategorized/hh421345.html	Battery.ChargerModel Class	concept_or_overview	0			none				unrecognised_declaration_form		https://learn.microsoft.com/en-us/previous-versions/windows/embedded/hh421345(v=msdn.10)
hh421376	mslearn-uncategorized	docs/mslearn/uncategorized/hh421376.html	Configuration.ClassDescriptor Class	concept_or_overview	0			none				unrecognised_declaration_form		https://learn.microsoft.com/en-us/previous-versions/windows/embedded/hh421376(v=msdn.10)
hh421410	mslearn-uncategorized	docs/mslearn/uncategorized/hh421410.html	ClientBindingContext Class	concept_or_overview	0			none				unrecognised_declaration_form		https://learn.microsoft.com/en-us/previous-versions/windows/embedded/hh421410(v=msdn.10)
hh421465	mslearn-uncategorized	docs/mslearn/uncategorized/hh421465.html	CLRCapabilities Class	concept_or_overview	0			none				unrecognised_declaration_form		https://learn.microsoft.com/en-us/previous-versions/windows/embedded/hh421465(v=msdn.10)
hh421468	mslearn-uncategorized	docs/mslearn/uncategorized/hh421468.html	CLRCapabilities.ClrInfoProperties Structure	concept_or_overview	0			none				unrecognised_declaration_form		https://learn.microsoft.com/en-us/previous-versions/windows/embedded/hh421468(v=msdn.10)
hh421486	mslearn-uncategorized	docs/mslearn/uncategorized/hh421486.html	Colors Class	concept_or_overview	0			none				unrecognised_declaration_form		https://learn.microsoft.com/en-us/previous-versions/windows/embedded/hh421486(v=msdn.10)
hh421490	mslearn-uncategorized	docs/mslearn/uncategorized/hh421490.html	ColorUtility Class	concept_or_overview	0			none				unrecognised_declaration_form		https://learn.microsoft.com/en-us/previous-versions/windows/embedded/hh421490(v=msdn.10)
hh421506	mslearn-uncategorized	docs/mslearn/uncategorized/hh421506.html	CommunicationObject Class	concept_or_overview	0			none				unrecognised_declaration_form		https://learn.microsoft.com/en-us/previous-versions/windows/embedded/hh421506(v=msdn.10)
hh421526	mslearn-uncategorized	docs/mslearn/uncategorized/hh421526.html	TimingServices.Completion Class	concept_or_overview	0			none				unrecognised_declaration_form		https://learn.microsoft.com/en-us/previous-versions/windows/embedded/hh421526(v=msdn.10)
hh421531	mslearn-uncategorized	docs/mslearn/uncategorized/hh421531.html	ComPortCollection Class	concept_or_overview	0			none				first_line_not_a_declaration		https://learn.microsoft.com/en-us/previous-versions/windows/embedded/hh421531(v=msdn.10)
hh421537	mslearn-uncategorized	docs/mslearn/uncategorized/hh421537.html	ComPortHandle Structure	concept_or_overview	0			none				unrecognised_declaration_form		https://learn.microsoft.com/en-us/previous-versions/windows/embedded/hh421537(v=msdn.10)
hh421544	mslearn-uncategorized	docs/mslearn/uncategorized/hh421544.html	ComPortToAsyncStream Class	concept_or_overview	0			none				unrecognised_declaration_form		https://learn.microsoft.com/en-us/previous-versions/windows/embedded/hh421544(v=msdn.10)
hh421548	mslearn-uncategorized	docs/mslearn/uncategorized/hh421548.html	ComPortToMemoryStream Class	concept_or_overview	0			none				unrecognised_declaration_form		https://learn.microsoft.com/en-us/previous-versions/windows/embedded/hh421548(v=msdn.10)
hh421551	mslearn-uncategorized	docs/mslearn/uncategorized/hh421551.html	ComPortToNamedPipe Class	concept_or_overview	0			none				unrecognised_declaration_form		https://learn.microsoft.com/en-us/previous-versions/windows/embedded/hh421551(v=msdn.10)
hh421556	mslearn-uncategorized	docs/mslearn/uncategorized/hh421556.html	ComPortToStream Class	concept_or_overview	0			none				unrecognised_declaration_form		https://learn.microsoft.com/en-us/previous-versions/windows/embedded/hh421556(v=msdn.10)
hh421561	mslearn-uncategorized	docs/mslearn/uncategorized/hh421561.html	ComPort Class	concept_or_overview	0			none				unrecognised_declaration_form		https://learn.microsoft.com/en-us/previous-versions/windows/embedded/hh421561(v=msdn.10)
hh421596	mslearn-uncategorized	docs/mslearn/uncategorized/hh421596.html	Configuration.ConfigurationDescriptor Class	concept_or_overview	0			none				unrecognised_declaration_form		https://learn.microsoft.com/en-us/previous-versions/windows/embedded/hh421596(v=msdn.10)
hh421600	mslearn-uncategorized	docs/mslearn/uncategorized/hh421600.html	ConfigurationEngine Class	concept_or_overview	0			none				unrecognised_declaration_form		https://learn.microsoft.com/en-us/previous-versions/windows/embedded/hh421600(v=msdn.10)
hh421605	mslearn-uncategorized	docs/mslearn/uncategorized/hh421605.html	I2CDevice.Configuration Class	concept_or_overview	0			none				unrecognised_declaration_form		https://learn.microsoft.com/en-us/previous-versions/windows/embedded/hh421605(v=msdn.10)
hh421610	mslearn-uncategorized	docs/mslearn/uncategorized/hh421610.html	SPI.Configuration Class	concept_or_overview	0			none				unrecognised_declaration_form		https://learn.microsoft.com/en-us/previous-versions/windows/embedded/hh421610(v=msdn.10)
hh421614	mslearn-uncategorized	docs/mslearn/uncategorized/hh421614.html	Configuration Class	concept_or_overview	0			none				unrecognised_declaration_form		https://learn.microsoft.com/en-us/previous-versions/windows/embedded/hh421614(v=msdn.10)
hh421636	mslearn-uncategorized	docs/mslearn/uncategorized/hh421636.html	Console Class	concept_or_overview	0			none				unrecognised_declaration_form		https://learn.microsoft.com/en-us/previous-versions/windows/embedded/hh421636(v=msdn.10)
hh421639	mslearn-uncategorized	docs/mslearn/uncategorized/hh421639.html	Constants Class	concept_or_overview	0			none				unrecognised_declaration_form		https://learn.microsoft.com/en-us/previous-versions/windows/embedded/hh421639(v=msdn.10)
hh421643	mslearn-uncategorized	docs/mslearn/uncategorized/hh421643.html	ConstraintException Class	concept_or_overview	0			none				unrecognised_declaration_form		https://learn.microsoft.com/en-us/previous-versions/windows/embedded/hh421643(v=msdn.10)
hh421682	mslearn-uncategorized	docs/mslearn/uncategorized/hh421682.html	ContentControl Class	concept_or_overview	0			none				unrecognised_declaration_form		https://learn.microsoft.com/en-us/previous-versions/windows/embedded/hh421682(v=msdn.10)
hh421714	mslearn-uncategorized	docs/mslearn/uncategorized/hh421714.html	TimingServices.Continuation Class	concept_or_overview	0			none				unrecognised_declaration_form		https://learn.microsoft.com/en-us/previous-versions/windows/embedded/hh421714(v=msdn.10)
hh421721	mslearn-uncategorized	docs/mslearn/uncategorized/hh421721.html	Control Class	concept_or_overview	0			none				unrecognised_declaration_form		https://learn.microsoft.com/en-us/previous-versions/windows/embedded/hh421721(v=msdn.10)
hh421790	mslearn-uncategorized	docs/mslearn/uncategorized/hh421790.html	Cpu Class	concept_or_overview	0			none				unrecognised_declaration_form		https://learn.microsoft.com/en-us/previous-versions/windows/embedded/hh421790(v=msdn.10)
hh422099	mslearn-uncategorized	docs/mslearn/uncategorized/hh422099.html	CustomBinding Class	concept_or_overview	0			none				unrecognised_declaration_form		https://learn.microsoft.com/en-us/previous-versions/windows/embedded/hh422099(v=msdn.10)
hh422105	mslearn-uncategorized	docs/mslearn/uncategorized/hh422105.html	DataContractAttribute Class	concept_or_overview	0			none				unrecognised_declaration_form		https://learn.microsoft.com/en-us/previous-versions/windows/embedded/hh422105(v=msdn.10)
hh422108	mslearn-uncategorized	docs/mslearn/uncategorized/hh422108.html	DataContractSerializer Class	concept_or_overview	0			none				unrecognised_declaration_form		https://learn.microsoft.com/en-us/previous-versions/windows/embedded/hh422108(v=msdn.10)
hh422113	mslearn-uncategorized	docs/mslearn/uncategorized/hh422113.html	DataMemberAttribute Class	concept_or_overview	0			none				unrecognised_declaration_form		https://learn.microsoft.com/en-us/previous-versions/windows/embedded/hh422113(v=msdn.10)
hh422190	mslearn-uncategorized	docs/mslearn/uncategorized/hh422190.html	Debug Class	concept_or_overview	0			none				unrecognised_declaration_form		https://learn.microsoft.com/en-us/previous-versions/windows/embedded/hh422190(v=msdn.10)
hh422300	mslearn-uncategorized	docs/mslearn/uncategorized/hh422300.html	Decryptor Class	concept_or_overview	0			none				unrecognised_declaration_form		https://learn.microsoft.com/en-us/previous-versions/windows/embedded/hh422300(v=msdn.10)
hh422352	mslearn-uncategorized	docs/mslearn/uncategorized/hh422352.html	Configuration.Descriptor Class	concept_or_overview	0			none				unrecognised_declaration_form		https://learn.microsoft.com/en-us/previous-versions/windows/embedded/hh422352(v=msdn.10)
hh422360	mslearn-uncategorized	docs/mslearn/uncategorized/hh422360.html	Configuration.DeviceDescriptor Class	concept_or_overview	0			none				unrecognised_declaration_form		https://learn.microsoft.com/en-us/previous-versions/windows/embedded/hh422360(v=msdn.10)
hh422365	mslearn-uncategorized	docs/mslearn/uncategorized/hh422365.html	InputManager.DeviceEvents Class	concept_or_overview	0			none				unrecognised_declaration_form		https://learn.microsoft.com/en-us/previous-versions/windows/embedded/hh422365(v=msdn.10)
hh422375	mslearn-uncategorized	docs/mslearn/uncategorized/hh422375.html	Device Class	concept_or_overview	0			syntax_section				matched		https://learn.microsoft.com/en-us/previous-versions/windows/embedded/hh422375(v=msdn.10)
hh422430	mslearn-uncategorized	docs/mslearn/uncategorized/hh422430.html	DispatcherFrame Class	concept_or_overview	0			none				unrecognised_declaration_form		https://learn.microsoft.com/en-us/previous-versions/windows/embedded/hh422430(v=msdn.10)
hh422434	mslearn-uncategorized	docs/mslearn/uncategorized/hh422434.html	DispatcherObject Class	concept_or_overview	0			none				unrecognised_declaration_form		https://learn.microsoft.com/en-us/previous-versions/windows/embedded/hh422434(v=msdn.10)
hh422440	mslearn-uncategorized	docs/mslearn/uncategorized/hh422440.html	DispatcherOperation Class	concept_or_overview	0			syntax_section				matched		https://learn.microsoft.com/en-us/previous-versions/windows/embedded/hh422440(v=msdn.10)
hh422463	mslearn-uncategorized	docs/mslearn/uncategorized/hh422463.html	IReplyChannel Interface	concept_or_overview	0			none				unrecognised_declaration_form		https://learn.microsoft.com/en-us/previous-versions/windows/embedded/hh422463(v=msdn.10)
hh422467	mslearn-uncategorized	docs/mslearn/uncategorized/hh422467.html	IRequestChannel Interface	concept_or_overview	0			none				unrecognised_declaration_form		https://learn.microsoft.com/en-us/previous-versions/windows/embedded/hh422467(v=msdn.10)
hh422652	mslearn-uncategorized	docs/mslearn/uncategorized/hh422652.html	IWsServiceEndpoint Interface	concept_or_overview	0			syntax_section				matched		https://learn.microsoft.com/en-us/previous-versions/windows/embedded/hh422652(v=msdn.10)
hh422677	mslearn-uncategorized	docs/mslearn/uncategorized/hh422677.html	KeyedHashAlgorithm Class	concept_or_overview	0			none				unrecognised_declaration_form		https://learn.microsoft.com/en-us/previous-versions/windows/embedded/hh422677(v=msdn.10)
hh422688	mslearn-uncategorized	docs/mslearn/uncategorized/hh422688.html	KeyPair Class	concept_or_overview	0			none				unrecognised_declaration_form		https://learn.microsoft.com/en-us/previous-versions/windows/embedded/hh422688(v=msdn.10)
hh422691	mslearn-uncategorized	docs/mslearn/uncategorized/hh422691.html	KeySizes Class	concept_or_overview	0			none				unrecognised_declaration_form		https://learn.microsoft.com/en-us/previous-versions/windows/embedded/hh422691(v=msdn.10)
hh422766	mslearn-uncategorized	docs/mslearn/uncategorized/hh422766.html	NativeEventDispatcher Class	concept_or_overview	0			none				unrecognised_declaration_form		https://learn.microsoft.com/en-us/previous-versions/windows/embedded/hh422766(v=msdn.10)
hh422779	mslearn-uncategorized	docs/mslearn/uncategorized/hh422779.html	NetworkAvailabilityEventArgs Class	concept_or_overview	0			none				unrecognised_declaration_form		https://learn.microsoft.com/en-us/previous-versions/windows/embedded/hh422779(v=msdn.10)
hh422782	mslearn-uncategorized	docs/mslearn/uncategorized/hh422782.html	NetworkChange Class	concept_or_overview	0			none				unrecognised_declaration_form		https://learn.microsoft.com/en-us/previous-versions/windows/embedded/hh422782(v=msdn.10)
hh422792	mslearn-uncategorized	docs/mslearn/uncategorized/hh422792.html	NetworkInterface Class	concept_or_overview	0			syntax_section				matched		https://learn.microsoft.com/en-us/previous-versions/windows/embedded/hh422792(v=msdn.10)
hh422828	mslearn-uncategorized	docs/mslearn/uncategorized/hh422828.html	NotifyInputEventArgs Class	concept_or_overview	0			none				unrecognised_declaration_form		https://learn.microsoft.com/en-us/previous-versions/windows/embedded/hh422828(v=msdn.10)
hh422977	mslearn-uncategorized	docs/mslearn/uncategorized/hh422977.html	OperationContractAttribute Class	concept_or_overview	0			none				unrecognised_declaration_form		https://learn.microsoft.com/en-us/previous-versions/windows/embedded/hh422977(v=msdn.10)
hh423001	mslearn-uncategorized	docs/mslearn/uncategorized/hh423001.html	OutputPort Class	concept_or_overview	0			none				unrecognised_declaration_form		https://learn.microsoft.com/en-us/previous-versions/windows/embedded/hh423001(v=msdn.10)
hh423058	mslearn-uncategorized	docs/mslearn/uncategorized/hh423058.html	Panel Class	concept_or_overview	0			none				unrecognised_declaration_form		https://learn.microsoft.com/en-us/previous-versions/windows/embedded/hh423058(v=msdn.10)
hh423107	mslearn-uncategorized	docs/mslearn/uncategorized/hh423107.html	Pen Class	concept_or_overview	0			none				unrecognised_declaration_form		https://learn.microsoft.com/en-us/previous-versions/windows/embedded/hh423107(v=msdn.10)
hh423132	mslearn-uncategorized	docs/mslearn/uncategorized/hh423132.html	Polygon Class	concept_or_overview	0			none				unrecognised_declaration_form		https://learn.microsoft.com/en-us/previous-versions/windows/embedded/hh423132(v=msdn.10)
hh423149	mslearn-uncategorized	docs/mslearn/uncategorized/hh423149.html	Port Class	concept_or_overview	0			syntax_section				matched		https://learn.microsoft.com/en-us/previous-versions/windows/embedded/hh423149(v=msdn.10)
hh423171	mslearn-uncategorized	docs/mslearn/uncategorized/hh423171.html	PowerEvent Class	concept_or_overview	0			none				unrecognised_declaration_form		https://learn.microsoft.com/en-us/previous-versions/windows/embedded/hh423171(v=msdn.10)
hh423177	mslearn-uncategorized	docs/mslearn/uncategorized/hh423177.html	PowerState Class	concept_or_overview	0			syntax_section				matched		https://learn.microsoft.com/en-us/previous-versions/windows/embedded/hh423177(v=msdn.10)
hh423194	mslearn-uncategorized	docs/mslearn/uncategorized/hh423194.html	PreProcessInputEventArgs Class	concept_or_overview	0			none				unrecognised_declaration_form		https://learn.microsoft.com/en-us/previous-versions/windows/embedded/hh423194(v=msdn.10)
hh423201	mslearn-uncategorized	docs/mslearn/uncategorized/hh423201.html	PresentationSource Class	concept_or_overview	0			none				unrecognised_declaration_form		https://learn.microsoft.com/en-us/previous-versions/windows/embedded/hh423201(v=msdn.10)
hh423239	mslearn-uncategorized	docs/mslearn/uncategorized/hh423239.html	Message.RemotedException Class	concept_or_overview	0			syntax_section				matched		https://learn.microsoft.com/en-us/previous-versions/windows/embedded/hh423239(v=msdn.10)
hh423251	mslearn-uncategorized	docs/mslearn/uncategorized/hh423251.html	RemovableMedia Class	concept_or_overview	0			none				unrecognised_declaration_form		https://learn.microsoft.com/en-us/previous-versions/windows/embedded/hh423251(v=msdn.10)
hh423304	mslearn-uncategorized	docs/mslearn/uncategorized/hh423304.html	ReplyChannel Class	concept_or_overview	0			none				unrecognised_declaration_form		https://learn.microsoft.com/en-us/previous-versions/windows/embedded/hh423304(v=msdn.10)
hh423314	mslearn-uncategorized	docs/mslearn/uncategorized/hh423314.html	RequestChannel Class	concept_or_overview	0			none				unrecognised_declaration_form		https://learn.microsoft.com/en-us/previous-versions/windows/embedded/hh423314(v=msdn.10)
hh423318	mslearn-uncategorized	docs/mslearn/uncategorized/hh423318.html	RequestContext Class	concept_or_overview	0			none				unrecognised_declaration_form		https://learn.microsoft.com/en-us/previous-versions/windows/embedded/hh423318(v=msdn.10)
hh423377	mslearn-uncategorized	docs/mslearn/uncategorized/hh423377.html	ResourceUtility Class	concept_or_overview	0			none				unrecognised_declaration_form		https://learn.microsoft.com/en-us/previous-versions/windows/embedded/hh423377(v=msdn.10)
hh423389	mslearn-uncategorized	docs/mslearn/uncategorized/hh423389.html	RNGCryptoServiceProvider Class	concept_or_overview	0			none				unrecognised_declaration_form		https://learn.microsoft.com/en-us/previous-versions/windows/embedded/hh423389(v=msdn.10)
hh423403	mslearn-uncategorized	docs/mslearn/uncategorized/hh423403.html	RoutedEventArgs Class	concept_or_overview	0			syntax_section				matched		https://learn.microsoft.com/en-us/previous-versions/windows/embedded/hh423403(v=msdn.10)
hh423407	mslearn-uncategorized	docs/mslearn/uncategorized/hh423407.html	RoutedEventHandlerInfo Class	concept_or_overview	0			syntax_section				matched		https://learn.microsoft.com/en-us/previous-versions/windows/embedded/hh423407(v=msdn.10)
hh423413	mslearn-uncategorized	docs/mslearn/uncategorized/hh423413.html	RoutedEvent Class	concept_or_overview	0			syntax_section				matched		https://learn.microsoft.com/en-us/previous-versions/windows/embedded/hh423413(v=msdn.10)
hh423420	mslearn-uncategorized	docs/mslearn/uncategorized/hh423420.html	RSACryptoServiceProvider Class	concept_or_overview	0			none				unrecognised_declaration_form		https://learn.microsoft.com/en-us/previous-versions/windows/embedded/hh423420(v=msdn.10)
hh423425	mslearn-uncategorized	docs/mslearn/uncategorized/hh423425.html	RSAParameters Structure	concept_or_overview	0			none				first_line_not_a_declaration		https://learn.microsoft.com/en-us/previous-versions/windows/embedded/hh423425(v=msdn.10)
hh423478	mslearn-uncategorized	docs/mslearn/uncategorized/hh423478.html	ScrollChangedEventArgs Class	concept_or_overview	0			none				unrecognised_declaration_form		https://learn.microsoft.com/en-us/previous-versions/windows/embedded/hh423478(v=msdn.10)
hh423527	mslearn-uncategorized	docs/mslearn/uncategorized/hh423527.html	SleepEvent Class	concept_or_overview	0			none				unrecognised_declaration_form		https://learn.microsoft.com/en-us/previous-versions/windows/embedded/hh423527(v=msdn.10)
hh423538	mslearn-uncategorized	docs/mslearn/uncategorized/hh423538.html	Slot.SlotInfo Class	concept_or_overview	0			none				unrecognised_declaration_form		https://learn.microsoft.com/en-us/previous-versions/windows/embedded/hh423538(v=msdn.10)
hh423542	mslearn-uncategorized	docs/mslearn/uncategorized/hh423542.html	Slot Class	concept_or_overview	0			none				unrecognised_declaration_form		https://learn.microsoft.com/en-us/previous-versions/windows/embedded/hh423542(v=msdn.10)
hh423548	mslearn-uncategorized	docs/mslearn/uncategorized/hh423548.html	SoapMessageBuilder Class	concept_or_overview	0			none				unrecognised_declaration_form		https://learn.microsoft.com/en-us/previous-versions/windows/embedded/hh423548(v=msdn.10)
hh423575	mslearn-uncategorized	docs/mslearn/uncategorized/hh423575.html	CLRCapabilities.SoftwareVersionProperties Structure	concept_or_overview	0			none				unrecognised_declaration_form		https://learn.microsoft.com/en-us/previous-versions/windows/embedded/hh423575(v=msdn.10)
hh423579	mslearn-uncategorized	docs/mslearn/uncategorized/hh423579.html	SolidColorBrush Class	concept_or_overview	0			none				unrecognised_declaration_form		https://learn.microsoft.com/en-us/previous-versions/windows/embedded/hh423579(v=msdn.10)
hh423583	mslearn-uncategorized	docs/mslearn/uncategorized/hh423583.html	CLRCapabilities.SolutionInfoProperties Structure	concept_or_overview	0			none				unrecognised_declaration_form		https://learn.microsoft.com/en-us/previous-versions/windows/embedded/hh423583(v=msdn.10)
hh423596	mslearn-uncategorized	docs/mslearn/uncategorized/hh423596.html	SpiBus Class	concept_or_overview	0			none				first_line_not_a_declaration		https://learn.microsoft.com/en-us/previous-versions/windows/embedded/hh423596(v=msdn.10)
hh423600	mslearn-uncategorized	docs/mslearn/uncategorized/hh423600.html	SpiDevice Class	concept_or_overview	0			none				unrecognised_declaration_form		https://learn.microsoft.com/en-us/previous-versions/windows/embedded/hh423600(v=msdn.10)
hh423608	mslearn-uncategorized	docs/mslearn/uncategorized/hh423608.html	SPI Class	concept_or_overview	0			none				unrecognised_declaration_form		https://learn.microsoft.com/en-us/previous-versions/windows/embedded/hh423608(v=msdn.10)
hh423620	mslearn-uncategorized	docs/mslearn/uncategorized/hh423620.html	SslStream Class	concept_or_overview	0			none				unrecognised_declaration_form		https://learn.microsoft.com/en-us/previous-versions/windows/embedded/hh423620(v=msdn.10)
hh423627	mslearn-uncategorized	docs/mslearn/uncategorized/hh423627.html	StackPanel Class	concept_or_overview	0			none				unrecognised_declaration_form		https://learn.microsoft.com/en-us/previous-versions/windows/embedded/hh423627(v=msdn.10)
hh423638	mslearn-uncategorized	docs/mslearn/uncategorized/hh423638.html	StagingAreaInputItem Class	concept_or_overview	0			none				unrecognised_declaration_form		https://learn.microsoft.com/en-us/previous-versions/windows/embedded/hh423638(v=msdn.10)
hh423723	mslearn-uncategorized	docs/mslearn/uncategorized/hh423723.html	Configuration.StringDescriptor Class	concept_or_overview	0			none				unrecognised_declaration_form		https://learn.microsoft.com/en-us/previous-versions/windows/embedded/hh423723(v=msdn.10)
hh423763	mslearn-uncategorized	docs/mslearn/uncategorized/hh423763.html	UdpTransportBindingConfig Class	concept_or_overview	0			none				unrecognised_declaration_form		https://learn.microsoft.com/en-us/previous-versions/windows/embedded/hh423763(v=msdn.10)
hh423767	mslearn-uncategorized	docs/mslearn/uncategorized/hh423767.html	UdpTransportBindingElement Class	concept_or_overview	0			none				unrecognised_declaration_form		https://learn.microsoft.com/en-us/previous-versions/windows/embedded/hh423767(v=msdn.10)
hh423772	mslearn-uncategorized	docs/mslearn/uncategorized/hh423772.html	UIElementCollection Class	concept_or_overview	0			none				first_line_not_a_declaration		https://learn.microsoft.com/en-us/previous-versions/windows/embedded/hh423772(v=msdn.10)
hh423776	mslearn-uncategorized	docs/mslearn/uncategorized/hh423776.html	UIElement Class	concept_or_overview	0			none				unrecognised_declaration_form		https://learn.microsoft.com/en-us/previous-versions/windows/embedded/hh423776(v=msdn.10)
hh423807	mslearn-uncategorized	docs/mslearn/uncategorized/hh423807.html	UnknownTypeException Class	concept_or_overview	0			none				unrecognised_declaration_form		https://learn.microsoft.com/en-us/previous-versions/windows/embedded/hh423807(v=msdn.10)
hh423837	mslearn-uncategorized	docs/mslearn/uncategorized/hh423837.html	Uri Class	concept_or_overview	0			none				unrecognised_declaration_form		https://learn.microsoft.com/en-us/previous-versions/windows/embedded/hh423837(v=msdn.10)
hh423847	mslearn-uncategorized	docs/mslearn/uncategorized/hh423847.html	UsbController Class	concept_or_overview	0			syntax_section				matched		https://learn.microsoft.com/en-us/previous-versions/windows/embedded/hh423847(v=msdn.10)
hh423851	mslearn-uncategorized	docs/mslearn/uncategorized/hh423851.html	Configuration.UsbInterface Class	concept_or_overview	0			none				unrecognised_declaration_form		https://learn.microsoft.com/en-us/previous-versions/windows/embedded/hh423851(v=msdn.10)
hh423855	mslearn-uncategorized	docs/mslearn/uncategorized/hh423855.html	UsbStream Class	concept_or_overview	0			none				unrecognised_declaration_form		https://learn.microsoft.com/en-us/previous-versions/windows/embedded/hh423855(v=msdn.10)
hh423878	mslearn-uncategorized	docs/mslearn/uncategorized/hh423878.html	Utility Class	concept_or_overview	0			none				unrecognised_declaration_form		https://learn.microsoft.com/en-us/previous-versions/windows/embedded/hh423878(v=msdn.10)
hh423881	mslearn-uncategorized	docs/mslearn/uncategorized/hh423881.html	Utility Class	concept_or_overview	0			syntax_section				matched		https://learn.microsoft.com/en-us/previous-versions/windows/embedded/hh423881(v=msdn.10)
hh423963	mslearn-uncategorized	docs/mslearn/uncategorized/hh423963.html	VolumeInfo Class	concept_or_overview	0			none				unrecognised_declaration_form		https://learn.microsoft.com/en-us/previous-versions/windows/embedded/hh423963(v=msdn.10)
hh423995	mslearn-uncategorized	docs/mslearn/uncategorized/hh423995.html	WsXmlNamespace Class	concept_or_overview	0			none				unrecognised_declaration_form		https://learn.microsoft.com/en-us/previous-versions/windows/embedded/hh423995(v=msdn.10)
hh424001	mslearn-uncategorized	docs/mslearn/uncategorized/hh424001.html	WsXmlNodeList Class	concept_or_overview	0			none				unrecognised_declaration_form		https://learn.microsoft.com/en-us/previous-versions/windows/embedded/hh424001(v=msdn.10)
hh424005	mslearn-uncategorized	docs/mslearn/uncategorized/hh424005.html	WsXmlNode Class	concept_or_overview	0			none				unrecognised_declaration_form		https://learn.microsoft.com/en-us/previous-versions/windows/embedded/hh424005(v=msdn.10)
hh424013	mslearn-uncategorized	docs/mslearn/uncategorized/hh424013.html	X509Certificate2Collection Class	concept_or_overview	0			none				first_line_not_a_declaration		https://learn.microsoft.com/en-us/previous-versions/windows/embedded/hh424013(v=msdn.10)
hh424017	mslearn-uncategorized	docs/mslearn/uncategorized/hh424017.html	X509Certificate2 Class	concept_or_overview	0			syntax_section				matched		https://learn.microsoft.com/en-us/previous-versions/windows/embedded/hh424017(v=msdn.10)
hh424022	mslearn-uncategorized	docs/mslearn/uncategorized/hh424022.html	X509Certificate Class	concept_or_overview	0			none				first_line_not_a_declaration		https://learn.microsoft.com/en-us/previous-versions/windows/embedded/hh424022(v=msdn.10)
hh424027	mslearn-uncategorized	docs/mslearn/uncategorized/hh424027.html	X509Store Class	concept_or_overview	0			syntax_section				matched		https://learn.microsoft.com/en-us/previous-versions/windows/embedded/hh424027(v=msdn.10)
hh424061	mslearn-uncategorized	docs/mslearn/uncategorized/hh424061.html	XmlWriter Class	concept_or_overview	0			none				unrecognised_declaration_form		https://learn.microsoft.com/en-us/previous-versions/windows/embedded/hh424061(v=msdn.10)
hh424082	mslearn-uncategorized	docs/mslearn/uncategorized/hh424082.html	Logger Class	concept_or_overview	0			none				unrecognised_declaration_form		https://learn.microsoft.com/en-us/previous-versions/windows/embedded/hh424082(v=msdn.10)
hh424084	mslearn-uncategorized	docs/mslearn/uncategorized/hh424084.html	MFSvcImporter Class	concept_or_overview	0			none				unrecognised_declaration_form		https://learn.microsoft.com/en-us/previous-versions/windows/embedded/hh424084(v=msdn.10)
hh434116	mslearn-uncategorized	docs/mslearn/uncategorized/hh434116.html	BaseEvent Class	concept_or_overview	0			none				unrecognised_declaration_form		https://learn.microsoft.com/en-us/previous-versions/windows/embedded/hh434116(v=msdn.10)
hh434127	mslearn-uncategorized	docs/mslearn/uncategorized/hh434127.html	Battery Class	concept_or_overview	0			syntax_section				matched		https://learn.microsoft.com/en-us/previous-versions/windows/embedded/hh434127(v=msdn.10)
hh434154	mslearn-uncategorized	docs/mslearn/uncategorized/hh434154.html	BindingContext Class	concept_or_overview	0			none				unrecognised_declaration_form		https://learn.microsoft.com/en-us/previous-versions/windows/embedded/hh434154(v=msdn.10)
hh434159	mslearn-uncategorized	docs/mslearn/uncategorized/hh434159.html	BindingElement Class	concept_or_overview	0			none				unrecognised_declaration_form		https://learn.microsoft.com/en-us/previous-versions/windows/embedded/hh434159(v=msdn.10)
hh434165	mslearn-uncategorized	docs/mslearn/uncategorized/hh434165.html	BindingProperty Class	concept_or_overview	0			none				unrecognised_declaration_form		https://learn.microsoft.com/en-us/previous-versions/windows/embedded/hh434165(v=msdn.10)
hh434169	mslearn-uncategorized	docs/mslearn/uncategorized/hh434169.html	Binding Class	concept_or_overview	0			none				unrecognised_declaration_form		https://learn.microsoft.com/en-us/previous-versions/windows/embedded/hh434169(v=msdn.10)
hh434186	mslearn-uncategorized	docs/mslearn/uncategorized/hh434186.html	Bitmap Class	concept_or_overview	0			syntax_section				matched		https://learn.microsoft.com/en-us/previous-versions/windows/embedded/hh434186(v=msdn.10)
hh434221	mslearn-uncategorized	docs/mslearn/uncategorized/hh434221.html	Border Class	concept_or_overview	0			none				unrecognised_declaration_form		https://learn.microsoft.com/en-us/previous-versions/windows/embedded/hh434221(v=msdn.10)
hh434231	mslearn-uncategorized	docs/mslearn/uncategorized/hh434231.html	Brush Class	concept_or_overview	0			none				unrecognised_declaration_form		https://learn.microsoft.com/en-us/previous-versions/windows/embedded/hh434231(v=msdn.10)
hh434242	mslearn-uncategorized	docs/mslearn/uncategorized/hh434242.html	ButtonDevice Class	concept_or_overview	0			none				unrecognised_declaration_form		https://learn.microsoft.com/en-us/previous-versions/windows/embedded/hh434242(v=msdn.10)
hh434248	mslearn-uncategorized	docs/mslearn/uncategorized/hh434248.html	ButtonEventArgs Class	concept_or_overview	0			none				unrecognised_declaration_form		https://learn.microsoft.com/en-us/previous-versions/windows/embedded/hh434248(v=msdn.10)
hh434256	mslearn-uncategorized	docs/mslearn/uncategorized/hh434256.html	Buttons Class	concept_or_overview	0			none				unrecognised_declaration_form		https://learn.microsoft.com/en-us/previous-versions/windows/embedded/hh434256(v=msdn.10)
hh434280	mslearn-uncategorized	docs/mslearn/uncategorized/hh434280.html	CancelEventArgs Class	concept_or_overview	0			none				unrecognised_declaration_form		https://learn.microsoft.com/en-us/previous-versions/windows/embedded/hh434280(v=msdn.10)
hh434316	mslearn-uncategorized	docs/mslearn/uncategorized/hh434316.html	Canvas Class	concept_or_overview	0			none				unrecognised_declaration_form		https://learn.microsoft.com/en-us/previous-versions/windows/embedded/hh434316(v=msdn.10)
hh434607	mslearn-uncategorized	docs/mslearn/uncategorized/hh434607.html	DispatcherTimer Class	concept_or_overview	0			none				unrecognised_declaration_form		https://learn.microsoft.com/en-us/previous-versions/windows/embedded/hh434607(v=msdn.10)
hh434615	mslearn-uncategorized	docs/mslearn/uncategorized/hh434615.html	Dispatcher Class	concept_or_overview	0			syntax_section				matched		https://learn.microsoft.com/en-us/previous-versions/windows/embedded/hh434615(v=msdn.10)
hh434699	mslearn-uncategorized	docs/mslearn/uncategorized/hh434699.html	DpwsClient Class	concept_or_overview	0			syntax_section				matched		https://learn.microsoft.com/en-us/previous-versions/windows/embedded/hh434699(v=msdn.10)
hh434704	mslearn-uncategorized	docs/mslearn/uncategorized/hh434704.html	DpwsDiscoGreeting Class	concept_or_overview	0			none				unrecognised_declaration_form		https://learn.microsoft.com/en-us/previous-versions/windows/embedded/hh434704(v=msdn.10)
hh434705	mslearn-uncategorized	docs/mslearn/uncategorized/hh434705.html	DpwsDiscoveryClient Class	concept_or_overview	0			none				unrecognised_declaration_form		https://learn.microsoft.com/en-us/previous-versions/windows/embedded/hh434705(v=msdn.10)
hh434709	mslearn-uncategorized	docs/mslearn/uncategorized/hh434709.html	DpwsEventingClient Class	concept_or_overview	0			none				unrecognised_declaration_form		https://learn.microsoft.com/en-us/previous-versions/windows/embedded/hh434709(v=msdn.10)
hh434712	mslearn-uncategorized	docs/mslearn/uncategorized/hh434712.html	DpwsEventSubscription Class	concept_or_overview	0			none				unrecognised_declaration_form		https://learn.microsoft.com/en-us/previous-versions/windows/embedded/hh434712(v=msdn.10)
hh434715	mslearn-uncategorized	docs/mslearn/uncategorized/hh434715.html	DpwsHostedService Class	concept_or_overview	0			syntax_section				matched		https://learn.microsoft.com/en-us/previous-versions/windows/embedded/hh434715(v=msdn.10)
hh434719	mslearn-uncategorized	docs/mslearn/uncategorized/hh434719.html	DpwsHttpClient Class	concept_or_overview	0			syntax_section				matched		https://learn.microsoft.com/en-us/previous-versions/windows/embedded/hh434719(v=msdn.10)
hh434723	mslearn-uncategorized	docs/mslearn/uncategorized/hh434723.html	DpwsMetadata Class	concept_or_overview	0			none				unrecognised_declaration_form		https://learn.microsoft.com/en-us/previous-versions/windows/embedded/hh434723(v=msdn.10)
hh434727	mslearn-uncategorized	docs/mslearn/uncategorized/hh434727.html	DpwsMexClient Class	concept_or_overview	0			none				unrecognised_declaration_form		https://learn.microsoft.com/en-us/previous-versions/windows/embedded/hh434727(v=msdn.10)
hh434730	mslearn-uncategorized	docs/mslearn/uncategorized/hh434730.html	DpwsMexServices Class	concept_or_overview	0			none				unrecognised_declaration_form		https://learn.microsoft.com/en-us/previous-versions/windows/embedded/hh434730(v=msdn.10)
hh434734	mslearn-uncategorized	docs/mslearn/uncategorized/hh434734.html	DpwsMexService Class	concept_or_overview	0			none				unrecognised_declaration_form		https://learn.microsoft.com/en-us/previous-versions/windows/embedded/hh434734(v=msdn.10)
hh434738	mslearn-uncategorized	docs/mslearn/uncategorized/hh434738.html	DpwsRelationship Class	concept_or_overview	0			none				unrecognised_declaration_form		https://learn.microsoft.com/en-us/previous-versions/windows/embedded/hh434738(v=msdn.10)
hh434743	mslearn-uncategorized	docs/mslearn/uncategorized/hh434743.html	DpwsServiceDescriptions Class	concept_or_overview	0			syntax_section				matched		https://learn.microsoft.com/en-us/previous-versions/windows/embedded/hh434743(v=msdn.10)
hh434747	mslearn-uncategorized	docs/mslearn/uncategorized/hh434747.html	DpwsServiceDescription Class	concept_or_overview	0			none				unrecognised_declaration_form		https://learn.microsoft.com/en-us/previous-versions/windows/embedded/hh434747(v=msdn.10)
hh434752	mslearn-uncategorized	docs/mslearn/uncategorized/hh434752.html	DpwsServiceTypes Class	concept_or_overview	0			none				unrecognised_declaration_form		https://learn.microsoft.com/en-us/previous-versions/windows/embedded/hh434752(v=msdn.10)
hh434756	mslearn-uncategorized	docs/mslearn/uncategorized/hh434756.html	DpwsServiceType Class	concept_or_overview	0			syntax_section				matched		https://learn.microsoft.com/en-us/previous-versions/windows/embedded/hh434756(v=msdn.10)
hh434759	mslearn-uncategorized	docs/mslearn/uncategorized/hh434759.html	DpwsSoapResponse Class	concept_or_overview	0			none				unrecognised_declaration_form		https://learn.microsoft.com/en-us/previous-versions/windows/embedded/hh434759(v=msdn.10)
hh434764	mslearn-uncategorized	docs/mslearn/uncategorized/hh434764.html	DpwsSubscribeRequest Class	concept_or_overview	0			syntax_section				matched		https://learn.microsoft.com/en-us/previous-versions/windows/embedded/hh434764(v=msdn.10)
hh434769	mslearn-uncategorized	docs/mslearn/uncategorized/hh434769.html	DpwsThisDevice Class	concept_or_overview	0			none				unrecognised_declaration_form		https://learn.microsoft.com/en-us/previous-versions/windows/embedded/hh434769(v=msdn.10)
hh434773	mslearn-uncategorized	docs/mslearn/uncategorized/hh434773.html	DpwsThisModel Class	concept_or_overview	0			none				unrecognised_declaration_form		https://learn.microsoft.com/en-us/previous-versions/windows/embedded/hh434773(v=msdn.10)
hh434778	mslearn-uncategorized	docs/mslearn/uncategorized/hh434778.html	DpwsWseEventSources Class	concept_or_overview	0			none				unrecognised_declaration_form		https://learn.microsoft.com/en-us/previous-versions/windows/embedded/hh434778(v=msdn.10)
hh434782	mslearn-uncategorized	docs/mslearn/uncategorized/hh434782.html	DpwsWseEventSource Class	concept_or_overview	0			syntax_section				matched		https://learn.microsoft.com/en-us/previous-versions/windows/embedded/hh434782(v=msdn.10)
hh434786	mslearn-uncategorized	docs/mslearn/uncategorized/hh434786.html	DpwsWseSubscriptionMgr Class	concept_or_overview	0			syntax_section				matched		https://learn.microsoft.com/en-us/previous-versions/windows/embedded/hh434786(v=msdn.10)
hh434801	mslearn-uncategorized	docs/mslearn/uncategorized/hh434801.html	DrawingAttributes Class	concept_or_overview	0			none				unrecognised_declaration_form		https://learn.microsoft.com/en-us/previous-versions/windows/embedded/hh434801(v=msdn.10)
hh434803	mslearn-uncategorized	docs/mslearn/uncategorized/hh434803.html	DrawingContext Class	concept_or_overview	0			none				unrecognised_declaration_form		https://learn.microsoft.com/en-us/previous-versions/windows/embedded/hh434803(v=msdn.10)
hh434828	mslearn-uncategorized	docs/mslearn/uncategorized/hh434828.html	DSACryptoServiceProvider Class	concept_or_overview	0			syntax_section				matched		https://learn.microsoft.com/en-us/previous-versions/windows/embedded/hh434828(v=msdn.10)
hh434833	mslearn-uncategorized	docs/mslearn/uncategorized/hh434833.html	DSAParameters Structure	concept_or_overview	0			none				first_line_not_a_declaration		https://learn.microsoft.com/en-us/previous-versions/windows/embedded/hh434833(v=msdn.10)
hh434853	mslearn-uncategorized	docs/mslearn/uncategorized/hh434853.html	ECDiffieHellmanCryptoServiceProvider Class	concept_or_overview	0			none				unrecognised_declaration_form		https://learn.microsoft.com/en-us/previous-versions/windows/embedded/hh434853(v=msdn.10)
hh434859	mslearn-uncategorized	docs/mslearn/uncategorized/hh434859.html	ECDsaCryptoServiceProvider Class	concept_or_overview	0			none				unrecognised_declaration_form		https://learn.microsoft.com/en-us/previous-versions/windows/embedded/hh434859(v=msdn.10)
hh434865	mslearn-uncategorized	docs/mslearn/uncategorized/hh434865.html	ExtendedTimer Class	concept_or_overview	0			none				unrecognised_declaration_form		https://learn.microsoft.com/en-us/previous-versions/windows/embedded/hh434865(v=msdn.10)
hh434869	mslearn-uncategorized	docs/mslearn/uncategorized/hh434869.html	ExtendedTimeZone Class	concept_or_overview	0			none				unrecognised_declaration_form		https://learn.microsoft.com/en-us/previous-versions/windows/embedded/hh434869(v=msdn.10)
hh434875	mslearn-uncategorized	docs/mslearn/uncategorized/hh434875.html	ExtendedWeakReference Class	concept_or_overview	0			none				unrecognised_declaration_form		https://learn.microsoft.com/en-us/previous-versions/windows/embedded/hh434875(v=msdn.10)
hh434905	mslearn-uncategorized	docs/mslearn/uncategorized/hh434905.html	FieldNoReflectionAttribute Class	concept_or_overview	0			none				first_line_not_a_declaration		https://learn.microsoft.com/en-us/previous-versions/windows/embedded/hh434905(v=msdn.10)
hh434913	mslearn-uncategorized	docs/mslearn/uncategorized/hh434913.html	FileEnumerator Class	concept_or_overview	0			none				unrecognised_declaration_form		https://learn.microsoft.com/en-us/previous-versions/windows/embedded/hh434913(v=msdn.10)
hh434917	mslearn-uncategorized	docs/mslearn/uncategorized/hh434917.html	FileEnum Class	concept_or_overview	0			none				unrecognised_declaration_form		https://learn.microsoft.com/en-us/previous-versions/windows/embedded/hh434917(v=msdn.10)
hh434953	mslearn-uncategorized	docs/mslearn/uncategorized/hh434953.html	FindObjectEnum Class	concept_or_overview	0			none				unrecognised_declaration_form		https://learn.microsoft.com/en-us/previous-versions/windows/embedded/hh434953(v=msdn.10)
hh434986	mslearn-uncategorized	docs/mslearn/uncategorized/hh434986.html	FlashManager Class	concept_or_overview	0			none				unrecognised_declaration_form		https://learn.microsoft.com/en-us/previous-versions/windows/embedded/hh434986(v=msdn.10)
hh434996	mslearn-uncategorized	docs/mslearn/uncategorized/hh434996.html	FlashSector Class	concept_or_overview	0			none				unrecognised_declaration_form		https://learn.microsoft.com/en-us/previous-versions/windows/embedded/hh434996(v=msdn.10)
hh435015	mslearn-uncategorized	docs/mslearn/uncategorized/hh435015.html	FocusChangedEventArgs Class	concept_or_overview	0			none				unrecognised_declaration_form		https://learn.microsoft.com/en-us/previous-versions/windows/embedded/hh435015(v=msdn.10)
hh435025	mslearn-uncategorized	docs/mslearn/uncategorized/hh435025.html	Font Class	concept_or_overview	0			syntax_section				matched		https://learn.microsoft.com/en-us/previous-versions/windows/embedded/hh435025(v=msdn.10)
hh435081	mslearn-uncategorized	docs/mslearn/uncategorized/hh435081.html	Configuration.GenericDescriptor Class	concept_or_overview	0			none				unrecognised_declaration_form		https://learn.microsoft.com/en-us/previous-versions/windows/embedded/hh435081(v=msdn.10)
hh435085	mslearn-uncategorized	docs/mslearn/uncategorized/hh435085.html	GenericDevice Class	concept_or_overview	0			none				unrecognised_declaration_form		https://learn.microsoft.com/en-us/previous-versions/windows/embedded/hh435085(v=msdn.10)
hh435090	mslearn-uncategorized	docs/mslearn/uncategorized/hh435090.html	GenericEventArgs Class	concept_or_overview	0			none				unrecognised_declaration_form		https://learn.microsoft.com/en-us/previous-versions/windows/embedded/hh435090(v=msdn.10)
hh435096	mslearn-uncategorized	docs/mslearn/uncategorized/hh435096.html	GenericEvents Class	concept_or_overview	0			none				unrecognised_declaration_form		https://learn.microsoft.com/en-us/previous-versions/windows/embedded/hh435096(v=msdn.10)
hh435100	mslearn-uncategorized	docs/mslearn/uncategorized/hh435100.html	GenericEvent Class	concept_or_overview	0			none				unrecognised_declaration_form		https://learn.microsoft.com/en-us/previous-versions/windows/embedded/hh435100(v=msdn.10)
hh435121	mslearn-uncategorized	docs/mslearn/uncategorized/hh435121.html	HardwareProvider Class	concept_or_overview	0			none				unrecognised_declaration_form		https://learn.microsoft.com/en-us/previous-versions/windows/embedded/hh435121(v=msdn.10)
hh435133	mslearn-uncategorized	docs/mslearn/uncategorized/hh435133.html	HashAlgorithm Class	concept_or_overview	0			none				unrecognised_declaration_form		https://learn.microsoft.com/en-us/previous-versions/windows/embedded/hh435133(v=msdn.10)
hh435209	mslearn-uncategorized	docs/mslearn/uncategorized/hh435209.html	HttpKnownHeaderNames Class	concept_or_overview	0			none				unrecognised_declaration_form		https://learn.microsoft.com/en-us/previous-versions/windows/embedded/hh435209(v=msdn.10)
hh435236	mslearn-uncategorized	docs/mslearn/uncategorized/hh435236.html	HttpTransportBindingConfig Class	concept_or_overview	0			none				unrecognised_declaration_form		https://learn.microsoft.com/en-us/previous-versions/windows/embedded/hh435236(v=msdn.10)
hh435240	mslearn-uncategorized	docs/mslearn/uncategorized/hh435240.html	HttpTransportBindingElement Class	concept_or_overview	0			none				unrecognised_declaration_form		https://learn.microsoft.com/en-us/previous-versions/windows/embedded/hh435240(v=msdn.10)
hh435261	mslearn-uncategorized	docs/mslearn/uncategorized/hh435261.html	I2cBus Class	concept_or_overview	0			none				unrecognised_declaration_form		https://learn.microsoft.com/en-us/previous-versions/windows/embedded/hh435261(v=msdn.10)
hh435265	mslearn-uncategorized	docs/mslearn/uncategorized/hh435265.html	I2CDevice Class	concept_or_overview	0			none				unrecognised_declaration_form		https://learn.microsoft.com/en-us/previous-versions/windows/embedded/hh435265(v=msdn.10)
hh435269	mslearn-uncategorized	docs/mslearn/uncategorized/hh435269.html	I2cDevice Class	concept_or_overview	0			none				unrecognised_declaration_form		https://learn.microsoft.com/en-us/previous-versions/windows/embedded/hh435269(v=msdn.10)
hh435274	mslearn-uncategorized	docs/mslearn/uncategorized/hh435274.html	I2CDevice.I2CReadTransaction Class	concept_or_overview	0			none				unrecognised_declaration_form		https://learn.microsoft.com/en-us/previous-versions/windows/embedded/hh435274(v=msdn.10)
hh435276	mslearn-uncategorized	docs/mslearn/uncategorized/hh435276.html	I2CDevice.I2CTransaction Class	concept_or_overview	0			none				unrecognised_declaration_form		https://learn.microsoft.com/en-us/previous-versions/windows/embedded/hh435276(v=msdn.10)
hh435280	mslearn-uncategorized	docs/mslearn/uncategorized/hh435280.html	I2CDevice.I2CWriteTransaction Class	concept_or_overview	0			none				unrecognised_declaration_form		https://learn.microsoft.com/en-us/previous-versions/windows/embedded/hh435280(v=msdn.10)
hh435292	mslearn-uncategorized	docs/mslearn/uncategorized/hh435292.html	ICommunicationObject Interface	concept_or_overview	0			none				unrecognised_declaration_form		https://learn.microsoft.com/en-us/previous-versions/windows/embedded/hh435292(v=msdn.10)
hh435302	mslearn-uncategorized	docs/mslearn/uncategorized/hh435302.html	ICryptoTransform Interface	concept_or_overview	0			none				unrecognised_declaration_form		https://learn.microsoft.com/en-us/previous-versions/windows/embedded/hh435302(v=msdn.10)
hh435332	mslearn-uncategorized	docs/mslearn/uncategorized/hh435332.html	IEventListener Interface	concept_or_overview	0			none				unrecognised_declaration_form		https://learn.microsoft.com/en-us/previous-versions/windows/embedded/hh435332(v=msdn.10)
hh435336	mslearn-uncategorized	docs/mslearn/uncategorized/hh435336.html	IEventProcessor Interface	concept_or_overview	0			none				unrecognised_declaration_form		https://learn.microsoft.com/en-us/previous-versions/windows/embedded/hh435336(v=msdn.10)
hh435363	mslearn-uncategorized	docs/mslearn/uncategorized/hh435363.html	ImageBrush Class	concept_or_overview	0			none				unrecognised_declaration_form		https://learn.microsoft.com/en-us/previous-versions/windows/embedded/hh435363(v=msdn.10)
hh435367	mslearn-uncategorized	docs/mslearn/uncategorized/hh435367.html	Image Class	concept_or_overview	0			none				unrecognised_declaration_form		https://learn.microsoft.com/en-us/previous-versions/windows/embedded/hh435367(v=msdn.10)
hh435378	mslearn-uncategorized	docs/mslearn/uncategorized/hh435378.html	Mechanism Class	concept_or_overview	0			none				unrecognised_declaration_form		https://learn.microsoft.com/en-us/previous-versions/windows/embedded/hh435378(v=msdn.10)
hh435381	mslearn-uncategorized	docs/mslearn/uncategorized/hh435381.html	MediaEventArgs Class	concept_or_overview	0			none				unrecognised_declaration_form		https://learn.microsoft.com/en-us/previous-versions/windows/embedded/hh435381(v=msdn.10)
hh435398	mslearn-uncategorized	docs/mslearn/uncategorized/hh435398.html	MemoryManagerBase Class	concept_or_overview	0			none				unrecognised_declaration_form		https://learn.microsoft.com/en-us/previous-versions/windows/embedded/hh435398(v=msdn.10)
hh435405	mslearn-uncategorized	docs/mslearn/uncategorized/hh435405.html	MemoryManager Class	concept_or_overview	0			none				unrecognised_declaration_form		https://learn.microsoft.com/en-us/previous-versions/windows/embedded/hh435405(v=msdn.10)
hh435417	mslearn-uncategorized	docs/mslearn/uncategorized/hh435417.html	MessageEncodingBindingElement Class	concept_or_overview	0			none				unrecognised_declaration_form		https://learn.microsoft.com/en-us/previous-versions/windows/embedded/hh435417(v=msdn.10)
hh435423	mslearn-uncategorized	docs/mslearn/uncategorized/hh435423.html	MessageParameterAttribute Class	concept_or_overview	0			none				unrecognised_declaration_form		https://learn.microsoft.com/en-us/previous-versions/windows/embedded/hh435423(v=msdn.10)
hh435431	mslearn-uncategorized	docs/mslearn/uncategorized/hh435431.html	Message Class	concept_or_overview	0			syntax_section				matched		https://learn.microsoft.com/en-us/previous-versions/windows/embedded/hh435431(v=msdn.10)
hh435479	mslearn-uncategorized	docs/mslearn/uncategorized/hh435479.html	MFApplicationDeploymentData Class	concept_or_overview	0			none				unrecognised_declaration_form		https://learn.microsoft.com/en-us/previous-versions/windows/embedded/hh435479(v=msdn.10)
hh435482	mslearn-uncategorized	docs/mslearn/uncategorized/hh435482.html	MFApplicationDeployment Class	concept_or_overview	0			none				unrecognised_declaration_form		https://learn.microsoft.com/en-us/previous-versions/windows/embedded/hh435482(v=msdn.10)
hh435485	mslearn-uncategorized	docs/mslearn/uncategorized/hh435485.html	MFConfigHelper Class	concept_or_overview	0			none				unrecognised_declaration_form		https://learn.microsoft.com/en-us/previous-versions/windows/embedded/hh435485(v=msdn.10)
hh435489	mslearn-uncategorized	docs/mslearn/uncategorized/hh435489.html	MFDeploy Class	concept_or_overview	0			none				unrecognised_declaration_form		https://learn.microsoft.com/en-us/previous-versions/windows/embedded/hh435489(v=msdn.10)
hh435495	mslearn-uncategorized	docs/mslearn/uncategorized/hh435495.html	MFDeviceInUseException Class	concept_or_overview	0			none				unrecognised_declaration_form		https://learn.microsoft.com/en-us/previous-versions/windows/embedded/hh435495(v=msdn.10)
hh435498	mslearn-uncategorized	docs/mslearn/uncategorized/hh435498.html	MFDeviceNoResponseException Class	concept_or_overview	0			none				unrecognised_declaration_form		https://learn.microsoft.com/en-us/previous-versions/windows/embedded/hh435498(v=msdn.10)
hh435501	mslearn-uncategorized	docs/mslearn/uncategorized/hh435501.html	MFDeviceUnknownDeviceException Class	concept_or_overview	0			none				unrecognised_declaration_form		https://learn.microsoft.com/en-us/previous-versions/windows/embedded/hh435501(v=msdn.10)
hh435504	mslearn-uncategorized	docs/mslearn/uncategorized/hh435504.html	MFDevice Class	concept_or_overview	0			none				unrecognised_declaration_form		https://learn.microsoft.com/en-us/previous-versions/windows/embedded/hh435504(v=msdn.10)
hh435510	mslearn-uncategorized	docs/mslearn/uncategorized/hh435510.html	MFInvalidFileFormatException Class	concept_or_overview	0			none				unrecognised_declaration_form		https://learn.microsoft.com/en-us/previous-versions/windows/embedded/hh435510(v=msdn.10)
hh435513	mslearn-uncategorized	docs/mslearn/uncategorized/hh435513.html	MFKeyConfig Class	concept_or_overview	0			none				unrecognised_declaration_form		https://learn.microsoft.com/en-us/previous-versions/windows/embedded/hh435513(v=msdn.10)
hh435516	mslearn-uncategorized	docs/mslearn/uncategorized/hh435516.html	MFNetworkConfiguration Class	concept_or_overview	0			none				unrecognised_declaration_form		https://learn.microsoft.com/en-us/previous-versions/windows/embedded/hh435516(v=msdn.10)
hh435520	mslearn-uncategorized	docs/mslearn/uncategorized/hh435520.html	MFPortDefinition Class	concept_or_overview	0			none				unrecognised_declaration_form		https://learn.microsoft.com/en-us/previous-versions/windows/embedded/hh435520(v=msdn.10)
hh435523	mslearn-uncategorized	docs/mslearn/uncategorized/hh435523.html	MFSerialPort Class	concept_or_overview	0			none				unrecognised_declaration_form		https://learn.microsoft.com/en-us/previous-versions/windows/embedded/hh435523(v=msdn.10)
hh435525	mslearn-uncategorized	docs/mslearn/uncategorized/hh435525.html	MFSignatureFailureException Class	concept_or_overview	0			none				unrecognised_declaration_form		https://learn.microsoft.com/en-us/previous-versions/windows/embedded/hh435525(v=msdn.10)
hh435530	mslearn-uncategorized	docs/mslearn/uncategorized/hh435530.html	MFTcpIpPort Class	concept_or_overview	0			none				unrecognised_declaration_form		https://learn.microsoft.com/en-us/previous-versions/windows/embedded/hh435530(v=msdn.10)
hh435533	mslearn-uncategorized	docs/mslearn/uncategorized/hh435533.html	MFUsbConfiguration Class	concept_or_overview	0			none				unrecognised_declaration_form		https://learn.microsoft.com/en-us/previous-versions/windows/embedded/hh435533(v=msdn.10)
hh435537	mslearn-uncategorized	docs/mslearn/uncategorized/hh435537.html	MFUsbPort Class	concept_or_overview	0			none				unrecognised_declaration_form		https://learn.microsoft.com/en-us/previous-versions/windows/embedded/hh435537(v=msdn.10)
hh435539	mslearn-uncategorized	docs/mslearn/uncategorized/hh435539.html	MFUserExitException Class	concept_or_overview	0			none				unrecognised_declaration_form		https://learn.microsoft.com/en-us/previous-versions/windows/embedded/hh435539(v=msdn.10)
hh435650	mslearn-uncategorized	docs/mslearn/uncategorized/hh435650.html	SubscriptionEndEventArgs Class	concept_or_overview	0			none				unrecognised_declaration_form		https://learn.microsoft.com/en-us/previous-versions/windows/embedded/hh435650(v=msdn.10)
hh435682	mslearn-uncategorized	docs/mslearn/uncategorized/hh435682.html	SymmetricAlgorithm Class	concept_or_overview	0			none				unrecognised_declaration_form		https://learn.microsoft.com/en-us/previous-versions/windows/embedded/hh435682(v=msdn.10)
hh435709	mslearn-uncategorized	docs/mslearn/uncategorized/hh435709.html	SystemInfo.SystemID Class	concept_or_overview	0			none				unrecognised_declaration_form		https://learn.microsoft.com/en-us/previous-versions/windows/embedded/hh435709(v=msdn.10)
hh435712	mslearn-uncategorized	docs/mslearn/uncategorized/hh435712.html	SystemInfo Class	concept_or_overview	0			none				unrecognised_declaration_form		https://learn.microsoft.com/en-us/previous-versions/windows/embedded/hh435712(v=msdn.10)
hh435716	mslearn-uncategorized	docs/mslearn/uncategorized/hh435716.html	SystemMetrics Class	concept_or_overview	0			none				unrecognised_declaration_form		https://learn.microsoft.com/en-us/previous-versions/windows/embedded/hh435716(v=msdn.10)
hh435721	mslearn-uncategorized	docs/mslearn/uncategorized/hh435721.html	SystemTimeChangedEventArgs Class	concept_or_overview	0			none				unrecognised_declaration_form		https://learn.microsoft.com/en-us/previous-versions/windows/embedded/hh435721(v=msdn.10)
hh435727	mslearn-uncategorized	docs/mslearn/uncategorized/hh435727.html	SystemTime Class	concept_or_overview	0			none				unrecognised_declaration_form		https://learn.microsoft.com/en-us/previous-versions/windows/embedded/hh435727(v=msdn.10)
hh435753	mslearn-uncategorized	docs/mslearn/uncategorized/hh435753.html	TextFlow Class	concept_or_overview	0			none				unrecognised_declaration_form		https://learn.microsoft.com/en-us/previous-versions/windows/embedded/hh435753(v=msdn.10)
hh435762	mslearn-uncategorized	docs/mslearn/uncategorized/hh435762.html	TextRunCollection Class	concept_or_overview	0			none				first_line_not_a_declaration		https://learn.microsoft.com/en-us/previous-versions/windows/embedded/hh435762(v=msdn.10)
hh435767	mslearn-uncategorized	docs/mslearn/uncategorized/hh435767.html	TextRun Class	concept_or_overview	0			none				unrecognised_declaration_form		https://learn.microsoft.com/en-us/previous-versions/windows/embedded/hh435767(v=msdn.10)
hh435780	mslearn-uncategorized	docs/mslearn/uncategorized/hh435780.html	Text Class	concept_or_overview	0			none				unrecognised_declaration_form		https://learn.microsoft.com/en-us/previous-versions/windows/embedded/hh435780(v=msdn.10)
hh435798	mslearn-uncategorized	docs/mslearn/uncategorized/hh435798.html	Device.ThisDevice Class	concept_or_overview	0			none				unrecognised_declaration_form		https://learn.microsoft.com/en-us/previous-versions/windows/embedded/hh435798(v=msdn.10)
hh435802	mslearn-uncategorized	docs/mslearn/uncategorized/hh435802.html	Device.ThisModel Class	concept_or_overview	0			none				unrecognised_declaration_form		https://learn.microsoft.com/en-us/previous-versions/windows/embedded/hh435802(v=msdn.10)
hh435854	mslearn-uncategorized	docs/mslearn/uncategorized/hh435854.html	TimingServices.Timer Class	concept_or_overview	0			none				unrecognised_declaration_form		https://learn.microsoft.com/en-us/previous-versions/windows/embedded/hh435854(v=msdn.10)
hh435858	mslearn-uncategorized	docs/mslearn/uncategorized/hh435858.html	TimeServiceSettings Class	concept_or_overview	0			none				unrecognised_declaration_form		https://learn.microsoft.com/en-us/previous-versions/windows/embedded/hh435858(v=msdn.10)
hh435864	mslearn-uncategorized	docs/mslearn/uncategorized/hh435864.html	TimeServiceStatus Class	concept_or_overview	0			none				unrecognised_declaration_form		https://learn.microsoft.com/en-us/previous-versions/windows/embedded/hh435864(v=msdn.10)
hh435869	mslearn-uncategorized	docs/mslearn/uncategorized/hh435869.html	TimeService Class	concept_or_overview	0			none				unrecognised_declaration_form		https://learn.microsoft.com/en-us/previous-versions/windows/embedded/hh435869(v=msdn.10)
hh435882	mslearn-uncategorized	docs/mslearn/uncategorized/hh435882.html	TimeSyncFailedEventArgs Class	concept_or_overview	0			none				unrecognised_declaration_form		https://learn.microsoft.com/en-us/previous-versions/windows/embedded/hh435882(v=msdn.10)
hh435893	mslearn-uncategorized	docs/mslearn/uncategorized/hh435893.html	TimeZoneInformation Class	concept_or_overview	0			none				unrecognised_declaration_form		https://learn.microsoft.com/en-us/previous-versions/windows/embedded/hh435893(v=msdn.10)
hh435901	mslearn-uncategorized	docs/mslearn/uncategorized/hh435901.html	WatchdogEvent Class	concept_or_overview	0			none				unrecognised_declaration_form		https://learn.microsoft.com/en-us/previous-versions/windows/embedded/hh435901(v=msdn.10)
hh435905	mslearn-uncategorized	docs/mslearn/uncategorized/hh435905.html	WatchdogException Class	concept_or_overview	0			none				first_line_not_a_declaration		https://learn.microsoft.com/en-us/previous-versions/windows/embedded/hh435905(v=msdn.10)
hh435911	mslearn-uncategorized	docs/mslearn/uncategorized/hh435911.html	Watchdog Class	concept_or_overview	0			none				unrecognised_declaration_form		https://learn.microsoft.com/en-us/previous-versions/windows/embedded/hh435911(v=msdn.10)
hh435917	mslearn-uncategorized	docs/mslearn/uncategorized/hh435917.html	WeakDelegate Class	concept_or_overview	0			syntax_section				matched		https://learn.microsoft.com/en-us/previous-versions/windows/embedded/hh435917(v=msdn.10)
hh435959	mslearn-uncategorized	docs/mslearn/uncategorized/hh435959.html	WindowCollection Class	concept_or_overview	0			none				first_line_not_a_declaration		https://learn.microsoft.com/en-us/previous-versions/windows/embedded/hh435959(v=msdn.10)
hh435963	mslearn-uncategorized	docs/mslearn/uncategorized/hh435963.html	WindowManager Class	concept_or_overview	0			none				unrecognised_declaration_form		https://learn.microsoft.com/en-us/previous-versions/windows/embedded/hh435963(v=msdn.10)
hh435970	mslearn-uncategorized	docs/mslearn/uncategorized/hh435970.html	Window Class	concept_or_overview	0			none				unrecognised_declaration_form		https://learn.microsoft.com/en-us/previous-versions/windows/embedded/hh435970(v=msdn.10)
hh435977	mslearn-uncategorized	docs/mslearn/uncategorized/hh435977.html	Wireless80211 Class	concept_or_overview	0			none				unrecognised_declaration_form		https://learn.microsoft.com/en-us/previous-versions/windows/embedded/hh435977(v=msdn.10)
hh436056	mslearn-uncategorized	docs/mslearn/uncategorized/hh436056.html	WS2007HttpBinding Class	concept_or_overview	0			none				unrecognised_declaration_form		https://learn.microsoft.com/en-us/previous-versions/windows/embedded/hh436056(v=msdn.10)
hh436063	mslearn-uncategorized	docs/mslearn/uncategorized/hh436063.html	WsAppSequence Class	concept_or_overview	0			none				unrecognised_declaration_form		https://learn.microsoft.com/en-us/previous-versions/windows/embedded/hh436063(v=msdn.10)
hh436073	mslearn-uncategorized	docs/mslearn/uncategorized/hh436073.html	WsDiscovery Class	concept_or_overview	0			none				unrecognised_declaration_form		https://learn.microsoft.com/en-us/previous-versions/windows/embedded/hh436073(v=msdn.10)
hh436079	mslearn-uncategorized	docs/mslearn/uncategorized/hh436079.html	WsDuration Class	concept_or_overview	0			none				unrecognised_declaration_form		https://learn.microsoft.com/en-us/previous-versions/windows/embedded/hh436079(v=msdn.10)
hh436085	mslearn-uncategorized	docs/mslearn/uncategorized/hh436085.html	WsFaultException Class	concept_or_overview	0			none				unrecognised_declaration_form		https://learn.microsoft.com/en-us/previous-versions/windows/embedded/hh436085(v=msdn.10)
hh436090	mslearn-uncategorized	docs/mslearn/uncategorized/hh436090.html	WsHttpClient Class	concept_or_overview	0			none				unrecognised_declaration_form		https://learn.microsoft.com/en-us/previous-versions/windows/embedded/hh436090(v=msdn.10)
hh436096	mslearn-uncategorized	docs/mslearn/uncategorized/hh436096.html	WsMessage Class	concept_or_overview	0			none				unrecognised_declaration_form		https://learn.microsoft.com/en-us/previous-versions/windows/embedded/hh436096(v=msdn.10)
hh436101	mslearn-uncategorized	docs/mslearn/uncategorized/hh436101.html	WsMtomBodyParts Class	concept_or_overview	0			none				unrecognised_declaration_form		https://learn.microsoft.com/en-us/previous-versions/windows/embedded/hh436101(v=msdn.10)
hh436105	mslearn-uncategorized	docs/mslearn/uncategorized/hh436105.html	WsMtomBodyPart Class	concept_or_overview	0			none				unrecognised_declaration_form		https://learn.microsoft.com/en-us/previous-versions/windows/embedded/hh436105(v=msdn.10)
hh436110	mslearn-uncategorized	docs/mslearn/uncategorized/hh436110.html	WsServiceEndpoints Class	concept_or_overview	0			none				unrecognised_declaration_form		https://learn.microsoft.com/en-us/previous-versions/windows/embedded/hh436110(v=msdn.10)
hh436115	mslearn-uncategorized	docs/mslearn/uncategorized/hh436115.html	WsServiceOperations Class	concept_or_overview	0			none				unrecognised_declaration_form		https://learn.microsoft.com/en-us/previous-versions/windows/embedded/hh436115(v=msdn.10)
hh436119	mslearn-uncategorized	docs/mslearn/uncategorized/hh436119.html	WsServiceOperation Class	concept_or_overview	0			none				unrecognised_declaration_form		https://learn.microsoft.com/en-us/previous-versions/windows/embedded/hh436119(v=msdn.10)
hh436126	mslearn-uncategorized	docs/mslearn/uncategorized/hh436126.html	WsWellKnownUri Class	concept_or_overview	0			none				unrecognised_declaration_form		https://learn.microsoft.com/en-us/previous-versions/windows/embedded/hh436126(v=msdn.10)
hh436129	mslearn-uncategorized	docs/mslearn/uncategorized/hh436129.html	WsWsaEndpointRefs Class	concept_or_overview	0			none				unrecognised_declaration_form		https://learn.microsoft.com/en-us/previous-versions/windows/embedded/hh436129(v=msdn.10)
hh436133	mslearn-uncategorized	docs/mslearn/uncategorized/hh436133.html	WsWsaEndpointRef Class	concept_or_overview	0			none				unrecognised_declaration_form		https://learn.microsoft.com/en-us/previous-versions/windows/embedded/hh436133(v=msdn.10)
hh436137	mslearn-uncategorized	docs/mslearn/uncategorized/hh436137.html	WsWsaHeader Class	concept_or_overview	0			syntax_section				matched		https://learn.microsoft.com/en-us/previous-versions/windows/embedded/hh436137(v=msdn.10)
hh436141	mslearn-uncategorized	docs/mslearn/uncategorized/hh436141.html	WsXmlAttributeCollection Class	concept_or_overview	0			none				unrecognised_declaration_form		https://learn.microsoft.com/en-us/previous-versions/windows/embedded/hh436141(v=msdn.10)
hh436145	mslearn-uncategorized	docs/mslearn/uncategorized/hh436145.html	WsXmlAttribute Class	concept_or_overview	0			none				unrecognised_declaration_form		https://learn.microsoft.com/en-us/previous-versions/windows/embedded/hh436145(v=msdn.10)
hh436149	mslearn-uncategorized	docs/mslearn/uncategorized/hh436149.html	WsXmlConvert Class	concept_or_overview	0			none				unrecognised_declaration_form		https://learn.microsoft.com/en-us/previous-versions/windows/embedded/hh436149(v=msdn.10)
hh436152	mslearn-uncategorized	docs/mslearn/uncategorized/hh436152.html	WsXmlElement Class	concept_or_overview	0			none				unrecognised_declaration_form		https://learn.microsoft.com/en-us/previous-versions/windows/embedded/hh436152(v=msdn.10)
hh436154	mslearn-uncategorized	docs/mslearn/uncategorized/hh436154.html	WsXmlNamespaces Class	concept_or_overview	0			syntax_section				matched		https://learn.microsoft.com/en-us/previous-versions/windows/embedded/hh436154(v=msdn.10)
hh454309	mslearn-uncategorized	docs/mslearn/uncategorized/hh454309.html	MatchCollection Class	concept_or_overview	0			none				first_line_not_a_declaration		https://learn.microsoft.com/en-us/previous-versions/windows/embedded/hh454309(v=msdn.10)
hh454324	mslearn-uncategorized	docs/mslearn/uncategorized/hh454324.html	Match Class	concept_or_overview	0			none				first_line_not_a_declaration		https://learn.microsoft.com/en-us/previous-versions/windows/embedded/hh454324(v=msdn.10)
hh454329	mslearn-uncategorized	docs/mslearn/uncategorized/hh454329.html	MFAssemblyNames Class	concept_or_overview	0			none				unrecognised_declaration_form		https://learn.microsoft.com/en-us/previous-versions/windows/embedded/hh454329(v=msdn.10)
hh454334	mslearn-uncategorized	docs/mslearn/uncategorized/hh454334.html	MFAssemblyUpdate Class	concept_or_overview	0			none				unrecognised_declaration_form		https://learn.microsoft.com/en-us/previous-versions/windows/embedded/hh454334(v=msdn.10)
hh454338	mslearn-uncategorized	docs/mslearn/uncategorized/hh454338.html	MFFirmwareUpdate Class	concept_or_overview	0			none				unrecognised_declaration_form		https://learn.microsoft.com/en-us/previous-versions/windows/embedded/hh454338(v=msdn.10)
hh454343	mslearn-uncategorized	docs/mslearn/uncategorized/hh454343.html	MFKeyUpdate Class	concept_or_overview	0			none				unrecognised_declaration_form		https://learn.microsoft.com/en-us/previous-versions/windows/embedded/hh454343(v=msdn.10)
hh454347	mslearn-uncategorized	docs/mslearn/uncategorized/hh454347.html	MFUpdateBase Class	concept_or_overview	0			syntax_section				matched		https://learn.microsoft.com/en-us/previous-versions/windows/embedded/hh454347(v=msdn.10)
hh454351	mslearn-uncategorized	docs/mslearn/uncategorized/hh454351.html	MFUpdatePkt Class	concept_or_overview	0			none				unrecognised_declaration_form		https://learn.microsoft.com/en-us/previous-versions/windows/embedded/hh454351(v=msdn.10)
hh454355	mslearn-uncategorized	docs/mslearn/uncategorized/hh454355.html	MFUpdateProperty Class	concept_or_overview	0			none				unrecognised_declaration_form		https://learn.microsoft.com/en-us/previous-versions/windows/embedded/hh454355(v=msdn.10)
hh454361	mslearn-uncategorized	docs/mslearn/uncategorized/hh454361.html	MFUpdate Class	concept_or_overview	0			none				unrecognised_declaration_form		https://learn.microsoft.com/en-us/previous-versions/windows/embedded/hh454361(v=msdn.10)
hh454366	mslearn-uncategorized	docs/mslearn/uncategorized/hh454366.html	MissingPacketEnumerator Class	concept_or_overview	0			none				unrecognised_declaration_form		https://learn.microsoft.com/en-us/previous-versions/windows/embedded/hh454366(v=msdn.10)
hh454382	mslearn-uncategorized	docs/mslearn/uncategorized/hh454382.html	RegexCompiler Class	concept_or_overview	0			none				unrecognised_declaration_form		https://learn.microsoft.com/en-us/previous-versions/windows/embedded/hh454382(v=msdn.10)
hh454387	mslearn-uncategorized	docs/mslearn/uncategorized/hh454387.html	RegexpSyntaxException Class	concept_or_overview	0			none				unrecognised_declaration_form		https://learn.microsoft.com/en-us/previous-versions/windows/embedded/hh454387(v=msdn.10)
hh454392	mslearn-uncategorized	docs/mslearn/uncategorized/hh454392.html	Regex Class	concept_or_overview	0			none				unrecognised_declaration_form		https://learn.microsoft.com/en-us/previous-versions/windows/embedded/hh454392(v=msdn.10)
hh454460	mslearn-uncategorized	docs/mslearn/uncategorized/hh454460.html	WsMessageCheck Class	concept_or_overview	0			syntax_section				matched		https://learn.microsoft.com/en-us/previous-versions/windows/embedded/hh454460(v=msdn.10)
hh466717	mslearn-uncategorized	docs/mslearn/uncategorized/hh466717.html	CaptureCollection Class	concept_or_overview	0			none				first_line_not_a_declaration		https://learn.microsoft.com/en-us/previous-versions/windows/embedded/hh466717(v=msdn.10)
hh466722	mslearn-uncategorized	docs/mslearn/uncategorized/hh466722.html	Capture Class	concept_or_overview	0			none				first_line_not_a_declaration		https://learn.microsoft.com/en-us/previous-versions/windows/embedded/hh466722(v=msdn.10)
hh467027	mslearn-uncategorized	docs/mslearn/uncategorized/hh467027.html	FirmwareVersion Class	concept_or_overview	0			none				unrecognised_declaration_form		https://learn.microsoft.com/en-us/previous-versions/windows/embedded/hh467027(v=msdn.10)
hh467045	mslearn-uncategorized	docs/mslearn/uncategorized/hh467045.html	GroupCollection Class	concept_or_overview	0			none				first_line_not_a_declaration		https://learn.microsoft.com/en-us/previous-versions/windows/embedded/hh467045(v=msdn.10)
hh467050	mslearn-uncategorized	docs/mslearn/uncategorized/hh467050.html	Group Class	concept_or_overview	0			none				first_line_not_a_declaration		https://learn.microsoft.com/en-us/previous-versions/windows/embedded/hh467050(v=msdn.10)
jj610686	mslearn-uncategorized	docs/mslearn/uncategorized/jj610686.html	ProtocolVersion.DiscoveryNamespace Property (Ws.Services)	out_of_scope_managed_surface	0			none				not_attempted		https://learn.microsoft.com/en-us/previous-versions/windows/embedded/jj610686(v=vs.102)
jj610693	mslearn-uncategorized	docs/mslearn/uncategorized/jj610693.html	DpwsMexClient Constructor (Dpws.Client.Discovery)	out_of_scope_managed_surface	0			none				not_attempted		https://learn.microsoft.com/en-us/previous-versions/windows/embedded/jj610693(v=vs.102)
jj610703	mslearn-uncategorized	docs/mslearn/uncategorized/jj610703.html	WsXmlConvert.ToInt16 Method (Ws.Services.Serialization)	out_of_scope_managed_surface	0			none				not_attempted		https://learn.microsoft.com/en-us/previous-versions/windows/embedded/jj610703(v=vs.102)
jj610711	mslearn-uncategorized	docs/mslearn/uncategorized/jj610711.html	TextMessageEncodingBindingElement.OnProcessInputMessage Method (Ws.Services.Encoding)	out_of_scope_managed_surface	0			none				not_attempted		https://learn.microsoft.com/en-us/previous-versions/windows/embedded/jj610711(v=vs.102)
jj610713	mslearn-uncategorized	docs/mslearn/uncategorized/jj610713.html	RequestContext Class (Ws.Services.Binding)	out_of_scope_managed_surface	0			none				not_attempted		https://learn.microsoft.com/en-us/previous-versions/windows/embedded/jj610713(v=vs.102)
jj610715	mslearn-uncategorized	docs/mslearn/uncategorized/jj610715.html	WsNamespacePrefix.Wsd Field (Ws.Services)	out_of_scope_managed_surface	0			none				not_attempted		https://learn.microsoft.com/en-us/previous-versions/windows/embedded/jj610715(v=vs.102)
jj610720	mslearn-uncategorized	docs/mslearn/uncategorized/jj610720.html	DataContractAttribute.Name Property (Ws.ServiceModel)	out_of_scope_managed_surface	0			none				not_attempted		https://learn.microsoft.com/en-us/previous-versions/windows/embedded/jj610720(v=vs.102)
jj610722	mslearn-uncategorized	docs/mslearn/uncategorized/jj610722.html	HttpTransportBindingElement.OnProcessInputMessage Method (Ws.Services.Binding)	out_of_scope_managed_surface	0			none				not_attempted		https://learn.microsoft.com/en-us/previous-versions/windows/embedded/jj610722(v=vs.102)
jj610725	mslearn-uncategorized	docs/mslearn/uncategorized/jj610725.html	WsMtomBodyPart.Content Field (Ws.Services.Mtom)	out_of_scope_managed_surface	0			none				not_attempted		https://learn.microsoft.com/en-us/previous-versions/windows/embedded/jj610725(v=vs.102)
jj610746	mslearn-uncategorized	docs/mslearn/uncategorized/jj610746.html	ServiceContractAttribute Constructor (Ws.ServiceModel)	out_of_scope_managed_surface	0			none				not_attempted		https://learn.microsoft.com/en-us/previous-versions/windows/embedded/jj610746(v=vs.102)
jj610749	mslearn-uncategorized	docs/mslearn/uncategorized/jj610749.html	WsFaultType Enumeration (Ws.Services.Faults)	out_of_scope_managed_surface	0			none				not_attempted		https://learn.microsoft.com/en-us/previous-versions/windows/embedded/jj610749(v=vs.102)
jj610765	mslearn-uncategorized	docs/mslearn/uncategorized/jj610765.html	ICommunicationObject.ReceiveTimeout Property (Ws.Services.Binding)	out_of_scope_managed_surface	0			none				not_attempted		https://learn.microsoft.com/en-us/previous-versions/windows/embedded/jj610765(v=vs.102)
jj610789	mslearn-uncategorized	docs/mslearn/uncategorized/jj610789.html	WsFaultException Class (Ws.Services.Faults)	out_of_scope_managed_surface	0			none				not_attempted		https://learn.microsoft.com/en-us/previous-versions/windows/embedded/jj610789(v=vs.102)
jj610791	mslearn-uncategorized	docs/mslearn/uncategorized/jj610791.html	DpwsClient.IWsServiceEndpoint.BlockingCall Property (Dpws.Client)	out_of_scope_managed_surface	0			none				not_attempted		https://learn.microsoft.com/en-us/previous-versions/windows/embedded/jj610791(v=vs.102)
jj610796	mslearn-uncategorized	docs/mslearn/uncategorized/jj610796.html	WsWsaHeader.FaultTo Property (Ws.Services.WsaAddressing)	out_of_scope_managed_surface	0			none				not_attempted		https://learn.microsoft.com/en-us/previous-versions/windows/embedded/jj610796(v=vs.102)
jj610801	mslearn-uncategorized	docs/mslearn/uncategorized/jj610801.html	ClientBindingContext Class (Ws.Services.Binding)	out_of_scope_managed_surface	0			none				not_attempted		https://learn.microsoft.com/en-us/previous-versions/windows/embedded/jj610801(v=vs.102)
jj610803	mslearn-uncategorized	docs/mslearn/uncategorized/jj610803.html	CommunicationObject.ReceiveTimeout Property (Ws.Services.Binding)	out_of_scope_managed_surface	0			none				not_attempted		https://learn.microsoft.com/en-us/previous-versions/windows/embedded/jj610803(v=vs.102)
jj610814	mslearn-uncategorized	docs/mslearn/uncategorized/jj610814.html	ReplyChannel.Close Method (Ws.Services.Binding)	out_of_scope_managed_surface	0			none				not_attempted		https://learn.microsoft.com/en-us/previous-versions/windows/embedded/jj610814(v=vs.102)
jj610815	mslearn-uncategorized	docs/mslearn/uncategorized/jj610815.html	DataContractSerializer Class (Ws.Services.Serialization)	out_of_scope_managed_surface	0			none				not_attempted		https://learn.microsoft.com/en-us/previous-versions/windows/embedded/jj610815(v=vs.102)
jj610820	mslearn-uncategorized	docs/mslearn/uncategorized/jj610820.html	MessageEncodingBindingElement Class (Ws.Services.Binding)	out_of_scope_managed_surface	0			none				not_attempted		https://learn.microsoft.com/en-us/previous-versions/windows/embedded/jj610820(v=vs.102)
jj610824	mslearn-uncategorized	docs/mslearn/uncategorized/jj610824.html	DpwsMexService.EndpointRefs Field (Dpws.Client.Discovery)	out_of_scope_managed_surface	0			none				not_attempted		https://learn.microsoft.com/en-us/previous-versions/windows/embedded/jj610824(v=vs.102)
jj610831	mslearn-uncategorized	docs/mslearn/uncategorized/jj610831.html	WsHttpClient Constructor (Ws.Services.Transport.HTTP)	out_of_scope_managed_surface	0			none				not_attempted		https://learn.microsoft.com/en-us/previous-versions/windows/embedded/jj610831(v=vs.102)
jj610835	mslearn-uncategorized	docs/mslearn/uncategorized/jj610835.html	DpwsSubscribeRequest.SubscriptionType Field (Dpws.Client.Eventing)	out_of_scope_managed_surface	0			none				not_attempted		https://learn.microsoft.com/en-us/previous-versions/windows/embedded/jj610835(v=vs.102)
jj610845	mslearn-uncategorized	docs/mslearn/uncategorized/jj610845.html	WsXmlConvert.ToString Method (UInt16) (Ws.Services.Serialization)	out_of_scope_managed_surface	0			none				not_attempted		https://learn.microsoft.com/en-us/previous-versions/windows/embedded/jj610845(v=vs.102)
jj610862	mslearn-uncategorized	docs/mslearn/uncategorized/jj610862.html	ProtocolVersion10.EventingNamespace Property (Ws.Services)	out_of_scope_managed_surface	0			none				not_attempted		https://learn.microsoft.com/en-us/previous-versions/windows/embedded/jj610862(v=vs.102)
jj610867	mslearn-uncategorized	docs/mslearn/uncategorized/jj610867.html	WsMessage.Namespaces Field (Ws.Services.Soap)	out_of_scope_managed_surface	0			none				not_attempted		https://learn.microsoft.com/en-us/previous-versions/windows/embedded/jj610867(v=vs.102)
jj610874	mslearn-uncategorized	docs/mslearn/uncategorized/jj610874.html	BindingElement.SetBindingConfiguration Method (Ws.Services.Binding)	out_of_scope_managed_surface	0			none				not_attempted		https://learn.microsoft.com/en-us/previous-versions/windows/embedded/jj610874(v=vs.102)
jj610882	mslearn-uncategorized	docs/mslearn/uncategorized/jj610882.html	DpwsMexServices.Clear Method (Dpws.Client.Discovery)	out_of_scope_managed_surface	0			none				not_attempted		https://learn.microsoft.com/en-us/previous-versions/windows/embedded/jj610882(v=vs.102)
jj610885	mslearn-uncategorized	docs/mslearn/uncategorized/jj610885.html	WsHttpClient.SendTimeout Field (Ws.Services.Transport.HTTP)	out_of_scope_managed_surface	0			none				not_attempted		https://learn.microsoft.com/en-us/previous-versions/windows/embedded/jj610885(v=vs.102)
jj610892	mslearn-uncategorized	docs/mslearn/uncategorized/jj610892.html	ProtocolVersion Constructor (Ws.Services)	out_of_scope_managed_surface	0			none				not_attempted		https://learn.microsoft.com/en-us/previous-versions/windows/embedded/jj610892(v=vs.102)
jj610895	mslearn-uncategorized	docs/mslearn/uncategorized/jj610895.html	BindingElement.ProcessOutputMessage Method (Ws.Services.Binding)	out_of_scope_managed_surface	0			none				not_attempted		https://learn.microsoft.com/en-us/previous-versions/windows/embedded/jj610895(v=vs.102)
jj610899	mslearn-uncategorized	docs/mslearn/uncategorized/jj610899.html	WsMtomBodyParts.Item Property (String) (Ws.Services.Mtom)	out_of_scope_managed_surface	0			none				not_attempted		https://learn.microsoft.com/en-us/previous-versions/windows/embedded/jj610899(v=vs.102)
jj610924	mslearn-uncategorized	docs/mslearn/uncategorized/jj610924.html	DpwsHostedService.GetStatus Method (Dpws.Device.Services)	out_of_scope_managed_surface	0			none				not_attempted		https://learn.microsoft.com/en-us/previous-versions/windows/embedded/jj610924(v=vs.102)
jj610931	mslearn-uncategorized	docs/mslearn/uncategorized/jj610931.html	DataContractSerializer.GetBodyPartContent Method (Ws.Services.Serialization)	out_of_scope_managed_surface	0			none				not_attempted		https://learn.microsoft.com/en-us/previous-versions/windows/embedded/jj610931(v=vs.102)
jj610937	mslearn-uncategorized	docs/mslearn/uncategorized/jj610937.html	DpwsClient.StartEventListeners Method (Dpws.Client)	out_of_scope_managed_surface	0			none				not_attempted		https://learn.microsoft.com/en-us/previous-versions/windows/embedded/jj610937(v=vs.102)
jj610940	mslearn-uncategorized	docs/mslearn/uncategorized/jj610940.html	TransportBindingElement Class (Ws.Services.Binding)	out_of_scope_managed_surface	0			none				not_attempted		https://learn.microsoft.com/en-us/previous-versions/windows/embedded/jj610940(v=vs.102)
jj610956	mslearn-uncategorized	docs/mslearn/uncategorized/jj610956.html	WsWsaHeader.MustUnderstand Property (Ws.Services.WsaAddressing)	out_of_scope_managed_surface	0			none				not_attempted		https://learn.microsoft.com/en-us/previous-versions/windows/embedded/jj610956(v=vs.102)
jj610974	mslearn-uncategorized	docs/mslearn/uncategorized/jj610974.html	DataContractSerializer.CreateNewBodyPart Method (Ws.Services.Serialization)	out_of_scope_managed_surface	0			none				not_attempted		https://learn.microsoft.com/en-us/previous-versions/windows/embedded/jj610974(v=vs.102)
jj610978	mslearn-uncategorized	docs/mslearn/uncategorized/jj610978.html	ProtocolVersion11.WsdpNamespaceUri Property (Ws.Services)	out_of_scope_managed_surface	0			none				not_attempted		https://learn.microsoft.com/en-us/previous-versions/windows/embedded/jj610978(v=vs.102)
jj610988	mslearn-uncategorized	docs/mslearn/uncategorized/jj610988.html	DataContractSerializer Constructor (String, String) (Ws.Services.Serialization)	out_of_scope_managed_surface	0			none				not_attempted		https://learn.microsoft.com/en-us/previous-versions/windows/embedded/jj610988(v=vs.102)
jj611004	mslearn-uncategorized	docs/mslearn/uncategorized/jj611004.html	WsAppSequence Constructor (Ws.Services.Soap)	out_of_scope_managed_surface	0			none				not_attempted		https://learn.microsoft.com/en-us/previous-versions/windows/embedded/jj611004(v=vs.102)
jj611009	mslearn-uncategorized	docs/mslearn/uncategorized/jj611009.html	DpwsEventingClient.GetStatus Method (Dpws.Client.Eventing)	out_of_scope_managed_surface	0			none				not_attempted		https://learn.microsoft.com/en-us/previous-versions/windows/embedded/jj611009(v=vs.102)
jj611010	mslearn-uncategorized	docs/mslearn/uncategorized/jj611010.html	Device.SupressAdhoc Property (Dpws.Device)	out_of_scope_managed_surface	0			none				not_attempted		https://learn.microsoft.com/en-us/previous-versions/windows/embedded/jj611010(v=vs.102)
jj611013	mslearn-uncategorized	docs/mslearn/uncategorized/jj611013.html	ProtocolVersion11.EventingNamespace Property (Ws.Services)	out_of_scope_managed_surface	0			none				not_attempted		https://learn.microsoft.com/en-us/previous-versions/windows/embedded/jj611013(v=vs.102)
jj611021	mslearn-uncategorized	docs/mslearn/uncategorized/jj611021.html	DataContractSerializer.IsChildStartElement Method (Ws.Services.Serialization)	out_of_scope_managed_surface	0			none				not_attempted		https://learn.microsoft.com/en-us/previous-versions/windows/embedded/jj611021(v=vs.102)
jj611033	mslearn-uncategorized	docs/mslearn/uncategorized/jj611033.html	RequestChannel.Close Method (Ws.Services.Binding)	out_of_scope_managed_surface	0			none				not_attempted		https://learn.microsoft.com/en-us/previous-versions/windows/embedded/jj611033(v=vs.102)
jj611040	mslearn-uncategorized	docs/mslearn/uncategorized/jj611040.html	WsMessage.Serializer Property (Ws.Services.Soap)	out_of_scope_managed_surface	0			none				not_attempted		https://learn.microsoft.com/en-us/previous-versions/windows/embedded/jj611040(v=vs.102)
jj611044	mslearn-uncategorized	docs/mslearn/uncategorized/jj611044.html	WsMessage.Body Field (Ws.Services.Soap)	out_of_scope_managed_surface	0			none				not_attempted		https://learn.microsoft.com/en-us/previous-versions/windows/embedded/jj611044(v=vs.102)
jj611045	mslearn-uncategorized	docs/mslearn/uncategorized/jj611045.html	DpwsHostedService.IWsServiceEndpoint.BlockingCall Property (Dpws.Device.Services)	out_of_scope_managed_surface	0			none				not_attempted		https://learn.microsoft.com/en-us/previous-versions/windows/embedded/jj611045(v=vs.102)
jj611048	mslearn-uncategorized	docs/mslearn/uncategorized/jj611048.html	DpwsEventSubscription.SubscriptionManager Field (Dpws.Client.Eventing)	out_of_scope_managed_surface	0			none				not_attempted		https://learn.microsoft.com/en-us/previous-versions/windows/embedded/jj611048(v=vs.102)
jj611051	mslearn-uncategorized	docs/mslearn/uncategorized/jj611051.html	WsFaultException.Message Property (Ws.Services.Faults)	out_of_scope_managed_surface	0			none				not_attempted		https://learn.microsoft.com/en-us/previous-versions/windows/embedded/jj611051(v=vs.102)
jj611059	mslearn-uncategorized	docs/mslearn/uncategorized/jj611059.html	DpwsEventSubscription Class (Dpws.Client.Eventing)	out_of_scope_managed_surface	0			none				not_attempted		https://learn.microsoft.com/en-us/previous-versions/windows/embedded/jj611059(v=vs.102)
jj611067	mslearn-uncategorized	docs/mslearn/uncategorized/jj611067.html	DpwsHostedService.Renew Method (Dpws.Device.Services)	out_of_scope_managed_surface	0			none				not_attempted		https://learn.microsoft.com/en-us/previous-versions/windows/embedded/jj611067(v=vs.102)
jj611072	mslearn-uncategorized	docs/mslearn/uncategorized/jj611072.html	WsMessage.Reader Property (Ws.Services.Soap)	out_of_scope_managed_surface	0			none				not_attempted		https://learn.microsoft.com/en-us/previous-versions/windows/embedded/jj611072(v=vs.102)
jj611076	mslearn-uncategorized	docs/mslearn/uncategorized/jj611076.html	UdpTransportBindingElement.MaxUdpPacketSize Field (Ws.Services.Binding)	out_of_scope_managed_surface	0			none				not_attempted		https://learn.microsoft.com/en-us/previous-versions/windows/embedded/jj611076(v=vs.102)
jj611077	mslearn-uncategorized	docs/mslearn/uncategorized/jj611077.html	DpwsSubscribeRequest.EndTo Field (Dpws.Client.Eventing)	out_of_scope_managed_surface	0			none				not_attempted		https://learn.microsoft.com/en-us/previous-versions/windows/embedded/jj611077(v=vs.102)
jj611085	mslearn-uncategorized	docs/mslearn/uncategorized/jj611085.html	DpwsMexServices.Item Property (Int32) (Dpws.Client.Discovery)	concept_or_overview	0			none				first_line_not_a_declaration		https://learn.microsoft.com/en-us/previous-versions/windows/embedded/jj611085(v=vs.102)
jj611086	mslearn-uncategorized	docs/mslearn/uncategorized/jj611086.html	WsMtomBodyPart.ContentTransferEncoding Field (Ws.Services.Mtom)	out_of_scope_managed_surface	0			none				not_attempted		https://learn.microsoft.com/en-us/previous-versions/windows/embedded/jj611086(v=vs.102)
jj611098	mslearn-uncategorized	docs/mslearn/uncategorized/jj611098.html	DataContractSerializer.ReadAnyElement Method (Ws.Services.Serialization)	out_of_scope_managed_surface	0			none				not_attempted		https://learn.microsoft.com/en-us/previous-versions/windows/embedded/jj611098(v=vs.102)
jj611211	mslearn-uncategorized	docs/mslearn/uncategorized/jj611211.html	DataContractSerializer.WriteChildElement Method (Ws.Services.Serialization)	out_of_scope_managed_surface	0			none				not_attempted		https://learn.microsoft.com/en-us/previous-versions/windows/embedded/jj611211(v=vs.102)
jj611212	mslearn-uncategorized	docs/mslearn/uncategorized/jj611212.html	UdpTransportBindingElement.OnProcessInputMessage Method (Ws.Services.Binding)	out_of_scope_managed_surface	0			none				not_attempted		https://learn.microsoft.com/en-us/previous-versions/windows/embedded/jj611212(v=vs.102)
jj611228	mslearn-uncategorized	docs/mslearn/uncategorized/jj611228.html	BindingElement Class (Ws.Services.Binding)	out_of_scope_managed_surface	0			none				not_attempted		https://learn.microsoft.com/en-us/previous-versions/windows/embedded/jj611228(v=vs.102)
jj611233	mslearn-uncategorized	docs/mslearn/uncategorized/jj611233.html	IReplyChannel.ReceiveRequest Method (Ws.Services.Binding)	out_of_scope_managed_surface	0			none				not_attempted		https://learn.microsoft.com/en-us/previous-versions/windows/embedded/jj611233(v=vs.102)
jj611239	mslearn-uncategorized	docs/mslearn/uncategorized/jj611239.html	WsXmlAttributeCollection.Item Property (Int32) (Ws.Services.Xml)	out_of_scope_managed_surface	0			none				not_attempted		https://learn.microsoft.com/en-us/previous-versions/windows/embedded/jj611239(v=vs.102)
jj611240	mslearn-uncategorized	docs/mslearn/uncategorized/jj611240.html	DpwsDiscoGreeting.SendGreetingMessage Method (Dpws.Device.Discovery)	out_of_scope_managed_surface	0			none				not_attempted		https://learn.microsoft.com/en-us/previous-versions/windows/embedded/jj611240(v=vs.102)
jj611244	mslearn-uncategorized	docs/mslearn/uncategorized/jj611244.html	WsXmlConvert.ToString Method (Double) (Ws.Services.Serialization)	out_of_scope_managed_surface	0			none				not_attempted		https://learn.microsoft.com/en-us/previous-versions/windows/embedded/jj611244(v=vs.102)
jj611249	mslearn-uncategorized	docs/mslearn/uncategorized/jj611249.html	WsServiceOperation.QualifiedName Field (Ws.Services)	out_of_scope_managed_surface	0			none				not_attempted		https://learn.microsoft.com/en-us/previous-versions/windows/embedded/jj611249(v=vs.102)
jj611251	mslearn-uncategorized	docs/mslearn/uncategorized/jj611251.html	WsXmlNodeList Class (Ws.Services.Xml)	out_of_scope_managed_surface	0			none				not_attempted		https://learn.microsoft.com/en-us/previous-versions/windows/embedded/jj611251(v=vs.102)
jj611253	mslearn-uncategorized	docs/mslearn/uncategorized/jj611253.html	ProtocolVersion11.Version Property (Ws.Services)	out_of_scope_managed_surface	0			none				not_attempted		https://learn.microsoft.com/en-us/previous-versions/windows/embedded/jj611253(v=vs.102)
jj611260	mslearn-uncategorized	docs/mslearn/uncategorized/jj611260.html	ProtocolVersion11 Constructor (Ws.Services)	out_of_scope_managed_surface	0			none				not_attempted		https://learn.microsoft.com/en-us/previous-versions/windows/embedded/jj611260(v=vs.102)
jj611263	mslearn-uncategorized	docs/mslearn/uncategorized/jj611263.html	DataContractSerializer.WriteParentElement Method (Ws.Services.Serialization)	out_of_scope_managed_surface	0			none				not_attempted		https://learn.microsoft.com/en-us/previous-versions/windows/embedded/jj611263(v=vs.102)
jj611270	mslearn-uncategorized	docs/mslearn/uncategorized/jj611270.html	WsXmlConvert.ToByte Method (Ws.Services.Serialization)	out_of_scope_managed_surface	0			none				not_attempted		https://learn.microsoft.com/en-us/previous-versions/windows/embedded/jj611270(v=vs.102)
jj611277	mslearn-uncategorized	docs/mslearn/uncategorized/jj611277.html	ProtocolVersion.IncludeSoapHeaders Property (Ws.Services)	out_of_scope_managed_surface	0			none				not_attempted		https://learn.microsoft.com/en-us/previous-versions/windows/embedded/jj611277(v=vs.102)
jj611289	mslearn-uncategorized	docs/mslearn/uncategorized/jj611289.html	ManagedDiscovery.DirectedBye Method (Dpws.Device.Discovery)	out_of_scope_managed_surface	0			none				not_attempted		https://learn.microsoft.com/en-us/previous-versions/windows/embedded/jj611289(v=vs.102)
jj611294	mslearn-uncategorized	docs/mslearn/uncategorized/jj611294.html	DpwsMetadata.ThisDevice Field (Dpws.Client.Discovery)	out_of_scope_managed_surface	0			none				not_attempted		https://learn.microsoft.com/en-us/previous-versions/windows/embedded/jj611294(v=vs.102)
jj611301	mslearn-uncategorized	docs/mslearn/uncategorized/jj611301.html	WsXmlConvert.ToInt64 Method (Ws.Services.Serialization)	out_of_scope_managed_surface	0			none				not_attempted		https://learn.microsoft.com/en-us/previous-versions/windows/embedded/jj611301(v=vs.102)
jj611304	mslearn-uncategorized	docs/mslearn/uncategorized/jj611304.html	Device.MaxDiscoveryThreads Property (Dpws.Device)	out_of_scope_managed_surface	0			none				not_attempted		https://learn.microsoft.com/en-us/previous-versions/windows/embedded/jj611304(v=vs.102)
jj611308	mslearn-uncategorized	docs/mslearn/uncategorized/jj611308.html	DpwsDiscoveryClient.DirectedResolve Method (Dpws.Client.Discovery)	out_of_scope_managed_surface	0			none				not_attempted		https://learn.microsoft.com/en-us/previous-versions/windows/embedded/jj611308(v=vs.102)
jj611313	mslearn-uncategorized	docs/mslearn/uncategorized/jj611313.html	TransportBindingElement.m_stream Field (Ws.Services.Binding)	out_of_scope_managed_surface	0			none				not_attempted		https://learn.microsoft.com/en-us/previous-versions/windows/embedded/jj611313(v=vs.102)
jj611318	mslearn-uncategorized	docs/mslearn/uncategorized/jj611318.html	DataContractSerializer Constructor (String, String, String) (Ws.Services.Serialization)	out_of_scope_managed_surface	0			none				not_attempted		https://learn.microsoft.com/en-us/previous-versions/windows/embedded/jj611318(v=vs.102)
jj611321	mslearn-uncategorized	docs/mslearn/uncategorized/jj611321.html	IRequestChannel.Request Method (Ws.Services.Binding)	out_of_scope_managed_surface	0			none				not_attempted		https://learn.microsoft.com/en-us/previous-versions/windows/embedded/jj611321(v=vs.102)
jj611336	mslearn-uncategorized	docs/mslearn/uncategorized/jj611336.html	ProtocolVersion10.DiscoveryWellKnownAddress Property (Ws.Services)	out_of_scope_managed_surface	0			none				not_attempted		https://learn.microsoft.com/en-us/previous-versions/windows/embedded/jj611336(v=vs.102)
jj611349	mslearn-uncategorized	docs/mslearn/uncategorized/jj611349.html	HttpTransportBindingConfig.EndpointAddress Field (Ws.Services.Binding)	out_of_scope_managed_surface	0			none				not_attempted		https://learn.microsoft.com/en-us/previous-versions/windows/embedded/jj611349(v=vs.102)
jj611353	mslearn-uncategorized	docs/mslearn/uncategorized/jj611353.html	WsServiceOperation Constructor (Ws.Services)	out_of_scope_managed_surface	0			none				not_attempted		https://learn.microsoft.com/en-us/previous-versions/windows/embedded/jj611353(v=vs.102)
jj611358	mslearn-uncategorized	docs/mslearn/uncategorized/jj611358.html	PolicyAssertionAttribute.PolicyID Property (Ws.ServiceModel)	out_of_scope_managed_surface	0			none				not_attempted		https://learn.microsoft.com/en-us/previous-versions/windows/embedded/jj611358(v=vs.102)
jj611363	mslearn-uncategorized	docs/mslearn/uncategorized/jj611363.html	TransportBindingElement.m_serviceUrn Field (Ws.Services.Binding)	out_of_scope_managed_surface	0			none				not_attempted		https://learn.microsoft.com/en-us/previous-versions/windows/embedded/jj611363(v=vs.102)
jj611367	mslearn-uncategorized	docs/mslearn/uncategorized/jj611367.html	MessageParameterAttribute Constructor (Ws.ServiceModel)	out_of_scope_managed_surface	0			none				not_attempted		https://learn.microsoft.com/en-us/previous-versions/windows/embedded/jj611367(v=vs.102)
jj611380	mslearn-uncategorized	docs/mslearn/uncategorized/jj611380.html	DpwsServiceTypes.Count Property (Dpws.Client)	out_of_scope_managed_surface	0			none				not_attempted		https://learn.microsoft.com/en-us/previous-versions/windows/embedded/jj611380(v=vs.102)
jj611384	mslearn-uncategorized	docs/mslearn/uncategorized/jj611384.html	DpwsServiceDescription.XAddrs Field (Dpws.Client.Discovery)	out_of_scope_managed_surface	0			none				not_attempted		https://learn.microsoft.com/en-us/previous-versions/windows/embedded/jj611384(v=vs.102)
jj611392	mslearn-uncategorized	docs/mslearn/uncategorized/jj611392.html	WsXmlConvert.ToSingle Method (Ws.Services.Serialization)	out_of_scope_managed_surface	0			none				not_attempted		https://learn.microsoft.com/en-us/previous-versions/windows/embedded/jj611392(v=vs.102)
jj611394	mslearn-uncategorized	docs/mslearn/uncategorized/jj611394.html	DpwsSubscribeRequest Constructor (Dpws.Client.Eventing)	out_of_scope_managed_surface	0			none				not_attempted		https://learn.microsoft.com/en-us/previous-versions/windows/embedded/jj611394(v=vs.102)
jj611397	mslearn-uncategorized	docs/mslearn/uncategorized/jj611397.html	IRequestChannel.RemoteAddress Property (Ws.Services.Binding)	out_of_scope_managed_surface	0			none				not_attempted		https://learn.microsoft.com/en-us/previous-versions/windows/embedded/jj611397(v=vs.102)
jj611399	mslearn-uncategorized	docs/mslearn/uncategorized/jj611399.html	DpwsRelationship.Host Property (Dpws.Client.Discovery)	out_of_scope_managed_surface	0			none				not_attempted		https://learn.microsoft.com/en-us/previous-versions/windows/embedded/jj611399(v=vs.102)
jj611413	mslearn-uncategorized	docs/mslearn/uncategorized/jj611413.html	WsDiscovery.WsDiscoveryAddress Field (Ws.Services.Discovery)	out_of_scope_managed_surface	0			none				not_attempted		https://learn.microsoft.com/en-us/previous-versions/windows/embedded/jj611413(v=vs.102)
jj611414	mslearn-uncategorized	docs/mslearn/uncategorized/jj611414.html	WsWellKnownUri.WsxNamespaceUri Field (Ws.Services)	out_of_scope_managed_surface	0			none				not_attempted		https://learn.microsoft.com/en-us/previous-versions/windows/embedded/jj611414(v=vs.102)
jj611419	mslearn-uncategorized	docs/mslearn/uncategorized/jj611419.html	DpwsDiscoGreeting Class (Dpws.Device.Discovery)	out_of_scope_managed_surface	0			none				not_attempted		https://learn.microsoft.com/en-us/previous-versions/windows/embedded/jj611419(v=vs.102)
jj611430	mslearn-uncategorized	docs/mslearn/uncategorized/jj611430.html	DpwsSubscribeRequest.EndpointAddress Field (Dpws.Client.Eventing)	out_of_scope_managed_surface	0			none				not_attempted		https://learn.microsoft.com/en-us/previous-versions/windows/embedded/jj611430(v=vs.102)
jj611433	mslearn-uncategorized	docs/mslearn/uncategorized/jj611433.html	ICommunicationObject.SendTimeout Property (Ws.Services.Binding)	out_of_scope_managed_surface	0			none				not_attempted		https://learn.microsoft.com/en-us/previous-versions/windows/embedded/jj611433(v=vs.102)
jj611439	mslearn-uncategorized	docs/mslearn/uncategorized/jj611439.html	WsXmlNamespaces.LookupPrefix Method (Ws.Services.Xml)	out_of_scope_managed_surface	0			none				not_attempted		https://learn.microsoft.com/en-us/previous-versions/windows/embedded/jj611439(v=vs.102)
jj611442	mslearn-uncategorized	docs/mslearn/uncategorized/jj611442.html	IRequestChannel Interface (Ws.Services.Binding)	out_of_scope_managed_surface	0			none				not_attempted		https://learn.microsoft.com/en-us/previous-versions/windows/embedded/jj611442(v=vs.102)
jj611447	mslearn-uncategorized	docs/mslearn/uncategorized/jj611447.html	MessageParameterAttribute Class (Ws.ServiceModel)	out_of_scope_managed_surface	0			none				not_attempted		https://learn.microsoft.com/en-us/previous-versions/windows/embedded/jj611447(v=vs.102)
jj611458	mslearn-uncategorized	docs/mslearn/uncategorized/jj611458.html	DpwsServiceDescriptions.Count Property (Dpws.Client.Discovery)	out_of_scope_managed_surface	0			none				not_attempted		https://learn.microsoft.com/en-us/previous-versions/windows/embedded/jj611458(v=vs.102)
jj611459	mslearn-uncategorized	docs/mslearn/uncategorized/jj611459.html	WsXmlElement Constructor (Ws.Services.Xml)	out_of_scope_managed_surface	0			none				not_attempted		https://learn.microsoft.com/en-us/previous-versions/windows/embedded/jj611459(v=vs.102)
jj611460	mslearn-uncategorized	docs/mslearn/uncategorized/jj611460.html	WsWellKnownUri.WstNamespaceUri Field (Ws.Services)	out_of_scope_managed_surface	0			none				not_attempted		https://learn.microsoft.com/en-us/previous-versions/windows/embedded/jj611460(v=vs.102)
jj611461	mslearn-uncategorized	docs/mslearn/uncategorized/jj611461.html	WsMessage Constructor (WsWsaHeader, Object, WsPrefix, WsXmlNamespaces, WsAppSequence) (Ws.Services.Soap)	out_of_scope_managed_surface	0			none				not_attempted		https://learn.microsoft.com/en-us/previous-versions/windows/embedded/jj611461(v=vs.102)
jj611472	mslearn-uncategorized	docs/mslearn/uncategorized/jj611472.html	DataContractAttribute Constructor (Ws.ServiceModel)	out_of_scope_managed_surface	0			none				not_attempted		https://learn.microsoft.com/en-us/previous-versions/windows/embedded/jj611472(v=vs.102)
jj611479	mslearn-uncategorized	docs/mslearn/uncategorized/jj611479.html	WsServiceOperation.NamespaceUri Field (Ws.Services)	out_of_scope_managed_surface	0			none				not_attempted		https://learn.microsoft.com/en-us/previous-versions/windows/embedded/jj611479(v=vs.102)
jj611482	mslearn-uncategorized	docs/mslearn/uncategorized/jj611482.html	WsMessage.Deserializer Property (Ws.Services.Soap)	out_of_scope_managed_surface	0			none				not_attempted		https://learn.microsoft.com/en-us/previous-versions/windows/embedded/jj611482(v=vs.102)
jj611491	mslearn-uncategorized	docs/mslearn/uncategorized/jj611491.html	DpwsEventingClient.Renew Method (Dpws.Client.Eventing)	out_of_scope_managed_surface	0			none				not_attempted		https://learn.microsoft.com/en-us/previous-versions/windows/embedded/jj611491(v=vs.102)
jj611498	mslearn-uncategorized	docs/mslearn/uncategorized/jj611498.html	WsServiceEndpoints.Count Property (Ws.Services)	out_of_scope_managed_surface	0			none				not_attempted		https://learn.microsoft.com/en-us/previous-versions/windows/embedded/jj611498(v=vs.102)
jj611506	mslearn-uncategorized	docs/mslearn/uncategorized/jj611506.html	BindingContext Constructor (Ws.Services.Binding)	out_of_scope_managed_surface	0			none				not_attempted		https://learn.microsoft.com/en-us/previous-versions/windows/embedded/jj611506(v=vs.102)
jj611510	mslearn-uncategorized	docs/mslearn/uncategorized/jj611510.html	WsServiceOperations.Count Property (Ws.Services)	out_of_scope_managed_surface	0			none				not_attempted		https://learn.microsoft.com/en-us/previous-versions/windows/embedded/jj611510(v=vs.102)
jj633144	mslearn-uncategorized	docs/mslearn/uncategorized/jj633144.html	WsWellKnownUri.SchemaNamespaceUri Field (Ws.Services)	out_of_scope_managed_surface	0			none				not_attempted		https://learn.microsoft.com/en-us/previous-versions/windows/embedded/jj633144(v=vs.102)
jj633160	mslearn-uncategorized	docs/mslearn/uncategorized/jj633160.html	WsAppSequence.SequenceId Field (Ws.Services.Soap)	out_of_scope_managed_surface	0			none				not_attempted		https://learn.microsoft.com/en-us/previous-versions/windows/embedded/jj633160(v=vs.102)
jj633162	mslearn-uncategorized	docs/mslearn/uncategorized/jj633162.html	WsXmlConvert.ToString Method (Int16) (Ws.Services.Serialization)	out_of_scope_managed_surface	0			none				not_attempted		https://learn.microsoft.com/en-us/previous-versions/windows/embedded/jj633162(v=vs.102)
jj633164	mslearn-uncategorized	docs/mslearn/uncategorized/jj633164.html	RequestContext.Message Property (Ws.Services.Binding)	out_of_scope_managed_surface	0			none				not_attempted		https://learn.microsoft.com/en-us/previous-versions/windows/embedded/jj633164(v=vs.102)
jj633171	mslearn-uncategorized	docs/mslearn/uncategorized/jj633171.html	WsDiscovery.WsDiscoveryEndPoint Field (Ws.Services.Discovery)	out_of_scope_managed_surface	0			none				not_attempted		https://learn.microsoft.com/en-us/previous-versions/windows/embedded/jj633171(v=vs.102)
jj633173	mslearn-uncategorized	docs/mslearn/uncategorized/jj633173.html	DpwsClient.m_localBinding Field (Dpws.Client)	out_of_scope_managed_surface	0			none				not_attempted		https://learn.microsoft.com/en-us/previous-versions/windows/embedded/jj633173(v=vs.102)
jj633180	mslearn-uncategorized	docs/mslearn/uncategorized/jj633180.html	PolicyAssertionAttribute Constructor (Ws.ServiceModel)	out_of_scope_managed_surface	0			none				not_attempted		https://learn.microsoft.com/en-us/previous-versions/windows/embedded/jj633180(v=vs.102)
jj633182	mslearn-uncategorized	docs/mslearn/uncategorized/jj633182.html	RequestContext.Version Property (Ws.Services.Binding)	out_of_scope_managed_surface	0			none				not_attempted		https://learn.microsoft.com/en-us/previous-versions/windows/embedded/jj633182(v=vs.102)
jj633183	mslearn-uncategorized	docs/mslearn/uncategorized/jj633183.html	CommunicationObject.DefaultSendTimeout Field (Ws.Services.Binding)	out_of_scope_managed_surface	0			none				not_attempted		https://learn.microsoft.com/en-us/previous-versions/windows/embedded/jj633183(v=vs.102)
jj633185	mslearn-uncategorized	docs/mslearn/uncategorized/jj633185.html	OperationContractAttribute.ReplyAction Property (Ws.ServiceModel)	out_of_scope_managed_surface	0			none				not_attempted		https://learn.microsoft.com/en-us/previous-versions/windows/embedded/jj633185(v=vs.102)
jj633190	mslearn-uncategorized	docs/mslearn/uncategorized/jj633190.html	EnumMemberAttribute Class (Ws.ServiceModel)	out_of_scope_managed_surface	0			none				not_attempted		https://learn.microsoft.com/en-us/previous-versions/windows/embedded/jj633190(v=vs.102)
jj633192	mslearn-uncategorized	docs/mslearn/uncategorized/jj633192.html	DpwsMexServices.Add Method (Dpws.Client.Discovery)	out_of_scope_managed_surface	0			none				not_attempted		https://learn.microsoft.com/en-us/previous-versions/windows/embedded/jj633192(v=vs.102)
jj633195	mslearn-uncategorized	docs/mslearn/uncategorized/jj633195.html	CustomBinding Constructor (Ws.Services.Binding)	out_of_scope_managed_surface	0			none				not_attempted		https://learn.microsoft.com/en-us/previous-versions/windows/embedded/jj633195(v=vs.102)
jj633197	mslearn-uncategorized	docs/mslearn/uncategorized/jj633197.html	HttpTransportBindingElement Class (Ws.Services.Binding)	out_of_scope_managed_surface	0			none				not_attempted		https://learn.microsoft.com/en-us/previous-versions/windows/embedded/jj633197(v=vs.102)
jj633199	mslearn-uncategorized	docs/mslearn/uncategorized/jj633199.html	WsWsaHeader Constructor (String, String, String, String, String, WsXmlNodeList) (Ws.Services.WsaAddressing)	out_of_scope_managed_surface	0			none				not_attempted		https://learn.microsoft.com/en-us/previous-versions/windows/embedded/jj633199(v=vs.102)
jj633202	mslearn-uncategorized	docs/mslearn/uncategorized/jj633202.html	BindingElement.ProcessInputMessage Method (Ws.Services.Binding)	out_of_scope_managed_surface	0			none				not_attempted		https://learn.microsoft.com/en-us/previous-versions/windows/embedded/jj633202(v=vs.102)
jj633203	mslearn-uncategorized	docs/mslearn/uncategorized/jj633203.html	ProtocolVersion.AnonymousUri Property (Ws.Services)	out_of_scope_managed_surface	0			none				not_attempted		https://learn.microsoft.com/en-us/previous-versions/windows/embedded/jj633203(v=vs.102)
jj633209	mslearn-uncategorized	docs/mslearn/uncategorized/jj633209.html	Device.Start Method (Dpws.Device)	out_of_scope_managed_surface	0			none				not_attempted		https://learn.microsoft.com/en-us/previous-versions/windows/embedded/jj633209(v=vs.102)
jj633217	mslearn-uncategorized	docs/mslearn/uncategorized/jj633217.html	WsHttpClient.SendRequest Method (Ws.Services.Transport.HTTP)	out_of_scope_managed_surface	0			none				not_attempted		https://learn.microsoft.com/en-us/previous-versions/windows/embedded/jj633217(v=vs.102)
jj633224	mslearn-uncategorized	docs/mslearn/uncategorized/jj633224.html	WsXmlNode.ChildNodes Field (Ws.Services.Xml)	out_of_scope_managed_surface	0			none				not_attempted		https://learn.microsoft.com/en-us/previous-versions/windows/embedded/jj633224(v=vs.102)
jj633234	mslearn-uncategorized	docs/mslearn/uncategorized/jj633234.html	ProtocolVersion10.AnonymousRoleUri Property (Ws.Services)	out_of_scope_managed_surface	0			none				not_attempted		https://learn.microsoft.com/en-us/previous-versions/windows/embedded/jj633234(v=vs.102)
jj633237	mslearn-uncategorized	docs/mslearn/uncategorized/jj633237.html	DataContractSerializer.WriteAnyElement Method (Ws.Services.Serialization)	out_of_scope_managed_surface	0			none				not_attempted		https://learn.microsoft.com/en-us/previous-versions/windows/embedded/jj633237(v=vs.102)
jj633240	mslearn-uncategorized	docs/mslearn/uncategorized/jj633240.html	DataContractSerializer._NamespaceIsDefined Field (Ws.Services.Serialization)	out_of_scope_managed_surface	0			none				not_attempted		https://learn.microsoft.com/en-us/previous-versions/windows/embedded/jj633240(v=vs.102)
jj633242	mslearn-uncategorized	docs/mslearn/uncategorized/jj633242.html	WsWsaHeader.Any Property (Ws.Services.WsaAddressing)	out_of_scope_managed_surface	0			none				not_attempted		https://learn.microsoft.com/en-us/previous-versions/windows/embedded/jj633242(v=vs.102)
jj633244	mslearn-uncategorized	docs/mslearn/uncategorized/jj633244.html	WsMessage.CreateOneWayResponse Method (Ws.Services.Soap)	out_of_scope_managed_surface	0			none				not_attempted		https://learn.microsoft.com/en-us/previous-versions/windows/embedded/jj633244(v=vs.102)
jj633246	mslearn-uncategorized	docs/mslearn/uncategorized/jj633246.html	WsDiscovery Class (Ws.Services.Discovery)	out_of_scope_managed_surface	0			none				not_attempted		https://learn.microsoft.com/en-us/previous-versions/windows/embedded/jj633246(v=vs.102)
jj633248	mslearn-uncategorized	docs/mslearn/uncategorized/jj633248.html	BindingProperty.Container Field (Ws.Services.Binding)	out_of_scope_managed_surface	0			none				not_attempted		https://learn.microsoft.com/en-us/previous-versions/windows/embedded/jj633248(v=vs.102)
jj633253	mslearn-uncategorized	docs/mslearn/uncategorized/jj633253.html	DpwsWseSubscriptionMgr Constructor (Dpws.Device.Services)	out_of_scope_managed_surface	0			none				not_attempted		https://learn.microsoft.com/en-us/previous-versions/windows/embedded/jj633253(v=vs.102)
jj633255	mslearn-uncategorized	docs/mslearn/uncategorized/jj633255.html	WsMessage.Method Property (Ws.Services.Soap)	out_of_scope_managed_surface	0			none				not_attempted		https://learn.microsoft.com/en-us/previous-versions/windows/embedded/jj633255(v=vs.102)
jj633256	mslearn-uncategorized	docs/mslearn/uncategorized/jj633256.html	DataContractSerializer.IsParentStartElement Method (Ws.Services.Serialization)	out_of_scope_managed_surface	0			none				not_attempted		https://learn.microsoft.com/en-us/previous-versions/windows/embedded/jj633256(v=vs.102)
jj633278	mslearn-uncategorized	docs/mslearn/uncategorized/jj633278.html	DpwsHostedService.Unsubscribe Method (Dpws.Device.Services)	out_of_scope_managed_surface	0			none				not_attempted		https://learn.microsoft.com/en-us/previous-versions/windows/embedded/jj633278(v=vs.102)
jj633286	mslearn-uncategorized	docs/mslearn/uncategorized/jj633286.html	WsXmlConvert.ToString Method (Uri) (Ws.Services.Serialization)	out_of_scope_managed_surface	0			none				not_attempted		https://learn.microsoft.com/en-us/previous-versions/windows/embedded/jj633286(v=vs.102)
jj633291	mslearn-uncategorized	docs/mslearn/uncategorized/jj633291.html	DataContractSerializer.ReadObject Method (Ws.Services.Serialization)	out_of_scope_managed_surface	0			none				not_attempted		https://learn.microsoft.com/en-us/previous-versions/windows/embedded/jj633291(v=vs.102)
jj633294	mslearn-uncategorized	docs/mslearn/uncategorized/jj633294.html	HttpTransportBindingElement Constructor (Ws.Services.Binding)	out_of_scope_managed_surface	0			none				not_attempted		https://learn.microsoft.com/en-us/previous-versions/windows/embedded/jj633294(v=vs.102)
jj633295	mslearn-uncategorized	docs/mslearn/uncategorized/jj633295.html	WsMessage Constructor (WsWsaHeader, Object, WsPrefix) (Ws.Services.Soap)	out_of_scope_managed_surface	0			none				not_attempted		https://learn.microsoft.com/en-us/previous-versions/windows/embedded/jj633295(v=vs.102)
jj633401	mslearn-uncategorized	docs/mslearn/uncategorized/jj633401.html	DpwsMexServices Class (Dpws.Client.Discovery)	out_of_scope_managed_surface	0			none				not_attempted		https://learn.microsoft.com/en-us/previous-versions/windows/embedded/jj633401(v=vs.102)
jj633402	mslearn-uncategorized	docs/mslearn/uncategorized/jj633402.html	WsXmlAttributeCollection Constructor (Ws.Services.Xml)	out_of_scope_managed_surface	0			none				not_attempted		https://learn.microsoft.com/en-us/previous-versions/windows/embedded/jj633402(v=vs.102)
jj633403	mslearn-uncategorized	docs/mslearn/uncategorized/jj633403.html	WsWsaHeader.From Property (Ws.Services.WsaAddressing)	out_of_scope_managed_surface	0			none				not_attempted		https://learn.microsoft.com/en-us/previous-versions/windows/embedded/jj633403(v=vs.102)
jj633416	mslearn-uncategorized	docs/mslearn/uncategorized/jj633416.html	OperationContractAttribute Constructor (Ws.ServiceModel)	out_of_scope_managed_surface	0			none				not_attempted		https://learn.microsoft.com/en-us/previous-versions/windows/embedded/jj633416(v=vs.102)
jj633417	mslearn-uncategorized	docs/mslearn/uncategorized/jj633417.html	DpwsDiscoveryClient.DiscoVersion Property (Dpws.Client.Discovery)	out_of_scope_managed_surface	0			none				not_attempted		https://learn.microsoft.com/en-us/previous-versions/windows/embedded/jj633417(v=vs.102)
jj633418	mslearn-uncategorized	docs/mslearn/uncategorized/jj633418.html	DpwsClient.m_version Field (Dpws.Client)	out_of_scope_managed_surface	0			none				not_attempted		https://learn.microsoft.com/en-us/previous-versions/windows/embedded/jj633418(v=vs.102)
jj633430	mslearn-uncategorized	docs/mslearn/uncategorized/jj633430.html	DataMemberAttribute.EmitDefaultValue Property (Ws.ServiceModel)	out_of_scope_managed_surface	0			none				not_attempted		https://learn.microsoft.com/en-us/previous-versions/windows/embedded/jj633430(v=vs.102)
jj633436	mslearn-uncategorized	docs/mslearn/uncategorized/jj633436.html	RequestContext.Reply Method (Ws.Services.Binding)	out_of_scope_managed_surface	0			none				not_attempted		https://learn.microsoft.com/en-us/previous-versions/windows/embedded/jj633436(v=vs.102)
jj633448	mslearn-uncategorized	docs/mslearn/uncategorized/jj633448.html	WsMtomBodyPart.ContentType Field (Ws.Services.Mtom)	out_of_scope_managed_surface	0			none				not_attempted		https://learn.microsoft.com/en-us/previous-versions/windows/embedded/jj633448(v=vs.102)
jj633449	mslearn-uncategorized	docs/mslearn/uncategorized/jj633449.html	HttpTransportBindingElement.OnSetBindingConfiguration Method (Ws.Services.Binding)	out_of_scope_managed_surface	0			none				not_attempted		https://learn.microsoft.com/en-us/previous-versions/windows/embedded/jj633449(v=vs.102)
jj633453	mslearn-uncategorized	docs/mslearn/uncategorized/jj633453.html	OperationContractAttribute.Name Property (Ws.ServiceModel)	out_of_scope_managed_surface	0			none				not_attempted		https://learn.microsoft.com/en-us/previous-versions/windows/embedded/jj633453(v=vs.102)
jj633457	mslearn-uncategorized	docs/mslearn/uncategorized/jj633457.html	WsXmlNamespace.Prefix Field (Ws.Services.Xml)	out_of_scope_managed_surface	0			none				not_attempted		https://learn.microsoft.com/en-us/previous-versions/windows/embedded/jj633457(v=vs.102)
jj633469	mslearn-uncategorized	docs/mslearn/uncategorized/jj633469.html	CommunicationObject.SendTimeout Property (Ws.Services.Binding)	out_of_scope_managed_surface	0			none				not_attempted		https://learn.microsoft.com/en-us/previous-versions/windows/embedded/jj633469(v=vs.102)
jj633471	mslearn-uncategorized	docs/mslearn/uncategorized/jj633471.html	WsMessageCheck.IsDuplicate Method (Ws.Services.Transport)	out_of_scope_managed_surface	0			none				not_attempted		https://learn.microsoft.com/en-us/previous-versions/windows/embedded/jj633471(v=vs.102)
jj633473	mslearn-uncategorized	docs/mslearn/uncategorized/jj633473.html	RequestChannel.Request Method (Ws.Services.Binding)	out_of_scope_managed_surface	0			none				not_attempted		https://learn.microsoft.com/en-us/previous-versions/windows/embedded/jj633473(v=vs.102)
jj633478	mslearn-uncategorized	docs/mslearn/uncategorized/jj633478.html	WsNamespacePrefix.Wsdl Field (Ws.Services)	out_of_scope_managed_surface	0			none				not_attempted		https://learn.microsoft.com/en-us/previous-versions/windows/embedded/jj633478(v=vs.102)
jj633484	mslearn-uncategorized	docs/mslearn/uncategorized/jj633484.html	DpwsClient Constructor (Dpws.Client)	out_of_scope_managed_surface	0			none				not_attempted		https://learn.microsoft.com/en-us/previous-versions/windows/embedded/jj633484(v=vs.102)
jj633490	mslearn-uncategorized	docs/mslearn/uncategorized/jj633490.html	WS2007HttpBinding Constructor (HttpTransportBindingConfig, ArrayList) (Ws.Services.Binding)	out_of_scope_managed_surface	0			none				not_attempted		https://learn.microsoft.com/en-us/previous-versions/windows/embedded/jj633490(v=vs.102)
jj633499	mslearn-uncategorized	docs/mslearn/uncategorized/jj633499.html	ServiceContractAttribute.Namespace Property (Ws.ServiceModel)	out_of_scope_managed_surface	0			none				not_attempted		https://learn.microsoft.com/en-us/previous-versions/windows/embedded/jj633499(v=vs.102)
jj633501	mslearn-uncategorized	docs/mslearn/uncategorized/jj633501.html	TextMessageEncodingBindingElement.OnProcessOutputMessage Method (Ws.Services.Encoding)	out_of_scope_managed_surface	0			none				not_attempted		https://learn.microsoft.com/en-us/previous-versions/windows/embedded/jj633501(v=vs.102)
jj633502	mslearn-uncategorized	docs/mslearn/uncategorized/jj633502.html	BindingContext.Version Field (Ws.Services.Binding)	out_of_scope_managed_surface	0			none				not_attempted		https://learn.microsoft.com/en-us/previous-versions/windows/embedded/jj633502(v=vs.102)
jj633506	mslearn-uncategorized	docs/mslearn/uncategorized/jj633506.html	WsDuration.Ticks Field (Ws.Services.Utilities)	out_of_scope_managed_surface	0			none				not_attempted		https://learn.microsoft.com/en-us/previous-versions/windows/embedded/jj633506(v=vs.102)
jj633510	mslearn-uncategorized	docs/mslearn/uncategorized/jj633510.html	BindingElement.OnGetBindingProperty Method (Ws.Services.Binding)	out_of_scope_managed_surface	0			none				not_attempted		https://learn.microsoft.com/en-us/previous-versions/windows/embedded/jj633510(v=vs.102)
jj633515	mslearn-uncategorized	docs/mslearn/uncategorized/jj633515.html	UdpTransportBindingConfig.DiscoveryPort Field (Ws.Services.Binding)	out_of_scope_managed_surface	0			none				not_attempted		https://learn.microsoft.com/en-us/previous-versions/windows/embedded/jj633515(v=vs.102)
jj633516	mslearn-uncategorized	docs/mslearn/uncategorized/jj633516.html	Binding.Transport Field (Ws.Services.Binding)	out_of_scope_managed_surface	0			none				not_attempted		https://learn.microsoft.com/en-us/previous-versions/windows/embedded/jj633516(v=vs.102)
jj633528	mslearn-uncategorized	docs/mslearn/uncategorized/jj633528.html	UdpTransportBindingConfig.DiscoveryAddress Field (Ws.Services.Binding)	out_of_scope_managed_surface	0			none				not_attempted		https://learn.microsoft.com/en-us/previous-versions/windows/embedded/jj633528(v=vs.102)
jj633532	mslearn-uncategorized	docs/mslearn/uncategorized/jj633532.html	DataContractSerializer._rootNamespace Field (Ws.Services.Serialization)	out_of_scope_managed_surface	0			none				not_attempted		https://learn.microsoft.com/en-us/previous-versions/windows/embedded/jj633532(v=vs.102)
jj633537	mslearn-uncategorized	docs/mslearn/uncategorized/jj633537.html	WsNamespacePrefix.Soap Field (Ws.Services)	out_of_scope_managed_surface	0			none				not_attempted		https://learn.microsoft.com/en-us/previous-versions/windows/embedded/jj633537(v=vs.102)
jj633538	mslearn-uncategorized	docs/mslearn/uncategorized/jj633538.html	BindingProperty.Name Field (Ws.Services.Binding)	out_of_scope_managed_surface	0			none				not_attempted		https://learn.microsoft.com/en-us/previous-versions/windows/embedded/jj633538(v=vs.102)
jj633539	mslearn-uncategorized	docs/mslearn/uncategorized/jj633539.html	ProtocolVersion10.AnonymousUri Property (Ws.Services)	out_of_scope_managed_surface	0			none				not_attempted		https://learn.microsoft.com/en-us/previous-versions/windows/embedded/jj633539(v=vs.102)
jj633549	mslearn-uncategorized	docs/mslearn/uncategorized/jj633549.html	ProtocolVersion.WsdpNamespaceUri Property (Ws.Services)	out_of_scope_managed_surface	0			none				not_attempted		https://learn.microsoft.com/en-us/previous-versions/windows/embedded/jj633549(v=vs.102)
jj633552	mslearn-uncategorized	docs/mslearn/uncategorized/jj633552.html	UdpTransportBindingConfig Constructor (Ws.Services.Binding)	out_of_scope_managed_surface	0			none				not_attempted		https://learn.microsoft.com/en-us/previous-versions/windows/embedded/jj633552(v=vs.102)
jj633563	mslearn-uncategorized	docs/mslearn/uncategorized/jj633563.html	WsWsaHeader.RelatesTo Property (Ws.Services.WsaAddressing)	out_of_scope_managed_surface	0			none				not_attempted		https://learn.microsoft.com/en-us/previous-versions/windows/embedded/jj633563(v=vs.102)
jj633565	mslearn-uncategorized	docs/mslearn/uncategorized/jj633565.html	WsMessage.Prefixes Field (Ws.Services.Soap)	out_of_scope_managed_surface	0			none				not_attempted		https://learn.microsoft.com/en-us/previous-versions/windows/embedded/jj633565(v=vs.102)
jj633566	mslearn-uncategorized	docs/mslearn/uncategorized/jj633566.html	ReplyChannel Class (Ws.Services.Binding)	out_of_scope_managed_surface	0			none				not_attempted		https://learn.microsoft.com/en-us/previous-versions/windows/embedded/jj633566(v=vs.102)
jj633570	mslearn-uncategorized	docs/mslearn/uncategorized/jj633570.html	PolicyAssertionAttribute.Name Property (Ws.ServiceModel)	out_of_scope_managed_surface	0			none				not_attempted		https://learn.microsoft.com/en-us/previous-versions/windows/embedded/jj633570(v=vs.102)
jj633572	mslearn-uncategorized	docs/mslearn/uncategorized/jj633572.html	ServiceContractAttribute Class (Ws.ServiceModel)	out_of_scope_managed_surface	0			none				not_attempted		https://learn.microsoft.com/en-us/previous-versions/windows/embedded/jj633572(v=vs.102)
jj633573	mslearn-uncategorized	docs/mslearn/uncategorized/jj633573.html	WsXmlNodeList.Item Property (Ws.Services.Xml)	out_of_scope_managed_surface	0			none				not_attempted		https://learn.microsoft.com/en-us/previous-versions/windows/embedded/jj633573(v=vs.102)
jj633574	mslearn-uncategorized	docs/mslearn/uncategorized/jj633574.html	BindingProperty.Value Field (Ws.Services.Binding)	out_of_scope_managed_surface	0			none				not_attempted		https://learn.microsoft.com/en-us/previous-versions/windows/embedded/jj633574(v=vs.102)
jj633577	mslearn-uncategorized	docs/mslearn/uncategorized/jj633577.html	DataContractAttribute.Namespace Property (Ws.ServiceModel)	out_of_scope_managed_surface	0			none				not_attempted		https://learn.microsoft.com/en-us/previous-versions/windows/embedded/jj633577(v=vs.102)
jj633585	mslearn-uncategorized	docs/mslearn/uncategorized/jj633585.html	WsXmlAttributeCollection.Append Method (Ws.Services.Xml)	out_of_scope_managed_surface	0			none				not_attempted		https://learn.microsoft.com/en-us/previous-versions/windows/embedded/jj633585(v=vs.102)
jj633586	mslearn-uncategorized	docs/mslearn/uncategorized/jj633586.html	DpwsClient.ByeEvent Event (Dpws.Client)	out_of_scope_managed_surface	0			none				not_attempted		https://learn.microsoft.com/en-us/previous-versions/windows/embedded/jj633586(v=vs.102)
jj633592	mslearn-uncategorized	docs/mslearn/uncategorized/jj633592.html	DpwsWseSubscriptionMgr.FireEvent Method (Dpws.Device.Services)	out_of_scope_managed_surface	0			none				not_attempted		https://learn.microsoft.com/en-us/previous-versions/windows/embedded/jj633592(v=vs.102)
jj633598	mslearn-uncategorized	docs/mslearn/uncategorized/jj633598.html	WsXmlConvert.ToSByte Method (Ws.Services.Serialization)	out_of_scope_managed_surface	0			none				not_attempted		https://learn.microsoft.com/en-us/previous-versions/windows/embedded/jj633598(v=vs.102)
jj633599	mslearn-uncategorized	docs/mslearn/uncategorized/jj633599.html	WsXmlConvert.ToInt32 Method (Ws.Services.Serialization)	out_of_scope_managed_surface	0			none				not_attempted		https://learn.microsoft.com/en-us/previous-versions/windows/embedded/jj633599(v=vs.102)
jj633613	mslearn-uncategorized	docs/mslearn/uncategorized/jj633613.html	BindingProperty Constructor (Ws.Services.Binding)	out_of_scope_managed_surface	0			none				not_attempted		https://learn.microsoft.com/en-us/previous-versions/windows/embedded/jj633613(v=vs.102)
jj633615	mslearn-uncategorized	docs/mslearn/uncategorized/jj633615.html	ClientBindingContext Constructor (Ws.Services.Binding)	out_of_scope_managed_surface	0			none				not_attempted		https://learn.microsoft.com/en-us/previous-versions/windows/embedded/jj633615(v=vs.102)
jj633620	mslearn-uncategorized	docs/mslearn/uncategorized/jj633620.html	BindingElement.OnClose Method (Ws.Services.Binding)	out_of_scope_managed_surface	0			none				not_attempted		https://learn.microsoft.com/en-us/previous-versions/windows/embedded/jj633620(v=vs.102)
jj633624	mslearn-uncategorized	docs/mslearn/uncategorized/jj633624.html	WsFaultException Constructor (WsWsaHeader, WsFaultType) (Ws.Services.Faults)	out_of_scope_managed_surface	0			none				not_attempted		https://learn.microsoft.com/en-us/previous-versions/windows/embedded/jj633624(v=vs.102)
jj633636	mslearn-uncategorized	docs/mslearn/uncategorized/jj633636.html	WsWsaHeader.IsFaultMessage Property (Ws.Services.WsaAddressing)	out_of_scope_managed_surface	0			none				not_attempted		https://learn.microsoft.com/en-us/previous-versions/windows/embedded/jj633636(v=vs.102)
jj633637	mslearn-uncategorized	docs/mslearn/uncategorized/jj633637.html	IRequestChannel.RequestOneWay Method (Ws.Services.Binding)	out_of_scope_managed_surface	0			none				not_attempted		https://learn.microsoft.com/en-us/previous-versions/windows/embedded/jj633637(v=vs.102)
jj633641	mslearn-uncategorized	docs/mslearn/uncategorized/jj633641.html	TransportBindingElement.m_transportUri Field (Ws.Services.Binding)	out_of_scope_managed_surface	0			none				not_attempted		https://learn.microsoft.com/en-us/previous-versions/windows/embedded/jj633641(v=vs.102)
jj633642	mslearn-uncategorized	docs/mslearn/uncategorized/jj633642.html	RequestChannel Class (Ws.Services.Binding)	out_of_scope_managed_surface	0			none				not_attempted		https://learn.microsoft.com/en-us/previous-versions/windows/embedded/jj633642(v=vs.102)
jj633651	mslearn-uncategorized	docs/mslearn/uncategorized/jj633651.html	IRequestChannel.Open Method (Ws.Services.Binding)	out_of_scope_managed_surface	0			none				not_attempted		https://learn.microsoft.com/en-us/previous-versions/windows/embedded/jj633651(v=vs.102)
jj633663	mslearn-uncategorized	docs/mslearn/uncategorized/jj633663.html	WsPrefix Enumeration (Ws.Services.Soap)	out_of_scope_managed_surface	0			none				not_attempted		https://learn.microsoft.com/en-us/previous-versions/windows/embedded/jj633663(v=vs.102)
jj633664	mslearn-uncategorized	docs/mslearn/uncategorized/jj633664.html	TransportBindingElement.m_endpointUri Field (Ws.Services.Binding)	out_of_scope_managed_surface	0			none				not_attempted		https://learn.microsoft.com/en-us/previous-versions/windows/embedded/jj633664(v=vs.102)
jj633669	mslearn-uncategorized	docs/mslearn/uncategorized/jj633669.html	WsMessage Class (Ws.Services.Soap)	out_of_scope_managed_surface	0			none				not_attempted		https://learn.microsoft.com/en-us/previous-versions/windows/embedded/jj633669(v=vs.102)
jj633671	mslearn-uncategorized	docs/mslearn/uncategorized/jj633671.html	MessageEncodingBindingElement Constructor (Ws.Services.Binding)	out_of_scope_managed_surface	0			none				not_attempted		https://learn.microsoft.com/en-us/previous-versions/windows/embedded/jj633671(v=vs.102)
jj633682	mslearn-uncategorized	docs/mslearn/uncategorized/jj633682.html	DataMemberAttribute.IsAttribute Property (Ws.ServiceModel)	out_of_scope_managed_surface	0			none				not_attempted		https://learn.microsoft.com/en-us/previous-versions/windows/embedded/jj633682(v=vs.102)
jj633686	mslearn-uncategorized	docs/mslearn/uncategorized/jj633686.html	ReplyChannel.Uri Property (Ws.Services.Binding)	out_of_scope_managed_surface	0			none				not_attempted		https://learn.microsoft.com/en-us/previous-versions/windows/embedded/jj633686(v=vs.102)
jj633689	mslearn-uncategorized	docs/mslearn/uncategorized/jj633689.html	IRequestChannel.Close Method (Ws.Services.Binding)	out_of_scope_managed_surface	0			none				not_attempted		https://learn.microsoft.com/en-us/previous-versions/windows/embedded/jj633689(v=vs.102)
jj633692	mslearn-uncategorized	docs/mslearn/uncategorized/jj633692.html	ProtocolVersion11.AnonymousUri Property (Ws.Services)	out_of_scope_managed_surface	0			none				not_attempted		https://learn.microsoft.com/en-us/previous-versions/windows/embedded/jj633692(v=vs.102)
jj633696	mslearn-uncategorized	docs/mslearn/uncategorized/jj633696.html	CommunicationObject.OpenTimeout Property (Ws.Services.Binding)	out_of_scope_managed_surface	0			none				not_attempted		https://learn.microsoft.com/en-us/previous-versions/windows/embedded/jj633696(v=vs.102)
jj633698	mslearn-uncategorized	docs/mslearn/uncategorized/jj633698.html	WsXmlAttributeCollection.Item Property (String, String) (Ws.Services.Xml)	out_of_scope_managed_surface	0			none				not_attempted		https://learn.microsoft.com/en-us/previous-versions/windows/embedded/jj633698(v=vs.102)
jj633718	mslearn-uncategorized	docs/mslearn/uncategorized/jj633718.html	DpwsClient.Finalize Method (Dpws.Client)	out_of_scope_managed_surface	0			none				not_attempted		https://learn.microsoft.com/en-us/previous-versions/windows/embedded/jj633718(v=vs.102)
jj633721	mslearn-uncategorized	docs/mslearn/uncategorized/jj633721.html	DpwsServiceDescription.MetadataVersion Field (Dpws.Client.Discovery)	out_of_scope_managed_surface	0			none				not_attempted		https://learn.microsoft.com/en-us/previous-versions/windows/embedded/jj633721(v=vs.102)
jj633722	mslearn-uncategorized	docs/mslearn/uncategorized/jj633722.html	WsMtomBodyParts.Count Property (Ws.Services.Mtom)	out_of_scope_managed_surface	0			none				not_attempted		https://learn.microsoft.com/en-us/previous-versions/windows/embedded/jj633722(v=vs.102)
jj633725	mslearn-uncategorized	docs/mslearn/uncategorized/jj633725.html	ProtocolVersion10 Class (Ws.Services)	out_of_scope_managed_surface	0			none				not_attempted		https://learn.microsoft.com/en-us/previous-versions/windows/embedded/jj633725(v=vs.102)
jj633738	mslearn-uncategorized	docs/mslearn/uncategorized/jj633738.html	WsXmlConvert.ToString Method (UInt64) (Ws.Services.Serialization)	out_of_scope_managed_surface	0			none				not_attempted		https://learn.microsoft.com/en-us/previous-versions/windows/embedded/jj633738(v=vs.102)
jj633739	mslearn-uncategorized	docs/mslearn/uncategorized/jj633739.html	DpwsRelationship Constructor (Dpws.Client.Discovery)	out_of_scope_managed_surface	0			none				not_attempted		https://learn.microsoft.com/en-us/previous-versions/windows/embedded/jj633739(v=vs.102)
jj633752	mslearn-uncategorized	docs/mslearn/uncategorized/jj633752.html	DpwsSubscribeRequest.NotifyTo Field (Dpws.Client.Eventing)	out_of_scope_managed_surface	0			none				not_attempted		https://learn.microsoft.com/en-us/previous-versions/windows/embedded/jj633752(v=vs.102)
jj633764	mslearn-uncategorized	docs/mslearn/uncategorized/jj633764.html	DpwsMexService Constructor (Dpws.Client.Discovery)	out_of_scope_managed_surface	0			none				not_attempted		https://learn.microsoft.com/en-us/previous-versions/windows/embedded/jj633764(v=vs.102)
jj633766	mslearn-uncategorized	docs/mslearn/uncategorized/jj633766.html	WsXmlConvert.ToUInt64 Method (Ws.Services.Serialization)	out_of_scope_managed_surface	0			none				not_attempted		https://learn.microsoft.com/en-us/previous-versions/windows/embedded/jj633766(v=vs.102)
jj633771	mslearn-uncategorized	docs/mslearn/uncategorized/jj633771.html	DataContractSerializer._localNamespace Field (Ws.Services.Serialization)	out_of_scope_managed_surface	0			none				not_attempted		https://learn.microsoft.com/en-us/previous-versions/windows/embedded/jj633771(v=vs.102)
jj633773	mslearn-uncategorized	docs/mslearn/uncategorized/jj633773.html	DataMemberAttribute.Name Property (Ws.ServiceModel)	out_of_scope_managed_surface	0			none				not_attempted		https://learn.microsoft.com/en-us/previous-versions/windows/embedded/jj633773(v=vs.102)
jj633778	mslearn-uncategorized	docs/mslearn/uncategorized/jj633778.html	WsHttpClient.SendRequestOneWay Method (Ws.Services.Transport.HTTP)	out_of_scope_managed_surface	0			none				not_attempted		https://learn.microsoft.com/en-us/previous-versions/windows/embedded/jj633778(v=vs.102)
jj646645	mslearn-uncategorized	docs/mslearn/uncategorized/jj646645.html	BindingProperty Class (Ws.Services.Binding)	out_of_scope_managed_surface	0			none				not_attempted		https://learn.microsoft.com/en-us/previous-versions/windows/embedded/jj646645(v=vs.102)
jj646652	mslearn-uncategorized	docs/mslearn/uncategorized/jj646652.html	DpwsDiscoGreeting Constructor (Dpws.Device.Discovery)	out_of_scope_managed_surface	0			none				not_attempted		https://learn.microsoft.com/en-us/previous-versions/windows/embedded/jj646652(v=vs.102)
jj646658	mslearn-uncategorized	docs/mslearn/uncategorized/jj646658.html	WsXmlConvert.ToTimeSpan Method (Ws.Services.Serialization)	out_of_scope_managed_surface	0			none				not_attempted		https://learn.microsoft.com/en-us/previous-versions/windows/embedded/jj646658(v=vs.102)
jj646677	mslearn-uncategorized	docs/mslearn/uncategorized/jj646677.html	HttpTransportBindingConfig Class (Ws.Services.Binding)	out_of_scope_managed_surface	0			none				not_attempted		https://learn.microsoft.com/en-us/previous-versions/windows/embedded/jj646677(v=vs.102)
jj646684	mslearn-uncategorized	docs/mslearn/uncategorized/jj646684.html	DpwsHostedService.IWsServiceEndpoint.ProcessRequest Method (Dpws.Device.Services)	out_of_scope_managed_surface	0			none				not_attempted		https://learn.microsoft.com/en-us/previous-versions/windows/embedded/jj646684(v=vs.102)
jj646688	mslearn-uncategorized	docs/mslearn/uncategorized/jj646688.html	ProtocolVersion.EventingNamespace Property (Ws.Services)	out_of_scope_managed_surface	0			none				not_attempted		https://learn.microsoft.com/en-us/previous-versions/windows/embedded/jj646688(v=vs.102)
jj646693	mslearn-uncategorized	docs/mslearn/uncategorized/jj646693.html	DataContractSerializer._CompressByteArrays Field (Ws.Services.Serialization)	out_of_scope_managed_surface	0			none				not_attempted		https://learn.microsoft.com/en-us/previous-versions/windows/embedded/jj646693(v=vs.102)
jj646696	mslearn-uncategorized	docs/mslearn/uncategorized/jj646696.html	BindingElement.GetBindingProperty Method (Ws.Services.Binding)	out_of_scope_managed_surface	0			none				not_attempted		https://learn.microsoft.com/en-us/previous-versions/windows/embedded/jj646696(v=vs.102)
jj646697	mslearn-uncategorized	docs/mslearn/uncategorized/jj646697.html	DpwsServiceTypes.Item Property (String) (Dpws.Client)	concept_or_overview	0			none				first_line_not_a_declaration		https://learn.microsoft.com/en-us/previous-versions/windows/embedded/jj646697(v=vs.102)
jj646700	mslearn-uncategorized	docs/mslearn/uncategorized/jj646700.html	WsFaultException.Header Field (Ws.Services.Faults)	out_of_scope_managed_surface	0			none				not_attempted		https://learn.microsoft.com/en-us/previous-versions/windows/embedded/jj646700(v=vs.102)
jj646704	mslearn-uncategorized	docs/mslearn/uncategorized/jj646704.html	WsWsaEndpointRefs.Count Property (Ws.Services.WsaAddressing)	out_of_scope_managed_surface	0			none				not_attempted		https://learn.microsoft.com/en-us/previous-versions/windows/embedded/jj646704(v=vs.102)
jj646709	mslearn-uncategorized	docs/mslearn/uncategorized/jj646709.html	TransportBindingElement.EndpointPort Property (Ws.Services.Binding)	out_of_scope_managed_surface	0			none				not_attempted		https://learn.microsoft.com/en-us/previous-versions/windows/embedded/jj646709(v=vs.102)
jj646720	mslearn-uncategorized	docs/mslearn/uncategorized/jj646720.html	EnumMemberAttribute.Value Property (Ws.ServiceModel)	out_of_scope_managed_surface	0			none				not_attempted		https://learn.microsoft.com/en-us/previous-versions/windows/embedded/jj646720(v=vs.102)
jj646723	mslearn-uncategorized	docs/mslearn/uncategorized/jj646723.html	RequestChannel.RequestOneWay Method (Ws.Services.Binding)	out_of_scope_managed_surface	0			none				not_attempted		https://learn.microsoft.com/en-us/previous-versions/windows/embedded/jj646723(v=vs.102)
jj646733	mslearn-uncategorized	docs/mslearn/uncategorized/jj646733.html	DpwsDiscoveryClient.DirectedProbe Method (Dpws.Client.Discovery)	out_of_scope_managed_surface	0			none				not_attempted		https://learn.microsoft.com/en-us/previous-versions/windows/embedded/jj646733(v=vs.102)
jj646736	mslearn-uncategorized	docs/mslearn/uncategorized/jj646736.html	ProtocolVersion10 Constructor (Ws.Services)	out_of_scope_managed_surface	0			none				not_attempted		https://learn.microsoft.com/en-us/previous-versions/windows/embedded/jj646736(v=vs.102)
jj646746	mslearn-uncategorized	docs/mslearn/uncategorized/jj646746.html	BindingElement.OnProcessInputMessage Method (Ws.Services.Binding)	out_of_scope_managed_surface	0			none				not_attempted		https://learn.microsoft.com/en-us/previous-versions/windows/embedded/jj646746(v=vs.102)
jj646749	mslearn-uncategorized	docs/mslearn/uncategorized/jj646749.html	BindingElement.ChainResult Enumeration (Ws.Services.Binding)	out_of_scope_managed_surface	0			none				not_attempted		https://learn.microsoft.com/en-us/previous-versions/windows/embedded/jj646749(v=vs.102)
jj646750	mslearn-uncategorized	docs/mslearn/uncategorized/jj646750.html	WsWellKnownUri.XopNamespaceUri Field (Ws.Services)	out_of_scope_managed_surface	0			none				not_attempted		https://learn.microsoft.com/en-us/previous-versions/windows/embedded/jj646750(v=vs.102)
jj646758	mslearn-uncategorized	docs/mslearn/uncategorized/jj646758.html	WsNamespacePrefix.Wsx Field (Ws.Services)	out_of_scope_managed_surface	0			none				not_attempted		https://learn.microsoft.com/en-us/previous-versions/windows/embedded/jj646758(v=vs.102)
jj646760	mslearn-uncategorized	docs/mslearn/uncategorized/jj646760.html	HttpTransportBindingConfig Constructor (Uri) (Ws.Services.Binding)	out_of_scope_managed_surface	0			none				not_attempted		https://learn.microsoft.com/en-us/previous-versions/windows/embedded/jj646760(v=vs.102)
jj646761	mslearn-uncategorized	docs/mslearn/uncategorized/jj646761.html	IWsServiceEndpoint.ProcessRequest Method (Ws.Services)	out_of_scope_managed_surface	0			none				not_attempted		https://learn.microsoft.com/en-us/previous-versions/windows/embedded/jj646761(v=vs.102)
jj646768	mslearn-uncategorized	docs/mslearn/uncategorized/jj646768.html	BindingElement.m_Next Field (Ws.Services.Binding)	out_of_scope_managed_surface	0			none				not_attempted		https://learn.microsoft.com/en-us/previous-versions/windows/embedded/jj646768(v=vs.102)
jj646769	mslearn-uncategorized	docs/mslearn/uncategorized/jj646769.html	WsXmlConvert.ToString Method (Byte) (Ws.Services.Serialization)	out_of_scope_managed_surface	0			none				not_attempted		https://learn.microsoft.com/en-us/previous-versions/windows/embedded/jj646769(v=vs.102)
jj646771	mslearn-uncategorized	docs/mslearn/uncategorized/jj646771.html	DpwsEventSubscription.Expires Field (Dpws.Client.Eventing)	out_of_scope_managed_surface	0			none				not_attempted		https://learn.microsoft.com/en-us/previous-versions/windows/embedded/jj646771(v=vs.102)
jj646772	mslearn-uncategorized	docs/mslearn/uncategorized/jj646772.html	PolicyAssertionAttribute Class (Ws.ServiceModel)	out_of_scope_managed_surface	0			none				not_attempted		https://learn.microsoft.com/en-us/previous-versions/windows/embedded/jj646772(v=vs.102)
jj646773	mslearn-uncategorized	docs/mslearn/uncategorized/jj646773.html	WsNamespacePrefix.Wsa Field (Ws.Services)	out_of_scope_managed_surface	0			none				not_attempted		https://learn.microsoft.com/en-us/previous-versions/windows/embedded/jj646773(v=vs.102)
jj646776	mslearn-uncategorized	docs/mslearn/uncategorized/jj646776.html	UdpTransportBindingConfig Class (Ws.Services.Binding)	out_of_scope_managed_surface	0			none				not_attempted		https://learn.microsoft.com/en-us/previous-versions/windows/embedded/jj646776(v=vs.102)
jj646784	mslearn-uncategorized	docs/mslearn/uncategorized/jj646784.html	WsMessage.AppSequence Field (Ws.Services.Soap)	out_of_scope_managed_surface	0			none				not_attempted		https://learn.microsoft.com/en-us/previous-versions/windows/embedded/jj646784(v=vs.102)
jj646790	mslearn-uncategorized	docs/mslearn/uncategorized/jj646790.html	TextMessageEncodingBindingElement Class (Ws.Services.Encoding)	out_of_scope_managed_surface	0			none				not_attempted		https://learn.microsoft.com/en-us/previous-versions/windows/embedded/jj646790(v=vs.102)
jj646801	mslearn-uncategorized	docs/mslearn/uncategorized/jj646801.html	BindingContext.BindingProperties Field (Ws.Services.Binding)	out_of_scope_managed_surface	0			none				not_attempted		https://learn.microsoft.com/en-us/previous-versions/windows/embedded/jj646801(v=vs.102)
jj646804	mslearn-uncategorized	docs/mslearn/uncategorized/jj646804.html	DataMemberAttribute.IsRequired Property (Ws.ServiceModel)	out_of_scope_managed_surface	0			none				not_attempted		https://learn.microsoft.com/en-us/previous-versions/windows/embedded/jj646804(v=vs.102)
jj646806	mslearn-uncategorized	docs/mslearn/uncategorized/jj646806.html	DpwsEventingClient Constructor (Dpws.Client.Eventing)	out_of_scope_managed_surface	0			none				not_attempted		https://learn.microsoft.com/en-us/previous-versions/windows/embedded/jj646806(v=vs.102)
jj646808	mslearn-uncategorized	docs/mslearn/uncategorized/jj646808.html	WsServiceOperation.MethodName Field (Ws.Services)	out_of_scope_managed_surface	0			none				not_attempted		https://learn.microsoft.com/en-us/previous-versions/windows/embedded/jj646808(v=vs.102)
jj646809	mslearn-uncategorized	docs/mslearn/uncategorized/jj646809.html	CommunicationObject.DefaultCloseTimeout Field (Ws.Services.Binding)	out_of_scope_managed_surface	0			none				not_attempted		https://learn.microsoft.com/en-us/previous-versions/windows/embedded/jj646809(v=vs.102)
jj646812	mslearn-uncategorized	docs/mslearn/uncategorized/jj646812.html	IReplyChannel.Open Method (Ws.Services.Binding)	out_of_scope_managed_surface	0			none				not_attempted		https://learn.microsoft.com/en-us/previous-versions/windows/embedded/jj646812(v=vs.102)
jj646816	mslearn-uncategorized	docs/mslearn/uncategorized/jj646816.html	DataContractSerializer.ReadAnyAttribute Method (Ws.Services.Serialization)	out_of_scope_managed_surface	0			none				not_attempted		https://learn.microsoft.com/en-us/previous-versions/windows/embedded/jj646816(v=vs.102)
jj646818	mslearn-uncategorized	docs/mslearn/uncategorized/jj646818.html	HttpTransportBindingConfig Constructor (String, Int32, Boolean) (Ws.Services.Binding)	out_of_scope_managed_surface	0			none				not_attempted		https://learn.microsoft.com/en-us/previous-versions/windows/embedded/jj646818(v=vs.102)
jj646821	mslearn-uncategorized	docs/mslearn/uncategorized/jj646821.html	WsWsaHeader.To Property (Ws.Services.WsaAddressing)	out_of_scope_managed_surface	0			none				not_attempted		https://learn.microsoft.com/en-us/previous-versions/windows/embedded/jj646821(v=vs.102)
jj646824	mslearn-uncategorized	docs/mslearn/uncategorized/jj646824.html	Device.ThisDevice.Any Field (Dpws.Device)	out_of_scope_managed_surface	0			none				not_attempted		https://learn.microsoft.com/en-us/previous-versions/windows/embedded/jj646824(v=vs.102)
jj646829	mslearn-uncategorized	docs/mslearn/uncategorized/jj646829.html	WsXmlNode.Prefix Field (Ws.Services.Xml)	out_of_scope_managed_surface	0			none				not_attempted		https://learn.microsoft.com/en-us/previous-versions/windows/embedded/jj646829(v=vs.102)
jj646836	mslearn-uncategorized	docs/mslearn/uncategorized/jj646836.html	WsNamespacePrefix.Wse Field (Ws.Services)	out_of_scope_managed_surface	0			none				not_attempted		https://learn.microsoft.com/en-us/previous-versions/windows/embedded/jj646836(v=vs.102)
jj646838	mslearn-uncategorized	docs/mslearn/uncategorized/jj646838.html	Binding.Elements Field (Ws.Services.Binding)	out_of_scope_managed_surface	0			none				not_attempted		https://learn.microsoft.com/en-us/previous-versions/windows/embedded/jj646838(v=vs.102)
jj646843	mslearn-uncategorized	docs/mslearn/uncategorized/jj646843.html	WsXmlConvert.ToString Method (UInt32) (Ws.Services.Serialization)	out_of_scope_managed_surface	0			none				not_attempted		https://learn.microsoft.com/en-us/previous-versions/windows/embedded/jj646843(v=vs.102)
jj646845	mslearn-uncategorized	docs/mslearn/uncategorized/jj646845.html	WsAppSequence.MessageNumber Field (Ws.Services.Soap)	out_of_scope_managed_surface	0			none				not_attempted		https://learn.microsoft.com/en-us/previous-versions/windows/embedded/jj646845(v=vs.102)
jj646846	mslearn-uncategorized	docs/mslearn/uncategorized/jj646846.html	WsFaultException Constructor (WsWsaHeader, WsFaultType, String) (Ws.Services.Faults)	out_of_scope_managed_surface	0			none				not_attempted		https://learn.microsoft.com/en-us/previous-versions/windows/embedded/jj646846(v=vs.102)
jj646850	mslearn-uncategorized	docs/mslearn/uncategorized/jj646850.html	ProtocolVersion10.AddressingNamespace Property (Ws.Services)	out_of_scope_managed_surface	0			none				not_attempted		https://learn.microsoft.com/en-us/previous-versions/windows/embedded/jj646850(v=vs.102)
jj646853	mslearn-uncategorized	docs/mslearn/uncategorized/jj646853.html	WsXmlNode.LocalName Field (Ws.Services.Xml)	out_of_scope_managed_surface	0			none				not_attempted		https://learn.microsoft.com/en-us/previous-versions/windows/embedded/jj646853(v=vs.102)
jj646858	mslearn-uncategorized	docs/mslearn/uncategorized/jj646858.html	WsDuration.DurationString Field (Ws.Services.Utilities)	out_of_scope_managed_surface	0			none				not_attempted		https://learn.microsoft.com/en-us/previous-versions/windows/embedded/jj646858(v=vs.102)
jj646870	mslearn-uncategorized	docs/mslearn/uncategorized/jj646870.html	Binding Constructor (Ws.Services.Binding)	out_of_scope_managed_surface	0			none				not_attempted		https://learn.microsoft.com/en-us/previous-versions/windows/embedded/jj646870(v=vs.102)
jj646872	mslearn-uncategorized	docs/mslearn/uncategorized/jj646872.html	UdpTransportBindingElement Constructor (Ws.Services.Binding)	out_of_scope_managed_surface	0			none				not_attempted		https://learn.microsoft.com/en-us/previous-versions/windows/embedded/jj646872(v=vs.102)
jj646877	mslearn-uncategorized	docs/mslearn/uncategorized/jj646877.html	ProtocolVersion Class (Ws.Services)	out_of_scope_managed_surface	0			none				not_attempted		https://learn.microsoft.com/en-us/previous-versions/windows/embedded/jj646877(v=vs.102)
jj646878	mslearn-uncategorized	docs/mslearn/uncategorized/jj646878.html	WS2007HttpBinding Constructor (Ws.Services.Binding)	out_of_scope_managed_surface	0			none				not_attempted		https://learn.microsoft.com/en-us/previous-versions/windows/embedded/jj646878(v=vs.102)
jj646880	mslearn-uncategorized	docs/mslearn/uncategorized/jj646880.html	CommunicationObject.CloseTimeout Property (Ws.Services.Binding)	out_of_scope_managed_surface	0			none				not_attempted		https://learn.microsoft.com/en-us/previous-versions/windows/embedded/jj646880(v=vs.102)
jj646881	mslearn-uncategorized	docs/mslearn/uncategorized/jj646881.html	HttpTransportBindingElement.OnProcessOutputMessage Method (Ws.Services.Binding)	out_of_scope_managed_surface	0			none				not_attempted		https://learn.microsoft.com/en-us/previous-versions/windows/embedded/jj646881(v=vs.102)
jj646882	mslearn-uncategorized	docs/mslearn/uncategorized/jj646882.html	WsMessageCheck Constructor (Int32) (Ws.Services.Transport)	out_of_scope_managed_surface	0			none				not_attempted		https://learn.microsoft.com/en-us/previous-versions/windows/embedded/jj646882(v=vs.102)
jj646883	mslearn-uncategorized	docs/mslearn/uncategorized/jj646883.html	PolicyAssertionAttribute.Namespace Property (Ws.ServiceModel)	out_of_scope_managed_surface	0			none				not_attempted		https://learn.microsoft.com/en-us/previous-versions/windows/embedded/jj646883(v=vs.102)
jj646885	mslearn-uncategorized	docs/mslearn/uncategorized/jj646885.html	ReplyChannel.ReceiveRequest Method (Ws.Services.Binding)	out_of_scope_managed_surface	0			none				not_attempted		https://learn.microsoft.com/en-us/previous-versions/windows/embedded/jj646885(v=vs.102)
jj646889	mslearn-uncategorized	docs/mslearn/uncategorized/jj646889.html	WS2007HttpBinding Constructor (HttpTransportBindingConfig) (Ws.Services.Binding)	out_of_scope_managed_surface	0			none				not_attempted		https://learn.microsoft.com/en-us/previous-versions/windows/embedded/jj646889(v=vs.102)
jj646892	mslearn-uncategorized	docs/mslearn/uncategorized/jj646892.html	ProtocolVersion.Version Property (Ws.Services)	out_of_scope_managed_surface	0			none				not_attempted		https://learn.microsoft.com/en-us/previous-versions/windows/embedded/jj646892(v=vs.102)
jj646898	mslearn-uncategorized	docs/mslearn/uncategorized/jj646898.html	WsMessageCheck Constructor (Ws.Services.Transport)	out_of_scope_managed_surface	0			none				not_attempted		https://learn.microsoft.com/en-us/previous-versions/windows/embedded/jj646898(v=vs.102)
jj646901	mslearn-uncategorized	docs/mslearn/uncategorized/jj646901.html	RequestChannel.RemoteAddress Property (Ws.Services.Binding)	out_of_scope_managed_surface	0			none				not_attempted		https://learn.microsoft.com/en-us/previous-versions/windows/embedded/jj646901(v=vs.102)
jj646902	mslearn-uncategorized	docs/mslearn/uncategorized/jj646902.html	ProtocolVersion11.AnonymousRoleUri Property (Ws.Services)	out_of_scope_managed_surface	0			none				not_attempted		https://learn.microsoft.com/en-us/previous-versions/windows/embedded/jj646902(v=vs.102)
jj646912	mslearn-uncategorized	docs/mslearn/uncategorized/jj646912.html	ICommunicationObject Interface (Ws.Services.Binding)	out_of_scope_managed_surface	0			none				not_attempted		https://learn.microsoft.com/en-us/previous-versions/windows/embedded/jj646912(v=vs.102)
jj646915	mslearn-uncategorized	docs/mslearn/uncategorized/jj646915.html	IReplyChannel.Uri Property (Ws.Services.Binding)	out_of_scope_managed_surface	0			none				not_attempted		https://learn.microsoft.com/en-us/previous-versions/windows/embedded/jj646915(v=vs.102)
jj646916	mslearn-uncategorized	docs/mslearn/uncategorized/jj646916.html	Device.DiscoveryVersion Property (Dpws.Device)	out_of_scope_managed_surface	0			none				not_attempted		https://learn.microsoft.com/en-us/previous-versions/windows/embedded/jj646916(v=vs.102)
jj646917	mslearn-uncategorized	docs/mslearn/uncategorized/jj646917.html	DpwsWseSubscriptionMgr.Renew Method (Dpws.Device.Services)	out_of_scope_managed_surface	0			none				not_attempted		https://learn.microsoft.com/en-us/previous-versions/windows/embedded/jj646917(v=vs.102)
jj646918	mslearn-uncategorized	docs/mslearn/uncategorized/jj646918.html	WsWellKnownUri.WseNamespaceUri Field (Ws.Services)	out_of_scope_managed_surface	0			none				not_attempted		https://learn.microsoft.com/en-us/previous-versions/windows/embedded/jj646918(v=vs.102)
jj646924	mslearn-uncategorized	docs/mslearn/uncategorized/jj646924.html	DataContractSerializer.IsAttribute Method (Ws.Services.Serialization)	out_of_scope_managed_surface	0			none				not_attempted		https://learn.microsoft.com/en-us/previous-versions/windows/embedded/jj646924(v=vs.102)
jj646933	mslearn-uncategorized	docs/mslearn/uncategorized/jj646933.html	WsXmlConvert.ToString Method (Single) (Ws.Services.Serialization)	out_of_scope_managed_surface	0			none				not_attempted		https://learn.microsoft.com/en-us/previous-versions/windows/embedded/jj646933(v=vs.102)
jj646945	mslearn-uncategorized	docs/mslearn/uncategorized/jj646945.html	DataContractSerializer.BodyParts Field (Ws.Services.Serialization)	out_of_scope_managed_surface	0			none				not_attempted		https://learn.microsoft.com/en-us/previous-versions/windows/embedded/jj646945(v=vs.102)
jj646947	mslearn-uncategorized	docs/mslearn/uncategorized/jj646947.html	MessageParameterAttribute.Name Property (Ws.ServiceModel)	out_of_scope_managed_surface	0			none				not_attempted		https://learn.microsoft.com/en-us/previous-versions/windows/embedded/jj646947(v=vs.102)
jj646950	mslearn-uncategorized	docs/mslearn/uncategorized/jj646950.html	WS2007HttpBinding Class (Ws.Services.Binding)	out_of_scope_managed_surface	0			none				not_attempted		https://learn.microsoft.com/en-us/previous-versions/windows/embedded/jj646950(v=vs.102)
jj646952	mslearn-uncategorized	docs/mslearn/uncategorized/jj646952.html	DataContractSerializer.WildcardValidationType Enumeration (Ws.Services.Serialization)	out_of_scope_managed_surface	0			none				not_attempted		https://learn.microsoft.com/en-us/previous-versions/windows/embedded/jj646952(v=vs.102)
jj646964	mslearn-uncategorized	docs/mslearn/uncategorized/jj646964.html	ProtocolVersion10.IncludeSoapHeaders Property (Ws.Services)	out_of_scope_managed_surface	0			none				not_attempted		https://learn.microsoft.com/en-us/previous-versions/windows/embedded/jj646964(v=vs.102)
jj646972	mslearn-uncategorized	docs/mslearn/uncategorized/jj646972.html	RequestChannel.Open Method (Ws.Services.Binding)	out_of_scope_managed_surface	0			none				not_attempted		https://learn.microsoft.com/en-us/previous-versions/windows/embedded/jj646972(v=vs.102)
jj646976	mslearn-uncategorized	docs/mslearn/uncategorized/jj646976.html	WsXmlConvert.ToString Method (DateTime) (Ws.Services.Serialization)	out_of_scope_managed_surface	0			none				not_attempted		https://learn.microsoft.com/en-us/previous-versions/windows/embedded/jj646976(v=vs.102)
jj646980	mslearn-uncategorized	docs/mslearn/uncategorized/jj646980.html	TextMessageEncodingBindingElement Constructor (Ws.Services.Encoding)	out_of_scope_managed_surface	0			none				not_attempted		https://learn.microsoft.com/en-us/previous-versions/windows/embedded/jj646980(v=vs.102)
jj646981	mslearn-uncategorized	docs/mslearn/uncategorized/jj646981.html	WsXmlNode Constructor (String, String, String, String) (Ws.Services.Xml)	out_of_scope_managed_surface	0			none				not_attempted		https://learn.microsoft.com/en-us/previous-versions/windows/embedded/jj646981(v=vs.102)
jj646983	mslearn-uncategorized	docs/mslearn/uncategorized/jj646983.html	DpwsWseSubscriptionMgr.Unsubscribe Method (Dpws.Device.Services)	out_of_scope_managed_surface	0			none				not_attempted		https://learn.microsoft.com/en-us/previous-versions/windows/embedded/jj646983(v=vs.102)
jj647002	mslearn-uncategorized	docs/mslearn/uncategorized/jj647002.html	Binding.CreateClientChannel Method (Ws.Services.Binding)	out_of_scope_managed_surface	0			none				not_attempted		https://learn.microsoft.com/en-us/previous-versions/windows/embedded/jj647002(v=vs.102)
jj647010	mslearn-uncategorized	docs/mslearn/uncategorized/jj647010.html	WsXmlConvert.ToDateTime Method (Ws.Services.Serialization)	out_of_scope_managed_surface	0			none				not_attempted		https://learn.microsoft.com/en-us/previous-versions/windows/embedded/jj647010(v=vs.102)
jj647027	mslearn-uncategorized	docs/mslearn/uncategorized/jj647027.html	DpwsMexServices.Item Property (Uri) (Dpws.Client.Discovery)	concept_or_overview	0			none				first_line_not_a_declaration		https://learn.microsoft.com/en-us/previous-versions/windows/embedded/jj647027(v=vs.102)
jj647028	mslearn-uncategorized	docs/mslearn/uncategorized/jj647028.html	DpwsMetadata.Relationship Field (Dpws.Client.Discovery)	out_of_scope_managed_surface	0			none				not_attempted		https://learn.microsoft.com/en-us/previous-versions/windows/embedded/jj647028(v=vs.102)
jj647029	mslearn-uncategorized	docs/mslearn/uncategorized/jj647029.html	BindingContext Class (Ws.Services.Binding)	out_of_scope_managed_surface	0			none				not_attempted		https://learn.microsoft.com/en-us/previous-versions/windows/embedded/jj647029(v=vs.102)
jj647035	mslearn-uncategorized	docs/mslearn/uncategorized/jj647035.html	CommunicationObject.DefaultOpenTimeout Field (Ws.Services.Binding)	out_of_scope_managed_surface	0			none				not_attempted		https://learn.microsoft.com/en-us/previous-versions/windows/embedded/jj647035(v=vs.102)
jj647045	mslearn-uncategorized	docs/mslearn/uncategorized/jj647045.html	DpwsServiceDescription.Endpoint Field (Dpws.Client.Discovery)	out_of_scope_managed_surface	0			none				not_attempted		https://learn.microsoft.com/en-us/previous-versions/windows/embedded/jj647045(v=vs.102)
jj647054	mslearn-uncategorized	docs/mslearn/uncategorized/jj647054.html	DpwsWseSubscriptionMgr.GetStatus Method (Dpws.Device.Services)	out_of_scope_managed_surface	0			none				not_attempted		https://learn.microsoft.com/en-us/previous-versions/windows/embedded/jj647054(v=vs.102)
jj647056	mslearn-uncategorized	docs/mslearn/uncategorized/jj647056.html	ProtocolVersion.AnonymousRoleUri Property (Ws.Services)	out_of_scope_managed_surface	0			none				not_attempted		https://learn.microsoft.com/en-us/previous-versions/windows/embedded/jj647056(v=vs.102)
jj647059	mslearn-uncategorized	docs/mslearn/uncategorized/jj647059.html	WsMessage.BodyParts Property (Ws.Services.Soap)	out_of_scope_managed_surface	0			none				not_attempted		https://learn.microsoft.com/en-us/previous-versions/windows/embedded/jj647059(v=vs.102)
jj647077	mslearn-uncategorized	docs/mslearn/uncategorized/jj647077.html	DpwsWseEventSources.Count Property (Dpws.Device.Services)	out_of_scope_managed_surface	0			none				not_attempted		https://learn.microsoft.com/en-us/previous-versions/windows/embedded/jj647077(v=vs.102)
jj647087	mslearn-uncategorized	docs/mslearn/uncategorized/jj647087.html	WsXmlNamespace.NamespaceURI Field (Ws.Services.Xml)	out_of_scope_managed_surface	0			none				not_attempted		https://learn.microsoft.com/en-us/previous-versions/windows/embedded/jj647087(v=vs.102)
jj647090	mslearn-uncategorized	docs/mslearn/uncategorized/jj647090.html	DataMemberAttribute Class (Ws.ServiceModel)	out_of_scope_managed_surface	0			none				not_attempted		https://learn.microsoft.com/en-us/previous-versions/windows/embedded/jj647090(v=vs.102)
jj647093	mslearn-uncategorized	docs/mslearn/uncategorized/jj647093.html	WsWsaHeader.IsOneWayResponse Property (Ws.Services.WsaAddressing)	out_of_scope_managed_surface	0			none				not_attempted		https://learn.microsoft.com/en-us/previous-versions/windows/embedded/jj647093(v=vs.102)
jj647120	mslearn-uncategorized	docs/mslearn/uncategorized/jj647120.html	WsMtomBodyPart.ContentID Field (Ws.Services.Mtom)	out_of_scope_managed_surface	0			none				not_attempted		https://learn.microsoft.com/en-us/previous-versions/windows/embedded/jj647120(v=vs.102)
jj647123	mslearn-uncategorized	docs/mslearn/uncategorized/jj647123.html	WsXmlConvert.ToUInt16 Method (Ws.Services.Serialization)	out_of_scope_managed_surface	0			none				not_attempted		https://learn.microsoft.com/en-us/previous-versions/windows/embedded/jj647123(v=vs.102)
jj647132	mslearn-uncategorized	docs/mslearn/uncategorized/jj647132.html	DataContractSerializer.WriteAttribute Method (Ws.Services.Serialization)	out_of_scope_managed_surface	0			none				not_attempted		https://learn.microsoft.com/en-us/previous-versions/windows/embedded/jj647132(v=vs.102)
jj647135	mslearn-uncategorized	docs/mslearn/uncategorized/jj647135.html	CommunicationObject Constructor (Ws.Services.Binding)	out_of_scope_managed_surface	0			none				not_attempted		https://learn.microsoft.com/en-us/previous-versions/windows/embedded/jj647135(v=vs.102)
jj647143	mslearn-uncategorized	docs/mslearn/uncategorized/jj647143.html	WsNamespacePrefix Class (Ws.Services)	out_of_scope_managed_surface	0			none				not_attempted		https://learn.microsoft.com/en-us/previous-versions/windows/embedded/jj647143(v=vs.102)
jj647145	mslearn-uncategorized	docs/mslearn/uncategorized/jj647145.html	Device.Initialize Method (Dpws.Device)	out_of_scope_managed_surface	0			none				not_attempted		https://learn.microsoft.com/en-us/previous-versions/windows/embedded/jj647145(v=vs.102)
jj647155	mslearn-uncategorized	docs/mslearn/uncategorized/jj647155.html	TransportBindingElement.EndpointAddress Property (Ws.Services.Binding)	out_of_scope_managed_surface	0			none				not_attempted		https://learn.microsoft.com/en-us/previous-versions/windows/embedded/jj647155(v=vs.102)
jj647157	mslearn-uncategorized	docs/mslearn/uncategorized/jj647157.html	ICommunicationObject.OpenTimeout Property (Ws.Services.Binding)	out_of_scope_managed_surface	0			none				not_attempted		https://learn.microsoft.com/en-us/previous-versions/windows/embedded/jj647157(v=vs.102)
jj647159	mslearn-uncategorized	docs/mslearn/uncategorized/jj647159.html	BindingElement.Open Method (Ws.Services.Binding)	out_of_scope_managed_surface	0			none				not_attempted		https://learn.microsoft.com/en-us/previous-versions/windows/embedded/jj647159(v=vs.102)
jj647162	mslearn-uncategorized	docs/mslearn/uncategorized/jj647162.html	WsWsaHeader.ReplyTo Property (Ws.Services.WsaAddressing)	out_of_scope_managed_surface	0			none				not_attempted		https://learn.microsoft.com/en-us/previous-versions/windows/embedded/jj647162(v=vs.102)
jj647166	mslearn-uncategorized	docs/mslearn/uncategorized/jj647166.html	ServerBindingContext Class (Ws.Services.Binding)	out_of_scope_managed_surface	0			none				not_attempted		https://learn.microsoft.com/en-us/previous-versions/windows/embedded/jj647166(v=vs.102)
jj647167	mslearn-uncategorized	docs/mslearn/uncategorized/jj647167.html	BindingElement.OnProcessOutputMessage Method (Ws.Services.Binding)	out_of_scope_managed_surface	0			none				not_attempted		https://learn.microsoft.com/en-us/previous-versions/windows/embedded/jj647167(v=vs.102)
jj647171	mslearn-uncategorized	docs/mslearn/uncategorized/jj647171.html	ManagedDiscovery.DirectedHello Method (Dpws.Device.Discovery)	out_of_scope_managed_surface	0			none				not_attempted		https://learn.microsoft.com/en-us/previous-versions/windows/embedded/jj647171(v=vs.102)
jj647172	mslearn-uncategorized	docs/mslearn/uncategorized/jj647172.html	DataMemberAttribute.Order Property (Ws.ServiceModel)	out_of_scope_managed_surface	0			none				not_attempted		https://learn.microsoft.com/en-us/previous-versions/windows/embedded/jj647172(v=vs.102)
jj647174	mslearn-uncategorized	docs/mslearn/uncategorized/jj647174.html	UdpTransportBindingElement.OnSetBindingConfiguration Method (Ws.Services.Binding)	out_of_scope_managed_surface	0			none				not_attempted		https://learn.microsoft.com/en-us/previous-versions/windows/embedded/jj647174(v=vs.102)
jj647185	mslearn-uncategorized	docs/mslearn/uncategorized/jj647185.html	ProtocolVersion11.DiscoveryNamespace Property (Ws.Services)	out_of_scope_managed_surface	0			none				not_attempted		https://learn.microsoft.com/en-us/previous-versions/windows/embedded/jj647185(v=vs.102)
jj647192	mslearn-uncategorized	docs/mslearn/uncategorized/jj647192.html	UdpTransportBindingConfig.IgnoreRequestsFromThisIp Field (Ws.Services.Binding)	out_of_scope_managed_surface	0			none				not_attempted		https://learn.microsoft.com/en-us/previous-versions/windows/embedded/jj647192(v=vs.102)
jj647199	mslearn-uncategorized	docs/mslearn/uncategorized/jj647199.html	ReplyChannel.Open Method (Ws.Services.Binding)	out_of_scope_managed_surface	0			none				not_attempted		https://learn.microsoft.com/en-us/previous-versions/windows/embedded/jj647199(v=vs.102)
jj647200	mslearn-uncategorized	docs/mslearn/uncategorized/jj647200.html	DpwsWseSubscriptionMgr.PersistEventConnections Property (Dpws.Device.Services)	out_of_scope_managed_surface	0			none				not_attempted		https://learn.microsoft.com/en-us/previous-versions/windows/embedded/jj647200(v=vs.102)
jj647208	mslearn-uncategorized	docs/mslearn/uncategorized/jj647208.html	Binding Class (Ws.Services.Binding)	out_of_scope_managed_surface	0			none				not_attempted		https://learn.microsoft.com/en-us/previous-versions/windows/embedded/jj647208(v=vs.102)
jj647214	mslearn-uncategorized	docs/mslearn/uncategorized/jj647214.html	WsXmlConvert.ToString Method (Int64) (Ws.Services.Serialization)	out_of_scope_managed_surface	0			none				not_attempted		https://learn.microsoft.com/en-us/previous-versions/windows/embedded/jj647214(v=vs.102)
jj647220	mslearn-uncategorized	docs/mslearn/uncategorized/jj647220.html	DpwsSubscribeRequest.Expires Field (Dpws.Client.Eventing)	out_of_scope_managed_surface	0			none				not_attempted		https://learn.microsoft.com/en-us/previous-versions/windows/embedded/jj647220(v=vs.102)
jj647223	mslearn-uncategorized	docs/mslearn/uncategorized/jj647223.html	WsDuration Constructor (TimeSpan) (Ws.Services.Utilities)	out_of_scope_managed_surface	0			none				not_attempted		https://learn.microsoft.com/en-us/previous-versions/windows/embedded/jj647223(v=vs.102)
jj647224	mslearn-uncategorized	docs/mslearn/uncategorized/jj647224.html	OperationContractAttribute.Action Property (Ws.ServiceModel)	out_of_scope_managed_surface	0			none				not_attempted		https://learn.microsoft.com/en-us/previous-versions/windows/embedded/jj647224(v=vs.102)
jj647225	mslearn-uncategorized	docs/mslearn/uncategorized/jj647225.html	WsXmlNode.Attributes Field (Ws.Services.Xml)	out_of_scope_managed_surface	0			none				not_attempted		https://learn.microsoft.com/en-us/previous-versions/windows/embedded/jj647225(v=vs.102)
jj647229	mslearn-uncategorized	docs/mslearn/uncategorized/jj647229.html	WsWsaHeader.MessageID Property (Ws.Services.WsaAddressing)	out_of_scope_managed_surface	0			none				not_attempted		https://learn.microsoft.com/en-us/previous-versions/windows/embedded/jj647229(v=vs.102)
jj647234	mslearn-uncategorized	docs/mslearn/uncategorized/jj647234.html	HttpTransportBindingElement.OnOpen Method (Ws.Services.Binding)	out_of_scope_managed_surface	0			none				not_attempted		https://learn.microsoft.com/en-us/previous-versions/windows/embedded/jj647234(v=vs.102)
jj647242	mslearn-uncategorized	docs/mslearn/uncategorized/jj647242.html	ProtocolVersion11 Class (Ws.Services)	out_of_scope_managed_surface	0			none				not_attempted		https://learn.microsoft.com/en-us/previous-versions/windows/embedded/jj647242(v=vs.102)
jj647265	mslearn-uncategorized	docs/mslearn/uncategorized/jj647265.html	WsHttpClient.ReceiveTimeout Field (Ws.Services.Transport.HTTP)	out_of_scope_managed_surface	0			none				not_attempted		https://learn.microsoft.com/en-us/previous-versions/windows/embedded/jj647265(v=vs.102)
jj647266	mslearn-uncategorized	docs/mslearn/uncategorized/jj647266.html	WsXmlNode.NamespaceURI Field (Ws.Services.Xml)	out_of_scope_managed_surface	0			none				not_attempted		https://learn.microsoft.com/en-us/previous-versions/windows/embedded/jj647266(v=vs.102)
jj647268	mslearn-uncategorized	docs/mslearn/uncategorized/jj647268.html	DpwsServiceDescriptions.Contains Method (Dpws.Client.Discovery)	out_of_scope_managed_surface	0			none				not_attempted		https://learn.microsoft.com/en-us/previous-versions/windows/embedded/jj647268(v=vs.102)
jj647269	mslearn-uncategorized	docs/mslearn/uncategorized/jj647269.html	HttpTransportBindingElement.OnClose Method (Ws.Services.Binding)	out_of_scope_managed_surface	0			none				not_attempted		https://learn.microsoft.com/en-us/previous-versions/windows/embedded/jj647269(v=vs.102)
jj647271	mslearn-uncategorized	docs/mslearn/uncategorized/jj647271.html	WsXmlAttributeCollection Class (Ws.Services.Xml)	out_of_scope_managed_surface	0			none				not_attempted		https://learn.microsoft.com/en-us/previous-versions/windows/embedded/jj647271(v=vs.102)
jj647279	mslearn-uncategorized	docs/mslearn/uncategorized/jj647279.html	WsXmlAttributeCollection.RemoveAll Method (Ws.Services.Xml)	out_of_scope_managed_surface	0			none				not_attempted		https://learn.microsoft.com/en-us/previous-versions/windows/embedded/jj647279(v=vs.102)
jj647283	mslearn-uncategorized	docs/mslearn/uncategorized/jj647283.html	WsHttpClient.RequestTimeout Field (Ws.Services.Transport.HTTP)	out_of_scope_managed_surface	0			none				not_attempted		https://learn.microsoft.com/en-us/previous-versions/windows/embedded/jj647283(v=vs.102)
jj647285	mslearn-uncategorized	docs/mslearn/uncategorized/jj647285.html	Device.ThisModel.Any Field (Dpws.Device)	out_of_scope_managed_surface	0			none				not_attempted		https://learn.microsoft.com/en-us/previous-versions/windows/embedded/jj647285(v=vs.102)
jj647288	mslearn-uncategorized	docs/mslearn/uncategorized/jj647288.html	UdpTransportBindingElement.OnOpen Method (Ws.Services.Binding)	out_of_scope_managed_surface	0			none				not_attempted		https://learn.microsoft.com/en-us/previous-versions/windows/embedded/jj647288(v=vs.102)
jj647289	mslearn-uncategorized	docs/mslearn/uncategorized/jj647289.html	DataMemberAttribute Constructor (Ws.ServiceModel)	out_of_scope_managed_surface	0			none				not_attempted		https://learn.microsoft.com/en-us/previous-versions/windows/embedded/jj647289(v=vs.102)
jj647298	mslearn-uncategorized	docs/mslearn/uncategorized/jj647298.html	WsServiceEndpoints.Item Property (String) (Ws.Services)	out_of_scope_managed_surface	0			none				not_attempted		https://learn.microsoft.com/en-us/previous-versions/windows/embedded/jj647298(v=vs.102)
jj647299	mslearn-uncategorized	docs/mslearn/uncategorized/jj647299.html	DpwsHostedService.Subscribe Method (Dpws.Device.Services)	out_of_scope_managed_surface	0			none				not_attempted		https://learn.microsoft.com/en-us/previous-versions/windows/embedded/jj647299(v=vs.102)
jj647301	mslearn-uncategorized	docs/mslearn/uncategorized/jj647301.html	WsXmlConvert.ToBoolean Method (Ws.Services.Serialization)	out_of_scope_managed_surface	0			none				not_attempted		https://learn.microsoft.com/en-us/previous-versions/windows/embedded/jj647301(v=vs.102)
jj647310	mslearn-uncategorized	docs/mslearn/uncategorized/jj647310.html	ByeEventHandler Delegate (Dpws.Client.Discovery)	out_of_scope_managed_surface	0			none				not_attempted		https://learn.microsoft.com/en-us/previous-versions/windows/embedded/jj647310(v=vs.102)
jj647311	mslearn-uncategorized	docs/mslearn/uncategorized/jj647311.html	DpwsServiceDescription.ServiceTypes Field (Dpws.Client.Discovery)	out_of_scope_managed_surface	0			none				not_attempted		https://learn.microsoft.com/en-us/previous-versions/windows/embedded/jj647311(v=vs.102)
jj647315	mslearn-uncategorized	docs/mslearn/uncategorized/jj647315.html	WsXmlElement Class (Ws.Services.Xml)	out_of_scope_managed_surface	0			none				not_attempted		https://learn.microsoft.com/en-us/previous-versions/windows/embedded/jj647315(v=vs.102)
jj647316	mslearn-uncategorized	docs/mslearn/uncategorized/jj647316.html	WsXmlConvert.ToString Method (Int32) (Ws.Services.Serialization)	out_of_scope_managed_surface	0			none				not_attempted		https://learn.microsoft.com/en-us/previous-versions/windows/embedded/jj647316(v=vs.102)
jj647334	mslearn-uncategorized	docs/mslearn/uncategorized/jj647334.html	WsFaultException.FaultType Field (Ws.Services.Faults)	out_of_scope_managed_surface	0			none				not_attempted		https://learn.microsoft.com/en-us/previous-versions/windows/embedded/jj647334(v=vs.102)
jj647341	mslearn-uncategorized	docs/mslearn/uncategorized/jj647341.html	WsXmlNodeList.Add Method (Ws.Services.Xml)	out_of_scope_managed_surface	0			none				not_attempted		https://learn.microsoft.com/en-us/previous-versions/windows/embedded/jj647341(v=vs.102)
jj647343	mslearn-uncategorized	docs/mslearn/uncategorized/jj647343.html	ProtocolVersion10.Version Property (Ws.Services)	out_of_scope_managed_surface	0			none				not_attempted		https://learn.microsoft.com/en-us/previous-versions/windows/embedded/jj647343(v=vs.102)
jj647346	mslearn-uncategorized	docs/mslearn/uncategorized/jj647346.html	HttpTransportBindingConfig Constructor (Uri, Boolean) (Ws.Services.Binding)	out_of_scope_managed_surface	0			none				not_attempted		https://learn.microsoft.com/en-us/previous-versions/windows/embedded/jj647346(v=vs.102)
jj647351	mslearn-uncategorized	docs/mslearn/uncategorized/jj647351.html	WsXmlConvert.ToDouble Method (Ws.Services.Serialization)	out_of_scope_managed_surface	0			none				not_attempted		https://learn.microsoft.com/en-us/previous-versions/windows/embedded/jj647351(v=vs.102)
jj647352	mslearn-uncategorized	docs/mslearn/uncategorized/jj647352.html	WsWellKnownUri.SoapNamespaceUri Field (Ws.Services)	out_of_scope_managed_surface	0			none				not_attempted		https://learn.microsoft.com/en-us/previous-versions/windows/embedded/jj647352(v=vs.102)
jj647353	mslearn-uncategorized	docs/mslearn/uncategorized/jj647353.html	ServerBindingContext Constructor (Ws.Services.Binding)	out_of_scope_managed_surface	0			none				not_attempted		https://learn.microsoft.com/en-us/previous-versions/windows/embedded/jj647353(v=vs.102)
jj647354	mslearn-uncategorized	docs/mslearn/uncategorized/jj647354.html	DpwsHostedService.AddEventServices Method (Dpws.Device.Services)	out_of_scope_managed_surface	0			none				not_attempted		https://learn.microsoft.com/en-us/previous-versions/windows/embedded/jj647354(v=vs.102)
jj652484	mslearn-uncategorized	docs/mslearn/uncategorized/jj652484.html	WsNamespacePrefix.Wsu Field (Ws.Services)	out_of_scope_managed_surface	0			none				not_attempted		https://learn.microsoft.com/en-us/previous-versions/windows/embedded/jj652484(v=vs.102)
jj652486	mslearn-uncategorized	docs/mslearn/uncategorized/jj652486.html	Device.Started Property (Dpws.Device)	out_of_scope_managed_surface	0			none				not_attempted		https://learn.microsoft.com/en-us/previous-versions/windows/embedded/jj652486(v=vs.102)
jj652492	mslearn-uncategorized	docs/mslearn/uncategorized/jj652492.html	WsAppSequence.InstanceId Field (Ws.Services.Soap)	out_of_scope_managed_surface	0			none				not_attempted		https://learn.microsoft.com/en-us/previous-versions/windows/embedded/jj652492(v=vs.102)
jj652501	mslearn-uncategorized	docs/mslearn/uncategorized/jj652501.html	OperationContractAttribute.IsOneWay Property (Ws.ServiceModel)	out_of_scope_managed_surface	0			none				not_attempted		https://learn.microsoft.com/en-us/previous-versions/windows/embedded/jj652501(v=vs.102)
jj652503	mslearn-uncategorized	docs/mslearn/uncategorized/jj652503.html	HttpTransportBindingConfig.ServiceUrn Field (Ws.Services.Binding)	out_of_scope_managed_surface	0			none				not_attempted		https://learn.microsoft.com/en-us/previous-versions/windows/embedded/jj652503(v=vs.102)
jj652505	mslearn-uncategorized	docs/mslearn/uncategorized/jj652505.html	IReplyChannel Interface (Ws.Services.Binding)	out_of_scope_managed_surface	0			none				not_attempted		https://learn.microsoft.com/en-us/previous-versions/windows/embedded/jj652505(v=vs.102)
jj652507	mslearn-uncategorized	docs/mslearn/uncategorized/jj652507.html	CustomBinding Class (Ws.Services.Binding)	out_of_scope_managed_surface	0			none				not_attempted		https://learn.microsoft.com/en-us/previous-versions/windows/embedded/jj652507(v=vs.102)
jj652510	mslearn-uncategorized	docs/mslearn/uncategorized/jj652510.html	WsMtomBodyParts.AddStart Method (Ws.Services.Mtom)	out_of_scope_managed_surface	0			none				not_attempted		https://learn.microsoft.com/en-us/previous-versions/windows/embedded/jj652510(v=vs.102)
jj652513	mslearn-uncategorized	docs/mslearn/uncategorized/jj652513.html	Binding.Encoding Field (Ws.Services.Binding)	out_of_scope_managed_surface	0			none				not_attempted		https://learn.microsoft.com/en-us/previous-versions/windows/embedded/jj652513(v=vs.102)
jj652515	mslearn-uncategorized	docs/mslearn/uncategorized/jj652515.html	DpwsClient.IWsServiceEndpoint.ProcessRequest Method (Dpws.Client)	out_of_scope_managed_surface	0			none				not_attempted		https://learn.microsoft.com/en-us/previous-versions/windows/embedded/jj652515(v=vs.102)
jj652532	mslearn-uncategorized	docs/mslearn/uncategorized/jj652532.html	WsWsaEndpointRef Constructor (Uri) (Ws.Services.WsaAddressing)	out_of_scope_managed_surface	0			none				not_attempted		https://learn.microsoft.com/en-us/previous-versions/windows/embedded/jj652532(v=vs.102)
jj652534	mslearn-uncategorized	docs/mslearn/uncategorized/jj652534.html	WsWsaEndpointRefs.Item Property (Uri) (Ws.Services.WsaAddressing)	out_of_scope_managed_surface	0			none				not_attempted		https://learn.microsoft.com/en-us/previous-versions/windows/embedded/jj652534(v=vs.102)
jj652538	mslearn-uncategorized	docs/mslearn/uncategorized/jj652538.html	WsWellKnownUri Class (Ws.Services)	out_of_scope_managed_surface	0			none				not_attempted		https://learn.microsoft.com/en-us/previous-versions/windows/embedded/jj652538(v=vs.102)
jj652541	mslearn-uncategorized	docs/mslearn/uncategorized/jj652541.html	WsXmlAttributeCollection.Count Property (Ws.Services.Xml)	out_of_scope_managed_surface	0			none				not_attempted		https://learn.microsoft.com/en-us/previous-versions/windows/embedded/jj652541(v=vs.102)
jj652542	mslearn-uncategorized	docs/mslearn/uncategorized/jj652542.html	WsXmlConvert.ToString Method (SByte) (Ws.Services.Serialization)	out_of_scope_managed_surface	0			none				not_attempted		https://learn.microsoft.com/en-us/previous-versions/windows/embedded/jj652542(v=vs.102)
jj652563	mslearn-uncategorized	docs/mslearn/uncategorized/jj652563.html	BindingElement Constructor (Ws.Services.Binding)	out_of_scope_managed_surface	0			none				not_attempted		https://learn.microsoft.com/en-us/previous-versions/windows/embedded/jj652563(v=vs.102)
jj652564	mslearn-uncategorized	docs/mslearn/uncategorized/jj652564.html	WsXmlNodeList Constructor (Ws.Services.Xml)	out_of_scope_managed_surface	0			none				not_attempted		https://learn.microsoft.com/en-us/previous-versions/windows/embedded/jj652564(v=vs.102)
jj652567	mslearn-uncategorized	docs/mslearn/uncategorized/jj652567.html	OperationContractAttribute Class (Ws.ServiceModel)	out_of_scope_managed_surface	0			none				not_attempted		https://learn.microsoft.com/en-us/previous-versions/windows/embedded/jj652567(v=vs.102)
jj652578	mslearn-uncategorized	docs/mslearn/uncategorized/jj652578.html	CommunicationObject.DefaultReceiveTimeout Field (Ws.Services.Binding)	out_of_scope_managed_surface	0			none				not_attempted		https://learn.microsoft.com/en-us/previous-versions/windows/embedded/jj652578(v=vs.102)
jj652590	mslearn-uncategorized	docs/mslearn/uncategorized/jj652590.html	ManagedDiscovery Class (Dpws.Device.Discovery)	out_of_scope_managed_surface	0			none				not_attempted		https://learn.microsoft.com/en-us/previous-versions/windows/embedded/jj652590(v=vs.102)
jj652602	mslearn-uncategorized	docs/mslearn/uncategorized/jj652602.html	WsMessageCheck Class (Ws.Services.Transport)	out_of_scope_managed_surface	0			none				not_attempted		https://learn.microsoft.com/en-us/previous-versions/windows/embedded/jj652602(v=vs.102)
jj652617	mslearn-uncategorized	docs/mslearn/uncategorized/jj652617.html	ProtocolVersion.DiscoveryWellKnownAddress Property (Ws.Services)	out_of_scope_managed_surface	0			none				not_attempted		https://learn.microsoft.com/en-us/previous-versions/windows/embedded/jj652617(v=vs.102)
jj652623	mslearn-uncategorized	docs/mslearn/uncategorized/jj652623.html	WsXmlNodeList.Count Property (Ws.Services.Xml)	out_of_scope_managed_surface	0			none				not_attempted		https://learn.microsoft.com/en-us/previous-versions/windows/embedded/jj652623(v=vs.102)
jj652631	mslearn-uncategorized	docs/mslearn/uncategorized/jj652631.html	ProtocolVersion11.IncludeSoapHeaders Property (Ws.Services)	out_of_scope_managed_surface	0			none				not_attempted		https://learn.microsoft.com/en-us/previous-versions/windows/embedded/jj652631(v=vs.102)
jj652634	mslearn-uncategorized	docs/mslearn/uncategorized/jj652634.html	TransportBindingElement Constructor (Ws.Services.Binding)	out_of_scope_managed_surface	0			none				not_attempted		https://learn.microsoft.com/en-us/previous-versions/windows/embedded/jj652634(v=vs.102)
jj652640	mslearn-uncategorized	docs/mslearn/uncategorized/jj652640.html	BindingElement.OnOpen Method (Ws.Services.Binding)	out_of_scope_managed_surface	0			none				not_attempted		https://learn.microsoft.com/en-us/previous-versions/windows/embedded/jj652640(v=vs.102)
jj652643	mslearn-uncategorized	docs/mslearn/uncategorized/jj652643.html	DpwsHostedService Constructor (Dpws.Device.Services)	out_of_scope_managed_surface	0			none				not_attempted		https://learn.microsoft.com/en-us/previous-versions/windows/embedded/jj652643(v=vs.102)
jj652644	mslearn-uncategorized	docs/mslearn/uncategorized/jj652644.html	SubscriptionEndEventArgs.SubscriptionManager Field (Dpws.Client.Eventing)	out_of_scope_managed_surface	0			none				not_attempted		https://learn.microsoft.com/en-us/previous-versions/windows/embedded/jj652644(v=vs.102)
jj652647	mslearn-uncategorized	docs/mslearn/uncategorized/jj652647.html	BindingElement.Close Method (Ws.Services.Binding)	out_of_scope_managed_surface	0			none				not_attempted		https://learn.microsoft.com/en-us/previous-versions/windows/embedded/jj652647(v=vs.102)
jj652658	mslearn-uncategorized	docs/mslearn/uncategorized/jj652658.html	DataContractAttribute Class (Ws.ServiceModel)	out_of_scope_managed_surface	0			none				not_attempted		https://learn.microsoft.com/en-us/previous-versions/windows/embedded/jj652658(v=vs.102)
jj652665	mslearn-uncategorized	docs/mslearn/uncategorized/jj652665.html	DpwsEventSubscription.SubscriptionID Field (Dpws.Client.Eventing)	out_of_scope_managed_surface	0			none				not_attempted		https://learn.microsoft.com/en-us/previous-versions/windows/embedded/jj652665(v=vs.102)
jj652672	mslearn-uncategorized	docs/mslearn/uncategorized/jj652672.html	BindingElement.SetNext Method (Ws.Services.Binding)	out_of_scope_managed_surface	0			none				not_attempted		https://learn.microsoft.com/en-us/previous-versions/windows/embedded/jj652672(v=vs.102)
jj652673	mslearn-uncategorized	docs/mslearn/uncategorized/jj652673.html	WsDuration.DurationInSeconds Field (Ws.Services.Utilities)	out_of_scope_managed_surface	0			none				not_attempted		https://learn.microsoft.com/en-us/previous-versions/windows/embedded/jj652673(v=vs.102)
jj652675	mslearn-uncategorized	docs/mslearn/uncategorized/jj652675.html	WsServiceEndpoints.DiscoMexService Property (Ws.Services)	out_of_scope_managed_surface	0			none				not_attempted		https://learn.microsoft.com/en-us/previous-versions/windows/embedded/jj652675(v=vs.102)
jj652676	mslearn-uncategorized	docs/mslearn/uncategorized/jj652676.html	DpwsEventingClient.Unsubscribe Method (Dpws.Client.Eventing)	out_of_scope_managed_surface	0			none				not_attempted		https://learn.microsoft.com/en-us/previous-versions/windows/embedded/jj652676(v=vs.102)
jj652681	mslearn-uncategorized	docs/mslearn/uncategorized/jj652681.html	DataMemberAttribute.IsNillable Property (Ws.ServiceModel)	out_of_scope_managed_surface	0			none				not_attempted		https://learn.microsoft.com/en-us/previous-versions/windows/embedded/jj652681(v=vs.102)
jj652682	mslearn-uncategorized	docs/mslearn/uncategorized/jj652682.html	DpwsMetadata.ThisModel Field (Dpws.Client.Discovery)	out_of_scope_managed_surface	0			none				not_attempted		https://learn.microsoft.com/en-us/previous-versions/windows/embedded/jj652682(v=vs.102)
jj652685	mslearn-uncategorized	docs/mslearn/uncategorized/jj652685.html	WsXmlConvert.ToUInt32 Method (Ws.Services.Serialization)	out_of_scope_managed_surface	0			none				not_attempted		https://learn.microsoft.com/en-us/previous-versions/windows/embedded/jj652685(v=vs.102)
jj652691	mslearn-uncategorized	docs/mslearn/uncategorized/jj652691.html	DpwsMetadata Constructor (Dpws.Client.Discovery)	out_of_scope_managed_surface	0			none				not_attempted		https://learn.microsoft.com/en-us/previous-versions/windows/embedded/jj652691(v=vs.102)
jj652694	mslearn-uncategorized	docs/mslearn/uncategorized/jj652694.html	WsXmlConvert.ToString Method (TimeSpan) (Ws.Services.Serialization)	out_of_scope_managed_surface	0			none				not_attempted		https://learn.microsoft.com/en-us/previous-versions/windows/embedded/jj652694(v=vs.102)
jj652703	mslearn-uncategorized	docs/mslearn/uncategorized/jj652703.html	IReplyChannel.Close Method (Ws.Services.Binding)	out_of_scope_managed_surface	0			none				not_attempted		https://learn.microsoft.com/en-us/previous-versions/windows/embedded/jj652703(v=vs.102)
jj652711	mslearn-uncategorized	docs/mslearn/uncategorized/jj652711.html	ProtocolVersion11.AddressingNamespace Property (Ws.Services)	out_of_scope_managed_surface	0			none				not_attempted		https://learn.microsoft.com/en-us/previous-versions/windows/embedded/jj652711(v=vs.102)
jj652724	mslearn-uncategorized	docs/mslearn/uncategorized/jj652724.html	WsMessage.Header Field (Ws.Services.Soap)	out_of_scope_managed_surface	0			none				not_attempted		https://learn.microsoft.com/en-us/previous-versions/windows/embedded/jj652724(v=vs.102)
jj652730	mslearn-uncategorized	docs/mslearn/uncategorized/jj652730.html	ProtocolVersion.AddressingNamespace Property (Ws.Services)	out_of_scope_managed_surface	0			none				not_attempted		https://learn.microsoft.com/en-us/previous-versions/windows/embedded/jj652730(v=vs.102)
jj652733	mslearn-uncategorized	docs/mslearn/uncategorized/jj652733.html	Device.MaxServiceThreads Property (Dpws.Device)	out_of_scope_managed_surface	0			none				not_attempted		https://learn.microsoft.com/en-us/previous-versions/windows/embedded/jj652733(v=vs.102)
jj652739	mslearn-uncategorized	docs/mslearn/uncategorized/jj652739.html	DataContractSerializer.WriteAnyAttribute Method (Ws.Services.Serialization)	out_of_scope_managed_surface	0			none				not_attempted		https://learn.microsoft.com/en-us/previous-versions/windows/embedded/jj652739(v=vs.102)
jj652743	mslearn-uncategorized	docs/mslearn/uncategorized/jj652743.html	UdpTransportBindingElement.OnClose Method (Ws.Services.Binding)	out_of_scope_managed_surface	0			none				not_attempted		https://learn.microsoft.com/en-us/previous-versions/windows/embedded/jj652743(v=vs.102)
jj652744	mslearn-uncategorized	docs/mslearn/uncategorized/jj652744.html	TransportBindingElement.ServiceUrn Property (Ws.Services.Binding)	out_of_scope_managed_surface	0			none				not_attempted		https://learn.microsoft.com/en-us/previous-versions/windows/embedded/jj652744(v=vs.102)
jj652745	mslearn-uncategorized	docs/mslearn/uncategorized/jj652745.html	WsFaultException Constructor (WsWsaHeader, WsFaultType, String, String) (Ws.Services.Faults)	out_of_scope_managed_surface	0			none				not_attempted		https://learn.microsoft.com/en-us/previous-versions/windows/embedded/jj652745(v=vs.102)
jj652751	mslearn-uncategorized	docs/mslearn/uncategorized/jj652751.html	DpwsHostedService.m_version Field (Dpws.Device.Services)	out_of_scope_managed_surface	0			none				not_attempted		https://learn.microsoft.com/en-us/previous-versions/windows/embedded/jj652751(v=vs.102)
jj652753	mslearn-uncategorized	docs/mslearn/uncategorized/jj652753.html	DpwsMexServices.Count Property (Dpws.Client.Discovery)	out_of_scope_managed_surface	0			none				not_attempted		https://learn.microsoft.com/en-us/previous-versions/windows/embedded/jj652753(v=vs.102)
jj652759	mslearn-uncategorized	docs/mslearn/uncategorized/jj652759.html	HttpTransportBindingConfig.PersistentConnection Field (Ws.Services.Binding)	out_of_scope_managed_surface	0			none				not_attempted		https://learn.microsoft.com/en-us/previous-versions/windows/embedded/jj652759(v=vs.102)
jj652763	mslearn-uncategorized	docs/mslearn/uncategorized/jj652763.html	Binding.CreateServerChannel Method (Ws.Services.Binding)	out_of_scope_managed_surface	0			none				not_attempted		https://learn.microsoft.com/en-us/previous-versions/windows/embedded/jj652763(v=vs.102)
jj652767	mslearn-uncategorized	docs/mslearn/uncategorized/jj652767.html	DpwsWseEventSources.Item Property (String) (Dpws.Device.Services)	concept_or_overview	0			none				first_line_not_a_declaration		https://learn.microsoft.com/en-us/previous-versions/windows/embedded/jj652767(v=vs.102)
jj652768	mslearn-uncategorized	docs/mslearn/uncategorized/jj652768.html	WsFaultException.Detail Property (Ws.Services.Faults)	out_of_scope_managed_surface	0			none				not_attempted		https://learn.microsoft.com/en-us/previous-versions/windows/embedded/jj652768(v=vs.102)
jj652792	mslearn-uncategorized	docs/mslearn/uncategorized/jj652792.html	BindingContext.ContextObject Field (Ws.Services.Binding)	out_of_scope_managed_surface	0			none				not_attempted		https://learn.microsoft.com/en-us/previous-versions/windows/embedded/jj652792(v=vs.102)
jj652794	mslearn-uncategorized	docs/mslearn/uncategorized/jj652794.html	DpwsServiceDescriptions.Item Property (String) (Dpws.Client.Discovery)	concept_or_overview	0			none				first_line_not_a_declaration		https://learn.microsoft.com/en-us/previous-versions/windows/embedded/jj652794(v=vs.102)
jj652797	mslearn-uncategorized	docs/mslearn/uncategorized/jj652797.html	ProtocolVersion10.WsdpNamespaceUri Property (Ws.Services)	out_of_scope_managed_surface	0			none				not_attempted		https://learn.microsoft.com/en-us/previous-versions/windows/embedded/jj652797(v=vs.102)
jj652798	mslearn-uncategorized	docs/mslearn/uncategorized/jj652798.html	WsXmlConvert.ToString Method (Boolean) (Ws.Services.Serialization)	out_of_scope_managed_surface	0			none				not_attempted		https://learn.microsoft.com/en-us/previous-versions/windows/embedded/jj652798(v=vs.102)
jj652805	mslearn-uncategorized	docs/mslearn/uncategorized/jj652805.html	ProtocolVersion11.DiscoveryWellKnownAddress Property (Ws.Services)	out_of_scope_managed_surface	0			none				not_attempted		https://learn.microsoft.com/en-us/previous-versions/windows/embedded/jj652805(v=vs.102)
jj652807	mslearn-uncategorized	docs/mslearn/uncategorized/jj652807.html	WsAppSequence Class (Ws.Services.Soap)	out_of_scope_managed_surface	0			none				not_attempted		https://learn.microsoft.com/en-us/previous-versions/windows/embedded/jj652807(v=vs.102)
jj652814	mslearn-uncategorized	docs/mslearn/uncategorized/jj652814.html	WsWsaEndpointRef Constructor (XmlReader, String) (Ws.Services.WsaAddressing)	out_of_scope_managed_surface	0			none				not_attempted		https://learn.microsoft.com/en-us/previous-versions/windows/embedded/jj652814(v=vs.102)
jj652818	mslearn-uncategorized	docs/mslearn/uncategorized/jj652818.html	WsServiceOperations.Item Property (String) (Ws.Services)	out_of_scope_managed_surface	0			none				not_attempted		https://learn.microsoft.com/en-us/previous-versions/windows/embedded/jj652818(v=vs.102)
jj652823	mslearn-uncategorized	docs/mslearn/uncategorized/jj652823.html	UdpTransportBindingElement.OnProcessOutputMessage Method (Ws.Services.Binding)	out_of_scope_managed_surface	0			none				not_attempted		https://learn.microsoft.com/en-us/previous-versions/windows/embedded/jj652823(v=vs.102)
jj652831	mslearn-uncategorized	docs/mslearn/uncategorized/jj652831.html	ICommunicationObject.CloseTimeout Property (Ws.Services.Binding)	out_of_scope_managed_surface	0			none				not_attempted		https://learn.microsoft.com/en-us/previous-versions/windows/embedded/jj652831(v=vs.102)
jj652838	mslearn-uncategorized	docs/mslearn/uncategorized/jj652838.html	UdpTransportBindingElement Class (Ws.Services.Binding)	out_of_scope_managed_surface	0			none				not_attempted		https://learn.microsoft.com/en-us/previous-versions/windows/embedded/jj652838(v=vs.102)
jj652842	mslearn-uncategorized	docs/mslearn/uncategorized/jj652842.html	TransportBindingElement.TransportAddress Property (Ws.Services.Binding)	out_of_scope_managed_surface	0			none				not_attempted		https://learn.microsoft.com/en-us/previous-versions/windows/embedded/jj652842(v=vs.102)
jj652846	mslearn-uncategorized	docs/mslearn/uncategorized/jj652846.html	DataContractSerializer.WriteObject Method (Ws.Services.Serialization)	out_of_scope_managed_surface	0			none				not_attempted		https://learn.microsoft.com/en-us/previous-versions/windows/embedded/jj652846(v=vs.102)
jj652849	mslearn-uncategorized	docs/mslearn/uncategorized/jj652849.html	DataContractSerializer._rootName Field (Ws.Services.Serialization)	out_of_scope_managed_surface	0			none				not_attempted		https://learn.microsoft.com/en-us/previous-versions/windows/embedded/jj652849(v=vs.102)
jj652854	mslearn-uncategorized	docs/mslearn/uncategorized/jj652854.html	CommunicationObject Class (Ws.Services.Binding)	out_of_scope_managed_surface	0			none				not_attempted		https://learn.microsoft.com/en-us/previous-versions/windows/embedded/jj652854(v=vs.102)
jj652860	mslearn-uncategorized	docs/mslearn/uncategorized/jj652860.html	WsXmlConvert Class (Ws.Services.Serialization)	out_of_scope_managed_surface	0			none				not_attempted		https://learn.microsoft.com/en-us/previous-versions/windows/embedded/jj652860(v=vs.102)
jj652861	mslearn-uncategorized	docs/mslearn/uncategorized/jj652861.html	EnumMemberAttribute Constructor (Ws.ServiceModel)	out_of_scope_managed_surface	0			none				not_attempted		https://learn.microsoft.com/en-us/previous-versions/windows/embedded/jj652861(v=vs.102)
jj652866	mslearn-uncategorized	docs/mslearn/uncategorized/jj652866.html	BindingElement.OnSetBindingConfiguration Method (Ws.Services.Binding)	out_of_scope_managed_surface	0			none				not_attempted		https://learn.microsoft.com/en-us/previous-versions/windows/embedded/jj652866(v=vs.102)
jj652867	mslearn-uncategorized	docs/mslearn/uncategorized/jj652867.html	DataContractSerializer._prefix Field (Ws.Services.Serialization)	out_of_scope_managed_surface	0			none				not_attempted		https://learn.microsoft.com/en-us/previous-versions/windows/embedded/jj652867(v=vs.102)
jj652868	mslearn-uncategorized	docs/mslearn/uncategorized/jj652868.html	ManagedDiscovery Constructor (Dpws.Device.Discovery)	out_of_scope_managed_surface	0			none				not_attempted		https://learn.microsoft.com/en-us/previous-versions/windows/embedded/jj652868(v=vs.102)
jj652889	mslearn-uncategorized	docs/mslearn/uncategorized/jj652889.html	WsDiscovery.WsDiscoveryPort Field (Ws.Services.Discovery)	out_of_scope_managed_surface	0			none				not_attempted		https://learn.microsoft.com/en-us/previous-versions/windows/embedded/jj652889(v=vs.102)
jj652893	mslearn-uncategorized	docs/mslearn/uncategorized/jj652893.html	ProtocolVersion10.DiscoveryNamespace Property (Ws.Services)	out_of_scope_managed_surface	0			none				not_attempted		https://learn.microsoft.com/en-us/previous-versions/windows/embedded/jj652893(v=vs.102)
jj652899	mslearn-uncategorized	docs/mslearn/uncategorized/jj652899.html	WsNamespacePrefix.Wsdp Field (Ws.Services)	out_of_scope_managed_surface	0			none				not_attempted		https://learn.microsoft.com/en-us/previous-versions/windows/embedded/jj652899(v=vs.102)
jj652901	mslearn-uncategorized	docs/mslearn/uncategorized/jj652901.html	WsDuration.ToString Method (TimeSpan) (Ws.Services.Utilities)	out_of_scope_managed_surface	0			none				not_attempted		https://learn.microsoft.com/en-us/previous-versions/windows/embedded/jj652901(v=vs.102)
jj652905	mslearn-uncategorized	docs/mslearn/uncategorized/jj652905.html	ServiceContractAttribute.Name Property (Ws.ServiceModel)	out_of_scope_managed_surface	0			none				not_attempted		https://learn.microsoft.com/en-us/previous-versions/windows/embedded/jj652905(v=vs.102)
jj652928	mslearn-uncategorized	docs/mslearn/uncategorized/jj652928.html	HttpTransportBindingConfig Constructor (String, Int32) (Ws.Services.Binding)	out_of_scope_managed_surface	0			none				not_attempted		https://learn.microsoft.com/en-us/previous-versions/windows/embedded/jj652928(v=vs.102)
jj652944	mslearn-uncategorized	docs/mslearn/uncategorized/jj652944.html	BindingContext.Clone Method (Ws.Services.Binding)	out_of_scope_managed_surface	0			none				not_attempted		https://learn.microsoft.com/en-us/previous-versions/windows/embedded/jj652944(v=vs.102)
jj652953	mslearn-uncategorized	docs/mslearn/uncategorized/jj652953.html	ServiceContractAttribute.CallbackContract Property (Ws.ServiceModel)	out_of_scope_managed_surface	0			none				not_attempted		https://learn.microsoft.com/en-us/previous-versions/windows/embedded/jj652953(v=vs.102)
jj652954	mslearn-uncategorized	docs/mslearn/uncategorized/jj652954.html	WsWsaHeader.Action Property (Ws.Services.WsaAddressing)	out_of_scope_managed_surface	0			none				not_attempted		https://learn.microsoft.com/en-us/previous-versions/windows/embedded/jj652954(v=vs.102)
ms866183	mslearn-uncategorized	docs/mslearn/uncategorized/ms866183.html	AppConfig.RefreshCache Method (PIA)	out_of_scope_managed_surface	0			none				not_attempted		https://learn.microsoft.com/en-us/previous-versions/windows/embedded/ms866183(v=msdn.10)
ms906501	mslearn-uncategorized	docs/mslearn/uncategorized/ms906501.html	DEBUG_ACCESS_CAPABILITIES_STRUCT	symbol_page	1	struct	DEBUG_ACCESS_CAPABILITIES_STRUCT	first_code_block+glued_identifier	Exdi.h, Exdi.idl.		Windows CE 3.0 and later.	matched_glued		https://learn.microsoft.com/en-us/previous-versions/windows/embedded/ms906501(v=msdn.10)
ms906505	mslearn-uncategorized	docs/mslearn/uncategorized/ms906505.html	DefaultInstall	symbol_page	1	unknown	DefaultInstall	none				first_line_not_a_declaration		https://learn.microsoft.com/en-us/previous-versions/windows/embedded/ms906505(v=msdn.10)
ms906520	mslearn-uncategorized	docs/mslearn/uncategorized/ms906520.html	Disassm	symbol_page	1	function	Disassm	first_code_block	Wdbgexts.h.	Developer defined.	Windows CE 3.0 and later.	matched		https://learn.microsoft.com/en-us/previous-versions/windows/embedded/ms906520(v=msdn.10)
ms906531	mslearn-uncategorized	docs/mslearn/uncategorized/ms906531.html	DLLBASE	identifier_title_no_requirements	0		DLLBASE	none				no_candidate		https://learn.microsoft.com/en-us/previous-versions/windows/embedded/ms906531(v=msdn.10)
ms906536	mslearn-uncategorized	docs/mslearn/uncategorized/ms906536.html	dprintf	symbol_page	1	function	dprintf	first_code_block	Wdbgexts.h.	Developer defined.	Windows CE 3.0 and later.	matched		https://learn.microsoft.com/en-us/previous-versions/windows/embedded/ms906536(v=msdn.10)
ms906539	mslearn-uncategorized	docs/mslearn/uncategorized/ms906539.html	EXEBASE	identifier_title_no_requirements	0		EXEBASE	none				no_candidate		https://learn.microsoft.com/en-us/previous-versions/windows/embedded/ms906539(v=msdn.10)
ms906549	mslearn-uncategorized	docs/mslearn/uncategorized/ms906549.html	GetContext	symbol_page	1	function	GetContext	first_code_block	Wdbgexts.h.	Developer defined.	Windows CE 3.0 and later.	matched		https://learn.microsoft.com/en-us/previous-versions/windows/embedded/ms906549(v=msdn.10)
ms906766	mslearn-uncategorized	docs/mslearn/uncategorized/ms906766.html	IDownload:IUnknown	concept_or_overview	0			none	Download.h, Download.idl.		Windows CE .NET 4.0 and later.	no_candidate		https://learn.microsoft.com/en-us/previous-versions/windows/embedded/ms906766(v=msdn.10)
ms908624	mslearn-uncategorized	docs/mslearn/uncategorized/ms908624.html	IeXdiARMContext::GetContext	symbol_page	1	interface_method	GetContext	first_code_block	exdi.idl.		Windows CE 3.0 and later.	matched		https://learn.microsoft.com/en-us/previous-versions/windows/embedded/ms908624(v=msdn.10)
ms908625	mslearn-uncategorized	docs/mslearn/uncategorized/ms908625.html	IeXdiARMContext:IUnknown	concept_or_overview	0			none	exdi.idl.		Windows CE 3.0 and later.	no_candidate		https://learn.microsoft.com/en-us/previous-versions/windows/embedded/ms908625(v=msdn.10)
ms908626	mslearn-uncategorized	docs/mslearn/uncategorized/ms908626.html	IeXdiARMContext::SetContext	symbol_page	1	interface_method	SetContext	first_code_block	exdi.idl.		Windows CE 3.0 and later.	matched		https://learn.microsoft.com/en-us/previous-versions/windows/embedded/ms908626(v=msdn.10)
ms908628	mslearn-uncategorized	docs/mslearn/uncategorized/ms908628.html	IeXdiClientNotifyMemChg:IUnknown	concept_or_overview	0			none	exdi.idl.		Windows CE 3.0 and later.	no_candidate		https://learn.microsoft.com/en-us/previous-versions/windows/embedded/ms908628(v=msdn.10)
ms908629	mslearn-uncategorized	docs/mslearn/uncategorized/ms908629.html	IeXdiClientNotifyMemChg::NotifyMemoryChange	symbol_page	1	interface_method	NotifyMemoryChange	first_code_block	exdi.idl.		Windows CE 3.0 and later.	matched		https://learn.microsoft.com/en-us/previous-versions/windows/embedded/ms908629(v=msdn.10)
ms908630	mslearn-uncategorized	docs/mslearn/uncategorized/ms908630.html	IeXdiClientNotifyRunChg:IUnknown	concept_or_overview	0			none	exdi.idl.		Windows CE 3.0 and later.	no_candidate		https://learn.microsoft.com/en-us/previous-versions/windows/embedded/ms908630(v=msdn.10)
ms908631	mslearn-uncategorized	docs/mslearn/uncategorized/ms908631.html	IeXdiClientNotifyRunChg::NotifyRunStateChange	symbol_page	1	interface_method	NotifyRunStateChange	none	exdi.idl.		Windows CE 3.0 and later.	candidate_mismatch:NotifyRunChange		https://learn.microsoft.com/en-us/previous-versions/windows/embedded/ms908631(v=msdn.10)
ms908632	mslearn-uncategorized	docs/mslearn/uncategorized/ms908632.html	IeXdiCodeBreakpoint::GetAttributes	symbol_page	1	interface_method	GetAttributes	first_code_block	exdi.idl.		Windows CE 3.0 and later.	matched		https://learn.microsoft.com/en-us/previous-versions/windows/embedded/ms908632(v=msdn.10)
ms908633	mslearn-uncategorized	docs/mslearn/uncategorized/ms908633.html	IeXdiCodeBreakpoint:IUnknown	concept_or_overview	0			none	exdi.idl.		Windows CE 3.0 and later.	no_candidate		https://learn.microsoft.com/en-us/previous-versions/windows/embedded/ms908633(v=msdn.10)
ms908634	mslearn-uncategorized	docs/mslearn/uncategorized/ms908634.html	IeXdiCodeBreakpoint::SetState	symbol_page	1	interface_method	SetState	first_code_block	exdi.idl.		Windows CE 3.0 and later.	matched		https://learn.microsoft.com/en-us/previous-versions/windows/embedded/ms908634(v=msdn.10)
ms908635	mslearn-uncategorized	docs/mslearn/uncategorized/ms908635.html	IeXdiDataBreakpoint::GetAttributes	symbol_page	1	interface_method	GetAttributes	first_code_block	exdi.idl.		Windows CE 3.0 and later.	matched		https://learn.microsoft.com/en-us/previous-versions/windows/embedded/ms908635(v=msdn.10)
ms908636	mslearn-uncategorized	docs/mslearn/uncategorized/ms908636.html	IeXdiDataBreakpoint:IUnknown	concept_or_overview	0			none	exdi.idl.		Windows CE 3.0 and later.	no_candidate		https://learn.microsoft.com/en-us/previous-versions/windows/embedded/ms908636(v=msdn.10)
ms908637	mslearn-uncategorized	docs/mslearn/uncategorized/ms908637.html	IeXdiDataBreakpoint::SetState	symbol_page	1	interface_method	SetState	first_code_block	exdi.idl.		Windows CE 3.0 and later.	matched		https://learn.microsoft.com/en-us/previous-versions/windows/embedded/ms908637(v=msdn.10)
ms908638	mslearn-uncategorized	docs/mslearn/uncategorized/ms908638.html	IeXdiEnumCodeBreakpoint::DisableAll	symbol_page	1	interface_method	DisableAll	first_code_block	exdi.idl.		Windows CE 3.0 and later.	matched		https://learn.microsoft.com/en-us/previous-versions/windows/embedded/ms908638(v=msdn.10)
ms908639	mslearn-uncategorized	docs/mslearn/uncategorized/ms908639.html	IeXdiEnumCodeBreakpoint::EnableAll	symbol_page	1	interface_method	EnableAll	first_code_block	exdi.idl.		Windows CE 3.0 and later.	matched		https://learn.microsoft.com/en-us/previous-versions/windows/embedded/ms908639(v=msdn.10)
ms908640	mslearn-uncategorized	docs/mslearn/uncategorized/ms908640.html	IeXdiEnumCodeBreakpoint::GetCount	symbol_page	1	interface_method	GetCount	first_code_block	exdi.idl.		Windows CE 3.0 and later.	matched		https://learn.microsoft.com/en-us/previous-versions/windows/embedded/ms908640(v=msdn.10)
ms908641	mslearn-uncategorized	docs/mslearn/uncategorized/ms908641.html	IeXdiEnumCodeBreakpoint::GetNext	symbol_page	1	interface_method	GetNext	first_code_block	exdi.idl.		Windows CE 3.0 and later.	matched		https://learn.microsoft.com/en-us/previous-versions/windows/embedded/ms908641(v=msdn.10)
ms908642	mslearn-uncategorized	docs/mslearn/uncategorized/ms908642.html	IeXdiEnumCodeBreakpoint:IUnknown	concept_or_overview	0			none	exdi.idl.		Windows CE 3.0 and later.	no_candidate		https://learn.microsoft.com/en-us/previous-versions/windows/embedded/ms908642(v=msdn.10)
ms908643	mslearn-uncategorized	docs/mslearn/uncategorized/ms908643.html	IeXdiEnumCodeBreakpoint::Next	symbol_page	1	interface_method	Next	first_code_block	exdi.idl.		Windows CE 3.0 and later.	matched		https://learn.microsoft.com/en-us/previous-versions/windows/embedded/ms908643(v=msdn.10)
ms908644	mslearn-uncategorized	docs/mslearn/uncategorized/ms908644.html	IeXdiEnumCodeBreakpoint::Reset	symbol_page	1	interface_method	Reset	none	exdi.idl.		Windows CE 3.0 and later.	candidate_mismatch:NotifyRunChange		https://learn.microsoft.com/en-us/previous-versions/windows/embedded/ms908644(v=msdn.10)
ms908645	mslearn-uncategorized	docs/mslearn/uncategorized/ms908645.html	IeXdiEnumCodeBreakpoint::Skip	symbol_page	1	interface_method	Skip	first_code_block	exdi.idl.		Windows CE 3.0 and later.	matched		https://learn.microsoft.com/en-us/previous-versions/windows/embedded/ms908645(v=msdn.10)
ms908646	mslearn-uncategorized	docs/mslearn/uncategorized/ms908646.html	IeXdiEnumDataBreakpoint::DisableAll	symbol_page	1	interface_method	DisableAll	first_code_block	exdi.idl.		Windows CE 3.0 and later.	matched		https://learn.microsoft.com/en-us/previous-versions/windows/embedded/ms908646(v=msdn.10)
ms908647	mslearn-uncategorized	docs/mslearn/uncategorized/ms908647.html	IeXdiEnumDataBreakpoint::EnableAll	symbol_page	1	interface_method	EnableAll	first_code_block	exdi.idl.		Windows CE 3.0 and later.	matched		https://learn.microsoft.com/en-us/previous-versions/windows/embedded/ms908647(v=msdn.10)
ms908648	mslearn-uncategorized	docs/mslearn/uncategorized/ms908648.html	IeXdiEnumDataBreakpoint::GetCount	symbol_page	1	interface_method	GetCount	first_code_block	exdi.idl.		Windows CE 3.0 and later.	matched		https://learn.microsoft.com/en-us/previous-versions/windows/embedded/ms908648(v=msdn.10)
ms908649	mslearn-uncategorized	docs/mslearn/uncategorized/ms908649.html	IeXdiEnumDataBreakpoint::GetNext	symbol_page	1	interface_method	GetNext	first_code_block	exdi.idl.		Windows CE 3.0 and later.	matched		https://learn.microsoft.com/en-us/previous-versions/windows/embedded/ms908649(v=msdn.10)
ms908650	mslearn-uncategorized	docs/mslearn/uncategorized/ms908650.html	IeXdiEnumDataBreakpoint:IUnknown	concept_or_overview	0			none	exdi.idl.		Windows CE 3.0 and later.	no_candidate		https://learn.microsoft.com/en-us/previous-versions/windows/embedded/ms908650(v=msdn.10)
ms908651	mslearn-uncategorized	docs/mslearn/uncategorized/ms908651.html	IeXdiEnumDataBreakpoint::Next	symbol_page	1	interface_method	Next	first_code_block	exdi.idl.		Windows CE 3.0 and later.	matched		https://learn.microsoft.com/en-us/previous-versions/windows/embedded/ms908651(v=msdn.10)
ms908652	mslearn-uncategorized	docs/mslearn/uncategorized/ms908652.html	IeXdiEnumDataBreakpoint::Reset	symbol_page	1	interface_method	Reset	none	exdi.idl.		Windows CE 3.0 and later.	candidate_mismatch:NotifyRunChange		https://learn.microsoft.com/en-us/previous-versions/windows/embedded/ms908652(v=msdn.10)
ms908653	mslearn-uncategorized	docs/mslearn/uncategorized/ms908653.html	IeXdiEnumDataBreakpoint::Skip	symbol_page	1	interface_method	Skip	first_code_block	exdi.idl.		Windows CE 3.0 and later.	matched		https://learn.microsoft.com/en-us/previous-versions/windows/embedded/ms908653(v=msdn.10)
ms908654	mslearn-uncategorized	docs/mslearn/uncategorized/ms908654.html	IeXdiMIPSContext::GetContext	symbol_page	1	interface_method	GetContext	first_code_block	exdi.idl.		Windows CE 3.0 and later.	matched		https://learn.microsoft.com/en-us/previous-versions/windows/embedded/ms908654(v=msdn.10)
ms908655	mslearn-uncategorized	docs/mslearn/uncategorized/ms908655.html	IeXdiMIPSContext:IUnknown	concept_or_overview	0			none	exdi.idl.		Windows CE 3.0 and later.	no_candidate		https://learn.microsoft.com/en-us/previous-versions/windows/embedded/ms908655(v=msdn.10)
ms908656	mslearn-uncategorized	docs/mslearn/uncategorized/ms908656.html	IeXdiMIPSContext::SetContext	symbol_page	1	interface_method	SetContext	first_code_block	exdi.idl.		Windows CE 3.0 and later.	matched		https://learn.microsoft.com/en-us/previous-versions/windows/embedded/ms908656(v=msdn.10)
ms908657	mslearn-uncategorized	docs/mslearn/uncategorized/ms908657.html	IeXdiPPCContext::GetContext	symbol_page	1	interface_method	GetContext	first_code_block	exdi.idl.		Windows CE 3.0 and later.	matched		https://learn.microsoft.com/en-us/previous-versions/windows/embedded/ms908657(v=msdn.10)
ms908658	mslearn-uncategorized	docs/mslearn/uncategorized/ms908658.html	IeXdiPPCContext:IUnknown	concept_or_overview	0			none	exdi.idl.		Windows CE 3.0 and later.	no_candidate		https://learn.microsoft.com/en-us/previous-versions/windows/embedded/ms908658(v=msdn.10)
ms908659	mslearn-uncategorized	docs/mslearn/uncategorized/ms908659.html	IeXdiPPCContext::SetContext	symbol_page	1	interface_method	SetContext	first_code_block	exdi.idl.		Windows CE 3.0 and later.	matched		https://learn.microsoft.com/en-us/previous-versions/windows/embedded/ms908659(v=msdn.10)
ms908660	mslearn-uncategorized	docs/mslearn/uncategorized/ms908660.html	IeXdiServer::AddCodeBreakpoint	symbol_page	1	interface_method	AddCodeBreakpoint	first_code_block	exdi.idl.		Windows CE 3.0 and later.	matched		https://learn.microsoft.com/en-us/previous-versions/windows/embedded/ms908660(v=msdn.10)
ms908661	mslearn-uncategorized	docs/mslearn/uncategorized/ms908661.html	IeXdiServer::AddDataBreakpoint	symbol_page	1	interface_method	AddDataBreakpoint	first_code_block	exdi.idl.		Windows CE 3.0 and later.	matched		https://learn.microsoft.com/en-us/previous-versions/windows/embedded/ms908661(v=msdn.10)
ms908662	mslearn-uncategorized	docs/mslearn/uncategorized/ms908662.html	IeXdiServer::DelCodeBreakpoint	symbol_page	1	interface_method	DelCodeBreakpoint	first_code_block	exdi.idl.		Windows CE 3.0 and later.	matched		https://learn.microsoft.com/en-us/previous-versions/windows/embedded/ms908662(v=msdn.10)
ms908663	mslearn-uncategorized	docs/mslearn/uncategorized/ms908663.html	IeXdiServer::DelDataBreakpoint	symbol_page	1	interface_method	DelDataBreakpoint	first_code_block	exdi.idl.		Windows CE 3.0 and later.	matched		https://learn.microsoft.com/en-us/previous-versions/windows/embedded/ms908663(v=msdn.10)
ms908664	mslearn-uncategorized	docs/mslearn/uncategorized/ms908664.html	IeXdiServer::DoMultipleStep	symbol_page	1	interface_method	DoMultipleStep	first_code_block	exdi.idl.		Windows CE 3.0 and later.	matched		https://learn.microsoft.com/en-us/previous-versions/windows/embedded/ms908664(v=msdn.10)
ms908665	mslearn-uncategorized	docs/mslearn/uncategorized/ms908665.html	IeXdiServer::DoRangeStep	symbol_page	1	interface_method	DoRangeStep	first_code_block	exdi.idl.		Windows CE 3.0 and later.	matched		https://learn.microsoft.com/en-us/previous-versions/windows/embedded/ms908665(v=msdn.10)
ms908667	mslearn-uncategorized	docs/mslearn/uncategorized/ms908667.html	IeXdiServer::DoSingleStep	symbol_page	1	interface_method	DoSingleStep	first_code_block	exdi.idl.		Windows CE 3.0 and later.	matched		https://learn.microsoft.com/en-us/previous-versions/windows/embedded/ms908667(v=msdn.10)
ms908668	mslearn-uncategorized	docs/mslearn/uncategorized/ms908668.html	IeXdiServer::EnumAllCodeBreakpoints	symbol_page	1	interface_method	EnumAllCodeBreakpoints	first_code_block	exdi.idl.		Windows CE 3.0 and later.	matched		https://learn.microsoft.com/en-us/previous-versions/windows/embedded/ms908668(v=msdn.10)
ms908669	mslearn-uncategorized	docs/mslearn/uncategorized/ms908669.html	IeXdiServer::EnumAllDataBreakpoints	symbol_page	1	interface_method	EnumAllDataBreakpoints	first_code_block	exdi.idl.		Windows CE 3.0 and later.	matched		https://learn.microsoft.com/en-us/previous-versions/windows/embedded/ms908669(v=msdn.10)
ms908670	mslearn-uncategorized	docs/mslearn/uncategorized/ms908670.html	IeXdiServer::EnumCodeBreakpointsInAddrRange	symbol_page	1	interface_method	EnumCodeBreakpointsInAddrRange	first_code_block	exdi.idl.		Windows CE 3.0 and later.	matched		https://learn.microsoft.com/en-us/previous-versions/windows/embedded/ms908670(v=msdn.10)
ms908671	mslearn-uncategorized	docs/mslearn/uncategorized/ms908671.html	IeXdiServer::EnumDataBreakpointsInAddrRange	symbol_page	1	interface_method	EnumDataBreakpointsInAddrRange	first_code_block	exdi.idl.		Windows CE 3.0 and later.	matched		https://learn.microsoft.com/en-us/previous-versions/windows/embedded/ms908671(v=msdn.10)
ms908672	mslearn-uncategorized	docs/mslearn/uncategorized/ms908672.html	IeXdiServer::GetBpSupport	symbol_page	1	interface_method	GetBpSupport	first_code_block	exdi.idl.		Windows CE 3.0 and later.	matched		https://learn.microsoft.com/en-us/previous-versions/windows/embedded/ms908672(v=msdn.10)
ms908673	mslearn-uncategorized	docs/mslearn/uncategorized/ms908673.html	IeXdiServer::GetErrorDescription	symbol_page	1	interface_method	GetErrorDescription	first_code_block	exdi.idl.		Windows CE 3.0 and later.	matched		https://learn.microsoft.com/en-us/previous-versions/windows/embedded/ms908673(v=msdn.10)
ms908674	mslearn-uncategorized	docs/mslearn/uncategorized/ms908674.html	IeXdiServer::GetExceptionDescriptionList	symbol_page	1	interface_method	GetExceptionDescriptionList	first_code_block	exdi.idl.		Windows CE 3.0 and later.	matched		https://learn.microsoft.com/en-us/previous-versions/windows/embedded/ms908674(v=msdn.10)
ms908675	mslearn-uncategorized	docs/mslearn/uncategorized/ms908675.html	IeXdiServer::GetLastException	symbol_page	1	interface_method	GetLastException	first_code_block	exdi.idl.		Windows CE 3.0 and later.	matched		https://learn.microsoft.com/en-us/previous-versions/windows/embedded/ms908675(v=msdn.10)
ms908676	mslearn-uncategorized	docs/mslearn/uncategorized/ms908676.html	IeXdiServer::GetNbCodeBpAvail	symbol_page	1	interface_method	GetNbCodeBpAvail	first_code_block	exdi.idl.		Windows CE 3.0 and later.	matched		https://learn.microsoft.com/en-us/previous-versions/windows/embedded/ms908676(v=msdn.10)
ms908677	mslearn-uncategorized	docs/mslearn/uncategorized/ms908677.html	IeXdiServer::GetNbDataBpAvail	symbol_page	1	interface_method	GetNbDataBpAvail	first_code_block	exdi.idl.		Windows CE 3.0 and later.	matched		https://learn.microsoft.com/en-us/previous-versions/windows/embedded/ms908677(v=msdn.10)
ms908678	mslearn-uncategorized	docs/mslearn/uncategorized/ms908678.html	IeXdiServer::GetRunStatus	symbol_page	1	interface_method	GetRunStatus	first_code_block	exdi.idl.		Windows CE 3.0 and later.	matched		https://learn.microsoft.com/en-us/previous-versions/windows/embedded/ms908678(v=msdn.10)
ms908679	mslearn-uncategorized	docs/mslearn/uncategorized/ms908679.html	IeXdiServer::GetTargetInfo	symbol_page	1	interface_method	GetTargetInfo	first_code_block	exdi.idl.		Windows CE 3.0 and later.	matched		https://learn.microsoft.com/en-us/previous-versions/windows/embedded/ms908679(v=msdn.10)
ms908680	mslearn-uncategorized	docs/mslearn/uncategorized/ms908680.html	IeXdiServer::Halt	symbol_page	1	interface_method	Halt	first_code_block	exdi.idl.		Windows CE 3.0 and later.	matched		https://learn.microsoft.com/en-us/previous-versions/windows/embedded/ms908680(v=msdn.10)
ms908681	mslearn-uncategorized	docs/mslearn/uncategorized/ms908681.html	IeXdiServer::Ioctl	symbol_page	1	interface_method	Ioctl	first_code_block	exdi.idl.		Windows CE 3.0 and later.	matched		https://learn.microsoft.com/en-us/previous-versions/windows/embedded/ms908681(v=msdn.10)
ms908682	mslearn-uncategorized	docs/mslearn/uncategorized/ms908682.html	IeXdiServer:IUnknown	concept_or_overview	0			none	exdi.idl.		Windows CE 3.0 and later.	no_candidate		https://learn.microsoft.com/en-us/previous-versions/windows/embedded/ms908682(v=msdn.10)
ms908683	mslearn-uncategorized	docs/mslearn/uncategorized/ms908683.html	IeXdiServer::ReadPhysicalMemoryOrPeriphIO	symbol_page	1	interface_method	ReadPhysicalMemoryOrPeriphIO	first_code_block	exdi.idl.		Windows CE 3.0 and later.	matched		https://learn.microsoft.com/en-us/previous-versions/windows/embedded/ms908683(v=msdn.10)
ms908684	mslearn-uncategorized	docs/mslearn/uncategorized/ms908684.html	IeXdiServer::ReadVirtualMemory	symbol_page	1	interface_method	ReadVirtualMemory	first_code_block	exdi.idl.		Windows CE 3.0 and later.	matched		https://learn.microsoft.com/en-us/previous-versions/windows/embedded/ms908684(v=msdn.10)
ms908685	mslearn-uncategorized	docs/mslearn/uncategorized/ms908685.html	IeXdiServer::Reboot	symbol_page	1	interface_method	Reboot	first_code_block	exdi.idl.		Windows CE 3.0 and later.	matched		https://learn.microsoft.com/en-us/previous-versions/windows/embedded/ms908685(v=msdn.10)
ms908686	mslearn-uncategorized	docs/mslearn/uncategorized/ms908686.html	IeXdiServer::Run	symbol_page	1	interface_method	Run	first_code_block	exdi.idl.		Windows CE 3.0 and later.	matched		https://learn.microsoft.com/en-us/previous-versions/windows/embedded/ms908686(v=msdn.10)
ms908687	mslearn-uncategorized	docs/mslearn/uncategorized/ms908687.html	IeXdiServer::StartNotifyingMemChg	symbol_page	1	interface_method	StartNotifyingMemChg	first_code_block	exdi.idl.		Windows CE 3.0 and later.	matched		https://learn.microsoft.com/en-us/previous-versions/windows/embedded/ms908687(v=msdn.10)
ms908688	mslearn-uncategorized	docs/mslearn/uncategorized/ms908688.html	IeXdiServer::StartNotifyingRunChg	symbol_page	1	interface_method	StartNotifyingRunChg	first_code_block	exdi.idl.		Windows CE 3.0 and later.	matched		https://learn.microsoft.com/en-us/previous-versions/windows/embedded/ms908688(v=msdn.10)
ms908689	mslearn-uncategorized	docs/mslearn/uncategorized/ms908689.html	IeXdiServer::StopNotifyingMemChg	symbol_page	1	interface_method	StopNotifyingMemChg	first_code_block	exdi.idl.		Windows CE 3.0 and later.	matched		https://learn.microsoft.com/en-us/previous-versions/windows/embedded/ms908689(v=msdn.10)
ms908690	mslearn-uncategorized	docs/mslearn/uncategorized/ms908690.html	IeXdiServer::StopNotifyingRunChg	symbol_page	1	interface_method	StopNotifyingRunChg	first_code_block	exdi.idl.		Windows CE 3.0 and later.	matched		https://learn.microsoft.com/en-us/previous-versions/windows/embedded/ms908690(v=msdn.10)
ms908691	mslearn-uncategorized	docs/mslearn/uncategorized/ms908691.html	IeXdiServer::WritePhysicalMemoryOrPeriphIO	symbol_page	1	interface_method	WritePhysicalMemoryOrPeriphIO	first_code_block	exdi.idl.		Windows CE 3.0 and later.	matched		https://learn.microsoft.com/en-us/previous-versions/windows/embedded/ms908691(v=msdn.10)
ms908692	mslearn-uncategorized	docs/mslearn/uncategorized/ms908692.html	IeXdiServer::WriteVirtualMemory	symbol_page	1	interface_method	WriteVirtualMemory	first_code_block	exdi.idl.		Windows CE 3.0 and later.	matched		https://learn.microsoft.com/en-us/previous-versions/windows/embedded/ms908692(v=msdn.10)
ms908693	mslearn-uncategorized	docs/mslearn/uncategorized/ms908693.html	IeXdiSHXContext::GetContext	symbol_page	1	interface_method	GetContext	first_code_block	exdi.idl.		Windows CE 3.0 and later.	matched		https://learn.microsoft.com/en-us/previous-versions/windows/embedded/ms908693(v=msdn.10)
ms908694	mslearn-uncategorized	docs/mslearn/uncategorized/ms908694.html	IeXdiSHXContext:IUnknown	concept_or_overview	0			none	exdi.idl.		Windows CE 3.0 and later.	no_candidate		https://learn.microsoft.com/en-us/previous-versions/windows/embedded/ms908694(v=msdn.10)
ms908695	mslearn-uncategorized	docs/mslearn/uncategorized/ms908695.html	IeXdiSHXContext::SetContext	symbol_page	1	interface_method	SetContext	first_code_block	exdi.idl.		Windows CE 3.0 and later.	matched		https://learn.microsoft.com/en-us/previous-versions/windows/embedded/ms908695(v=msdn.10)
ms908696	mslearn-uncategorized	docs/mslearn/uncategorized/ms908696.html	IeXdiX86Context::GetContext	symbol_page	1	interface_method	GetContext	first_code_block	exdi.idl.		Windows CE 3.0 and later.	matched		https://learn.microsoft.com/en-us/previous-versions/windows/embedded/ms908696(v=msdn.10)
ms908697	mslearn-uncategorized	docs/mslearn/uncategorized/ms908697.html	IeXdiX86Context:IUnknown	concept_or_overview	0			none	exdi.idl.		Windows CE 3.0 and later.	no_candidate		https://learn.microsoft.com/en-us/previous-versions/windows/embedded/ms908697(v=msdn.10)
ms909017	mslearn-uncategorized	docs/mslearn/uncategorized/ms909017.html	IPMPackage::Id	symbol_page	1	interface_method	Id	first_code_block	Package.h, Cemgr.idl.		Windows CE .NET 4.0 and later.	matched		https://learn.microsoft.com/en-us/previous-versions/windows/embedded/ms909017(v=msdn.10)
ms909068	mslearn-uncategorized	docs/mslearn/uncategorized/ms909068.html	IPMPackage::Name	symbol_page	1	interface_method	Name	first_code_block	Package.h, Cemgr.idl.		Windows CE .NET 4.0 and later.	matched		https://learn.microsoft.com/en-us/previous-versions/windows/embedded/ms909068(v=msdn.10)
ms909082	mslearn-uncategorized	docs/mslearn/uncategorized/ms909082.html	IPMPlatform:IDispatch	concept_or_overview	0			none	Platform.h, Cemgr.idl.		Windows CE .NET 4.0 and later.	statement_keyword		https://learn.microsoft.com/en-us/previous-versions/windows/embedded/ms909082(v=msdn.10)
ms909094	mslearn-uncategorized	docs/mslearn/uncategorized/ms909094.html	IPMPlatformManager:IDispatch	concept_or_overview	0			none	Platman.h, Cemgr.idl.		Windows CE .NET 4.0 and later.	assignment_in_block		https://learn.microsoft.com/en-us/previous-versions/windows/embedded/ms909094(v=msdn.10)
ms909105	mslearn-uncategorized	docs/mslearn/uncategorized/ms909105.html	IPMPlatformManager::AddBootableDevice	symbol_page	1	interface_method	AddBootableDevice	first_code_block	Platman.h, Cemgr.idl.		Windows CE .NET 4.0 and later.	matched		https://learn.microsoft.com/en-us/previous-versions/windows/embedded/ms909105(v=msdn.10)
ms909117	mslearn-uncategorized	docs/mslearn/uncategorized/ms909117.html	IPMPlatformManager::AddCPU	symbol_page	1	interface_method	AddCPU	first_code_block	Platman.h, Cemgr.idl.		Windows CE .NET 4.0 and later.	matched		https://learn.microsoft.com/en-us/previous-versions/windows/embedded/ms909117(v=msdn.10)
ms909447	mslearn-uncategorized	docs/mslearn/uncategorized/ms909447.html	COMPRESSION	symbol_page	1	unknown	COMPRESSION	none				first_line_not_a_declaration		https://learn.microsoft.com/en-us/previous-versions/windows/embedded/ms909447(v=msdn.10)
ms909487	mslearn-uncategorized	docs/mslearn/uncategorized/ms909487.html	DIRS	symbol_page	1	unknown	DIRS	none				first_line_not_a_declaration		https://learn.microsoft.com/en-us/previous-versions/windows/embedded/ms909487(v=msdn.10)
ms909488	mslearn-uncategorized	docs/mslearn/uncategorized/ms909488.html	DIRS_CE	symbol_page	1	unknown	DIRS_CE	none				first_line_not_a_declaration		https://learn.microsoft.com/en-us/previous-versions/windows/embedded/ms909488(v=msdn.10)
ms909503	mslearn-uncategorized	docs/mslearn/uncategorized/ms909503.html	Service Enabling	concept_or_overview	0			none				no_candidate		https://learn.microsoft.com/en-us/previous-versions/windows/embedded/ms909503(v=msdn.10)
ms909512	mslearn-uncategorized	docs/mslearn/uncategorized/ms909512.html	Expressions in .mak File Preprocessing	concept_or_overview	0			none				no_candidate		https://learn.microsoft.com/en-us/previous-versions/windows/embedded/ms909512(v=msdn.10)
ms909523	mslearn-uncategorized	docs/mslearn/uncategorized/ms909523.html	FSRAMPERCENT	symbol_page	1	unknown	FSRAMPERCENT	none				first_line_not_a_declaration		https://learn.microsoft.com/en-us/previous-versions/windows/embedded/ms909523(v=msdn.10)
ms909529	mslearn-uncategorized	docs/mslearn/uncategorized/ms909529.html	I/O Controller Handling	concept_or_overview	0			none				no_candidate		https://learn.microsoft.com/en-us/previous-versions/windows/embedded/ms909529(v=msdn.10)
ms909542	mslearn-uncategorized	docs/mslearn/uncategorized/ms909542.html	IOCTL_SET_KERNEL_DEV_PORT	identifier_title_no_requirements	0		IOCTL_SET_KERNEL_DEV_PORT	none				no_candidate		https://learn.microsoft.com/en-us/previous-versions/windows/embedded/ms909542(v=msdn.10)
ms909544	mslearn-uncategorized	docs/mslearn/uncategorized/ms909544.html	KERNELFIXUPS	symbol_page	1	unknown	KERNELFIXUPS	none				first_line_not_a_declaration		https://learn.microsoft.com/en-us/previous-versions/windows/embedded/ms909544(v=msdn.10)
ms923204	mslearn-uncategorized	docs/mslearn/uncategorized/ms923204.html	KatoCallback	symbol_page	1	function	KatoCallback	first_code_block	Kato.h.	Kato.lib.	Windows CE 3.0 and later.	matched		https://learn.microsoft.com/en-us/previous-versions/windows/embedded/ms923204(v=msdn.10)
ms923497	mslearn-uncategorized	docs/mslearn/uncategorized/ms923497.html	Kato Design Benefits	concept_or_overview	0			none				no_candidate		https://learn.microsoft.com/en-us/previous-versions/windows/embedded/ms923497(v=msdn.10)
ms923498	mslearn-uncategorized	docs/mslearn/uncategorized/ms923498.html	Kato Logging Engine	concept_or_overview	0			none				no_candidate		https://learn.microsoft.com/en-us/previous-versions/windows/embedded/ms923498(v=msdn.10)
ms923499	mslearn-uncategorized	docs/mslearn/uncategorized/ms923499.html	Kato Reference	concept_or_overview	0			none				no_candidate		https://learn.microsoft.com/en-us/previous-versions/windows/embedded/ms923499(v=msdn.10)
ms924048	mslearn-uncategorized	docs/mslearn/uncategorized/ms924048.html	CESTRESS Return Value	concept_or_overview	0			none	StressUtils.h.		Windows CE .NET 4.2 and later.	statement_keyword		https://learn.microsoft.com/en-us/previous-versions/windows/embedded/ms924048(v=msdn.10)
ms924049	mslearn-uncategorized	docs/mslearn/uncategorized/ms924049.html	CKato::BeginLevel	symbol_page	1	interface_method	BeginLevel	first_code_block	Kato.h.	Kato.lib.	Windows CE 3.0 and later.	matched		https://learn.microsoft.com/en-us/previous-versions/windows/embedded/ms924049(v=msdn.10)
ms924050	mslearn-uncategorized	docs/mslearn/uncategorized/ms924050.html	CKato::BeginLevelV	symbol_page	1	interface_method	BeginLevelV	first_code_block	Kato.h.	Kato.lib.	Windows CE 3.0 and later.	matched		https://learn.microsoft.com/en-us/previous-versions/windows/embedded/ms924050(v=msdn.10)
ms924051	mslearn-uncategorized	docs/mslearn/uncategorized/ms924051.html	CKato::CKato	symbol_page	1	interface_method	CKato	none	Kato.h.	Kato.lib.	Windows CE 3.0 and later.	bare_call_line_without_kind_label		https://learn.microsoft.com/en-us/previous-versions/windows/embedded/ms924051(v=msdn.10)
ms924052	mslearn-uncategorized	docs/mslearn/uncategorized/ms924052.html	CKato::Comment	symbol_page	1	interface_method	Comment	first_code_block	Kato.h.	Kato.lib.	Windows CE 3.0 and later.	matched		https://learn.microsoft.com/en-us/previous-versions/windows/embedded/ms924052(v=msdn.10)
ms924053	mslearn-uncategorized	docs/mslearn/uncategorized/ms924053.html	CKato::CommentV	symbol_page	1	interface_method	CommentV	first_code_block	Kato.h.	Kato.lib.	Windows CE 3.0 and later.	matched		https://learn.microsoft.com/en-us/previous-versions/windows/embedded/ms924053(v=msdn.10)
ms924054	mslearn-uncategorized	docs/mslearn/uncategorized/ms924054.html	CKato::EndLevel	symbol_page	1	interface_method	EndLevel	first_code_block	Kato.h.	Kato.lib.	Windows CE 3.0 and later.	matched		https://learn.microsoft.com/en-us/previous-versions/windows/embedded/ms924054(v=msdn.10)
ms924055	mslearn-uncategorized	docs/mslearn/uncategorized/ms924055.html	CKato::EndLevelV	symbol_page	1	interface_method	EndLevelV	first_code_block	Kato.h.	Kato.lib.	Windows CE 3.0 and later.	matched		https://learn.microsoft.com/en-us/previous-versions/windows/embedded/ms924055(v=msdn.10)
ms924056	mslearn-uncategorized	docs/mslearn/uncategorized/ms924056.html	CKato::GetCurrentLevel	symbol_page	1	interface_method	GetCurrentLevel	first_code_block	Kato.h.	Kato.lib.	Windows CE 3.0 and later.	matched		https://learn.microsoft.com/en-us/previous-versions/windows/embedded/ms924056(v=msdn.10)
ms924057	mslearn-uncategorized	docs/mslearn/uncategorized/ms924057.html	CKato::GetItemData	symbol_page	1	interface_method	GetItemData	first_code_block	Kato.h.	Kato.lib.	Windows CE 3.0 and later.	matched		https://learn.microsoft.com/en-us/previous-versions/windows/embedded/ms924057(v=msdn.10)
ms924058	mslearn-uncategorized	docs/mslearn/uncategorized/ms924058.html	CKato::GetVerbosityCount	symbol_page	1	interface_method	GetVerbosityCount	first_code_block	Kato.h.	Kato.lib.	Windows CE 3.0 and later.	matched		https://learn.microsoft.com/en-us/previous-versions/windows/embedded/ms924058(v=msdn.10)
ms924059	mslearn-uncategorized	docs/mslearn/uncategorized/ms924059.html	CKato::Log	symbol_page	1	interface_method	Log	first_code_block	Kato.h.	Kato.lib.	Windows CE 3.0 and later.	matched		https://learn.microsoft.com/en-us/previous-versions/windows/embedded/ms924059(v=msdn.10)
ms924060	mslearn-uncategorized	docs/mslearn/uncategorized/ms924060.html	CKato::LogV	symbol_page	1	interface_method	LogV	first_code_block	Kato.h.	Kato.lib.	Windows CE 3.0 and later.	matched		https://learn.microsoft.com/en-us/previous-versions/windows/embedded/ms924060(v=msdn.10)
ms924061	mslearn-uncategorized	docs/mslearn/uncategorized/ms924061.html	CKato::SendSystemData	symbol_page	1	interface_method	SendSystemData	first_code_block	Kato.h.	Kato.lib.	Windows CE 3.0 and later.	matched		https://learn.microsoft.com/en-us/previous-versions/windows/embedded/ms924061(v=msdn.10)
ms924062	mslearn-uncategorized	docs/mslearn/uncategorized/ms924062.html	CKato::SetItemData	symbol_page	1	interface_method	SetItemData	first_code_block	Kato.h.	Kato.lib.	Windows CE 3.0 and later.	matched		https://learn.microsoft.com/en-us/previous-versions/windows/embedded/ms924062(v=msdn.10)
ms924063	mslearn-uncategorized	docs/mslearn/uncategorized/ms924063.html	CleanupTestThread	symbol_page	1	function	CleanupTestThread	first_code_block	Developer defined.	Developer implemented.	Windows CE .NET 4.2 and later.	matched		https://learn.microsoft.com/en-us/previous-versions/windows/embedded/ms924063(v=msdn.10)
ms924064	mslearn-uncategorized	docs/mslearn/uncategorized/ms924064.html	DoStressIteration	symbol_page	1	function	DoStressIteration	first_code_block	Developer defined.	Developer implemented.	Windows CE .NET 4.2 and later.	matched		https://learn.microsoft.com/en-us/previous-versions/windows/embedded/ms924064(v=msdn.10)
ms924065	mslearn-uncategorized	docs/mslearn/uncategorized/ms924065.html	FUNCTION_TABLE_ENTRY	symbol_page	1	struct	FUNCTION_TABLE_ENTRY	first_code_block+glued_identifier	Tux.h.		Windows CE 3.0 and later.	matched_glued		https://learn.microsoft.com/en-us/previous-versions/windows/embedded/ms924065(v=msdn.10)
ms924066	mslearn-uncategorized	docs/mslearn/uncategorized/ms924066.html	GetRunningModuleCount	symbol_page	1	function	GetRunningModuleCount	first_code_block	StressUtils.h.	StressUtils.lib.	Windows CE .NET 4.2 and later.	matched		https://learn.microsoft.com/en-us/previous-versions/windows/embedded/ms924066(v=msdn.10)
ms924067	mslearn-uncategorized	docs/mslearn/uncategorized/ms924067.html	InitializeStressModule	symbol_page	1	function	InitializeStressModule	first_code_block	Developer defined.	Developer implemented.	Windows CE .NET 4.2 and later.	matched		https://learn.microsoft.com/en-us/previous-versions/windows/embedded/ms924067(v=msdn.10)
ms924068	mslearn-uncategorized	docs/mslearn/uncategorized/ms924068.html	InitializeStressUtils	symbol_page	1	function	InitializeStressUtils	first_code_block	StressUtils.h.	StressUtils.lib.	Windows CE .NET 4.2 and later.	matched		https://learn.microsoft.com/en-us/previous-versions/windows/embedded/ms924068(v=msdn.10)
ms924069	mslearn-uncategorized	docs/mslearn/uncategorized/ms924069.html	InitializeTestThread	symbol_page	1	function	InitializeTestThread	first_code_block	Developer defined.	Developer implemented.	Windows CE .NET 4.2 and later.	matched		https://learn.microsoft.com/en-us/previous-versions/windows/embedded/ms924069(v=msdn.10)
ms924070	mslearn-uncategorized	docs/mslearn/uncategorized/ms924070.html	ITERATION_INFO	symbol_page	1	struct	ITERATION_INFO	first_code_block	StressUtils.h.		Windows CE .NET 4.2 and later.	matched		https://learn.microsoft.com/en-us/previous-versions/windows/embedded/ms924070(v=msdn.10)
ms924071	mslearn-uncategorized	docs/mslearn/uncategorized/ms924071.html	KatoBeginLevel	symbol_page	1	function	KatoBeginLevel	first_code_block	Kato.h.	Kato.lib.	Windows CE 3.0 and later.	matched		https://learn.microsoft.com/en-us/previous-versions/windows/embedded/ms924071(v=msdn.10)
ms924072	mslearn-uncategorized	docs/mslearn/uncategorized/ms924072.html	KATOCALLBACKSTRUCT	symbol_page	1	struct	KATOCALLBACKSTRUCT	first_code_block+glued_identifier	Kato.h.	Kato.lib.	Windows CE 3.0 and later.	matched_glued		https://learn.microsoft.com/en-us/previous-versions/windows/embedded/ms924072(v=msdn.10)
ms924073	mslearn-uncategorized	docs/mslearn/uncategorized/ms924073.html	KatoComment	symbol_page	1	function	KatoComment	first_code_block	Kato.h.	Kato.lib.	Windows CE 3.0 and later.	matched		https://learn.microsoft.com/en-us/previous-versions/windows/embedded/ms924073(v=msdn.10)
ms924074	mslearn-uncategorized	docs/mslearn/uncategorized/ms924074.html	KatoCreate	symbol_page	1	function	KatoCreate	first_code_block	Kato.h.	Kato.lib.	Windows CE 3.0 and later.	matched		https://learn.microsoft.com/en-us/previous-versions/windows/embedded/ms924074(v=msdn.10)
ms924075	mslearn-uncategorized	docs/mslearn/uncategorized/ms924075.html	KatoDebug	symbol_page	1	function	KatoDebug	first_code_block	Kato.h.	Kato.lib.	Windows CE 3.0 and later.	matched		https://learn.microsoft.com/en-us/previous-versions/windows/embedded/ms924075(v=msdn.10)
ms924076	mslearn-uncategorized	docs/mslearn/uncategorized/ms924076.html	KatoDestroy	symbol_page	1	function	KatoDestroy	first_code_block	Kato.h.	Kato.lib.	Windows CE 3.0 and later.	matched		https://learn.microsoft.com/en-us/previous-versions/windows/embedded/ms924076(v=msdn.10)
ms924077	mslearn-uncategorized	docs/mslearn/uncategorized/ms924077.html	KatoEndLevel	symbol_page	1	function	KatoEndLevel	first_code_block	Kato.h.	Kato.lib.	Windows CE 3.0 and later.	matched		https://learn.microsoft.com/en-us/previous-versions/windows/embedded/ms924077(v=msdn.10)
ms924078	mslearn-uncategorized	docs/mslearn/uncategorized/ms924078.html	KatoFlush	symbol_page	1	function	KatoFlush	first_code_block	Kato.h.	Kato.lib.	Windows CE 3.0 and later.	matched		https://learn.microsoft.com/en-us/previous-versions/windows/embedded/ms924078(v=msdn.10)
ms924079	mslearn-uncategorized	docs/mslearn/uncategorized/ms924079.html	KatoGetCurrentLevel	symbol_page	1	function	KatoGetCurrentLevel	first_code_block	Kato.h.	Kato.lib.	Windows CE 3.0 and later.	matched		https://learn.microsoft.com/en-us/previous-versions/windows/embedded/ms924079(v=msdn.10)
ms924080	mslearn-uncategorized	docs/mslearn/uncategorized/ms924080.html	KatoGetDefaultObject	symbol_page	1	function	KatoGetDefaultObject	first_code_block	Kato.h.	Kato.lib.	Windows CE 3.0 and later.	matched		https://learn.microsoft.com/en-us/previous-versions/windows/embedded/ms924080(v=msdn.10)
ms924081	mslearn-uncategorized	docs/mslearn/uncategorized/ms924081.html	KatoGetItemData	symbol_page	1	function	KatoGetItemData	first_code_block	Kato.h.	Kato.lib.	Windows CE 3.0 and later.	matched		https://learn.microsoft.com/en-us/previous-versions/windows/embedded/ms924081(v=msdn.10)
ms924082	mslearn-uncategorized	docs/mslearn/uncategorized/ms924082.html	KatoGetServer	symbol_page	1	function	KatoGetServer	first_code_block	Kato.h.	Kato.lib.	Windows CE 3.0 and later.	matched		https://learn.microsoft.com/en-us/previous-versions/windows/embedded/ms924082(v=msdn.10)
ms924083	mslearn-uncategorized	docs/mslearn/uncategorized/ms924083.html	KatoGetVerbosityCount	symbol_page	1	function	KatoGetVerbosityCount	first_code_block	Kato.h.	Kato.lib.	Windows CE 3.0 and later.	matched		https://learn.microsoft.com/en-us/previous-versions/windows/embedded/ms924083(v=msdn.10)
ms924084	mslearn-uncategorized	docs/mslearn/uncategorized/ms924084.html	KatoLog	symbol_page	1	function	KatoLog	first_code_block	Kato.h.	Kato.lib.	Windows CE 3.0 and later.	matched		https://learn.microsoft.com/en-us/previous-versions/windows/embedded/ms924084(v=msdn.10)
ms924085	mslearn-uncategorized	docs/mslearn/uncategorized/ms924085.html	KatoSendSystemData	symbol_page	1	function	KatoSendSystemData	first_code_block	Kato.h.	Kato.lib.	Windows CE 3.0 and later.	matched		https://learn.microsoft.com/en-us/previous-versions/windows/embedded/ms924085(v=msdn.10)
ms924086	mslearn-uncategorized	docs/mslearn/uncategorized/ms924086.html	KatoSetCallback	symbol_page	1	function	KatoSetCallback	first_code_block	Kato.h.	Kato.lib.	Windows CE 3.0 and later.	matched		https://learn.microsoft.com/en-us/previous-versions/windows/embedded/ms924086(v=msdn.10)
ms924087	mslearn-uncategorized	docs/mslearn/uncategorized/ms924087.html	KatoSetItemData	symbol_page	1	function	KatoSetItemData	first_code_block	Kato.h.	Kato.lib.	Windows CE 3.0 and later.	matched		https://learn.microsoft.com/en-us/previous-versions/windows/embedded/ms924087(v=msdn.10)
ms924088	mslearn-uncategorized	docs/mslearn/uncategorized/ms924088.html	KatoSetServer	symbol_page	1	function	KatoSetServer	first_code_block	Kato.h.	Kato.lib.	Windows CE 3.0 and later.	matched		https://learn.microsoft.com/en-us/previous-versions/windows/embedded/ms924088(v=msdn.10)
ms924089	mslearn-uncategorized	docs/mslearn/uncategorized/ms924089.html	Log	symbol_page	1	function	Log	first_code_block	StressUtils.h.	StressUtils.lib.	Windows CE .NET 4.2 and later.	matched		https://learn.microsoft.com/en-us/previous-versions/windows/embedded/ms924089(v=msdn.10)
ms924090	mslearn-uncategorized	docs/mslearn/uncategorized/ms924090.html	LogAll	symbol_page	1	function	LogAll	first_code_block	StressUtils.h.	StressUtils.lib.	Windows CE .NET 4.2 and later.	matched		https://learn.microsoft.com/en-us/previous-versions/windows/embedded/ms924090(v=msdn.10)
ms924091	mslearn-uncategorized	docs/mslearn/uncategorized/ms924091.html	LogComment	symbol_page	1	function	LogComment	first_code_block	StressUtils.h.	StressUtils.lib.	Windows CE .NET 4.2 and later.	matched		https://learn.microsoft.com/en-us/previous-versions/windows/embedded/ms924091(v=msdn.10)
ms924092	mslearn-uncategorized	docs/mslearn/uncategorized/ms924092.html	LogEx	symbol_page	1	function	LogEx	first_code_block	StressUtils.h.	StressUtils.lib.	Windows CE .NET 4.2 and later.	matched		https://learn.microsoft.com/en-us/previous-versions/windows/embedded/ms924092(v=msdn.10)
ms924093	mslearn-uncategorized	docs/mslearn/uncategorized/ms924093.html	LogFail	symbol_page	1	function	LogFail	first_code_block	StressUtils.h.	StressUtils.lib.	Windows CE .NET 4.2 and later.	matched		https://learn.microsoft.com/en-us/previous-versions/windows/embedded/ms924093(v=msdn.10)
ms924094	mslearn-uncategorized	docs/mslearn/uncategorized/ms924094.html	LogVerbose	symbol_page	1	function	LogVerbose	first_code_block	StressUtils.h.	StressUtils.lib.	Windows CE .NET 4.2 and later.	matched		https://learn.microsoft.com/en-us/previous-versions/windows/embedded/ms924094(v=msdn.10)
ms924095	mslearn-uncategorized	docs/mslearn/uncategorized/ms924095.html	LogWarn1	symbol_page	1	function	LogWarn1	first_code_block	StressUtils.h.	StressUtils.lib.	Windows CE .NET 4.2 and later.	matched		https://learn.microsoft.com/en-us/previous-versions/windows/embedded/ms924095(v=msdn.10)
ms924096	mslearn-uncategorized	docs/mslearn/uncategorized/ms924096.html	LogWarn2	symbol_page	1	function	LogWarn2	first_code_block	StressUtils.h.	StressUtils.lib.	Windows CE .NET 4.2 and later.	matched		https://learn.microsoft.com/en-us/previous-versions/windows/embedded/ms924096(v=msdn.10)
ms924097	mslearn-uncategorized	docs/mslearn/uncategorized/ms924097.html	MODULE_PARAMS	symbol_page	1	struct	MODULE_PARAMS	first_code_block	StressUtils.h.		Windows CE .NET 4.2 and later.	matched		https://learn.microsoft.com/en-us/previous-versions/windows/embedded/ms924097(v=msdn.10)
ms924098	mslearn-uncategorized	docs/mslearn/uncategorized/ms924098.html	SPM_BEGIN_GROUP	symbol_page	1	constant	SPM_BEGIN_GROUP	none	Tux.h.		Windows CE 3.0 and later.	no_candidate		https://learn.microsoft.com/en-us/previous-versions/windows/embedded/ms924098(v=msdn.10)
ms924099	mslearn-uncategorized	docs/mslearn/uncategorized/ms924099.html	SPM_BEGIN_TEST	symbol_page	1	constant	SPM_BEGIN_TEST	none	Tux.h.		Windows CE 3.0 and later.	no_candidate		https://learn.microsoft.com/en-us/previous-versions/windows/embedded/ms924099(v=msdn.10)
ms924100	mslearn-uncategorized	docs/mslearn/uncategorized/ms924100.html	SPM_END_GROUP	symbol_page	1	constant	SPM_END_GROUP	none	Tux.h.		Windows CE 3.0 and later.	no_candidate		https://learn.microsoft.com/en-us/previous-versions/windows/embedded/ms924100(v=msdn.10)
ms924101	mslearn-uncategorized	docs/mslearn/uncategorized/ms924101.html	SPM_END_TEST	symbol_page	1	constant	SPM_END_TEST	none	Tux.h.		Windows CE 3.0 and later.	no_candidate		https://learn.microsoft.com/en-us/previous-versions/windows/embedded/ms924101(v=msdn.10)
ms924102	mslearn-uncategorized	docs/mslearn/uncategorized/ms924102.html	SPM_EXCEPTION	symbol_page	1	constant	SPM_EXCEPTION	none	Tux.h.		Windows CE 3.0 and later.	no_candidate		https://learn.microsoft.com/en-us/previous-versions/windows/embedded/ms924102(v=msdn.10)
ms924103	mslearn-uncategorized	docs/mslearn/uncategorized/ms924103.html	SPM_LOAD_DLL	symbol_page	1	constant	SPM_LOAD_DLL	none	Tux.h.		Windows CE 3.0 and later.	no_candidate		https://learn.microsoft.com/en-us/previous-versions/windows/embedded/ms924103(v=msdn.10)
ms924104	mslearn-uncategorized	docs/mslearn/uncategorized/ms924104.html	SPM_REGISTER	symbol_page	1	constant	SPM_REGISTER	none	Tux.h.		Windows CE 3.0 and later.	no_candidate		https://learn.microsoft.com/en-us/previous-versions/windows/embedded/ms924104(v=msdn.10)
ms924105	mslearn-uncategorized	docs/mslearn/uncategorized/ms924105.html	SPM_SHELL_INFO	symbol_page	1	constant	SPM_SHELL_INFO	none	Tux.h.		Windows CE 3.0 and later.	no_candidate		https://learn.microsoft.com/en-us/previous-versions/windows/embedded/ms924105(v=msdn.10)
ms924106	mslearn-uncategorized	docs/mslearn/uncategorized/ms924106.html	SPM_START_SCRIPT	symbol_page	1	constant	SPM_START_SCRIPT	none	Tux.h.		Windows CE 3.0 and later.	no_candidate		https://learn.microsoft.com/en-us/previous-versions/windows/embedded/ms924106(v=msdn.10)
ms924107	mslearn-uncategorized	docs/mslearn/uncategorized/ms924107.html	SPM_STOP_SCRIPT	symbol_page	1	constant	SPM_STOP_SCRIPT	none	Tux.h.		Windows CE 3.0 and later.	no_candidate		https://learn.microsoft.com/en-us/previous-versions/windows/embedded/ms924107(v=msdn.10)
ms924219	mslearn-uncategorized	docs/mslearn/uncategorized/ms924219.html	SPM_UNLOAD_DLL	symbol_page	1	constant	SPM_UNLOAD_DLL	none	Tux.h.		Windows CE 3.0 and later.	no_candidate		https://learn.microsoft.com/en-us/previous-versions/windows/embedded/ms924219(v=msdn.10)
ms924331	mslearn-uncategorized	docs/mslearn/uncategorized/ms924331.html	SPS_BEGIN_TEST	symbol_page	1	struct	SPS_BEGIN_TEST	first_code_block+glued_identifier	Tux.h.		Windows CE 3.0 and later.	matched_glued		https://learn.microsoft.com/en-us/previous-versions/windows/embedded/ms924331(v=msdn.10)
ms924438	mslearn-uncategorized	docs/mslearn/uncategorized/ms924438.html	SPS_END_TEST	symbol_page	1	struct	SPS_END_TEST	first_code_block+glued_identifier	Tux.h.		Windows CE 3.0 and later.	matched_glued		https://learn.microsoft.com/en-us/previous-versions/windows/embedded/ms924438(v=msdn.10)
ms924455	mslearn-uncategorized	docs/mslearn/uncategorized/ms924455.html	SPS_EXCEPTION	symbol_page	1	struct	SPS_EXCEPTION	first_code_block+glued_identifier	Tux.h.		Windows CE 3.0 and later.	matched_glued		https://learn.microsoft.com/en-us/previous-versions/windows/embedded/ms924455(v=msdn.10)
ms924569	mslearn-uncategorized	docs/mslearn/uncategorized/ms924569.html	SPS_LOAD_DLL	symbol_page	1	struct	SPS_LOAD_DLL	first_code_block+glued_identifier	Tux.h.		Windows CE 3.0 and later.	matched_glued		https://learn.microsoft.com/en-us/previous-versions/windows/embedded/ms924569(v=msdn.10)
ms924676	mslearn-uncategorized	docs/mslearn/uncategorized/ms924676.html	SPS_REGISTER	symbol_page	1	struct	SPS_REGISTER	first_code_block+glued_identifier	Tux.h.		Windows CE 3.0 and later.	matched_glued		https://learn.microsoft.com/en-us/previous-versions/windows/embedded/ms924676(v=msdn.10)
ms924686	mslearn-uncategorized	docs/mslearn/uncategorized/ms924686.html	SPS_SHELL_INFO	symbol_page	1	struct	SPS_SHELL_INFO	first_code_block+glued_identifier	Tux.h.		Windows CE 3.0 and later.	matched_glued		https://learn.microsoft.com/en-us/previous-versions/windows/embedded/ms924686(v=msdn.10)
ms924699	mslearn-uncategorized	docs/mslearn/uncategorized/ms924699.html	TerminateStressModule	symbol_page	1	function	TerminateStressModule	first_code_block	Developer defined.	Developer implemented.	Windows CE .NET 4.2 and later.	matched		https://learn.microsoft.com/en-us/previous-versions/windows/embedded/ms924699(v=msdn.10)
ms924701	mslearn-uncategorized	docs/mslearn/uncategorized/ms924701.html	TPM_EXECUTE	symbol_page	1	constant	TPM_EXECUTE	none	Tux.h.		Windows CE 3.0 and later.	no_candidate		https://learn.microsoft.com/en-us/previous-versions/windows/embedded/ms924701(v=msdn.10)
ms924702	mslearn-uncategorized	docs/mslearn/uncategorized/ms924702.html	TPM_QUERY_THREAD_COUNT	symbol_page	1	constant	TPM_QUERY_THREAD_COUNT	none	Tux.h.		Windows CE 3.0 and later.	no_candidate		https://learn.microsoft.com/en-us/previous-versions/windows/embedded/ms924702(v=msdn.10)
ms924703	mslearn-uncategorized	docs/mslearn/uncategorized/ms924703.html	TPS_EXECUTE	symbol_page	1	struct	TPS_EXECUTE	first_code_block+glued_identifier	Tux.h.		Windows CE 3.0 and later.	matched_glued		https://learn.microsoft.com/en-us/previous-versions/windows/embedded/ms924703(v=msdn.10)
ms924705	mslearn-uncategorized	docs/mslearn/uncategorized/ms924705.html	TPS_QUERY_THREAD_COUNT	symbol_page	1	struct	TPS_QUERY_THREAD_COUNT	first_code_block+glued_identifier	Tux.h.		Windows CE 3.0 and later.	matched_glued		https://learn.microsoft.com/en-us/previous-versions/windows/embedded/ms924705(v=msdn.10)
ms924706	mslearn-uncategorized	docs/mslearn/uncategorized/ms924706.html	_Alert	symbol_page	1	function	_Alert	first_code_block			Windows CE 4.2 and later.	matched		https://learn.microsoft.com/en-us/previous-versions/windows/embedded/ms924706(v=msdn.10)
ms924707	mslearn-uncategorized	docs/mslearn/uncategorized/ms924707.html	_BuildVersion	symbol_page	1	function	_BuildVersion	first_code_block			Windows CE 4.2 and later.	matched		https://learn.microsoft.com/en-us/previous-versions/windows/embedded/ms924707(v=msdn.10)
ms924708	mslearn-uncategorized	docs/mslearn/uncategorized/ms924708.html	_CreateLogObject	symbol_page	1	function	_CreateLogObject	first_code_block			Windows CE 4.2 and later.	matched		https://learn.microsoft.com/en-us/previous-versions/windows/embedded/ms924708(v=msdn.10)
ms924709	mslearn-uncategorized	docs/mslearn/uncategorized/ms924709.html	_DisplayMsg	symbol_page	1	function	_DisplayMsg	none			Windows CE 4.2 and later.	candidate_mismatch:_Alert		https://learn.microsoft.com/en-us/previous-versions/windows/embedded/ms924709(v=msdn.10)
ms924710	mslearn-uncategorized	docs/mslearn/uncategorized/ms924710.html	_Exec	symbol_page	1	function	_Exec	first_code_block			Windows CE 4.2 and later.	matched		https://learn.microsoft.com/en-us/previous-versions/windows/embedded/ms924710(v=msdn.10)
ms924711	mslearn-uncategorized	docs/mslearn/uncategorized/ms924711.html	_GetCPU	symbol_page	1	function	_GetCPU	first_code_block			Windows CE 4.2 and later.	matched		https://learn.microsoft.com/en-us/previous-versions/windows/embedded/ms924711(v=msdn.10)
ms924712	mslearn-uncategorized	docs/mslearn/uncategorized/ms924712.html	_GetOSVer	symbol_page	1	function	_GetOSVer	first_code_block			Windows CE 4.2 and later.	matched		https://learn.microsoft.com/en-us/previous-versions/windows/embedded/ms924712(v=msdn.10)
ms924713	mslearn-uncategorized	docs/mslearn/uncategorized/ms924713.html	_Kill	symbol_page	1	function	_Kill	first_code_block			Windows CE 4.2 and later.	matched		https://learn.microsoft.com/en-us/previous-versions/windows/embedded/ms924713(v=msdn.10)
ms924714	mslearn-uncategorized	docs/mslearn/uncategorized/ms924714.html	_LangHost	symbol_page	1	function	_LangHost	first_code_block			Windows CE 4.2 and later.	matched		https://learn.microsoft.com/en-us/previous-versions/windows/embedded/ms924714(v=msdn.10)
ms924715	mslearn-uncategorized	docs/mslearn/uncategorized/ms924715.html	_LogMemUse	symbol_page	1	function	_LogMemUse	none			Windows CE 4.2 and later.	candidate_mismatch:LogMemUse		https://learn.microsoft.com/en-us/previous-versions/windows/embedded/ms924715(v=msdn.10)
ms924716	mslearn-uncategorized	docs/mslearn/uncategorized/ms924716.html	_MsgBox	symbol_page	1	function	_MsgBox	first_code_block			Windows CE 4.2 and later.	matched		https://learn.microsoft.com/en-us/previous-versions/windows/embedded/ms924716(v=msdn.10)
ms924717	mslearn-uncategorized	docs/mslearn/uncategorized/ms924717.html	_Name	symbol_page	1	function	_Name	first_code_block			Windows CE 4.2 and later.	matched		https://learn.microsoft.com/en-us/previous-versions/windows/embedded/ms924717(v=msdn.10)
ms924718	mslearn-uncategorized	docs/mslearn/uncategorized/ms924718.html	_NewScriptThread	symbol_page	1	function	_NewScriptThread	first_code_block			Windows CE 4.2 and later.	matched		https://learn.microsoft.com/en-us/previous-versions/windows/embedded/ms924718(v=msdn.10)
ms924719	mslearn-uncategorized	docs/mslearn/uncategorized/ms924719.html	_OutputDebugString	symbol_page	1	function	_OutputDebugString	first_code_block			Windows CE 4.2 and later.	matched		https://learn.microsoft.com/en-us/previous-versions/windows/embedded/ms924719(v=msdn.10)
ms924720	mslearn-uncategorized	docs/mslearn/uncategorized/ms924720.html	_ReleaseThenLaunch	symbol_page	1	function	_ReleaseThenLaunch	first_code_block			Windows CE 4.2 and later.	matched		https://learn.microsoft.com/en-us/previous-versions/windows/embedded/ms924720(v=msdn.10)
ms924721	mslearn-uncategorized	docs/mslearn/uncategorized/ms924721.html	_SignalEvent	symbol_page	1	function	_SignalEvent	first_code_block			Windows CE 4.2 and later.	matched		https://learn.microsoft.com/en-us/previous-versions/windows/embedded/ms924721(v=msdn.10)
ms924722	mslearn-uncategorized	docs/mslearn/uncategorized/ms924722.html	_Sleep	symbol_page	1	function	_Sleep	first_code_block			Windows CE 4.2 and later.	matched		https://learn.microsoft.com/en-us/previous-versions/windows/embedded/ms924722(v=msdn.10)
ms924723	mslearn-uncategorized	docs/mslearn/uncategorized/ms924723.html	_StrConv	symbol_page	1	function	_StrConv	first_code_block			Windows CE 4.2 and later.	matched		https://learn.microsoft.com/en-us/previous-versions/windows/embedded/ms924723(v=msdn.10)
ms924724	mslearn-uncategorized	docs/mslearn/uncategorized/ms924724.html	_WriteLocalLog	symbol_page	1	function	_WriteLocalLog	first_code_block			Windows CE 4.2 and later.	matched		https://learn.microsoft.com/en-us/previous-versions/windows/embedded/ms924724(v=msdn.10)
ms925988	mslearn-uncategorized	docs/mslearn/uncategorized/ms925988.html	GetDebuggerData	symbol_page	1	function	GetDebuggerData	first_code_block	Wdbgexts.h.	Developer defined.	Windows CE 3.0 and later.	matched		https://learn.microsoft.com/en-us/previous-versions/windows/embedded/ms925988(v=msdn.10)
ms925990	mslearn-uncategorized	docs/mslearn/uncategorized/ms925990.html	GetExpression	symbol_page	1	function	GetExpression	first_code_block	Wdbgexts.h.	Developer defined.	Windows CE 3.0 and later.	matched		https://learn.microsoft.com/en-us/previous-versions/windows/embedded/ms925990(v=msdn.10)
ms925996	mslearn-uncategorized	docs/mslearn/uncategorized/ms925996.html	GetSetSympath	symbol_page	1	function	GetSetSympath	first_code_block	Wdbgexts.h.	Developer defined.	Windows CE 3.0 and later.	matched		https://learn.microsoft.com/en-us/previous-versions/windows/embedded/ms925996(v=msdn.10)
ms926079	mslearn-uncategorized	docs/mslearn/uncategorized/ms926079.html	GetSymbol	symbol_page	1	function	GetSymbol	first_code_block	Wdbgexts.h.	Developer defined.	Windows CE 3.0 and later.	matched		https://learn.microsoft.com/en-us/previous-versions/windows/embedded/ms926079(v=msdn.10)
ms926085	mslearn-uncategorized	docs/mslearn/uncategorized/ms926085.html	GLOBAL_TARGET_INFO_STRUCT	symbol_page	1	struct	GLOBAL_TARGET_INFO_STRUCT	first_code_block+glued_identifier	Exdi.h, Exdi.idl.		Windows CE 3.0 and later.	matched_glued		https://learn.microsoft.com/en-us/previous-versions/windows/embedded/ms926085(v=msdn.10)
ms926108	mslearn-uncategorized	docs/mslearn/uncategorized/ms926108.html	IApplication	symbol_page	1	interface	IApplication	none	Appauto.h.	Import type library from Devshl.dll.	Windows CE .NET 4.1 and later.	no_candidate		https://learn.microsoft.com/en-us/previous-versions/windows/embedded/ms926108(v=msdn.10)
ms926117	mslearn-uncategorized	docs/mslearn/uncategorized/ms926117.html	IDownload::DownloadImage	symbol_page	1	interface_method	DownloadImage	first_code_block	Download.h, Download.idl.		Windows CE .NET 4.0 and later.	matched		https://learn.microsoft.com/en-us/previous-versions/windows/embedded/ms926117(v=msdn.10)
ms926253	mslearn-uncategorized	docs/mslearn/uncategorized/ms926253.html	Sysgen Capture Tool	concept_or_overview	0			none				first_line_not_a_declaration		https://learn.microsoft.com/en-us/previous-versions/windows/embedded/ms926253(v=msdn.10)
ms926267	mslearn-uncategorized	docs/mslearn/uncategorized/ms926267.html	TranGetXMLParams	symbol_page	1	function	TranGetXMLParams	first_code_block	KitlTran.h.		Windows CE .NET 4.0 and later.	matched		https://learn.microsoft.com/en-us/previous-versions/windows/embedded/ms926267(v=msdn.10)
ms926273	mslearn-uncategorized	docs/mslearn/uncategorized/ms926273.html	TranSetParam	symbol_page	1	function	TranSetParam	first_code_block	KitlTran.h.		Windows CE .NET 4.0 and later.	matched		https://learn.microsoft.com/en-us/previous-versions/windows/embedded/ms926273(v=msdn.10)
ms926290	mslearn-uncategorized	docs/mslearn/uncategorized/ms926290.html	WriteIoSpace	symbol_page	1	function	WriteIoSpace	first_code_block	Wdbgexts.h.	Developer defined.	Windows CE 3.0 and later.	matched		https://learn.microsoft.com/en-us/previous-versions/windows/embedded/ms926290(v=msdn.10)
ms926296	mslearn-uncategorized	docs/mslearn/uncategorized/ms926296.html	WriteMemory	symbol_page	1	function	WriteMemory	first_code_block	Wdbgexts.h.	Developer defined.	Windows CE 3.0 and later.	matched		https://learn.microsoft.com/en-us/previous-versions/windows/embedded/ms926296(v=msdn.10)
ms926300	mslearn-uncategorized	docs/mslearn/uncategorized/ms926300.html	WritePhysical	symbol_page	1	function	WritePhysical	first_code_block	Wdbgexts.h.	Developer defined.	Windows CE 3.0 and later.	matched		https://learn.microsoft.com/en-us/previous-versions/windows/embedded/ms926300(v=msdn.10)
ms929160	mslearn-uncategorized	docs/mslearn/uncategorized/ms929160.html	IPMPlatformManager::AddOS	symbol_page	1	interface_method	AddOS	first_code_block	Platman.h, Cemgr.idl.		Windows CE .NET 4.0 and later.	matched		https://learn.microsoft.com/en-us/previous-versions/windows/embedded/ms929160(v=msdn.10)
ms929261	mslearn-uncategorized	docs/mslearn/uncategorized/ms929261.html	IPMPlatformManager::AddPackage	symbol_page	1	interface_method	AddPackage	first_code_block	Platman.h, Cemgr.idl.		Windows CE .NET 4.0 and later.	matched		https://learn.microsoft.com/en-us/previous-versions/windows/embedded/ms929261(v=msdn.10)
ms929266	mslearn-uncategorized	docs/mslearn/uncategorized/ms929266.html	IPMPlatformManager::AddPlatform	symbol_page	1	interface_method	AddPlatform	first_code_block	Platman.h, Cemgr.idl.		Windows CE .NET 4.0 and later.	matched		https://learn.microsoft.com/en-us/previous-versions/windows/embedded/ms929266(v=msdn.10)
ms929277	mslearn-uncategorized	docs/mslearn/uncategorized/ms929277.html	IPMPlatformManager::AddProperty	symbol_page	1	interface_method	AddProperty	first_code_block	Platman.h, Cemgr.idl.		Windows CE .NET 4.0 and later.	matched		https://learn.microsoft.com/en-us/previous-versions/windows/embedded/ms929277(v=msdn.10)
ms929286	mslearn-uncategorized	docs/mslearn/uncategorized/ms929286.html	IPMPlatformManager::AddServiceCategory	symbol_page	1	interface_method	AddServiceCategory	none	Platman.h, Cemgr.idl.		Windows CE .NET 4.0 and later.	candidate_mismatch:ppiServiceCategory		https://learn.microsoft.com/en-us/previous-versions/windows/embedded/ms929286(v=msdn.10)
ms929296	mslearn-uncategorized	docs/mslearn/uncategorized/ms929296.html	IPMPlatformManager::AddToolkit	symbol_page	1	interface_method	AddToolkit	first_code_block	Platman.h, Cemgr.idl.		Windows CE .NET 4.0 and later.	matched		https://learn.microsoft.com/en-us/previous-versions/windows/embedded/ms929296(v=msdn.10)
ms929301	mslearn-uncategorized	docs/mslearn/uncategorized/ms929301.html	IPMPlatformManager::CreateGUID	symbol_page	1	interface_method	CreateGUID	first_code_block	Platman.h, Cemgr.idl.		Windows CE .NET 4.0 and later.	matched		https://learn.microsoft.com/en-us/previous-versions/windows/embedded/ms929301(v=msdn.10)
ms929310	mslearn-uncategorized	docs/mslearn/uncategorized/ms929310.html	IPMPlatformManager::DeleteBootableDevice	symbol_page	1	interface_method	DeleteBootableDevice	first_code_block	Platman.h, Cemgr.idl.		Windows CE .NET 4.0 and later.	matched		https://learn.microsoft.com/en-us/previous-versions/windows/embedded/ms929310(v=msdn.10)
ms929316	mslearn-uncategorized	docs/mslearn/uncategorized/ms929316.html	IPMPlatformManager::DeleteCPU	symbol_page	1	interface_method	DeleteCPU	first_code_block	Platman.h, Cemgr.idl.		Windows CE .NET 4.0 and later.	matched		https://learn.microsoft.com/en-us/previous-versions/windows/embedded/ms929316(v=msdn.10)
ms929323	mslearn-uncategorized	docs/mslearn/uncategorized/ms929323.html	IPMPlatformManager::DeleteOS	symbol_page	1	interface_method	DeleteOS	first_code_block	Platman.h, Cemgr.idl.		Windows CE .NET 4.0 and later.	matched		https://learn.microsoft.com/en-us/previous-versions/windows/embedded/ms929323(v=msdn.10)
ms929327	mslearn-uncategorized	docs/mslearn/uncategorized/ms929327.html	IPMPlatformManager::DeletePackage	symbol_page	1	interface_method	DeletePackage	first_code_block	Platman.h, Cemgr.idl.		Windows CE .NET 4.0 and later.	matched		https://learn.microsoft.com/en-us/previous-versions/windows/embedded/ms929327(v=msdn.10)
ms929328	mslearn-uncategorized	docs/mslearn/uncategorized/ms929328.html	IPMPlatformManager::DeletePlatform	symbol_page	1	interface_method	DeletePlatform	first_code_block	Platman.h, Cemgr.idl.		Windows CE .NET 4.0 and later.	matched		https://learn.microsoft.com/en-us/previous-versions/windows/embedded/ms929328(v=msdn.10)
ms929329	mslearn-uncategorized	docs/mslearn/uncategorized/ms929329.html	IPMPlatformManager::DeleteProperty	symbol_page	1	interface_method	DeleteProperty	first_code_block	Platman.h, Cemgr.idl.		Windows CE .NET 4.0 and later.	matched		https://learn.microsoft.com/en-us/previous-versions/windows/embedded/ms929329(v=msdn.10)
ms929330	mslearn-uncategorized	docs/mslearn/uncategorized/ms929330.html	IPMPlatformManager::DeleteServiceCategory	symbol_page	1	interface_method	DeleteServiceCategory	first_code_block	Platman.h, Cemgr.idl.		Windows CE .NET 4.0 and later.	matched		https://learn.microsoft.com/en-us/previous-versions/windows/embedded/ms929330(v=msdn.10)
ms929331	mslearn-uncategorized	docs/mslearn/uncategorized/ms929331.html	IPMPlatformManager::DeleteToolkit	symbol_page	1	interface_method	DeleteToolkit	first_code_block	Platman.h, Cemgr.idl.		Windows CE .NET 4.0 and later.	matched		https://learn.microsoft.com/en-us/previous-versions/windows/embedded/ms929331(v=msdn.10)
ms929332	mslearn-uncategorized	docs/mslearn/uncategorized/ms929332.html	IPMPlatformManager::EnumBootableDevices	symbol_page	1	interface_method	EnumBootableDevices	first_code_block	Platman.h, Cemgr.idl.		Windows CE .NET 4.0 and later.	matched		https://learn.microsoft.com/en-us/previous-versions/windows/embedded/ms929332(v=msdn.10)
ms929334	mslearn-uncategorized	docs/mslearn/uncategorized/ms929334.html	IPMPlatformManager::EnumCPUs	symbol_page	1	interface_method	EnumCPUs	first_code_block	Platman.h, Cemgr.idl.		Windows CE .NET 4.0 and later.	matched		https://learn.microsoft.com/en-us/previous-versions/windows/embedded/ms929334(v=msdn.10)
ms929335	mslearn-uncategorized	docs/mslearn/uncategorized/ms929335.html	IPMPlatformManager::EnumOSs	symbol_page	1	interface_method	EnumOSs	first_code_block	Platman.h, Cemgr.idl.		Windows CE .NET 4.0 and later.	matched		https://learn.microsoft.com/en-us/previous-versions/windows/embedded/ms929335(v=msdn.10)
ms929336	mslearn-uncategorized	docs/mslearn/uncategorized/ms929336.html	IPMPlatformManager::EnumPackages	symbol_page	1	interface_method	EnumPackages	first_code_block	Platman.h, Cemgr.idl.		Windows CE .NET 4.0 and later.	matched		https://learn.microsoft.com/en-us/previous-versions/windows/embedded/ms929336(v=msdn.10)
ms929337	mslearn-uncategorized	docs/mslearn/uncategorized/ms929337.html	IPMPlatformManager::EnumPlatforms	symbol_page	1	interface_method	EnumPlatforms	first_code_block	Platman.h, Cemgr.idl.		Windows CE .NET 4.0 and later.	matched		https://learn.microsoft.com/en-us/previous-versions/windows/embedded/ms929337(v=msdn.10)
ms929338	mslearn-uncategorized	docs/mslearn/uncategorized/ms929338.html	IPMPlatformManager::EnumProperties	symbol_page	1	interface_method	EnumProperties	first_code_block	Platman.h, Cemgr.idl.		Windows CE .NET 4.0 and later.	matched		https://learn.microsoft.com/en-us/previous-versions/windows/embedded/ms929338(v=msdn.10)
ms929339	mslearn-uncategorized	docs/mslearn/uncategorized/ms929339.html	IPMPlatformManager::EnumServiceCategories	symbol_page	1	interface_method	EnumServiceCategories	first_code_block	Platman.h, Cemgr.idl.		Windows CE .NET 4.0 and later.	matched		https://learn.microsoft.com/en-us/previous-versions/windows/embedded/ms929339(v=msdn.10)
ms929340	mslearn-uncategorized	docs/mslearn/uncategorized/ms929340.html	IPMPlatformManager::GetBootableDevice	symbol_page	1	interface_method	GetBootableDevice	first_code_block	Platman.h, Cemgr.idl.		Windows CE .NET 4.0 and later.	matched		https://learn.microsoft.com/en-us/previous-versions/windows/embedded/ms929340(v=msdn.10)
ms929341	mslearn-uncategorized	docs/mslearn/uncategorized/ms929341.html	IPMPlatformManager::GetConnection	symbol_page	1	interface_method	GetConnection	first_code_block	Platman.h, Cemgr.idl.		Windows CE .NET 4.0 and later.	matched		https://learn.microsoft.com/en-us/previous-versions/windows/embedded/ms929341(v=msdn.10)
ms929342	mslearn-uncategorized	docs/mslearn/uncategorized/ms929342.html	IPMPlatformManager::GetCPU	symbol_page	1	interface_method	GetCPU	first_code_block	Platman.h, Cemgr.idl.		Windows CE .NET 4.0 and later.	matched		https://learn.microsoft.com/en-us/previous-versions/windows/embedded/ms929342(v=msdn.10)
ms929343	mslearn-uncategorized	docs/mslearn/uncategorized/ms929343.html	IPMPlatformManager::GetOS	symbol_page	1	interface_method	GetOS	first_code_block	Platman.h, Cemgr.idl.		Windows CE .NET 4.0 and later.	matched		https://learn.microsoft.com/en-us/previous-versions/windows/embedded/ms929343(v=msdn.10)
ms929344	mslearn-uncategorized	docs/mslearn/uncategorized/ms929344.html	IPMPlatformManager::GetPackage	symbol_page	1	interface_method	GetPackage	first_code_block	Platman.h, Cemgr.idl.		Windows CE .NET 4.0 and later.	matched		https://learn.microsoft.com/en-us/previous-versions/windows/embedded/ms929344(v=msdn.10)
ms929345	mslearn-uncategorized	docs/mslearn/uncategorized/ms929345.html	IPMPlatformManager::GetPlatform	symbol_page	1	interface_method	GetPlatform	first_code_block	Platman.h, Cemgr.idl.		Windows CE .NET 4.0 and later.	matched		https://learn.microsoft.com/en-us/previous-versions/windows/embedded/ms929345(v=msdn.10)
ms929346	mslearn-uncategorized	docs/mslearn/uncategorized/ms929346.html	IPMPlatformManager::GetProperty	symbol_page	1	interface_method	GetProperty	first_code_block	Platman.h, Cemgr.idl.		Windows CE .NET 4.0 and later.	matched		https://learn.microsoft.com/en-us/previous-versions/windows/embedded/ms929346(v=msdn.10)
ms929347	mslearn-uncategorized	docs/mslearn/uncategorized/ms929347.html	IPMPlatformManager::GetServiceCategory	symbol_page	1	interface_method	GetServiceCategory	first_code_block	Platman.h, Cemgr.idl.		Windows CE .NET 4.0 and later.	matched		https://learn.microsoft.com/en-us/previous-versions/windows/embedded/ms929347(v=msdn.10)
ms929348	mslearn-uncategorized	docs/mslearn/uncategorized/ms929348.html	IPMPlatformManager::GetVersion	symbol_page	1	interface_method	GetVersion	first_code_block	Platman.h, Cemgr.idl.		Windows CE .NET 4.0 and later.	matched		https://learn.microsoft.com/en-us/previous-versions/windows/embedded/ms929348(v=msdn.10)
ms929349	mslearn-uncategorized	docs/mslearn/uncategorized/ms929349.html	IPMPlatform::AddCPU	symbol_page	1	interface_method	AddCPU	first_code_block	Platform.h, Cemgr.idl.		Windows CE .NET 4.0 and later.	matched		https://learn.microsoft.com/en-us/previous-versions/windows/embedded/ms929349(v=msdn.10)
ms929350	mslearn-uncategorized	docs/mslearn/uncategorized/ms929350.html	IPMPlatform::AddDevice	symbol_page	1	interface_method	AddDevice	first_code_block	Platform.h, Cemgr.idl.		Windows CE .NET 4.0 and later.	matched		https://learn.microsoft.com/en-us/previous-versions/windows/embedded/ms929350(v=msdn.10)
ms929351	mslearn-uncategorized	docs/mslearn/uncategorized/ms929351.html	IPMPlatform::AddOS	symbol_page	1	interface_method	AddOS	first_code_block	Platform.h, Cemgr.idl.		Windows CE .NET 4.0 and later.	matched		https://learn.microsoft.com/en-us/previous-versions/windows/embedded/ms929351(v=msdn.10)
ms929352	mslearn-uncategorized	docs/mslearn/uncategorized/ms929352.html	IPMPlatform::AddPackage	symbol_page	1	interface_method	AddPackage	first_code_block	Platform.h, Cemgr.idl.		Windows CE .NET 4.0 and later.	matched		https://learn.microsoft.com/en-us/previous-versions/windows/embedded/ms929352(v=msdn.10)
ms929353	mslearn-uncategorized	docs/mslearn/uncategorized/ms929353.html	IPMPlatform::AddProperty	symbol_page	1	interface_method	AddProperty	first_code_block	Platform.h, Cemgr.idl.		Windows CE .NET 4.0 and later.	matched		https://learn.microsoft.com/en-us/previous-versions/windows/embedded/ms929353(v=msdn.10)
ms929354	mslearn-uncategorized	docs/mslearn/uncategorized/ms929354.html	IPMPlatform::AddStartupServer	symbol_page	1	interface_method	AddStartupServer	first_code_block	Platform.h, Cemgr.idl.		Windows CE .NET 4.0 and later.	matched		https://learn.microsoft.com/en-us/previous-versions/windows/embedded/ms929354(v=msdn.10)
ms929355	mslearn-uncategorized	docs/mslearn/uncategorized/ms929355.html	IPMPlatform::AddTransport	symbol_page	1	interface_method	AddTransport	first_code_block	Platform.h, Cemgr.idl.		Windows CE .NET 4.0 and later.	matched		https://learn.microsoft.com/en-us/previous-versions/windows/embedded/ms929355(v=msdn.10)
ms929356	mslearn-uncategorized	docs/mslearn/uncategorized/ms929356.html	IPMPlatform::DeleteCPU	symbol_page	1	interface_method	DeleteCPU	first_code_block	Platform.h, Cemgr.idl.		Windows CE .NET 4.0 and later.	matched		https://learn.microsoft.com/en-us/previous-versions/windows/embedded/ms929356(v=msdn.10)
ms929357	mslearn-uncategorized	docs/mslearn/uncategorized/ms929357.html	IPMPlatform::DeleteDevice	symbol_page	1	interface_method	DeleteDevice	first_code_block	Platform.h, Cemgr.idl.		Windows CE .NET 4.0 and later.	matched		https://learn.microsoft.com/en-us/previous-versions/windows/embedded/ms929357(v=msdn.10)
ms929358	mslearn-uncategorized	docs/mslearn/uncategorized/ms929358.html	IPMPlatform::DeleteOS	symbol_page	1	interface_method	DeleteOS	first_code_block	Platform.h, Cemgr.idl.		Windows CE .NET 4.0 and later.	matched		https://learn.microsoft.com/en-us/previous-versions/windows/embedded/ms929358(v=msdn.10)
ms929359	mslearn-uncategorized	docs/mslearn/uncategorized/ms929359.html	IPMPlatform::DeletePackage	symbol_page	1	interface_method	DeletePackage	first_code_block	Platform.h, Cemgr.idl.		Windows CE .NET 4.0 and later.	matched		https://learn.microsoft.com/en-us/previous-versions/windows/embedded/ms929359(v=msdn.10)
ms929360	mslearn-uncategorized	docs/mslearn/uncategorized/ms929360.html	IPMPlatform::DeleteProperty	symbol_page	1	interface_method	DeleteProperty	first_code_block	Platform.h, Cemgr.idl.		Windows CE .NET 4.0 and later.	matched		https://learn.microsoft.com/en-us/previous-versions/windows/embedded/ms929360(v=msdn.10)
ms929361	mslearn-uncategorized	docs/mslearn/uncategorized/ms929361.html	IPMPlatform::DeleteStartupServer	symbol_page	1	interface_method	DeleteStartupServer	first_code_block	Platform.h, Cemgr.idl.		Windows CE .NET 4.0 and later.	matched		https://learn.microsoft.com/en-us/previous-versions/windows/embedded/ms929361(v=msdn.10)
ms929362	mslearn-uncategorized	docs/mslearn/uncategorized/ms929362.html	IPMPlatform::DeleteTransport	symbol_page	1	interface_method	DeleteTransport	first_code_block	Platform.h, Cemgr.idl.		Windows CE .NET 4.0 and later.	matched		https://learn.microsoft.com/en-us/previous-versions/windows/embedded/ms929362(v=msdn.10)
ms929363	mslearn-uncategorized	docs/mslearn/uncategorized/ms929363.html	IPMPlatform::EnumCPUs	symbol_page	1	interface_method	EnumCPUs	first_code_block	Platform.h, Cemgr.idl.		Windows CE .NET 4.0 and later.	matched		https://learn.microsoft.com/en-us/previous-versions/windows/embedded/ms929363(v=msdn.10)
ms929364	mslearn-uncategorized	docs/mslearn/uncategorized/ms929364.html	IPMPlatform::EnumDevices	symbol_page	1	interface_method	EnumDevices	first_code_block	Platform.h, Cemgr.idl.		Windows CE .NET 4.0 and later.	matched		https://learn.microsoft.com/en-us/previous-versions/windows/embedded/ms929364(v=msdn.10)
ms929365	mslearn-uncategorized	docs/mslearn/uncategorized/ms929365.html	IPMPlatform::EnumPackages	symbol_page	1	interface_method	EnumPackages	first_code_block	Platform.h, Cemgr.idl.		Windows CE .NET 4.0 and later.	matched		https://learn.microsoft.com/en-us/previous-versions/windows/embedded/ms929365(v=msdn.10)
ms929366	mslearn-uncategorized	docs/mslearn/uncategorized/ms929366.html	IPMPlatform::EnumProperties	symbol_page	1	interface_method	EnumProperties	first_code_block	Platform.h, Cemgr.idl.		Windows CE .NET 4.0 and later.	matched		https://learn.microsoft.com/en-us/previous-versions/windows/embedded/ms929366(v=msdn.10)
ms929367	mslearn-uncategorized	docs/mslearn/uncategorized/ms929367.html	IPMPlatform::EnumStartupServers	symbol_page	1	interface_method	EnumStartupServers	first_code_block	Platform.h, Cemgr.idl.		Windows CE .NET 4.0 and later.	matched		https://learn.microsoft.com/en-us/previous-versions/windows/embedded/ms929367(v=msdn.10)
ms929368	mslearn-uncategorized	docs/mslearn/uncategorized/ms929368.html	IPMPlatform::EnumTransports	symbol_page	1	interface_method	EnumTransports	first_code_block	Platform.h, Cemgr.idl.		Windows CE .NET 4.0 and later.	matched		https://learn.microsoft.com/en-us/previous-versions/windows/embedded/ms929368(v=msdn.10)
ms929369	mslearn-uncategorized	docs/mslearn/uncategorized/ms929369.html	IPMPlatform::GetCPU	symbol_page	1	interface_method	GetCPU	first_code_block	Platform.h, Cemgr.idl.		Windows CE .NET 4.0 and later.	matched		https://learn.microsoft.com/en-us/previous-versions/windows/embedded/ms929369(v=msdn.10)
ms929370	mslearn-uncategorized	docs/mslearn/uncategorized/ms929370.html	IPMPlatform::GetDevice	symbol_page	1	interface_method	GetDevice	first_code_block	Platform.h, Cemgr.idl.		Windows CE .NET 4.0 and later.	matched		https://learn.microsoft.com/en-us/previous-versions/windows/embedded/ms929370(v=msdn.10)
ms929371	mslearn-uncategorized	docs/mslearn/uncategorized/ms929371.html	IPMPlatform::GetOS	symbol_page	1	interface_method	GetOS	first_code_block	Platform.h, Cemgr.idl.		Windows CE .NET 4.0 and later.	matched		https://learn.microsoft.com/en-us/previous-versions/windows/embedded/ms929371(v=msdn.10)
ms929372	mslearn-uncategorized	docs/mslearn/uncategorized/ms929372.html	IPMPlatform::GetOSInfo	symbol_page	1	interface_method	GetOSInfo	first_code_block	Platform.h, Cemgr.idl.		Windows CE .NET 4.0 and later.	matched		https://learn.microsoft.com/en-us/previous-versions/windows/embedded/ms929372(v=msdn.10)
ms929373	mslearn-uncategorized	docs/mslearn/uncategorized/ms929373.html	IPMPlatform::GetPackage	symbol_page	1	interface_method	GetPackage	first_code_block	Platform.h, Cemgr.idl.		Windows CE .NET 4.0 and later.	matched		https://learn.microsoft.com/en-us/previous-versions/windows/embedded/ms929373(v=msdn.10)
ms929374	mslearn-uncategorized	docs/mslearn/uncategorized/ms929374.html	IPMPlatform::GetProperty	symbol_page	1	interface_method	GetProperty	first_code_block	Platform.h, Cemgr.idl.		Windows CE .NET 4.0 and later.	matched		https://learn.microsoft.com/en-us/previous-versions/windows/embedded/ms929374(v=msdn.10)
ms929376	mslearn-uncategorized	docs/mslearn/uncategorized/ms929376.html	IPMPlatform::GetStartupServer	symbol_page	1	interface_method	GetStartupServer	first_code_block	Platform.h, Cemgr.idl.		Windows CE .NET 4.0 and later.	matched		https://learn.microsoft.com/en-us/previous-versions/windows/embedded/ms929376(v=msdn.10)
ms929377	mslearn-uncategorized	docs/mslearn/uncategorized/ms929377.html	IPMPlatform::GetTransport	symbol_page	1	interface_method	GetTransport	first_code_block	Platform.h, Cemgr.idl.		Windows CE .NET 4.0 and later.	matched		https://learn.microsoft.com/en-us/previous-versions/windows/embedded/ms929377(v=msdn.10)
ms929378	mslearn-uncategorized	docs/mslearn/uncategorized/ms929378.html	IPMPlatform::Id	symbol_page	1	interface_method	Id	first_code_block	Platform.h, Cemgr.idl.		Windows CE .NET 4.0 and later.	matched		https://learn.microsoft.com/en-us/previous-versions/windows/embedded/ms929378(v=msdn.10)
ms929379	mslearn-uncategorized	docs/mslearn/uncategorized/ms929379.html	IPMPlatform::Name	symbol_page	1	interface_method	Name	first_code_block	Platform.h, Cemgr.idl.		Windows CE .NET 4.0 and later.	matched		https://learn.microsoft.com/en-us/previous-versions/windows/embedded/ms929379(v=msdn.10)
ms929380	mslearn-uncategorized	docs/mslearn/uncategorized/ms929380.html	IPMProperty:IDispatch	concept_or_overview	0			none	Property.h, Cemgr.idl.		Windows CE .NET 4.0 and later.	statement_keyword		https://learn.microsoft.com/en-us/previous-versions/windows/embedded/ms929380(v=msdn.10)
ms929381	mslearn-uncategorized	docs/mslearn/uncategorized/ms929381.html	IPMProperty::AddProperty	symbol_page	1	interface_method	AddProperty	first_code_block	Property.h, Cemgr.idl.		Windows CE .NET 4.0 and later.	matched		https://learn.microsoft.com/en-us/previous-versions/windows/embedded/ms929381(v=msdn.10)
ms929382	mslearn-uncategorized	docs/mslearn/uncategorized/ms929382.html	IPMProperty::AddPropInfo	symbol_page	1	interface_method	AddPropInfo	first_code_block	Property.h, Cemgr.idl.		Windows CE .NET 4.0 and later.	matched		https://learn.microsoft.com/en-us/previous-versions/windows/embedded/ms929382(v=msdn.10)
ms929383	mslearn-uncategorized	docs/mslearn/uncategorized/ms929383.html	IPMProperty::DeleteProperty	symbol_page	1	interface_method	DeleteProperty	first_code_block	Property.h, Cemgr.idl.		Windows CE .NET 4.0 and later.	matched		https://learn.microsoft.com/en-us/previous-versions/windows/embedded/ms929383(v=msdn.10)
ms929384	mslearn-uncategorized	docs/mslearn/uncategorized/ms929384.html	IPMProperty::DeletePropInfo	symbol_page	1	interface_method	DeletePropInfo	first_code_block	Property.h, Cemgr.idl.		Windows CE .NET 4.0 and later.	matched		https://learn.microsoft.com/en-us/previous-versions/windows/embedded/ms929384(v=msdn.10)
ms929385	mslearn-uncategorized	docs/mslearn/uncategorized/ms929385.html	IPMProperty::EnumProperties	symbol_page	1	interface_method	EnumProperties	first_code_block	Property.h, Cemgr.idl.		Windows CE .NET 4.0 and later.	matched		https://learn.microsoft.com/en-us/previous-versions/windows/embedded/ms929385(v=msdn.10)
ms929386	mslearn-uncategorized	docs/mslearn/uncategorized/ms929386.html	IPMProperty::EnumPropInfos	symbol_page	1	interface_method	EnumPropInfos	first_code_block	Property.h, Cemgr.idl.		Windows CE .NET 4.0 and later.	matched		https://learn.microsoft.com/en-us/previous-versions/windows/embedded/ms929386(v=msdn.10)
ms929387	mslearn-uncategorized	docs/mslearn/uncategorized/ms929387.html	IPMProperty::GetProperty	symbol_page	1	interface_method	GetProperty	first_code_block	Property.h, Cemgr.idl.		Windows CE .NET 4.0 and later.	matched		https://learn.microsoft.com/en-us/previous-versions/windows/embedded/ms929387(v=msdn.10)
ms929388	mslearn-uncategorized	docs/mslearn/uncategorized/ms929388.html	IPMProperty::GetPropInfo	symbol_page	1	interface_method	GetPropInfo	first_code_block	Property.h, Cemgr.idl.		Windows CE .NET 4.0 and later.	matched		https://learn.microsoft.com/en-us/previous-versions/windows/embedded/ms929388(v=msdn.10)
ms929389	mslearn-uncategorized	docs/mslearn/uncategorized/ms929389.html	IPMProperty::Id	symbol_page	1	interface_method	Id	first_code_block	Property.h, Cemgr.idl.		Windows CE .NET 4.0 and later.	matched		https://learn.microsoft.com/en-us/previous-versions/windows/embedded/ms929389(v=msdn.10)
ms929390	mslearn-uncategorized	docs/mslearn/uncategorized/ms929390.html	IPMPropInfo:IDispatch	concept_or_overview	0			none	Propinfo.h, Cemgr.idl.		Windows CE .NET 4.0 and later.	member_access_or_arrow		https://learn.microsoft.com/en-us/previous-versions/windows/embedded/ms929390(v=msdn.10)
ms929391	mslearn-uncategorized	docs/mslearn/uncategorized/ms929391.html	IPMPropInfo::Name	symbol_page	1	interface_method	Name	first_code_block	Propinfo.h, Cemgr.idl.		Windows CE .NET 4.0 and later.	matched		https://learn.microsoft.com/en-us/previous-versions/windows/embedded/ms929391(v=msdn.10)
ms929392	mslearn-uncategorized	docs/mslearn/uncategorized/ms929392.html	IPMPropInfo::Type	symbol_page	1	interface_method	Type	first_code_block	Propinfo.h, Cemgr.idl.		Windows CE .NET 4.0 and later.	matched		https://learn.microsoft.com/en-us/previous-versions/windows/embedded/ms929392(v=msdn.10)
ms929393	mslearn-uncategorized	docs/mslearn/uncategorized/ms929393.html	IPMPropInfo::Value	symbol_page	1	interface_method	Value	first_code_block	Propinfo.h, Cemgr.idl.		Windows CE .NET 4.0 and later.	matched		https://learn.microsoft.com/en-us/previous-versions/windows/embedded/ms929393(v=msdn.10)
ms929394	mslearn-uncategorized	docs/mslearn/uncategorized/ms929394.html	IPMRemoteDevice:IDispatch	concept_or_overview	0			none	Device.h, Cemgr.idl.		Windows CE .NET 4.0 and later.	statement_keyword		https://learn.microsoft.com/en-us/previous-versions/windows/embedded/ms929394(v=msdn.10)
ms929395	mslearn-uncategorized	docs/mslearn/uncategorized/ms929395.html	IPMRemoteDevice::AddProperty	symbol_page	1	interface_method	AddProperty	first_code_block	Device.h, Cemgr.idl.		Windows CE .NET 4.0 and later.	matched		https://learn.microsoft.com/en-us/previous-versions/windows/embedded/ms929395(v=msdn.10)
ms929396	mslearn-uncategorized	docs/mslearn/uncategorized/ms929396.html	IPMRemoteDevice::Attach	symbol_page	1	interface_method	Attach	first_code_block	Device.h, Cemgr.idl.		Windows CE .NET 4.0 and later.	matched		https://learn.microsoft.com/en-us/previous-versions/windows/embedded/ms929396(v=msdn.10)
ms929397	mslearn-uncategorized	docs/mslearn/uncategorized/ms929397.html	IPMRemoteDevice::ConfigureStartupServer	symbol_page	1	interface_method	ConfigureStartupServer	first_code_block	Device.h, Cemgr.idl.		Windows CE .NET 4.0 and later.	matched		https://learn.microsoft.com/en-us/previous-versions/windows/embedded/ms929397(v=msdn.10)
ms929398	mslearn-uncategorized	docs/mslearn/uncategorized/ms929398.html	IPMRemoteDevice::ConfigureTransport	symbol_page	1	interface_method	ConfigureTransport	first_code_block	Device.h, Cemgr.idl.		Windows CE .NET 4.0 and later.	matched		https://learn.microsoft.com/en-us/previous-versions/windows/embedded/ms929398(v=msdn.10)
ms929399	mslearn-uncategorized	docs/mslearn/uncategorized/ms929399.html	IPMRemoteDevice::DeleteProperty	symbol_page	1	interface_method	DeleteProperty	first_code_block	Device.h, Cemgr.idl.		Windows CE .NET 4.0 and later.	matched		https://learn.microsoft.com/en-us/previous-versions/windows/embedded/ms929399(v=msdn.10)
ms929400	mslearn-uncategorized	docs/mslearn/uncategorized/ms929400.html	IPMRemoteDevice::EnumProperties	symbol_page	1	interface_method	EnumProperties	first_code_block	Device.h, Cemgr.idl.		Windows CE .NET 4.0 and later.	matched		https://learn.microsoft.com/en-us/previous-versions/windows/embedded/ms929400(v=msdn.10)
ms929401	mslearn-uncategorized	docs/mslearn/uncategorized/ms929401.html	IPMRemoteDevice::GetConnection	symbol_page	1	interface_method	GetConnection	first_code_block	Device.h, Cemgr.idl.		Windows CE .NET 4.0 and later.	matched		https://learn.microsoft.com/en-us/previous-versions/windows/embedded/ms929401(v=msdn.10)
ms929402	mslearn-uncategorized	docs/mslearn/uncategorized/ms929402.html	IPMRemoteDevice::GetProperty	symbol_page	1	interface_method	GetProperty	first_code_block	Device.h, Cemgr.idl.		Windows CE .NET 4.0 and later.	matched		https://learn.microsoft.com/en-us/previous-versions/windows/embedded/ms929402(v=msdn.10)
ms929403	mslearn-uncategorized	docs/mslearn/uncategorized/ms929403.html	IPMRemoteDevice::Id	symbol_page	1	interface_method	Id	first_code_block	Device.h, Cemgr.idl.		Windows CE .NET 4.0 and later.	matched		https://learn.microsoft.com/en-us/previous-versions/windows/embedded/ms929403(v=msdn.10)
ms929404	mslearn-uncategorized	docs/mslearn/uncategorized/ms929404.html	IPMRemoteDevice::Name	symbol_page	1	interface_method	Name	first_code_block	Device.h, Cemgr.idl.		Windows CE .NET 4.0 and later.	matched		https://learn.microsoft.com/en-us/previous-versions/windows/embedded/ms929404(v=msdn.10)
ms929405	mslearn-uncategorized	docs/mslearn/uncategorized/ms929405.html	IPMRemoteDevice::StartupServer	symbol_page	1	interface_method	StartupServer	first_code_block	Device.h, Cemgr.idl.		Windows CE .NET 4.0 and later.	matched		https://learn.microsoft.com/en-us/previous-versions/windows/embedded/ms929405(v=msdn.10)
ms929406	mslearn-uncategorized	docs/mslearn/uncategorized/ms929406.html	IPMRemoteDevice::Transport	symbol_page	1	interface_method	Transport	first_code_block	Device.h, Cemgr.idl.		Windows CE .NET 4.0 and later.	matched		https://learn.microsoft.com/en-us/previous-versions/windows/embedded/ms929406(v=msdn.10)
ms929407	mslearn-uncategorized	docs/mslearn/uncategorized/ms929407.html	IPMService:IDispatch	concept_or_overview	0			none	Service.h, Cemgr.idl.		Windows CE .NET 4.0 and later.	member_access_or_arrow		https://learn.microsoft.com/en-us/previous-versions/windows/embedded/ms929407(v=msdn.10)
ms929408	mslearn-uncategorized	docs/mslearn/uncategorized/ms929408.html	IPMServiceCategory:IDispatch	concept_or_overview	0			none	Servicecategory.h, Cemgr.idl.		Windows CE .NET 4.0 and later.	statement_keyword		https://learn.microsoft.com/en-us/previous-versions/windows/embedded/ms929408(v=msdn.10)
ms929409	mslearn-uncategorized	docs/mslearn/uncategorized/ms929409.html	IPMServiceCategory::AddProperty	symbol_page	1	interface_method	AddProperty	first_code_block	Servicecategory.h, Cemgr.idl.		Windows CE .NET 4.0 and later.	matched		https://learn.microsoft.com/en-us/previous-versions/windows/embedded/ms929409(v=msdn.10)
ms929410	mslearn-uncategorized	docs/mslearn/uncategorized/ms929410.html	IPMServiceCategory::AddServiceInfo	symbol_page	1	interface_method	AddServiceInfo	first_code_block	Servicecategory.h, Cemgr.idl.		Windows CE .NET 4.0 and later.	matched		https://learn.microsoft.com/en-us/previous-versions/windows/embedded/ms929410(v=msdn.10)
ms929411	mslearn-uncategorized	docs/mslearn/uncategorized/ms929411.html	IPMServiceCategory::DeleteProperty	symbol_page	1	interface_method	DeleteProperty	first_code_block	Servicecategory.h, Cemgr.idl.		Windows CE .NET 4.0 and later.	matched		https://learn.microsoft.com/en-us/previous-versions/windows/embedded/ms929411(v=msdn.10)
ms929412	mslearn-uncategorized	docs/mslearn/uncategorized/ms929412.html	IPMServiceCategory::DeleteServiceInfo	symbol_page	1	interface_method	DeleteServiceInfo	first_code_block	Servicecategory.h, Cemgr.idl.		Windows CE .NET 4.0 and later.	matched		https://learn.microsoft.com/en-us/previous-versions/windows/embedded/ms929412(v=msdn.10)
ms930374	mslearn-uncategorized	docs/mslearn/uncategorized/ms930374.html	OPTIONAL_DIRS	symbol_page	1	unknown	OPTIONAL_DIRS	none				first_line_not_a_declaration		https://learn.microsoft.com/en-us/previous-versions/windows/embedded/ms930374(v=msdn.10)
ms930376	mslearn-uncategorized	docs/mslearn/uncategorized/ms930376.html	OUTPUT	symbol_page	1	unknown	OUTPUT	none				first_line_not_a_declaration		https://learn.microsoft.com/en-us/previous-versions/windows/embedded/ms930376(v=msdn.10)
ms930393	mslearn-uncategorized	docs/mslearn/uncategorized/ms930393.html	PROFILE	symbol_page	1	unknown	PROFILE	none				first_line_not_a_declaration		https://learn.microsoft.com/en-us/previous-versions/windows/embedded/ms930393(v=msdn.10)
ms930405	mslearn-uncategorized	docs/mslearn/uncategorized/ms930405.html	RESETVECTOR	symbol_page	1	unknown	RESETVECTOR	none				first_line_not_a_declaration		https://learn.microsoft.com/en-us/previous-versions/windows/embedded/ms930405(v=msdn.10)
ms930409	mslearn-uncategorized	docs/mslearn/uncategorized/ms930409.html	ROMFLAGS	symbol_page	1	unknown	ROMFLAGS	none				first_line_not_a_declaration		https://learn.microsoft.com/en-us/previous-versions/windows/embedded/ms930409(v=msdn.10)
ms930410	mslearn-uncategorized	docs/mslearn/uncategorized/ms930410.html	ROMOFFSET	symbol_page	1	unknown	ROMOFFSET	none				first_line_not_a_declaration		https://learn.microsoft.com/en-us/previous-versions/windows/embedded/ms930410(v=msdn.10)
ms930411	mslearn-uncategorized	docs/mslearn/uncategorized/ms930411.html	ROMSIZE	symbol_page	1	unknown	ROMSIZE	none				first_line_not_a_declaration		https://learn.microsoft.com/en-us/previous-versions/windows/embedded/ms930411(v=msdn.10)
ms930412	mslearn-uncategorized	docs/mslearn/uncategorized/ms930412.html	ROMSTART	symbol_page	1	unknown	ROMSTART	none				first_line_not_a_declaration		https://learn.microsoft.com/en-us/previous-versions/windows/embedded/ms930412(v=msdn.10)
ms930413	mslearn-uncategorized	docs/mslearn/uncategorized/ms930413.html	ROMWIDTH	symbol_page	1	unknown	ROMWIDTH	none				first_line_not_a_declaration		https://learn.microsoft.com/en-us/previous-versions/windows/embedded/ms930413(v=msdn.10)
ms930704	mslearn-uncategorized	docs/mslearn/uncategorized/ms930704.html	SRE	symbol_page	1	unknown	SRE	none				first_line_not_a_declaration		https://learn.microsoft.com/en-us/previous-versions/windows/embedded/ms930704(v=msdn.10)
ms931152	mslearn-uncategorized	docs/mslearn/uncategorized/ms931152.html	X86BOOT	symbol_page	1	unknown	X86BOOT	none				first_line_not_a_declaration		https://learn.microsoft.com/en-us/previous-versions/windows/embedded/ms931152(v=msdn.10)
ms938394	mslearn-uncategorized	docs/mslearn/uncategorized/ms938394.html	CheckControlC	symbol_page	1	function	CheckControlC	first_code_block	Wdbgexts.h.	Developer defined.	Windows CE 3.0 and later.	matched		https://learn.microsoft.com/en-us/previous-versions/windows/embedded/ms938394(v=msdn.10)
ms938428	mslearn-uncategorized	docs/mslearn/uncategorized/ms938428.html	Cvrtbin Tool	concept_or_overview	0			none				first_line_not_a_declaration		https://learn.microsoft.com/en-us/previous-versions/windows/embedded/ms938428(v=msdn.10)
ms938452	mslearn-uncategorized	docs/mslearn/uncategorized/ms938452.html	IDownload::JumpToImage	symbol_page	1	interface_method	JumpToImage	first_code_block	Download.h, Download.idl.		Windows CE .NET 4.0 and later.	matched		https://learn.microsoft.com/en-us/previous-versions/windows/embedded/ms938452(v=msdn.10)
ms938457	mslearn-uncategorized	docs/mslearn/uncategorized/ms938457.html	_IDownloadProgress:IUnknown	concept_or_overview	0			none	Download.h, Download.idl.		Windows CE .NET 4.0 and later.	no_candidate		https://learn.microsoft.com/en-us/previous-versions/windows/embedded/ms938457(v=msdn.10)
ms938461	mslearn-uncategorized	docs/mslearn/uncategorized/ms938461.html	_IDownloadProgress::OnProgressNotify	symbol_page	1	interface_method	OnProgressNotify	first_code_block	Download.h, Download.idl.		Windows CE .NET 4.0 and later.	matched		https://learn.microsoft.com/en-us/previous-versions/windows/embedded/ms938461(v=msdn.10)
ms938463	mslearn-uncategorized	docs/mslearn/uncategorized/ms938463.html	IDownload::StopDownloadImage	symbol_page	1	interface_method	StopDownloadImage	first_code_block	Download.h, Download.idl.		Windows CE .NET 4.0 and later.	matched		https://learn.microsoft.com/en-us/previous-versions/windows/embedded/ms938463(v=msdn.10)
ms938466	mslearn-uncategorized	docs/mslearn/uncategorized/ms938466.html	IDownload::StopJumpToImage	symbol_page	1	interface_method	StopJumpToImage	first_code_block	Download.h, Download.idl.		Windows CE .NET 4.0 and later.	matched		https://learn.microsoft.com/en-us/previous-versions/windows/embedded/ms938466(v=msdn.10)
ms938471	mslearn-uncategorized	docs/mslearn/uncategorized/ms938471.html	IDSAddIn	symbol_page	1	interface	IDSAddIn	none	Addauto.h.	Developer implemented.	Windows CE .NET 4.1 and later.	no_candidate		https://learn.microsoft.com/en-us/previous-versions/windows/embedded/ms938471(v=msdn.10)
ms938480	mslearn-uncategorized	docs/mslearn/uncategorized/ms938480.html	Ioctl	symbol_page	1	function	Ioctl	first_code_block	Wdbgexts.h.		Windows CE 3.0 and later.	matched		https://learn.microsoft.com/en-us/previous-versions/windows/embedded/ms938480(v=msdn.10)
ms938482	mslearn-uncategorized	docs/mslearn/uncategorized/ms938482.html	IPMConnection::GetSystemInfo	symbol_page	1	interface_method	GetSystemInfo	first_code_block	Connection.h, Cemgr.idl.		Windows CE .NET 4.0 and later.	matched		https://learn.microsoft.com/en-us/previous-versions/windows/embedded/ms938482(v=msdn.10)
ms938487	mslearn-uncategorized	docs/mslearn/uncategorized/ms938487.html	IPMCPU::CpuNum	symbol_page	1	interface_method	CpuNum	first_code_block	Cpu.h, Cemgr.idl.		Windows CE .NET 4.0 and later.	matched		https://learn.microsoft.com/en-us/previous-versions/windows/embedded/ms938487(v=msdn.10)
ms938489	mslearn-uncategorized	docs/mslearn/uncategorized/ms938489.html	IPMPackageFile::CpuNum	symbol_page	1	interface_method	CpuNum	first_code_block	Packagefile.h, Cemgr.idl.		Windows CE .NET 4.0 and later.	matched		https://learn.microsoft.com/en-us/previous-versions/windows/embedded/ms938489(v=msdn.10)
ms938493	mslearn-uncategorized	docs/mslearn/uncategorized/ms938493.html	Just-in-Time Debugging	concept_or_overview	0			none				no_candidate		https://learn.microsoft.com/en-us/previous-versions/windows/embedded/ms938493(v=msdn.10)
ms938500	mslearn-uncategorized	docs/mslearn/uncategorized/ms938500.html	KITLGetTranXMLParams	symbol_page	1	function	KITLGetTranXMLParams	first_code_block	Kitl.h.		Windows CE .NET 4.0 and later.	matched		https://learn.microsoft.com/en-us/previous-versions/windows/embedded/ms938500(v=msdn.10)
ms938505	mslearn-uncategorized	docs/mslearn/uncategorized/ms938505.html	KITLLoadTransportLib	symbol_page	1	function	KITLLoadTransportLib	first_code_block	Kitl.h.		Windows CE .NET 4.0 and later.	matched		https://learn.microsoft.com/en-us/previous-versions/windows/embedded/ms938505(v=msdn.10)
ms938507	mslearn-uncategorized	docs/mslearn/uncategorized/ms938507.html	KITLSetTranParam	symbol_page	1	function	KITLSetTranParam	first_code_block	Kitl.h.		Windows CE .NET 4.0 and later.	matched		https://learn.microsoft.com/en-us/previous-versions/windows/embedded/ms938507(v=msdn.10)
ms938511	mslearn-uncategorized	docs/mslearn/uncategorized/ms938511.html	KITLUnloadTransportLib	symbol_page	1	function	KITLUnloadTransportLib	first_code_block	Kitl.h.		Windows CE .NET 4.0 and later.	matched		https://learn.microsoft.com/en-us/previous-versions/windows/embedded/ms938511(v=msdn.10)
ms938520	mslearn-uncategorized	docs/mslearn/uncategorized/ms938520.html	OsAxSSetImageName	symbol_page	1	function	OsAxSSetImageName	first_code_block	osaxs.h.		Windows CE .NET 4.0 and later.	matched		https://learn.microsoft.com/en-us/previous-versions/windows/embedded/ms938520(v=msdn.10)
ms938523	mslearn-uncategorized	docs/mslearn/uncategorized/ms938523.html	PERF_100NSEC_MULTI_TIMER	identifier_title_no_requirements	0		PERF_100NSEC_MULTI_TIMER	none				no_candidate		https://learn.microsoft.com/en-us/previous-versions/windows/embedded/ms938523(v=msdn.10)
ms938527	mslearn-uncategorized	docs/mslearn/uncategorized/ms938527.html	PERF_100NSEC_MULTI_TIMER_INV	identifier_title_no_requirements	0		PERF_100NSEC_MULTI_TIMER_INV	none				no_candidate		https://learn.microsoft.com/en-us/previous-versions/windows/embedded/ms938527(v=msdn.10)
ms938529	mslearn-uncategorized	docs/mslearn/uncategorized/ms938529.html	PERF_100NSEC_TIMER	identifier_title_no_requirements	0		PERF_100NSEC_TIMER	none				no_candidate		https://learn.microsoft.com/en-us/previous-versions/windows/embedded/ms938529(v=msdn.10)
ms938533	mslearn-uncategorized	docs/mslearn/uncategorized/ms938533.html	PERF_100NSEC_TIMER_INV	identifier_title_no_requirements	0		PERF_100NSEC_TIMER_INV	none				no_candidate		https://learn.microsoft.com/en-us/previous-versions/windows/embedded/ms938533(v=msdn.10)
ms938535	mslearn-uncategorized	docs/mslearn/uncategorized/ms938535.html	PERF_AVERAGE_BULK	identifier_title_no_requirements	0		PERF_AVERAGE_BULK	none				no_candidate		https://learn.microsoft.com/en-us/previous-versions/windows/embedded/ms938535(v=msdn.10)
ms938538	mslearn-uncategorized	docs/mslearn/uncategorized/ms938538.html	PERF_AVERAGE_TIMER	identifier_title_no_requirements	0		PERF_AVERAGE_TIMER	none				no_candidate		https://learn.microsoft.com/en-us/previous-versions/windows/embedded/ms938538(v=msdn.10)
ms938543	mslearn-uncategorized	docs/mslearn/uncategorized/ms938543.html	PERF_COUNTER_BULK_COUNT	identifier_title_no_requirements	0		PERF_COUNTER_BULK_COUNT	none				no_candidate		https://learn.microsoft.com/en-us/previous-versions/windows/embedded/ms938543(v=msdn.10)
ms938544	mslearn-uncategorized	docs/mslearn/uncategorized/ms938544.html	PERF_COUNTER_COUNTER	identifier_title_no_requirements	0		PERF_COUNTER_COUNTER	none				no_candidate		https://learn.microsoft.com/en-us/previous-versions/windows/embedded/ms938544(v=msdn.10)
ms938549	mslearn-uncategorized	docs/mslearn/uncategorized/ms938549.html	PERF_COUNTER_LARGE_RAWCOUNT	identifier_title_no_requirements	0		PERF_COUNTER_LARGE_RAWCOUNT	none				no_candidate		https://learn.microsoft.com/en-us/previous-versions/windows/embedded/ms938549(v=msdn.10)
ms938552	mslearn-uncategorized	docs/mslearn/uncategorized/ms938552.html	PERF_COUNTER_LARGE_RAWCOUNT_HEX	identifier_title_no_requirements	0		PERF_COUNTER_LARGE_RAWCOUNT_HEX	none				no_candidate		https://learn.microsoft.com/en-us/previous-versions/windows/embedded/ms938552(v=msdn.10)
ms938559	mslearn-uncategorized	docs/mslearn/uncategorized/ms938559.html	PERF_COUNTER_MULTI_TIMER	identifier_title_no_requirements	0		PERF_COUNTER_MULTI_TIMER	none				no_candidate		https://learn.microsoft.com/en-us/previous-versions/windows/embedded/ms938559(v=msdn.10)
ms938563	mslearn-uncategorized	docs/mslearn/uncategorized/ms938563.html	PERF_COUNTER_MULTI_TIMER_INV	identifier_title_no_requirements	0		PERF_COUNTER_MULTI_TIMER_INV	none				no_candidate		https://learn.microsoft.com/en-us/previous-versions/windows/embedded/ms938563(v=msdn.10)
ms938570	mslearn-uncategorized	docs/mslearn/uncategorized/ms938570.html	PERF_COUNTER_QUEUELEN_TYPE	identifier_title_no_requirements	0		PERF_COUNTER_QUEUELEN_TYPE	none				no_candidate		https://learn.microsoft.com/en-us/previous-versions/windows/embedded/ms938570(v=msdn.10)
ms938577	mslearn-uncategorized	docs/mslearn/uncategorized/ms938577.html	PERF_COUNTER_RAWCOUNT	identifier_title_no_requirements	0		PERF_COUNTER_RAWCOUNT	none				no_candidate		https://learn.microsoft.com/en-us/previous-versions/windows/embedded/ms938577(v=msdn.10)
ms938582	mslearn-uncategorized	docs/mslearn/uncategorized/ms938582.html	PERF_COUNTER_RAWCOUNT_HEX	identifier_title_no_requirements	0		PERF_COUNTER_RAWCOUNT_HEX	none				no_candidate		https://learn.microsoft.com/en-us/previous-versions/windows/embedded/ms938582(v=msdn.10)
ms938588	mslearn-uncategorized	docs/mslearn/uncategorized/ms938588.html	PERF_COUNTER_TIMER	identifier_title_no_requirements	0		PERF_COUNTER_TIMER	none				no_candidate		https://learn.microsoft.com/en-us/previous-versions/windows/embedded/ms938588(v=msdn.10)
ms938593	mslearn-uncategorized	docs/mslearn/uncategorized/ms938593.html	PERF_COUNTER_TIMER_INV	identifier_title_no_requirements	0		PERF_COUNTER_TIMER_INV	none				no_candidate		https://learn.microsoft.com/en-us/previous-versions/windows/embedded/ms938593(v=msdn.10)
ms938598	mslearn-uncategorized	docs/mslearn/uncategorized/ms938598.html	PERF_ELAPSED_TIME	identifier_title_no_requirements	0		PERF_ELAPSED_TIME	none				no_candidate		https://learn.microsoft.com/en-us/previous-versions/windows/embedded/ms938598(v=msdn.10)
ms938601	mslearn-uncategorized	docs/mslearn/uncategorized/ms938601.html	PERF_RAW_FRACTION	identifier_title_no_requirements	0		PERF_RAW_FRACTION	none				no_candidate		https://learn.microsoft.com/en-us/previous-versions/windows/embedded/ms938601(v=msdn.10)
ms938607	mslearn-uncategorized	docs/mslearn/uncategorized/ms938607.html	PERF_SAMPLE_COUNTER	identifier_title_no_requirements	0		PERF_SAMPLE_COUNTER	none				no_candidate		https://learn.microsoft.com/en-us/previous-versions/windows/embedded/ms938607(v=msdn.10)
ms938611	mslearn-uncategorized	docs/mslearn/uncategorized/ms938611.html	PERF_SAMPLE_FRACTION	identifier_title_no_requirements	0		PERF_SAMPLE_FRACTION	none				no_candidate		https://learn.microsoft.com/en-us/previous-versions/windows/embedded/ms938611(v=msdn.10)
ms938616	mslearn-uncategorized	docs/mslearn/uncategorized/ms938616.html	ReadControlSpace	symbol_page	1	function	ReadControlSpace	first_code_block	Wdbgexts.h.	Developer defined.	Windows CE 3.0 and later.	matched		https://learn.microsoft.com/en-us/previous-versions/windows/embedded/ms938616(v=msdn.10)
ms938620	mslearn-uncategorized	docs/mslearn/uncategorized/ms938620.html	ReadIoSpace	symbol_page	1	function	ReadIoSpace	first_code_block	Wdbgexts.h.	Developer defined.	Windows CE 3.0 and later.	matched		https://learn.microsoft.com/en-us/previous-versions/windows/embedded/ms938620(v=msdn.10)
ms938628	mslearn-uncategorized	docs/mslearn/uncategorized/ms938628.html	ReadMemory	symbol_page	1	function	ReadMemory	first_code_block	Wdbgexts.h.	Developer defined.	Windows CE 3.0 and later.	matched		https://learn.microsoft.com/en-us/previous-versions/windows/embedded/ms938628(v=msdn.10)
ms938633	mslearn-uncategorized	docs/mslearn/uncategorized/ms938633.html	ReadPhysical	symbol_page	1	function	ReadPhysical	first_code_block	Wdbgexts.h.	Developer defined.	Windows CE 3.0 and later.	matched		https://learn.microsoft.com/en-us/previous-versions/windows/embedded/ms938633(v=msdn.10)
ms938660	mslearn-uncategorized	docs/mslearn/uncategorized/ms938660.html	SetContext	symbol_page	1	function	SetContext	first_code_block	Wdbgexts.h.	Developer defined.	Windows CE 3.0 and later.	matched		https://learn.microsoft.com/en-us/previous-versions/windows/embedded/ms938660(v=msdn.10)
ms938664	mslearn-uncategorized	docs/mslearn/uncategorized/ms938664.html	SetThreadForOperation	symbol_page	1	function	SetThreadForOperation	none	Wdbgexts.h.	Developer defined.	Windows CE 3.0 and later.	candidate_mismatch:SetTreadForOperation		https://learn.microsoft.com/en-us/previous-versions/windows/embedded/ms938664(v=msdn.10)
ms938669	mslearn-uncategorized	docs/mslearn/uncategorized/ms938669.html	SKIPBUILD	identifier_title_no_requirements	0		SKIPBUILD	none				no_candidate		https://learn.microsoft.com/en-us/previous-versions/windows/embedded/ms938669(v=msdn.10)
ms938684	mslearn-uncategorized	docs/mslearn/uncategorized/ms938684.html	StackTrace	symbol_page	1	function	StackTrace	first_code_block	Wdbgexts.h.	Developer defined.	Windows CE 3.0 and later.	matched		https://learn.microsoft.com/en-us/previous-versions/windows/embedded/ms938684(v=msdn.10)
