topics	statement	page	page_id	set	title	license
calling-convention	This function has a C-calling convention with a limited stack space of 256 bytes.	corpus/chm/windows-ce-3.0/_wcepb_OEMInterruptHandlerFIQ.html	_wcepb_OEMInterruptHandlerFIQ	chm/windows-ce-3.0	OEMInterruptHandlerFIQ	ce30-internal-reference
calling-convention	On 16-bit Windows systems, functions implemented with the CC_CDECL calling convention cannot have a return type of float or double.	corpus/chm/windows-ce-3.0/_wcesdk_CALLCONV.html	_wcesdk_CALLCONV	chm/windows-ce-3.0	CALLCONV	ce30-internal-reference
calling-convention	The CALLCONV enumeration identifies the calling convention used by a method described in the METHODDATA structure.	corpus/chm/windows-ce-3.0/_wcesdk_CALLCONV.html	_wcesdk_CALLCONV	chm/windows-ce-3.0	CALLCONV	ce30-internal-reference
calling-convention	Unlike other Win32 functions, wsprintf uses the C calling convention (_cdecl), rather than the Pascal calling convention.	corpus/chm/windows-ce-3.0/_wcesdk_Win32_wsprintf.html	_wcesdk_Win32_wsprintf	chm/windows-ce-3.0	wsprintf	ce30-internal-reference
calling-convention	The CDECL and Pascal calling conventions are supported by the dispatch interface creation functions.	corpus/chm/windows-ce-3.0/_wcesdk_oa96_METHODDATA.html	_wcesdk_oa96_METHODDATA	chm/windows-ce-3.0	METHODDATA	ce30-internal-reference
calling-convention	Unlike other Microsoft® Win32® functions, wsprintf uses the C calling convention (_cdecl), rather than the Pascal calling convention.	corpus/chm/windows-ce-5.0/wcecore5/html/wce50lrfwsprintf.html	wce50lrfwsprintf	chm/windows-ce-5.0/wcecore5/html	wsprintf	ms-media-copyright
calling-convention	This enumeration identifies the calling convention used by a method described in the METHODDATA structure.	corpus/chm/windows-ce-5.0/wcedcom5/html/wce50grfAutomationEnumerations.html	wce50grfAutomationEnumerations	chm/windows-ce-5.0/wcedcom5/html	Automation Enumerations	ms-media-copyright
calling-convention	Indicates that the Cdecl calling convention is used for a method.	corpus/chm/windows-ce-5.0/wcedcom5/html/wce50lrfCALLCONV.html	wce50lrfCALLCONV	chm/windows-ce-5.0/wcedcom5/html	CALLCONV	ms-media-copyright
calling-convention	Indicates that the Macpascal calling convention is used for a method.	corpus/chm/windows-ce-5.0/wcedcom5/html/wce50lrfCALLCONV.html	wce50lrfCALLCONV	chm/windows-ce-5.0/wcedcom5/html	CALLCONV	ms-media-copyright
calling-convention	Indicates that the Mpwcdecl calling convention is used for a method.	corpus/chm/windows-ce-5.0/wcedcom5/html/wce50lrfCALLCONV.html	wce50lrfCALLCONV	chm/windows-ce-5.0/wcedcom5/html	CALLCONV	ms-media-copyright
calling-convention	Indicates that the Mpwpascal calling convention is used for a method.	corpus/chm/windows-ce-5.0/wcedcom5/html/wce50lrfCALLCONV.html	wce50lrfCALLCONV	chm/windows-ce-5.0/wcedcom5/html	CALLCONV	ms-media-copyright
calling-convention	Indicates that the Mscpascal calling convention is used for a method.	corpus/chm/windows-ce-5.0/wcedcom5/html/wce50lrfCALLCONV.html	wce50lrfCALLCONV	chm/windows-ce-5.0/wcedcom5/html	CALLCONV	ms-media-copyright
calling-convention	Indicates that the Pascal calling convention is used for a method.	corpus/chm/windows-ce-5.0/wcedcom5/html/wce50lrfCALLCONV.html	wce50lrfCALLCONV	chm/windows-ce-5.0/wcedcom5/html	CALLCONV	ms-media-copyright
calling-convention	Indicates that the Stdcall calling convention is used for a method.	corpus/chm/windows-ce-5.0/wcedcom5/html/wce50lrfCALLCONV.html	wce50lrfCALLCONV	chm/windows-ce-5.0/wcedcom5/html	CALLCONV	ms-media-copyright
calling-convention	Indicates that the Syscall calling convention is used for a method.	corpus/chm/windows-ce-5.0/wcedcom5/html/wce50lrfCALLCONV.html	wce50lrfCALLCONV	chm/windows-ce-5.0/wcedcom5/html	CALLCONV	ms-media-copyright
calling-convention	On 16-bit Windows systems, functions implemented with the CC_CDECL calling convention cannot have a return type of float or double.	corpus/chm/windows-ce-5.0/wcedcom5/html/wce50lrfCALLCONV.html	wce50lrfCALLCONV	chm/windows-ce-5.0/wcedcom5/html	CALLCONV	ms-media-copyright
calling-convention	This enumeration identifies the calling convention used by a method described in the METHODDATA structure.	corpus/chm/windows-ce-5.0/wcedcom5/html/wce50lrfCALLCONV.html	wce50lrfCALLCONV	chm/windows-ce-5.0/wcedcom5/html	CALLCONV	ms-media-copyright
calling-convention	The CDECL and Pascal calling conventions are supported by the dispatch interface creation functions.	corpus/chm/windows-ce-5.0/wcedcom5/html/wce50lrfMETHODDATA.html	wce50lrfMETHODDATA	chm/windows-ce-5.0/wcedcom5/html	METHODDATA	ms-media-copyright
calling-convention	These operating system functions use the _stdcall calling convention, but the	corpus/kb/260/q260567.html	q260567	kb/260	BUG: LNK2019 When Building For Pocket PC Emulation	kb-article-copyright
calling-convention	This number of required bytes includes those arguments that the function can pass in registers, unless the N32 calling convention is in use.	corpus/learn/windows-ce-5.0/aa448708(v=msdn.10).html	aa448708(v=msdn.10)	learn/windows-ce-5.0	MIPS Prolog (Windows CE 5.0)	learn-tou
calling-convention	The third declaration, void __stdcall foo3() throw(); is the syntax defined by the C++ standard.	corpus/learn/windows-ce-5.0/aa448725(v=msdn.10).html	aa448725(v=msdn.10)	learn/windows-ce-5.0	nothrow (Windows CE 5.0)	learn-tou
calling-convention	Using void __declspec(nothrow)__stdcall foo2(); has the advantage that you can use an API definition, such as the illustrated by the #define statement, to easily specify nothrow on a set of functions.	corpus/learn/windows-ce-5.0/aa448725(v=msdn.10).html	aa448725(v=msdn.10)	learn/windows-ce-5.0	nothrow (Windows CE 5.0)	learn-tou
calling-convention	A function has more than one keyword ( __cdecl, __fortran, __pascal, or __fastcall) specifying a calling convention.	corpus/learn/windows-ce-5.0/aa448970(v=msdn.10).html	aa448970(v=msdn.10)	learn/windows-ce-5.0	Compiler Error C2151 (Windows CE 5.0)	learn-tou
calling-convention	A pointer to a function with one calling convention (__cdecl, __fortran, __pascal, or __fastcall) is assigned to a pointer to a function with another calling convention.	corpus/learn/windows-ce-5.0/aa448971(v=msdn.10).html	aa448971(v=msdn.10)	learn/windows-ce-5.0	Compiler Error C2152 (Windows CE 5.0)	learn-tou
calling-convention	'class2::function2' only by return type or calling convention	corpus/learn/windows-ce-5.0/aa449122(v=msdn.10).html	aa449122(v=msdn.10)	learn/windows-ce-5.0	Compiler Error C2555 (Windows CE 5.0)	learn-tou
calling-convention	Overloaded functions cannot differ by calling convention or memory model alone.	corpus/learn/windows-ce-5.0/aa449127(v=msdn.10).html	aa449127(v=msdn.10)	learn/windows-ce-5.0	Compiler Error C2560 (Windows CE 5.0)	learn-tou
calling-convention	A __stdcall function must be preceded by a prototype.	corpus/learn/windows-ce-5.0/aa449254(v=msdn.10).html	aa449254(v=msdn.10)	learn/windows-ce-5.0	Compiler Error C2708 (Windows CE 5.0)	learn-tou
calling-convention	A DLL; calls DllMain, which must be defined with __cdecl, if it exists.	corpus/learn/windows-ce-5.0/aa449732(v=msdn.10).html	aa449732(v=msdn.10)	learn/windows-ce-5.0	/ENTRY (Windows CE 5.0)	learn-tou
calling-convention	An application using /SUBSYSTEM:WINDOWSCE; calls WinMain, which must be defined with __cdecl.	corpus/learn/windows-ce-5.0/aa449732(v=msdn.10).html	aa449732(v=msdn.10)	learn/windows-ce-5.0	/ENTRY (Windows CE 5.0)	learn-tou
calling-convention	An application using /SUBSYSTEM:WINDOWSCE; calls wWinMain, which must be defined with __cdecl.	corpus/learn/windows-ce-5.0/aa449732(v=msdn.10).html	aa449732(v=msdn.10)	learn/windows-ce-5.0	/ENTRY (Windows CE 5.0)	learn-tou
calling-convention	You must define the function with the __cdecl calling convention.	corpus/learn/windows-ce-5.0/aa449732(v=msdn.10).html	aa449732(v=msdn.10)	learn/windows-ce-5.0	/ENTRY (Windows CE 5.0)	learn-tou
calling-convention	Note Do not specify the decorated form of C identifiers that are declared __cdecl or __stdcall.	corpus/learn/windows-ce-5.0/aa449735(v=msdn.10).html	aa449735(v=msdn.10)	learn/windows-ce-5.0	/EXPORT (Windows CE 5.0)	learn-tou
calling-convention	Note Do not specify the decorated form of C identifiers that are declared __cdecl or __stdcall.	corpus/learn/windows-ce-5.0/aa449775(v=msdn.10).html	aa449775(v=msdn.10)	learn/windows-ce-5.0	/ORDER (Windows CE 5.0)	learn-tou
calling-convention	Unlike other Microsoft® Win32® functions, wsprintf uses the C calling convention (_cdecl), rather than the Pascal calling convention.	corpus/learn/windows-ce-5.0/aa450993(v=msdn.10).html	aa450993(v=msdn.10)	learn/windows-ce-5.0	wsprintf (Windows CE 5.0)	learn-tou
calling-convention	inline void * __cdecl operator new(size_t cb) { return LocalAlloc(LPTR, cb); }	corpus/learn/windows-ce-5.0/aa451938(v=msdn.10).html	aa451938(v=msdn.10)	learn/windows-ce-5.0	Creating a Browser Class (Windows CE 5.0)	learn-tou
calling-convention	This enumeration identifies the calling convention used by a method described in the METHODDATA structure.	corpus/learn/windows-ce-5.0/aa513565(v=msdn.10).html	aa513565(v=msdn.10)	learn/windows-ce-5.0	Automation Enumerations (Windows CE 5.0)	learn-tou
calling-convention	Indicates that the Cdecl calling convention is used for a method.	corpus/learn/windows-ce-5.0/ms863871(v=msdn.10).html	ms863871(v=msdn.10)	learn/windows-ce-5.0	CALLCONV (Windows CE 5.0)	learn-tou
calling-convention	Indicates that the Macpascal calling convention is used for a method.	corpus/learn/windows-ce-5.0/ms863871(v=msdn.10).html	ms863871(v=msdn.10)	learn/windows-ce-5.0	CALLCONV (Windows CE 5.0)	learn-tou
calling-convention	Indicates that the Mpwcdecl calling convention is used for a method.	corpus/learn/windows-ce-5.0/ms863871(v=msdn.10).html	ms863871(v=msdn.10)	learn/windows-ce-5.0	CALLCONV (Windows CE 5.0)	learn-tou
calling-convention	Indicates that the Mpwpascal calling convention is used for a method.	corpus/learn/windows-ce-5.0/ms863871(v=msdn.10).html	ms863871(v=msdn.10)	learn/windows-ce-5.0	CALLCONV (Windows CE 5.0)	learn-tou
calling-convention	Indicates that the Mscpascal calling convention is used for a method.	corpus/learn/windows-ce-5.0/ms863871(v=msdn.10).html	ms863871(v=msdn.10)	learn/windows-ce-5.0	CALLCONV (Windows CE 5.0)	learn-tou
calling-convention	Indicates that the Pascal calling convention is used for a method.	corpus/learn/windows-ce-5.0/ms863871(v=msdn.10).html	ms863871(v=msdn.10)	learn/windows-ce-5.0	CALLCONV (Windows CE 5.0)	learn-tou
calling-convention	Indicates that the Stdcall calling convention is used for a method.	corpus/learn/windows-ce-5.0/ms863871(v=msdn.10).html	ms863871(v=msdn.10)	learn/windows-ce-5.0	CALLCONV (Windows CE 5.0)	learn-tou
calling-convention	Indicates that the Syscall calling convention is used for a method.	corpus/learn/windows-ce-5.0/ms863871(v=msdn.10).html	ms863871(v=msdn.10)	learn/windows-ce-5.0	CALLCONV (Windows CE 5.0)	learn-tou
calling-convention	On 16-bit Windows systems, functions implemented with the CC_CDECL calling convention cannot have a return type of float or double.	corpus/learn/windows-ce-5.0/ms863871(v=msdn.10).html	ms863871(v=msdn.10)	learn/windows-ce-5.0	CALLCONV (Windows CE 5.0)	learn-tou
calling-convention	This enumeration identifies the calling convention used by a method described in the METHODDATA structure.	corpus/learn/windows-ce-5.0/ms863871(v=msdn.10).html	ms863871(v=msdn.10)	learn/windows-ce-5.0	CALLCONV (Windows CE 5.0)	learn-tou
calling-convention	The calling convention ( __cdecl, __stdcall, or __fastcall) differs on the use of the function declaration and the function definition.	corpus/learn/windows-ce-5.0/ms864722(v=msdn.10).html	ms864722(v=msdn.10)	learn/windows-ce-5.0	Linker Tools Error LNK2019 (Windows CE 5.0)	learn-tou
calling-convention	An object of class, struct, or union type with a user-defined copy constructor is subject to this calling convention change if it is passed by value.	corpus/learn/windows-ce-5.0/ms864735(v=msdn.10).html	ms864735(v=msdn.10)	learn/windows-ce-5.0	Compiler Warning (level 1) C4567 (Windows CE 5.0)	learn-tou
calling-convention	The two calling conventions are not compatible, and linking object files from an older compiler with newer object files can result in unpredictable behavior and crashes if such a parameter is passed by value between the old and new object files.	corpus/learn/windows-ce-5.0/ms864735(v=msdn.10).html	ms864735(v=msdn.10)	learn/windows-ce-5.0	Compiler Warning (level 1) C4567 (Windows CE 5.0)	learn-tou
calling-convention	Use this warning to find places in your code where the calling convention has changed.	corpus/learn/windows-ce-5.0/ms864735(v=msdn.10).html	ms864735(v=msdn.10)	learn/windows-ce-5.0	Compiler Warning (level 1) C4567 (Windows CE 5.0)	learn-tou
calling-convention	Versions of the compiler older than 14.00 use a different calling convention than 14.00, and newer compilers pass certain function parameters by value.	corpus/learn/windows-ce-5.0/ms864735(v=msdn.10).html	ms864735(v=msdn.10)	learn/windows-ce-5.0	Compiler Warning (level 1) C4567 (Windows CE 5.0)	learn-tou
calling-convention	The CDECL and Pascal calling conventions are supported by the dispatch interface creation functions.	corpus/learn/windows-ce-5.0/ms892346(v=msdn.10).html	ms892346(v=msdn.10)	learn/windows-ce-5.0	METHODDATA (Windows CE 5.0)	learn-tou
calling-convention	Any volatile registers can be used in accordance with the C calling convention without using save/restore.	corpus/learn/windows-ce-5.0/ms902332(v=msdn.10).html	ms902332(v=msdn.10)	learn/windows-ce-5.0	MIPS Microprocessor (Windows CE 5.0)	learn-tou
calling-convention	Any volatile registers can be used in accordance with the C calling convention without using save/restore.	corpus/learn/windows-ce-5.0/ms902372(v=msdn.10).html	ms902372(v=msdn.10)	learn/windows-ce-5.0	SHx Microprocessor (Windows CE 5.0)	learn-tou
calling-convention	This function has a C-language calling convention with a limited stack space of 256 bytes.	corpus/learn/windows-ce-5.0/ms904915(v=msdn.10).html	ms904915(v=msdn.10)	learn/windows-ce-5.0	OEMInterruptHandlerFIQ (Windows CE 5.0)	learn-tou
calling-convention	Under ANSI compatibility (/Za), a function template specialization cannot differ from the primary function template by return type or calling convention only.	corpus/learn/windows-ce-5.0/ms908706(v=msdn.10).html	ms908706(v=msdn.10)	learn/windows-ce-5.0	Compiler Error C2901 (Windows CE 5.0)	learn-tou
calling-convention	This warning occurs when the calling convention of an explicit specialization of a function template is different from that of the function template.	corpus/learn/windows-ce-5.0/ms909199(v=msdn.10).html	ms909199(v=msdn.10)	learn/windows-ce-5.0	Compiler Warning (level 1) C4666 (Windows CE 5.0)	learn-tou
calling-convention	Buffer overruns are more easily exploited on machines, such as x86, with calling conventions that pass the return address of function calls on the stack.	corpus/learn/windows-ce-5.0/ms924298(v=msdn.10).html	ms924298(v=msdn.10)	learn/windows-ce-5.0	/GS - Enable Security Checks (Windows CE 5.0)	learn-tou
calling-convention	The compiler adds a leading at (@) sign to names modified by __fastcall calling conventions; it also appends argument-size information to names modified by the __fastcall and __stdcall calling conventions and adds type information to C++ names.	corpus/learn/windows-ce-5.0/ms924308(v=msdn.10).html	ms924308(v=msdn.10)	learn/windows-ce-5.0	/H - Restrict Length of External Names (Windows CE 5.0)	learn-tou
calling-convention	When using sysimport on a function, the function cannot be declared with the __fastcall or __thiscall calling convention.	corpus/learn/windows-ce-5.0/ms929577(v=msdn.10).html	ms929577(v=msdn.10)	learn/windows-ce-5.0	Compiler Error C3607 (Windows CE 5.0)	learn-tou
calling-convention	Extra parameters are passed according to the calling convention of the function.	corpus/learn/windows-ce-5.0/ms929756(v=msdn.10).html	ms929756(v=msdn.10)	learn/windows-ce-5.0	Compiler Warning (level 1) C4087 (Windows CE 5.0)	learn-tou
calling-convention	The __fastcall convention generates faster code, but stack checking causes slower code.	corpus/learn/windows-ce-5.0/ms929780(v=msdn.10).html	ms929780(v=msdn.10)	learn/windows-ce-5.0	Compiler Warning (level 1) C4124 (Windows CE 5.0)	learn-tou
calling-convention	The __fastcall keyword was used with stack checking enabled.	corpus/learn/windows-ce-5.0/ms929780(v=msdn.10).html	ms929780(v=msdn.10)	learn/windows-ce-5.0	Compiler Warning (level 1) C4124 (Windows CE 5.0)	learn-tou
calling-convention	A function with the specified calling convention cannot be used with a variable number of arguments.	corpus/learn/windows-ce-5.0/ms929798(v=msdn.10).html	ms929798(v=msdn.10)	learn/windows-ce-5.0	Compiler Warning (level 1) C4165 (Windows CE 5.0)	learn-tou
calling-convention	Constructors and destructors cannot have calling conventions other than the default for the hardware platform (except when you explicitly specify __stdcall).	corpus/learn/windows-ce-5.0/ms929799(v=msdn.10).html	ms929799(v=msdn.10)	learn/windows-ce-5.0	Compiler Warning (level 1) C4166 (Windows CE 5.0)	learn-tou
calling-convention	A function with the __pascal or __fastcall calling convention is not prototyped or has an old-style prototype.	corpus/learn/windows-ce-5.0/ms929803(v=msdn.10).html	ms929803(v=msdn.10)	learn/windows-ce-5.0	Compiler Warning (level 1) C4171 (Windows CE 5.0)	learn-tou
calling-convention	Using a Microsoft modifier such as __cdecl on a data declaration is an outdated practice.	corpus/learn/windows-ce-5.0/ms929840(v=msdn.10).html	ms929840(v=msdn.10)	learn/windows-ce-5.0	Compiler Warning (level 1) C4229 (Windows CE 5.0)	learn-tou
calling-convention	Using a qualifier before a Microsoft modifier such as __cdecl is an outdated practice.	corpus/learn/windows-ce-5.0/ms929841(v=msdn.10).html	ms929841(v=msdn.10)	learn/windows-ce-5.0	Compiler Warning (level 1) C4230 (Windows CE 5.0)	learn-tou
calling-convention	Based on the code sample below, if the definition of the constructor S2::S2( int i, ... ) were compiled with a version of Microsoft® eMbedded Visual C++® prior to 6.1, but the code snippet here were compiled with 6.1, the call to the constructor for S3 would not work correctly, due to a special-case calling convention change.	corpus/learn/windows-ce-5.0/ms929847(v=msdn.10).html	ms929847(v=msdn.10)	learn/windows-ce-5.0	Compiler Warning (level 1) C4256 (Windows CE 5.0)	learn-tou
calling-convention	Microsoft calling convention specifiers are used for disambiguation between overloaded functions.	corpus/learn/windows-ce-5.0/ms929851(v=msdn.10).html	ms929851(v=msdn.10)	learn/windows-ce-5.0	Compiler Warning (level 1) C4261 (Windows CE 5.0)	learn-tou
calling-convention	The virtual mechanism will not be invoked for functions with differing calling conventions.	corpus/learn/windows-ce-5.0/ms929851(v=msdn.10).html	ms929851(v=msdn.10)	learn/windows-ce-5.0	Compiler Warning (level 1) C4261 (Windows CE 5.0)	learn-tou
calling-convention	no override, 'class1::func1' has 'model1' calling convention whereas	corpus/learn/windows-ce-5.0/ms929851(v=msdn.10).html	ms929851(v=msdn.10)	learn/windows-ce-5.0	Compiler Warning (level 1) C4261 (Windows CE 5.0)	learn-tou
calling-convention	If an application is compiled with an ambient calling convention other than __stdcall and you do not explicitly state what the calling convention is in the implementation, you will also get this warning.	corpus/learn/windows-ce-5.0/ms929974(v=msdn.10).html	ms929974(v=msdn.10)	learn/windows-ce-5.0	Compiler Warning (level 1) C4911 (Windows CE 5.0)	learn-tou
calling-convention	The compiler checks for the mismatched calling convention and replaces the calling convention specified in the implementing class with the calling convention specified in the interface.	corpus/learn/windows-ce-5.0/ms929974(v=msdn.10).html	ms929974(v=msdn.10)	learn/windows-ce-5.0	Compiler Warning (level 1) C4911 (Windows CE 5.0)	learn-tou
calling-convention	using the 'calling convention' calling convention specified in the interface 'interface'	corpus/learn/windows-ce-5.0/ms929974(v=msdn.10).html	ms929974(v=msdn.10)	learn/windows-ce-5.0	Compiler Warning (level 1) C4911 (Windows CE 5.0)	learn-tou
calling-convention	For example, the function main must have the __cdecl attribute.	corpus/learn/windows-ce-5.0/ms929980(v=msdn.10).html	ms929980(v=msdn.10)	learn/windows-ce-5.0	Compiler Warning (level 2) C4007 (Windows CE 5.0)	learn-tou
calling-convention	Functions with a variable number of arguments require __cdecl.	corpus/learn/windows-ce-5.0/ms929986(v=msdn.10).html	ms929986(v=msdn.10)	learn/windows-ce-5.0	Compiler Warning (level 2) C4096 (Windows CE 5.0)	learn-tou
calling-convention	d:\msdev4\include\oledlg.h(1689): warning C4096 '__cdecl' must be used with '...'	corpus/learn/windows-ce-5.0/ms929986(v=msdn.10).html	ms929986(v=msdn.10)	learn/windows-ce-5.0	Compiler Warning (level 2) C4096 (Windows CE 5.0)	learn-tou
calling-convention	Either recompile the function with the /Gz option or specify __stdcall or WINAPI when you define the function.	corpus/learn/windows-ce-5.0/ms931571(v=msdn.10).html	ms931571(v=msdn.10)	learn/windows-ce-5.0	Linker Tools Warning LNK4086 (Windows CE 5.0)	learn-tou
calling-convention	The entry point for a DLL must be __stdcall.	corpus/learn/windows-ce-5.0/ms931571(v=msdn.10).html	ms931571(v=msdn.10)	learn/windows-ce-5.0	Linker Tools Warning LNK4086 (Windows CE 5.0)	learn-tou
calling-convention	entrypoint 'function' is not __stdcall with 12 bytes of arguments;	corpus/learn/windows-ce-5.0/ms931571(v=msdn.10).html	ms931571(v=msdn.10)	learn/windows-ce-5.0	Linker Tools Warning LNK4086 (Windows CE 5.0)	learn-tou
calling-convention	For example, using a function pointer, you call a function in a DLL that is exported as __stdcall but you declare the pointer to the function as __cdecl.	corpus/learn/windows-ce-5.0/ms933097(v=msdn.10).html	ms933097(v=msdn.10)	learn/windows-ce-5.0	/RTC - Run-Time Error Checks (Windows CE 5.0)	learn-tou
calling-convention	Stack pointer corruption can be caused by a calling convention mismatch.	corpus/learn/windows-ce-5.0/ms933097(v=msdn.10).html	ms933097(v=msdn.10)	learn/windows-ce-5.0	/RTC - Run-Time Error Checks (Windows CE 5.0)	learn-tou
calling-convention	The compiler back end can enforce restrictions on the arguments, including the trap number, and can define a special calling convention for the trap.	corpus/learn/windows-ce-5.0/ms933751(v=msdn.10).html	ms933751(v=msdn.10)	learn/windows-ce-5.0	_trap (Windows CE 5.0)	learn-tou
calling-convention	If additional arguments are included, the function passes the values according to the standard ARM calling convention with one exception: no arguments or parts of arguments may be passed in memory, that is, on the stack.	corpus/learn/windows-ce-5.0/ms933776(v=msdn.10).html	ms933776(v=msdn.10)	learn/windows-ce-5.0	_swi (Windows CE 5.0)	learn-tou
calling-convention	In the include files provided with the C run-time libraries, this identifier is used with #ifndef to control use of the __cdecl keyword on library function prototypes.	corpus/learn/windows-ce-5.0/ms937408(v=msdn.10).html	ms937408(v=msdn.10)	learn/windows-ce-5.0	/Za - Disable Language Extensions (Windows CE 5.0)	learn-tou
calling-convention	(To get support for a variable number of parameters, use the __cdecl keyword, and then modify the .NET Compact Framework function declaration to match.)	corpus/learn/windows-ce-net-4x/ms836774(v=msdn.10).html	ms836774(v=msdn.10)	learn/windows-ce-net-4x	Choosing a Windows Embedded API: Win32 vs. the .NET Compact Framework	learn-tou
calling-convention	Select the __stdcall calling convention, which is the default used by the .NET Compact Framework to call into Win32 functions (see example, below).	corpus/learn/windows-ce-net-4x/ms836774(v=msdn.10).html	ms836774(v=msdn.10)	learn/windows-ce-net-4x	Choosing a Windows Embedded API: Win32 vs. the .NET Compact Framework	learn-tou
calling-convention	Because the __asm statement follows the standard MIPS calling conventions, and because each individual __asm statement is treated as a function call, you do not need to worry about preserving arguments in the current function.	corpus/learn/windows-ce-net-4x/ms863638(v=msdn.10).html	ms863638(v=msdn.10)	learn/windows-ce-net-4x	C or C++ References in MIPS Inline Assembly (Windows CE .NET 4.2)	learn-tou
calling-convention	The compiler adds a leading at sign to names modified by __fastcall calling conventions; it also appends argument-size information to names modified by the __fastcall and __stdcall calling conventions and adds type information to C++ names.	corpus/learn/windows-ce-net-4x/ms864142(v=msdn.10).html	ms864142(v=msdn.10)	learn/windows-ce-net-4x	/H - Restrict Length of External Names (Windows CE .NET 4.2)	learn-tou
calling-convention	In the include files provided with the C run-time libraries, this identifier is used with #ifndef to control use of the __cdecl keyword on library function prototypes.	corpus/learn/windows-ce-net-4x/ms864506(v=msdn.10).html	ms864506(v=msdn.10)	learn/windows-ce-net-4x	/Za - Disable Language Extensions (Windows CE .NET 4.2)	learn-tou
calling-convention	The compiler back end can enforce restrictions on the arguments, including the trap number, and can define a special calling convention for the trap.	corpus/learn/windows-ce-net-4x/ms881365(v=msdn.10).html	ms881365(v=msdn.10)	learn/windows-ce-net-4x	_trap (Windows CE .NET 4.2)	learn-tou
calling-convention	This register would contain float u if using SH-3 calling convention or using varargs	corpus/learn/windows-ce-net-4x/ms881433(v=msdn.10).html	ms881433(v=msdn.10)	learn/windows-ce-net-4x	Floating-Point Parameter Example (Windows CE .NET 4.2)	learn-tou
calling-convention	This number of required bytes includes those arguments that the function can pass in registers, unless the N32 calling convention is in use.	corpus/learn/windows-ce-net-4x/ms881463(v=msdn.10).html	ms881463(v=msdn.10)	learn/windows-ce-net-4x	MIPSII Prolog Example (Windows CE .NET 4.2)	learn-tou
calling-convention	Indicates that the Cdecl calling convention is used for a method.	corpus/learn/windows-ce-net-4x/ms886161(v=msdn.10).html	ms886161(v=msdn.10)	learn/windows-ce-net-4x	CALLCONV	learn-tou
calling-convention	Indicates that the Macpascal calling convention is used for a method.	corpus/learn/windows-ce-net-4x/ms886161(v=msdn.10).html	ms886161(v=msdn.10)	learn/windows-ce-net-4x	CALLCONV	learn-tou
calling-convention	Indicates that the Mpwcdecl calling convention is used for a method.	corpus/learn/windows-ce-net-4x/ms886161(v=msdn.10).html	ms886161(v=msdn.10)	learn/windows-ce-net-4x	CALLCONV	learn-tou
calling-convention	Indicates that the Mpwpascal calling convention is used for a method.	corpus/learn/windows-ce-net-4x/ms886161(v=msdn.10).html	ms886161(v=msdn.10)	learn/windows-ce-net-4x	CALLCONV	learn-tou
calling-convention	Indicates that the Mscpascal calling convention is used for a method.	corpus/learn/windows-ce-net-4x/ms886161(v=msdn.10).html	ms886161(v=msdn.10)	learn/windows-ce-net-4x	CALLCONV	learn-tou
calling-convention	Indicates that the Pascal calling convention is used for a method.	corpus/learn/windows-ce-net-4x/ms886161(v=msdn.10).html	ms886161(v=msdn.10)	learn/windows-ce-net-4x	CALLCONV	learn-tou
calling-convention	Indicates that the Stdcall calling convention is used for a method.	corpus/learn/windows-ce-net-4x/ms886161(v=msdn.10).html	ms886161(v=msdn.10)	learn/windows-ce-net-4x	CALLCONV	learn-tou
calling-convention	Indicates that the Syscall calling convention is used for a method.	corpus/learn/windows-ce-net-4x/ms886161(v=msdn.10).html	ms886161(v=msdn.10)	learn/windows-ce-net-4x	CALLCONV	learn-tou
calling-convention	On 16-bit Windows systems, functions implemented with the CC_CDECL calling convention cannot have a return type of float or double.	corpus/learn/windows-ce-net-4x/ms886161(v=msdn.10).html	ms886161(v=msdn.10)	learn/windows-ce-net-4x	CALLCONV	learn-tou
calling-convention	This enumeration identifies the calling convention used by a method described in the METHODDATA structure.	corpus/learn/windows-ce-net-4x/ms886161(v=msdn.10).html	ms886161(v=msdn.10)	learn/windows-ce-net-4x	CALLCONV	learn-tou
calling-convention	The CDECL and Pascal calling conventions are supported by the dispatch interface creation functions.	corpus/learn/windows-ce-net-4x/ms890768(v=msdn.10).html	ms890768(v=msdn.10)	learn/windows-ce-net-4x	METHODDATA	learn-tou
calling-convention	Any volatile registers can be used in accordance with the C calling convention without using save/restore.	corpus/learn/windows-embedded-ce-6.0/ee478691(v=winembedded.60).html	ee478691(v=winembedded.60)	learn/windows-embedded-ce-6.0	SHx Microprocessor (Windows Embedded CE 6.0)	learn-tou
calling-convention	Any volatile registers can be used in accordance with the C calling convention without using save/restore.	corpus/learn/windows-embedded-ce-6.0/ee479160(v=winembedded.60).html	ee479160(v=winembedded.60)	learn/windows-embedded-ce-6.0	MIPS Microprocessor (Windows Embedded CE 6.0)	learn-tou
calling-convention	This function has a C-language calling convention with a limited stack space of 256 bytes.	corpus/learn/windows-embedded-ce-6.0/ee479208(v=winembedded.60).html	ee479208(v=winembedded.60)	learn/windows-embedded-ce-6.0	OEMInterruptHandlerFIQ (Windows Embedded CE 6.0)	learn-tou
calling-convention	For information about the calling conventions to use, see ARM Calling Sequence Specification.	corpus/learn/windows-embedded-ce-6.0/ee479525(v=winembedded.60).html	ee479525(v=winembedded.60)	learn/windows-embedded-ce-6.0	Exports from the Floating Point C Run-Time Library (Windows Embedded CE 6.0)	learn-tou
calling-convention	However, all exports must use the correct ordinal and the correct calling convention.	corpus/learn/windows-embedded-ce-6.0/ee479525(v=winembedded.60).html	ee479525(v=winembedded.60)	learn/windows-embedded-ce-6.0	Exports from the Floating Point C Run-Time Library (Windows Embedded CE 6.0)	learn-tou
calling-convention	If additional arguments are included, the function passes the values according to the standard ARM calling convention with one exception: no arguments or parts of arguments may be passed in memory, that is, on the stack.	corpus/learn/windows-embedded-ce-6.0/ee479719(v=winembedded.60).html	ee479719(v=winembedded.60)	learn/windows-embedded-ce-6.0	_swi (Windows Embedded CE 6.0)	learn-tou
calling-convention	This number of required bytes includes those arguments that the function can pass in registers, unless the N32 calling convention is in use.	corpus/learn/windows-embedded-ce-6.0/ee479886(v=winembedded.60).html	ee479886(v=winembedded.60)	learn/windows-embedded-ce-6.0	MIPS Prolog (Windows Embedded CE 6.0)	learn-tou
calling-convention	An object of class, struct, or union type with a user-defined copy constructor is subject to this calling convention change if it is passed by value.	corpus/learn/windows-embedded-ce-6.0/ee480101(v=winembedded.60).html	ee480101(v=winembedded.60)	learn/windows-embedded-ce-6.0	Compiler Warning (Level 1) C4567 (Windows Embedded CE 6.0)	learn-tou
calling-convention	If you are linking to object files from older compilers, use this warning to find places in your code where the calling convention has changed.	corpus/learn/windows-embedded-ce-6.0/ee480101(v=winembedded.60).html	ee480101(v=winembedded.60)	learn/windows-embedded-ce-6.0	Compiler Warning (Level 1) C4567 (Windows Embedded CE 6.0)	learn-tou
calling-convention	The two calling conventions are not compatible, and linking object files from an older compiler with newer object files can result in unpredictable behavior and crashes if such a parameter is passed by value between the old and new object files.	corpus/learn/windows-embedded-ce-6.0/ee480101(v=winembedded.60).html	ee480101(v=winembedded.60)	learn/windows-embedded-ce-6.0	Compiler Warning (Level 1) C4567 (Windows Embedded CE 6.0)	learn-tou
calling-convention	Versions of the compiler older than 14.00 use a different calling convention than newer compilers when passing certain function parameters by value.	corpus/learn/windows-embedded-ce-6.0/ee480101(v=winembedded.60).html	ee480101(v=winembedded.60)	learn/windows-embedded-ce-6.0	Compiler Warning (Level 1) C4567 (Windows Embedded CE 6.0)	learn-tou
calling-convention	Buffer overruns are more easily exploited on computers that have microprocessors, such as x86, with calling conventions that pass the return address of function calls on the stack.	corpus/learn/windows-embedded-ce-6.0/ee480135(v=winembedded.60).html	ee480135(v=winembedded.60)	learn/windows-embedded-ce-6.0	/GS - Enable Security Checks (Windows Embedded CE 6.0)	learn-tou
calling-convention	All required floating point C run-time exports use the same ARM C calling conventions as the Microsoft C/C++ compilers.	corpus/learn/windows-embedded-ce-6.0/ee480149(v=winembedded.60).html	ee480149(v=winembedded.60)	learn/windows-embedded-ce-6.0	Guidelines for Implementing the Application Binary Interface (Windows Embedded CE 6.0)	learn-tou
calling-convention	The compiler backend can enforce restrictions on the arguments, including the trap number, and can define a special calling convention for the trap.	corpus/learn/windows-embedded-ce-6.0/ee480167(v=winembedded.60).html	ee480167(v=winembedded.60)	learn/windows-embedded-ce-6.0	__trap (Windows Embedded CE 6.0)	learn-tou
calling-convention	inline void * __cdecl operator new(size_t cb) { return LocalAlloc(LPTR, cb); }	corpus/learn/windows-embedded-ce-6.0/ee487497(v=winembedded.60).html	ee487497(v=winembedded.60)	learn/windows-embedded-ce-6.0	Creating a Browser Class (Windows Embedded CE 6.0)	learn-tou
calling-convention	Indicates that the Cdecl calling convention is used for a method.	corpus/learn/windows-embedded-ce-6.0/ee487722(v=winembedded.60).html	ee487722(v=winembedded.60)	learn/windows-embedded-ce-6.0	CALLCONV (Windows Embedded CE 6.0)	learn-tou
calling-convention	Indicates that the Macpascal calling convention is used for a method.	corpus/learn/windows-embedded-ce-6.0/ee487722(v=winembedded.60).html	ee487722(v=winembedded.60)	learn/windows-embedded-ce-6.0	CALLCONV (Windows Embedded CE 6.0)	learn-tou
calling-convention	Indicates that the Mpwcdecl calling convention is used for a method.	corpus/learn/windows-embedded-ce-6.0/ee487722(v=winembedded.60).html	ee487722(v=winembedded.60)	learn/windows-embedded-ce-6.0	CALLCONV (Windows Embedded CE 6.0)	learn-tou
calling-convention	Indicates that the Mpwpascal calling convention is used for a method.	corpus/learn/windows-embedded-ce-6.0/ee487722(v=winembedded.60).html	ee487722(v=winembedded.60)	learn/windows-embedded-ce-6.0	CALLCONV (Windows Embedded CE 6.0)	learn-tou
calling-convention	Indicates that the Mscpascal calling convention is used for a method.	corpus/learn/windows-embedded-ce-6.0/ee487722(v=winembedded.60).html	ee487722(v=winembedded.60)	learn/windows-embedded-ce-6.0	CALLCONV (Windows Embedded CE 6.0)	learn-tou
calling-convention	Indicates that the Pascal calling convention is used for a method.	corpus/learn/windows-embedded-ce-6.0/ee487722(v=winembedded.60).html	ee487722(v=winembedded.60)	learn/windows-embedded-ce-6.0	CALLCONV (Windows Embedded CE 6.0)	learn-tou
calling-convention	Indicates that the Stdcall calling convention is used for a method.	corpus/learn/windows-embedded-ce-6.0/ee487722(v=winembedded.60).html	ee487722(v=winembedded.60)	learn/windows-embedded-ce-6.0	CALLCONV (Windows Embedded CE 6.0)	learn-tou
calling-convention	Indicates that the Syscall calling convention is used for a method.	corpus/learn/windows-embedded-ce-6.0/ee487722(v=winembedded.60).html	ee487722(v=winembedded.60)	learn/windows-embedded-ce-6.0	CALLCONV (Windows Embedded CE 6.0)	learn-tou
calling-convention	On 16-bit Windows systems, functions implemented with the CC_CDECL calling convention cannot have a return type of float or double.	corpus/learn/windows-embedded-ce-6.0/ee487722(v=winembedded.60).html	ee487722(v=winembedded.60)	learn/windows-embedded-ce-6.0	CALLCONV (Windows Embedded CE 6.0)	learn-tou
calling-convention	This enumeration identifies the calling convention used by a method described in the METHODDATA structure.	corpus/learn/windows-embedded-ce-6.0/ee487722(v=winembedded.60).html	ee487722(v=winembedded.60)	learn/windows-embedded-ce-6.0	CALLCONV (Windows Embedded CE 6.0)	learn-tou
calling-convention	Unlike other Win32 functions, this function uses the C calling convention (_cdecl), rather than the Pascal calling convention.	corpus/learn/windows-embedded-ce-6.0/ee487981(v=winembedded.60).html	ee487981(v=winembedded.60)	learn/windows-embedded-ce-6.0	wsprintf (Windows Embedded CE 6.0)	learn-tou
calling-convention	The CDECL and Pascal calling conventions are supported by the dispatch interface creation functions.	corpus/learn/windows-embedded-ce-6.0/ee488503(v=winembedded.60).html	ee488503(v=winembedded.60)	learn/windows-embedded-ce-6.0	METHODDATA (Windows Embedded CE 6.0)	learn-tou
calling-convention	The calling convention for this function is _cdecl.	corpus/msdn-library/datadungeon-2000-04/mobchan/htm/mcscript_25.content.htm	mcscript_25.content	msdn-library/datadungeon-2000-04/mobchan/htm	LibraryCall	msdn-library-copyright
calling-convention	On 16-bit Windows systems, functions implemented with the CC_CDECL calling convention cannot have a return type of float or double.	corpus/msdn-library/wcedevcon-99/wcesdkr/comole_e.html	comole_e	msdn-library/wcedevcon-99/wcesdkr	CALLCONV	msdn-library-copyright
calling-convention	The CALLCONV enumeration identifies the calling convention used by a method described in the METHODDATA structure.	corpus/msdn-library/wcedevcon-99/wcesdkr/comole_e.html	comole_e	msdn-library/wcedevcon-99/wcesdkr	CALLCONV	msdn-library-copyright
calling-convention	Unlike other Win32 functions, wsprintf uses the C calling convention (_cdecl), rather than the Pascal calling convention.	corpus/msdn-library/wcedevcon-99/wcesdkr/kf_w_10.html	kf_w_10	msdn-library/wcedevcon-99/wcesdkr	wsprintf	msdn-library-copyright
calling-convention	The CDECL and Pascal calling conventions are supported by the dispatch interface creation functions.	corpus/msdn-library/wcedevcon-99/wcesdkr/ks_mn_11.html	ks_mn_11	msdn-library/wcedevcon-99/wcesdkr	METHODDATA	msdn-library-copyright
calling-convention	Note Unlike other Windows functions, wsprintf uses the C calling convention (_cdecl), rather than the Pascal calling convention.	corpus/mvb/windows-ce-1.0/PEGSDK/AB95P.html	AB95P	mvb/windows-ce-1.0/PEGSDK	wsprintf	ms-media-copyright
calling-convention	It is strongly recommended that you use the calling convention macros, rather than directly using the relevant assembler directives.	corpus/mvb/windows-ce-1.0/PEGSDK/AH134A.html	AH134A	mvb/windows-ce-1.0/PEGSDK	SH-3 COFF Assembler Manual	ms-media-copyright
calling-convention	Note that it is recommended that you use the calling convention macros described in the Calling Standard Specification, rather than using these directives yourself; these macros are summarized following the description of the directives.	corpus/mvb/windows-ce-1.0/PEGSDK/AH134A.html	AH134A	mvb/windows-ce-1.0/PEGSDK	SH-3 COFF Assembler Manual	ms-media-copyright
calling-convention	In the include files provided with the C run-time libraries, this identifier is used with #ifndef to control use of the __cdecl keyword on library function prototypes.	corpus/mvb/windows-ce-1.0/PEGSDK/AH13A.html	AH13A	mvb/windows-ce-1.0/PEGSDK	SHCL Options Alphabetical Reference	ms-media-copyright
calling-convention	The compiler adds a leading underscore to names modified by __cdecl (default) calling conventions and a leading at sign to names modified by __fastcall calling conventions; it also appends argument size information to names modified by the __fastcall and __stdcall calling conventions and adds type information to C++ names.	corpus/mvb/windows-ce-1.0/PEGSDK/AH13A.html	AH13A	mvb/windows-ce-1.0/PEGSDK	SHCL Options Alphabetical Reference	ms-media-copyright
calling-convention	It is recommended that programmers use the calling convention macros described in the Calling Standard Specification, rather than directly using these directives.	corpus/mvb/windows-ce-1.0/PEGSDK/AH197A.html	AH197A	mvb/windows-ce-1.0/PEGSDK	Section 5 Assembler Directives	ms-media-copyright
calling-convention	It is strongly recommended that programmers use the calling convention macros, rather than directly using the relevant assembler directives.	corpus/mvb/windows-ce-1.0/PEGSDK/AH197A.html	AH197A	mvb/windows-ce-1.0/PEGSDK	Section 5 Assembler Directives	ms-media-copyright
calling-convention	The following is a more extensive example that shows how to access parameters from registers and local argument stack space according to the calling conventions given in [2].	corpus/mvb/windows-ce-1.0/PEGSDK/AH77A.html	AH77A	mvb/windows-ce-1.0/PEGSDK	Inline Assembly Language	ms-media-copyright
calling-convention	· Registers R0 through R3 are available as temporary registers Registers R4 through R7 hold __asm argument values according to the standard calling conventions on entry to an __asm statement Otherwise, they may be used as temporary registers Permanent registers R8 through R14 are not saved and restored by the compiler if they are modified in an __asm statement.	corpus/mvb/windows-ce-1.0/PEGSDK/AH77A.html	AH77A	mvb/windows-ce-1.0/PEGSDK	Inline Assembly Language	ms-media-copyright
calling-convention	The following Calling Conventions are obsolete on the SH3.	corpus/mvb/windows-ce-1.0/PEGSDK/AH87A.html	AH87A	mvb/windows-ce-1.0/PEGSDK	Decorated Names	ms-media-copyright
calling-convention	The form of decoration for a C function depends on the calling convention used in its declaration:	corpus/mvb/windows-ce-1.0/PEGSDK/AH87A.html	AH87A	mvb/windows-ce-1.0/PEGSDK	Decorated Names	ms-media-copyright
calling-convention	Note Do not specify the decorated form of C identifiers that are declared __cdecl or __stdcall.	corpus/mvb/windows-ce-1.0/PEGSDK/AK132A.html	AK132A	mvb/windows-ce-1.0/PEGSDK	LINK Reference	ms-media-copyright
calling-convention	Because the _ _asm statement follows the standard MIPS calling conventions, and because each individual _ _asm statement is treated as a function call, you do not need to worry about preserving arguments in the current function.	corpus/mvb/windows-ce-1.0/PEGSDK/BG7MKF.html	BG7MKF	mvb/windows-ce-1.0/PEGSDK	Arguments to the MIPS _ _asm Statement	ms-media-copyright
dllexport	Note: your implementations of these entry points must be declared for export from your DLL by placing the string __declspec(dllexport) in front of your function declaration.	corpus/chm/windows-ce-3.0/wceddkRequired_Entry_Points_for_Stream_Interface_Driver_DLLs.html	wceddkRequired_Entry_Points_for_Stream_Interface_Driver_DLLs	chm/windows-ce-3.0	Required Entry Points for Stream Interface Driver DLLs (Windows CE 3.0 Device Driver Developement)	ce30-internal-reference
dllexport	Data, static data members, and functions can be declared as dllimports but not defined as dllimports.	corpus/learn/windows-ce-5.0/aa449058(v=msdn.10).html	aa449058(v=msdn.10)	learn/windows-ce-5.0	Compiler Error C2491 (Windows CE 5.0)	learn-tou
dllexport	Under Microsoft extensions (/Ze), you can give a nonstatic value as the address of a function declared with the dllimport modifier.	corpus/learn/windows-ce-5.0/aa449402(v=msdn.10).html	aa449402(v=msdn.10)	learn/windows-ce-5.0	Compiler Warning (level 4) C4232 (Windows CE 5.0)	learn-tou
dllexport	nonstandard extension used : 'identifier' : address of dllimport 'dllimport' is not static,	corpus/learn/windows-ce-5.0/aa449402(v=msdn.10).html	aa449402(v=msdn.10)	learn/windows-ce-5.0	Compiler Warning (level 4) C4232 (Windows CE 5.0)	learn-tou
dllexport	The function function is importing a symbol symbol, which has __declspec(dllimport) specified, even though the symbol is defined locally.	corpus/learn/windows-ce-5.0/aa449586(v=msdn.10).html	aa449586(v=msdn.10)	learn/windows-ce-5.0	Linker Tools Warning LNK4217 (Windows CE 5.0)	learn-tou
dllexport	The data item in the client program must be declared using extern __declspec(dllimport).	corpus/learn/windows-ce-5.0/aa449735(v=msdn.10).html	aa449735(v=msdn.10)	learn/windows-ce-5.0	/EXPORT (Windows CE 5.0)	learn-tou
dllexport	'identifier' : address of dllimport 'dllimport' is not static	corpus/learn/windows-ce-5.0/ms907512(v=msdn.10).html	ms907512(v=msdn.10)	learn/windows-ce-5.0	Compiler Error C2322 (Windows CE 5.0)	learn-tou
dllexport	A nonstatic value is given as the address of a function declared with dllimport.	corpus/learn/windows-ce-5.0/ms907512(v=msdn.10).html	ms907512(v=msdn.10)	learn/windows-ce-5.0	Compiler Error C2322 (Windows CE 5.0)	learn-tou
dllexport	All declarations included in the DLL interface must specify either the dllimport or dllexport attribute.	corpus/learn/windows-ce-5.0/ms924233(v=msdn.10).html	ms924233(v=msdn.10)	learn/windows-ce-5.0	DLL Interface Declarations (Windows CE 5.0)	learn-tou
dllexport	However, the definition must specify only the dllexport attribute.	corpus/learn/windows-ce-5.0/ms924233(v=msdn.10).html	ms924233(v=msdn.10)	learn/windows-ce-5.0	DLL Interface Declarations (Windows CE 5.0)	learn-tou
dllexport	The DLL interface refers to all items (functions and data) that are known to be exported by a program in the system; that is, all items that are declared as dllexport or dllimport.	corpus/learn/windows-ce-5.0/ms924233(v=msdn.10).html	ms924233(v=msdn.10)	learn/windows-ce-5.0	DLL Interface Declarations (Windows CE 5.0)	learn-tou
dllexport	The use of dllexport implies a definition, while dllimport implies a declaration.	corpus/learn/windows-ce-5.0/ms924233(v=msdn.10).html	ms924233(v=msdn.10)	learn/windows-ce-5.0	DLL Interface Declarations (Windows CE 5.0)	learn-tou
dllexport	You must use the extern keyword with dllexport to force a declaration; otherwise, a definition is implied.	corpus/learn/windows-ce-5.0/ms924233(v=msdn.10).html	ms924233(v=msdn.10)	learn/windows-ce-5.0	DLL Interface Declarations (Windows CE 5.0)	learn-tou
dllexport	__declspec( dllexport ) int i = 10; // Okay--export definition	corpus/learn/windows-ce-5.0/ms924233(v=msdn.10).html	ms924233(v=msdn.10)	learn/windows-ce-5.0	DLL Interface Declarations (Windows CE 5.0)	learn-tou
dllexport	__declspec( dllimport ) int i = 10; // Error; this is a	corpus/learn/windows-ce-5.0/ms924233(v=msdn.10).html	ms924233(v=msdn.10)	learn/windows-ce-5.0	DLL Interface Declarations (Windows CE 5.0)	learn-tou
dllexport	__declspec( dllimport ) int m; // Okay; this is a	corpus/learn/windows-ce-5.0/ms924233(v=msdn.10).html	ms924233(v=msdn.10)	learn/windows-ce-5.0	DLL Interface Declarations (Windows CE 5.0)	learn-tou
dllexport	extern DllImport int k; // These are both correct and imply a	corpus/learn/windows-ce-5.0/ms924233(v=msdn.10).html	ms924233(v=msdn.10)	learn/windows-ce-5.0	DLL Interface Declarations (Windows CE 5.0)	learn-tou
dllexport	extern __declspec( dllimport ) int i; // Okay; this is a	corpus/learn/windows-ce-5.0/ms924233(v=msdn.10).html	ms924233(v=msdn.10)	learn/windows-ce-5.0	DLL Interface Declarations (Windows CE 5.0)	learn-tou
dllexport	To reduce the thunk overhead when calling these functions, the compiler uses the dllimport calling mechanism.	corpus/learn/windows-ce-5.0/ms925479(v=msdn.10).html	ms925479(v=msdn.10)	learn/windows-ce-5.0	/QRimplicit-import- Disable Importing of Helpers (Windows CE 5.0)	learn-tou
dllexport	__declspec(dllexport) static void func() {} // error, func() is static	corpus/learn/windows-ce-5.0/ms927130(v=msdn.10).html	ms927130(v=msdn.10)	learn/windows-ce-5.0	Compiler Error C2201 (Windows CE 5.0)	learn-tou
dllexport	This modifier cannot be used for classes with dllimport or dllexport attributes.	corpus/learn/windows-ce-5.0/ms929616(v=msdn.10).html	ms929616(v=msdn.10)	learn/windows-ce-5.0	Compiler Warning (level 1) C4038 (Windows CE 5.0)	learn-tou
dllexport	A base class or structure must be declared with the __declspec(dllexport) keyword for a function in a derived class to be exported.	corpus/learn/windows-ce-5.0/ms929845(v=msdn.10).html	ms929845(v=msdn.10)	learn/windows-ce-5.0	Compiler Warning (level 1) C4251 (Windows CE 5.0)	learn-tou
dllexport	A member function is declared in a class with dllexport linkage, then imported.	corpus/learn/windows-ce-5.0/ms929855(v=msdn.10).html	ms929855(v=msdn.10)	learn/windows-ce-5.0	Compiler Warning (level 1) C4273 (Windows CE 5.0)	learn-tou
dllexport	A member function is declared in a class with dllimport linkage, but it is not imported, static, or inline.	corpus/learn/windows-ce-5.0/ms929855(v=msdn.10).html	ms929855(v=msdn.10)	learn/windows-ce-5.0	Compiler Warning (level 1) C4273 (Windows CE 5.0)	learn-tou
dllexport	To reduce the thunk overhead when calling these functions, the compiler uses the dllimport calling mechanism.	corpus/learn/windows-ce-5.0/ms933071(v=msdn.10).html	ms933071(v=msdn.10)	learn/windows-ce-5.0	/QSimplicit-import- Disable Importing of Helpers (Windows CE 5.0)	learn-tou
dllexport	In order to reduce the thunk overhead when calling these functions, the compiler uses the dllimport calling mechanism.	corpus/learn/windows-ce-net-4x/ms864340(v=msdn.10).html	ms864340(v=msdn.10)	learn/windows-ce-net-4x	/QRimplicit-import- Disable Importing of Helpers (Windows CE .NET 4.2)	learn-tou
dllexport	To reduce the thunk overhead when calling these functions, the compiler uses the dllimport calling mechanism.	corpus/learn/windows-embedded-ce-6.0/ee479231(v=winembedded.60).html	ee479231(v=winembedded.60)	learn/windows-embedded-ce-6.0	/QRimplicit-import- - Disable Importing of Helpers (Windows Embedded CE 6.0)	learn-tou
dllexport	To reduce the thunk overhead when calling these functions, the compiler uses the dllimport calling mechanism.	corpus/learn/windows-embedded-ce-6.0/ee479689(v=winembedded.60).html	ee479689(v=winembedded.60)	learn/windows-embedded-ce-6.0	-QSimplicit-import- Disable Importing of Helpers (Windows Embedded CE 6.0)	learn-tou
dllexport	The data item in the client program must be declared using extern __declspec(dllimport).	corpus/mvb/windows-ce-1.0/PEGSDK/AK132A.html	AK132A	mvb/windows-ce-1.0/PEGSDK	LINK Reference	ms-media-copyright
export-ordinal	If the first element is 0xFFFF, the array has one additional element that specifies the ordinal value of a predefined system class.	corpus/chm/windows-ce-3.0/_wcesdk_win32_DLGITEMTEMPLATEEX_str.html	_wcesdk_win32_DLGITEMTEMPLATEEX_str	chm/windows-ce-3.0	DLGITEMTEMPLATEEX	ce30-internal-reference
export-ordinal	If the first element of this array is 0xFFFF, the array has one additional element that specifies an ordinal value that identifies a resource, such as an icon, in an executable file.	corpus/chm/windows-ce-3.0/_wcesdk_win32_DLGITEMTEMPLATEEX_str.html	_wcesdk_win32_DLGITEMTEMPLATEEX_str	chm/windows-ce-3.0	DLGITEMTEMPLATEEX	ce30-internal-reference
export-ordinal	If the first element is 0xFFFF, the array has one additional element that specifies the ordinal value of a predefined system class.	corpus/chm/windows-ce-3.0/_wcesdk_win32_DLGITEMTEMPLATE_str.html	_wcesdk_win32_DLGITEMTEMPLATE_str	chm/windows-ce-3.0	DLGITEMTEMPLATE	ce30-internal-reference
export-ordinal	If the first element of this array is 0xFFFF, the array has one additional element that specifies an ordinal value of a resource, such as an icon, in an executable file.	corpus/chm/windows-ce-3.0/_wcesdk_win32_DLGITEMTEMPLATE_str.html	_wcesdk_win32_DLGITEMTEMPLATE_str	chm/windows-ce-3.0	DLGITEMTEMPLATE	ce30-internal-reference
export-ordinal	If the first element is 0xFFFF, the array has one additional element that specifies the ordinal value of a menu resource in an executable file.	corpus/chm/windows-ce-3.0/_wcesdk_win32_DLGTEMPLATEEX_str.html	_wcesdk_win32_DLGTEMPLATEEX_str	chm/windows-ce-3.0	DLGTEMPLATEEX	ce30-internal-reference
export-ordinal	If the first element is 0xFFFF, the array has one additional element that specifies the ordinal value of a predefined system window class.	corpus/chm/windows-ce-3.0/_wcesdk_win32_DLGTEMPLATEEX_str.html	_wcesdk_win32_DLGTEMPLATEEX_str	chm/windows-ce-3.0	DLGTEMPLATEEX	ce30-internal-reference
export-ordinal	If the first element is 0xFFFF, the array has one additional element that specifies the ordinal value of a menu resource in an executable file.	corpus/chm/windows-ce-3.0/_wcesdk_win32_DLGTEMPLATE_str.html	_wcesdk_win32_DLGTEMPLATE_str	chm/windows-ce-3.0	DLGTEMPLATE	ce30-internal-reference
export-ordinal	If the first element is 0xFFFF, the array has one additional element that specifies the ordinal value of a predefined system window class.	corpus/chm/windows-ce-3.0/_wcesdk_win32_DLGTEMPLATE_str.html	_wcesdk_win32_DLGTEMPLATE_str	chm/windows-ce-3.0	DLGTEMPLATE	ce30-internal-reference
export-ordinal	If your native-code DLL exports any functions by ordinal, you must be careful to use identical ordinals on all CPUs.	corpus/chm/windows-ce-3.0/cef2.html	cef2	chm/windows-ce-3.0	Common Executable Format for eMbedded Visual C++ in Microsoft Windows CE 3.0	ce30-internal-reference
export-ordinal	The dwHeap member is the ordinal number of the heap for which alignment data is being requested.	corpus/chm/windows-ce-3.0/wceddkddhal_ddhal_getheapalignmentdata.html	wceddkddhal_ddhal_getheapalignmentdata	chm/windows-ce-3.0	DDHAL_GETHEAPALIGNMENTDATA (Windows CE 3.0 Device Driver Developement)	ce30-internal-reference
export-ordinal	If this parameter is an ordinal value, it must be in the low-order word; the high-order word must be zero.	corpus/chm/windows-ce-3.0/wcesdkrGetProcAddress.html	wcesdkrGetProcAddress	chm/windows-ce-3.0	GetProcAddress	ce30-internal-reference
export-ordinal	In cases where the function may not exist, the function should be specified by name rather than by ordinal value.	corpus/chm/windows-ce-3.0/wcesdkrGetProcAddress.html	wcesdkrGetProcAddress	chm/windows-ce-3.0	GetProcAddress	ce30-internal-reference
export-ordinal	Pointer to a null-terminated string containing the function name, or specifies the function's ordinal value.	corpus/chm/windows-ce-3.0/wcesdkrGetProcAddress.html	wcesdkrGetProcAddress	chm/windows-ce-3.0	GetProcAddress	ce30-internal-reference
export-ordinal	If this parameter is an ordinal value, it must be in the low-order word; the high-order word must be zero.	corpus/chm/windows-ce-5.0/wcecore5/html/wce50lrfGetProcAddress.html	wce50lrfGetProcAddress	chm/windows-ce-5.0/wcecore5/html	GetProcAddress	ms-media-copyright
export-ordinal	In cases where the function might not exist, the function should be specified by name rather than by ordinal value.	corpus/chm/windows-ce-5.0/wcecore5/html/wce50lrfGetProcAddress.html	wce50lrfGetProcAddress	chm/windows-ce-5.0/wcecore5/html	GetProcAddress	ms-media-copyright
export-ordinal	[out] Pointer to a null-terminated string containing the function name, or specifies the function's ordinal value.	corpus/chm/windows-ce-5.0/wcecore5/html/wce50lrfGetProcAddress.html	wce50lrfGetProcAddress	chm/windows-ce-5.0/wcecore5/html	GetProcAddress	ms-media-copyright
export-ordinal	Each device has an ordinal number associated with it that implies the type of device it is.	corpus/chm/windows-ce-5.0/wced3dm5/html/wce50conDirect3DMobileDevice.html	wce50conDirect3DMobileDevice	chm/windows-ce-5.0/wced3dm5/html	Direct3D Mobile Devices	ms-media-copyright
export-ordinal	If present, the registered software device is represented by ordinal 1.	corpus/chm/windows-ce-5.0/wced3dm5/html/wce50conDirect3DMobileDevice.html	wce50conDirect3DMobileDevice	chm/windows-ce-5.0/wced3dm5/html	Direct3D Mobile Devices	ms-media-copyright
export-ordinal	If present, the system device is represented by ordinal 0.	corpus/chm/windows-ce-5.0/wced3dm5/html/wce50conDirect3DMobileDevice.html	wce50conDirect3DMobileDevice	chm/windows-ce-5.0/wced3dm5/html	Direct3D Mobile Devices	ms-media-copyright
export-ordinal	[in] An ordinal value identifying the particular palette upon which the operation is to be performed.	corpus/chm/windows-ce-5.0/wced3dm5/html/wce50lrfIDirect3DMobileDeviceSetPaletteEntries.html	wce50lrfIDirect3DMobileDeviceSetPaletteEntries	chm/windows-ce-5.0/wced3dm5/html	IDirect3DMobileDevice::SetPaletteEntries	ms-media-copyright
export-ordinal	Collections of duplicates must be referenced subsequently by ordinal position.	corpus/chm/windows-ce-5.0/wcemshtml5/workshop/author/dhtml/reference/collections/areas.html	areas	chm/windows-ce-5.0/wcemshtml5/workshop/author/dhtml/reference/collections	areas Collection (MAP)	ms-media-copyright
export-ordinal	Collections of duplicates must be referenced subsequently by ordinal position.	corpus/chm/windows-ce-5.0/wcemshtml5/workshop/author/dhtml/reference/collections/cells.html	cells	chm/windows-ce-5.0/wcemshtml5/workshop/author/dhtml/reference/collections	cells Collection (TABLE, TR)	ms-media-copyright
export-ordinal	Collections of duplicates must be referenced subsequently by ordinal position.	corpus/chm/windows-ce-5.0/wcemshtml5/workshop/author/dhtml/reference/collections/options.html	options	chm/windows-ce-5.0/wcemshtml5/workshop/author/dhtml/reference/collections	options Collection (SELECT)	ms-media-copyright
export-ordinal	Collections of duplicates must be referenced subsequently by ordinal position.	corpus/chm/windows-ce-5.0/wcemshtml5/workshop/author/dhtml/reference/collections/rows.html	rows	chm/windows-ce-5.0/wcemshtml5/workshop/author/dhtml/reference/collections	rows Collection (TABLE, TBODY, TFOOT, ...)	ms-media-copyright
export-ordinal	Collections of duplicates must be referenced subsequently by ordinal position.	corpus/chm/windows-ce-5.0/wcemshtml5/workshop/author/dhtml/reference/collections/scripts.html	scripts	chm/windows-ce-5.0/wcemshtml5/workshop/author/dhtml/reference/collections	scripts Collection (document)	ms-media-copyright
export-ordinal	Collections of duplicate names must be referenced subsequently by ordinal position.	corpus/chm/windows-ce-5.0/wcemshtml5/workshop/author/dhtml/reference/collections/tbodies.html	tbodies	chm/windows-ce-5.0/wcemshtml5/workshop/author/dhtml/reference/collections	tBodies Collection (TABLE)	ms-media-copyright
export-ordinal	Collections of duplicate names must be referenced subsequently by ordinal position.	corpus/chm/windows-ce-5.0/wcemshtml5/workshop/browser/mshtml/reference/ifaces/areascollection/areascollection.html	areascollection	chm/windows-ce-5.0/wcemshtml5/workshop/browser/mshtml/reference/ifaces/areascollection	IHTMLAreasCollection Interface	ms-media-copyright
export-ordinal	Collections of duplicate names must be referenced subsequently by ordinal position.	corpus/chm/windows-ce-5.0/wcemshtml5/workshop/browser/mshtml/reference/ifaces/document2/get_anchors.html	get_anchors	chm/windows-ce-5.0/wcemshtml5/workshop/browser/mshtml/reference/ifaces/document2	IHTMLDocument2::anchors Property	ms-media-copyright
export-ordinal	Collections of duplicate names must be referenced subsequently by ordinal position.	corpus/chm/windows-ce-5.0/wcemshtml5/workshop/browser/mshtml/reference/ifaces/document2/get_applets.html	get_applets	chm/windows-ce-5.0/wcemshtml5/workshop/browser/mshtml/reference/ifaces/document2	IHTMLDocument2::applets Property	ms-media-copyright
export-ordinal	Collections of duplicate names must be referenced subsequently by ordinal position.	corpus/chm/windows-ce-5.0/wcemshtml5/workshop/browser/mshtml/reference/ifaces/document2/get_embeds.html	get_embeds	chm/windows-ce-5.0/wcemshtml5/workshop/browser/mshtml/reference/ifaces/document2	IHTMLDocument2::embeds Property	ms-media-copyright
export-ordinal	Collections of duplicate names must be referenced subsequently by ordinal position.	corpus/chm/windows-ce-5.0/wcemshtml5/workshop/browser/mshtml/reference/ifaces/document2/get_forms.html	get_forms	chm/windows-ce-5.0/wcemshtml5/workshop/browser/mshtml/reference/ifaces/document2	IHTMLDocument2::forms Property	ms-media-copyright
export-ordinal	Collections of duplicate names must be referenced subsequently by ordinal position.	corpus/chm/windows-ce-5.0/wcemshtml5/workshop/browser/mshtml/reference/ifaces/document2/get_frames.html	get_frames	chm/windows-ce-5.0/wcemshtml5/workshop/browser/mshtml/reference/ifaces/document2	IHTMLDocument2::frames Property	ms-media-copyright
export-ordinal	Collections of duplicate names must be referenced subsequently by ordinal position.	corpus/chm/windows-ce-5.0/wcemshtml5/workshop/browser/mshtml/reference/ifaces/document2/get_links.html	get_links	chm/windows-ce-5.0/wcemshtml5/workshop/browser/mshtml/reference/ifaces/document2	IHTMLDocument2::links Property	ms-media-copyright
export-ordinal	Collections of duplicate names must be referenced subsequently by ordinal position.	corpus/chm/windows-ce-5.0/wcemshtml5/workshop/browser/mshtml/reference/ifaces/document2/get_plugins.html	get_plugins	chm/windows-ce-5.0/wcemshtml5/workshop/browser/mshtml/reference/ifaces/document2	IHTMLDocument2::plugins Property	ms-media-copyright
export-ordinal	Collections of duplicate names must be referenced subsequently by ordinal position.	corpus/chm/windows-ce-5.0/wcemshtml5/workshop/browser/mshtml/reference/ifaces/document2/get_scripts.html	get_scripts	chm/windows-ce-5.0/wcemshtml5/workshop/browser/mshtml/reference/ifaces/document2	IHTMLDocument2::scripts Property	ms-media-copyright
export-ordinal	Collections of duplicate names must be referenced subsequently by ordinal position.	corpus/chm/windows-ce-5.0/wcemshtml5/workshop/browser/mshtml/reference/ifaces/elementcollection/elementcollection.html	elementcollection	chm/windows-ce-5.0/wcemshtml5/workshop/browser/mshtml/reference/ifaces/elementcollection	IHTMLElementCollection Interface	ms-media-copyright
export-ordinal	Collections of duplicate names must be referenced subsequently by ordinal position.	corpus/chm/windows-ce-5.0/wcemshtml5/workshop/browser/mshtml/reference/ifaces/framescollection2/framescollection2.html	framescollection2	chm/windows-ce-5.0/wcemshtml5/workshop/browser/mshtml/reference/ifaces/framescollection2	IHTMLFramesCollection2 Interface	ms-media-copyright
export-ordinal	Collections of duplicate names must be referenced subsequently by ordinal position.	corpus/chm/windows-ce-5.0/wcemshtml5/workshop/browser/mshtml/reference/ifaces/iomnavigator/get_plugins.html	get_plugins	chm/windows-ce-5.0/wcemshtml5/workshop/browser/mshtml/reference/ifaces/iomnavigator	IOmNavigator::plugins Property	ms-media-copyright
export-ordinal	Collections of duplicate names must be referenced subsequently by ordinal position.	corpus/chm/windows-ce-5.0/wcemshtml5/workshop/browser/mshtml/reference/ifaces/pluginscollection/pluginscollection.html	pluginscollection	chm/windows-ce-5.0/wcemshtml5/workshop/browser/mshtml/reference/ifaces/pluginscollection	IHTMLPluginsCollection Interface	ms-media-copyright
export-ordinal	If the first element is 0xFFFF, the array has one additional element that specifies the ordinal value of a predefined system class.	corpus/chm/windows-ce-5.0/wceui5/html/wce50lrfDLGITEMTEMPLATE.html	wce50lrfDLGITEMTEMPLATE	chm/windows-ce-5.0/wceui5/html	DLGITEMTEMPLATE	ms-media-copyright
export-ordinal	If the first element of this array is 0xFFFF, the array has one additional element that specifies an ordinal value of a resource, such as an icon, in an executable file.	corpus/chm/windows-ce-5.0/wceui5/html/wce50lrfDLGITEMTEMPLATE.html	wce50lrfDLGITEMTEMPLATE	chm/windows-ce-5.0/wceui5/html	DLGITEMTEMPLATE	ms-media-copyright
export-ordinal	If the first element is 0xFFFF, the array has one additional element that specifies the ordinal value of a predefined system class.	corpus/chm/windows-ce-5.0/wceui5/html/wce50lrfDLGITEMTEMPLATEEX.html	wce50lrfDLGITEMTEMPLATEEX	chm/windows-ce-5.0/wceui5/html	DLGITEMTEMPLATEEX	ms-media-copyright
export-ordinal	If the first element of this array is 0xFFFF, the array has one additional element that specifies an ordinal value that identifies a resource, such as an icon, in an executable file.	corpus/chm/windows-ce-5.0/wceui5/html/wce50lrfDLGITEMTEMPLATEEX.html	wce50lrfDLGITEMTEMPLATEEX	chm/windows-ce-5.0/wceui5/html	DLGITEMTEMPLATEEX	ms-media-copyright
export-ordinal	If the first element is 0xFFFF, the array has one additional element that specifies the ordinal value of a predefined system window class.	corpus/chm/windows-ce-5.0/wceui5/html/wce50lrfDLGTEMPLATE.html	wce50lrfDLGTEMPLATE	chm/windows-ce-5.0/wceui5/html	DLGTEMPLATE	ms-media-copyright
export-ordinal	If the first element is 0xFFFF, the array has one additional element that specifies the ordinal value of a predefined system window class.	corpus/chm/windows-ce-5.0/wceui5/html/wce50lrfDLGTEMPLATEEX.html	wce50lrfDLGTEMPLATEEX	chm/windows-ce-5.0/wceui5/html	DLGTEMPLATEEX	ms-media-copyright
export-ordinal	Each device has an ordinal number associated with it that implies the type of device it is.	corpus/learn/windows-ce-5.0/aa451324(v=msdn.10).html	aa451324(v=msdn.10)	learn/windows-ce-5.0	Direct3D Mobile Devices (Windows CE 5.0)	learn-tou
export-ordinal	If present, the registered software device is represented by ordinal 1.	corpus/learn/windows-ce-5.0/aa451324(v=msdn.10).html	aa451324(v=msdn.10)	learn/windows-ce-5.0	Direct3D Mobile Devices (Windows CE 5.0)	learn-tou
export-ordinal	If present, the system device is represented by ordinal 0.	corpus/learn/windows-ce-5.0/aa451324(v=msdn.10).html	aa451324(v=msdn.10)	learn/windows-ce-5.0	Direct3D Mobile Devices (Windows CE 5.0)	learn-tou
export-ordinal	If the first element is 0xFFFF, the array has one additional element that specifies the ordinal value of a predefined system class.	corpus/learn/windows-ce-5.0/aa452958(v=msdn.10).html	aa452958(v=msdn.10)	learn/windows-ce-5.0	DLGITEMTEMPLATE (Windows CE 5.0)	learn-tou
export-ordinal	If the first element of this array is 0xFFFF, the array has one additional element that specifies an ordinal value of a resource, such as an icon, in an executable file.	corpus/learn/windows-ce-5.0/aa452958(v=msdn.10).html	aa452958(v=msdn.10)	learn/windows-ce-5.0	DLGITEMTEMPLATE (Windows CE 5.0)	learn-tou
export-ordinal	If the first element is 0xFFFF, the array has one additional element that specifies the ordinal value of a predefined system class.	corpus/learn/windows-ce-5.0/aa452959(v=msdn.10).html	aa452959(v=msdn.10)	learn/windows-ce-5.0	DLGITEMTEMPLATEEX (Windows CE 5.0)	learn-tou
export-ordinal	If the first element of this array is 0xFFFF, the array has one additional element that specifies an ordinal value that identifies a resource, such as an icon, in an executable file.	corpus/learn/windows-ce-5.0/aa452959(v=msdn.10).html	aa452959(v=msdn.10)	learn/windows-ce-5.0	DLGITEMTEMPLATEEX (Windows CE 5.0)	learn-tou
export-ordinal	If the first element is 0xFFFF, the array has one additional element that specifies the ordinal value of a predefined system window class.	corpus/learn/windows-ce-5.0/aa452960(v=msdn.10).html	aa452960(v=msdn.10)	learn/windows-ce-5.0	DLGTEMPLATE (Windows CE 5.0)	learn-tou
export-ordinal	If the first element is 0xFFFF, the array has one additional element that specifies the ordinal value of a predefined system window class.	corpus/learn/windows-ce-5.0/aa452961(v=msdn.10).html	aa452961(v=msdn.10)	learn/windows-ce-5.0	DLGTEMPLATEEX (Windows CE 5.0)	learn-tou
export-ordinal	If this parameter is an ordinal value, it must be in the low-order word; the high-order word must be zero.	corpus/learn/windows-ce-5.0/ms885634(v=msdn.10).html	ms885634(v=msdn.10)	learn/windows-ce-5.0	GetProcAddress (Windows CE 5.0)	learn-tou
export-ordinal	In cases where the function might not exist, the function should be specified by name rather than by ordinal value.	corpus/learn/windows-ce-5.0/ms885634(v=msdn.10).html	ms885634(v=msdn.10)	learn/windows-ce-5.0	GetProcAddress (Windows CE 5.0)	learn-tou
export-ordinal	[out] Pointer to a null-terminated string containing the function name, or specifies the function's ordinal value.	corpus/learn/windows-ce-5.0/ms885634(v=msdn.10).html	ms885634(v=msdn.10)	learn/windows-ce-5.0	GetProcAddress (Windows CE 5.0)	learn-tou
export-ordinal	The dwHeap member is the ordinal number of the heap for which alignment data is being requested.	corpus/learn/windows-ce-5.0/ms897557(v=msdn.10).html	ms897557(v=msdn.10)	learn/windows-ce-5.0	DDHAL_GETHEAPALIGNMENTDATA (Windows CE 5.0)	learn-tou
export-ordinal	Ordinal numbers must be unique integers in the range 1–65535.	corpus/learn/windows-ce-5.0/ms911409(v=msdn.10).html	ms911409(v=msdn.10)	learn/windows-ce-5.0	Linker Tools Error LNK1121 (Windows CE 5.0)	learn-tou
export-ordinal	[in] An ordinal value identifying the particular palette upon which the operation is to be performed.	corpus/learn/windows-ce-5.0/ms929127(v=msdn.10).html	ms929127(v=msdn.10)	learn/windows-ce-5.0	IDirect3DMobileDevice::SetPaletteEntries (Windows CE 5.0)	learn-tou
export-ordinal	[in] An ordinal value identifying the particular palette upon which the operation is to be performed.	corpus/learn/windows-ce-net-4x/ms889721(v=msdn.10).html	ms889721(v=msdn.10)	learn/windows-ce-net-4x	IDirect3DDevice8::SetPaletteEntries (Windows CE .NET 4.2)	learn-tou
export-ordinal	If this parameter is an ordinal value, it must be in the low-order word; the high-order word must be zero.	corpus/learn/windows-embedded-ce-6.0/ee488623(v=winembedded.60).html	ee488623(v=winembedded.60)	learn/windows-embedded-ce-6.0	GetProcAddress (Windows Embedded CE 6.0)	learn-tou
export-ordinal	In cases where the function might not exist, the function should be specified by name rather than by ordinal value.	corpus/learn/windows-embedded-ce-6.0/ee488623(v=winembedded.60).html	ee488623(v=winembedded.60)	learn/windows-embedded-ce-6.0	GetProcAddress (Windows Embedded CE 6.0)	learn-tou
export-ordinal	[in] Pointer to a null-terminated string containing the function name, or specifies the function's ordinal value.	corpus/learn/windows-embedded-ce-6.0/ee488623(v=winembedded.60).html	ee488623(v=winembedded.60)	learn/windows-embedded-ce-6.0	GetProcAddress (Windows Embedded CE 6.0)	learn-tou
export-ordinal	[in] An ordinal value identifying the particular palette upon which the operation is to be performed.	corpus/learn/windows-embedded-ce-6.0/ee490317(v=winembedded.60).html	ee490317(v=winembedded.60)	learn/windows-embedded-ce-6.0	IDirect3DMobileDevice::SetPaletteEntries (Windows Embedded CE 6.0)	learn-tou
export-ordinal	If the first element is 0xFFFF, the array has one additional element that specifies the ordinal value of a predefined system class.	corpus/learn/windows-embedded-ce-6.0/ee503177(v=winembedded.60).html	ee503177(v=winembedded.60)	learn/windows-embedded-ce-6.0	DLGITEMTEMPLATE (Windows Embedded CE 6.0)	learn-tou
export-ordinal	If the first element of this array is 0xFFFF, the array has one additional element that specifies an ordinal value of a resource, such as an icon, in an executable file.	corpus/learn/windows-embedded-ce-6.0/ee503177(v=winembedded.60).html	ee503177(v=winembedded.60)	learn/windows-embedded-ce-6.0	DLGITEMTEMPLATE (Windows Embedded CE 6.0)	learn-tou
export-ordinal	If the first element is 0xFFFF, the array has one additional element that specifies the ordinal value of a predefined system window class.	corpus/learn/windows-embedded-ce-6.0/ee504037(v=winembedded.60).html	ee504037(v=winembedded.60)	learn/windows-embedded-ce-6.0	DLGTEMPLATE (Windows Embedded CE 6.0)	learn-tou
export-ordinal	If the first element is 0xFFFF, the array has one additional element that specifies the ordinal value of a predefined system class.	corpus/learn/windows-embedded-ce-6.0/ee504110(v=winembedded.60).html	ee504110(v=winembedded.60)	learn/windows-embedded-ce-6.0	DLGITEMTEMPLATEEX (Windows Embedded CE 6.0)	learn-tou
export-ordinal	If the first element of this array is 0xFFFF, the array has one additional element that specifies an ordinal value that identifies a resource, such as an icon, in an executable file.	corpus/learn/windows-embedded-ce-6.0/ee504110(v=winembedded.60).html	ee504110(v=winembedded.60)	learn/windows-embedded-ce-6.0	DLGITEMTEMPLATEEX (Windows Embedded CE 6.0)	learn-tou
export-ordinal	If the first element is 0xFFFF, the array has one additional element that specifies the ordinal value of a predefined system window class.	corpus/learn/windows-embedded-ce-6.0/ee504551(v=winembedded.60).html	ee504551(v=winembedded.60)	learn/windows-embedded-ce-6.0	DLGTEMPLATEEX (Windows Embedded CE 6.0)	learn-tou
export-ordinal	If # is the first character, all characters that follow must indicate the ordinal number of the procedure's entry point.	corpus/msdn-library/datadungeon-2000-04/vbce/statemnt_3.content.htm	statemnt_3.content	msdn-library/datadungeon-2000-04/vbce	Declare	msdn-library-copyright
export-ordinal	If this parameter is an ordinal value, it must be in the low-order word; the high-order word must be zero.	corpus/msdn-library/wcedevcon-99/wcesdkr/kf_g_27.html	kf_g_27	msdn-library/wcedevcon-99/wcesdkr	GetProcAddress	msdn-library-copyright
export-ordinal	In cases where the function may not exist, the function should be specified by name rather than by ordinal value.	corpus/msdn-library/wcedevcon-99/wcesdkr/kf_g_27.html	kf_g_27	msdn-library/wcedevcon-99/wcesdkr	GetProcAddress	msdn-library-copyright
export-ordinal	Pointer to a null-terminated string containing the function name, or specifies the function’s ordinal value.	corpus/msdn-library/wcedevcon-99/wcesdkr/kf_g_27.html	kf_g_27	msdn-library/wcedevcon-99/wcesdkr	GetProcAddress	msdn-library-copyright
export-ordinal	If the first element is 0xFFFF, the array has one additional element that specifies the ordinal value of a predefined system class.	corpus/msdn-library/wcedevcon-99/wcesdkr/ks_de_5.html	ks_de_5	msdn-library/wcedevcon-99/wcesdkr	DLGITEMTEMPLATE	msdn-library-copyright
export-ordinal	If the first element of this array is 0xFFFF, the array has one additional element that specifies an ordinal value of a resource, such as an icon, in an executable file.	corpus/msdn-library/wcedevcon-99/wcesdkr/ks_de_5.html	ks_de_5	msdn-library/wcedevcon-99/wcesdkr	DLGITEMTEMPLATE	msdn-library-copyright
export-ordinal	If the first element is 0xFFFF, the array has one additional element that specifies the ordinal value of a predefined system class.	corpus/msdn-library/wcedevcon-99/wcesdkr/uis_ad_14.html	uis_ad_14	msdn-library/wcedevcon-99/wcesdkr	DLGITEMTEMPLATEEX	msdn-library-copyright
export-ordinal	If the first element of this array is 0xFFFF, the array has one additional element that specifies an ordinal value that identifies a resource, such as an icon, in an executable file.	corpus/msdn-library/wcedevcon-99/wcesdkr/uis_ad_14.html	uis_ad_14	msdn-library/wcedevcon-99/wcesdkr	DLGITEMTEMPLATEEX	msdn-library-copyright
export-ordinal	If the first element is 0xFFFF, the array has one additional element that specifies the ordinal value of a menu resource in an executable file.	corpus/msdn-library/wcedevcon-99/wcesdkr/uis_ad_15.html	uis_ad_15	msdn-library/wcedevcon-99/wcesdkr	DLGTEMPLATE	msdn-library-copyright
export-ordinal	If the first element is 0xFFFF, the array has one additional element that specifies the ordinal value of a predefined system window class.	corpus/msdn-library/wcedevcon-99/wcesdkr/uis_ad_15.html	uis_ad_15	msdn-library/wcedevcon-99/wcesdkr	DLGTEMPLATE	msdn-library-copyright
export-ordinal	If the first element is 0xFFFF, the array has one additional element that specifies the ordinal value of a menu resource in an executable file.	corpus/msdn-library/wcedevcon-99/wcesdkr/uis_ad_16.html	uis_ad_16	msdn-library/wcedevcon-99/wcesdkr	DLGTEMPLATEEX	msdn-library-copyright
export-ordinal	If the first element is 0xFFFF, the array has one additional element that specifies the ordinal value of a predefined system window class.	corpus/msdn-library/wcedevcon-99/wcesdkr/uis_ad_16.html	uis_ad_16	msdn-library/wcedevcon-99/wcesdkr	DLGTEMPLATEEX	msdn-library-copyright
export-ordinal	If this parameter is an ordinal value, it must be in the low-order word; the high-order word must be zero.	corpus/mvb/windows-ce-1.0/PEGSDK/AB347G.html	AB347G	mvb/windows-ce-1.0/PEGSDK	GetProcAddress	ms-media-copyright
export-ordinal	In cases where the function may not exist, the function should be specified by name rather than by ordinal value.	corpus/mvb/windows-ce-1.0/PEGSDK/AB347G.html	AB347G	mvb/windows-ce-1.0/PEGSDK	GetProcAddress	ms-media-copyright
export-ordinal	Points to a null-terminated string containing the function name, or specifies the function's ordinal value.	corpus/mvb/windows-ce-1.0/PEGSDK/AB347G.html	AB347G	mvb/windows-ce-1.0/PEGSDK	GetProcAddress	ms-media-copyright
exports-section	The EXPORTS keyword can be on the same line as the first definition or on a preceding line, but each definition must be on a separate line.	corpus/learn/windows-ce-5.0/ms923590(v=msdn.10).html	ms923590(v=msdn.10)	learn/windows-ce-5.0	Module-Definition File (Windows CE 5.0)	learn-tou
exports-section	Use an EXPORTS statement in a module definition (.DEF) file, or	corpus/learn/windows-ce-net-4x/ms836774(v=msdn.10).html	ms836774(v=msdn.10)	learn/windows-ce-net-4x	Choosing a Windows Embedded API: Win32 vs. the .NET Compact Framework	learn-tou
exports-section	The EXPORTS keyword can be on the same line as the first definition or on a preceding line, but each definition must be on a separate line.	corpus/learn/windows-embedded-ce-6.0/ee478878(v=winembedded.60).html	ee478878(v=winembedded.60)	learn/windows-embedded-ce-6.0	Module-Definition File (Windows Embedded CE 6.0)	learn-tou
exports-section	· A definition in an EXPORTS statement in a deffile	corpus/mvb/windows-ce-1.0/PEGSDK/AK157A.html	AK157A	mvb/windows-ce-1.0/PEGSDK	LIB Reference	ms-media-copyright
exports-section;export-ordinal	The lpProcName parameter can identify the DLL function by specifying an ordinal value associated with the function in the EXPORTS statement.	corpus/chm/windows-ce-3.0/wcesdkrGetProcAddress.html	wcesdkrGetProcAddress	chm/windows-ce-3.0	GetProcAddress	ce30-internal-reference
exports-section;export-ordinal	The lpProcName parameter can identify the DLL function by specifying an ordinal value associated with the function in the EXPORTS statement.	corpus/chm/windows-ce-5.0/wcecore5/html/wce50lrfGetProcAddress.html	wce50lrfGetProcAddress	chm/windows-ce-5.0/wcecore5/html	GetProcAddress	ms-media-copyright
exports-section;export-ordinal	The lpProcName parameter can identify the DLL function by specifying an ordinal value associated with the function in the EXPORTS statement.	corpus/learn/windows-ce-5.0/ms885634(v=msdn.10).html	ms885634(v=msdn.10)	learn/windows-ce-5.0	GetProcAddress (Windows CE 5.0)	learn-tou
exports-section;export-ordinal	The lpProcName parameter can identify the DLL function by specifying an ordinal value associated with the function in the EXPORTS statement.	corpus/learn/windows-embedded-ce-6.0/ee488623(v=winembedded.60).html	ee488623(v=winembedded.60)	learn/windows-embedded-ce-6.0	GetProcAddress (Windows Embedded CE 6.0)	learn-tou
exports-section;export-ordinal	The lpProcName parameter can identify the DLL function by specifying an ordinal value associated with the function in the EXPORTS statement.	corpus/msdn-library/wcedevcon-99/wcesdkr/kf_g_27.html	kf_g_27	msdn-library/wcedevcon-99/wcesdkr	GetProcAddress	msdn-library-copyright
exports-section;export-ordinal	The lpProcName parameter can identify the DLL function by specifying an ordinal value associated with the function in the EXPORTS statement.	corpus/mvb/windows-ce-1.0/PEGSDK/AB347G.html	AB347G	mvb/windows-ce-1.0/PEGSDK	GetProcAddress	ms-media-copyright
extern-c	If you are developing in C++, your entry points must also be declared extern "C" as well.	corpus/chm/windows-ce-3.0/wceddkRequired_Entry_Points_for_Stream_Interface_Driver_DLLs.html	wceddkRequired_Entry_Points_for_Stream_Interface_Driver_DLLs	chm/windows-ce-3.0	Required Entry Points for Stream Interface Driver DLLs (Windows CE 3.0 Device Driver Developement)	ce30-internal-reference
extern-c	In this code, the definitions for both DllMain and CPlApplet are preceded with extern "C" declarations.	corpus/chm/windows-ce-5.0/wceui5/html/wce50tskCreatingaControlPanelApplication.html	wce50tskCreatingaControlPanelApplication	chm/windows-ce-5.0/wceui5/html	Creating a Control Panel Application	ms-media-copyright
extern-c	Extern "C" forces use of the C naming convention for non-class C++ functions.	corpus/learn/windows-ce-5.0/aa449609(v=msdn.10).html	aa449609(v=msdn.10)	learn/windows-ce-5.0	Name Decoration (Windows CE 5.0)	learn-tou
extern-c	Use extern "C" to call a C function from C++.	corpus/learn/windows-ce-5.0/aa449609(v=msdn.10).html	aa449609(v=msdn.10)	learn/windows-ce-5.0	Name Decoration (Windows CE 5.0)	learn-tou
extern-c	Similarly, if you define a symbol in a C++ file that will be used by a C program, use extern "C" in the definition.	corpus/learn/windows-ce-5.0/ms864722(v=msdn.10).html	ms864722(v=msdn.10)	learn/windows-ce-5.0	Linker Tools Error LNK2019 (Windows CE 5.0)	learn-tou
extern-c	Symbol definitions are in a file that was compiled as a C program and symbols are declared in a C++ file without an extern "C" modifier.	corpus/learn/windows-ce-5.0/ms864722(v=msdn.10).html	ms864722(v=msdn.10)	learn/windows-ce-5.0	Linker Tools Error LNK2019 (Windows CE 5.0)	learn-tou
extern-c	In this code, the definitions for both DllMain and CPlApplet are preceded with extern "C" declarations.	corpus/learn/windows-ce-5.0/ms914264(v=msdn.10).html	ms914264(v=msdn.10)	learn/windows-ce-5.0	Creating a Control Panel Application (Windows CE 5.0)	learn-tou
extern-c	A function or pointer to function has a class, structure, or union as return type and extern "C" linkage.	corpus/learn/windows-ce-5.0/ms929817(v=msdn.10).html	ms929817(v=msdn.10)	learn/windows-ce-5.0	Compiler Warning (level 1) C4190 (Windows CE 5.0)	learn-tou
extern-c	Calling a C function from a C++ program without using extern "C" (which causes the compiler to use the C naming convention) can cause LNK2001.	corpus/learn/windows-ce-5.0/ms931494(v=msdn.10).html	ms931494(v=msdn.10)	learn/windows-ce-5.0	Linker Tools Error LNK2001 (Windows CE 5.0)	learn-tou
extern-c	The easiest way to do this involves using the extern "C" keyword (see example, below).	corpus/learn/windows-ce-net-4x/ms836774(v=msdn.10).html	ms836774(v=msdn.10)	learn/windows-ce-net-4x	Choosing a Windows Embedded API: Win32 vs. the .NET Compact Framework	learn-tou
extern-c	extern "C" { // Use extern "c" for C++ file only	corpus/learn/windows-ce-net-4x/ms881447(v=msdn.10).html	ms881447(v=msdn.10)	learn/windows-ce-net-4x	MIPS Inline Assembly Language Examples (Windows CE .NET 4.2)	learn-tou
extern-c	In this code, the definitions for both DllMain and CPlApplet are preceded with extern "C" declarations.	corpus/learn/windows-embedded-ce-6.0/ee501691(v=winembedded.60).html	ee501691(v=winembedded.60)	learn/windows-embedded-ce-6.0	Creating a Control Panel Application (Windows Embedded CE 6.0)	learn-tou
extern-c	extern "C" {- // Use extern "c" for C++ file only	corpus/mvb/windows-ce-1.0/PEGSDK/GP3.B_.html	GP3.B_	mvb/windows-ce-1.0/PEGSDK	MIPS Assembly Language Example	ms-media-copyright
module-definition-file	Remove all of the interface functions of TSP that are listed in the .def file, and add the TSPI_lineGetProcTable function to the .def file.	corpus/chm/windows-ce-3.0/_wcesdk_Porting_a_TSP.html	_wcesdk_Porting_a_TSP	chm/windows-ce-3.0	Porting a TSP	ce30-internal-reference
module-definition-file	This name is not related to the name stored in a library module itself, as specified by the LIBRARY keyword in the module-definition (.DEF) file.	corpus/chm/windows-ce-3.0/_wcesdk_Win32_LoadLibraryEx.html	_wcesdk_Win32_LoadLibraryEx	chm/windows-ce-3.0	LoadLibraryEx	ce30-internal-reference
module-definition-file	A .def file is used to export functions from a .dll file.	corpus/chm/windows-ce-3.0/_wcesdk_gly_glossary.html	_wcesdk_gly_glossary	chm/windows-ce-3.0	Windows CE Glossary	ce30-internal-reference
module-definition-file	The role of the .mib file can be compared to the role of a .def file in a DLL.	corpus/chm/windows-ce-3.0/_wcesdk_win32_Sample_mib_File.html	_wcesdk_win32_Sample_mib_File	chm/windows-ce-3.0	Sample .mib File	ce30-internal-reference
module-definition-file	To compile a miniport driver as a DLL, the driver must export the DriverEntry function in its .def file.	corpus/chm/windows-ce-3.0/_wincesdk_Differences_Between_Windows_CE_and_Windows_NT_Implementations.html	_wincesdk_Differences_Between_Windows_CE_and_Windows_NT_Implementations	chm/windows-ce-3.0	Differences Between Windows CE and Windows NT Implementations	ce30-internal-reference
module-definition-file	Because the driver is compiled as a DLL, it must export a function called DriverEntry in its .DEF file.	corpus/chm/windows-ce-3.0/ndis30.html	ndis30	chm/windows-ce-3.0	Network Driver Interface Specification (NDIS) in Microsoft Windows CE 3.0	ce30-internal-reference
module-definition-file	This function is the entry point for the printer driver DLL, which must be exported in the .def file for the DLL.	corpus/chm/windows-ce-3.0/wceddkFunctions_Implemented_by_Printer_Drivers.html	wceddkFunctions_Implemented_by_Printer_Drivers	chm/windows-ce-3.0	Functions Implemented by Printer Drivers (Windows CE 3.0 Device Driver Developement)	ce30-internal-reference
module-definition-file	To compile a miniport driver as a DLL, the driver must export the DriverEntry function in its .def file.	corpus/chm/windows-ce-3.0/wceddkNDIS_Differences_Between_Windows_CE_and_Windows_NT.html	wceddkNDIS_Differences_Between_Windows_CE_and_Windows_NT	chm/windows-ce-3.0	NDIS Differences Between Windows CE and Windows NT (Windows CE 3.0 Device Driver Developement)	ce30-internal-reference
module-definition-file	In your module-definition (.def) file, export all the DLL functions except for the entry-point function.	corpus/chm/windows-ce-3.0/wcegmm_dshow_how_to_create_a_dll.html	wcegmm_dshow_how_to_create_a_dll	chm/windows-ce-3.0	How to Create a DLL (Windows CE 3.0 Graphics and Multimedia)	ce30-internal-reference
module-definition-file	Finally, link your filter to Strmbase.lib and export DllGetClassObject and DllCanUnloadNow using a .def file.	corpus/chm/windows-ce-3.0/wcegmm_dshow_instantiate_the_filter.html	wcegmm_dshow_instantiate_the_filter	chm/windows-ce-3.0	Instantiate the Filter (Windows CE 3.0 Graphics and Multimedia)	ce30-internal-reference
module-definition-file	If the .DEF file does not number the functions consecutively from 1 to N (where N is the number of exported functions), an error can occur where GetProcAddress returns an invalid, non-NULL address, even though there is no function with the specified ordinal.	corpus/chm/windows-ce-3.0/wcesdkrGetProcAddress.html	wcesdkrGetProcAddress	chm/windows-ce-3.0	GetProcAddress	ce30-internal-reference
module-definition-file	The name specified is the filename of the module and is not related to the name stored in the library module itself, as specified by the LIBRARY keyword in the module-definition (.DEF) file.	corpus/chm/windows-ce-3.0/wcesdkrLoadLibrary.html	wcesdkrLoadLibrary	chm/windows-ce-3.0	LoadLibrary	ce30-internal-reference
module-definition-file	The callback function must reside in a dynamic-link library (DLL) or application module and be exported in the module-definition file.	corpus/chm/windows-ce-3.0/wcesdkrphoneCallbackFunc.html	wcesdkrphoneCallbackFunc	chm/windows-ce-3.0	phoneCallbackFunc	ce30-internal-reference
module-definition-file	If the .def file does not number the functions consecutively from 1 to N (where N is the number of exported functions), an error can occur where GetProcAddress returns an invalid, nonnull address, even though there is no function with the specified ordinal.	corpus/chm/windows-ce-5.0/wcecore5/html/wce50lrfGetProcAddress.html	wce50lrfGetProcAddress	chm/windows-ce-5.0/wcecore5/html	GetProcAddress	ms-media-copyright
module-definition-file	The name specified is the file name of the module and is not related to the name stored in the library module itself, as specified by the LIBRARY keyword in the module-definition (.def) file.	corpus/chm/windows-ce-5.0/wcecore5/html/wce50lrfLoadLibrary.html	wce50lrfLoadLibrary	chm/windows-ce-5.0/wcecore5/html	LoadLibrary	ms-media-copyright
module-definition-file	This name is not related to the name stored in a library module itself, as specified by the LIBRARY keyword in the module-definition (.def) file.	corpus/chm/windows-ce-5.0/wcecore5/html/wce50lrfLoadLibraryEx.html	wce50lrfLoadLibraryEx	chm/windows-ce-5.0/wcecore5/html	LoadLibraryEx	ms-media-copyright
module-definition-file	In your module-definition (.def) file, export all the DLL functions except for the entry-point function.	corpus/chm/windows-ce-5.0/wcedshow5/html/wce50conCreatingaDLLinDirectShow.html	wce50conCreatingaDLLinDirectShow	chm/windows-ce-5.0/wcedshow5/html	Creating a DLL in DirectShow	ms-media-copyright
module-definition-file	Finally, link your filter to Strmbase.lib and export DllGetClassObject and DllCanUnloadNow using a .def file.	corpus/chm/windows-ce-5.0/wcedshow5/html/wce50conInstantiatetheFilter.html	wce50conInstantiatetheFilter	chm/windows-ce-5.0/wcedshow5/html	Instantiate the Filter	ms-media-copyright
module-definition-file	The role of the .mib file can be compared to the role of a .def file in a DLL.	corpus/chm/windows-ce-5.0/wcesnmp5/html/wce50conSamplemibFile.html	wce50conSamplemibFile	chm/windows-ce-5.0/wcesnmp5/html	Sample .mib File	ms-media-copyright
module-definition-file	Remove all of the interface functions of TSP that are listed in the .def file, and add the TSPI_lineGetProcTable function to the .def file.	corpus/chm/windows-ce-5.0/wcetapi5/html/wce50conPortingaTSP.html	wce50conPortingaTSP	chm/windows-ce-5.0/wcetapi5/html	Porting a TSP	ms-media-copyright
module-definition-file	The callback function must reside in a dynamic-link library (DLL) or application module and be exported in the module-definition file.	corpus/chm/windows-ce-5.0/wcetapi5/html/wce50lrfphoneCallbackFunc.html	wce50lrfphoneCallbackFunc	chm/windows-ce-5.0/wcetapi5/html	phoneCallbackFunc	ms-media-copyright
module-definition-file	Use the /STACK switch in the linker settings, or the module definition file	corpus/kb/192/q192537.html	q192537	kb/192	PRB: Threads Consume Virtual Memory Quicker on Windows CE 2.1	kb-article-copyright
module-definition-file	or use the STACKSIZE directive in a module definition file:	corpus/kb/192/q192537.html	q192537	kb/192	PRB: Threads Consume Virtual Memory Quicker on Windows CE 2.1	kb-article-copyright
module-definition-file	The contents of the StreamDrv.def file are as follows.	corpus/learn/windows-ce-5.0/aa446913(v=msdn.10).html	aa446913(v=msdn.10)	learn/windows-ce-5.0	How to Develop and Test Device Drivers in Windows CE 5.0	learn-tou
module-definition-file	You can see that all of the expected stream driver functions are exposed from the driver; functions are exposed from a DLL through the project's .def file.	corpus/learn/windows-ce-5.0/aa446913(v=msdn.10).html	aa446913(v=msdn.10)	learn/windows-ce-5.0	How to Develop and Test Device Drivers in Windows CE 5.0	learn-tou
module-definition-file	In the subdirectories of the DLL directory, which is immediately subordinate to the keyboard driver directory, update the sources files to use the .def file that now resides in your keyboard driver's Inc directory.	corpus/learn/windows-ce-5.0/aa448259(v=msdn.10).html	aa448259(v=msdn.10)	learn/windows-ce-5.0	Migrating the Keyboard DLL Without Conforming to the Layout Manager Interface (Windows CE 5.0)	learn-tou
module-definition-file	Remove unused XXX_PowerUp and XXX_PowerDown functions from .def files and add DEVFLAGS_LOADLIBRARY flag to the Flags registry keys for the driver.	corpus/learn/windows-ce-5.0/aa448266(v=msdn.10).html	aa448266(v=msdn.10)	learn/windows-ce-5.0	Best Practices for Optimizing Device Drivers (Windows CE 5.0)	learn-tou
module-definition-file	This macro definition specifies the name for the module-definition file (.def), known as an export file, for TARGETNAME.	corpus/learn/windows-ce-5.0/aa448411(v=msdn.10).html	aa448411(v=msdn.10)	learn/windows-ce-5.0	DEFFILE (Windows CE 5.0)	learn-tou
module-definition-file	Do not examine .def files in cesysgen directories because these have already been filtered, based on your selected configuration.	corpus/learn/windows-ce-5.0/aa448508(v=msdn.10).html	aa448508(v=msdn.10)	learn/windows-ce-5.0	Debugging a Linker Build Error (Windows CE 5.0)	learn-tou
module-definition-file	Only one .def file can be specified to LINK.	corpus/learn/windows-ce-5.0/aa449722(v=msdn.10).html	aa449722(v=msdn.10)	learn/windows-ce-5.0	/DEF (Windows CE 5.0)	learn-tou
module-definition-file	To specify a .def file, add it to the project along with other files.	corpus/learn/windows-ce-5.0/aa449722(v=msdn.10).html	aa449722(v=msdn.10)	learn/windows-ce-5.0	/DEF (Windows CE 5.0)	learn-tou
module-definition-file	Another way to build a DLL is with the LIBRARY module-definition statement.	corpus/learn/windows-ce-5.0/aa449729(v=msdn.10).html	aa449729(v=msdn.10)	learn/windows-ce-5.0	/DLL (Windows CE 5.0)	learn-tou
module-definition-file	In your module-definition (.def) file, export all the DLL functions except for the entry-point function.	corpus/learn/windows-ce-5.0/aa451266(v=msdn.10).html	aa451266(v=msdn.10)	learn/windows-ce-5.0	Creating a DLL in DirectShow (Windows CE 5.0)	learn-tou
module-definition-file	Remove all of the interface functions of TSP that are listed in the .def file, and add the TSPI_lineGetProcTable function to the .def file.	corpus/learn/windows-ce-5.0/ms883429(v=msdn.10).html	ms883429(v=msdn.10)	learn/windows-ce-5.0	Porting a TSP (Windows CE 5.0)	learn-tou
module-definition-file	If the .def file does not number the functions consecutively from 1 to N (where N is the number of exported functions), an error can occur where GetProcAddress returns an invalid, nonnull address, even though there is no function with the specified ordinal.	corpus/learn/windows-ce-5.0/ms885634(v=msdn.10).html	ms885634(v=msdn.10)	learn/windows-ce-5.0	GetProcAddress (Windows CE 5.0)	learn-tou
module-definition-file	The name specified is the file name of the module and is not related to the name stored in the library module itself, as specified by the LIBRARY keyword in the module-definition (.def) file.	corpus/learn/windows-ce-5.0/ms886736(v=msdn.10).html	ms886736(v=msdn.10)	learn/windows-ce-5.0	LoadLibrary (Windows CE 5.0)	learn-tou
module-definition-file	This name is not related to the name stored in a library module itself, as specified by the LIBRARY keyword in the module-definition (.def) file.	corpus/learn/windows-ce-5.0/ms886737(v=msdn.10).html	ms886737(v=msdn.10)	learn/windows-ce-5.0	LoadLibraryEx (Windows CE 5.0)	learn-tou
module-definition-file	The role of the .mib file can be compared to the role of a .def file in a DLL.	corpus/learn/windows-ce-5.0/ms894580(v=msdn.10).html	ms894580(v=msdn.10)	learn/windows-ce-5.0	Sample .mib File (Windows CE 5.0)	learn-tou
module-definition-file	Add a module-definition (.def) file to the directory containing your NDIS miniport driver.	corpus/learn/windows-ce-5.0/ms895484(v=msdn.10).html	ms895484(v=msdn.10)	learn/windows-ce-5.0	Adding an NDIS Miniport Driver to a Run-Time Image (Windows CE 5.0)	learn-tou
module-definition-file	The callback function must reside in a dynamic-link library (DLL) or application module and be exported in the module-definition file.	corpus/learn/windows-ce-5.0/ms895910(v=msdn.10).html	ms895910(v=msdn.10)	learn/windows-ce-5.0	phoneCallbackFunc (Windows CE 5.0)	learn-tou
module-definition-file	It is exported in the module definition file.	corpus/learn/windows-ce-5.0/ms898727(v=msdn.10).html	ms898727(v=msdn.10)	learn/windows-ce-5.0	WSAAccept (Windows CE 5.0)	learn-tou
module-definition-file	The name of the command is case-sensitive and must be entered exactly as it appears in the .def file for the extension DLL.	corpus/learn/windows-ce-5.0/ms902296(v=msdn.10).html	ms902296(v=msdn.10)	learn/windows-ce-5.0	Debugger Extension Commands (Windows CE 5.0)	learn-tou
module-definition-file	You must link this library with the libraries for the touch driver and include the entry points for the library in the .def file for your touch driver.	corpus/learn/windows-ce-5.0/ms904371(v=msdn.10).html	ms904371(v=msdn.10)	learn/windows-ce-5.0	Transcriber Handwriting Recognition Application OS Design Development (Windows CE 5.0)	learn-tou
module-definition-file	Causes of this error include system problems such as insufficient memory and syntax errors in options or module-definition statements.	corpus/learn/windows-ce-5.0/ms911454(v=msdn.10).html	ms911454(v=msdn.10)	learn/windows-ce-5.0	Linker Tools Error LNK1141 (Windows CE 5.0)	learn-tou
module-definition-file	The /EXPORT option or the EXPORTS module-definition statement incorrectly specified an export.	corpus/learn/windows-ce-5.0/ms911527(v=msdn.10).html	ms911527(v=msdn.10)	learn/windows-ce-5.0	Linker Tools Error LNK1161 (Windows CE 5.0)	learn-tou
module-definition-file	Finally, link your filter to Strmbase.lib and export DllGetClassObject and DllCanUnloadNow using a .def file.	corpus/learn/windows-ce-5.0/ms923427(v=msdn.10).html	ms923427(v=msdn.10)	learn/windows-ce-5.0	Instantiate the Filter (Windows CE 5.0)	learn-tou
module-definition-file	A .def file can contain one or more SECTIONS statements.	corpus/learn/windows-ce-5.0/ms923590(v=msdn.10).html	ms923590(v=msdn.10)	learn/windows-ce-5.0	Module-Definition File (Windows CE 5.0)	learn-tou
module-definition-file	A module-definition (.def) file is a text file that contains statements defining an executable (.exe) file or dynamic-link library (DLL).	corpus/learn/windows-ce-5.0/ms923590(v=msdn.10).html	ms923590(v=msdn.10)	learn/windows-ce-5.0	Module-Definition File (Windows CE 5.0)	learn-tou
module-definition-file	Although all executable files can use .def files, they are mainly used by the linker tool to create .exe files and DLL files as one of the final steps in the build process.	corpus/learn/windows-ce-5.0/ms923590(v=msdn.10).html	ms923590(v=msdn.10)	learn/windows-ce-5.0	Module-Definition File (Windows CE 5.0)	learn-tou
module-definition-file	For examples of .def files, see the files Kbdjpn1.def, Kbdjpn2.def, Kbdkor.def, and Kbdus.def for Windows CE 4.2 or later, which are in %_WINCEROOT%\Public\Common\Oak\Inc.	corpus/learn/windows-ce-5.0/ms923590(v=msdn.10).html	ms923590(v=msdn.10)	learn/windows-ce-5.0	Module-Definition File (Windows CE 5.0)	learn-tou
module-definition-file	The SECTIONS, EXPORTS, and IMPORTS statements can appear more than once in the .def file.	corpus/learn/windows-ce-5.0/ms923590(v=msdn.10).html	ms923590(v=msdn.10)	learn/windows-ce-5.0	Module-Definition File (Windows CE 5.0)	learn-tou
module-definition-file	The statements in a .def file provide the linker with information about exports, attributes, and other information about the application to be linked.	corpus/learn/windows-ce-5.0/ms923590(v=msdn.10).html	ms923590(v=msdn.10)	learn/windows-ce-5.0	Module-Definition File (Windows CE 5.0)	learn-tou
module-definition-file	When set to 1, this macro definition specifies that a module-definition file (.def) contains include directives and must be preprocessed.	corpus/learn/windows-ce-5.0/ms923632(v=msdn.10).html	ms923632(v=msdn.10)	learn/windows-ce-5.0	PREPROCESSDEFFILE (Windows CE 5.0)	learn-tou
module-definition-file	The build cannot find a static library or you receive an error compiling your .def file because it cannot find Deffile.inc.	corpus/learn/windows-ce-5.0/ms923754(v=msdn.10).html	ms923754(v=msdn.10)	learn/windows-ce-5.0	Troubleshooting: Building a Driver (Windows CE 5.0)	learn-tou
module-definition-file	Ensure that your DriverEntry and DllMain functions are exported in the .def file for your driver.	corpus/learn/windows-ce-5.0/ms923758(v=msdn.10).html	ms923758(v=msdn.10)	learn/windows-ce-5.0	Troubleshooting: Loading a Driver (Windows CE 5.0)	learn-tou
module-definition-file	Placing packaged functions in a specified order in the executable file by using a FUNCTIONS statement in a module-definition (.DEF) file	corpus/learn/windows-ce-5.0/ms924303(v=msdn.10).html	ms924303(v=msdn.10)	learn/windows-ce-5.0	/Gy - Enable Function-Level Linking (Windows CE 5.0)	learn-tou
module-definition-file	Any export listed in the .def file and not found will cause LNK2001.	corpus/learn/windows-ce-5.0/ms931494(v=msdn.10).html	ms931494(v=msdn.10)	learn/windows-ce-5.0	Linker Tools Error LNK2001 (Windows CE 5.0)	learn-tou
module-definition-file	Mismatched case in your code or module-definition (.def) file can cause LNK2001 (for example, if you named a variable var1 in one C++ source file and tried to access it as VAR1 in another).	corpus/learn/windows-ce-5.0/ms931494(v=msdn.10).html	ms931494(v=msdn.10)	learn/windows-ce-5.0	Linker Tools Error LNK2001 (Windows CE 5.0)	learn-tou
module-definition-file	For example, using DESCRIPTION in a .def file and not also using the /VXD linker option will generate this warning.	corpus/learn/windows-ce-5.0/ms931525(v=msdn.10).html	ms931525(v=msdn.10)	learn/windows-ce-5.0	Linker Tools Warning LNK4017 (Windows CE 5.0)	learn-tou
module-definition-file	The given module-definition statement is not supported by this version of the linker tools.	corpus/learn/windows-ce-5.0/ms931525(v=msdn.10).html	ms931525(v=msdn.10)	learn/windows-ce-5.0	Linker Tools Warning LNK4017 (Windows CE 5.0)	learn-tou
module-definition-file	The .def file specified in the LINK command was ignored because an .exp file was also specified.	corpus/learn/windows-ce-5.0/ms931547(v=msdn.10).html	ms931547(v=msdn.10)	learn/windows-ce-5.0	Linker Tools Warning LNK4052 (Windows CE 5.0)	learn-tou
module-definition-file	The .def file was already processed when the .exp file was created and is not necessary in this step of the build process.	corpus/learn/windows-ce-5.0/ms931547(v=msdn.10).html	ms931547(v=msdn.10)	learn/windows-ce-5.0	Linker Tools Warning LNK4052 (Windows CE 5.0)	learn-tou
module-definition-file	This warning occurs if you use CONSTANT with your exports in a module-definition file or on the command line.	corpus/learn/windows-ce-5.0/ms931572(v=msdn.10).html	ms931572(v=msdn.10)	learn/windows-ce-5.0	Linker Tools Warning LNK4087 (Windows CE 5.0)	learn-tou
module-definition-file	Your module-definition (.def) file used a statement incorrectly.	corpus/learn/windows-ce-5.0/ms931576(v=msdn.10).html	ms931576(v=msdn.10)	learn/windows-ce-5.0	Linker Tools Warning LNK4093 (Windows CE 5.0)	learn-tou
module-definition-file	Make sure that the given symbol is not listed in your .def file, and that the symbol is not listed as an argument of the /IMPORT or /EXPORT option in the linker command line.	corpus/learn/windows-ce-5.0/ms931583(v=msdn.10).html	ms931583(v=msdn.10)	learn/windows-ce-5.0	Linker Tools Warning LNK4102 (Windows CE 5.0)	learn-tou
module-definition-file	Make sure that the given symbol is not listed in your .def file, and that the symbol is not listed as an argument of the /IMPORT or /EXPORT option in the linker command line.	corpus/learn/windows-ce-5.0/ms931584(v=msdn.10).html	ms931584(v=msdn.10)	learn/windows-ce-5.0	Linker Tools Warning LNK4103 (Windows CE 5.0)	learn-tou
module-definition-file	This warning is emitted when you are building an import library for a DLL and export one of the above functions without specifying it as PRIVATE in the module-definition file.	corpus/learn/windows-ce-5.0/ms931585(v=msdn.10).html	ms931585(v=msdn.10)	learn/windows-ce-5.0	Linker Tools Warning LNK4104 (Windows CE 5.0)	learn-tou
module-definition-file	For example, the following contents of a .def file would cause this warning:	corpus/learn/windows-ce-5.0/ms931592(v=msdn.10).html	ms931592(v=msdn.10)	learn/windows-ce-5.0	Linker Tools Warning LNK4197 (Windows CE 5.0)	learn-tou
module-definition-file	The same export is listed twice in the .def file with different attributes.	corpus/learn/windows-ce-5.0/ms931592(v=msdn.10).html	ms931592(v=msdn.10)	learn/windows-ce-5.0	Linker Tools Warning LNK4197 (Windows CE 5.0)	learn-tou
module-definition-file	The same export is specified both on the command line (via export:) and in the .def file	corpus/learn/windows-ce-5.0/ms931592(v=msdn.10).html	ms931592(v=msdn.10)	learn/windows-ce-5.0	Linker Tools Warning LNK4197 (Windows CE 5.0)	learn-tou
module-definition-file	Another way to set the size of the stack is with the STACKSIZE statement in a module-definition (.def) file.	corpus/learn/windows-ce-5.0/ms933113(v=msdn.10).html	ms933113(v=msdn.10)	learn/windows-ce-5.0	/STACK (Windows CE 5.0)	learn-tou
module-definition-file	Another way to insert a version number is with the VERSION module-definition statement.	corpus/learn/windows-ce-5.0/ms933153(v=msdn.10).html	ms933153(v=msdn.10)	learn/windows-ce-5.0	/VERSION (Windows CE 5.0)	learn-tou
module-definition-file	Specifies a name for the module-definition (.def) file.	corpus/learn/windows-ce-5.0/ms934344(v=msdn.10).html	ms934344(v=msdn.10)	learn/windows-ce-5.0	Project Settings: General Tab (Windows CE 5.0)	learn-tou
module-definition-file	Specifies the file name used when a module-definition (.def) file is preprocessed and then placed in the release directory.	corpus/learn/windows-ce-5.0/ms934344(v=msdn.10).html	ms934344(v=msdn.10)	learn/windows-ce-5.0	Project Settings: General Tab (Windows CE 5.0)	learn-tou
module-definition-file	Placing packaged functions in a specified order in the executable file by using a FUNCTIONS statement in a module-definition (.DEF) file	corpus/learn/windows-ce-net-4x/ms864130(v=msdn.10).html	ms864130(v=msdn.10)	learn/windows-ce-net-4x	/Gy - Enable Function-Level Linking (Windows CE .NET 4.2)	learn-tou
module-definition-file	In your module-definition (.def) file, export all the DLL functions except for the entry-point function.	corpus/learn/windows-ce-net-4x/ms899461(v=msdn.10).html	ms899461(v=msdn.10)	learn/windows-ce-net-4x	Creating a DLL in DirectShow	learn-tou
module-definition-file	Finally, link your filter to Strmbase.lib and export DllGetClassObject and DllCanUnloadNow using a .def file.	corpus/learn/windows-ce-net-4x/ms899466(v=msdn.10).html	ms899466(v=msdn.10)	learn/windows-ce-net-4x	Instantiate the Filter	learn-tou
module-definition-file	It is exported in the module definition file.	corpus/learn/windows-ce-net-4x/ms911748(v=msdn.10).html	ms911748(v=msdn.10)	learn/windows-ce-net-4x	WSAAccept (Windows CE .NET 4.2)	learn-tou
module-definition-file	The role of the .mib file can be compared to the role of a .def file in a DLL.	corpus/learn/windows-ce-net-4x/ms927017(v=msdn.10).html	ms927017(v=msdn.10)	learn/windows-ce-net-4x	Sample .mib File (Windows CE .NET 4.2)	learn-tou
module-definition-file	Remove all of the interface functions of TSP that are listed in the .def file, and add the TSPI_lineGetProcTable function to the .def file.	corpus/learn/windows-ce-net-4x/ms927954(v=msdn.10).html	ms927954(v=msdn.10)	learn/windows-ce-net-4x	Porting a TSP (Windows CE .NET 4.2)	learn-tou
module-definition-file	The callback function must reside in a dynamic-link library (DLL) or application module and be exported in the module-definition file.	corpus/learn/windows-ce-net-4x/ms928224(v=msdn.10).html	ms928224(v=msdn.10)	learn/windows-ce-net-4x	phoneCallbackFunc (Windows CE .NET 4.2)	learn-tou
module-definition-file	The Touch.def file, which is found in the %_WINCEROOT%\Public\Common\Oak\Inc directory, provides an example of how to include these entry points.	corpus/learn/windows-ce-net-4x/ms938021(v=msdn.10).html	ms938021(v=msdn.10)	learn/windows-ce-net-4x	Transcriber Handwriting Recognizer Application	learn-tou
module-definition-file	You must link this library with the libraries for the touch driver, and include the entry points for the library in the .def file for your touch driver.	corpus/learn/windows-ce-net-4x/ms938021(v=msdn.10).html	ms938021(v=msdn.10)	learn/windows-ce-net-4x	Transcriber Handwriting Recognizer Application	learn-tou
module-definition-file	When set to 1, this macro definition specifies that a module-definition file (.def) contains include directives and must be preprocessed.	corpus/learn/windows-embedded-ce-6.0/ee478784(v=winembedded.60).html	ee478784(v=winembedded.60)	learn/windows-embedded-ce-6.0	PREPROCESSDEFFILE (Windows Embedded CE 6.0)	learn-tou
module-definition-file	A .def file can contain one or more SECTIONS statements.	corpus/learn/windows-embedded-ce-6.0/ee478878(v=winembedded.60).html	ee478878(v=winembedded.60)	learn/windows-embedded-ce-6.0	Module-Definition File (Windows Embedded CE 6.0)	learn-tou
module-definition-file	A module-definition (.def) file is a text file which contains statements defining the public symbols, functions and variables, that are exported from an executable file.	corpus/learn/windows-embedded-ce-6.0/ee478878(v=winembedded.60).html	ee478878(v=winembedded.60)	learn/windows-embedded-ce-6.0	Module-Definition File (Windows Embedded CE 6.0)	learn-tou
module-definition-file	Although all executable files can use .def files, they are mainly used by the linker tool to define the functions exported by DLLs.	corpus/learn/windows-embedded-ce-6.0/ee478878(v=winembedded.60).html	ee478878(v=winembedded.60)	learn/windows-embedded-ce-6.0	Module-Definition File (Windows Embedded CE 6.0)	learn-tou
module-definition-file	For examples of .def files, see the files Kbdjpn1.def, Kbdjpn2.def, Kbdkor.def, and Kbdus.def for Windows CE .NET 4.2 or later, which are in %_WINCEROOT%\Public\Common\Oak\Inc.	corpus/learn/windows-embedded-ce-6.0/ee478878(v=winembedded.60).html	ee478878(v=winembedded.60)	learn/windows-embedded-ce-6.0	Module-Definition File (Windows Embedded CE 6.0)	learn-tou
module-definition-file	The SECTIONS, EXPORTS, and IMPORTS statements can appear more than once in the .def file.	corpus/learn/windows-embedded-ce-6.0/ee478878(v=winembedded.60).html	ee478878(v=winembedded.60)	learn/windows-embedded-ce-6.0	Module-Definition File (Windows Embedded CE 6.0)	learn-tou
module-definition-file	The statements in a .def file provide the linker with information about exports, attributes, and other information about the application to be linked.	corpus/learn/windows-embedded-ce-6.0/ee478878(v=winembedded.60).html	ee478878(v=winembedded.60)	learn/windows-embedded-ce-6.0	Module-Definition File (Windows Embedded CE 6.0)	learn-tou
module-definition-file	Do not examine .def files in cesysgen directories because these have already been filtered, based on your selected configuration.	corpus/learn/windows-embedded-ce-6.0/ee479042(v=winembedded.60).html	ee479042(v=winembedded.60)	learn/windows-embedded-ce-6.0	Debugging a Linker Build Error (Windows Embedded CE 6.0)	learn-tou
module-definition-file	This macro definition specifies the name for the module-definition file (.def), known as an export file, for TARGETNAME.	corpus/learn/windows-embedded-ce-6.0/ee479085(v=winembedded.60).html	ee479085(v=winembedded.60)	learn/windows-embedded-ce-6.0	DEFFILE (Windows Embedded CE 6.0)	learn-tou
module-definition-file	After you have completed these steps, you are ready to create a .def file to export the functions that you implemented in this topic.	corpus/learn/windows-embedded-ce-6.0/ee479587(v=winembedded.60).html	ee479587(v=winembedded.60)	learn/windows-embedded-ce-6.0	Implementing the Functions Required for a Debugger Extension DLL (Windows Embedded CE 6.0)	learn-tou
module-definition-file	The name of the command is case-sensitive and must be entered exactly as it appears in the .def file for the extension DLL.	corpus/learn/windows-embedded-ce-6.0/ee480845(v=winembedded.60).html	ee480845(v=winembedded.60)	learn/windows-embedded-ce-6.0	Debugger Extension Commands (Windows Embedded CE 6.0)	learn-tou
module-definition-file	Before you begin to create the .def file, you must complete the steps in Implementing the Functions Required for a Debugger Extension DLL.	corpus/learn/windows-embedded-ce-6.0/ee481634(v=winembedded.60).html	ee481634(v=winembedded.60)	learn/windows-embedded-ce-6.0	Exporting Commands from a Debugger Extension DLL (Windows Embedded CE 6.0)	learn-tou
module-definition-file	This topic describes how to create a .def file that exports commands from the sample hello_ext debugger extension.	corpus/learn/windows-embedded-ce-6.0/ee481634(v=winembedded.60).html	ee481634(v=winembedded.60)	learn/windows-embedded-ce-6.0	Exporting Commands from a Debugger Extension DLL (Windows Embedded CE 6.0)	learn-tou
module-definition-file	To create a .def file for the debugger extension DLL	corpus/learn/windows-embedded-ce-6.0/ee481634(v=winembedded.60).html	ee481634(v=winembedded.60)	learn/windows-embedded-ce-6.0	Exporting Commands from a Debugger Extension DLL (Windows Embedded CE 6.0)	learn-tou
module-definition-file	The build cannot find a static library or you receive an error compiling your .def file because it cannot find Deffile.inc.	corpus/learn/windows-embedded-ce-6.0/ee481738(v=winembedded.60).html	ee481738(v=winembedded.60)	learn/windows-embedded-ce-6.0	Troubleshooting: Building a Driver (Windows Embedded CE 6.0)	learn-tou
module-definition-file	Specifies a name for the module-definition (.def) file.	corpus/learn/windows-embedded-ce-6.0/ee482173(v=winembedded.60).html	ee482173(v=winembedded.60)	learn/windows-embedded-ce-6.0	Subprojects: General Settings (Windows Embedded CE 6.0)	learn-tou
module-definition-file	Specifies the file name used when a module-definition (.def) file is preprocessed and then placed in the release directory.	corpus/learn/windows-embedded-ce-6.0/ee482173(v=winembedded.60).html	ee482173(v=winembedded.60)	learn/windows-embedded-ce-6.0	Subprojects: General Settings (Windows Embedded CE 6.0)	learn-tou
module-definition-file	Ensure that your DriverEntry and DllMain functions are exported in the .def file for your driver.	corpus/learn/windows-embedded-ce-6.0/ee483811(v=winembedded.60).html	ee483811(v=winembedded.60)	learn/windows-embedded-ce-6.0	Troubleshooting: Loading a Driver (Windows Embedded CE 6.0)	learn-tou
module-definition-file	Modify your display driver's .def file to include HALInit so DirectDraw can find the entry point to the display driver.	corpus/learn/windows-embedded-ce-6.0/ee485850(v=winembedded.60).html	ee485850(v=winembedded.60)	learn/windows-embedded-ce-6.0	Extending a Display Driver with the DDGPE Classes (Windows Embedded CE 6.0)	learn-tou
module-definition-file	Remove unused XXX_PowerUp and XXX_PowerDown functions from .def files and add DEVFLAGS_LOADLIBRARY flag to the Flags registry keys for the driver.	corpus/learn/windows-embedded-ce-6.0/ee486438(v=winembedded.60).html	ee486438(v=winembedded.60)	learn/windows-embedded-ce-6.0	Best Practices for Optimizing Device Drivers (Windows Embedded CE 6.0)	learn-tou
module-definition-file	The name specified is the file name of the module and is not related to the name stored in the library module itself, as specified by the LIBRARY keyword in the module-definition (.def) file.	corpus/learn/windows-embedded-ce-6.0/ee488148(v=winembedded.60).html	ee488148(v=winembedded.60)	learn/windows-embedded-ce-6.0	LoadLibrary (Windows Embedded CE 6.0)	learn-tou
module-definition-file	This name is not related to the name stored in a library module itself, as specified by the LIBRARY keyword in the module-definition (.def) file.	corpus/learn/windows-embedded-ce-6.0/ee488215(v=winembedded.60).html	ee488215(v=winembedded.60)	learn/windows-embedded-ce-6.0	LoadLibraryEx (Windows Embedded CE 6.0)	learn-tou
module-definition-file	If the .def file does not number the functions consecutively from 1 to N (where N is the number of exported functions), an error can occur where GetProcAddress returns an invalid, nonnull address, even though there is no function with the specified ordinal.	corpus/learn/windows-embedded-ce-6.0/ee488623(v=winembedded.60).html	ee488623(v=winembedded.60)	learn/windows-embedded-ce-6.0	GetProcAddress (Windows Embedded CE 6.0)	learn-tou
module-definition-file	The role of the .mib file can be compared to the role of a .def file in a DLL.	corpus/learn/windows-embedded-ce-6.0/ee489121(v=winembedded.60).html	ee489121(v=winembedded.60)	learn/windows-embedded-ce-6.0	Sample .mib File (Windows Embedded CE 6.0)	learn-tou
module-definition-file	You must link this library with the libraries for the touch driver and include the entry points for the library in the .def file for your touch driver.	corpus/learn/windows-embedded-ce-6.0/ee491545(v=winembedded.60).html	ee491545(v=winembedded.60)	learn/windows-embedded-ce-6.0	Transcriber Handwriting Recognition OS Design Development (Windows Embedded CE 6.0)	learn-tou
module-definition-file	In your module-definition (.def) file, export all the DLL functions except for the entry-point function.	corpus/learn/windows-embedded-ce-6.0/ee493145(v=winembedded.60).html	ee493145(v=winembedded.60)	learn/windows-embedded-ce-6.0	Creating a DLL in DirectShow (Windows Embedded CE 6.0)	learn-tou
module-definition-file	It is exported in the module definition file.	corpus/learn/windows-embedded-ce-6.0/ee493252(v=winembedded.60).html	ee493252(v=winembedded.60)	learn/windows-embedded-ce-6.0	WSAAccept (Windows Embedded CE 6.0)	learn-tou
module-definition-file	Finally, link your filter to Strmbase.lib and export DllGetClassObject and DllCanUnloadNow using a .def file.	corpus/learn/windows-embedded-ce-6.0/ee495240(v=winembedded.60).html	ee495240(v=winembedded.60)	learn/windows-embedded-ce-6.0	Instantiate the Filter (Windows Embedded CE 6.0)	learn-tou
module-definition-file	The callback function must reside in a dynamic-link library (DLL) or application module and be exported in the module-definition file.	corpus/learn/windows-embedded-ce-6.0/ee496217(v=winembedded.60).html	ee496217(v=winembedded.60)	learn/windows-embedded-ce-6.0	phoneCallbackFunc (Windows Embedded CE 6.0)	learn-tou
module-definition-file	Remove all of the interface functions of TSP that are listed in the .def file, and add the TSPI_lineGetProcTable function to the .def file.	corpus/learn/windows-embedded-ce-6.0/ee497388(v=winembedded.60).html	ee497388(v=winembedded.60)	learn/windows-embedded-ce-6.0	Porting a TSP (Windows Embedded CE 6.0)	learn-tou
module-definition-file	A .def file is used to export functions from a .dll file.	corpus/msdn-library/datadungeon-2000-04/wcegloss/htm/gloss_4.content.htm	gloss_4.content	msdn-library/datadungeon-2000-04/wcegloss/htm	D	msdn-library-copyright
module-definition-file	Because the callback is accessed at interrupt time, it must reside in a DLL and its code segment must be specified as FIXED in the module-definition file for the DLL.	corpus/msdn-library/techshelps/CEGUIDE/devdoc/good/wince/ce_func_1h43.htm	ce_func_1h43	msdn-library/techshelps/CEGUIDE/devdoc/good/wince	WaveInFunc	msdn-library-copyright
module-definition-file	LibEntry initializes the DLL's heap (if a HEAPSIZE value is specified in the DLL's module-definition file) before calling LibMain.	corpus/msdn-library/techshelps/CEGUIDE/devdoc/good/wince/ce_func_3a5q.htm	ce_func_3a5q	msdn-library/techshelps/CEGUIDE/devdoc/good/wince	LibMain	msdn-library-copyright
module-definition-file	Because the callback is accessed at interrupt time, it must reside in a DLL and its code segment must be specified as FIXED in the module-definition file for the DLL.	corpus/msdn-library/techshelps/CEGUIDE/devdoc/good/wince/ce_func_4gdf.htm	ce_func_4gdf	msdn-library/techshelps/CEGUIDE/devdoc/good/wince	WaveOutFunc	msdn-library-copyright
module-definition-file	Each program that is described in the following examples uses the appropriate EXAMPLEn.SQC, GCUTIL.C, GCUTIL.H, and QUICKWIN.DEF files.	corpus/msdn-library/techshelps/DNEMBED/html/S80E.HTM	S80E	msdn-library/techshelps/DNEMBED/html	Examples	msdn-library-copyright
module-definition-file	As a consequence of being compiled as a DLL, your driver must export a DriverEntry function in its .DEF file.	corpus/msdn-library/techshelps/WCEDDK/ndis_1.htm	ndis_1	msdn-library/techshelps/WCEDDK	Compiling a Miniport Driver for Windows CE	msdn-library-copyright
module-definition-file	The entry point for the printer driver DLL, which must be exported in the .DEF file for the DLL.	corpus/msdn-library/techshelps/WCEDDK/print_1.htm	print_1	msdn-library/techshelps/WCEDDK	Functions Implemented by Printer Drivers	msdn-library-copyright
module-definition-file	This function is the entry point for the printer driver DLL, which must be exported in the .def file for the DLL.	corpus/msdn-library/wcedevcon-99/wceddk/print_1.html	print_1	msdn-library/wcedevcon-99/wceddk	Functions Implemented by Printer Drivers	msdn-library-copyright
module-definition-file	If the .DEF file does not number the functions consecutively from 1 to N (where N is the number of exported functions), an error can occur where GetProcAddress returns an invalid, non-NULL address, even though there is no function with the specified ordinal.	corpus/msdn-library/wcedevcon-99/wcesdkr/kf_g_27.html	kf_g_27	msdn-library/wcedevcon-99/wcesdkr	GetProcAddress	msdn-library-copyright
module-definition-file	The name specified is the filename of the module and is not related to the name stored in the library module itself, as specified by the LIBRARY keyword in the module-definition (.DEF) file.	corpus/msdn-library/wcedevcon-99/wcesdkr/kf_jl_11.html	kf_jl_11	msdn-library/wcedevcon-99/wcesdkr	LoadLibrary	msdn-library-copyright
module-definition-file	· Export the stream functions your driver implements in its module definition file.	corpus/mvb/windows-ce-1.0/PEGDDK/BB2C.html	BB2C	mvb/windows-ce-1.0/PEGDDK	About the Stream Interface	ms-media-copyright
module-definition-file	The name specified is the file name of the module and is not related to the name stored in the library module itself, as specified by the LIBRARY keyword in the module-definition (.def) file.	corpus/mvb/windows-ce-1.0/PEGSDK/AB150J.html	AB150J	mvb/windows-ce-1.0/PEGSDK	LoadLibrary	ms-media-copyright
module-definition-file	If the .def file does not number the functions consecutively from 1 to N (where N is the number of exported functions), an error can occur where GetProcAddress returns an invalid, non-NULL address, even though there is no function with the specified ordinal.	corpus/mvb/windows-ce-1.0/PEGSDK/AB347G.html	AB347G	mvb/windows-ce-1.0/PEGSDK	GetProcAddress	ms-media-copyright
module-definition-file	· You can place packaged functions in a specified order in the executable file by using a FUNCTIONS statement in a module-definition (.DEF) file.	corpus/mvb/windows-ce-1.0/PEGSDK/AH13A.html	AH13A	mvb/windows-ce-1.0/PEGSDK	SHCL Options Alphabetical Reference	ms-media-copyright
module-definition-file	A module-definition (.DEF) file is a text file that contains statements for defining an .EXE file or DLL.	corpus/mvb/windows-ce-1.0/PEGSDK/AK132A.html	AK132A	mvb/windows-ce-1.0/PEGSDK	LINK Reference	ms-media-copyright
module-definition-file	An alternate way to build a DLL is with the LIBRARY module-definition statement.	corpus/mvb/windows-ce-1.0/PEGSDK/AK132A.html	AK132A	mvb/windows-ce-1.0/PEGSDK	LINK Reference	ms-media-copyright
module-definition-file	Because LINK provides equivalent command-line options for most module-definition statements, a typical program for Win32 does not usually require a .DEF file.	corpus/mvb/windows-ce-1.0/PEGSDK/AK132A.html	AK132A	mvb/windows-ce-1.0/PEGSDK	LINK Reference	ms-media-copyright
module-definition-file	Only one .DEF file can be specified to LINK.	corpus/mvb/windows-ce-1.0/PEGSDK/AK132A.html	AK132A	mvb/windows-ce-1.0/PEGSDK	LINK Reference	ms-media-copyright
module-definition-file	These names can be used as arguments in module-definition statements only if the name is enclosed in double quotation marks (").	corpus/mvb/windows-ce-1.0/PEGSDK/AK132A.html	AK132A	mvb/windows-ce-1.0/PEGSDK	LINK Reference	ms-media-copyright
module-definition-file	This comment string, unlike the comment specified with the DESCRIPTION statement in a .DEF file, is not inserted into the data section.	corpus/mvb/windows-ce-1.0/PEGSDK/AK132A.html	AK132A	mvb/windows-ce-1.0/PEGSDK	LINK Reference	ms-media-copyright
module-definition-file	To specify a .DEF file, add it to the project along with other files.	corpus/mvb/windows-ce-1.0/PEGSDK/AK132A.html	AK132A	mvb/windows-ce-1.0/PEGSDK	LINK Reference	ms-media-copyright
module-definition-file	When a .DEF file is used in a build, no matter whether the main output file is an .EXE file or a DLL, LINK creates an import library (.LIB) and an export file (.EXP).	corpus/mvb/windows-ce-1.0/PEGSDK/AK132A.html	AK132A	mvb/windows-ce-1.0/PEGSDK	LINK Reference	ms-media-copyright
module-definition-file	Do not specify the .DEF file or /EXPORT specifications in the LINK command; these are not needed, because the export definitions are contained in the .EXP file.	corpus/mvb/windows-ce-1.0/PEGSDK/AK157A.html	AK157A	mvb/windows-ce-1.0/PEGSDK	LIB Reference	ms-media-copyright
module-definition-file	If the program uses a .DEF file or /EXPORT specifications, specify these as well.	corpus/mvb/windows-ce-1.0/PEGSDK/AK157A.html	AK157A	mvb/windows-ce-1.0/PEGSDK	LIB Reference	ms-media-copyright
module-definition-file	This batch file sets various environment variables that control the compiler and linker options and definitions used when the build utility uses the makefile.def file.	corpus/mvb/windows-ce-2.0-sdk/WINDBG/Building_Your_Driver.html	Building_Your_Driver	mvb/windows-ce-2.0-sdk/WINDBG	Building Your Driver	ms-media-copyright
module-definition-file	A multimodule program contains more than one component file, including source files (.C ), header files (.H), object files (.OBJ), and library files (.LIB), a module-definition file (.DEF) and a resource script (.RC).	corpus/mvb/windows-ce-2.0-sdk/WINDBG/Definition_of_a_Multimodule_Program.html	Definition_of_a_Multimodule_Program	mvb/windows-ce-2.0-sdk/WINDBG	Definition of a Multimodule Program	ms-media-copyright
module-definition-file;export-ordinal	GetProcAddress verifies that the specified ordinal is in the range 1 through the highest ordinal value exported in the .DEF file.	corpus/chm/windows-ce-3.0/wcesdkrGetProcAddress.html	wcesdkrGetProcAddress	chm/windows-ce-3.0	GetProcAddress	ce30-internal-reference
module-definition-file;export-ordinal	GetProcAddress verifies that the specified ordinal is in the range 1 through the highest ordinal value exported in the .def file.	corpus/chm/windows-ce-5.0/wcecore5/html/wce50lrfGetProcAddress.html	wce50lrfGetProcAddress	chm/windows-ce-5.0/wcecore5/html	GetProcAddress	ms-media-copyright
module-definition-file;export-ordinal	GetProcAddress verifies that the specified ordinal is in the range 1 through the highest ordinal value exported in the .def file.	corpus/learn/windows-ce-5.0/ms885634(v=msdn.10).html	ms885634(v=msdn.10)	learn/windows-ce-5.0	GetProcAddress (Windows CE 5.0)	learn-tou
module-definition-file;export-ordinal	GetProcAddress verifies that the specified ordinal is in the range 1 through the highest ordinal value exported in the .def file.	corpus/learn/windows-embedded-ce-6.0/ee488623(v=winembedded.60).html	ee488623(v=winembedded.60)	learn/windows-embedded-ce-6.0	GetProcAddress (Windows Embedded CE 6.0)	learn-tou
module-definition-file;export-ordinal	GetProcAddress verifies that the specified ordinal is in the range 1 through the highest ordinal value exported in the .DEF file.	corpus/msdn-library/wcedevcon-99/wcesdkr/kf_g_27.html	kf_g_27	msdn-library/wcedevcon-99/wcesdkr	GetProcAddress	msdn-library-copyright
module-definition-file;export-ordinal	GetProcAddress verifies that the specified ordinal is in the range 1 through the highest ordinal value exported in the .def file.	corpus/mvb/windows-ce-1.0/PEGSDK/AB347G.html	AB347G	mvb/windows-ce-1.0/PEGSDK	GetProcAddress	ms-media-copyright
module-definition-file;exports-section	The spelling and case of the function name pointed to by lpProcName must be identical to that in the EXPORTS statement of the source DLL's module-definition (.DEF) file.	corpus/chm/windows-ce-3.0/wcesdkrGetProcAddress.html	wcesdkrGetProcAddress	chm/windows-ce-3.0	GetProcAddress	ce30-internal-reference
module-definition-file;exports-section	The spelling and case of the function name pointed to by lpProcName must be identical to that in the EXPORTS statement of the source DLL's module-definition (.def) file.	corpus/chm/windows-ce-5.0/wcecore5/html/wce50lrfGetProcAddress.html	wce50lrfGetProcAddress	chm/windows-ce-5.0/wcecore5/html	GetProcAddress	ms-media-copyright
module-definition-file;exports-section	It is recommended that you use the EXPORTS statement in a .def file instead.	corpus/learn/windows-ce-5.0/aa449735(v=msdn.10).html	aa449735(v=msdn.10)	learn/windows-ce-5.0	/EXPORT (Windows CE 5.0)	learn-tou
module-definition-file;exports-section	The spelling and case of the function name pointed to by lpProcName must be identical to that in the EXPORTS statement of the source DLL's module-definition (.def) file.	corpus/learn/windows-ce-5.0/ms885634(v=msdn.10).html	ms885634(v=msdn.10)	learn/windows-ce-5.0	GetProcAddress (Windows CE 5.0)	learn-tou
module-definition-file;exports-section	A .def file can contain one or more EXPORTS statements.	corpus/learn/windows-ce-5.0/ms923590(v=msdn.10).html	ms923590(v=msdn.10)	learn/windows-ce-5.0	Module-Definition File (Windows CE 5.0)	learn-tou
module-definition-file;exports-section	For more information, see the description of the EXPORTS section of module-definition files.	corpus/learn/windows-ce-5.0/ms931494(v=msdn.10).html	ms931494(v=msdn.10)	learn/windows-ce-5.0	Linker Tools Error LNK2001 (Windows CE 5.0)	learn-tou
module-definition-file;exports-section	Exports specified by the /EXPORT option or the EXPORTS statement in a .def file were ignored.	corpus/learn/windows-ce-5.0/ms931565(v=msdn.10).html	ms931565(v=msdn.10)	learn/windows-ce-5.0	Linker Tools Warning LNK4077 (Windows CE 5.0)	learn-tou
module-definition-file;exports-section	A .def file can contain one or more EXPORTS statements.	corpus/learn/windows-embedded-ce-6.0/ee478878(v=winembedded.60).html	ee478878(v=winembedded.60)	learn/windows-embedded-ce-6.0	Module-Definition File (Windows Embedded CE 6.0)	learn-tou
module-definition-file;exports-section	The spelling and case of the function name pointed to by lpProcName must be identical to that in the EXPORTS statement of the source DLL's module-definition (.def) file.	corpus/learn/windows-embedded-ce-6.0/ee488623(v=winembedded.60).html	ee488623(v=winembedded.60)	learn/windows-embedded-ce-6.0	GetProcAddress (Windows Embedded CE 6.0)	learn-tou
module-definition-file;exports-section	LibCallFn should also be declared by name in the EXPORTS section of the .DEF file of the DLL.	corpus/msdn-library/datadungeon-2000-04/mobchan/htm/mcscript_25.content.htm	mcscript_25.content	msdn-library/datadungeon-2000-04/mobchan/htm	LibraryCall	msdn-library-copyright
module-definition-file;exports-section	The actual name must be exported by including it in an EXPORTS statement in the DLL's module-definition file.	corpus/msdn-library/techshelps/CEGUIDE/devdoc/good/wince/ce_func_1h43.htm	ce_func_1h43	msdn-library/techshelps/CEGUIDE/devdoc/good/wince	WaveInFunc	msdn-library-copyright
module-definition-file;exports-section	The actual name must be exported by including it in an EXPORTS statement in the DLL' s module-definition file.	corpus/msdn-library/techshelps/CEGUIDE/devdoc/good/wince/ce_func_4gdf.htm	ce_func_4gdf	msdn-library/techshelps/CEGUIDE/devdoc/good/wince	WaveOutFunc	msdn-library-copyright
module-definition-file;exports-section	The spelling and case of the function name pointed to by lpProcName must be identical to that in the EXPORTS statement of the source DLL’s module-definition (.DEF) file.	corpus/msdn-library/wcedevcon-99/wcesdkr/kf_g_27.html	kf_g_27	msdn-library/wcedevcon-99/wcesdkr	GetProcAddress	msdn-library-copyright
module-definition-file;exports-section	The spelling and case of the function name pointed to by lpProcName must be identical to that in the EXPORTS statement of the source DLL's module-definition (.def) file.	corpus/mvb/windows-ce-1.0/PEGSDK/AB347G.html	AB347G	mvb/windows-ce-1.0/PEGSDK	GetProcAddress	ms-media-copyright
module-definition-file;exports-section	An /EXPORT specification in a LINK commandAn EXPORTS statement in a .DEF file	corpus/mvb/windows-ce-1.0/PEGSDK/AK132A.html	AK132A	mvb/windows-ce-1.0/PEGSDK	LINK Reference	ms-media-copyright
module-definition-file;exports-section	· An EXPORTS statement in a .DEF file	corpus/mvb/windows-ce-1.0/PEGSDK/AK132A.html	AK132A	mvb/windows-ce-1.0/PEGSDK	LINK Reference	ms-media-copyright
module-definition-file;exports-section;export-ordinal	An ordinal number is an optional argument in either an /EXPORT option in a LINK or LIB command, or an EXPORTS statement in a module-definition file.	corpus/learn/windows-ce-5.0/ms911399(v=msdn.10).html	ms911399(v=msdn.10)	learn/windows-ce-5.0	Linker Tools Error LNK1119 (Windows CE 5.0)	learn-tou
module-definition-file;exports-section;export-ordinal	The given ordinal number was specified more than once in an /EXPORT option in a LINK or LIB command, or in an EXPORTS statement in a module-definition file.	corpus/learn/windows-ce-5.0/ms911409(v=msdn.10).html	ms911409(v=msdn.10)	learn/windows-ce-5.0	Linker Tools Error LNK1121 (Windows CE 5.0)	learn-tou
module-definition-file;exports-section;name-decoration;calling-convention	The current 32-bit module-definition (.def) file syntax requires that __cdecl, __stdcall, and __fastcall functions be listed in the EXPORTS section without underscores (undecorated).	corpus/learn/windows-ce-5.0/ms931494(v=msdn.10).html	ms931494(v=msdn.10)	learn/windows-ce-5.0	Linker Tools Error LNK2001 (Windows CE 5.0)	learn-tou
module-definition-file;name-decoration	This could be because it does not exist, is spelled incorrectly, or uses C++ decorated names (.def files do not take decorated names)	corpus/learn/windows-ce-5.0/ms931494(v=msdn.10).html	ms931494(v=msdn.10)	learn/windows-ce-5.0	Linker Tools Error LNK2001 (Windows CE 5.0)	learn-tou
name-decoration	For example, if Kbdmouse.dll exposes Matrix_00000409, which is a decorated entry point, Layout Manager attempts to use Matrix, which is the undecorated name.	corpus/learn/windows-ce-5.0/aa447467(v=msdn.10).html	aa447467(v=msdn.10)	learn/windows-ce-5.0	Device Layout Data (Windows CE 5.0)	learn-tou
name-decoration	If one decorated entry does not exist, Layout Manager attempts to use the undecorated names.	corpus/learn/windows-ce-5.0/aa447467(v=msdn.10).html	aa447467(v=msdn.10)	learn/windows-ce-5.0	Device Layout Data (Windows CE 5.0)	learn-tou
name-decoration	Because overloaded functions have the same undecorated name, they cannot be used with C programs.	corpus/learn/windows-ce-5.0/aa449267(v=msdn.10).html	aa449267(v=msdn.10)	learn/windows-ce-5.0	Compiler Error C2733 (Windows CE 5.0)	learn-tou
name-decoration	However, the symbol is accessible only by the decorated name known to the linker, and display of the symbol is limited.	corpus/learn/windows-ce-5.0/aa449486(v=msdn.10).html	aa449486(v=msdn.10)	learn/windows-ce-5.0	CVPACK Warning CK4004 (Windows CE 5.0)	learn-tou
name-decoration	To see decorated names of identifiers, use DUMPBIN /UNDECORATE.	corpus/learn/windows-ce-5.0/aa449486(v=msdn.10).html	aa449486(v=msdn.10)	learn/windows-ce-5.0	CVPACK Warning CK4004 (Windows CE 5.0)	learn-tou
name-decoration	Name decoration usually refers to C++ naming conventions, but can apply to a number of C cases as well.	corpus/learn/windows-ce-5.0/aa449609(v=msdn.10).html	aa449609(v=msdn.10)	learn/windows-ce-5.0	Name Decoration (Windows CE 5.0)	learn-tou
name-decoration	If entryname or internalname is specified to the linker in its undecorated form (as it appears in the source code), LINK attempts to match the name.	corpus/learn/windows-ce-5.0/aa449735(v=msdn.10).html	aa449735(v=msdn.10)	learn/windows-ce-5.0	/EXPORT (Windows CE 5.0)	learn-tou
name-decoration	The compiler decorates an identifier when it creates the .obj file.	corpus/learn/windows-ce-5.0/aa449735(v=msdn.10).html	aa449735(v=msdn.10)	learn/windows-ce-5.0	/EXPORT (Windows CE 5.0)	learn-tou
name-decoration	Use the DUMPBIN_ tool to get the decorated Names form of an identifier when you need to specify it to the linker.	corpus/learn/windows-ce-5.0/aa449735(v=msdn.10).html	aa449735(v=msdn.10)	learn/windows-ce-5.0	/EXPORT (Windows CE 5.0)	learn-tou
name-decoration	If the name of the COMDAT is specified to the linker in its undecorated form as it appears in the source code, LINK attempts to match the name.	corpus/learn/windows-ce-5.0/aa449775(v=msdn.10).html	aa449775(v=msdn.10)	learn/windows-ce-5.0	/ORDER (Windows CE 5.0)	learn-tou
name-decoration	The compiler decorates an identifier when it creates the .obj file.	corpus/learn/windows-ce-5.0/aa449775(v=msdn.10).html	aa449775(v=msdn.10)	learn/windows-ce-5.0	/ORDER (Windows CE 5.0)	learn-tou
name-decoration	Valid only within a function and returns the undecorated name of the enclosing function (as a string).	corpus/learn/windows-ce-5.0/aa449784(v=msdn.10).html	aa449784(v=msdn.10)	learn/windows-ce-5.0	Predefined Macros (Windows CE 5.0)	learn-tou
name-decoration	'identifier' : decorated name length exceeded, name was truncated	corpus/learn/windows-ce-5.0/ms909170(v=msdn.10).html	ms909170(v=msdn.10)	learn/windows-ce-5.0	Compiler Warning (level 1) C4503 (Windows CE 5.0)	learn-tou
name-decoration	The decorated name was longer than the compiler limit (247), and was truncated.	corpus/learn/windows-ce-5.0/ms909170(v=msdn.10).html	ms909170(v=msdn.10)	learn/windows-ce-5.0	Compiler Warning (level 1) C4503 (Windows CE 5.0)	learn-tou
name-decoration	A symbol has a decorated name exceeding 247 characters.	corpus/learn/windows-ce-5.0/ms911063(v=msdn.10).html	ms911063(v=msdn.10)	learn/windows-ce-5.0	Fatal Error C1067 (Windows CE 5.0)	learn-tou
name-decoration	This error is preceded by one warning LNK4022 for each undecorated symbol that could not be resolved and by at least two warnings LNK4006 for the duplicate symbols found for the undecorated symbol.	corpus/learn/windows-ce-5.0/ms911488(v=msdn.10).html	ms911488(v=msdn.10)	learn/windows-ce-5.0	Linker Tools Error LNK1152 (Windows CE 5.0)	learn-tou
name-decoration	When implementing the stream interface, replace XXX with a prefix appropriate for your implementation or use undecorated entry point names in conjunction with DEVFLAGS_NAKEDENTRIES.	corpus/learn/windows-ce-5.0/ms923695(v=msdn.10).html	ms923695(v=msdn.10)	learn/windows-ce-5.0	XXX_Close (Device Manager) (Windows CE 5.0)	learn-tou
name-decoration	When implementing the stream interface, replace XXX with a prefix appropriate for your specific implementation or use undecorated entry point names in conjunction with DEVFLAGS_NAKEDENTRIES.For more information about other valid Flags values, see ActivateDeviceEx.	corpus/learn/windows-ce-5.0/ms923696(v=msdn.10).html	ms923696(v=msdn.10)	learn/windows-ce-5.0	XXX_Deinit (Device Manager) (Windows CE 5.0)	learn-tou
name-decoration	When implementing the stream interface, replace XXX with a prefix appropriate for your specific implementation or use undecorated entry point names in conjunction with DEVFLAGS_NAKEDENTRIES.	corpus/learn/windows-ce-5.0/ms923697(v=msdn.10).html	ms923697(v=msdn.10)	learn/windows-ce-5.0	XXX_Init (Device Manager) (Windows CE 5.0)	learn-tou
name-decoration	When implementing the stream interface, replace XXX with a prefix appropriate for your specific implementation or use undecorated entry point names in conjunction with DEVFLAGS_NAKEDENTRIES.	corpus/learn/windows-ce-5.0/ms923699(v=msdn.10).html	ms923699(v=msdn.10)	learn/windows-ce-5.0	XXX_IOControl (Device Manager) (Windows CE 5.0)	learn-tou
name-decoration	When implementing the stream interface, replace XXX with a prefix appropriate for your implementation or use undecorated entry point names in conjunction with DEVFLAGS_NAKEDENTRIES.	corpus/learn/windows-ce-5.0/ms923700(v=msdn.10).html	ms923700(v=msdn.10)	learn/windows-ce-5.0	XXX_Open (Device Manager) (Windows CE 5.0)	learn-tou
name-decoration	When implementing the stream interface, replace XXX with a prefix appropriate for your implementation or use undecorated entry point names in conjunction with DEVFLAGS_NAKEDENTRIES.	corpus/learn/windows-ce-5.0/ms923701(v=msdn.10).html	ms923701(v=msdn.10)	learn/windows-ce-5.0	XXX_PowerDown (Device Manager) (Windows CE 5.0)	learn-tou
name-decoration	When implementing the stream interface, replace XXX with a prefix appropriate for your implementation or use undecorated entry point names in conjunction with DEVFLAGS_NAKEDENTRIES.	corpus/learn/windows-ce-5.0/ms923702(v=msdn.10).html	ms923702(v=msdn.10)	learn/windows-ce-5.0	XXX_PowerUp (Device Manager) (Windows CE 5.0)	learn-tou
name-decoration	When implementing the stream interface, replace XXX with a prefix appropriate for your implementation or use undecorated entry point names in conjunction with DEVFLAGS_NAKEDENTRIES.	corpus/learn/windows-ce-5.0/ms923703(v=msdn.10).html	ms923703(v=msdn.10)	learn/windows-ce-5.0	XXX_Read (Device Manager) (Windows CE 5.0)	learn-tou
name-decoration	When implementing the stream interface, replace XXX with a prefix appropriate for your implementation or use undecorated entry point names in conjunction with DEVFLAGS_NAKEDENTRIES.	corpus/learn/windows-ce-5.0/ms923704(v=msdn.10).html	ms923704(v=msdn.10)	learn/windows-ce-5.0	XXX_Seek (Device Manager) (Windows CE 5.0)	learn-tou
name-decoration	When implementing the stream interface, replace XXX with a prefix appropriate for your specific implementation or use undecorated entry point names in conjunction with DEVFLAGS_NAKEDENTRIES.	corpus/learn/windows-ce-5.0/ms923705(v=msdn.10).html	ms923705(v=msdn.10)	learn/windows-ce-5.0	XXX_Write (Device Manager) (Windows CE 5.0)	learn-tou
name-decoration	When implementing the stream interface, replace XXX with a prefix appropriate for your specific implementation or use undecorated entry point names in conjunction with DEVFLAGS_NAKEDENTRIES.	corpus/learn/windows-ce-5.0/ms923706(v=msdn.10).html	ms923706(v=msdn.10)	learn/windows-ce-5.0	XXX_PreClose (Device Manager) (Windows CE 5.0)	learn-tou
name-decoration	When implementing the stream interface, replace XXX with a prefix appropriate for your specific implementation or use undecorated entry point names in conjunction with DEVFLAGS_NAKEDENTRIES.	corpus/learn/windows-ce-5.0/ms923707(v=msdn.10).html	ms923707(v=msdn.10)	learn/windows-ce-5.0	XXX_PreDeinit (Device Manager) (Windows CE 5.0)	learn-tou
name-decoration	The following are examples of undecorated and decorated C++ names:	corpus/learn/windows-ce-5.0/ms924281(v=msdn.10).html	ms924281(v=msdn.10)	learn/windows-ce-5.0	Format of a C ++ Decorated Name (Windows CE 5.0)	learn-tou
name-decoration	The following information is contained in a decorated name for a C++ function:	corpus/learn/windows-ce-5.0/ms924281(v=msdn.10).html	ms924281(v=msdn.10)	learn/windows-ce-5.0	Format of a C ++ Decorated Name (Windows CE 5.0)	learn-tou
name-decoration	The default maximum length of an undecorated name, or a user-entered fragment of a decorated name, is 32 characters.	corpus/learn/windows-ce-5.0/ms929597(v=msdn.10).html	ms929597(v=msdn.10)	learn/windows-ce-5.0	Compiler Warning (level 1) C4011 (Windows CE 5.0)	learn-tou
name-decoration	The maximum length of a linkable external identifier is 247 characters after name decoration.	corpus/learn/windows-ce-5.0/ms929597(v=msdn.10).html	ms929597(v=msdn.10)	learn/windows-ce-5.0	Compiler Warning (level 1) C4011 (Windows CE 5.0)	learn-tou
name-decoration	Because function has no prototype, the compiler, when creating the decorated name, assumes the function has no parameters .	corpus/learn/windows-ce-5.0/ms929856(v=msdn.10).html	ms929856(v=msdn.10)	learn/windows-ce-5.0	Compiler Warning (level 1) C4276 (Windows CE 5.0)	learn-tou
name-decoration	The symbol, displayed in its decorated form, was specified in its undecorated form in object, but a unique match to a decorated symbol could not be found.	corpus/learn/windows-ce-5.0/ms931518(v=msdn.10).html	ms931518(v=msdn.10)	learn/windows-ce-5.0	Linker Tools Warning LNK4002 (Windows CE 5.0)	learn-tou
name-decoration	The last column in a numbered line is the symbol name, both decorated and undecorated.	corpus/learn/windows-ce-5.0/ms933135(v=msdn.10).html	ms933135(v=msdn.10)	learn/windows-ce-5.0	/SYMBOLS (Windows CE 5.0)	learn-tou
name-decoration	The undecorated name is followed by the decorated name, each enclosed in parentheses.	corpus/learn/windows-ce-5.0/ms937370(v=msdn.10).html	ms937370(v=msdn.10)	learn/windows-ce-5.0	Using Dumpbin to View Decorated Names (Windows CE 5.0)	learn-tou
name-decoration	Find the line that contains the undecorated function definition in the resulting listing.	corpus/learn/windows-ce-5.0/ms937379(v=msdn.10).html	ms937379(v=msdn.10)	learn/windows-ce-5.0	Viewing Decorated Names (Windows CE 5.0)	learn-tou
name-decoration	Find the undecorated function definition in the output, which contains the undecorated name followed by the decorated name, each enclosed in parentheses.	corpus/learn/windows-ce-5.0/ms937379(v=msdn.10).html	ms937379(v=msdn.10)	learn/windows-ce-5.0	Viewing Decorated Names (Windows CE 5.0)	learn-tou
name-decoration	The following command-line example shows how to use UNDNAME to convert a decorated name.	corpus/learn/windows-ce-5.0/ms937379(v=msdn.10).html	ms937379(v=msdn.10)	learn/windows-ce-5.0	Viewing Decorated Names (Windows CE 5.0)	learn-tou
name-decoration	To examine decorated names in your program, do one of the following:	corpus/learn/windows-ce-5.0/ms937379(v=msdn.10).html	ms937379(v=msdn.10)	learn/windows-ce-5.0	Viewing Decorated Names (Windows CE 5.0)	learn-tou
name-decoration	Use the UNDNAME tool to convert a decorated name to its undecorated form.	corpus/learn/windows-ce-5.0/ms937379(v=msdn.10).html	ms937379(v=msdn.10)	learn/windows-ce-5.0	Viewing Decorated Names (Windows CE 5.0)	learn-tou
name-decoration	The following list shows the information contained in a decorated name for a C++ function:	corpus/learn/windows-ce-net-4x/ms863567(v=msdn.10).html	ms863567(v=msdn.10)	learn/windows-ce-net-4x	Format of a C ++ Decorated Name (Windows CE .NET 4.2)	learn-tou
name-decoration	Valid only within a function and returns the undecorated name of the enclosing function (as a string).	corpus/learn/windows-embedded-ce-6.0/ee479510(v=winembedded.60).html	ee479510(v=winembedded.60)	learn/windows-embedded-ce-6.0	Pre-defined Macros (Windows Embedded CE 6.0)	learn-tou
name-decoration	When implementing the stream interface, replace XXX with a prefix appropriate for your specific implementation or use undecorated entry point names in conjunction with DEVFLAGS_NAKEDENTRIES.	corpus/learn/windows-embedded-ce-6.0/ee481527(v=winembedded.60).html	ee481527(v=winembedded.60)	learn/windows-embedded-ce-6.0	XXX_Write (Device Manager) (Windows Embedded CE 6.0)	learn-tou
name-decoration	When implementing the stream interface, replace XXX with a prefix appropriate for your implementation or use undecorated entry point names in conjunction with DEVFLAGS_NAKEDENTRIES.	corpus/learn/windows-embedded-ce-6.0/ee482089(v=winembedded.60).html	ee482089(v=winembedded.60)	learn/windows-embedded-ce-6.0	XXX_Open (Device Manager) (Windows Embedded CE 6.0)	learn-tou
name-decoration	When implementing the stream interface, replace XXX with a prefix appropriate for your specific implementation or use undecorated entry point names in conjunction with DEVFLAGS_NAKEDENTRIES.	corpus/learn/windows-embedded-ce-6.0/ee482653(v=winembedded.60).html	ee482653(v=winembedded.60)	learn/windows-embedded-ce-6.0	XXX_IOControl (Device Manager) (Windows Embedded CE 6.0)	learn-tou
name-decoration	When implementing the stream interface, replace XXX with a prefix appropriate for your specific implementation or use undecorated entry point names in conjunction with DEVFLAGS_NAKEDENTRIES.	corpus/learn/windows-embedded-ce-6.0/ee482670(v=winembedded.60).html	ee482670(v=winembedded.60)	learn/windows-embedded-ce-6.0	XXX_Init (Device Manager) (Windows Embedded CE 6.0)	learn-tou
name-decoration	When implementing the stream interface, replace XXX with a prefix appropriate for your specific implementation or use undecorated entry point names in conjunction with DEVFLAGS_NAKEDENTRIES.	corpus/learn/windows-embedded-ce-6.0/ee482898(v=winembedded.60).html	ee482898(v=winembedded.60)	learn/windows-embedded-ce-6.0	XXX_PreDeinit (Device Manager) (Windows Embedded CE 6.0)	learn-tou
name-decoration	When implementing the stream interface, replace XXX with a prefix appropriate for your implementation or use undecorated entry point names in conjunction with DEVFLAGS_NAKEDENTRIES.	corpus/learn/windows-embedded-ce-6.0/ee483038(v=winembedded.60).html	ee483038(v=winembedded.60)	learn/windows-embedded-ce-6.0	XXX_Close (Device Manager) (Windows Embedded CE 6.0)	learn-tou
name-decoration	When implementing the stream interface, replace XXX with a prefix appropriate for your implementation or use undecorated entry point names in conjunction with DEVFLAGS_NAKEDENTRIES.	corpus/learn/windows-embedded-ce-6.0/ee483450(v=winembedded.60).html	ee483450(v=winembedded.60)	learn/windows-embedded-ce-6.0	XXX_PowerDown (Device Manager) (Windows Embedded CE 6.0)	learn-tou
name-decoration	When implementing the stream interface, replace XXX with a prefix appropriate for your implementation or use undecorated entry point names in conjunction with DEVFLAGS_NAKEDENTRIES.	corpus/learn/windows-embedded-ce-6.0/ee483650(v=winembedded.60).html	ee483650(v=winembedded.60)	learn/windows-embedded-ce-6.0	XXX_Read (Device Manager) (Windows Embedded CE 6.0)	learn-tou
name-decoration	When implementing the stream interface, replace XXX with a prefix appropriate for your implementation or use undecorated entry point names in conjunction with DEVFLAGS_NAKEDENTRIES.	corpus/learn/windows-embedded-ce-6.0/ee484207(v=winembedded.60).html	ee484207(v=winembedded.60)	learn/windows-embedded-ce-6.0	XXX_Seek (Device Manager) (Windows Embedded CE 6.0)	learn-tou
name-decoration	For example, if Kbdmouse.dll exposes Matrix_00000409, which is a decorated entry point, Layout Manager attempts to use Matrix, which is the undecorated name.	corpus/learn/windows-embedded-ce-6.0/ee484252(v=winembedded.60).html	ee484252(v=winembedded.60)	learn/windows-embedded-ce-6.0	Device Layout Data (Windows Embedded CE 6.0)	learn-tou
name-decoration	If one decorated entry does not exist, Layout Manager attempts to use the undecorated names.	corpus/learn/windows-embedded-ce-6.0/ee484252(v=winembedded.60).html	ee484252(v=winembedded.60)	learn/windows-embedded-ce-6.0	Device Layout Data (Windows Embedded CE 6.0)	learn-tou
name-decoration	When implementing the stream interface, replace XXX with a prefix appropriate for your specific implementation or use undecorated entry point names in conjunction with DEVFLAGS_NAKEDENTRIES.For more information about other valid Flags values, see ActivateDeviceEx.	corpus/learn/windows-embedded-ce-6.0/ee484598(v=winembedded.60).html	ee484598(v=winembedded.60)	learn/windows-embedded-ce-6.0	XXX_Deinit (Device Manager) (Windows Embedded CE 6.0)	learn-tou
name-decoration	When implementing the stream interface, replace XXX with a prefix appropriate for your implementation or use undecorated entry point names in conjunction with DEVFLAGS_NAKEDENTRIES.	corpus/learn/windows-embedded-ce-6.0/ee484857(v=winembedded.60).html	ee484857(v=winembedded.60)	learn/windows-embedded-ce-6.0	XXX_PowerUp (Device Manager) (Windows Embedded CE 6.0)	learn-tou
name-decoration	When implementing the stream interface, replace XXX with a prefix appropriate for your specific implementation or use undecorated entry point names in conjunction with DEVFLAGS_NAKEDENTRIES.	corpus/learn/windows-embedded-ce-6.0/ee485644(v=winembedded.60).html	ee485644(v=winembedded.60)	learn/windows-embedded-ce-6.0	XXX_PreClose (Device Manager) (Windows Embedded CE 6.0)	learn-tou
name-decoration	The last column in a numbered line is the symbol name, both decorated and undecorated.	corpus/learn/windows-embedded-ce-6.0/ee504694(v=winembedded.60).html	ee504694(v=winembedded.60)	learn/windows-embedded-ce-6.0	/SYMBOLS (Windows Embedded CE 6.0)	learn-tou
name-decoration	The undecorated name is followed by the decorated name, each enclosed in parentheses.	corpus/learn/windows-embedded-ce-6.0/ee504707(v=winembedded.60).html	ee504707(v=winembedded.60)	learn/windows-embedded-ce-6.0	Using Dumpbin to View Decorated Names (Windows Embedded CE 6.0)	learn-tou
name-decoration	A decorated name for a C++ function contains the following information:	corpus/mvb/windows-ce-1.0/PEGSDK/AH87A.html	AH87A	mvb/windows-ce-1.0/PEGSDK	Decorated Names	ms-media-copyright
name-decoration	A decorated name is a string created by the compiler during compilation of the function definition or prototype.	corpus/mvb/windows-ce-1.0/PEGSDK/AH87A.html	AH87A	mvb/windows-ce-1.0/PEGSDK	Decorated Names	ms-media-copyright
name-decoration	A decorated name is sometimes required when you specify a function name to LINK or other tools.	corpus/mvb/windows-ce-1.0/PEGSDK/AH87A.html	AH87A	mvb/windows-ce-1.0/PEGSDK	Decorated Names	ms-media-copyright
name-decoration	For details about the situations that require decorated names, consult the documentation for the tool you are using.	corpus/mvb/windows-ce-1.0/PEGSDK/AH87A.html	AH87A	mvb/windows-ce-1.0/PEGSDK	Decorated Names	ms-media-copyright
name-decoration	Functions in C and C++ programs are known internally by their decorated names.	corpus/mvb/windows-ce-1.0/PEGSDK/AH87A.html	AH87A	mvb/windows-ce-1.0/PEGSDK	Decorated Names	ms-media-copyright
name-decoration	In most circumstances, you do not need to know the decorated name of a function.	corpus/mvb/windows-ce-1.0/PEGSDK/AH87A.html	AH87A	mvb/windows-ce-1.0/PEGSDK	Decorated Names	ms-media-copyright
name-decoration	LINK and other tools can usually handle the name in its undecorated form.	corpus/mvb/windows-ce-1.0/PEGSDK/AH87A.html	AH87A	mvb/windows-ce-1.0/PEGSDK	Decorated Names	ms-media-copyright
name-decoration	The following are examples of undecorated and decorated C++ names:	corpus/mvb/windows-ce-1.0/PEGSDK/AH87A.html	AH87A	mvb/windows-ce-1.0/PEGSDK	Decorated Names	ms-media-copyright
name-decoration	The undecorated name is followed by the decorated name, each enclosed in parentheses.	corpus/mvb/windows-ce-1.0/PEGSDK/AH87A.html	AH87A	mvb/windows-ce-1.0/PEGSDK	Decorated Names	ms-media-copyright
name-decoration	To examine decorated names in your program, you can do one of the following:	corpus/mvb/windows-ce-1.0/PEGSDK/AH87A.html	AH87A	mvb/windows-ce-1.0/PEGSDK	Decorated Names	ms-media-copyright
name-decoration	You must also use decorated names in assembly source files that reference a C or C++ function name.	corpus/mvb/windows-ce-1.0/PEGSDK/AH87A.html	AH87A	mvb/windows-ce-1.0/PEGSDK	Decorated Names	ms-media-copyright
name-decoration	You must get the new version of the function name and use it everywhere the decorated name is specified.	corpus/mvb/windows-ce-1.0/PEGSDK/AH87A.html	AH87A	mvb/windows-ce-1.0/PEGSDK	Decorated Names	ms-media-copyright
name-decoration	You must specify the decorated name of C++ functions that are overloaded and special member functions such as constructor and destructor functions in order for LINK and other tools to be able to match the name.	corpus/mvb/windows-ce-1.0/PEGSDK/AH87A.html	AH87A	mvb/windows-ce-1.0/PEGSDK	Decorated Names	ms-media-copyright
name-decoration	If entryname or internalname is specified to the linker in its undecorated form (as it appears in the source code), LINK attempts to match the name.	corpus/mvb/windows-ce-1.0/PEGSDK/AK132A.html	AK132A	mvb/windows-ce-1.0/PEGSDK	LINK Reference	ms-media-copyright
name-decoration	If the name of the COMDAT is specified to the linker in its undecorated form (as it appears in the source code), LINK attempts to match the name.	corpus/mvb/windows-ce-1.0/PEGSDK/AK132A.html	AK132A	mvb/windows-ce-1.0/PEGSDK	LINK Reference	ms-media-copyright
name-decoration	The compiler decorates an identifier when it creates the .OBJ file.	corpus/mvb/windows-ce-1.0/PEGSDK/AK132A.html	AK132A	mvb/windows-ce-1.0/PEGSDK	LINK Reference	ms-media-copyright
name-decoration;calling-convention	When you take the address of a function with the __stdcall calling convention, you must give a prototype so the compiler can create the function's decorated name.	corpus/learn/windows-ce-5.0/ms929856(v=msdn.10).html	ms929856(v=msdn.10)	learn/windows-ce-5.0	Compiler Warning (level 1) C4276 (Windows CE 5.0)	learn-tou
name-decoration;calling-convention	Warning If you change the function name, class, calling convention, any parameter, or the return type, the old decorated name is no longer valid.	corpus/mvb/windows-ce-1.0/PEGSDK/AH87A.html	AH87A	mvb/windows-ce-1.0/PEGSDK	Decorated Names	ms-media-copyright
name-decoration;extern-c	Carefully compare the fully qualified name if it is C++, and ensure that the .i source code uses extern "C" if the export is not a decorated name.	corpus/chm/windows-ce-3.0/cef2.html	cef2	chm/windows-ce-3.0	Common Executable Format for eMbedded Visual C++ in Microsoft Windows CE 3.0	ce30-internal-reference
name-decoration;extern-c	If the DLL exports in C style rather than C++, remember to use extern "C" to prevent the compiler from decorating the C function names:	corpus/chm/windows-ce-3.0/cef2.html	cef2	chm/windows-ce-3.0	Common Executable Format for eMbedded Visual C++ in Microsoft Windows CE 3.0	ce30-internal-reference
name-decoration;extern-c	You may need to place extern "C" { ... } bracketing around headers and sources that must export names with C linkage rules rather than the C++ decorated name rules.	corpus/chm/windows-ce-3.0/cef2.html	cef2	chm/windows-ce-3.0	Common Executable Format for eMbedded Visual C++ in Microsoft Windows CE 3.0	ce30-internal-reference
