header	entities	sets	as_printed	entity_names
(_snprintf) stdio.h, stdlib.h, (_snwprintf) wchar.h, stdio.h, stdlib.h	1	learn/windows-ce-5.0	(_snprintf) stdio.h, stdlib.h, (_snwprintf) wchar.h, stdio.h, stdlib.h,	_snprintf
AYGShell.h	5	chm/windows-ce-5.0/wceui5/html	AYGShell.h.	shinitdlginfo,shmenubarinfo,shnotificationdata,shrginfo,shsetappkeywndassoc
Acmdrv.h	10	learn/windows-ce-5.0,learn/windows-ce-net-4x,learn/windows-embedded-ce-6.0	Acmdrv.h.,Acmdrv.h	acm_close,acm_deinit,acm_init,acm_iocontrol,acm_open,acm_powerdown,acm_powerup,acm_read,acm_seek,acm_write
Addauto.h	3	learn/unclassified,learn/windows-ce-5.0,learn/windows-ce-net-4x	Addauto.h.	idsaddin,idsaddinonconnection,idsaddinondisconnection
Addrstor.h	21	msdn-library/techshelps/CEGUIDE/devdoc/good/wince	Addrstor.h	addaddresscard,closeaddressbook,createaddressbook,deleteaddresscard,findfirstentry,freeaddresscard,getaddresscardindex,getaddresscardoid,getaddresscardproperties,getcolumnproperties,getmatchingentry,getnumberofaddresscards,getpropertydatastruct,getsortorder,modifyaddresscard,openaddressbook,openaddresscard,recountcards,setcolumnproperties,setmask,setsortorder
Adfunc.h	1	msdn-library/wcedevcon-99/wcesdkr	Adfunc.h	rassetentryproperties
Advbacklight.h	1	chm/windows-ce-5.0/wceui5/html,learn/windows-ce-5.0,learn/windows-ce-net-4x	Advbacklight.h.	backlightadvapplet
Af_irda.h	2	chm/windows-ce-3.0,learn/windows-ce-5.0,msdn-library/wcedevcon-99/wcesdkr	Af_irda.h,Af_irda.h.	ias_query,ias_set
Afdfunc.h	2	msdn-library/techshelps/CEGUIDE/devdoc/good/wince	Afdfunc.h	rasgetentrydevconfig,rassetentrydevconfig
Afx.h	135	msdn-library/techshelps/WCEMFC	Afx.h	carchive,carchiveabort,carchivecarchive,carchiveclose,carchiveexception,carchiveexceptioncarchiveexception,carchiveexceptionm_cause,carchiveflush,carchivegetfile,carchivegetobjectschema,carchiveisbufferempty,carchiveisloading,carchiveisstoring,carchivem_pdocument,carchivemapobject,carchiveread,carchivereadclass,carchivereadobject,carchivereadstring,carchiveserializeclass,carchivesetloadparams,carchivesetobjectschema,carchivesetstoreparams,carchivewrite,carchivewriteclass,carchivewriteobject,carchivewritestring,cdumpcontext,cdumpcontextcdumpcontext,cdumpcontextflush,cdumpcontextgetdepth,cdumpcontexthexdump,cdumpcontextsetdepth,cexception,cexceptiongeterrormessage,cexceptionreporterror,cfile,cfileabort,cfilecfile,cfileclose,cfileexception,cfileexceptioncfileexception,cfileexceptionerrnotoexception,cfileexceptionm_cause,cfileexceptionm_loserror,cfileexceptionm_strfilename,cfileexceptionoserrortoexception,cfileexceptionthrowerrno,cfileexceptionthrowoserror,cfileflush,cfilegetfilename,cfilegetfilepath,cfilegetfiletitle,cfilegetlength,cfilegetposition,cfilegetstatus,cfilem_hfile,cfileopen,cfileread,cfilereadhuge,cfileremove,cfilerename,cfileseek,cfileseektobegin,cfileseektoend,cfilesetfilepath,cfilesetlength,cfilesetstatus,cfilestatus,cfilewrite,cfilewritehuge,cmemfile,cmemfilealloc,cmemfileattach,cmemfilecmemfile,cmemfiledetach,cmemfilefree,cmemfilegrowfile,cmemfilememcpy,cmemfilerealloc,cmemoryexception,cmemoryexceptioncmemoryexception,cnotsupportedexception,cnotsupportedexceptioncnotsupportedexception,cobject,cobjectassertvalid,cobjectcobject,cobjectdump,cobjectgetruntimeclass,cobjectiskindof,cobjectisserializable,cobjectserialize,cruntimeclass,cstring,cstringallocsysstring,cstringcompare,cstringcomparenocase,cstringcstring,cstringempty,cstringfind,cstringfindoneof,cstringformat,cstringfreeextra,cstringgetat,cstringgetbuffer,cstringgetbuffersetlength,cstringgetlength,cstringisempty,cstringleft,cstringloadstring,cstringlockbuffer,cstringmakelower,cstringmakereverse,cstringmakeupper,cstringmid,cstringreleasebuffer,cstringreversefind,cstringright,cstringsetat,cstringsetsysstring,cstringspanexcluding,cstringspanincluding,cstringtrimleft,cstringtrimright,cstringunlockbuffer,ctimespan,ctimespanctimespan,ctimespanformat,ctimespangetdays,ctimespangethours,ctimespangetminutes,ctimespangetseconds,ctimespangettotalhours,ctimespangettotalminutes,ctimespangettotalseconds
Afxadv.h	9	msdn-library/techshelps/WCEMFC	Afxadv.h	crecentfilelist,crecentfilelistadd,crecentfilelistcrecentfilelist,crecentfilelistgetdisplayname,crecentfilelistgetsize,crecentfilelistreadlist,crecentfilelistremove,crecentfilelistupdatemenu,crecentfilelistwritelist
Afxcmn.h	187	msdn-library/techshelps/WCEMFC	Afxcmn.h	cheaderctrl,cheaderctrlcheaderctrl,cheaderctrlcreate,cheaderctrldeleteitem,cheaderctrldrawitem,cheaderctrlgetitem,cheaderctrlgetitemcount,cheaderctrlinsertitem,cheaderctrllayout,cheaderctrlsetitem,cimagelist,cimagelistadd,cimagelistattach,cimagelistbegindrag,cimagelistcimagelist,cimagelistcreate,cimagelistdeleteimagelist,cimagelistdetach,cimagelistdragenter,cimagelistdragleave,cimagelistdragmove,cimagelistdragshownolock,cimagelistdraw,cimagelistenddrag,cimagelistextracticon,cimagelistgetbkcolor,cimagelistgetdragimage,cimagelistgetimagecount,cimagelistgetimageinfo,cimagelistgetsafehandle,cimagelistm_himagelist,cimagelistread,cimagelistremove,cimagelistreplace,cimagelistsetbkcolor,cimagelistsetdragcursorimage,cimagelistsetoverlayimage,cimagelistwrite,clistctrl,clistctrlarrange,clistctrlclistctrl,clistctrlcreate,clistctrldeleteallitems,clistctrldeletecolumn,clistctrldeleteitem,clistctrldrawitem,clistctrleditlabel,clistctrlensurevisible,clistctrlfinditem,clistctrlgetbkcolor,clistctrlgetcallbackmask,clistctrlgetcolumn,clistctrlgetcolumnwidth,clistctrlgetcountperpage,clistctrlgeteditcontrol,clistctrlgetimagelist,clistctrlgetitem,clistctrlgetitemcount,clistctrlgetitemdata,clistctrlgetitemposition,clistctrlgetitemrect,clistctrlgetitemstate,clistctrlgetitemtext,clistctrlgetnextitem,clistctrlgetorigin,clistctrlgetselectedcount,clistctrlgetstringwidth,clistctrlgettextbkcolor,clistctrlgettextcolor,clistctrlgettopindex,clistctrlgetviewrect,clistctrlhittest,clistctrlinsertcolumn,clistctrlinsertitem,clistctrlredrawitems,clistctrlscroll,clistctrlsetbkcolor,clistctrlsetcallbackmask,clistctrlsetcolumn,clistctrlsetcolumnwidth,clistctrlsetimagelist,clistctrlsetitem,clistctrlsetitemcount,clistctrlsetitemdata,clistctrlsetitemposition,clistctrlsetitemstate,clistctrlsetitemtext,clistctrlsettextbkcolor,clistctrlsettextcolor,clistctrlsortitems,clistctrlupdate,cprogressctrl,cprogressctrlcprogressctrl,cprogressctrlcreate,cprogressctrloffsetpos,cprogressctrlsetpos,cprogressctrlsetrange,cprogressctrlsetstep,cprogressctrlstepit,csliderctrl,csliderctrlclearsel,csliderctrlcleartics,csliderctrlcreate,csliderctrlcsliderctrl,csliderctrlgetchannelrect,csliderctrlgetlinesize,csliderctrlgetnumtics,csliderctrlgetpagesize,csliderctrlgetpos,csliderctrlgetrange,csliderctrlgetrangemax,csliderctrlgetrangemin,csliderctrlgetselection,csliderctrlgetthumbrect,csliderctrlgettic,csliderctrlgetticarray,csliderctrlgetticpos,csliderctrlsetlinesize,csliderctrlsetpagesize,csliderctrlsetpos,csliderctrlsetrange,csliderctrlsetrangemax,csliderctrlsetrangemin,csliderctrlsetselection,csliderctrlsettic,csliderctrlsetticfreq,csliderctrlverifypos,cspinbuttonctrl,cspinbuttonctrlcreate,cspinbuttonctrlcspinbuttonctrl,cspinbuttonctrlgetaccel,cspinbuttonctrlgetbase,cspinbuttonctrlgetbuddy,cspinbuttonctrlgetpos,cspinbuttonctrlgetrange,cspinbuttonctrlsetaccel,cspinbuttonctrlsetbase,cspinbuttonctrlsetbuddy,cspinbuttonctrlsetpos,cspinbuttonctrlsetrange,ctreectrl,ctreectrlcreate,ctreectrlcreatedragimage,ctreectrlctreectrl,ctreectrldeleteallitems,ctreectrldeleteitem,ctreectrleditlabel,ctreectrlensurevisible,ctreectrlexpand,ctreectrlgetchilditem,ctreectrlgetcount,ctreectrlgetdrophilightitem,ctreectrlgeteditcontrol,ctreectrlgetfirstvisibleitem,ctreectrlgetimagelist,ctreectrlgetindent,ctreectrlgetitem,ctreectrlgetitemdata,ctreectrlgetitemimage,ctreectrlgetitemrect,ctreectrlgetitemstate,ctreectrlgetitemtext,ctreectrlgetnextitem,ctreectrlgetnextsiblingitem,ctreectrlgetnextvisibleitem,ctreectrlgetparentitem,ctreectrlgetprevsiblingitem,ctreectrlgetprevvisibleitem,ctreectrlgetrootitem,ctreectrlgetselecteditem,ctreectrlgetvisiblecount,ctreectrlhittest,ctreectrlinsertitem,ctreectrlitemhaschildren,ctreectrlselect,ctreectrlselectdroptarget,ctreectrlselectitem,ctreectrlselectsetfirstvisible,ctreectrlsetimagelist,ctreectrlsetindent,ctreectrlsetitem,ctreectrlsetitemdata,ctreectrlsetitemimage,ctreectrlsetitemstate,ctreectrlsetitemtext,ctreectrlsortchildren,ctreectrlsortchildrencb
Afxcoll.h	84	msdn-library/techshelps/WCEMFC	Afxcoll.h	cbytearray,cdwordarray,cmapptrtoptr,cmapptrtoword,cmapstringtoob,cmapstringtoobcmapstringtoob,cmapstringtoobgetcount,cmapstringtoobgetnextassoc,cmapstringtoobgetstartposition,cmapstringtoobisempty,cmapstringtooblookup,cmapstringtoobremoveall,cmapstringtoobremovekey,cmapstringtoobsetat,cmapstringtoptr,cmapstringtostring,cmapwordtoob,cmapwordtoptr,cobarray,cobarrayadd,cobarrayappend,cobarraycobarray,cobarraycopy,cobarrayelementat,cobarrayfreeextra,cobarraygetat,cobarraygetdata,cobarraygetsize,cobarraygetupperbound,cobarrayinsertat,cobarrayremoveall,cobarrayremoveat,cobarraysetat,cobarraysetatgrow,cobarraysetsize,coblist,coblistaddhead,coblistaddtail,coblistcoblist,coblistfind,coblistfindindex,coblistgetat,coblistgetcount,coblistgethead,coblistgetheadposition,coblistgetnext,coblistgetprev,coblistgettail,coblistgettailposition,coblistinsertafter,coblistinsertbefore,coblistisempty,coblistremoveall,coblistremoveat,coblistremovehead,coblistremovetail,coblistsetat,cptrarray,cptrlist,cstringarray,cstringlist,ctabctrl,ctabctrladjustrect,ctabctrlcreate,ctabctrlctabctrl,ctabctrldeleteallitems,ctabctrldeleteitem,ctabctrldrawitem,ctabctrlgetcurfocus,ctabctrlgetcursel,ctabctrlgetimagelist,ctabctrlgetitem,ctabctrlgetitemcount,ctabctrlgetitemrect,ctabctrlgetrowcount,ctabctrlhittest,ctabctrlinsertitem,ctabctrlremoveimage,ctabctrlsetcursel,ctabctrlsetimagelist,ctabctrlsetitem,ctabctrlsetitemsize,ctabctrlsetpadding,cwordarray
Afxctl.h	184	msdn-library/techshelps/WCEMFC	Afxctl.h	cfontholder,cfontholdercfontholder,cfontholdergetdisplaystring,cfontholdergetfontdispatch,cfontholdergetfonthandle,cfontholderinitializefont,cfontholderm_pfont,cfontholderreleasefont,cfontholderselect,cfontholdersetfont,colecontrol,colecontrolambientbackcolor,colecontrolambientdisplayname,colecontrolambientfont,colecontrolambientforecolor,colecontrolambientscaleunits,colecontrolambientshowgrabhandles,colecontrolambientshowhatching,colecontrolambienttextalign,colecontrolambientuidead,colecontrolambientusermode,colecontrolboundpropertychanged,colecontrolboundpropertyrequestedit,colecontrolclienttoparent,colecontrolclipcaretrect,colecontrolcolecontrol,colecontrolcontrolinfochanged,colecontroldisplayerror,colecontroldoclick,colecontroldopropexchange,colecontroldosuperclasspaint,colecontroldrawcontent,colecontrolenablesimpleframe,colecontrolexchangeextent,colecontrolexchangestockprops,colecontrolexchangeversion,colecontrolfireclick,colecontrolfiredblclick,colecontrolfireerror,colecontrolfireevent,colecontrolfirekeydown,colecontrolfirekeypress,colecontrolfirekeyup,colecontrolfiremousedown,colecontrolfiremousemove,colecontrolfiremouseup,colecontrolfirereadystatechange,colecontrolgetactivationpolicy,colecontrolgetambientproperty,colecontrolgetappearance,colecontrolgetbackcolor,colecontrolgetborderstyle,colecontrolgetcapture,colecontrolgetclassid,colecontrolgetclientoffset,colecontrolgetclientrect,colecontrolgetclientsite,colecontrolgetcontrolflags,colecontrolgetcontrolsize,colecontrolgetdc,colecontrolgetenabled,colecontrolgetextendedcontrol,colecontrolgetfocus,colecontrolgetfont,colecontrolgetfonttextmetrics,colecontrolgetforecolor,colecontrolgethwnd,colecontrolgetmessagestring,colecontrolgetnotsupported,colecontrolgetreadystate,colecontrolgetrectincontainer,colecontrolgetstocktextmetrics,colecontrolgettext,colecontrolinitializeiids,colecontrolinternalgetfont,colecontrolinternalgettext,colecontrolinternalsetreadystate,colecontrolinvalidatecontrol,colecontrolinvalidatergn,colecontrolisconvertingvbx,colecontrolismodified,colecontrolisoptimizeddraw,colecontrolissubclassedcontrol,colecontrollockinplaceactive,colecontrolmodule,colecontrolonambientpropertychange,colecontrolonappearancechanged,colecontrolonbackcolorchanged,colecontrolonborderstylechanged,colecontrolonclick,colecontrolonclose,colecontrolondoverb,colecontrolondraw,colecontrolonenabledchange,colecontrolonenumverbs,colecontroloneventadvise,colecontrolonfontchanged,colecontrolonforecolorchanged,colecontrolonfreezeevents,colecontrolongetcolorset,colecontrolongetcontrolinfo,colecontrolongetdisplaystring,colecontrolongetnaturalextent,colecontrolongetpredefinedstrings,colecontrolongetpredefinedvalue,colecontrolongetviewextent,colecontrolongetviewrect,colecontrolongetviewstatus,colecontroloninactivemousemove,colecontrolonkeydownevent,colecontrolonkeypressevent,colecontrolonkeyupevent,colecontrolonmappropertytopage,colecontrolonproperties,colecontrolonqueryhitpoint,colecontrolonqueryhitrect,colecontrolonrenderdata,colecontrolonrenderfiledata,colecontrolonrenderglobaldata,colecontrolonresetstate,colecontrolonsetclientsite,colecontrolonsetdata,colecontrolonsetextent,colecontrolonsetobjectrects,colecontrolontextchanged,colecontrolonwindowlessmessage,colecontrolparenttoclient,colecontrolpostmodaldialog,colecontrolpremodaldialog,colecontrolrecreatecontrolwindow,colecontrolrefresh,colecontrolreleasecapture,colecontrolreleasedc,colecontrolresetstockprops,colecontrolresetversion,colecontrolscrollwindow,colecontrolselectfontobject,colecontrolselectstockfont,colecontrolserializeextent,colecontrolserializestockprops,colecontrolserializeversion,colecontrolsetappearance,colecontrolsetbackcolor,colecontrolsetborderstyle,colecontrolsetcapture,colecontrolsetcontrolsize,colecontrolsetenabled,colecontrolsetfocus,colecontrolsetfont,colecontrolsetforecolor,colecontrolsetmodifiedflag,colecontrolsetnotpermitted,colecontrolsetnotsupported,colecontrolsetrectincontainer,colecontrolsettext,colecontrolthrowerror,colecontroltransformcoords,colecontroltranslatecolor,colecontrolwillambientsbevalidduringload,colepropertypage,colepropertypagecolepropertypage,colepropertypagegetcontrolstatus,colepropertypagegetobjectarray,colepropertypagegetpagesite,colepropertypageignoreapply,colepropertypageismodified,colepropertypageoneditproperty,colepropertypageonhelp,colepropertypageoninitdialog,colepropertypageonobjectschanged,colepropertypageonsetpagesite,colepropertypagesetcontrolstatus,colepropertypagesetdialogresource,colepropertypagesethelpinfo,colepropertypagesetmodifiedflag,colepropertypagesetpagename,cpropexchange,cpropexchangeexchangeblobprop,cpropexchangeexchangefontprop,cpropexchangeexchangepersistentprop,cpropexchangeexchangeprop,cpropexchangeexchangeversion,cpropexchangegetversion,cpropexchangeisloading
Afxcview.h	6	msdn-library/techshelps/WCEMFC	Afxcview.h	clistview,clistviewclistview,clistviewgetlistctrl,ctreeview,ctreeviewctreeview,ctreeviewgettreectrl
Afxdb.h	1	msdn-library/techshelps/WCEMFC	Afxdb.h	clongbinarym_hdata
Afxdb_.h	3	msdn-library/techshelps/WCEMFC	Afxdb_.h	clongbinary,clongbinaryclongbinary,clongbinarym_dwdatalength
Afxdisp.h	118	msdn-library/techshelps/WCEMFC	Afxdisp.h	cconnectionpoint,cconnectionpointgetconnections,cconnectionpointgetcontainer,cconnectionpointgetiid,cconnectionpointgetmaxconnections,cconnectionpointonadvise,colecurrency,colecurrencycolecurrency,colecurrencycurrencystatus,colecurrencyformat,colecurrencygetstatus,colecurrencym_cur,colecurrencym_status,colecurrencyparsecurrency,colecurrencysetcurrency,colecurrencysetstatus,coledatetime,coledatetimecoledatetime,coledatetimedatetimestatus,coledatetimegetcurrenttime,coledatetimegetday,coledatetimegetdayofweek,coledatetimegetdayofyear,coledatetimegethour,coledatetimegetminute,coledatetimegetmonth,coledatetimegetsecond,coledatetimegetstatus,coledatetimegetyear,coledatetimem_dt,coledatetimem_status,coledatetimeparsedatetime,coledatetimesetdate,coledatetimesetdatetime,coledatetimesetstatus,coledatetimesettime,coledatetimespan,coledatetimespancoledatetimespan,coledatetimespandatetimespanstatus,coledatetimespangetdays,coledatetimespangethours,coledatetimespangetminutes,coledatetimespangetseconds,coledatetimespangetstatus,coledatetimespangettotaldays,coledatetimespangettotalhours,coledatetimespangettotalminutes,coledatetimespangettotalseconds,coledatetimespanm_span,coledatetimespanm_status,coledatetimespansetdatetimespan,coledatetimespansetstatus,coledispatchdriver,coledispatchdriverattachdispatch,coledispatchdrivercoledispatchdriver,coledispatchdrivercreatedispatch,coledispatchdriverdetachdispatch,coledispatchdrivergetproperty,coledispatchdriverinvokehelper,coledispatchdriverm_bautorelease,coledispatchdriverm_lpdispatch,coledispatchdriverreleasedispatch,coledispatchdriversetproperty,coledispatchexception,coledispatchexceptionm_dwhelpcontext,coledispatchexceptionm_strdescription,coledispatchexceptionm_strhelpfile,coledispatchexceptionm_strsource,coledispatchexceptionm_wcode,coleexception,coleexceptionm_sc,coleexceptionprocess,coleobjectfactory,coleobjectfactorycoleobjectfactory,coleobjectfactorygetclassid,coleobjectfactorygetlicensekey,coleobjectfactoryisregistered,coleobjectfactoryoncreateobject,coleobjectfactoryregister,coleobjectfactoryregisterall,coleobjectfactoryupdateregistry,coleobjectfactoryupdateregistryall,coleobjectfactoryverifylicensekey,coleobjectfactoryverifyuserlicense,colesafearray,colesafearrayaccessdata,colesafearrayallocdata,colesafearrayallocdescriptor,colesafearrayattach,colesafearrayclear,colesafearraycolesafearray,colesafearraycopy,colesafearraycreate,colesafearraycreateonedim,colesafearraydestroy,colesafearraydestroydata,colesafearraydestroydescriptor,colesafearraydetach,colesafearraygetdim,colesafearraygetelement,colesafearraygetelemsize,colesafearraygetlbound,colesafearraygetonedimsize,colesafearraygetubound,colesafearraylock,colesafearrayptrofindex,colesafearrayputelement,colesafearrayredim,colesafearrayresizeonedim,colesafearrayunaccessdata,colesafearrayunlock,colevariant,colevariantattach,colevariantchangetype,colevariantclear,colevariantcolevariant,colevariantdetach,colevariantsetstring
Afxdlgs.h	66	msdn-library/techshelps/WCEMFC	Afxdlgs.h	ccommondialog,ccommondialogccommondialog,cfiledialog,cfiledialogcfiledialog,cfiledialogdomodal,cfiledialoggetfileext,cfiledialoggetfilename,cfiledialoggetfiletitle,cfiledialoggetnextpathname,cfiledialoggetpathname,cfiledialoggetreadonlypref,cfiledialoggetstartposition,cfiledialogm_ofn,cfiledialogonfilenamechange,cfiledialogonfilenameok,cfiledialogonfolderchange,cfiledialogoninitdone,cfiledialogonlbselchangednotify,cfiledialogonshareviolation,cfiledialogontypechange,cfindreplacedialog,cfindreplacedialogcfindreplacedialog,cfindreplacedialogcreate,cfindreplacedialogfindnext,cfindreplacedialoggetfindstring,cfindreplacedialoggetnotifier,cfindreplacedialoggetreplacestring,cfindreplacedialogisterminating,cfindreplacedialogm_fr,cfindreplacedialogmatchcase,cfindreplacedialogmatchwholeword,cfindreplacedialogreplaceall,cfindreplacedialogreplacecurrent,cfindreplacedialogsearchdown,cpropertypage,cpropertypagecanceltoclose,cpropertypageconstruct,cpropertypagecpropertypage,cpropertypagem_psp,cpropertypageonapply,cpropertypageoncancel,cpropertypageonkillactive,cpropertypageonok,cpropertypageonquerycancel,cpropertypageonreset,cpropertypageonsetactive,cpropertypagequerysiblings,cpropertypagesetmodified,cpropertysheet,cpropertysheetaddpage,cpropertysheetconstruct,cpropertysheetcpropertysheet,cpropertysheetcreate,cpropertysheetdomodal,cpropertysheetenddialog,cpropertysheetgetactiveindex,cpropertysheetgetactivepage,cpropertysheetgetpage,cpropertysheetgetpagecount,cpropertysheetgetpageindex,cpropertysheetgettabcontrol,cpropertysheetm_psh,cpropertysheetpressbutton,cpropertysheetremovepage,cpropertysheetsetactivepage,cpropertysheetsettitle
Afxext.h	70	msdn-library/techshelps/WCEMFC	Afxext.h	cbitmapbutton,cbitmapbuttonautoload,cbitmapbuttoncbitmapbutton,cbitmapbuttonloadbitmaps,cbitmapbuttonsizetocontent,ccreatecontext,cctrlview,cctrlviewcctrlview,cctrlviewm_dwdefaultstyle,cctrlviewm_strclass,ceditview,ceditviewceditview,ceditviewdwstyledefault,ceditviewgetbufferlength,ceditviewgeteditctrl,ceditviewgetselectedtext,ceditviewlockbuffer,ceditviewserializeraw,ceditviewsettabstops,ceditviewunlockbuffer,cformview,cformviewcformview,crecttracker,crecttrackeradjustrect,crecttrackercrecttracker,crecttrackerdraw,crecttrackerdrawtrackerrect,crecttrackergethandlemask,crecttrackergettruerect,crecttrackerhittest,crecttrackerm_nhandlesize,crecttrackerm_nstyle,crecttrackerm_rect,crecttrackerm_sizemin,crecttrackernormalizehit,crecttrackeronchangedrect,crecttrackertrack,crecttrackertrackrubberband,csplitterwnd,csplitterwndactivatenext,csplitterwndcanactivatenext,csplitterwndcreate,csplitterwndcreatescrollbarctrl,csplitterwndcreatestatic,csplitterwndcreateview,csplitterwndcsplitterwnd,csplitterwnddeletecolumn,csplitterwnddeleterow,csplitterwnddeleteview,csplitterwnddokeyboardsplit,csplitterwnddoscroll,csplitterwnddoscrollby,csplitterwndgetactivepane,csplitterwndgetcolumncount,csplitterwndgetcolumninfo,csplitterwndgetpane,csplitterwndgetrowcount,csplitterwndgetrowinfo,csplitterwndgetscrollstyle,csplitterwndidfromrowcol,csplitterwndischildpane,csplitterwndondrawsplitter,csplitterwndoninverttracker,csplitterwndrecalclayout,csplitterwndsetactivepane,csplitterwndsetcolumninfo,csplitterwndsetrowinfo,csplitterwndsetscrollstyle,csplitterwndsplitcolumn,csplitterwndsplitrow
Afxmt.h	19	msdn-library/techshelps/WCEMFC	Afxmt.h	ccriticalsection,ccriticalsectionccriticalsection,ccriticalsectionlock,ccriticalsectionunlock,cevent,ceventcevent,ceventpulseevent,ceventresetevent,ceventsetevent,ceventunlock,csinglelock,csinglelockcsinglelock,csinglelockislocked,csinglelocklock,csinglelockunlock,csyncobject,csyncobjectcsyncobject,csyncobjectlock,csyncobjectunlock
Afxole.h	8	msdn-library/techshelps/WCEMFC	Afxole.h	colestreamfile,colestreamfileattach,colestreamfilecolestreamfile,colestreamfilecreatememorystream,colestreamfilecreatestream,colestreamfiledetach,colestreamfilegetstream,colestreamfileopenstream
Afxsock.h	38	msdn-library/techshelps/WCEMFC	Afxsock.h	casyncsocket,casyncsocketaccept,casyncsocketattach,casyncsocketbind,casyncsocketcasyncsocket,casyncsocketclose,casyncsocketconnect,casyncsocketcreate,casyncsocketdetach,casyncsocketfromhandle,casyncsocketgetpeername,casyncsocketgetsockname,casyncsocketgetsockopt,casyncsocketioctl,casyncsocketlisten,casyncsocketm_hsocket,casyncsocketonaccept,casyncsocketonclose,casyncsocketonconnect,casyncsocketonoutofbanddata,casyncsocketonreceive,casyncsocketonsend,casyncsocketreceive,casyncsocketreceivefrom,casyncsocketsend,casyncsocketsendto,casyncsocketsetsockopt,casyncsocketshutdown,csocket,csocketattach,csocketcancelblockingcall,csocketcreate,csocketcsocket,csocketfile,csocketfilecsocketfile,csocketfromhandle,csocketisblocking,csocketonmessagepending
Afxtempl.h	77	msdn-library/techshelps/WCEMFC	Afxtempl.h	carray,carrayadd,carrayappend,carraycarray,carraycopy,carrayelementat,carrayfreeextra,carraygetat,carraygetdata,carraygetsize,carraygetupperbound,carrayinsertat,carrayremoveall,carrayremoveat,carraysetat,carraysetatgrow,carraysetsize,clist,clistaddhead,clistaddtail,clistclist,clistfind,clistfindindex,clistgetat,clistgetcount,clistgethead,clistgetheadposition,clistgetnext,clistgetprev,clistgettail,clistgettailposition,clistinsertafter,clistinsertbefore,clistisempty,clistremoveall,clistremoveat,clistremovehead,clistremovetail,clistsetat,cmap,cmapcmap,cmapgetcount,cmapgethashtablesize,cmapgetnextassoc,cmapgetstartposition,cmapinithashtable,cmapisempty,cmaplookup,cmapremoveall,cmapremovekey,cmapsetat,ctypedptrarray,ctypedptrarrayadd,ctypedptrarrayappend,ctypedptrarraycopy,ctypedptrarrayelementat,ctypedptrarraygetat,ctypedptrarrayinsertat,ctypedptrarraysetat,ctypedptrarraysetatgrow,ctypedptrlist,ctypedptrlistaddhead,ctypedptrlistaddtail,ctypedptrlistgetat,ctypedptrlistgethead,ctypedptrlistgetnext,ctypedptrlistgetprev,ctypedptrlistgettail,ctypedptrlistremovehead,ctypedptrlistremovetail,ctypedptrlistsetat,ctypedptrmap,ctypedptrmapgetnextassoc,ctypedptrmaplookup,ctypedptrmapremovekey,ctypedptrmapsetat,cuintarray
Afxwin.h	798	msdn-library/techshelps/WCEMFC	Afxwin.h	cbitmap,cbitmapcbitmap,cbitmapcreatebitmap,cbitmapcreatebitmapindirect,cbitmapcreatecompatiblebitmap,cbitmapfromhandle,cbitmapgetbitmap,cbitmapgetbitmapdimension,cbitmaploadbitmap,cbitmaploadoembitmap,cbitmapsetbitmapdimension,cbrush,cbrushcbrush,cbrushcreatebrushindirect,cbrushcreatedibpatternbrush,cbrushcreatesolidbrush,cbrushcreatesyscolorbrush,cbrushfromhandle,cbrushgetlogbrush,cbutton,cbuttoncbutton,cbuttoncreate,cbuttondrawitem,cbuttongetbuttonstyle,cbuttongetcheck,cbuttongetstate,cbuttonsetbuttonstyle,cbuttonsetcheck,cbuttonsetstate,cclientdc,cclientdccclientdc,cclientdcm_hwnd,ccmdtarget,ccmdtargetbeginwaitcursor,ccmdtargetccmdtarget,ccmdtargetenableautomation,ccmdtargetendwaitcursor,ccmdtargetfromidispatch,ccmdtargetgetidispatch,ccmdtargetisresultexpected,ccmdtargetoncmdmsg,ccmdtargetonfinalrelease,ccmdtargetrestorewaitcursor,ccmdui,ccmduiccmdui,ccmduicontinuerouting,ccmduienable,ccmduim_nid,ccmduim_nindex,ccmduim_pmenu,ccmduim_pother,ccmduim_psubmenu,ccmduisetcheck,ccmduisetradio,ccmduisettext,ccombobox,ccomboboxaddstring,ccomboboxccombobox,ccomboboxclear,ccomboboxcompareitem,ccomboboxcopy,ccomboboxcreate,ccomboboxcut,ccomboboxdeleteitem,ccomboboxdeletestring,ccomboboxdrawitem,ccomboboxfindstring,ccomboboxfindstringexact,ccomboboxgetcount,ccomboboxgetcursel,ccomboboxgetdroppedcontrolrect,ccomboboxgetdroppedstate,ccomboboxgetdroppedwidth,ccomboboxgeteditsel,ccomboboxgetextendedui,ccomboboxgethorizontalextent,ccomboboxgetitemdata,ccomboboxgetitemdataptr,ccomboboxgetitemheight,ccomboboxgetlbtext,ccomboboxgetlbtextlen,ccomboboxgetlocale,ccomboboxgettopindex,ccomboboxinitstorage,ccomboboxinsertstring,ccomboboxlimittext,ccomboboxmeasureitem,ccomboboxpaste,ccomboboxresetcontent,ccomboboxselectstring,ccomboboxsetcursel,ccomboboxsetdroppedwidth,ccomboboxseteditsel,ccomboboxsetextendedui,ccomboboxsethorizontalextent,ccomboboxsetitemdata,ccomboboxsetitemdataptr,ccomboboxsetitemheight,ccomboboxsetlocale,ccomboboxsettopindex,ccomboboxshowdropdown,ccommandlineinfo,ccommandlineinfoccommandlineinfo,ccommandlineinfom_bshowsplash,ccommandlineinfom_nshellcommand,ccommandlineinfom_strfilename,ccommandlineinfoparseparam,cdataexchange,cdataexchangefail,cdataexchangem_bsaveandvalidate,cdataexchangem_pdlgwnd,cdataexchangepreparectrl,cdataexchangeprepareeditctrl,cdc,cdcattach,cdcbitblt,cdccdc,cdccreatecompatibledc,cdcdeletedc,cdcdeletetempmap,cdcdetach,cdcdptolp,cdcdraw3drect,cdcdrawdragrect,cdcdrawedge,cdcdrawfocusrect,cdcdrawicon,cdcdrawtext,cdcellipse,cdcexcludecliprect,cdcexcludeupdatergn,cdcexttextout,cdcfillrect,cdcfillsolidrect,cdcframerect,cdcfromhandle,cdcgetbkcolor,cdcgetbkmode,cdcgetbrushorg,cdcgetclipbox,cdcgetcurrentbitmap,cdcgetcurrentbrush,cdcgetcurrentfont,cdcgetcurrentpen,cdcgetcurrentposition,cdcgetdevicecaps,cdcgethalftonebrush,cdcgetmapmode,cdcgetnearestcolor,cdcgetoutputtextextent,cdcgetoutputtextmetrics,cdcgetpixel,cdcgetsafehdc,cdcgettextcolor,cdcgettextextent,cdcgettextface,cdcgettextmetrics,cdcgetviewportext,cdcgetviewportorg,cdcgetwindowext,cdcgetwindoworg,cdcintersectcliprect,cdcinvertrect,cdclineto,cdclptodp,cdcm_hattribdc,cdcm_hdc,cdcmaskblt,cdcmoveto,cdcoffsetcliprgn,cdcpatblt,cdcpolygon,cdcpolyline,cdcpolylineto,cdcpolypolygon,cdcpolypolyline,cdcrectangle,cdcreleaseattribdc,cdcreleaseoutputdc,cdcrestoredc,cdcroundrect,cdcsavedc,cdcscrolldc,cdcselectcliprgn,cdcselectobject,cdcselectstockobject,cdcsetattribdc,cdcsetbkcolor,cdcsetbkmode,cdcsetbrushorg,cdcsetoutputdc,cdcsetpixel,cdcsettextcolor,cdcstretchblt,cdialog,cdialogcdialog,cdialogcreate,cdialogcreateindirect,cdialogdomodal,cdialogenddialog,cdialoggetdefid,cdialoggotodlgctrl,cdialoginitmodalindirect,cdialogmapdialogrect,cdialognextdlgctrl,cdialogoncancel,cdialogoninitdialog,cdialogonok,cdialogonsetfont,cdialogprevdlgctrl,cdialogsetdefid,cdialogsethelpid,cdoctemplate,cdoctemplateadddocument,cdoctemplatecdoctemplate,cdoctemplateclosealldocuments,cdoctemplatecreatenewdocument,cdoctemplatecreatenewframe,cdoctemplategetdocstring,cdoctemplategetfirstdocposition,cdoctemplategetnextdoc,cdoctemplateinitialupdateframe,cdoctemplateloadtemplate,cdoctemplatematchdoctype,cdoctemplateopendocumentfile,cdoctemplateremovedocument,cdoctemplatesaveallmodified,cdocument,cdocumentaddview,cdocumentcancloseframe,cdocumentcdocument,cdocumentdeletecontents,cdocumentgetdoctemplate,cdocumentgetfile,cdocumentgetfirstviewposition,cdocumentgetnextview,cdocumentgetpathname,cdocumentgettitle,cdocumentismodified,cdocumentonchangedviewlist,cdocumentonclosedocument,cdocumentonnewdocument,cdocumentonopendocument,cdocumentonsavedocument,cdocumentprecloseframe,cdocumentreleasefile,cdocumentremoveview,cdocumentreportsaveloadexception,cdocumentsavemodified,cdocumentsetmodifiedflag,cdocumentsetpathname,cdocumentsettitle,cdocumentupdateallviews,cedit,ceditcanundo,ceditcedit,ceditcharfrompos,ceditclear,ceditcopy,ceditcreate,ceditcut,ceditemptyundobuffer,ceditfmtlines,ceditgetfirstvisibleline,ceditgethandle,ceditgetlimittext,ceditgetline,ceditgetlinecount,ceditgetmargins,ceditgetmodify,ceditgetpasswordchar,ceditgetrect,ceditgetsel,ceditlimittext,ceditlinefromchar,ceditlineindex,ceditlinelength,ceditlinescroll,ceditpaste,ceditposfromchar,ceditreplacesel,ceditsethandle,ceditsetlimittext,ceditsetmargins,ceditsetmodify,ceditsetpasswordchar,ceditsetreadonly,ceditsetrect,ceditsetrectnp,ceditsetsel,ceditsettabstops,ceditundo,cfont,cfontcfont,cfontcreatefont,cfontcreatefontindirect,cfontcreatepointfont,cfontcreatepointfontindirect,cfontfromhandle,cfontgetlogfont,cframewnd,cframewndactivateframe,cframewndaddadornments,cframewndaddbitmap,cframewndaddcomboboxstring,cframewndbeginmodalstate,cframewndcframewnd,cframewndcreate,cframewndcreateview,cframewndendmodalstate,cframewndgetactivedocument,cframewndgetactiveframe,cframewndgetactiveview,cframewndgetcombocount,cframewndgetcombocursel,cframewndinitialupdateframe,cframewndinmodalstate,cframewndinsertbuttons,cframewndinsertcombobox,cframewndinsertmenu,cframewndistracking,cframewndloadframe,cframewndm_bautomenuenable,cframewndm_hcommandbar,cframewndoncreateclient,cframewndrectdefault,cframewndsetactiveview,cframewndsetcombocursel,cframewndshowownedwindows,cgdiobject,cgdiobjectattach,cgdiobjectcgdiobject,cgdiobjectcreatestockobject,cgdiobjectdeleteobject,cgdiobjectdeletetempmap,cgdiobjectdetach,cgdiobjectfromhandle,cgdiobjectgetobject,cgdiobjectgetobjecttype,cgdiobjectgetsafehandle,cgdiobjectm_hobject,clistbox,clistboxaddstring,clistboxchartoitem,clistboxclistbox,clistboxcompareitem,clistboxcreate,clistboxdeleteitem,clistboxdeletestring,clistboxdir,clistboxdrawitem,clistboxfindstring,clistboxfindstringexact,clistboxgetanchorindex,clistboxgetcaretindex,clistboxgetcount,clistboxgetcursel,clistboxgethorizontalextent,clistboxgetitemdata,clistboxgetitemdataptr,clistboxgetitemheight,clistboxgetitemrect,clistboxgetlocale,clistboxgetsel,clistboxgetselcount,clistboxgetselitems,clistboxgettext,clistboxgettextlen,clistboxgettopindex,clistboxinitstorage,clistboxinsertstring,clistboxitemfrompoint,clistboxmeasureitem,clistboxresetcontent,clistboxselectstring,clistboxselitemrange,clistboxsetanchorindex,clistboxsetcaretindex,clistboxsetcolumnwidth,clistboxsetcursel,clistboxsethorizontalextent,clistboxsetitemdata,clistboxsetitemdataptr,clistboxsetitemheight,clistboxsetlocale,clistboxsetsel,clistboxsettabstops,clistboxsettopindex,clistboxvkeytoitem,cmenu,cmenuappendmenu,cmenuattach,cmenucheckmenuitem,cmenucheckmenuradioitem,cmenucmenu,cmenucreatemenu,cmenucreatepopupmenu,cmenudeletemenu,cmenudeletetempmap,cmenudestroymenu,cmenudetach,cmenudrawitem,cmenuenablemenuitem,cmenufromhandle,cmenugetmenuitemcount,cmenugetmenuitemid,cmenugetmenustate,cmenugetmenustring,cmenugetsafehmenu,cmenugetsubmenu,cmenuinsertmenu,cmenuloadmenu,cmenum_hmenu,cmenumeasureitem,cmenumodifymenu,cmenuremovemenu,cmenutrackpopupmenu,cpaintdc,cpaintdccpaintdc,cpaintdcm_hwnd,cpaintdcm_ps,cpen,cpencpen,cpencreatepen,cpencreatepenindirect,cpenfromhandle,cpengetlogpen,cpoint,cpointcpoint,cpointoffset,crect,crectbottomright,crectcopyrect,crectcrect,crectdeflaterect,crectequalrect,crectheight,crectinflaterect,crectintersectrect,crectisrectempty,crectisrectnull,crectnormalizerect,crectoffsetrect,crectptinrect,crectsetrect,crectsetrectempty,crectsize,crectsubtractrect,crecttopleft,crectunionrect,crectwidth,cresourceexception,cresourceexceptioncresourceexception,crgn,crgncombinergn,crgncopyrgn,crgncreaterectrgn,crgncreaterectrgnindirect,crgncrgn,crgnequalrgn,crgnfromhandle,crgngetregiondata,crgngetrgnbox,crgnoffsetrgn,crgnptinregion,crgnrectinregion,crgnsetrectrgn,cscrollbar,cscrollbarcreate,cscrollbarcscrollbar,cscrollbarenablescrollbar,cscrollbargetscrollinfo,cscrollbargetscrolllimit,cscrollbargetscrollpos,cscrollbargetscrollrange,cscrollbarsetscrollinfo,cscrollbarsetscrollpos,cscrollbarsetscrollrange,cscrollbarshowscrollbar,cscrollview,cscrollviewcscrollview,cscrollviewfilloutsiderect,cscrollviewgetdevicescrollposition,cscrollviewgetdevicescrollsizes,cscrollviewgetscrollposition,cscrollviewgettotalsize,cscrollviewresizeparenttofit,cscrollviewscrolltoposition,cscrollviewsetscaletofitsize,cscrollviewsetscrollsizes,csingledoctemplate,csingledoctemplatecsingledoctemplate,csize,csizecsize,cstatic,cstaticcreate,cstaticcstatic,cstaticgetbitmap,cstaticsetbitmap,ctime,ctimectime,ctimegetcurrenttime,ctimegetday,ctimegetdayofweek,ctimegethour,ctimegetminute,ctimegetmonth,ctimegetsecond,ctimegettime,ctimegetyear,cuserexception,cview,cviewcview,cviewgetdocument,cviewonactivateframe,cviewonactivateview,cviewondraw,cviewoninitialupdate,cviewonpreparedc,cviewonscroll,cviewonscrollby,cviewonupdate,cwaitcursor,cwaitcursorcwaitcursor,cwaitcursorrestore,cwinapp,cwinappadddoctemplate,cwinappaddtorecentfilelist,cwinappclosealldocuments,cwinappcwinapp,cwinappdomessagebox,cwinappdowaitcursor,cwinappexitinstance,cwinappgetfirstdoctemplateposition,cwinappgetnextdoctemplate,cwinappgetprofileint,cwinappgetprofilestring,cwinapphideapplication,cwinappinitapplication,cwinappinitinstance,cwinapploadicon,cwinapploadoemicon,cwinapploadstandardicon,cwinapploadstdprofilesettings,cwinappm_bhelpmode,cwinappm_hinstance,cwinappm_hprevinstance,cwinappm_lpcmdline,cwinappm_ncmdshow,cwinappm_pszappname,cwinappm_pszexename,cwinappm_pszhelpfilepath,cwinappm_pszprofilename,cwinappm_pszregistrykey,cwinapponddecommand,cwinapponfilenew,cwinapponfileopen,cwinapponhelp,cwinapponidle,cwinappopendocumentfile,cwinappparsecommandline,cwinappprocessmessagefilter,cwinappprocessshellcommand,cwinappprocesswndprocexception,cwinapprun,cwinappsaveallmodified,cwinappsetdialogbkcolor,cwinappsetregistrykey,cwinappwinhelp,cwinappwriteprofileint,cwinappwriteprofilestring,cwindowdc,cwindowdccwindowdc,cwindowdcm_hwnd,cwinthread,cwinthreadcreatethread,cwinthreadcwinthread,cwinthreadexitinstance,cwinthreadgetmainwnd,cwinthreadgetthreadpriority,cwinthreadinitinstance,cwinthreadisidlemessage,cwinthreadm_bautodelete,cwinthreadm_hthread,cwinthreadm_nthreadid,cwinthreadm_pactivewnd,cwinthreadm_pmainwnd,cwinthreadonidle,cwinthreadpretranslatemessage,cwinthreadprocessmessagefilter,cwinthreadprocesswndprocexception,cwinthreadresumethread,cwinthreadrun,cwinthreadsetthreadpriority,cwinthreadsuspendthread,cwnd,cwndattach,cwndbeginpaint,cwndbinddefaultproperty,cwndbindproperty,cwndbringwindowtotop,cwndcalcwindowrect,cwndcenterwindow,cwndcheckdlgbutton,cwndcheckradiobutton,cwndchildwindowfrompoint,cwndclienttoscreen,cwndcontinuemodal,cwndcreate,cwndcreatecontrol,cwndcreateex,cwndcreatesolidcaret,cwndcwnd,cwnddefault,cwnddefwindowproc,cwnddeletetempmap,cwnddestroywindow,cwnddetach,cwnddodataexchange,cwndenablewindow,cwndendmodalloop,cwndendpaint,cwndexecutedlginit,cwndfindwindow,cwndfromhandle,cwndfromhandlepermanent,cwndgetactivewindow,cwndgetcapture,cwndgetcaretpos,cwndgetcheckedradiobutton,cwndgetclientrect,cwndgetclipboardowner,cwndgetcontrolunknown,cwndgetcurrentmessage,cwndgetdc,cwndgetdescendantwindow,cwndgetdesktopwindow,cwndgetdlgctrlid,cwndgetdlgitem,cwndgetdlgitemint,cwndgetdlgitemtext,cwndgetexstyle,cwndgetfocus,cwndgetfont,cwndgetforegroundwindow,cwndgeticon,cwndgetmenu,cwndgetnextdlggroupitem,cwndgetnextdlgtabitem,cwndgetnextwindow,cwndgetopenclipboardwindow,cwndgetowner,cwndgetparent,cwndgetparentframe,cwndgetparentowner,cwndgetproperty,cwndgetsafehwnd,cwndgetsafeowner,cwndgetscrollbarctrl,cwndgetscrollinfo,cwndgetscrolllimit,cwndgetscrollpos,cwndgetscrollrange,cwndgetstyle,cwndgetsuperwndprocaddr,cwndgettoplevelframe,cwndgettoplevelowner,cwndgettoplevelparent,cwndgettopwindow,cwndgetupdaterect,cwndgetupdatergn,cwndgetwindow,cwndgetwindowdc,cwndgetwindowrect,cwndgetwindowtext,cwndgetwindowtextlength,cwndhidecaret,cwndinvalidate,cwndinvalidaterect,cwndinvokehelper,cwndischild,cwndisdialogmessage,cwndisdlgbuttonchecked,cwndisiconic,cwndiswindowenabled,cwndiswindowvisible,cwndkilltimer,cwndm_hcommandbarmenu,cwndm_hwnd,cwndmapwindowpoints,cwndmessagebox,cwndmodifystyle,cwndmodifystyleex,cwndmovewindow,cwndonactivate,cwndonambientproperty,cwndoncancelmode,cwndoncapturechanged,cwndonchar,cwndonchartoitem,cwndonchildnotify,cwndonclose,cwndoncommand,cwndoncompareitem,cwndoncreate,cwndonctlcolor,cwndondeadchar,cwndondeleteitem,cwndondestroy,cwndondestroyclipboard,cwndondrawitem,cwndonenable,cwndonerasebkgnd,cwndonfontchange,cwndongetdlgcode,cwndonhelpinfo,cwndonhscroll,cwndoninitmenupopup,cwndonkeydown,cwndonkeyup,cwndonkillfocus,cwndonlbuttondblclk,cwndonlbuttondown,cwndonlbuttonup,cwndonmeasureitem,cwndonmenuchar,cwndonmousemove,cwndonmove,cwndonncdestroy,cwndonpaint,cwndonrenderallformats,cwndonrenderformat,cwndonsetfocus,cwndonshowwindow,cwndonsize,cwndonstylechanged,cwndonsyschar,cwndonsyscommand,cwndonsysdeadchar,cwndonsyskeydown,cwndonsyskeyup,cwndontimer,cwndonvkeytoitem,cwndonvscroll,cwndonwindowposchanged,cwndonwininichange,cwndonwndmsg,cwndopenclipboard,cwndpostmessage,cwndpostncdestroy,cwndprecreatewindow,cwndpresubclasswindow,cwndpretranslatemessage,cwndredrawwindow,cwndreflectchildnotify,cwndreflectlastmsg,cwndreleasedc,cwndrepositionbars,cwndrunmodalloop,cwndscreentoclient,cwndscrollwindow,cwndscrollwindowex,cwndsendchildnotifylastmsg,cwndsenddlgitemmessage,cwndsendmessage,cwndsendmessagetodescendants,cwndsendnotifymessage,cwndsetactivewindow,cwndsetcapture,cwndsetcaretpos,cwndsetdlgctrlid,cwndsetdlgitemint,cwndsetdlgitemtext,cwndsetfocus,cwndsetfont,cwndsetforegroundwindow,cwndseticon,cwndsetowner,cwndsetparent,cwndsetproperty,cwndsetredraw,cwndsetscrollinfo,cwndsetscrollpos,cwndsetscrollrange,cwndsettimer,cwndsetwindowpos,cwndsetwindowtext,cwndshowcaret,cwndshowwindow,cwndsubclassdlgitem,cwndsubclasswindow,cwndunsubclasswindow,cwndupdatedata,cwndupdatedialogcontrols,cwndupdatewindow,cwndvalidaterect,cwndwindowfrompoint,cwndwindowproc
Altcom.h	4	msdn-library/techshelps/WCEATL	Altcom.h	iprovideclassinfo2impl_tih,iprovideclassinfo2implgetclassinfo,iprovideclassinfo2implgetguid,iprovideclassinfo2impliprovideclassinfo2impl
Appauto.h	1	learn/unclassified,learn/windows-ce-5.0	Appauto.h.	iapplication
Appdefs.h	4	learn/windows-ce-5.0,learn/windows-ce-net-4x	Appdefs.h.	iapplicationaddcommand,iapplicationaddcommandbarbutton,iapplicationenablemodeless,iapplicationsetaddininfo
Armintr.h	31	learn/windows-ce-5.0,learn/windows-ce-net-4x	Armintr.h.	_addsatint,_daddsatint,_dsubsatint,_preload,_readcoprocessor,_smuladd_sl_acc,_smuladdhi_sw_acc,_smuladdhi_sw_sl,_smuladdhi_sw_sq,_smuladdhilo_sw_acc,_smuladdhilo_sw_sl,_smuladdhilo_sw_sq,_smuladdlo_sw_acc,_smuladdlo_sw_sl,_smuladdlo_sw_sq,_smuladdlohi_sw_acc,_smuladdlohi_sw_sl,_smuladdlohi_sw_sq,_smuladdpack_2sw_acc,_smuladdwhi_sw_sl,_smuladdwlo_sw_sl,_smulhi_sw_sl,_smulhilo_sw_sl,_smullo_sw_sl,_smullohi_sw_sl,_smulwhi_sw_sl,_smulwlo_sw_sl,_subsatint,_writecoprocessor,bkpt,clz
Atapi2.h	1	learn/windows-ce-5.0,learn/windows-ce-net-4x	Atapi2.h.	inquiry_data
Atlbase.h	80	msdn-library/techshelps/WCEATL	Atlbase.h	ccomautocriticalsection,ccomautocriticalsectionccomautocriticalsection,ccomautocriticalsectionm_sec,ccomautocriticalsectionunlock,ccombstr,ccombstrappend,ccombstrappendbstr,ccombstrattach,ccombstrccombstr,ccombstrcopy,ccombstrdetach,ccombstrempty,ccombstrlength,ccombstrm_str,ccombstrreadfromstream,ccombstrwritetostream,ccomfakecriticalsection,ccomfakecriticalsectioninit,ccomfakecriticalsectionlock,ccomfakecriticalsectionterm,ccomfakecriticalsectionunlock,ccomglobalsthreadmodel,ccommodule,ccommodulegetclassobject,ccommodulegetlockcount,ccommodulegetmoduleinstance,ccommodulegetresourceinstance,ccommodulegettypelibinstance,ccommoduleinit,ccommodulelock,ccommodulem_csobjmap,ccommodulem_cstypeinfoholder,ccommodulem_cswindowcreate,ccommodulem_hheap,ccommodulem_hinst,ccommodulem_hinstresource,ccommodulem_hinsttypelib,ccommodulem_nlockcnt,ccommodulem_pobjectmap,ccommoduleregisterclasshelper,ccommoduleregisterclassobjects,ccommoduleregisterserver,ccommoduleregistertypelib,ccommodulerevokeclassobjects,ccommoduleterm,ccommoduleunlock,ccommoduleunregisterclasshelper,ccommoduleunregisterserver,ccommoduleupdateregistryclass,ccommoduleupdateregistryfromresourced,ccommoduleupdateregistryfromresources,ccomobjectthreadmodel,ccomptr,ccomptrccomptr,ccomptrp,ccomptrrelease,ccomqiptr,ccomqiptrccomqiptr,ccomqiptrp,ccomqiptrrelease,ccomsinglethreadmodel,ccomsinglethreadmodelautocriticalsection,ccomsinglethreadmodelcriticalsection,ccomsinglethreadmodeldecrement,ccomsinglethreadmodelincrement,ccomsinglethreadmodelthreadmodelnocs,cregkey,cregkeyattach,cregkeyclose,cregkeycreate,cregkeycregkey,cregkeydeletesubkey,cregkeydeletevalue,cregkeydetach,cregkeym_hkey,cregkeyopen,cregkeyqueryvalue,cregkeyrecursedeletekey,cregkeysetkeyvalue,cregkeysetvalue
Atlcom.h	112	msdn-library/techshelps/WCEATL	Atlcom.h	ccomaggobject,ccomaggobjectaddref,ccomaggobjectccomaggobject,ccomaggobjectfinalconstruct,ccomaggobjectfinalrelease,ccomaggobjectm_contained,ccomaggobjectqueryinterface,ccomaggobjectrelease,ccomcachedtearoffobject,ccomcachedtearoffobjectaddref,ccomcachedtearoffobjectccomcachedtearoffobject,ccomcachedtearoffobjectfinalconstruct,ccomcachedtearoffobjectfinalrelease,ccomcachedtearoffobjectm_contained,ccomcachedtearoffobjectqueryinterface,ccomcachedtearoffobjectrelease,ccomclassfactory,ccomclassfactory2,ccomclassfactory2createinstance,ccomclassfactory2createinstancelic,ccomclassfactory2getlicinfo,ccomclassfactory2lockserver,ccomclassfactory2requestlickey,ccomclassfactorycreateinstance,ccomclassfactorylockserver,ccomclassfactorysingleton,ccomclassfactorysingletoncreateinstance,ccomclassfactorysingletonm_obj,ccomcoclass,ccomcoclasserror,ccomcoclassgetobjectclsid,ccomcoclassgetobjectdescription,ccomcontainedobject,ccomcontainedobjectaddref,ccomcontainedobjectccomcontainedobject,ccomcontainedobjectgetcontrollingunknown,ccomcontainedobjectqueryinterface,ccomcontainedobjectrelease,ccomdynamicunkarray,ccomdynamicunkarraybegin,ccomdynamicunkarrayccomdynamicunkarray,ccomdynamicunkarrayend,ccomobject,ccomobjectaddref,ccomobjectccomobject,ccomobjectcreateinstance,ccomobjectglobal,ccomobjectglobaladdref,ccomobjectglobalccomobjectglobal,ccomobjectglobalm_hresfinalconstruct,ccomobjectglobalqueryinterface,ccomobjectglobalrelease,ccomobjectnolock,ccomobjectnolockaddref,ccomobjectnolockccomobjectnolock,ccomobjectnolockqueryinterface,ccomobjectnolockrelease,ccomobjectqueryinterface,ccomobjectrelease,ccomobjectroot,ccomobjectrootex,ccomobjectrootexccomobjectrootex,ccomobjectrootexfinalconstruct,ccomobjectrootexfinalrelease,ccomobjectrootexinternaladdref,ccomobjectrootexinternalqueryinterface,ccomobjectrootexinternalrelease,ccomobjectrootexlock,ccomobjectrootexm_critsec,ccomobjectrootexm_dwref,ccomobjectrootexm_pouterunknown,ccomobjectrootexouteraddref,ccomobjectrootexouterqueryinterface,ccomobjectrootexouterrelease,ccomobjectrootexunlock,ccomobjectstack,ccomobjectstackaddref,ccomobjectstackccomobjectstack,ccomobjectstackm_hresfinalconstruct,ccomobjectstackqueryinterface,ccomobjectstackrelease,ccompolyobject,ccompolyobjectaddref,ccompolyobjectccompolyobject,ccompolyobjectfinalconstruct,ccompolyobjectfinalrelease,ccompolyobjectm_contained,ccompolyobjectqueryinterface,ccompolyobjectrelease,ccomtearoffobject,ccomtearoffobjectaddref,ccomtearoffobjectccomtearoffobject,ccomtearoffobjectccomtearoffobjectbase,ccomtearoffobjectm_powner,ccomtearoffobjectqueryinterface,ccomtearoffobjectrelease,ccomunkarray,ccomunkarraybegin,ccomunkarrayccomunkarray,ccomunkarrayend,iconnectionpointcontainerimpl,iconnectionpointcontainerimplenumconnectionpoints,iconnectionpointcontainerimplfindconnectionpoint,iconnectionpointimpladvise,iconnectionpointimplenumconnections,iconnectionpointimplgetconnectioninterface,iconnectionpointimplgetconnectionpointcontainer,iconnectionpointimplm_vec,iconnectionpointimplunadvise,iprovideclassinfo2impl,isupporterrorinfoimpl,isupporterrorinfoimplinterfacesupportserrorinfo
Atlctl.h	253	msdn-library/techshelps/WCEATL	Atlctl.h	ccomcontrol,ccomcontrolccomcontrol,ccomcontrolccomcontrolbase,ccomcontrolcontrolqueryinterface,ccomcontrolcreatecontrolwindow,ccomcontroldoesverbactivate,ccomcontroldoesverbuiactivate,ccomcontroldoverbproperties,ccomcontrolfireonchanged,ccomcontrolfireonrequestedit,ccomcontrolfireviewchange,ccomcontrolgetambientappearance,ccomcontrolgetambientautoclip,ccomcontrolgetambientbackcolor,ccomcontrolgetambientdisplayasdefault,ccomcontrolgetambientdisplayname,ccomcontrolgetambientfont,ccomcontrolgetambientforecolor,ccomcontrolgetambientlocaleid,ccomcontrolgetambientmessagereflect,ccomcontrolgetambientpalette,ccomcontrolgetambientproperty,ccomcontrolgetambientscaleunits,ccomcontrolgetambientshowgrabhandles,ccomcontrolgetambientshowhatching,ccomcontrolgetambientsupportsmnemonics,ccomcontrolgetambienttextalign,ccomcontrolgetambientuidead,ccomcontrolgetambientusermode,ccomcontrolgetdirty,ccomcontrolgetzoominfo,ccomcontrolinplaceactivate,ccomcontrolm_bautosize,ccomcontrolm_bbordervisible,ccomcontrolm_bdrawfromnatural,ccomcontrolm_bdrawgetdatainhimetric,ccomcontrolm_benabled,ccomcontrolm_binplaceactive,ccomcontrolm_binplacesiteex,ccomcontrolm_bnegotiatedwnd,ccomcontrolm_brecomposeonresize,ccomcontrolm_brequiressave,ccomcontrolm_bresizenatural,ccomcontrolm_bstrcaption,ccomcontrolm_bstrtext,ccomcontrolm_btabstop,ccomcontrolm_buiactive,ccomcontrolm_busingwindowrgn,ccomcontrolm_bvalid,ccomcontrolm_bwasoncewindowless,ccomcontrolm_bwindowonly,ccomcontrolm_bwndless,ccomcontrolm_clrbackcolor,ccomcontrolm_clrbordercolor,ccomcontrolm_clrfillcolor,ccomcontrolm_clrforecolor,ccomcontrolm_hwndcd,ccomcontrolm_nappearance,ccomcontrolm_nbackstyle,ccomcontrolm_nborderstyle,ccomcontrolm_nborderwidth,ccomcontrolm_ndrawmode,ccomcontrolm_ndrawstyle,ccomcontrolm_ndrawwidth,ccomcontrolm_nfillstyle,ccomcontrolm_nfreezeevents,ccomcontrolm_nmousepointer,ccomcontrolm_nreadystate,ccomcontrolm_pfont,ccomcontrolm_phwndcd,ccomcontrolm_pmouseicon,ccomcontrolm_ppicture,ccomcontrolm_rcpos,ccomcontrolm_sizeextent,ccomcontrolm_sizenatural,ccomcontrolm_spadvisesink,ccomcontrolm_spambientdispatch,ccomcontrolm_spclientsite,ccomcontrolm_spdataadviseholder,ccomcontrolm_spinplacesite,ccomcontrolm_spoleadviseholder,ccomcontrolondraw,ccomcontrolondrawadvanced,ccomcontrolongetdlgcode,ccomcontrolonkillfocus,ccomcontrolonpaint,ccomcontrolonsetfocus,ccomcontrolsendonclose,ccomcontrolsendondatachange,ccomcontrolsendonrename,ccomcontrolsendonsave,ccomcontrolsendonviewchange,ccomcontrolsetcontrolfocus,ccomcontrolsetdirty,ccomdispatchdriver,ccomdispatchdriverccomdispatchdriver,ccomdispatchdrivergetproperty,ccomdispatchdriverp,ccomdispatchdriverputproperty,ccomdispatchdriverrelease,cfirepropnotifyevent,cfirepropnotifyeventfireonchanged,cfirepropnotifyeventfireonrequestedit,cstockpropimpl,idataobjectimpl,idataobjectimplenumformatetc,idataobjectimplfiredatachange,idataobjectimplgetcanonicalformatetc,idataobjectimplgetdata,idataobjectimplgetdatahere,idataobjectimplquerygetdata,idataobjectimplsetdata,idispatchimpl,idispatchimpl_tih,idispatchimplgetidsofnames,idispatchimplgettypeinfo,idispatchimplgettypeinfocount,idispatchimplidispatchimpl,idispatchimplinvoke,iobjectsafetyimpl,iobjectsafetyimplgetinterfacesafetyoptions,iobjectsafetyimplm_dwsafety,iobjectsafetyimplsetinterfacesafetyoptions,iobjectwithsiteimpl,iobjectwithsiteimplgetsite,iobjectwithsiteimplm_spunksite,iobjectwithsiteimplsetsite,iolecontrolimpl,iolecontrolimplfreezeevents,iolecontrolimplgetcontrolinfo,iolecontrolimplonambientpropertychange,iolecontrolimplonmnemonic,ioleinplaceactiveobjectimpl,ioleinplaceactiveobjectimplcontextsensitivehelp,ioleinplaceactiveobjectimplenablemodeless,ioleinplaceactiveobjectimplgetwindow,ioleinplaceactiveobjectimplondocwindowactivate,ioleinplaceactiveobjectimplonframewindowactivate,ioleinplaceactiveobjectimplresizeborder,ioleinplaceactiveobjectimpltranslateaccelerator,ioleinplaceobjectwindowlessimpl,ioleinplaceobjectwindowlessimplcontextsensitivehelp,ioleinplaceobjectwindowlessimplgetdroptarget,ioleinplaceobjectwindowlessimplgetwindow,ioleinplaceobjectwindowlessimplinplacedeactivate,ioleinplaceobjectwindowlessimplonwindowmessage,ioleinplaceobjectwindowlessimplreactivateandundo,ioleinplaceobjectwindowlessimplsetobjectrects,ioleinplaceobjectwindowlessimpluideactivate,ioleobjectimpl,ioleobjectimpladvise,ioleobjectimplclose,ioleobjectimpldoverb,ioleobjectimpldoverbdiscardundo,ioleobjectimpldoverbhide,ioleobjectimpldoverbinplaceactivate,ioleobjectimpldoverbopen,ioleobjectimpldoverbprimary,ioleobjectimpldoverbshow,ioleobjectimpldoverbuiactivate,ioleobjectimplenumadvise,ioleobjectimplgetclientsite,ioleobjectimplgetclipboarddata,ioleobjectimplgetextent,ioleobjectimplgetmoniker,ioleobjectimplgetuserclassid,ioleobjectimplinitfromdata,ioleobjectimplisuptodate,ioleobjectimplsetclientsite,ioleobjectimplsetcolorscheme,ioleobjectimplsetextent,ioleobjectimplsethostnames,ioleobjectimplsetmoniker,ioleobjectimplunadvise,ioleobjectimplupdate,iperpropertybrowsingimpl,iperpropertybrowsingimplgetdisplaystring,iperpropertybrowsingimplgetpredefinedstrings,iperpropertybrowsingimplgetpredefinedvalue,iperpropertybrowsingimplmappropertytopage,ipersistpropertybagimpl,ipersistpropertybagimplgetclassid,ipersistpropertybagimplinitnew,ipersistpropertybagimplload,ipersistpropertybagimplsave,ipersiststorageimpl,ipersiststorageimplgetclassid,ipersiststorageimplhandsoffstorage,ipersiststorageimplinitnew,ipersiststorageimplisdirty,ipersiststorageimplload,ipersiststorageimplsave,ipersiststorageimplsavecompleted,ipersiststreaminitimpl,ipersiststreaminitimplgetclassid,ipersiststreaminitimplgetsizemax,ipersiststreaminitimplinitnew,ipersiststreaminitimplisdirty,ipersiststreaminitimplload,ipersiststreaminitimplsave,ipointerinactiveimpl,ipointerinactiveimplgetactivationpolicy,ipointerinactiveimploninactivemousemove,ipointerinactiveimploninactivesetcursor,ipropertynotifysinkcp,ipropertypage2impl,ipropertypage2impleditproperty,ipropertypageimpl,ipropertypageimplactivate,ipropertypageimplapply,ipropertypageimpldeactivate,ipropertypageimplgetpageinfo,ipropertypageimplipropertypageimpl,ipropertypageimplispagedirty,ipropertypageimplm_bdirty,ipropertypageimplm_dwdocstring,ipropertypageimplm_dwhelpcontext,ipropertypageimplm_dwhelpfile,ipropertypageimplm_dwtitle,ipropertypageimplm_nobjects,ipropertypageimplm_ppagesite,ipropertypageimplm_ppunk,ipropertypageimplm_size,ipropertypageimplmove,ipropertypageimplsetdirty,ipropertypageimplsetobjects,ipropertypageimplsetpagesite,ipropertypageimplshow,ipropertypageimpltranslateaccelerator,iquickactivateimpl,iquickactivateimplgetcontentextent,iquickactivateimplquickactivate,irunnableobjectimpl,irunnableobjectimplgetrunningclass,irunnableobjectimplisrunning,irunnableobjectimpllockrunning,irunnableobjectimplrun,irunnableobjectimplsetcontainedobject,ispecifypropertypagesimpl,ispecifypropertypagesimplgetpages,iviewobjecteximpl,iviewobjecteximpldraw,iviewobjecteximplfreeze,iviewobjecteximplgetadvise,iviewobjecteximplgetcolorset,iviewobjecteximplgetextent,iviewobjecteximplgetnaturalextent,iviewobjecteximplgetrect,iviewobjecteximplgetviewstatus,iviewobjecteximplqueryhitpoint,iviewobjecteximplqueryhitrect,iviewobjecteximplsetadvise,iviewobjecteximplunfreeze
Atlwin.h	132	msdn-library/techshelps/WCEATL	Atlwin.h	ccomcriticalsection,ccomcriticalsectioninit,ccomcriticalsectionlock,ccomcriticalsectionm_sec,ccomcriticalsectionterm,ccomcriticalsectionunlock,ccontainedwindow,ccontainedwindowccontainedwindow,ccontainedwindowcreate,ccontainedwindowdefwindowproc,ccontainedwindowm_dwmsgmapid,ccontainedwindowm_lpszclassname,ccontainedwindowm_pfnsuperwindowproc,ccontainedwindowm_pobject,ccontainedwindowregisterwndsuperclass,ccontainedwindowsubclasswindow,ccontainedwindowswitchmessagemap,ccontainedwindowunsubclasswindow,ccontainedwindowwindowproc,cdialogimpl,cdialogimplcreate,cdialogimpldialogproc,cdialogimpldomodal,cdialogimplenddialog,cdynamicchain,cdynamicchaincallchain,cdynamicchainremovechainentry,cdynamicchainsetchainentry,cmessagemap,cmessagemapprocesswindowmessage,cwindow,cwindowattach,cwindowbeginpaint,cwindowbringwindowtotop,cwindowcenterwindow,cwindowcheckdlgbutton,cwindowcheckradiobutton,cwindowchildwindowfrompoint,cwindowclienttoscreen,cwindowcreatecaret,cwindowcreategraycaret,cwindowcreatesolidcaret,cwindowcwindow,cwindowdestroywindow,cwindowdetach,cwindowdrawmenubar,cwindowenablewindow,cwindowendpaint,cwindowgetclientrect,cwindowgetdc,cwindowgetdlgctrlid,cwindowgetdlgitem,cwindowgetdlgitemint,cwindowgetdlgitemtext,cwindowgetexstyle,cwindowgetfont,cwindowgeticon,cwindowgetnextdlggroupitem,cwindowgetnextdlgtabitem,cwindowgetparent,cwindowgetscrollpos,cwindowgetscrollrange,cwindowgetstyle,cwindowgettoplevelparent,cwindowgettoplevelwindow,cwindowgetupdaterect,cwindowgetupdatergn,cwindowgetwindow,cwindowgetwindowdc,cwindowgetwindowlong,cwindowgetwindowrect,cwindowgetwindowtext,cwindowgetwindowtextlength,cwindowhidecaret,cwindowimpl,cwindowimplcreate,cwindowimpldefwindowproc,cwindowimplgetwndclassinfo,cwindowimplm_pfnsuperwindowproc,cwindowimplsubclasswindow,cwindowimplunsubclasswindow,cwindowimplwindowproc,cwindowinvalidate,cwindowinvalidaterect,cwindowischild,cwindowisdlgbuttonchecked,cwindowiswindowenabled,cwindowiswindowvisible,cwindowkilltimer,cwindowm_hwnd,cwindowmapwindowpoints,cwindowmessagebox,cwindowmodifystyle,cwindowmodifystyleex,cwindowmovewindow,cwindowopenclipboard,cwindowpostmessage,cwindowreleasedc,cwindowscreentoclient,cwindowscrollwindowex,cwindowsenddlgitemmessage,cwindowsendmessage,cwindowsendnotifymessage,cwindowsetactivewindow,cwindowsetcapture,cwindowsetdlgctrlid,cwindowsetdlgitemint,cwindowsetdlgitemtext,cwindowsetfocus,cwindowsetfont,cwindowseticon,cwindowsetparent,cwindowsetredraw,cwindowsetscrollpos,cwindowsetscrollrange,cwindowsettimer,cwindowsetwindowlong,cwindowsetwindowpos,cwindowsetwindowtext,cwindowshowcaret,cwindowshowwindow,cwindowupdatewindow,cwindowvalidaterect,cwndclassinfo,cwndclassinfom_atom,cwndclassinfom_bsystemcursor,cwndclassinfom_lpszcursorid,cwndclassinfom_lpszorigname,cwndclassinfom_szautoname,cwndclassinfom_wc,cwndclassinfopwndproc,cwndclassinforegister
Audiomediatype.h	1	win32/api/audiomediatype	Audiomediatype.h	createaudiomediatype
Autodial.h	5	chm/windows-ce-5.0/wceics5/html,learn/windows-ce-5.0,learn/windows-ce-net-4x	Autodial.h.	autodialcleanupmodule,autodialendconnection,autodialgetconnectionstatus,autodialinitializemodule,autodialstartconnection
Autoras.h	1	chm/windows-ce-5.0/wcedialup5/html,learn/windows-ce-5.0,learn/windows-ce-net-4x	Autoras.h.	dialer_notification
Av_upnp.h	140	chm/windows-ce-5.0/wceupnp5/html,learn/windows-ce-5.0	Av_upnp.h.	avtransportstate,bit_av_,connectioninfo,connectionmanagerstate,contentdirectorystate,devicecapabilities,direction,iavtransport,iavtransportgetcurrenttransportactions,iavtransportgetdevicecapabilities,iavtransportgetmediainfo,iavtransportgetpositioninfo,iavtransportgettransportinfo,iavtransportgettransportsettings,iavtransportimpl,iavtransportinvokevendoraction,iavtransportnext,iavtransportpause,iavtransportplay,iavtransportprevious,iavtransportrecord,iavtransportseek,iavtransportsetavtransporturi,iavtransportsetnextavtransporturi,iavtransportsetplaymode,iavtransportsetrecordqualitymode,iavtransportstop,iconnectionmanager,iconnectionmanagerconnectioncomplete,iconnectionmanagergetcurrentconnectioninfo,iconnectionmanagergetfirstconnectionid,iconnectionmanagergetnextconnectionid,iconnectionmanagergetprotocolinfo,iconnectionmanagerimpl,iconnectionmanagerimpladdsinkprotocol,iconnectionmanagerimpladdsourceprotocol,iconnectionmanagerimplcreateconnection,iconnectionmanagerimplendconnection,iconnectionmanagerimplremovesinkprotocol,iconnectionmanagerimplremovesourceprotocol,iconnectionmanagerinvokevendoraction,iconnectionmanagerprepareforconnection,icontentdirectory,icontentdirectorybrowsechildren,icontentdirectorybrowsemetadata,icontentdirectorycreateobject,icontentdirectorycreatereference,icontentdirectorydeleteresource,icontentdirectorydestroyobject,icontentdirectoryexportresource,icontentdirectorygetsearchcapabilities,icontentdirectorygetsortcapabilities,icontentdirectorygetsystemupdateid,icontentdirectorygettransferprogress,icontentdirectoryimpl,icontentdirectoryimportresource,icontentdirectoryinvokevendoraction,icontentdirectorysearch,icontentdirectorystoptransferresource,icontentdirectoryupdateobject,ieventsink,ieventsinkonstatechanged,ieventsource,ieventsourceadvise,ieventsourceunadvise,irenderingcontrol,irenderingcontrolgetbluevideoblacklevel,irenderingcontrolgetbluevideogain,irenderingcontrolgetbrightness,irenderingcontrolgetcolortemperature,irenderingcontrolgetcontrast,irenderingcontrolgetgreenvideoblacklevel,irenderingcontrolgetgreenvideogain,irenderingcontrolgethorizontalkeystone,irenderingcontrolgetloudness,irenderingcontrolgetmute,irenderingcontrolgetredvideoblacklevel,irenderingcontrolgetredvideogain,irenderingcontrolgetsharpness,irenderingcontrolgetverticalkeystone,irenderingcontrolgetvolume,irenderingcontrolgetvolumedb,irenderingcontrolgetvolumedbrange,irenderingcontrolimpl,irenderingcontrolinvokevendoraction,irenderingcontrollistpresets,irenderingcontrolselectpreset,irenderingcontrolsetbluevideoblacklevel,irenderingcontrolsetbluevideogain,irenderingcontrolsetbrightness,irenderingcontrolsetcolortemperature,irenderingcontrolsetcontrast,irenderingcontrolsetgreenvideoblacklevel,irenderingcontrolsetgreenvideogain,irenderingcontrolsethorizontalkeystone,irenderingcontrolsetloudness,irenderingcontrolsetmute,irenderingcontrolsetredvideoblacklevel,irenderingcontrolsetredvideogain,irenderingcontrolsetsharpness,irenderingcontrolsetverticalkeystone,irenderingcontrolsetvolume,irenderingcontrolsetvolumedb,ivirtualservice,ivirtualservicerelease,mediainfo,mediarendererdevice,mediarendererdevicegetconnectionmanager,mediaserverdevice,mediaserverdevicegetconnectionmanager,mediaserverdevicegetcontentdirectory,medium,object,objectgetproperty,parser,parseraddnamespacemapping,parsergetfirstobject,parsergetnextobject,playmode,positioninfo,renderingcontrolstate,seekmode,transportaction,transportactions,transportinfo,transportsettings,transportstate,upnpaverror,wstringappend,wstringassign,wstringcapacity,wstringclear,wstringcompare,wstringempty,wstringlength,wstringreserve,wstringresize,wstringsize,wstringwstring,zone_av_
Avc_stream.h	36	learn/windows-ce-5.0,learn/windows-ce-net-4x	Avc_stream.h.	audio_samplefrequency,ioctl_stream_attach_buffer,ioctl_stream_create_local_plug,ioctl_stream_delete_local_plug,ioctl_stream_dereference_remote_plug,ioctl_stream_detach_buffer,ioctl_stream_get_media_size,ioctl_stream_get_remote_plug_handle,ioctl_stream_locate_remote_plug,ioctl_stream_query_buffer_state,ioctl_stream_set_media_size,ioctl_stream_start_recv_session,ioctl_stream_start_xmit_session,ioctl_stream_stop_session,stream_attachbuffers_request,stream_attachbuffers_response,stream_createlocalplug_request,stream_createlocalplug_response,stream_deletelocalplug_request,stream_dereferenceremoteplug_request,stream_detachbuffers_request,stream_getmediasize_request,stream_getmediasize_response,stream_getremoteplughandle_request,stream_getremoteplughandle_response,stream_locateremoteplug_request,stream_locateremoteplug_response,stream_mediatype,stream_querybufferstate_request,stream_querybufferstate_response,stream_setmediasize_request,stream_startreceivesession_request,stream_startreceivesession_response,stream_starttransmitsession_request,stream_starttransmitsession_response,stream_stopsession_request
Avc_unit.h	25	learn/windows-ce-5.0,learn/windows-ce-net-4x	Avc_unit.h.	ioctl_unit_allocate_local_plug,ioctl_unit_connection_request_processed,ioctl_unit_dereference_connection_plug,ioctl_unit_deregister_subunit,ioctl_unit_disconnection_request_processed,ioctl_unit_free_local_plug,ioctl_unit_process_registry_plugs,ioctl_unit_query_local_plugs,ioctl_unit_register_subunit,unit_allocatelocalplug_request,unit_allocatelocalplug_response,unit_allocatelocalplugcb,unit_closeunitdeviceobject,unit_connectionrequestprocessed_request,unit_connecttoremoteplugcb,unit_dereferenceconnectionplug_request,unit_disconnectfromremoteplugcb,unit_freelocalplug_request,unit_freelocalplugcb,unit_openunitdeviceobject,unit_processregistryplugs_request,unit_querylocalplugs_request,unit_querylocalplugs_response,unit_registersubunit_request,unit_registersubunit_response
Avc_vcr.h	16	learn/windows-ce-5.0,learn/windows-ce-net-4x	Avc_vcr.h.	avc_vcr_cmd_analog_audio_output_mode,avc_vcr_cmd_input_signal_mode,avc_vcr_cmd_load_medium,avc_vcr_cmd_medium_info,avc_vcr_cmd_output_signal_mode,avc_vcr_cmd_play,avc_vcr_cmd_record,avc_vcr_cmd_recording_date,avc_vcr_cmd_recording_speed,avc_vcr_cmd_recording_time,avc_vcr_cmd_relative_time_counter,avc_vcr_cmd_time_code,avc_vcr_cmd_transport_state,avc_vcr_cmd_wind,ioctl_vcr_avccmd,vcr_requestresponse
Avc_vvcr.h	15	learn/windows-ce-5.0,learn/windows-ce-net-4x	Avc_vvcr.h.	ioctl_vvcr_complete,ioctl_vvcr_event,ioctl_vvcr_query_state,ioctl_vvcr_set_mechanism_position,ioctl_vvcr_set_mechanism_state,ioctl_vvcr_set_mechanism_track_number,vvcr_complete_request,vvcr_event_request,vvcr_event_response,vvcr_event_type,vvcr_mechanism_state,vvcr_querystate_response,vvcr_setmechanismposition_request,vvcr_setmechanismstate_request,vvcr_setmechanismtracknumber_request
Aygshell.h	47	chm/windows-ce-5.0/wceui5/html,learn/windows-ce-5.0,msdn-library/wcedevcon-99/wceppc	Aygshell.h.,Aygshell.h	inewmenuitemserver,inewmenuitemservercreatenewitem,ishellnotificationcallback,ishellnotificationcallbackoncommandselected,ishellnotificationcallbackondismiss,ishellnotificationcallbackonlinkselected,shactivateinfo,shchangenotifyderegister,shchangenotifyentry,shchangenotifyfree,shchangenotifyregister,shcloseapps,shcmbm_getmenu,shcmbm_getsubmenu,shcmbm_setsubmenu,shcreatemenubar,shcreatenewitem,shdonebutton,shenumpropsheethandlers,shfindmenubar,shfreecontextmenuextensions,shfullscreen,shgetappkeyassoc,shgetemergencycalllist,shgetinputcontext,shgetmenu,shgetsubmenu,shhandlewmactivate,shhandlewmsettingchange,shinitextracontrols,shinputdialog,shinvokecontextmenucommand,shloadcontextmenuextensions,shnavigateback,shnotificationadd,shnotificationgetdata,shnotificationremove,shnotificationupdate,shnp,shrecognizegesture,shsetback,shsetinputcontext,shsetnavbartext,shsetsubmenu,shsipinfo,shsippreference,wc_sippref
Battery.h	11	chm/windows-ce-3.0,learn/windows-ce-5.0,learn/windows-ce-net-4x	Battery.h.,Battery.h	battery_status,batterydrvrgetlevels,batterydrvrgetstatus,batterydrvrsupportschangenotification,batterylifetimeinfo,ioctl_battery_getlevels,ioctl_battery_getlifetimeinfo,ioctl_battery_getsystempowerstatusex,ioctl_battery_getsystempowerstatusex2,ioctl_battery_notifyoftimechange,ioctl_battery_supportschangenotification
Battimpl.h	8	learn/windows-ce-5.0,learn/windows-ce-net-4x	Battimpl.h.	batterypdddeinitialize,batterypddgetlevels,batterypddgetstatus,batterypddinitialize,batterypddpowerhandler,batterypddresume,batterypddsupportschangenotification,pfn_battery_pdd_iocontrol
Blcommon.h	16	learn/windows-ce-5.0,learn/windows-ce-net-4x,msdn-library/2010-05/windows-ce-5.0	Blcommon.h.	bootloadermain,oemchecksignature,oemcontinueeraseflash,oemdebuginit,oemfinisheraseflash,oemisflashaddr,oemlaunch,oemmapmemaddr,oemmultibinnotify,oemplatforminit,oempredownload,oemreaddata,oemshowprogress,oemstarteraseflash,oemverifymemory,oemwriteflash
Bootabledevice.h, Cemgr.idl	9	chm/windows-ce-4.2/remtools/htm,learn/windows-ce-5.0	Bootabledevice.h, Cemgr.idl.	ipmbootabledevice,ipmbootabledeviceaddproperty,ipmbootabledeviceaddserviceinfo,ipmbootabledevicedeleteproperty,ipmbootabledevicedeleteservice,ipmbootabledeviceenumproperties,ipmbootabledevicegetproperty,ipmbootabledeviceid,ipmbootabledevicename
Bootpart.h	8	learn/windows-ce-5.0	Bootpart.h	bp_getpartitioninfo,bp_init,bp_lowlevelformat,bp_openpartition,bp_readdata,bp_setdatapointer,bp_writedata,partentry
Bt_api.h	56	chm/windows-ce-5.0/wcebluetooth5/html,learn/windows-ce-5.0,learn/windows-ce-net-4x	Bt_api.h.	baseband_connection,bthacceptscoconnections,bthanswerpairrequest,bthauthenticate,bthcancelinquiry,bthclearinquiryfilter,bthcloseconnection,bthcreateaclconnection,bthcreatescoconnection,bthenterholdmode,bthenterparkmode,bthentersniffmode,bthexitparkmode,bthexitsniffmode,bthgetaddress,bthgetbasebandconnections,bthgetbasebandhandles,bthgetcurrentmode,bthgethardwarestatus,bthgetlinkkey,bthgetpinrequest,bthgetremotecod,bthnslookupservicebegin,bthnslookupserviceend,bthnslookupservicenext,bthnssetservice,bthpairrequest,bthperforminquiry,bthreadauthenticationenable,bthreadcod,bthreadlinkpolicysettings,bthreadlocaladdr,bthreadlocalversion,bthreadpagetimeout,bthreadremoteversion,bthreadscanenablemask,bthrefusepinrequest,bthremotenamequery,bthrevokelinkkey,bthrevokepin,bthsetencryption,bthsetinquiryfilter,bthsetlinkkey,bthsetpin,bthsetsecurityui,bthterminateidleconnections,bthwriteauthenticationenable,bthwritecod,bthwritelinkpolicysettings,bthwritepagetimeout,bthwritescanenablemask,portemuportparams,wsalookupservicebegin,wsalookupserviceend,wsalookupservicenext,wsasetservice
Bt_buffer.h	1	chm/windows-ce-5.0/wcebluetooth5/html,learn/windows-ce-5.0,learn/windows-ce-net-4x	Bt_buffer.h.	bd_buffer
Bt_ddi.h	34	chm/windows-ce-5.0/wcebluetooth5/html,learn/windows-ce-5.0,learn/windows-ce-net-4x	Bt_ddi.h.,Bt_ddi.h	bd_addr,bth_hci_ioctl_get_baseband_connections,bth_hci_ioctl_get_baseband_handles,bth_hci_ioctl_get_bd_for_handle,bth_hci_ioctl_get_commandsize,bth_hci_ioctl_get_errors,bth_hci_ioctl_get_flow,bth_hci_ioctl_get_handle_for_bd,bth_hci_ioctl_get_handle_mode,bth_hci_ioctl_get_hardware_status,bth_hci_ioctl_get_inquiry,bth_hci_ioctl_get_last_inquiry_data,bth_hci_ioctl_get_loopback,bth_hci_ioctl_get_num_ondevice,bth_hci_ioctl_get_num_pending,bth_hci_ioctl_get_num_unsent,bth_hci_ioctl_get_periodic_inquiry,bth_hci_ioctl_get_remote_cod,bth_hci_ioctl_get_sco_parameters,bth_hci_ioctl_get_under_test,bth_hci_ioctl_handle_authenticated,bth_hci_ioctl_handle_encrypted,bth_stack_ioctl_get_connected,controllerevent,hci_buffer_size,hci_closedevicecontext,hci_datapacketdown_in,hci_datapacketdown_out,hci_datapacketup,hci_datapacketupaclunbuffered,hcieventcontext,inquiryresultbuffer,packetmarker,wodm_bt_sco_audio_control
Bt_hcip.h	12	chm/windows-ce-5.0/wcebluetooth5/html,learn/windows-ce-5.0,learn/windows-ce-net-4x	Bt_hcip.h.	hci_closeconnection,hci_establishdevicecontext,hci_event,hci_openconnection,hci_parameters,hci_readhciparameters,hci_readpacket,hci_setcallback,hci_starthardware,hci_stophardware,hci_type,hci_writepacket
Btagnetwork.h	2	chm/windows-ce-5.0/wcebluetooth5/html,learn/windows-ce-5.0	Btagnetwork.h.	bthagonnetworkevent,networkcallfailedinfo
Btagpub.h	30	chm/windows-ce-5.0/wcebluetooth5/html,learn/windows-ce-5.0	Btagpub.h.	bthagdeinitphoneext,bthaggetlastdialed,bthaggetnamebyphonenumber,bthaggetspeeddial,bthaginitphoneext,bthagnetworkanswercall,bthagnetworkdeinit,bthagnetworkdialnumber,bthagnetworkdropcall,bthagnetworkgetcallstate,bthagnetworkholdcall,bthagnetworkinit,bthagnetworkrejectcall,bthagnetworkswapcall,bthagnetworktransmitdtmf,bthagnetworkunholdcall,bthagoverridecallin,bthagoverridecallout,bthagphoneextdeinit,bthagphoneextevent,bthagphoneextinit,bthagsetservicecallback,ioctl_ag_close_audio,ioctl_ag_close_control,ioctl_ag_get_mic_vol,ioctl_ag_get_speaker_vol,ioctl_ag_open_audio,ioctl_ag_open_control,ioctl_ag_set_mic_vol,ioctl_ag_set_speaker_vol
Bthapi.h, Bthapi.idl	34	chm/windows-ce-5.0/wcebluetooth5/html,learn/windows-ce-5.0,learn/windows-ce-net-4x	Bthapi.h, Bthapi.idl.	isdpnodecontainer,isdpnodecontainerappendnode,isdpnodecontainercreatefromstream,isdpnodecontainercreatestream,isdpnodecontainergetnode,isdpnodecontainergetnodecount,isdpnodecontainergetnodestringdata,isdpnodecontainergetstreamsize,isdpnodecontainergettype,isdpnodecontainerlockcontainer,isdpnodecontainersetnode,isdpnodecontainersettype,isdpnodecontainerwalk,isdpnodecontainerwritestream,isdprecord,isdprecordcreatefromstream,isdprecordgetattribute,isdprecordgetattributeasstream,isdprecordgetattributelist,isdprecordgetserviceclass,isdprecordsetattribute,isdprecordsetattributefromstream,isdprecordwalk,isdprecordwritetostream,isdpstream,isdpstreamnormalizeuuid,isdpstreamretrieveelementinfo,isdpstreamretrieverecords,isdpstreamvalidate,isdpstreamverifysequenceof,isdpstreamwalk,isdpwalk,isdpwalkwalknode,isdpwalkwalkstream
Bthapi.idl	2	chm/windows-ce-5.0/wcebluetooth5/html,learn/windows-ce-5.0,learn/windows-ce-net-4x	Bthapi.idl.	nodedata,nodedataunion
Bthid.h	2	learn/windows-ce-5.0	Bthid.h.	bthhid_ioctl_hidconnect,bthhid_ioctl_hiddisconnect
Bthsdpdef.h	9	chm/windows-ce-5.0/wcebluetooth5/html,learn/windows-ce-5.0,learn/windows-ce-net-4x	Bthsdpdef.h.	bthns_inquiryblob,bthns_restrictionblob,bthns_setblob,nodecontainertype,sdp_specifictype,sdp_type,sdpattributerange,sdpqueryuuid,sdpqueryuuidunion
Buttonview.hpp	11	chm/windows-ce-5.0/wceui5/html,learn/windows-ce-5.0,learn/windows-ce-net-4x	Buttonview.hpp.	buttoncontrolrectanglestyle_t,buttonview_t,buttonview_tdrawcheckboxandradiostyle,buttonview_tdrawgroupboxtext,buttonview_tdrawpushable,buttonview_tdrawpushstyle,buttonview_tdrawtext,buttonview_thitdetect,buttonview_tinitdc,buttonview_tpaintgroupbox,buttonview_tpaintnonpushstyle
CEDDK.h	55	learn/windows-ce-5.0,learn/windows-ce-net-4x	CEDDK.h.	bus_data_type,busiocontrol,bustransbusaddrtostatic,bustransbusaddrtovirtual,calibratestallcounter,closebusaccesshandle,createbusaccesshandle,dma_adapter_object,getbusnameprefix,getchilddeviceremovestate,getdeviceconfigurationdata,getdevicepowerstate,getparentdeviceinfo,halallocatecommonbuffer,halfreecommonbuffer,halgetbusdata,halgetbusdatabyoffset,halsetbusdata,halsetbusdatabyoffset,haltranslatebusaddress,haltranslatesystemaddress,interface_type,mmmapiospace,mmunmapiospace,read_port_buffer_uchar,read_port_buffer_ulong,read_port_buffer_ushort,read_port_uchar,read_port_ulong,read_port_ushort,read_register_buffer_uchar,read_register_buffer_ulong,read_register_buffer_ushort,read_register_uchar,read_register_ulong,read_register_ushort,setdeviceconfigurationdata,setdevicepowerstate,stallexecution,transbusaddrtostatic,transbusaddrtovirtual,translatebusaddr,translatesystemaddr,write_port_buffer_uchar,write_port_buffer_ulong,write_port_buffer_ushort,write_port_uchar,write_port_ulong,write_port_ushort,write_register_buffer_uchar,write_register_buffer_ulong,write_register_buffer_ushort,write_register_uchar,write_register_ulong,write_register_ushort
Calibrui.h	6	chm/windows-ce-3.0,chm/windows-ce-5.0/wcestylus5/html,learn/windows-ce-5.0,learn/windows-ce-net-4x	Calibrui.h.,Calibrui.h	touchcalibrateui_done,touchcalibrateui_drawconfirmationscreen,touchcalibrateui_drawmainscreen,touchcalibrateui_handleuserinputmessage,touchcalibrateui_initialize,touchcalibrateui_waitforconfirmation
Cardserv.h	41	chm/windows-ce-3.0,learn/windows-ce-5.0,learn/windows-ce-net-4x	Cardserv.h.,Cardserv.h	card_client_handle,card_config_info,card_data_parms,card_event,card_event_mask_parms,card_event_parms,card_isr,card_register_parms,card_socket_handle,card_status,card_tuple_parms,card_window_handle,card_window_parms,cardaccessconfigurationregister,cardderegisterclient,cardgeteventmask,cardgetfirsttuple,cardgetnexttuple,cardgetparsedtuple,cardgetstatus,cardgettupledata,cardmapwindow,cardmodifyconfiguration,cardmodifywindow,cardpoweroff,cardpoweron,cardregisterclient,cardreleaseconfiguration,cardreleaseexclusive,cardreleaseirq,cardreleasesocketmask,cardreleasewindow,cardrequestconfiguration,cardrequestexclusive,cardrequestirq,cardrequestsocketmask,cardrequestwindow,cardresetfunction,cardseteventmask,client_callback,pfn_detect_entry
Cardsv2.h	39	learn/windows-ce-5.0,msdn-library/2010-05/windows-ce-5.0	Cardsv2.h.,Cardsv2.h	card_config_info,card_data_parms,card_event_mask_parms,card_event_parms,card_register_parms,card_status,card_tuple_parms,card_window_address,card_window_handle,card_window_parms,cardaccessconfigurationregister,cardderegisterclient,cardgeteventmask,cardgetfirsttuple,cardgetnexttuple,cardgetparsedtuple,cardgetstatus,cardgettupledata,cardmapwindow,cardmapwindowphysical,cardmodifyconfiguration,cardmodifywindow,cardregisterclient,cardreleaseconfiguration,cardreleaseexclusive,cardreleaseirq,cardreleasewindow,cardrequestconfigregisterphaddr,cardrequestconfiguration,cardrequestdisable,cardrequestexclusive,cardrequestirqline,cardrequestwindow,cardresetfunction,cardseteventmask,enumcard,enumsocket,getsocketindex,getsocketstatus
CcBootstrap.idl	7	learn/windows-ce-5.0	CcBootstrap.idl.	iccbootstrap,iccbootstrapdeviceinfo,iccbootstrapdownload,iccbootstrapgetdeviceinfo,iccbootstrapgetfile,iccbootstrapgetfileinfo,iccbootstraplaunch
CcCeshCB.h	4	learn/windows-ce-5.0	CcCeshCB.h.	iccceshcb,iccceshcbcmdout,iccceshcbfindfile,iccceshcbgetcommand
CcConnection.h	27	learn/windows-ce-5.0	CcConnection.h.	iccconnection,iccconnectioncloseprocesshandle,iccconnectionconnectdevice,iccconnectioncreatestream,iccconnectiondeletedirectory,iccconnectiondeviceid,iccconnectiondisconnectdevice,iccconnectiondownloadpackage,iccconnectionenumerateprocess,iccconnectiongetfileinfo,iccconnectiongetprocessexitcode,iccconnectiongetsysteminfo,iccconnectionisconnected,iccconnectionlaunchprocess,iccconnectionmakedirectory,iccconnectionreceivefile,iccconnectionregistrycreatekey,iccconnectionregistydeletekey,iccconnectionregistydeletevalue,iccconnectionregistyqueryvalue,iccconnectionregistysetvalue,iccconnectionremovefile,iccconnectionsearchfilesystem,iccconnectionsendfile,iccconnectionsetfileinfo,iccconnectionterminateprocess,iccconnectionverifyfilesinstalled
CcDatastore.h	66	learn/windows-ce-5.0	CcDatastore.h.	icccollection,icccollectionget_count,icccollectionget_item,icccollectionget_newenum,iccdatastore,iccdatastoreget_devicecontainer,iccdatastoreget_osimagecontainer,iccdatastoreget_packagecontainer,iccdatastoreget_platformcontainer,iccdatastoreget_propertycontainer,iccdatastoreget_servicecategorycontainer,iccdatastoreget_version,iccdatastoreregisterrefreshevent,iccdatastoresave,iccdatastoreunregisterrefreshevent,iccdevice,iccdeviceclearosimage,iccdeviceclearservicemap,iccdevicecontainer,iccdevicegetosimage,iccdevicegetservicemap,iccdevicesetosimage,iccdevicesetservicemap,iccfile,iccfilecontainer,iccfileget_filecontainer,iccfileget_iscollection,iccfilemakecollection,iccformfactor,iccformfactorcontainer,iccobject,iccobjectcontainer,iccobjectcontaineraddobject,iccobjectcontainerdeleteobject,iccobjectcontainerenumerateobjects,iccobjectcontainerfindobject,iccobjectget_isprotected,iccobjectget_propertycontainer,iccobjectid,iccobjectname,iccosimage,iccosimagecontainer,iccosimagesupportedplatform,iccpackage,iccpackagecontainer,iccpackagepackagetypecontainer,iccpackagetype,iccpackagetypecontainer,iccpackagetypefilecontainer,iccplatform,iccplatformcontainer,iccplatformdevicecontainer,iccplatformformfactorcontainer,iccplatformprojectcontainer,iccproject,iccprojectcontainer,iccproperty,iccpropertyaddpropertycontainer,iccpropertycontainer,iccpropertyvalue,iccservicecategory,iccservicecategorycontainer,iccservicecategoryserviceinfocontainer,iccserviceinfo,iccserviceinfocontainer,icctypetoarchitecturemap
CcDbgMsgCB.idl	2	learn/windows-ce-5.0	CcDbgMsgCB.idl.	iccdbgmsgcb,iccdbgmsgcbmsgout
CcKitl.h	5	learn/windows-ce-5.0	CcKitl.h.	icckitl,icckitlbootflags,icckitldebugbreak,icckitlreset,icckitltransportid
CcServer.h	6	learn/windows-ce-5.0	CcServer.h.	iccserver,iccserverenumerateconnections,iccservergetconnection,iccservergetconnectionfromid,iccservergetdatastore,iccserverlocale
CcService.h	11	learn/windows-ce-5.0	CcService.h.	iccservice,iccserviceabort,iccservicecategoryid,iccserviceclsid,iccserviceconnect,iccservicedevice,iccservicedisconnect,iccservicegetcurrentstate,iccserviceinitialize,iccservicelockservice,iccserviceunlockservice
CcServiceCB.h	3	learn/windows-ce-5.0	CcServiceCB.h.	iccservicecb,iccservicecbonprogressnotify,iccservicecbonstatuschangenotify
CcServiceConfigure.h	5	learn/windows-ce-5.0	CcServiceConfigure.h.	iccserviceconfigure,iccserviceconfigureconfigure,iccserviceconfiguregetproperty,iccserviceconfiguregetserviceparamsshort,iccserviceconfiguresetproperty
CcSvcHost.h	5	learn/windows-ce-5.0	CcSvcHost.h.	iccsvchost,iccsvchostdisplayservices,iccsvchostgetdevicestate,iccsvchostgetservice,iccsvchostversion
CcTransport.idl	15	learn/windows-ce-5.0	CcTransport.idl.	icctransport,icctransportbandwidth,icctransportcreatestream,icctransportinit,icctransportinitinitialize,icctransportmtu,icctransportstream,icctransportstreambuffering,icctransportstreamdisconnect,icctransportstreamid,icctransportstreamisconnected,icctransportstreamisdataavailable,icctransportstreamrecv,icctransportstreamsend,icctransportsupportsnonuniquestreamid
Cchannel.h	16	chm/windows-ce-5.0/wcerdp5/html,learn/windows-ce-5.0,learn/windows-ce-net-4x	Cchannel.h.	channel_entry_points,channel_entry_points_ex,virtualchannelclose,virtualchannelcloseex,virtualchannelentry,virtualchannelentryex,virtualchannelinit,virtualchannelinitevent,virtualchanneliniteventex,virtualchannelinitex,virtualchannelopen,virtualchannelopenevent,virtualchannelopeneventex,virtualchannelopenex,virtualchannelwrite,virtualchannelwriteex
Cdioctl.h	19	learn/windows-ce-5.0,learn/windows-ce-net-4x,msdn-library/2010-05/windows-ce-5.0	Cdioctl.h.	cd_sense_data,cdrom_discinfo,cdrom_play_audio_msf,cdrom_read,cdrom_testunitready,cdrom_toc,ioctl_cdrom_disc_info,ioctl_cdrom_eject_media,ioctl_cdrom_get_sense_data,ioctl_cdrom_issue_inquiry,ioctl_cdrom_pause_audio,ioctl_cdrom_play_audio_msf,ioctl_cdrom_read_sg,ioctl_cdrom_read_toc,ioctl_cdrom_resume_audio,ioctl_cdrom_seek_audio_msf,ioctl_cdrom_stop_audio,ioctl_cdrom_test_unit_ready,sgx_buf
Ce_setup.h	4	chm/windows-ce-3.0,learn/windows-ce-5.0	Ce_setup.h.,Ce_setup.h	install_exit,install_init,uninstall_exit,uninstall_init
Cecap.h	8	chm/windows-ce-4.2/remtools/htm,learn/windows-ce-5.0	Cecap.h.	commentmarkatprofile,commentmarkprofile,markprofile,nameprofile,resumeprofile,startprofile,stopprofile,suspendprofile
Ceddk.h	32	chm/windows-ce-3.0,learn/windows-ce-5.0,learn/windows-ce-net-4x	Ceddk.h,Ceddk.h.	halgetbusdata,halgetbusdatabyoffset,halsetbusdata,halsetbusdatabyoffset,haltranslatebusaddress,mmmapiospace,mmunmapiospace,pci_common_config,read_port_buffer_uchar,read_port_buffer_ulong,read_port_buffer_ushort,read_port_uchar,read_port_ulong,read_port_ushort,read_register_buffer_uchar,read_register_buffer_ulong,read_register_buffer_ushort,read_register_uchar,read_register_ulong,read_register_ushort,write_port_buffer_uchar,write_port_buffer_ulong,write_port_buffer_ushort,write_port_uchar,write_port_ulong,write_port_ushort,write_register_buffer_uchar,write_register_buffer_ulong,write_register_buffer_ushort,write_register_uchar,write_register_ulong,write_register_ushort
Celog.h	77	chm/windows-ce-3.0,chm/windows-ce-5.0/wcecore5/html,learn/windows-ce-5.0,learn/windows-ce-net-4x	Celog.h.,Celog.h	cel_critsec_delete,cel_critsec_enter,cel_critsec_init,cel_critsec_leave,cel_data_loss,cel_debug_msg,cel_event_close,cel_event_create,cel_event_delete,cel_event_pulse,cel_event_reset,cel_event_set,cel_extra_module_info,cel_extra_process_info,cel_header,cel_heap_alloc,cel_heap_create,cel_heap_destroy,cel_heap_free,cel_heap_realloc,cel_int_data,cel_interrupts,cel_log_marker,cel_mapfile_create,cel_mapfile_destroy,cel_mapfile_flush,cel_mapfile_view_close,cel_mapfile_view_open,cel_mapflush_type,cel_memtrack_baseline,cel_module_free,cel_module_load,cel_module_references,cel_mutex_close,cel_mutex_create,cel_mutex_delete,cel_mutex_release,cel_process_close,cel_process_create,cel_process_delete,cel_process_refcount,cel_process_terminate,cel_sem_close,cel_sem_create,cel_sem_delete,cel_sem_release,cel_sleep,cel_system_invert,cel_system_page,cel_system_tlb,cel_thread_close,cel_thread_create,cel_thread_delete,cel_thread_migrate,cel_thread_priority,cel_thread_quantum,cel_thread_resume,cel_thread_suspend,cel_thread_switch,cel_thread_terminate,cel_virtual_alloc,cel_virtual_copy,cel_virtual_free,cel_wait_multi,celogdata,celoggetzones,celoginit,celoginterrupt,celogmsg,celogresync,celogsetzones,celogthreadmigrate,dwcelogflushtimeout,dwceloglargebuf,dwcelogsmallbuf,mapheader,ncelogthreadprio
Cemgr.idl	1	chm/windows-ce-4.2/remtools/htm,learn/windows-ce-5.0	Cemgr.idl.	package_file_info
Cesync.h	62	chm/windows-ce-3.0,chm/windows-ce-5.0/wceactsync5/html,chm/windows-ce-5.0/wcedcom5/html,learn/windows-ce-5.0,learn/windows-ce-net-4x,msdn-library/techshelps/CEGUIDE/devdoc/good/wince,msdn-library/wcedevcon-99/wcesdkr	Cesync.h.,Cesync.h	confinfo,devinfo,findobjects,findobjinfo,getobjtypeinfo,hreplfld,hreplitem,hreplobj,ienumreplitem,ienumreplitemclone,ienumreplitemgetfolderhandle,ienumreplitemnext,ienumreplitemreset,ienumreplitemskip,initobjtype,install_exit,install_init,ireplnotify,ireplnotifygetwindow,ireplnotifyonitemcompleted,ireplnotifyonitemnotify,ireplnotifyquerydevice,ireplnotifysetstatustext,ireplobjhandler,ireplobjhandlerdeleteobj,ireplobjhandlergetpacket,ireplobjhandlerreset,ireplobjhandlersetpacket,ireplobjhandlersetup,ireplstore,ireplstoreactivatedialog,ireplstorebytestoobject,ireplstorecompareitem,ireplstorecomparestoreids,ireplstorecopyobject,ireplstorefindfirstitem,ireplstorefinditemclose,ireplstorefindnextitem,ireplstorefreeobject,ireplstoregetconflictinfo,ireplstoregetfolderinfo,ireplstoregetobjtypeuidata,ireplstoregetstoreinfo,ireplstoreinitialize,ireplstoreisfolderchanged,ireplstoreisitemchanged,ireplstoreisitemreplicated,ireplstoreisvalidobject,ireplstoreobjecttobytes,ireplstoreremoveduplicates,ireplstorereportstatus,ireplstoreupdateitem,objectnotify,objnotify,objtypeinfo,objuidata,replsetup,reportstatus,storeinfo,syncdata,uninstall_exit,uninstall_init
Ceutil.h	18	chm/windows-ce-3.0,chm/windows-ce-5.0/wceactsync5/html,learn/windows-ce-5.0,learn/windows-ce-net-4x	Ceutil.h.,Ceutil.h	cegetdeviceid,cegetselecteddeviceid,cesvcadd,cesvcclose,cesvcdelete,cesvcdeleteval,cesvcenumprofiles,cesvcgetbinary,cesvcgetdword,cesvcgetstring,cesvcopen,cesvcopenex,cesvcqueryinfo,cesvcremove,cesvcsetbinary,cesvcsetdword,cesvcsetstring,objectnotify
Cmedia.h	1	learn/windows-embedded-ce-6.0	Cmedia.h	cs_dataformat_videoinfoheader
Cmnintr.h	4	learn/windows-ce-5.0,learn/windows-ce-net-4x	Cmnintr.h.	_intrinsic_is_helper,_intrinsic_is_inline,_intrinsic_is_safe,_intrinsic_is_supported
Cmnintrin.h	40	learn/windows-ce-5.0,learn/windows-ce-net-4x	Cmnintrin.h.	__assume,__debugbreak,__emul,__emulu,__ll_lshift,__ll_rshift,__noop,__regsize,__ull_rshift,_byteswap_uint64,_byteswap_ulong,_byteswap_ushort,_cacherelease,_cachewriteback,_copydoublefromint64,_copyfloatfromint32,_copyint32fromfloat,_copyint64fromdouble,_countleadingones,_countleadingones64,_countleadingsigns,_countleadingsigns64,_countleadingzeros,_countleadingzeros64,_countonebits,_countonebits64,_debugbreak,_disable,_enable,_icacherefresh,_isunordered,_isunorderedf,_mulhigh,_mulunsignedhigh,_prefetch,_readwritebarrier,_returnaddress,_trap,_writebarrier,muldiv
Comboboxview.hpp	4	chm/windows-ce-5.0/wceui5/html,learn/windows-ce-5.0,learn/windows-ce-net-4x	Comboboxview.hpp.	comboboxview_t,comboboxview_tdrawfocus,comboboxview_ttopcoordinate,comboboxview_twindowstylecustomization
Comcat.h, Comcat.idl	14	chm/windows-ce-5.0/wcedcom5/html,learn/windows-ce-5.0,learn/windows-ce-net-4x	Comcat.h, Comcat.idl.	icatinformation,icatinformationenumcategories,icatinformationenumclassesofcategories,icatinformationenumimplcategoriesofclass,icatinformationenumreqcategoriesofclass,icatinformationgetcategorydesc,icatinformationisclassofcategories,icatregister,icatregisterregistercategories,icatregisterregisterclassimplcategories,icatregisterregisterclassreqcategories,icatregisterunregistercategories,icatregisterunregisterclassimplcategories,icatregisterunregisterclassreqcategories
Commctrl.h	832	chm/windows-ce-3.0,chm/windows-ce-5.0/wcemouse5/html,chm/windows-ce-5.0/wceui5/html,learn/windows-ce-5.0,learn/windows-ce-net-4x,msdn-library/techshelps/CEGUIDE/devdoc/good/wince,msdn-library/wcedevcon-99/wcesdkr,win32/api/commctrl,win32/api/commoncontrols	Commctrl.h.,Commctrl.h	acm_open,acm_play,acm_stop,acn_start,acn_stop,animate_close,animate_create,animate_open,animate_openex,animate_play,animate_seek,animate_stop,cem_enableupcase,cem_upcaseallwords,commandbands_addadornments,commandbands_addbands,commandbands_create,commandbands_getcommandbar,commandbands_getrestoreinformation,commandbands_height,commandbands_isvisible,commandbands_show,commandbandsrestoreinfo,commandbar_addadornments,commandbar_addbitmap,commandbar_addbuttons,commandbar_addtooltips,commandbar_alignadornments,commandbar_create,commandbar_destroy,commandbar_drawmenubar,commandbar_getmenu,commandbar_height,commandbar_insertbutton,commandbar_insertcombobox,commandbar_insertmenubar,commandbar_insertmenubarex,commandbar_isvisible,commandbar_show,commdlgextendederror,createstatuswindow,createtoolbarex,createupdowncontrol,datetime_getmonthcal,datetime_getmonthcalcolor,datetime_getmonthcalfont,datetime_getrange,datetime_getsystemtime,datetime_setformat,datetime_setmonthcalcolor,datetime_setmonthcalfont,datetime_setrange,datetime_setsystemtime,drawstatustext,dtm_getmccolor,dtm_getmcfont,dtm_getmonthcal,dtm_getrange,dtm_getsystemtime,dtm_setformat,dtm_setmccolor,dtm_setmcfont,dtm_setrange,dtm_setsystemtime,dtn_closeup,dtn_datetimechange,dtn_dropdown,dtn_format,dtn_formatquery,dtn_userstring,dtn_wmkeydown,forward_wm_notify,getopenfilename,handle_wm_notify,hd_hittestinfo,hd_item,hd_layout,hd_notify,hdhittestinfo,hditem,hdlayout,hdm_createdragimage,hdm_deleteitem,hdm_getimagelist,hdm_getitem,hdm_getitemcount,hdm_getitemrect,hdm_getorderarray,hdm_hittest,hdm_insertitem,hdm_layout,hdm_ordertoindex,hdm_sethotdivider,hdm_setimagelist,hdm_setitem,hdm_setorderarray,hdn_begindrag,hdn_begintrack,hdn_dividerdblclick,hdn_enddrag,hdn_endtrack,hdn_getdispinfo,hdn_itemchanged,hdn_itemchanging,hdn_itemclick,hdn_itemdblclick,hdn_track,header_createdragimage,header_deleteitem,header_getimagelist,header_getitem,header_getitemcount,header_getitemrect,header_getorderarray,header_insertitem,header_layout,header_ordertoindex,header_sethotdivider,header_setimagelist,header_setitem,header_setorderarray,iconinfo,imageinfo,imagelist_add,imagelist_addicon,imagelist_addmasked,imagelist_begindrag,imagelist_copy,imagelist_create,imagelist_destroy,imagelist_dragenter,imagelist_dragleave,imagelist_dragmove,imagelist_dragshownolock,imagelist_draw,imagelist_drawex,imagelist_drawindirect,imagelist_duplicate,imagelist_enddrag,imagelist_extracticon,imagelist_getbkcolor,imagelist_getdragimage,imagelist_geticon,imagelist_geticonsize,imagelist_getimagecount,imagelist_getimageinfo,imagelist_loadbitmap,imagelist_loadimage,imagelist_merge,imagelist_remove,imagelist_removeall,imagelist_replace,imagelist_replaceicon,imagelist_setbkcolor,imagelist_setdragcursorimage,imagelist_seticonsize,imagelist_setimagecount,imagelist_setoverlayimage,imagelistdrawparams,indextooverlaymask,indextostateimagemask,initcommoncontrols,initcommoncontrolsex,listview_approximateviewrect,listview_arrange,listview_createdragimage,listview_deleteallitems,listview_deletecolumn,listview_deleteitem,listview_editlabel,listview_enablegroupview,listview_ensurevisible,listview_finditem,listview_getbkcolor,listview_getbkimage,listview_getcallbackmask,listview_getcheckstate,listview_getcolumn,listview_getcolumnorderarray,listview_getcolumnwidth,listview_getcountperpage,listview_geteditcontrol,listview_getextendedlistviewstyle,listview_getgroupcount,listview_getgroupinfo,listview_getgroupinfobyindex,listview_getgroupmetrics,listview_getheader,listview_getimagelist,listview_getisearchstring,listview_getitem,listview_getitemcount,listview_getitemposition,listview_getitemrect,listview_getitemspacing,listview_getitemstate,listview_getitemtext,listview_getnextitem,listview_getorigin,listview_getselectedcount,listview_getselectionmark,listview_getstringwidth,listview_getsubitemrect,listview_gettextbkcolor,listview_gettextcolor,listview_gettooltips,listview_gettopindex,listview_getviewrect,listview_hasgroup,listview_hittest,listview_insertcolumn,listview_insertgroup,listview_insertgroupsorted,listview_insertitem,listview_isgroupviewenabled,listview_mapidtoindex,listview_mapindextoid,listview_movegroup,listview_moveitemtogroup,listview_redrawitems,listview_removeallgroups,listview_removegroup,listview_scroll,listview_setbkcolor,listview_setbkimage,listview_setcallbackmask,listview_setcolumn,listview_setcolumnorderarray,listview_setcolumnwidth,listview_setextendedlistviewstyle,listview_setextendedlistviewstyleex,listview_setgroupinfo,listview_setgroupmetrics,listview_seticonspacing,listview_setimagelist,listview_setinfotip,listview_setitem,listview_setitemcount,listview_setitemcountex,listview_setitemposition,listview_setitemposition32,listview_setitemstate,listview_setitemtext,listview_setselectionmark,listview_settextbkcolor,listview_settextcolor,listview_settooltips,listview_sortgroups,listview_sortitems,listview_subitemhittest,listview_update,lv_column,lv_dispinfo,lv_findinfo,lv_hittestinfo,lv_item,lv_keydown,lvbkimage,lvcolumn,lvfindinfo,lvgroup,lvgroupmetrics,lvhittestinfo,lvinsertgroupsorted,lvitem,lvm_approximateviewrect,lvm_arrange,lvm_createdragimage,lvm_deleteallitems,lvm_deletecolumn,lvm_deleteitem,lvm_editlabel,lvm_enablegroupview,lvm_ensurevisible,lvm_finditem,lvm_getbkcolor,lvm_getbkimage,lvm_getcallbackmask,lvm_getcolumn,lvm_getcolumnorderarray,lvm_getcolumnwidth,lvm_getcountperpage,lvm_geteditcontrol,lvm_getextendedlistviewstyle,lvm_getgroupcount,lvm_getgroupinfo,lvm_getgroupinfobyindex,lvm_getgroupmetrics,lvm_getheader,lvm_getimagelist,lvm_getisearchstring,lvm_getitem,lvm_getitemcount,lvm_getitemposition,lvm_getitemrect,lvm_getitemspacing,lvm_getitemstate,lvm_getitemtext,lvm_getnextitem,lvm_getnumberofworkareas,lvm_getorigin,lvm_getselectedcount,lvm_getselectionmark,lvm_getstringwidth,lvm_getsubitemrect,lvm_gettextbkcolor,lvm_gettextcolor,lvm_gettooltips,lvm_gettopindex,lvm_getviewrect,lvm_getworkareas,lvm_hasgroup,lvm_hittest,lvm_insertcolumn,lvm_insertgroup,lvm_insertgroupsorted,lvm_insertitem,lvm_isgroupviewenabled,lvm_mapidtoindex,lvm_mapindextoid,lvm_movegroup,lvm_moveitemtogroup,lvm_redrawitems,lvm_removeallgroups,lvm_removegroup,lvm_scroll,lvm_setbkcolor,lvm_setbkimage,lvm_setcallbackmask,lvm_setcolumn,lvm_setcolumnorderarray,lvm_setcolumnwidth,lvm_setextendedlistviewstyle,lvm_setgroupinfo,lvm_setgroupmetrics,lvm_seticonspacing,lvm_setimagelist,lvm_setinfotip,lvm_setitem,lvm_setitemcount,lvm_setitemposition,lvm_setitemposition32,lvm_setitemstate,lvm_setitemtext,lvm_setselectionmark,lvm_settextbkcolor,lvm_settextcolor,lvm_settooltips,lvm_setworkareas,lvm_sortgroups,lvm_sortitems,lvm_subitemhittest,lvm_update,lvn_begindrag,lvn_beginlabeledit,lvn_columnclick,lvn_deleteallitems,lvn_deleteitem,lvn_enddrag,lvn_endlabeledit,lvn_getdispinfo,lvn_getinfotip,lvn_insertitem,lvn_itemactivate,lvn_itemchanged,lvn_itemchanging,lvn_keydown,lvn_marqueebegin,lvn_odcachehint,lvn_odfinditem,lvn_odstatechanged,lvn_setdispinfo,lvsetinfotip,mchittestinfo,mcm_getcolor,mcm_getcursel,mcm_getfirstdayofweek,mcm_getmaxnonewidth,mcm_getmaxselcount,mcm_getmaxtodaywidth,mcm_getminreqrect,mcm_getmonthdelta,mcm_getmonthrange,mcm_getrange,mcm_getselrange,mcm_gettoday,mcm_hittest,mcm_setcolor,mcm_setcursel,mcm_setdaystate,mcm_setfirstdayofweek,mcm_setmaxselcount,mcm_setmonthdelta,mcm_setrange,mcm_setselrange,mcm_settoday,mcn_getdaystate,mcn_selchange,mcn_select,mcn_selectnone,monthcal_getcolor,monthcal_getcursel,monthcal_getfirstdayofweek,monthcal_getmaxselcount,monthcal_getmaxtodaywidth,monthcal_getminreqrect,monthcal_getmonthdelta,monthcal_getmonthrange,monthcal_getrange,monthcal_getselrange,monthcal_gettoday,monthcal_hittest,monthcal_setcolor,monthcal_setcursel,monthcal_setdaystate,monthcal_setfirstdayofweek,monthcal_setmaxselcount,monthcal_setmonthdelta,monthcal_setrange,monthcal_setselrange,monthcal_settoday,nm_click,nm_customdraw,nm_dblclk,nm_hover,nm_keydown,nm_killfocus,nm_listview,nm_nchittest,nm_outofmemory,nm_rclick,nm_rdblclk,nm_return,nm_setfocus,nm_treeview,nm_updown,nmcustomdraw,nmdatetimechange,nmdatetimeformat,nmdatetimeformatquery,nmdatetimestring,nmdatetimewmkeydown,nmdaystate,nmhddispinfo,nmheader,nmkey,nmlistview,nmlvcachehint,nmlvcustomdraw,nmlvfinditem,nmlvgetinfotip,nmlvkeydown,nmlvodstatechange,nmmouse,nmrbautosize,nmrebar,nmselchange,nmtckeydown,nmtoolbar,nmttcustomdraw,nmttdispinfo,nmtvcustomdraw,nmtvkeydown,nmupdown,pbm_deltapos,pbm_getpos,pbm_getrange,pbm_setpos,pbm_setrange,pbm_setrange32,pbm_setstep,pbm_stepit,pbrange,psm_addpage,psm_apply,psm_canceltoclose,psm_changed,psm_getcurrentpagehwnd,psm_gettabcontrol,psm_isdialogmessage,psm_pressbutton,psm_querysiblings,psm_rebootsystem,psm_removepage,psm_restartwindows,psm_setcursel,psm_setcurselid,psm_setfinishtext,psm_settitle,psm_setwizbuttons,psm_unchanged,rb_deleteband,rb_getbandborders,rb_getbandcount,rb_getbandinfo,rb_getbarheight,rb_getbarinfo,rb_getbkcolor,rb_getrect,rb_getrowcount,rb_getrowheight,rb_gettextcolor,rb_hittest,rb_idtoindex,rb_insertband,rb_maximizeband,rb_minimizeband,rb_setbandinfo,rb_setbarinfo,rb_setbkcolor,rb_setparent,rb_settextcolor,rb_showband,rb_sizetorect,rbhittestinfo,rbn_autosize,rbn_begindrag,rbn_enddrag,rbn_heightchange,rbn_layoutchanged,rebarbandinfo,rebarinfo,sb_getborders,sb_geticon,sb_getparts,sb_getrect,sb_gettext,sb_gettextlength,sb_issimple,sb_setbkcolor,sb_seticon,sb_setminheight,sb_setparts,sb_settext,sb_simple,sbm_getpos,sbm_getrange,sbm_getscrollinfo,sbm_setpos,sbm_setrange,sbm_setrangeredraw,sbm_setscrollinfo,sbn_simplemodechange,shgetdocumentsfolder,stm_getimage,stm_setimage,stn_clicked,stn_disable,stn_enable,tabctrl_adjustrect,tabctrl_deleteallitems,tabctrl_deleteitem,tabctrl_deselectall,tabctrl_getcurfocus,tabctrl_getcursel,tabctrl_getextendedstyle,tabctrl_getimagelist,tabctrl_getitem,tabctrl_getitemcount,tabctrl_getitemrect,tabctrl_getrowcount,tabctrl_highlightitem,tabctrl_hittest,tabctrl_insertitem,tabctrl_removeimage,tabctrl_setcurfocus,tabctrl_setcursel,tabctrl_setextendedstyle,tabctrl_setimagelist,tabctrl_setitem,tabctrl_setitemextra,tabctrl_setitemsize,tabctrl_setmintabwidth,tabctrl_setpadding,tb_addbitmap,tb_addbuttons,tb_addstring,tb_autosize,tb_buttoncount,tb_buttonstructsize,tb_changebitmap,tb_checkbutton,tb_commandtoindex,tb_deletebutton,tb_enablebutton,tb_getbitmap,tb_getbitmapflags,tb_getbutton,tb_getbuttoninfo,tb_getbuttonsize,tb_getbuttontext,tb_getdisabledimagelist,tb_getimagelist,tb_getitemrect,tb_getrect,tb_getrows,tb_getstate,tb_getstyle,tb_gettextrows,tb_gettooltips,tb_hidebutton,tb_highlightbutton,tb_indeterminate,tb_insertbutton,tb_isbuttonchecked,tb_isbuttonenabled,tb_isbuttonhidden,tb_isbuttonhighlighted,tb_isbuttonindeterminate,tb_isbuttonpressed,tb_loadimages,tb_pressbutton,tb_replacebitmap,tb_setbitmapsize,tb_setbuttoninfo,tb_setbuttonsize,tb_setbuttonwidth,tb_setcmdid,tb_setdisabledimagelist,tb_setdrawtextflags,tb_setimagelist,tb_setindent,tb_setmaxtextrows,tb_setparent,tb_setrows,tb_setstate,tb_setstyle,tb_settooltips,tbaddbitmap,tbbutton,tbbuttoninfo,tbm_clearsel,tbm_cleartics,tbm_getbuddy,tbm_getchannelrect,tbm_getlinesize,tbm_getnumtics,tbm_getpagesize,tbm_getpos,tbm_getptics,tbm_getrangemax,tbm_getrangemin,tbm_getselend,tbm_getselstart,tbm_getthumblength,tbm_getthumbrect,tbm_gettic,tbm_getticpos,tbm_setbuddy,tbm_setlinesize,tbm_setpagesize,tbm_setpos,tbm_setrange,tbm_setrangemax,tbm_setrangemin,tbm_setsel,tbm_setselend,tbm_setselstart,tbm_setthumblength,tbm_settic,tbm_setticfreq,tbn_begindrag,tbn_dragout,tbn_dropdown,tbn_enddrag,tbn_getbuttoninfo,tbnotify,tbreplacebitmap,tc_hittestinfo,tc_item,tc_itemheader,tc_keydown,tchittestinfo,tcitem,tcitemheader,tcm_adjustrect,tcm_deleteallitems,tcm_deleteitem,tcm_deselectall,tcm_getcurfocus,tcm_getcursel,tcm_getextendedstyle,tcm_getimagelist,tcm_getitem,tcm_getitemcount,tcm_getitemrect,tcm_getrowcount,tcm_highlightitem,tcm_hittest,tcm_insertitem,tcm_removeimage,tcm_setcurfocus,tcm_setcursel,tcm_setextendedstyle,tcm_setimagelist,tcm_setitem,tcm_setitemextra,tcm_setitemsize,tcm_setmintabwidth,tcm_setpadding,tcn_keydown,tcn_selchange,tcn_selchanging,toolinfo,treeview_createdragimage,treeview_deleteallitems,treeview_deleteitem,treeview_editlabel,treeview_endeditlabelnow,treeview_ensurevisible,treeview_expand,treeview_getchild,treeview_getcount,treeview_getdrophilight,treeview_getdrophilite,treeview_geteditcontrol,treeview_getfirstvisible,treeview_getimagelist,treeview_getindent,treeview_getisearchstring,treeview_getitem,treeview_getitemrect,treeview_getnextitem,treeview_getnextsibling,treeview_getnextvisible,treeview_getparent,treeview_getprevsibling,treeview_getprevvisible,treeview_getroot,treeview_getselection,treeview_getvisiblecount,treeview_hittest,treeview_insertitem,treeview_select,treeview_selectdroptarget,treeview_selectitem,treeview_selectsetfirstvisible,treeview_setimagelist,treeview_setindent,treeview_setitem,treeview_sortchildren,treeview_sortchildrencb,tthittestinfo,ttm_activate,ttm_addtool,ttm_deltool,ttm_enumtools,ttm_getcurrenttool,ttm_getdelaytime,ttm_getmargin,ttm_getmaxtipwidth,ttm_gettext,ttm_gettipbkcolor,ttm_gettoolcount,ttm_gettoolinfo,ttm_hittest,ttm_newtoolrect,ttm_pop,ttm_relayevent,ttm_setdelaytime,ttm_setmargin,ttm_setmaxtipwidth,ttm_settipbkcolor,ttm_settiptextcolor,ttm_settoolinfo,ttm_trackactivate,ttm_trackposition,ttm_updatetiptext,ttm_windowfrompoint,ttn_getdispinfo,ttn_needtext,ttn_pop,ttn_show,tv_dispinfo,tv_hittestinfo,tv_insertstruct,tv_item,tv_keydown,tv_sortcb,tvhittestinfo,tvinsertstruct,tvitem,tvm_createdragimage,tvm_deleteitem,tvm_editlabel,tvm_endeditlabelnow,tvm_ensurevisible,tvm_expand,tvm_getcount,tvm_geteditcontrol,tvm_getimagelist,tvm_getindent,tvm_getisearchstring,tvm_getitem,tvm_getitemrect,tvm_getnextitem,tvm_getvisiblecount,tvm_hittest,tvm_insertitem,tvm_selectitem,tvm_setimagelist,tvm_setindent,tvm_setitem,tvm_setitemspacing,tvm_sortchildren,tvm_sortchildrencb,tvn_begindrag,tvn_beginlabeledit,tvn_deleteitem,tvn_endlabeledit,tvn_getdispinfo,tvn_itemexpanded,tvn_itemexpanding,tvn_keydown,tvn_selchanged,tvn_selchanging,tvn_setdispinfo,tvsortcb,udaccel,udm_getaccel,udm_getbase,udm_getbuddy,udm_getpos,udm_getrange,udm_getrange32,udm_setaccel,udm_setbase,udm_setbuddy,udm_setpos,udm_setrange,udm_setrange32,udn_deltapos
Commctrl.h, Prsht.h, Shlguid.h	2	chm/windows-ce-5.0/wceui5/html,learn/windows-ce-5.0	Commctrl.h, Prsht.h, Shlguid.h.	filechangenotify,wm_filechangeinfo
Commctrl.h.Se	1	chm/windows-ce-5.0/wceui5/html,learn/windows-ce-5.0	Commctrl.h.Se	listview_getextendedlistviewstyle
Commctrlview.hpp	2	chm/windows-ce-5.0/wceui5/html,learn/windows-ce-5.0,learn/windows-ce-net-4x	Commctrlview.hpp.	commctrlview_t,commctrlview_tinit
Commdlg.h	20	chm/windows-ce-3.0,chm/windows-ce-5.0/wceui5/html,learn/windows-ce-5.0,learn/windows-ce-net-4x,msdn-library/techshelps/WCEMFC,msdn-library/wcedevcon-99/wcesdkr	Commdlg.h.,Commdlg.h	cchookproc,cdm_setdefext,cdn_typechange,cfhookproc,choosecolor,choosefont,commdlgextendederror,devnames,drvadvpagesetupdlg,findreplace,getopenfilename,getsavefilename,ofnotify,openfilename,pagepainthook,pagesetupdlg,pagesetuphook,printdlg,printhookproc,wm_choosefont_getlogfont
Connection.h, Cemgr.idl	19	chm/windows-ce-4.2/remtools/htm,learn/unclassified,learn/windows-ce-5.0	Connection.h, Cemgr.idl.	ipmconnection,ipmconnectioncloseallstreams,ipmconnectioncopypackage,ipmconnectioncopyqueuedfiles,ipmconnectioncreatestream,ipmconnectionfilecopy,ipmconnectionfiledelete,ipmconnectionfilegetinfo,ipmconnectiongetfile,ipmconnectiongetqueuecount,ipmconnectiongetsysteminfo,ipmconnectionid,ipmconnectionlaunch,ipmconnectionlocaleid,ipmconnectionplatformid,ipmconnectionqueuefile,ipmconnectionqueuepackage,ipmconnectionresetqueue,ipmconnectionsystemgetinfo
Connectionstream.h, Cemgr.idl	5	chm/windows-ce-4.2/remtools/htm,learn/windows-ce-5.0	Connectionstream.h, Cemgr.idl.	ipmconnectionstream,ipmconnectionstreamclose,ipmconnectionstreamreadbytes,ipmconnectionstreamreceive,ipmconnectionstreamsend
Console.h	1	chm/windows-ce-3.0,learn/windows-ce-net-4x	Console.h,Console.h.	ioctl_console_setcontrolchandler
Cpl.h	9	chm/windows-ce-3.0,chm/windows-ce-5.0/wceui5/html,learn/windows-ce-5.0,msdn-library/wcedevcon-99/wcesdkr	Cpl.h,Cpl.h.	cpl_dblclk,cpl_exit,cpl_getcount,cpl_init,cpl_newinquire,cpl_stop,cplapplet,cplinfo,newcplinfo
Cpu.h, Cemgr.idl	9	chm/windows-ce-4.2/remtools/htm,learn/unclassified,learn/windows-ce-5.0	Cpu.h, Cemgr.idl.	ipmcpu,ipmcpuarchitecture,ipmcpucpunum,ipmcpudefaultvalue,ipmcpuid,ipmcpulevel,ipmcpuname,ipmcpupagesize,ipmcputype
Cred.h	6	chm/windows-ce-5.0/wcecredentialmgr5/html,learn/windows-ce-5.0	Cred.h.	cred,creddelete,credfree,credread,credupdate,credwrite
Cred_prov.h	3	chm/windows-ce-5.0/wcecredentialmgr5/html,learn/windows-ce-5.0	Cred_prov.h.	handleblob,matchtarget,matchuser
Credmgr.h	4	chm/windows-ce-5.0/wcecredentialmgr5/html,learn/windows-ce-5.0	Credmgr.h.	cecredfree,cecredread,cecredwrite,credential
Ctblt.h	2	learn/windows-ce-5.0	Ctblt.h.	setcleartypebltgamma,setcleartypebltmasks
D3d8.h	131	learn/windows-ce-net-4x	D3d8.h.	direct3dcreate8,idirect3d8,idirect3d8checkdepthstencilmatch,idirect3d8checkdeviceformat,idirect3d8checkdevicemultisampletype,idirect3d8checkdevicetype,idirect3d8createdevice,idirect3d8enumadaptermodes,idirect3d8getadaptercount,idirect3d8getadapterdisplaymode,idirect3d8getadapteridentifier,idirect3d8getadaptermodecount,idirect3d8getadaptermonitor,idirect3d8getdevicecaps,idirect3d8registersoftwaredevice,idirect3dbasetexture8,idirect3dbasetexture8getlevelcount,idirect3dbasetexture8getlod,idirect3dbasetexture8setlod,idirect3ddevice8,idirect3ddevice8applystateblock,idirect3ddevice8beginscene,idirect3ddevice8beginstateblock,idirect3ddevice8capturestateblock,idirect3ddevice8clear,idirect3ddevice8copyrects,idirect3ddevice8createadditionalswapchain,idirect3ddevice8createdepthstencilsurface,idirect3ddevice8createimagesurface,idirect3ddevice8createindexbuffer,idirect3ddevice8createrendertarget,idirect3ddevice8createstateblock,idirect3ddevice8createtexture,idirect3ddevice8createvertexbuffer,idirect3ddevice8deletestateblock,idirect3ddevice8drawindexedprimitive,idirect3ddevice8drawindexedprimitiveup,idirect3ddevice8drawprimitive,idirect3ddevice8drawprimitiveup,idirect3ddevice8endscene,idirect3ddevice8endstateblock,idirect3ddevice8getavailabletexturemem,idirect3ddevice8getbackbuffer,idirect3ddevice8getclipplane,idirect3ddevice8getclipstatus,idirect3ddevice8getcreationparameters,idirect3ddevice8getcurrenttexturepalette,idirect3ddevice8getdepthstencilsurface,idirect3ddevice8getdevicecaps,idirect3ddevice8getdirect3d,idirect3ddevice8getdisplaymode,idirect3ddevice8getfrontbuffer,idirect3ddevice8getgammaramp,idirect3ddevice8getindices,idirect3ddevice8getinfo,idirect3ddevice8getlight,idirect3ddevice8getlightenable,idirect3ddevice8getmaterial,idirect3ddevice8getpaletteentries,idirect3ddevice8getrasterstatus,idirect3ddevice8getrenderstate,idirect3ddevice8getrendertarget,idirect3ddevice8getstreamsource,idirect3ddevice8gettexture,idirect3ddevice8gettexturestagestate,idirect3ddevice8gettransform,idirect3ddevice8getvertexshader,idirect3ddevice8getviewport,idirect3ddevice8lightenable,idirect3ddevice8multiplytransform,idirect3ddevice8present,idirect3ddevice8processvertices,idirect3ddevice8reset,idirect3ddevice8resourcemanagerdiscardbytes,idirect3ddevice8setclipplane,idirect3ddevice8setclipstatus,idirect3ddevice8setcurrenttexturepalette,idirect3ddevice8setcursorposition,idirect3ddevice8setcursorproperties,idirect3ddevice8setgammaramp,idirect3ddevice8setindices,idirect3ddevice8setlight,idirect3ddevice8setmaterial,idirect3ddevice8setpaletteentries,idirect3ddevice8setrenderstate,idirect3ddevice8setrendertarget,idirect3ddevice8setstreamsource,idirect3ddevice8settexture,idirect3ddevice8settexturestagestate,idirect3ddevice8settransform,idirect3ddevice8setvertexshader,idirect3ddevice8setviewport,idirect3ddevice8showcursor,idirect3ddevice8testcooperativelevel,idirect3ddevice8updatetexture,idirect3ddevice8validatedevice,idirect3dindexbuffer8,idirect3dindexbuffer8getdesc,idirect3dindexbuffer8lock,idirect3dindexbuffer8unlock,idirect3dresource8,idirect3dresource8freeprivatedata,idirect3dresource8getdevice,idirect3dresource8getpriority,idirect3dresource8getprivatedata,idirect3dresource8gettype,idirect3dresource8preload,idirect3dresource8setpriority,idirect3dresource8setprivatedata,idirect3dsurface8,idirect3dsurface8freeprivatedata,idirect3dsurface8getcontainer,idirect3dsurface8getdesc,idirect3dsurface8getdevice,idirect3dsurface8getprivatedata,idirect3dsurface8lockrect,idirect3dsurface8setprivatedata,idirect3dsurface8unlockrect,idirect3dswapchain8,idirect3dswapchain8getbackbuffer,idirect3dswapchain8present,idirect3dtexture8,idirect3dtexture8adddirtyrect,idirect3dtexture8getleveldesc,idirect3dtexture8getsurfacelevel,idirect3dtexture8lockrect,idirect3dtexture8unlockrect,idirect3dvertexbuffer8,idirect3dvertexbuffer8getdesc,idirect3dvertexbuffer8lock,idirect3dvertexbuffer8unlock
D3d8types.h	49	learn/windows-ce-net-4x	D3d8types.h.	d3dcolor_argb,d3dcolor_colorvalue,d3dcolor_rgba,d3dcolor_xrgb,d3dcull,d3ddebugmonitortokens,d3ddevice_creation_parameters,d3ddevtype,d3ddisplaymode,d3dfillmode,d3dfogmode,d3dformat,d3dfvf_texcoordsizen,d3dgammaramp,d3dindexbuffer_desc,d3dlight8,d3dlighttype,d3dlinepattern,d3dlocked_rect,d3dmaterial8,d3dmaterialcolorsource,d3dmatrix,d3dmultisample_type,d3dordertype,d3dpool,d3dpresent_parameters,d3dprimitivetype,d3drange,d3draster_status,d3drect,d3drenderstatetype,d3dresourcetype,d3dshademode,d3dstateblocktype,d3dsurface_desc,d3dswapeffect,d3dtextureaddress,d3dtexturefiltertype,d3dtextureop,d3dtexturestagestatetype,d3dtexturetransformflags,d3dtransformstatetype,d3dts_world,d3dts_worldmatrix,d3dts_worldn,d3dvector,d3dvertexbuffer_desc,d3dviewport8,d3dzbuffertype
D3dcaps.h	3	learn/windows-ce-net-4x	D3dcaps.h.	d3dlightingcaps,d3dprimcaps,d3dtransformcaps
D3dhal.h	45	learn/windows-ce-net-4x	D3dhal.h.	d3ddevicedesc_v1,d3dhal_callbacks,d3dhal_callbacks3,d3dhal_clippedtrianglefan,d3dhal_contextcreatedata,d3dhal_contextdestroydata,d3dhal_d3dextendedcaps,d3dhal_dp2bufferblt,d3dhal_dp2clear,d3dhal_dp2command,d3dhal_dp2createlight,d3dhal_dp2drawindexedprimitive,d3dhal_dp2drawindexedprimitive2,d3dhal_dp2drawprimitive,d3dhal_dp2drawprimitive2,d3dhal_dp2ext,d3dhal_dp2indexedlinestrip,d3dhal_dp2indexedtrianglefan,d3dhal_dp2indexedtrianglelist,d3dhal_dp2indexedtrianglelist2,d3dhal_dp2indexedtrianglestrip,d3dhal_dp2multiplytransform,d3dhal_dp2pixelshader,d3dhal_dp2renderstate,d3dhal_dp2setclipplane,d3dhal_dp2setindices,d3dhal_dp2setlight,d3dhal_dp2setpalette,d3dhal_dp2setpriority,d3dhal_dp2setrendertarget,d3dhal_dp2setstreamsource,d3dhal_dp2settexlod,d3dhal_dp2settransform,d3dhal_dp2startvertex,d3dhal_dp2stateset,d3dhal_dp2texblt,d3dhal_dp2texturestagestate,d3dhal_dp2updatepalette,d3dhal_dp2vertexshader,d3dhal_dp2viewportinfo,d3dhal_dp2winfo,d3dhal_dp2zrange,d3dhal_drawprimitives2data,d3dhal_globaldriverdata,d3dhal_validatetexturestagestatedata
D3dm.h	114	chm/windows-ce-5.0/wced3dm5/html,learn/windows-ce-5.0	D3dm.h.	d3dmcreate_multithreaded,d3dmcurrent_display_mode,direct3dmobilecreate,idirect3dmobile,idirect3dmobilebasetexture,idirect3dmobilebasetexturegetlevelcount,idirect3dmobilebasetexturegetlod,idirect3dmobilebasetexturesetlod,idirect3dmobilecheckdepthstencilmatch,idirect3dmobilecheckdeviceformat,idirect3dmobilecheckdeviceformatconversion,idirect3dmobilecheckdevicemultisampletype,idirect3dmobilecheckdevicetype,idirect3dmobilecheckprofile,idirect3dmobilecreatedevice,idirect3dmobiledevice,idirect3dmobiledevicebeginscene,idirect3dmobiledeviceclear,idirect3dmobiledevicecolorfill,idirect3dmobiledevicecopyrects,idirect3dmobiledevicecreateadditionalswapchain,idirect3dmobiledevicecreatedepthstencilsurface,idirect3dmobiledevicecreateimagesurface,idirect3dmobiledevicecreateindexbuffer,idirect3dmobiledevicecreaterendertarget,idirect3dmobiledevicecreatetexture,idirect3dmobiledevicecreatevertexbuffer,idirect3dmobiledevicedrawindexedprimitive,idirect3dmobiledevicedrawprimitive,idirect3dmobiledeviceendscene,idirect3dmobiledevicegetavailabletexturemem,idirect3dmobiledevicegetbackbuffer,idirect3dmobiledevicegetclipstatus,idirect3dmobiledevicegetcreationparameters,idirect3dmobiledevicegetcurrenttexturepalette,idirect3dmobiledevicegetdepthstencilsurface,idirect3dmobiledevicegetdevicecaps,idirect3dmobiledevicegetdirect3d,idirect3dmobiledevicegetdisplaymode,idirect3dmobiledevicegetfrontbuffer,idirect3dmobiledevicegetindices,idirect3dmobiledevicegetinfo,idirect3dmobiledevicegetlight,idirect3dmobiledevicegetlightenable,idirect3dmobiledevicegetmaterial,idirect3dmobiledevicegetpaletteentries,idirect3dmobiledevicegetrenderstate,idirect3dmobiledevicegetrendertarget,idirect3dmobiledevicegetstreamsource,idirect3dmobiledevicegettexture,idirect3dmobiledevicegettexturestagestate,idirect3dmobiledevicegettransform,idirect3dmobiledevicegetviewport,idirect3dmobiledevicelightenable,idirect3dmobiledevicepresent,idirect3dmobiledeviceprocessvertices,idirect3dmobiledevicereset,idirect3dmobiledeviceresourcemanagerdiscardbytes,idirect3dmobiledevicesetclipstatus,idirect3dmobiledevicesetcurrenttexturepalette,idirect3dmobiledevicesetindices,idirect3dmobiledevicesetlight,idirect3dmobiledevicesetmaterial,idirect3dmobiledevicesetpaletteentries,idirect3dmobiledevicesetrenderstate,idirect3dmobiledevicesetrendertarget,idirect3dmobiledevicesetstreamsource,idirect3dmobiledevicesettexture,idirect3dmobiledevicesettexturestagestate,idirect3dmobiledevicesettransform,idirect3dmobiledevicesetviewport,idirect3dmobiledevicestretchrect,idirect3dmobiledevicetestcooperativelevel,idirect3dmobiledeviceupdatetexture,idirect3dmobiledevicevalidatedevice,idirect3dmobileenumadaptermodes,idirect3dmobilegetadaptercount,idirect3dmobilegetadapterdisplaymode,idirect3dmobilegetadapteridentifier,idirect3dmobilegetadaptermodecount,idirect3dmobilegetdevicecaps,idirect3dmobileindexbuffer,idirect3dmobileindexbuffergetdesc,idirect3dmobileindexbufferlock,idirect3dmobileindexbufferunlock,idirect3dmobileregistersoftwaredevice,idirect3dmobileresource,idirect3dmobileresourcegetdevice,idirect3dmobileresourcegetpriority,idirect3dmobileresourcegettype,idirect3dmobileresourcepreload,idirect3dmobileresourcesetpriority,idirect3dmobilesurface,idirect3dmobilesurfacegetcontainer,idirect3dmobilesurfacegetdc,idirect3dmobilesurfacegetdesc,idirect3dmobilesurfacegetdevice,idirect3dmobilesurfacelockrect,idirect3dmobilesurfacereleasedc,idirect3dmobilesurfaceunlockrect,idirect3dmobileswapchain,idirect3dmobileswapchaingetbackbuffer,idirect3dmobileswapchainpresent,idirect3dmobiletexture,idirect3dmobiletextureadddirtyrect,idirect3dmobiletexturegetleveldesc,idirect3dmobiletexturegetsurfacelevel,idirect3dmobiletexturelockrect,idirect3dmobiletextureunlockrect,idirect3dmobilevertexbuffer,idirect3dmobilevertexbuffergetdesc,idirect3dmobilevertexbufferlock,idirect3dmobilevertexbufferunlock,make_d3dmhresult
D3dmcaps.h	1	chm/windows-ce-5.0/wced3dm5/html,learn/windows-ce-5.0	D3dmcaps.h.	d3dmcaps
D3dmddk.h	65	learn/windows-ce-5.0	D3dmddk.h.	d3dm_clear,d3dm_colorfill,d3dm_command,d3dm_copyrect,d3dm_createcontext,d3dm_createcontext_data,d3dm_createcontext_ptr,d3dm_createlight,d3dm_createpalette,d3dm_createsurface,d3dm_createsurface_data,d3dm_createsurface_ptr,d3dm_destroycontext,d3dm_destroycontext_data,d3dm_destroycontext_ptr,d3dm_destroysurface,d3dm_destroysurface_data,d3dm_destroysurface_ptr,d3dm_dll_entry,d3dm_drawindexedprimitive,d3dm_drawprimitive,d3dm_drawprimitive_data,d3dm_drawprimitive_ptr,d3dm_getadapterinfo,d3dm_getadapterinfo_data,d3dm_getadapterinfo_ptr,d3dm_getinfo,d3dm_getinfo_data,d3dm_getinfo_ptr,d3dm_indexbuffer,d3dm_initialize,d3dm_initialize_data,d3dm_locksurface,d3dm_locksurface_data,d3dm_locksurface_ptr,d3dm_material,d3dm_operation,d3dm_present,d3dm_processvertices,d3dm_renderstate,d3dm_rendertarget,d3dm_resourcemanager,d3dm_resourcemanager_action,d3dm_resourcemanager_data,d3dm_resourcemanager_ptr,d3dm_setlight,d3dm_setlight_datatype,d3dm_setlight_withdata,d3dm_setpalette,d3dm_setpalette_datatype,d3dm_setpalette_withentries,d3dm_stretchrect,d3dm_texturestagestate,d3dm_transform,d3dm_unlocksurface,d3dm_unlocksurface_data,d3dm_unlocksurface_ptr,d3dm_validatedevice,d3dm_validatedevice_data,d3dm_validatedevice_ptr,d3dm_vertexbuffer,d3dm_viewport,d3dmdeviceformat,d3dmtexture_desc,d3dmtss_texture
D3dmtypes.h	54	chm/windows-ce-5.0/wced3dm5/html,learn/windows-ce-5.0	D3dmtypes.h.	d3dm_make_d3dmvalue,d3dm_make_rsvalue,d3dmadapter_identifier,d3dmbackbuffer_type,d3dmblend,d3dmblendop,d3dmclipstatus,d3dmcmpfunc,d3dmcolor,d3dmcolor_argb,d3dmcolor_rgba,d3dmcolor_xrgb,d3dmcolorvalue,d3dmcull,d3dmdevice_creation_parameters,d3dmdevtype,d3dmdisplaymode,d3dmfillmode,d3dmfogmode,d3dmformat,d3dmfvf_texcoordfixed,d3dmfvf_texcoordfloat,d3dmindexbuffer_desc,d3dmlight,d3dmlighttype,d3dmlocked_rect,d3dmmaterial,d3dmmaterialcolorsource,d3dmmatrix,d3dmmultisample_type,d3dmpool,d3dmpresent_parameters,d3dmpresentflag_lockable_backbuffer,d3dmprimitivetype,d3dmprofile,d3dmrenderstate_wrapbias,d3dmrenderstatetype,d3dmresourcetype,d3dmshademode,d3dmstencilop,d3dmsurface_desc,d3dmswapeffect,d3dmtextureaddress,d3dmtexturefiltertype,d3dmtextureop,d3dmtexturestagestatetype,d3dmtexturetransformflags,d3dmtransformstatetype,d3dmvalue,d3dmvector,d3dmvertexbuffer_desc,d3dmviewport,d3dmzbuffertype,max_device_identifier_string
D3dtypes.h	3	learn/windows-ce-net-4x	D3dtypes.h.	d3dlvertex,d3dtlvertex,d3dvertex
D3dx8math.h	34	learn/windows-ce-net-4x	D3dx8math.h.	d3dxmatrix,d3dxmatrixfdeterminant,d3dxmatrixidentity,d3dxmatrixinverse,d3dxmatrixlookatlh,d3dxmatrixmultiply,d3dxmatrixorthooffcenterlh,d3dxmatrixperspectivefovlh,d3dxmatrixperspectiveoffcenterlh,d3dxmatrixscaling,d3dxmatrixtranslation,d3dxmatrixtranspose,d3dxtodegree,d3dxtoradian,d3dxvec3add,d3dxvec3cross,d3dxvec3dot,d3dxvec3length,d3dxvec3lengthsq,d3dxvec3normalize,d3dxvec3scale,d3dxvec3subtract,d3dxvec3transform,d3dxvec4add,d3dxvec4cross,d3dxvec4dot,d3dxvec4length,d3dxvec4lengthsq,d3dxvec4normalize,d3dxvec4scale,d3dxvec4subtract,d3dxvec4transform,d3dxvector3,d3dxvector4
D3dx8tex.h	10	learn/windows-ce-net-4x	D3dx8tex.h.	d3dxchecktexturerequirements,d3dxcreatetexture,d3dxcreatetexturefromfileex,d3dxfiltertexture,d3dximage_info,d3dxloadsurfacefromfile,d3dxloadsurfacefromfileinmemory,d3dxloadsurfacefrommemory,d3dxloadsurfacefromresource,d3dxloadsurfacefromsurface
DRMOutputLevelTypes.h	1	learn/windows-ce-5.0	DRMOutputLevelTypes.h	drm_minimum_output_protection_levels
Dbgapi.h	14	chm/windows-ce-3.0,chm/windows-ce-5.0/wcecore5/html,learn/windows-ce-5.0	Dbgapi.h,Dbgapi.h.	assert,assertmsg,dbgparam,debugchk,debugled,debugmsg,debugregister,debugzone,errormsg,nkdbgprintfw,registerdbgzones,retailled,retailmsg,writedebugled
Dccole.h	20	chm/windows-ce-3.0,chm/windows-ce-5.0/wcedcom5/html,learn/windows-ce-5.0,learn/windows-ce-net-4x,msdn-library/techshelps/CEGUIDE/devdoc/good/wince,msdn-library/wcedevcon-99/wcesdkr	Dccole.h,Dccole.h.	idccman,idccmanadvise,idccmanautoconnectdisable,idccmanautoconnectenable,idccmanconnectnow,idccmandisconnectnow,idccmanseticondatatransferring,idccmanseticonerror,idccmanseticonnodatatransferring,idccmanshowcommsettings,idccmansink,idccmansinkonlogactive,idccmansinkonloganswered,idccmansinkonlogdisconnection,idccmansinkonlogerror,idccmansinkonloginactive,idccmansinkonlogipaddr,idccmansinkonloglisten,idccmansinkonlogterminated,idccmanunadvise
Ddgpe.h	59	learn/windows-ce-5.0,learn/windows-ce-net-4x	Ddgpe.h.	ddgpeallocsurface,ddgpeallocsurfacedata,ddgpeallocvideosurface,ddgpebltexpanded,ddgpebltparams,ddgpebltprepare,ddgpedetectmode,ddgpedetectpixelformat,ddgpedriverdata,ddgpegetdriverdata,ddgpegetdriverguid,ddgpegetmodeinfoex,ddgpegetphysicalmodeid,ddgpeindisplay,ddgpeperformblt,ddgpesetdriverdata,ddgpesetdriverguid,ddgpesetmode,ddgpesetvisiblesurface,ddgpestandardheader,ddgpesurfalignedwidth,ddgpesurfbpp,ddgpesurfcolorkey,ddgpesurfcolorkeyhigh,ddgpesurfcolorkeylow,ddgpesurfcolorkeymask,ddgpesurfdeletesurface,ddgpesurfgetddgpesurf,ddgpesurfgetdirectdrawsurface,ddgpesurfgetdriverdata,ddgpesurfgetdriverguid,ddgpesurfhasalpha,ddgpesurfinit,ddgpesurfpixelformat,ddgpesurfsetcolorkey,ddgpesurfsetcolorkeyhigh,ddgpesurfsetcolorkeylow,ddgpesurfsetcolorkeymask,ddgpesurfsetddgpesurf,ddgpesurfsetdirectdrawsurface,ddgpesurfsetdriverdata,ddgpesurfsetdriverguid,ddgpewrapsurface,eddgpepixelformat,eddgpepixelformattoegpeformat,egpeformattoeddgpepixelformat,g_nvideomemorysize,g_pddrawprimarysurface,g_pgpe,g_pvideomemory,gpemodeex,m_dwphysicalmodeid,m_pmodeex,surfaceheapaddress,surfaceheapalloc,surfaceheapavailable,surfaceheapfree,surfaceheapnodesize,surfaceheapsize
Ddhal.h	2	learn/windows-ce-5.0	Ddhal.h.	ddhal_set_palette,ioctl_hal_ddi
Ddkreg.h	7	learn/windows-ce-5.0	Ddkreg.h.	ddkisrinfo,ddkpciinfo,ddkreg_getisrinfo,ddkreg_getpciinfo,ddkreg_getwindowinfo,ddkwindowinfo,devicewindow
Ddraw.h	102	chm/windows-ce-5.0/wceddraw5/html,learn/windows-ce-5.0,learn/windows-ce-net-4x	Ddraw.h.	ddalphabltfx,ddbltfx,ddcaps,ddcolorcontrol,ddcolorkey,ddenumcallback,ddenumcallbackex,ddoverlayfx,ddpixelformat,ddscaps,ddscaps2,ddscapsex,ddsurfacedesc,ddsurfacedesc2,directdrawcreate,directdrawcreateclipper,directdrawenumerate,directdrawenumerateex,enummodescallback,enummodescallback2,enumsurfacescallback,enumsurfacescallback2,enumvideocallback,idirectdraw4,idirectdraw4compact,idirectdraw4createclipper,idirectdraw4createpalette,idirectdraw4createsurface,idirectdraw4duplicatesurface,idirectdraw4enumdisplaymodes,idirectdraw4enumsurfaces,idirectdraw4fliptogdisurface,idirectdraw4getavailablevidmem,idirectdraw4getcaps,idirectdraw4getdisplaymode,idirectdraw4getfourcccodes,idirectdraw4getgdisurface,idirectdraw4getmonitorfrequency,idirectdraw4getscanline,idirectdraw4getsurfacefromdc,idirectdraw4getverticalblankstatus,idirectdraw4restoreallsurfaces,idirectdraw4restoredisplaymode,idirectdraw4setcooperativelevel,idirectdraw4setdisplaymode,idirectdraw4testcooperativelevel,idirectdraw4waitforverticalblank,idirectdrawclipper,idirectdrawclippergetcliplist,idirectdrawclippergethwnd,idirectdrawclipperiscliplistchanged,idirectdrawclippersetcliplist,idirectdrawclippersethwnd,idirectdrawcolorcontrol,idirectdrawcolorcontrolgetcolorcontrols,idirectdrawcolorcontrolsetcolorcontrols,idirectdrawpalette,idirectdrawpalettegetcaps,idirectdrawpalettegetentries,idirectdrawpalettesetentries,idirectdrawsurface5,idirectdrawsurface5addattachedsurface,idirectdrawsurface5addoverlaydirtyrect,idirectdrawsurface5alphablt,idirectdrawsurface5blt,idirectdrawsurface5bltfast,idirectdrawsurface5changeuniquenessvalue,idirectdrawsurface5deleteattachedsurface,idirectdrawsurface5enumattachedsurfaces,idirectdrawsurface5enumoverlayzorders,idirectdrawsurface5flip,idirectdrawsurface5freeprivatedata,idirectdrawsurface5getattachedsurface,idirectdrawsurface5getbltstatus,idirectdrawsurface5getcaps,idirectdrawsurface5getclipper,idirectdrawsurface5getcolorkey,idirectdrawsurface5getdc,idirectdrawsurface5getddinterface,idirectdrawsurface5getflipstatus,idirectdrawsurface5getoverlayposition,idirectdrawsurface5getpalette,idirectdrawsurface5getpixelformat,idirectdrawsurface5getprivatedata,idirectdrawsurface5getsurfacedesc,idirectdrawsurface5getuniquenessvalue,idirectdrawsurface5initialize,idirectdrawsurface5islost,idirectdrawsurface5lock,idirectdrawsurface5pagelock,idirectdrawsurface5pageunlock,idirectdrawsurface5releasedc,idirectdrawsurface5restore,idirectdrawsurface5setclipper,idirectdrawsurface5setcolorkey,idirectdrawsurface5setoverlayposition,idirectdrawsurface5setpalette,idirectdrawsurface5setprivatedata,idirectdrawsurface5setsurfacedesc,idirectdrawsurface5unlock,idirectdrawsurface5updateoverlay,idirectdrawsurface5updateoverlayzorder
Ddraw.h, Ddrawi.h	2	learn/windows-ce-5.0,learn/windows-ce-net-4x	Ddraw.h, Ddrawi.h.	buildddhalinfo,halinit
Ddrawi.h	126	learn/windows-ce-5.0,learn/windows-ce-net-4x,win32/api/ddrawi	Ddrawi.h.,Ddrawi.h	addattachedsurface,attachlist,blt,cancreatesurface,cancreatevideoport,createpalette,createsurface,createvideoport,dblnode,ddcorecaps,ddhal_addattachedsurfacedata,ddhal_bltdata,ddhal_cancreatesurfacedata,ddhal_cancreatevportdata,ddhal_colorcontroldata,ddhal_createpalettedata,ddhal_createsurfacedata,ddhal_createvportdata,ddhal_ddcallbacks,ddhal_ddcolorcontrolcallbacks,ddhal_ddmiscellaneous2callbacks,ddhal_ddmiscellaneouscallbacks,ddhal_ddpalettecallbacks,ddhal_ddsurfacecallbacks,ddhal_ddvideoportcallbacks,ddhal_destroydriverdata,ddhal_destroypalettedata,ddhal_destroysurfacedata,ddhal_destroyvportdata,ddhal_flipdata,ddhal_fliptogdisurfacedata,ddhal_flipvportdata,ddhal_getavaildrivermemorydata,ddhal_getbltstatusdata,ddhal_getdriverinfodata,ddhal_getflipstatusdata,ddhal_getheapalignmentdata,ddhal_getscanlinedata,ddhal_getvportbandwidthdata,ddhal_getvportconnectdata,ddhal_getvportfielddata,ddhal_getvportflipstatusdata,ddhal_getvportinputformatdata,ddhal_getvportlinedata,ddhal_getvportoutputformatdata,ddhal_getvportsignaldata,ddhal_lockdata,ddhal_setcliplistdata,ddhal_setcolorkeydata,ddhal_setentriesdata,ddhal_setexclusivemodedata,ddhal_setmodedata,ddhal_setoverlaypositiondata,ddhal_setpalettedata,ddhal_unlockdata,ddhal_updatenonlocalheapdata,ddhal_updateoverlaydata,ddhal_updatevportdata,ddhal_vportcolordata,ddhal_waitforverticalblankdata,ddhal_waitforvportsyncdata,ddhalinfo,ddhalmodeinfo,ddmorecaps,ddmoresurfacecaps,ddnonlocalvidmemcaps,ddrawi_ddrawclipper_gbl,ddrawi_ddrawclipper_int,ddrawi_ddrawclipper_lcl,ddrawi_ddrawpalette_gbl,ddrawi_ddrawpalette_int,ddrawi_ddrawpalette_lcl,ddrawi_ddrawsurface_gbl,ddrawi_ddrawsurface_gbl_more,ddrawi_ddrawsurface_int,ddrawi_ddrawsurface_lcl,ddrawi_ddrawsurface_more,ddrawi_ddvideoport_int,ddrawi_ddvideoport_lcl,ddrawi_directdraw_gbl,ddrawi_directdraw_int,ddrawi_directdraw_lcl,destroypalette,destroysurface,destroyvideoport,flip,flipvideoport,get_lpddrawsurface_gbl_more,getavaildrivermemory,getbltstatus,getdriverinfo,getflipstatus,getheapalignment,getsysmembltstatus,getvideoportbandwidth,getvideoportconnectinfo,getvideoportfield,getvideoportflipstatus,getvideoportinputformats,getvideoportline,getvideoportoutputformats,getvideosignalstatus,halcolorcontrol,lock,lpddhal_cancreatesurface,lpddhal_createpalette,lpddhal_createsurface,lpddhal_destroydriver,lpddhal_fliptogdisurface,lpddhal_getscanline,lpddhal_setcolorkey,lpddhal_setexclusivemode,lpddhal_setmode,lpddhal_waitforverticalblank,setcliplist,setentries,setoverlayposition,setpalette,surface_physicalvidmem,unlock,updatenonlocalheap,updateoverlay,updatevideoport,vidmem,vidmeminfo,waitforvideoportsync
Ddrawip.h	1	learn/windows-ce-5.0,learn/windows-ce-net-4x	Ddrawip.h.	halcolorcontrol
Ddvdata.h, Dvdata.idl	1	chm/windows-ce-5.0/wcedvd5/html,learn/windows-ce-5.0,learn/windows-ce-net-4x	Ddvdata.h, Dvdata.idl.	dvd_audio_mu_attr
Ddvdata.h, dvdata.idl	1	learn/windows-embedded-ce-6.0	Ddvdata.h, dvdata.idl	dvd_audio_mu_attr
Defragdisk.h	5	learn/windows-ce-5.0	Defragdisk.h.	defrag_options,defragvolume,defragvolumeex,defragvolumeui,fragnode
Device.h, Cemgr.idl	14	chm/windows-ce-4.2/remtools/htm,learn/unclassified,learn/windows-ce-5.0	Device.h, Cemgr.idl.	ipmremotedevice,ipmremotedeviceaddproperty,ipmremotedeviceattach,ipmremotedeviceconfigurestartupserver,ipmremotedeviceconfiguretransport,ipmremotedevicedeleteproperty,ipmremotedeviceenumproperties,ipmremotedevicegetconnection,ipmremotedevicegetproperty,ipmremotedeviceid,ipmremotedevicename,ipmremotedeviceplatform,ipmremotedevicestartupserver,ipmremotedevicetransport
Devload.h	6	learn/windows-ce-5.0	Devload.h.	dmadvertiseinterface,enumdevices,enumpnpids,opendevicekey,post_init_buf,regini
Devmgmt.h	7	chm/windows-ce-5.0/wcedvmgt5/html,learn/windows-ce-5.0,learn/windows-ce-net-4x	Devmgmt.h.	cegetdevmgmtpackagelist,cesetdevmgmttask,cestartdevmgmtservice,dmsdlinfo,dmsinvpkgid,dmsinvrecord,dmtaskinfo
Dimm.h	2	win32/api/dimm,win32/api/shtypes	Dimm.h	logfonta,logfontw
Dinput.h	1	chm/windows-ce-3.0,chm/windows-ce-5.0/wcedcom5/html,learn/windows-ce-5.0,learn/windows-ce-net-4x	Dinput.h.,Dinput.h	directinputcreate
Discodlg.h, Mstsax.idl	1	chm/windows-ce-5.0/wcerdp5/html,learn/windows-ce-5.0	Discodlg.h, Mstsax.idl.	imstscadvancedsettingsput_disablerdpdr
Discodlg.h. Mstsax.idl	75	chm/windows-ce-5.0/wcerdp5/html,learn/windows-ce-5.0,learn/windows-ce-net-4x	Discodlg.h. Mstsax.idl.	imsrdpclient,imsrdpclientadvancedsettings,imsrdpclientget_extendeddisconnectreason,imsrdpclientgetvirtualchanneloptions,imsrdpclientnonscriptable,imsrdpclientnonscriptablenotifyredirectdevicechange,imsrdpclientnonscriptablesendkeys,imsrdpclientrequestclose,imsrdpclientsecuredsettings,imsrdpclientsetvirtualchanneloptions,imstscadvancedsettings,imstscadvancedsettingsget_allowbackgroundinput,imstscadvancedsettingsget_bitmappersistence,imstscadvancedsettingsget_compress,imstscadvancedsettingsget_containerhandledfullscreen,imstscadvancedsettingsget_disablerdpdr,imstscadvancedsettingsput_allowbackgroundinput,imstscadvancedsettingsput_bitmappersistence,imstscadvancedsettingsput_compress,imstscadvancedsettingsput_containerhandledfullscreen,imstscadvancedsettingsput_disablerdpdr,imstscadvancedsettingsput_iconfile,imstscadvancedsettingsput_iconindex,imstscadvancedsettingsput_keyboardlayoutstr,imstscadvancedsettingsput_plugindlls,imstscax,imstscaxconnect,imstscaxcreatevirtualchannels,imstscaxdisconnect,imstscaxevents,imstscaxeventsonconfirmclose,imstscaxeventsonconnected,imstscaxeventsonconnecting,imstscaxeventsondisconnected,imstscaxeventsonfatalerror,imstscaxeventsonidletimeoutnotification,imstscaxeventsonlogincomplete,imstscaxeventsonrequestcontainerminimize,imstscaxeventsonwarning,imstscaxget_advancedsettings,imstscaxget_cipherstrength,imstscaxget_connected,imstscaxget_connectingtext,imstscaxget_desktopheight,imstscaxget_desktopwidth,imstscaxget_disconnectedtext,imstscaxget_domain,imstscaxget_horizontalscrollbarvisible,imstscaxget_securedsettings2,imstscaxget_server,imstscaxget_username,imstscaxget_version,imstscaxget_verticalscrollbarvisible,imstscaxput_connectingtext,imstscaxput_disconnectedtext,imstscaxput_domain,imstscaxput_server,imstscaxput_username,imstscaxsendonvirtualchannel,imstscnonscriptable,imstscnonscriptableget_binarypassword,imstscnonscriptableget_binarysalt,imstscnonscriptableget_portablepassword,imstscnonscriptableget_portablesalt,imstscnonscriptableput_binarypassword,imstscnonscriptableput_binarysalt,imstscnonscriptableput_cleartextpassword,imstscnonscriptableput_portablepassword,imstscnonscriptableput_portablesalt,imstscnonscriptableresetpassword,imstscsecuredsettings,imstscsecuredsettingsget_startprogram,imstscsecuredsettingsget_workdir,imstscsecuredsettingsput_startprogram,imstscsecuredsettingsput_workdir
Diskio.h	20	chm/windows-ce-3.0,learn/windows-ce-5.0,learn/windows-ce-net-4x	Diskio.h.,Diskio.h	delete_sector_info,disk_copy_external,disk_info,ioctl_disk_copy_external_complete,ioctl_disk_copy_external_start,ioctl_disk_device_info,ioctl_disk_format_media,ioctl_disk_format_volume,ioctl_disk_get_storageid,ioctl_disk_getinfo,ioctl_disk_getname,ioctl_disk_read,ioctl_disk_scan_volume,ioctl_disk_secure_wipe,ioctl_disk_setinfo,ioctl_disk_write,sector_list_entry,sg_buf,sg_req,storage_identification
Dmdls.h	8	learn/windows-ce-net-4x	Dmdls.h.	dmus_mscparams,dmus_noterange,dmus_offsettable,dmus_pegparams,dmus_region,dmus_vegparams,dmus_wave,dmus_wavedata
Dmo.h	68	chm/windows-ce-5.0/wcedshow5/html,learn/windows-ce-5.0,learn/windows-ce-net-4x,win32/api/dmoreg,win32/api/dmort,win32/api/mediaobj	Dmo.h.,Dmo.h	dmo_enum_flags,dmo_input_data_buffer_flags,dmo_input_stream_info_flags,dmo_media_type,dmo_output_data_buffer,dmo_output_data_buffer_flags,dmo_output_stream_info_flags,dmo_partial_mediatype,dmo_process_output_flags,dmo_register_flags,dmo_set_type_flags,dmo_video_output_stream_flags,dmoenum,dmogetname,dmogettypes,dmoregister,dmounregister,dmounregisterfilter,idmoqualitycontrol,idmoqualitycontrolgetstatus,idmoqualitycontrolsetnow,idmoqualitycontrolsetstatus,idmovideooutputoptimizations,idmovideooutputoptimizationsgetcurrentoperationmode,idmovideooutputoptimizationsgetcurrentsamplerequirements,idmovideooutputoptimizationsqueryoperationmodepreferences,idmovideooutputoptimizationssetoperationmode,ienumdmo,ienumdmoclone,ienumdmonext,ienumdmoreset,ienumdmoskip,imediabuffer,imediabuffergetbufferandlength,imediabuffergetmaxlength,imediabuffersetlength,imediaobject,imediaobjectallocatestreamingresources,imediaobjectdiscontinuity,imediaobjectflush,imediaobjectfreestreamingresources,imediaobjectgetinputcurrenttype,imediaobjectgetinputmaxlatency,imediaobjectgetinputsizeinfo,imediaobjectgetinputstatus,imediaobjectgetinputstreaminfo,imediaobjectgetinputtype,imediaobjectgetoutputcurrenttype,imediaobjectgetoutputsizeinfo,imediaobjectgetoutputstreaminfo,imediaobjectgetoutputtype,imediaobjectgetstreamcount,imediaobjectinplace,imediaobjectinplaceclone,imediaobjectinplacegetlatency,imediaobjectinplaceprocess,imediaobjectlock,imediaobjectprocessinput,imediaobjectprocessoutput,imediaobjectsetinputmaxlatency,imediaobjectsetinputtype,imediaobjectsetoutputtype,mocopymediatype,mocreatemediatype,modeletemediatype,moduplicatemediatype,mofreemediatype,moinitmediatype
Dmodshow.h	1	chm/windows-ce-5.0/wcedshow5/html,learn/windows-ce-5.0,learn/windows-embedded-ce-6.0	Dmodshow.h.,Dmodshow.h	idmowrapperfilterinit
Dmoimpl.h	10	chm/windows-ce-5.0/wcedshow5/html,learn/windows-ce-5.0,learn/windows-ce-net-4x	Dmoimpl.h.	_derived_internalacceptinginput,_derived_internalcheckinputtype,_derived_internalcheckoutputtype,_derived_lock,_derived_unlock,imediaobjectimplchecktypesset,imediaobjectimplinputtype,imediaobjectimplinputtypeset,imediaobjectimploutputtype,imediaobjectimploutputtypeset
Dmoreg.h	2	chm/windows-ce-5.0/wcedshow5/html,learn/windows-ce-5.0,learn/windows-ce-net-4x	Dmoreg.h.	dmoregister,dmoregisterfilter
Dmusicc.h	52	learn/windows-ce-net-4x	Dmusicc.h.	dmus_portcaps,dmus_portparams,dmus_waves_reverb_params,idirectmusic,idirectmusicbuffer,idirectmusicbufferflush,idirectmusicbuffergetbufferformat,idirectmusicbuffergetmaxbytes,idirectmusicbuffergetnextevent,idirectmusicbuffergetrawbufferptr,idirectmusicbuffergetstarttime,idirectmusicbuffergetusedbytes,idirectmusicbufferpackstructured,idirectmusicbufferpackunstructured,idirectmusicbufferresetreadptr,idirectmusicbuffersetstarttime,idirectmusicbuffersetusedbytes,idirectmusicbuffertotaltime,idirectmusicchordmap,idirectmusiccollection,idirectmusiccollectionenuminstrument,idirectmusiccollectiongetinstrument,idirectmusicdownload,idirectmusicdownloadedinstrument,idirectmusicdownloadgetbuffer,idirectmusicinstrument,idirectmusicinstrumentsetpatch,idirectmusicport,idirectmusicportactivate,idirectmusicportcompact,idirectmusicportdeviceiocontrol,idirectmusicportdownload,idirectmusicportdownloadallocatebuffer,idirectmusicportdownloaddownload,idirectmusicportdownloadgetappend,idirectmusicportdownloadgetbuffer,idirectmusicportdownloadgetdlid,idirectmusicportdownloadinstrument,idirectmusicportdownloadunload,idirectmusicportgetcaps,idirectmusicportgetchannelpriority,idirectmusicportgetformat,idirectmusicportgetlatencyclock,idirectmusicportgetnumchannelgroups,idirectmusicportgetrunningstats,idirectmusicportplaybuffer,idirectmusicportread,idirectmusicportsetchannelpriority,idirectmusicportsetdirectsound,idirectmusicportsetnumchannelgroups,idirectmusicportsetreadnotificationhandle,idirectmusicportunloadinstrument
Dmusicf.h	3	learn/windows-ce-net-4x	Dmusicf.h.	dmus_mute_param,dmus_rhythm_param,dmus_tempo_param
Dmusici.h	106	learn/windows-ce-net-4x	Dmusici.h.	dmus_midi_pmsg,dmus_note_pmsg,dmus_notef_flags,dmus_notification_pmsg,dmus_objectdesc,dmus_patch_pmsg,dmus_playmode_flags,dmus_pmsg,dmus_pmsgf_flags,dmus_pmsgt_types,dmus_segf_flags,dmus_shapet_types,dmus_subchord,dmus_synthstats,dmus_sysex_pmsg,dmus_tempo_pmsg,dmus_time_resolve_flags,dmus_timesig_pmsg,dmus_timesignature,dmus_trackf_flags,dmus_transpose_pmsg,dmus_version,idirectmusicband,idirectmusicbandcreatesegment,idirectmusicbanddownload,idirectmusicbandunload,idirectmusicchordmapgetscale,idirectmusiccomposer,idirectmusiccomposerautotransition,idirectmusiccomposerchangechordmap,idirectmusiccomposercomposesegmentfromshape,idirectmusiccomposercomposesegmentfromtemplate,idirectmusiccomposercomposetemplatefromshape,idirectmusiccomposercomposetransition,idirectmusicgetloader,idirectmusicgetloadergetloader,idirectmusicgraph,idirectmusicgraphgettool,idirectmusicgraphinserttool,idirectmusicgraphremovetool,idirectmusicgraphstamppmsg,idirectmusicinstrumentgetpatch,idirectmusicloader,idirectmusicloadercacheobject,idirectmusicloaderclearcache,idirectmusicloaderenumobject,idirectmusicloadergetobject,idirectmusicloaderreleaseobject,idirectmusicloaderscandirectory,idirectmusicloadersetobject,idirectmusicloadersetsearchdirectory,idirectmusicobject,idirectmusicobjectgetdescriptor,idirectmusicobjectparsedescriptor,idirectmusicobjectsetdescriptor,idirectmusicperformance,idirectmusicperformanceaddnotificationtype,idirectmusicperformanceaddport,idirectmusicperformanceadjusttime,idirectmusicperformanceallocpmsg,idirectmusicperformanceassignpchannel,idirectmusicperformanceassignpchannelblock,idirectmusicperformanceclosedown,idirectmusicperformancedownloadinstrument,idirectmusicperformancefreepmsg,idirectmusicperformancegetbumperlength,idirectmusicperformancegetglobalparam,idirectmusicperformancegetgraph,idirectmusicperformancegetlatencytime,idirectmusicperformancegetnotificationpmsg,idirectmusicperformancegetparam,idirectmusicperformancegetpreparetime,idirectmusicperformancegetqueuetime,idirectmusicperformancegetresolvedtime,idirectmusicperformancegetsegmentstate,idirectmusicperformancegettime,idirectmusicperformanceinit,idirectmusicperformanceinvalidate,idirectmusicperformanceisplaying,idirectmusicperformancemiditomusic,idirectmusicperformancemusictomidi,idirectmusicperformancemusictoreferencetime,idirectmusicperformancepchannelinfo,idirectmusicperformanceplaysegment,idirectmusicperformancereferencetomusictime,idirectmusicperformanceremovenotificationtype,idirectmusicperformanceremoveport,idirectmusicperformancerhythmtotime,idirectmusicperformancesendpmsg,idirectmusicperformancesetbumperlength,idirectmusicperformancesetglobalparam,idirectmusicperformancesetgraph,idirectmusicperformancesetnotificationhandle,idirectmusicperformancesetparam,idirectmusicperformancesetpreparetime,idirectmusicperformancestop,idirectmusicperformancetimetorhythm,idirectmusicsegment,idirectmusicsegmentaddnotificationtype,idirectmusicsegmentclone,idirectmusicsegmentstate,idirectmusicsegmentstategetrepeats,idirectmusicsegmentstategetseek,idirectmusicsegmentstategetsegment,idirectmusicsegmentstategetstartpoint,idirectmusicsegmentstategetstarttime
Docobj.h	3	chm/windows-ce-5.0/wcedcom5/html,learn/windows-ce-5.0,learn/windows-ce-net-4x	Docobj.h.	icontinuecallback,icontinuecallbackfcontinue,icontinuecallbackfcontinueprinting
Download.h, Download.idl	5	chm/windows-ce-4.2/remtools/htm,learn/unclassified,learn/windows-ce-5.0	Download.h, Download.idl.	_idownloadprogressonprogressnotify,idownloaddownloadimage,idownloadjumptoimage,idownloadstopdownloadimage,idownloadstopjumptoimage
Drmexternals.h	4	win32/api/wmsdkidl	Drmexternals.h	drm_minimum_output_protection_levels,drm_opl_output_ids,drm_play_opl,drm_video_output_protection_ids
Dsdriver.h	19	learn/windows-ce-net-4x	Dsdriver.h.	dsdm_createbuffer,dsdm_deletebuffer,dsdm_duplicatebuffer,dsdm_getposition,dsdm_getprop,dsdm_getstatus,dsdm_lock,dsdm_play,dsdm_queryprop,dsdm_setformat,dsdm_setfrequency,dsdm_setnotifications,dsdm_setposition,dsdm_setprop,dsdm_setvolumepan,dsdm_stop,dsdm_unlock,dsdmp_msg,dsdvr_message_params
Dsgetdc.h	3	chm/windows-ce-5.0/wcenetapi5/html,learn/windows-ce-5.0	Dsgetdc.h.	domain_controller_info,dsgetdcname,netapibufferfree
Dshow.h	409	chm/windows-ce-5.0/wcedshow5/html,learn/windows-ce-5.0,win32/api/amvideo,win32/api/control,win32/api/strmif	Dshow.h,Dshow.h.	_am_filter_misc_flags,allocator_properties,am_media_type,am_sample2_properties,am_stream_info,am_stream_info_flags,amoviesetup_filter,amoviesetup_mediatype,amoviesetup_pin,amvpdatainfo,amvpsize,analogvideostandard,audio_stream_config_caps,cameracontrolflags,cameracontrolproperty,colorkey,compressioncaps,ddcolorkey,dibdata,filter_info,filter_state,iambuffernegotiationgetallocatorproperties,iambuffernegotiationsuggestallocatorproperties,iamcameracontrolget,iamcameracontrolgetrange,iamcameracontrolset,iamdevmemoryallocatoralloc,iamdevmemoryallocatorcheckmemory,iamdevmemoryallocatorfree,iamdevmemoryallocatorgetdevmemoryobject,iamdevmemoryallocatorgetinfo,iamdevmemorycontrolgetdevid,iamdevmemorycontrolquerywritesync,iamdevmemorycontrolwritesync,iamdroppedframesgetaverageframesize,iamdroppedframesgetdroppedinfo,iamdroppedframesgetnumdropped,iamdroppedframesgetnumnotdropped,iamfiltermiscflagsgetmiscflags,iamoviesetupregister,iamoviesetupunregister,iamstreamconfiggetformat,iamstreamconfiggetnumberofcapabilities,iamstreamconfiggetstreamcaps,iamstreamconfigsetformat,iamstreamcontrolgetinfo,iamstreamcontrolstartat,iamstreamcontrolstopat,iamstreamselectcount,iamstreamselectenable,iamstreamselectinfo,iamtunerchannelminmax,iamtunerget_channel,iamtunerget_countrycode,iamtunerget_mode,iamtunerget_tuningspace,iamtunergetavailablemodes,iamtunerlogon,iamtunerlogout,iamtunerput_channel,iamtunerput_countrycode,iamtunerput_mode,iamtunerput_tuningspace,iamtunerregisternotificationcallback,iamtunersignalpresent,iamtunerunregisternotificationcallback,iamtvtunerautotune,iamtvtunerget_audiofrequency,iamtvtunerget_availabletvformats,iamtvtunerget_connectinput,iamtvtunerget_inputtype,iamtvtunerget_numinputconnections,iamtvtunerget_tvformat,iamtvtunerget_videofrequency,iamtvtunerput_connectinput,iamtvtunerput_inputtype,iamtvtunerstoreautotune,iamvideocompressionget_keyframerate,iamvideocompressionget_pframesperkeyframe,iamvideocompressionget_quality,iamvideocompressionget_windowsize,iamvideocompressiongetinfo,iamvideocompressionoverrideframesize,iamvideocompressionoverridekeyframe,iamvideocompressionput_keyframerate,iamvideocompressionput_pframesperkeyframe,iamvideocompressionput_quality,iamvideocompressionput_windowsize,iamvideocontrolgetcaps,iamvideocontrolgetcurrentactualframerate,iamvideocontrolgetframeratelist,iamvideocontrolgetmaxavailableframerate,iamvideocontrolgetmode,iamvideocontrolsetmode,iamvideoprocampget,iamvideoprocampgetrange,iamvideoprocampset,iasyncreaderbeginflush,iasyncreaderendflush,iasyncreaderlength,iasyncreaderrequest,iasyncreaderrequestallocator,iasyncreadersyncread,iasyncreadersyncreadaligned,iasyncreaderwaitfornext,ibasefilterenumpins,ibasefilterfindpin,ibasefilterjoinfiltergraph,ibasefilterqueryfilterinfo,ibasefilterqueryvendorinfo,ibasicaudioget_balance,ibasicaudioget_volume,ibasicaudioput_balance,ibasicaudioput_volume,ibasicvideoget_avgtimeperframe,ibasicvideoget_biterrorrate,ibasicvideoget_bitrate,ibasicvideoget_destinationheight,ibasicvideoget_destinationleft,ibasicvideoget_destinationtop,ibasicvideoget_destinationwidth,ibasicvideoget_sourceheight,ibasicvideoget_sourceleft,ibasicvideoget_sourcetop,ibasicvideoget_sourcewidth,ibasicvideoget_videoheight,ibasicvideoget_videowidth,ibasicvideogetcurrentimage,ibasicvideogetdestinationposition,ibasicvideogetsourceposition,ibasicvideogetvideopaletteentries,ibasicvideogetvideosize,ibasicvideoisusingdefaultdestination,ibasicvideoisusingdefaultsource,ibasicvideoput_destinationheight,ibasicvideoput_destinationleft,ibasicvideoput_destinationtop,ibasicvideoput_destinationwidth,ibasicvideoput_sourceheight,ibasicvideoput_sourceleft,ibasicvideoput_sourcetop,ibasicvideoput_sourcewidth,ibasicvideosetdefaultdestinationposition,ibasicvideosetdefaultsourceposition,ibasicvideosetdestinationposition,ibasicvideosetsourceposition,icapturegraphbuilder2controlstream,icapturegraphbuilder2findinterface,icapturegraphbuilder2findpin,icapturegraphbuilder2getfiltergraph,icapturegraphbuilder2renderstream,icapturegraphbuilder2setfiltergraph,icapturegraphbuilder2setoutputfilename,idirectdrawvideocanuseoverlaystretch,idirectdrawvideocanusescanline,idirectdrawvideogetcaps,idirectdrawvideogetdirectdraw,idirectdrawvideogetemulatedcaps,idirectdrawvideogetfourcccodes,idirectdrawvideogetsurfacedesc,idirectdrawvideogetsurfacetype,idirectdrawvideogetswitches,idirectdrawvideosetdefault,idirectdrawvideosetdirectdraw,idirectdrawvideosetswitches,idirectdrawvideouseoverlaystretch,idirectdrawvideousescanline,idirectdrawvideousewhenfullscreen,idirectdrawvideowillusefullscreen,idistributornotifynotifygraphchange,idistributornotifypause,idistributornotifyrun,idistributornotifysetsyncsource,idistributornotifystop,ienumfiltersclone,ienumfiltersnext,ienumfiltersreset,ienumfiltersskip,ienummediatypesclone,ienummediatypesnext,ienummediatypesreset,ienummediatypesskip,ienumpinsclone,ienumpinsnext,ienumpinsreset,ienumpinsskip,ienumregfiltersclone,ienumregfiltersnext,ienumregfiltersreset,ienumregfiltersskip,ifilesinkfilter2getmode,ifilesinkfilter2setmode,ifilesinkfiltergetcurfile,ifilesinkfiltersetfilename,ifilesourcefiltergetcurfile,ifilesourcefilterload,ifiltergraph2addsourcefilterformoniker,ifiltergraph2reconnectex,ifiltergraphaddfilter,ifiltergraphconnectdirect,ifiltergraphdisconnect,ifiltergraphenumfilters,ifiltergraphfindfilterbyname,ifiltergraphreconnect,ifiltergraphremovefilter,ifiltergraphsetdefaultsyncsource,ifiltermapper2createcategory,ifiltermapper2enummatchingfilters,ifiltermapper2registerfilter,ifiltermapper2unregisterfilter,ifiltermapperenummatchingfilters,ifiltermapperregisterfilter,ifiltermapperregisterfilterinstance,ifiltermapperregisterpin,ifiltermapperregisterpintype,ifiltermapperunregisterfilter,ifiltermapperunregisterfilterinstance,ifiltermapperunregisterpin,igraphbuilderaddsourcefilter,igraphbuilderconnect,igraphbuilderrender,igraphbuilderrenderfile,igraphbuildersetlogfile,igraphversionqueryversion,imediacontroladdsourcefilter,imediacontrolgetstate,imediacontrolpause,imediacontrolrenderfile,imediacontrolrun,imediacontrolstop,imediacontrolstopwhenready,imediaeventcanceldefaulthandling,imediaeventexgetnotifyflags,imediaeventexsetnotifyflags,imediaeventexsetnotifywindow,imediaeventfreeeventparams,imediaeventgetevent,imediaeventgeteventhandle,imediaeventrestoredefaulthandling,imediaeventsinknotify,imediaeventwaitforcompletion,imediafiltergetstate,imediafiltergetsyncsource,imediafilterpause,imediafilterrun,imediafiltersetsyncsource,imediafilterstop,imediapositioncanseekbackward,imediapositioncanseekforward,imediapositionget_currentposition,imediapositionget_duration,imediapositionget_prerolltime,imediapositionget_rate,imediapositionget_stoptime,imediapositionput_currentposition,imediapositionput_prerolltime,imediapositionput_rate,imediapositionput_stoptime,imediasample2getproperties,imediasample2setproperties,imediasamplegetmediatime,imediasamplegetmediatype,imediasamplegetpointer,imediasamplegetsize,imediasamplegettime,imediasampleisdiscontinuity,imediasampleispreroll,imediasampleissyncpoint,imediasamplesetactualdatalength,imediasamplesetdiscontinuity,imediasamplesetmediatime,imediasamplesetmediatype,imediasamplesetpreroll,imediasamplesetsyncpoint,imediasamplesettime,imediaseekingcheckcapabilities,imediaseekingconverttimeformat,imediaseekinggetavailable,imediaseekinggetcapabilities,imediaseekinggetcurrentposition,imediaseekinggetduration,imediaseekinggetpositions,imediaseekinggetpreroll,imediaseekinggetrate,imediaseekinggetstopposition,imediaseekinggettimeformat,imediaseekingisformatsupported,imediaseekingisusingtimeformat,imediaseekingquerypreferredformat,imediaseekingsetpositions,imediaseekingsetrate,imediaseekingsettimeformat,imemallocatorcommit,imemallocatordecommit,imemallocatorgetbuffer,imemallocatorgetproperties,imemallocatorreleasebuffer,imemallocatorsetproperties,imeminputpingetallocator,imeminputpingetallocatorrequirements,imeminputpinnotifyallocator,imeminputpinreceive,imeminputpinreceivecanblock,imeminputpinreceivemultiple,ioverlayadvise,ioverlaygetcliplist,ioverlaygetcolorkey,ioverlaygetdefaultcolorkey,ioverlaygetpalette,ioverlaygetvideoposition,ioverlaygetwindowhandle,ioverlaynotifyonclipchange,ioverlaynotifyoncolorkeychange,ioverlaynotifyonpalettechange,ioverlaynotifyonpositionchange,ioverlaysetcolorkey,ioverlaysetpalette,ioverlayunadvise,ipinbeginflush,ipinconnect,ipinconnectedto,ipinconnectionmediatype,ipindisconnect,ipinendflush,ipinendofstream,ipinenummediatypes,ipinnewsegment,ipinqueryaccept,ipinquerydirection,ipinqueryid,ipinqueryinternalconnections,ipinquerypininfo,ipinreceiveconnection,iqualitycontrolnotify,iqualitycontrolsetsink,iqualpropget_avgframerate,iqualpropget_avgsyncoffset,iqualpropget_devsyncoffset,iqualpropget_framesdrawn,iqualpropget_framesdroppedinrenderer,iqualpropget_jitter,ireferenceclockadviseperiodic,ireferenceclockadvisetime,ireferenceclockgettime,ireferenceclockunadvise,iseekingpassthruinit,ivideowindowget_autoshow,ivideowindowget_backgroundpalette,ivideowindowget_bordercolor,ivideowindowget_caption,ivideowindowget_fullscreenmode,ivideowindowget_height,ivideowindowget_left,ivideowindowget_messagedrain,ivideowindowget_owner,ivideowindowget_top,ivideowindowget_visible,ivideowindowget_width,ivideowindowget_windowstate,ivideowindowget_windowstyle,ivideowindowget_windowstyleex,ivideowindowgetmaxidealimagesize,ivideowindowgetminidealimagesize,ivideowindowgetrestoreposition,ivideowindowgetwindowposition,ivideowindowhidecursor,ivideowindowiscursorhidden,ivideowindownotifyownermessage,ivideowindowput_autoshow,ivideowindowput_backgroundpalette,ivideowindowput_bordercolor,ivideowindowput_caption,ivideowindowput_fullscreenmode,ivideowindowput_height,ivideowindowput_left,ivideowindowput_messagedrain,ivideowindowput_owner,ivideowindowput_top,ivideowindowput_visible,ivideowindowput_width,ivideowindowput_windowstate,ivideowindowput_windowstyle,ivideowindowput_windowstyleex,ivideowindowsetwindowforeground,ivideowindowsetwindowposition,mpeg1videoinfo,mpeg2videoinfo,pin_direction,pin_info,position,quality,qualitymessagetype,reg_pinflag,regfilter,regfilter2,regfilterpins,regfilterpins2,regpinmedium,regpintypes,timecode,timecode_sample,truecolorinfo,video_stream_config_caps,videocontrolflags,videoinfo,videoinfoheader,videoinfoheader2,videoprocampflags,videoprocampproperty
Dshow.h, Initguid.h, Qnetwork.h	13	chm/windows-ce-5.0/wcedshow5/html,learn/windows-ce-5.0	Dshow.h, Initguid.h, Qnetwork.h.	iammediacontentget_authorname,iammediacontentget_baseurl,iammediacontentget_copyright,iammediacontentget_description,iammediacontentget_logoiconurl,iammediacontentget_logourl,iammediacontentget_moreinfobannerimage,iammediacontentget_moreinfobannerurl,iammediacontentget_moreinfotext,iammediacontentget_moreinfourl,iammediacontentget_rating,iammediacontentget_title,iammediacontentget_watermarkurl
Dsound.h	58	learn/windows-ce-net-4x	Dsound.h.	directsoundcapturecreate,directsoundcaptureenumerate,directsoundcreate,directsoundenumerate,dsbcaps,dsbpositionnotify,dsbufferdesc,dscaps,dscbcaps,dscbufferdesc,dsccaps,dsenumcallback,idirectsound,idirectsoundbuffer,idirectsoundbuffergetcaps,idirectsoundbuffergetcurrentposition,idirectsoundbuffergetformat,idirectsoundbuffergetfrequency,idirectsoundbuffergetpan,idirectsoundbuffergetstatus,idirectsoundbuffergetvolume,idirectsoundbufferinitialize,idirectsoundbufferlock,idirectsoundbufferplay,idirectsoundbufferrestore,idirectsoundbuffersetcurrentposition,idirectsoundbuffersetformat,idirectsoundbuffersetfrequency,idirectsoundbuffersetpan,idirectsoundbuffersetvolume,idirectsoundbufferstop,idirectsoundbufferunlock,idirectsoundcapture,idirectsoundcapturebuffer,idirectsoundcapturebuffergetcaps,idirectsoundcapturebuffergetcurrentposition,idirectsoundcapturebuffergetformat,idirectsoundcapturebuffergetstatus,idirectsoundcapturebufferinitialize,idirectsoundcapturebufferlock,idirectsoundcapturebufferstart,idirectsoundcapturebufferstop,idirectsoundcapturebufferunlock,idirectsoundcapturecreatecapturebuffer,idirectsoundcapturegetcaps,idirectsoundcaptureinitialize,idirectsoundcompact,idirectsoundcreatesoundbuffer,idirectsoundduplicatesoundbuffer,idirectsoundgetcaps,idirectsoundinitialize,idirectsoundnotify,idirectsoundnotifysetnotificationpositions,idirectsoundsetcooperativelevel,ikspropertyset,ikspropertysetget,ikspropertysetquerysupport,ikspropertysetset
Dsrole.h	3	chm/windows-ce-5.0/wcenetapi5/html	Dsrole.h.	dsrole_primary_domain_info_basic,dsrolefreememory,dsrolegetprimarydomaininformation
Dvdata.h, Dvdata.idl	157	chm/windows-ce-5.0/wcedvd5/html,learn/windows-ce-5.0,learn/windows-ce-net-4x	Dvdata.h, Dvdata.idl.	dvd_audio_stream_attr,dvd_cell_piece,dvd_cell_playback,dvd_isrc,dvd_nav_cmd,dvd_pos_code,dvd_provider_id,dvd_rect,dvd_subpicture_stream_attr,dvd_text_item,dvd_text_language_unit,dvd_title_set_info,edvddomaintype,enavcmdarea,epgclinktype,epgcplaybackmode,idvddatasearchinfo,idvddatasearchinfogetaudiogapinfo,idvddatasearchinfogetc_idn,idvddatasearchinfogetcontrolinfo,idvddatasearchinfogetinterleavedunitendaddress,idvddatasearchinfogetnextinterleavedunit,idvddatasearchinfogetrefpictureaddress,idvddatasearchinfogetscrbase,idvddatasearchinfogetseamlessanglechangeaddress,idvddatasearchinfogetseamlesscategory,idvddatasearchinfogetsyncaudioaddress,idvddatasearchinfogetsyncspaddress,idvddatasearchinfogetunitendaddress,idvddatasearchinfogetunitstepaddress,idvddatasearchinfogetvob_id,idvddomain,idvddomaingetcellpieceenumerator,idvddomaingetpgc,idvddomaingetpgccount,idvddomaingetspace,idvddomaingetstreamattributes,idvddomaingettimemap,idvddomaingettitleset,idvddomaingettotalvideoobjects,idvddomaingettotalvobunits,idvddomaingettype,idvddomaingetvobfileid,idvddomaingetvobutableptr,idvddomaingetvolume,idvdhighlightinfo,idvdhighlightinfogetadjacentbutton,idvdhighlightinfogetbuttoncolorinfo,idvdhighlightinfogetbuttoncommand,idvdhighlightinfogetbuttoncount,idvdhighlightinfogetbuttonmode,idvdhighlightinfogetbuttonoffset,idvdhighlightinfogetbuttonpositioninfo,idvdhighlightinfogetdefaultactionbutton,idvdhighlightinfogethlistatus,idvdhighlightinfogetinitialselectionbutton,idvdhighlightinfogetnumberedbuttoncount,idvdhighlightinfogetptms,idvdhighlightinfogetstreaminginfo,idvdmenu,idvdmenugetdomain,idvdmenugetmenulanguageinfo,idvdnavdatastatussink,idvdnavdatastatussinknotifynewpci,idvdnavigatorsink,idvdparentalmanagementtable,idvdparentalmanagementtableconvertparentalleveltoid,idvdprogramchain,idvdprogramchaingetaudiostreamselector,idvdprogramchaingetcellplaybackinfo,idvdprogramchaingetcellposition,idvdprogramchaingetcontents,idvdprogramchaingetdomain,idvdprogramchaingetlink,idvdprogramchaingetnavcommand,idvdprogramchaingetnavcommandscount,idvdprogramchaingetpgcn,idvdprogramchaingetplaybackmode,idvdprogramchaingetplaybacktime,idvdprogramchaingetprogramentrycell,idvdprogramchaingetsubpicturepalette,idvdprogramchaingetsubpicturestreamselector,idvdprogramchaingetuseroperationcontrolmask,idvdrom,idvdromclosevob,idvdromopenvob,idvdromreadvmgi,idvdromreadvob,idvdromreadvtsi,idvdromreleasemem,idvdstreamattributes,idvdstreamattributesgetaudioattr,idvdstreamattributesgetaudiocount,idvdstreamattributesgetaudiomultichanneluseattr,idvdstreamattributesgetsubpictureattr,idvdstreamattributesgetsubpicturecount,idvdstreamattributesgetvideoattr,idvdstreamcontrolinfo,idvdstreamcontrolinfogetblockaddress,idvdstreamcontrolinfogetcategory,idvdstreamcontrolinfogetcellrelativestarttime,idvdstreamcontrolinfogetdatasearchinfo,idvdstreamcontrolinfogetendsequenceptm,idvdstreamcontrolinfogethighlightinfo,idvdstreamcontrolinfogetnonseamlessanglechangeaddress,idvdstreamcontrolinfogetpresentationtimes,idvdstreamcontrolinfogetrecordingaudioinfo,idvdstreamcontrolinfogetrecordingsubpicturegroup,idvdstreamcontrolinfogetrecordingsubpictureinfo,idvdstreamcontrolinfogetrecordingvideoinfo,idvdstreamcontrolinfogetuseroperationcontrolmask,idvdstreamcontrolinforeaderlock,idvdstreamcontrolinforeaderunlock,idvdstreamcontrolinfosetnavigationpack,idvdtextmanager,idvdtextmanagerenumeratetextlanguageunits,idvdtextmanagerenumeratetitletextitems,idvdtextmanagergettextitemscount,idvdtimemap,idvdtimemapgettableheader,idvdtimemapgetvobuaddress,idvdtitleset,idvdtitlesetgetcategory,idvdtitlesetgetdomain,idvdtitlesetgetmenu,idvdtitlesetgetspecversion,idvdtitlesetgettitlepart,idvdtitlesetgettotaltitleunitcount,idvdtitlesetgetvolume,idvdtitlesetgetvtsn,idvdvideovolume,idvdvideovolumegetcategory,idvdvideovolumegetfirstplay,idvdvideovolumegetmenu,idvdvideovolumegetparentalmanagementtable,idvdvideovolumegetposcode,idvdvideovolumegetproviderid,idvdvideovolumegetspecversion,idvdvideovolumegettextdatamanager,idvdvideovolumegettitleset,idvdvideovolumegettitlesetattributes,idvdvideovolumegettitleunitinfo,idvdvideovolumegettotaltitleunitcount,idvdvideovolumegetvideotitlesetscount,idvdvideovolumegetvolumesetinfo,idvdvideovolumeinitdata,idvdvideovolumelock,idvdvideovolumeunlock,ienumdvd_cell_piece,ienumdvd_text_item,ienumdvd_text_language_unit,ienumdvd_xxxx,ienumdvd_xxxxclone,ienumdvd_xxxxnext,ienumdvd_xxxxreset,ienumdvd_xxxxskip,unicode_path
Dvdata.h, Dvdnav.h, Dvdata.idl, Dvdnav.idl	0	chm/windows-ce-5.0/wcedvd5/html,learn/windows-ce-5.0	Dvdata.h, Dvdnav.h, Dvdata.idl, Dvdnav.idl.	
Dvdcss.idl	13	learn/windows-ce-5.0,learn/windows-ce-net-4x	Dvdcss.idl.	idvddecodercss,idvddecodercssbypassdescrambler,idvddecodercssenabledescrambler,idvddecodercssgetchallenge,idvddecodercssgetresponsekey,idvddecodercssinitiateauthentication,idvddecodercssnewdisk,idvddecodercssresetauthentication,idvddecodercsssenddrivechallenge,idvddecodercsssenddriveresponsekey,idvddecodercsssendscrambleddiskkeydata,idvddecodercsssendtitlekey,idvddecodercsssetsectorlength
Dvddata.h	2	chm/windows-ce-5.0/wcedvd5/html,learn/windows-ce-5.0,learn/windows-ce-net-4x,learn/windows-embedded-ce-6.0	Dvddata.h.,Dvddata.h	idvdrombind,idvdromunbind
Dvddrvr.idl	42	learn/windows-ce-5.0,learn/windows-ce-net-4x	Dvddrvr.idl.	edvdaspectratiomode,edvdaudiofreq,edvdaudiostreamtype,edvddisplayaspectratio,edvdlpcmquantization,edvdsynceventtype,ehighlightaction,ibitstreamprocessor,ibitstreamprocessorgetdmachannel,ibitstreamprocessorgetdmachannelcount,ibitstreamprocessorgetlabeleddmachannel,ibitstreamprocessorinit,ibitstreamprocessorsetbitstreamtype,idmachannel,idmachannelabortalltransfers,idmachannelgetlabel,idmachannelgetmaxoutstandingtransfers,idmachannelgetpendingtransfercount,idmachannelondiscontinuity,idmachannelrequesttransfer,idmachannelsetdatanotificationthreshold,idmachannelsetthresholdcallback,idvdrenderer,idvdrendererabort,idvdrenderergetaudiocaps,idvdrenderergethighlightedbutton,idvdrenderergetscancaps,idvdrendererhighlight,idvdrendererplay,idvdrendererregistersyncevent,idvdrendererscan,idvdrenderersetaps,idvdrenderersetaspectratiomode,idvdrenderersetaudiostreamnumber,idvdrenderersetaudiostreamtype,idvdrenderersetcontentaspectratio,idvdrenderersetdisplayaspectratio,idvdrenderersetpalette,idvdrenderersetsubpicturestreamnumber,idvdrendererslow,idvdrendererstep,idvdrendererunregistersyncevent
Dvdioctl.h	2	learn/windows-ce-5.0	Dvdioctl.h.	dvd_regionce,ioctl_dvd_get_region
Dvdnav.h, Dvdnav.idl	50	chm/windows-ce-5.0/wcedvd5/html,learn/windows-ce-5.0,learn/windows-ce-net-4x	Dvdnav.h, Dvdnav.idl.	dvdusergopdata,eddvdplaybackstate,edvdnavexception,edvdsparamevent,idvdnavigationmanager,idvdnavigationmanagerbuttonselectdirect,idvdnavigationmanagergetgparameter,idvdnavigationmanagergetplaybackstate,idvdnavigationmanagergetscancaps,idvdnavigationmanagergetsparameter,idvdnavigationmanagersetsparameter,idvdnavigationmanagersetvolume,idvdnavigationmangeruserenderer,idvdnavigatorsinkconfirmtemporaryparentallevel,idvdnavigatorsinkinitializesystemparameters,idvdnavigatorsinkondiskreaderror,idvdnavigatorsinkongopuserdata,idvdnavigatorsinkongprmchange,idvdnavigatorsinkonnavigationexception,idvdnavigatorsinkonnewcell,idvdnavigatorsinkonnewprogram,idvdnavigatorsinkonnewprogramchain,idvdnavigatorsinkonplaybackstatechange,idvdnavigatorsinkonsprmchange,idvdnavigatorsinkonuopchange,idvduseroperation,idvduseroperationbackwardscan,idvduseroperationbuttonactivate,idvduseroperationbuttonselect,idvduseroperationbuttonselectandactivate,idvduseroperationchangeangle,idvduseroperationchangeaudiostream,idvduseroperationchangesubpicturestream,idvduseroperationforwardscan,idvduseroperationgoup,idvduseroperationmenucall,idvduseroperationmenulanguageselect,idvduseroperationparentalcountryselect,idvduseroperationparentallevelselect,idvduseroperationpartplay,idvduseroperationpause,idvduseroperationprogramsearch,idvduseroperationpttsearch,idvduseroperationresume,idvduseroperationstilloff,idvduseroperationstop,idvduseroperationtimeplay,idvduseroperationtimesearch,idvduseroperationtitleplay,idvduseroperationvideopresentationmodechange
Dvp.h	26	chm/windows-ce-5.0/wceddraw5/html,learn/windows-ce-5.0,learn/windows-ce-net-4x,win32/api/dvp	Dvp.h.,Dvp.h	ddvideoportbandwidth,ddvideoportcaps,ddvideoportconnect,ddvideoportdesc,ddvideoportinfo,ddvideoportstatus,iddvideoportcontainer,iddvideoportcontainercreatevideoport,iddvideoportcontainerenumvideoports,iddvideoportcontainergetvideoportconnectinfo,iddvideoportcontainerqueryvideoportstatus,idirectdrawvideoport,idirectdrawvideoportflip,idirectdrawvideoportgetbandwidthinfo,idirectdrawvideoportgetcolorcontrols,idirectdrawvideoportgetfieldpolarity,idirectdrawvideoportgetinputformats,idirectdrawvideoportgetoutputformats,idirectdrawvideoportgetvideoline,idirectdrawvideoportgetvideosignalstatus,idirectdrawvideoportsetcolorcontrols,idirectdrawvideoportsettargetsurface,idirectdrawvideoportstartvideo,idirectdrawvideoportstopvideo,idirectdrawvideoportupdatevideo,idirectdrawvideoportwaitforsync
DwCeDump.h	15	learn/windows-ce-5.0	DwCeDump.h.	_cedump_bucket_parameters,_cedump_element_list,_cedump_exception,_cedump_exception_stream,_cedump_memory_list,_cedump_system_info,_cedump_thread_call_stack,_cedump_thread_call_stack_frame,_cedump_thread_call_stack_list,_minidump_directory,_minidump_header,_minidump_location_descriptor,_minidump_memory_descriptor,_minidump_stream_type,_minidump_string
DwCeDump.h, OsAxsFlexi.h	1	learn/windows-ce-5.0	DwCeDump.h, OsAxsFlexi.h.	_cedump_field_info
DwDumpTxt.h	1	learn/windows-embedded-ce-6.0	DwDumpTxt.h	closedmptxt
Efilter.h	1	chm/windows-ce-3.0,msdn-library/techshelps/WCEDDK,msdn-library/wcedevcon-99/wceddk	Efilter.h	eth_copy_network_address
Enumvariant.h, Cemgr.idl	3	chm/windows-ce-4.2/remtools/htm,learn/windows-ce-5.0	Enumvariant.h, Cemgr.idl.	ienumvariant,ienumvariantcount,ienumvariantitem
ErrorRep.h	1	chm/windows-ce-5.0/wcecore5/html,learn/windows-ce-5.0	ErrorRep.h.	reportfault
Ethdbg.h	11	chm/windows-ce-3.0	Ethdbg.h	edbg_boot_callback_func,edbg_bootme_data,edbgderegisterbootcallback,edbgderegisterclient,edbggetdeviceinfo,edbgrecv,edbgregisterbootcallback,edbgregisterclient,edbgresetdevice,edbgsend,edbgsetdebug
Excpt.h	4	chm/windows-ce-3.0,chm/windows-ce-5.0/wcecore5/html,learn/windows-ce-5.0,msdn-library/wcedevcon-99/wcesdkr	Excpt.h,Excpt.h.	abnormaltermination,exception_pointers,getexceptioncode,getexceptioninformation
Exdi.h, Exdi.idl	2	learn/unclassified	Exdi.h, Exdi.idl.	debug_access_capabilities_struct,global_target_info_struct
Exdisp.h	1	msdn-library/techshelps/CEGUIDE/devdoc/good/wince	Exdisp.h	iwebbrowsernavigate
Externs.h	20	learn/windows-ce-5.0	Externs.h.	miniportcancelsendpackets,miniportcheckforhang,miniportdisableinterrupt,miniportenableinterrupt,miniporthalt,miniporthandleinterrupt,miniportinitialize,miniportisr,miniportqueryinformation,miniportreconfigure,miniportreset,miniportreturnpacket,miniportsend,miniportsendpackets,miniportsetinformation,miniportshutdown,miniportsynchronizeisr,miniporttimer,miniporttransferdata,miniportwansend
Extfile.h	2	chm/windows-ce-3.0,learn/windows-ce-5.0	Extfile.h,Extfile.h.	filechangeinfo,shellfilechangefunc_t
Fatui.h	3	chm/windows-ce-3.0	Fatui.h	fatuidata,fatuievent,uiparam
Fatutil.h	7	learn/windows-ce-5.0,learn/windows-embedded-ce-6.0	Fatutil.h,Fatutil.h.	defrag_params,defrag_results,format_options,format_params,format_results,scan_params,scan_results
FlashCommon.h	5	learn/windows-embedded-ce-6.0	FlashCommon.h	block_run,flash_region_info,flash_region_info_flags,partition_id,sector_run
FlashMdd.h	19	learn/windows-embedded-ce-6.0	FlashMdd.h	flash_get_sector_address,flash_partition_create_info,flash_partition_flags,flash_partition_info,flash_sector_delete,flash_sector_transfer,flash_transfer_request,flash_transfer_request_flags,ioctl_flash_create_partition,ioctl_flash_delete_logical_sectors,ioctl_flash_format_partition,ioctl_flash_format_store,ioctl_flash_get_partition_table,ioctl_flash_get_region_free_space,ioctl_flash_get_sector_address,ioctl_flash_lock_partitions,ioctl_flash_read_logical_sectors,ioctl_flash_secure_wipe,ioctl_flash_write_logical_sectors
FlashPdd.h	21	learn/windows-embedded-ce-6.0	FlashPdd.h	flash_block_status,flash_get_block_status_request,flash_get_physical_sector_address_request,flash_identity_info,flash_life_cycle_info,flash_pdd_copy,flash_pdd_transfer,flash_read_status,flash_set_block_status_request,ioctl_flash_pdd_copy_physical_sectors,ioctl_flash_pdd_erase_blocks,ioctl_flash_pdd_get_block_status,ioctl_flash_pdd_get_identity_info,ioctl_flash_pdd_get_life_cycle_info,ioctl_flash_pdd_get_physical_sector_address,ioctl_flash_pdd_get_region_count,ioctl_flash_pdd_get_region_info,ioctl_flash_pdd_lock_blocks,ioctl_flash_pdd_read_physical_sectors,ioctl_flash_pdd_set_block_status,ioctl_flash_pdd_write_physical_sectors
FlexiPMTInfo.h	8	learn/windows-ce-5.0,learn/windows-embedded-ce-6.0	FlexiPMTInfo.h.,FlexiPMTInfo.h	flexi_getdata_type,iflexiptminfogetdata,iflexiptminfogetdescriptiontables,module_field_ids,proc_field_ids,ptm_field_desc,ptm_raw_data,thread_field_ids
Fmd.h	21	learn/windows-ce-5.0,learn/windows-ce-net-4x	Fmd.h.	blocklockinfo,delete_sector_info,flashinfo,fmd_deinit,fmd_eraseblock,fmd_getblockstatus,fmd_getinfo,fmd_init,fmd_oemiocontrol,fmd_powerdown,fmd_powerup,fmd_readsector,fmd_setblockstatus,fmd_writesector,fmdinterface,ioctl_disk_delete_sectors,ioctl_fmd_get_interface,ioctl_fmd_lock_blocks,ioctl_fmd_set_xipmode,ioctl_fmd_unlock_blocks,sectorinfo
Formatdisk.h	3	learn/windows-ce-5.0	Formatdisk.h.	formatvolume,formatvolumeex,formatvolumeui
FsdMgr.h	2	learn/windows-ce-5.0	FsdMgr.h.	myfsd_readfilescatter,myfsd_writefilegather
Fsdmgr.h	71	chm/windows-ce-3.0,learn/windows-ce-5.0,learn/windows-ce-net-4x,msdn-library/wcedevcon-99/wcesdkr	Fsdmgr.h,Fsdmgr.h.	cachedread,cachedwrite,cacheiocontrol,createcache,deletecache,filelockstate,filterhook,flushcache,fsd_buffer_info,fsd_disk_info,fsd_hookvolume,fsd_mountdisk,fsd_scatter_gather_info,fsd_scatter_gather_results,fsd_unhookvolume,fsd_unmountdisk,fsd_volume_info,fsdmgr_createfilehandle,fsdmgr_createsearchhandle,fsdmgr_deregistervolume,fsdmgr_devicehandletohdsk,fsdmgr_diskiocontrol,fsdmgr_emptylockcontainer,fsdmgr_getdiskinfo,fsdmgr_getregistryflag,fsdmgr_getregistrystring,fsdmgr_getregistryvalue,fsdmgr_getvolumename,fsdmgr_readdisk,fsdmgr_readdiskex,fsdmgr_registervolume,fsdmgr_writedisk,fsdmgr_writediskex,invalidatecache,myfsd_closefile,myfsd_closevolume,myfsd_createdirectoryw,myfsd_createfilew,myfsd_deleteandrenamefilew,myfsd_deletefilew,myfsd_deviceiocontrol,myfsd_findclose,myfsd_findfirstfilew,myfsd_findnextfilew,myfsd_flushfilebuffers,myfsd_fsiocontrol,myfsd_getdiskfreespacew,myfsd_getfileattributesw,myfsd_getfileinformationbyhandle,myfsd_getfilesize,myfsd_getfiletime,myfsd_getvolumeinfo,myfsd_lockfileex,myfsd_mountdisk,myfsd_movefilew,myfsd_notify,myfsd_readfile,myfsd_readfilewithseek,myfsd_registerfilesystemfunction,myfsd_removedirectoryw,myfsd_setendoffile,myfsd_setfileattributesw,myfsd_setfilepointer,myfsd_setfiletime,myfsd_unlockfileex,myfsd_unmountdisk,myfsd_writefile,myfsd_writefilewithseek,pemptylockcontainer,resizecache,synccache
Fsgmgr.h	1	msdn-library/wcedevcon-99/wcesdkr	Fsgmgr.h	myfsd_getdiskfreespacew
Fsioctl.h	14	learn/windows-ce-5.0	Fsioctl.h,Fsioctl.h.	ce_registry_info,file_allocated_range_buffer,file_copy_external,file_zero_data_information,fsctl_copy_external_complete,fsctl_copy_external_start,fsctl_get_compression,fsctl_get_registry_info,fsctl_query_allocated_ranges,fsctl_set_compression,fsctl_set_sparse,fsctl_set_zero_data,fsctl_user,fssctl_flush_buffers
Fwapi.h	20	chm/windows-ce-5.0/wcefirewall5/html,learn/windows-ce-5.0,learn/windows-ce-net-4x	Fwapi.h.,Fwapi.h	firewallcreaterule,firewalldeleterule,firewallenable,firewallenablerule,firewallgetrules,firewallloginit,firewalllogpacket,firewallloguninit,firewallrefresh,firewallsetinterface,fw_actions,fw_days,fw_directions,fw_ip_address,fw_log_entry,fw_rule,fw_rule_flags,hrule,isfirewallenabled,isinterfacefirewalled
GDI.hpp	1	learn/windows-ce-5.0	GDI.hpp	gdigetoutlinetextmetricsw_i
Gcacheview.hpp	5	chm/windows-ce-5.0/wceui5/html,learn/windows-ce-5.0,learn/windows-ce-net-4x	Gcacheview.hpp.	cacheview_t,cacheview_tcomputeminwindowsize,cacheview_tgwecachesetsyscolors,cacheview_tinit,cacheview_tsystemmetrics
Gdi.hpp	105	chm/windows-ce-5.0/wceui5/html,learn/windows-ce-5.0,learn/windows-ce-net-4x	Gdi.hpp.,Gdi.hpp	gdi,gdi_getstretchbltmode_i,gdi_setstretchbltmode_i,gdiabortdoc_i,gdiaddfontresourcew_i,gdialphablend_i,gdibitblt_i,gdiceremovefontresource_i,gdicombinergn_i,gdicreatebitmap_i,gdicreatecompatiblebitmap_i,gdicreatecompatibledc_i,gdicreatedcw_i,gdicreatedibpatternbrushpt_i,gdicreatefontindirectw_i,gdicreatepalette_i,gdicreatepatternbrush_i,gdicreatepen_i,gdicreatepenindirect_i,gdicreatepermanentdibsection,gdicreaterectrgn_i,gdicreaterectrgnindirect_i,gdicreatesolidbrush_i,gdideletedc_i,gdideleteobject_i,gdidibbytewidth,gdidibsize,gdidrawedge_i,gdidrawfocusrect_i,gdidrawtextw_i,gdiellipse_i,gdienableeudc_i,gdienddoc_i,gdiendpage_i,gdienumdisplaymonitors_i,gdienumfontfamiliesexw_i,gdienumfontfamiliesw_i,gdienumfontsw_i,gdiexcludecliprect_i,gdiextescape_i,gdiexttextoutw_i,gdifillrect_i,gdifillrgn_i,gdigdisetobjectowner_i,gdigetbkcolor_i,gdigetbkmode_i,gdigetclipbox_i,gdigetcliprgn_i,gdigetcurrentobject_i,gdigetdevicecaps_i,gdigetmonitorinfo_i,gdigetnearestcolor_i,gdigetnearestpaletteindex_i,gdigetobjecttype_i,gdigetobjectw_i,gdigetpaletteentries_i,gdigetpixel_i,gdigetregiondata_i,gdigetrgnbox_i,gdigetsyscolorbrush_i,gdigetsystempaletteentries_i,gdigettextcharacterextra_i,gdigettextcolor_i,gdigettextextentexpointw_i,gdigettextfacew_i,gdigettextmetricsw_i,gdiintersectcliprect_i,gdiinvertrect_i,gdimaskblt_i,gdimonitorfrompoint_i,gdimonitorfromrect_i,gdimonitorfromwindow_i,gdioffsetrgn_i,gdipatblt_i,gdipolygon_i,gdipolyline_i,gdiptinregion_i,gdirealizepalette_i,gdirectangle_i,gdirectinregion_i,gdirectvisible_i,gdiremovefontresourcew_i,gdirestoredc_i,gdiroundrect_i,gdisavedc_i,gdiscrolldc_i,gdiselectcliprgn_i,gdiselectobject_i,gdiselectpalette_i,gdisetabortproc_i,gdisetbkcolor_i,gdisetbkmode_i,gdisetbrushorgex_i,gdisetpaletteentries_i,gdisetpixel_i,gdisetrectrgn_i,gdisetrop2_i,gdisettextcharacterextra_i,gdisettextcolor_i,gdisetviewportorgex_i,gdistartdocw_i,gdistartpage_i,gdistretchblt_i,gditranslatecharsetinfo_i,gditransparentimage_i
Gdiplus.h	11	win32/api/gdiplusenums,win32/api/gdiplusimaging,win32/api/gdipluspixelformats	Gdiplus.h	bitmapdata,colorpalette,encoderparameter,encoderparameters,encoderparametervaluetype,encodervalue,imagecodecflags,imagecodecinfo,imageflags,imagelockmode,propertyitem
Giisr.h	1	learn/windows-ce-5.0,learn/windows-ce-net-4x	Giisr.h.	giisr_info
Gpe.h	16	learn/windows-ce-5.0,learn/windows-ce-net-4x	Gpe.h.,Gpe.h	getgpe,gpeallocsurface,gpebltcomplete,gpebltparms,gpebltprepare,gpeenabledriver,gpegetmodeinfo,gpeline,gpelineparms,gpemode,gpemovepointer,gpenummodes,gpesetmode,gpesetpointershape,gpesurfgpesurf,gpesurfinit
GuidDef.h	1	win32/api/guiddef,win32/api/objbase,win32/api/winddi	GuidDef.h	isequalguid
GweBypassCoredllThunk.hpp	53	chm/windows-ce-5.0/wceui5/html,learn/windows-ce-5.0,learn/windows-ce-net-4x	GweBypassCoredllThunk.hpp.	gwebypasscoredllthunk_t,gwebypasscoredllthunk_tbeginpaint_i,gwebypasscoredllthunk_tbringwindowtotop_i,gwebypasscoredllthunk_tchildwindowfrompoint_i,gwebypasscoredllthunk_tclienttoscreen_i,gwebypasscoredllthunk_tdefwindowprocw_i,gwebypasscoredllthunk_tdestroywindow_i,gwebypasscoredllthunk_tenablewindow_i,gwebypasscoredllthunk_tendpaint_i,gwebypasscoredllthunk_tenumpropsex_i,gwebypasscoredllthunk_tgetassociatedmenu_i,gwebypasscoredllthunk_tgetclasslongw_i,gwebypasscoredllthunk_tgetclassnamew_i,gwebypasscoredllthunk_tgetclientrect_i,gwebypasscoredllthunk_tgetdc_i,gwebypasscoredllthunk_tgetdcex_i,gwebypasscoredllthunk_tgetparent_i,gwebypasscoredllthunk_tgetprop_i,gwebypasscoredllthunk_tgetsbinfointernal,gwebypasscoredllthunk_tgetupdaterect_i,gwebypasscoredllthunk_tgetupdatergn_i,gwebypasscoredllthunk_tgetwindow_i,gwebypasscoredllthunk_tgetwindowdc_i,gwebypasscoredllthunk_tgetwindowlongw_i,gwebypasscoredllthunk_tgetwindowrect_i,gwebypasscoredllthunk_tgetwindowrgn_i,gwebypasscoredllthunk_tgetwindowtextlengthw_i,gwebypasscoredllthunk_tgetwindowtextw_i,gwebypasscoredllthunk_tgetwindowthreadprocessid_i,gwebypasscoredllthunk_tinvalidaterect_i,gwebypasscoredllthunk_tischild_i,gwebypasscoredllthunk_tiswindow_i,gwebypasscoredllthunk_tiswindowenabled_i,gwebypasscoredllthunk_tiswindowvisible_i,gwebypasscoredllthunk_tmovewindow_i,gwebypasscoredllthunk_trectangleanimation_i,gwebypasscoredllthunk_treleasedc_i,gwebypasscoredllthunk_tremoveprop_i,gwebypasscoredllthunk_tscreentoclient_i,gwebypasscoredllthunk_tscrollwindowex_i,gwebypasscoredllthunk_tsetassociatedmenu_i,gwebypasscoredllthunk_tsetclasslongw_i,gwebypasscoredllthunk_tsetparent_i,gwebypasscoredllthunk_tsetprop_i,gwebypasscoredllthunk_tsetwindowlongw_i,gwebypasscoredllthunk_tsetwindowpos_i,gwebypasscoredllthunk_tsetwindowrgn_i,gwebypasscoredllthunk_tsetwindowtextw_i,gwebypasscoredllthunk_tshowwindow_i,gwebypasscoredllthunk_tupdatewindow_i,gwebypasscoredllthunk_tvalidaterect_i,stockobjecthandles,stockobjecthandlesgetstockobject_i
Gwebypasscoredllthunk.hpp	9	chm/windows-ce-5.0/wceui5/html,learn/windows-ce-5.0,learn/windows-ce-net-4x	Gwebypasscoredllthunk.hpp.	createiconindirect_i,destroyicon_i,drawiconex_i,getforegroundwindow_i,killtimer_i,loadiconw_i,sendmessagew_i,setforegroundwindow_i,settimer_i
Halether.h	21	chm/windows-ce-3.0,learn/windows-ce-5.0,learn/windows-ce-net-4x	Halether.h.,Halether.h	calledbgderegisterclient,calledbgrecv,calledbgregisterclient,calledbgsend,calledbgsetdebug,ebootetherreaddata,ebootgetdhcpaddr,ebootinitethertransport,ebootwaitforhostconnect,edbg_adapter,edbg_addr,edbgoutputdebugstring,edbgsendudp,oemethdisableints,oemethenableints,oemethgetframe,oemethgetsecs,oemethinit,oemethisr,oemethqueryclientinfo,oemethsendframe
Hcdddsi.h or Ohcdddsi.h	19	learn/windows-ce-5.0,learn/windows-embedded-ce-6.0	Hcdddsi.h or Ohcdddsi.h,Hcdddsi.h or Ohcdddsi.h.	hcdmdd_createhcdobject,hcdmdd_creatememoryobject,hcdmdd_destroyhcdobject,hcdmdd_destroymemoryobject,hcdmdd_powerdown,hcdmdd_powerup,hcdmdd_setcapability,hcdpdd_checkconfigpower,hcdpdd_close,hcdpdd_deinit,hcdpdd_dllmain,hcdpdd_init,hcdpdd_iocontrol,hcdpdd_open,hcdpdd_powerdown,hcdpdd_powerup,hcdpdd_read,hcdpdd_seek,hcdpdd_write
Headerview.hpp	4	chm/windows-ce-5.0/wceui5/html,learn/windows-ce-5.0,learn/windows-ce-net-4x	Headerview.hpp.	headerview_t,headerview_tcalcoffset,headerview_tdrawbuttonborder,headerview_theight
Hiddi.h	11	learn/windows-ce-5.0,learn/windows-ce-net-4x	Hiddi.h.	hid_driver_settings,hid_funcs,hid_string_type,hiddeviceattach,hiddevicenotifications,lpget_interrupt_report,lpget_queue_size,lpget_report,lpget_string,lpset_queue_size,lpset_report
Hidparse.h	1	learn/windows-ce-5.0	Hidparse.h.	hidp_preparsed_data
Hidpddi.h	2	learn/windows-ce-5.0,learn/windows-ce-net-4x	Hidpddi.h.	hidp_freecollectiondescription,hidp_getcollectiondescription
Hidpi.h	39	learn/windows-ce-5.0,learn/windows-ce-net-4x	Hidpi.h.	hidp_button_caps,hidp_caps,hidp_data,hidp_extended_attributes,hidp_getbuttoncaps,hidp_getbuttons,hidp_getbuttonsex,hidp_getcaps,hidp_getdata,hidp_getextendedattributes,hidp_getlinkcollectionnodes,hidp_getscaledusagevalue,hidp_getspecificbuttoncaps,hidp_getspecificvaluecaps,hidp_getusages,hidp_getusagesex,hidp_getusagevalue,hidp_getusagevaluearray,hidp_getvaluecaps,hidp_initializereportforid,hidp_issameusageandpage,hidp_keyboard_direction,hidp_link_collection_node,hidp_maxdatalistlength,hidp_maxusagelistlength,hidp_report_type,hidp_setbuttons,hidp_setdata,hidp_setscaledusagevalue,hidp_setusages,hidp_setusagevalue,hidp_setusagevaluearray,hidp_unknown_token,hidp_unsetbuttons,hidp_unsetusages,hidp_usageandpagelistdifference,hidp_usagelistdifference,hidp_value_caps,usage_and_page
Htmlctrl.h	21	chm/windows-ce-3.0,msdn-library/techshelps/CEGUIDE/devdoc/good/wince,msdn-library/wcedevcon-99/wcesdkr	Htmlctrl.h	dtm_addtext,dtm_addtextw,dtm_anchor,dtm_anchorw,dtm_enableshrink,dtm_endofsource,dtm_imagefail,dtm_selectall,dtm_setimage,htmlcontext,inithtmlcontrol,inlineimageinfo,nm_base,nm_contextmenu,nm_hotspot,nm_htmlcontext,nm_htmlview,nm_inline_image,nm_inline_sound,nm_meta,nm_title
Httpext.h	11	learn/windows-ce-5.0	Httpext.h.,Httpext.h	extension_control_block,getextensionversion,getservervariable,hse_send_header_ex_info,hse_url_mapex_info,hse_version_info,httpextensionproc,readclient,serversupportfunction,terminateextension,writeclient
Httpfilt.h	21	chm/windows-ce-3.0,learn/windows-ce-5.0	Httpfilt.h.,Httpfilt.h	addheader,addresponseheaders,allocmem,getfilterversion,getheader,getservervariable,http_filter_access_denied,http_filter_authent,http_filter_context,http_filter_log,http_filter_preproc_headers,http_filter_raw_data,http_filter_send_response,http_filter_url_map,http_filter_version,httpfilterproc,serversupportfunction,setheader,sf_req_type,terminatefilter,writeclient
IAccess.h	7	chm/windows-ce-5.0/wcedcom5/html,learn/windows-ce-5.0,learn/windows-ce-net-4x	IAccess.h.	iaccesscontrol,iaccesscontrolgetallaccessrights,iaccesscontrolgrantaccessrights,iaccesscontrolisaccessallowed,iaccesscontrolrevokeaccessrights,iaccesscontrolsetaccessrights,iaccesscontrolsetowner
IExchangeClient.h, IExchangeClient.idl	46	chm/windows-ce-5.0/wceexchclient5/html,learn/windows-ce-5.0	IExchangeClient.h, IExchangeClient.idl.	contactssearchcriteria,exchangeclientrequeststatus,exchangeclientrequesttype,freebusycriteria,galsearchcriteria,iexchangeclient,iexchangeclientcancelpendingrequests,iexchangeclientcontactinformation,iexchangeclientcontactinformationgetdisplayname,iexchangeclientcontactinformationgetemailaddress,iexchangeclientcontactinformationgethomeaddress,iexchangeclientcontactinformationgethomephonenumber,iexchangeclientcontactinformationgetmobilephonenumber,iexchangeclientcontactinformationgetworkaddress,iexchangeclientcontactinformationgetworkphonenumber,iexchangeclientdataitemarray,iexchangeclientdataitemarraygetitemat,iexchangeclientdataitemarraygetitemcount,iexchangeclientfreebusyinformation,iexchangeclientfreebusyinformationgetdisplayname,iexchangeclientfreebusyinformationgetemailaddress,iexchangeclientfreebusyinformationgetfreebusydata,iexchangeclientgalsearchinformation,iexchangeclientgalsearchinformationgetalias,iexchangeclientgalsearchinformationgetdisplayname,iexchangeclientgalsearchinformationgetoffice,iexchangeclientgalsearchinformationgetphonenumber,iexchangeclientgalsearchinformationgetsmtpaddress,iexchangeclientgetserver,iexchangeclientinitialize,iexchangeclientrequest,iexchangeclientrequestcallback,iexchangeclientrequestcallbackonrequestprogress,iexchangeclientrequestcallbackonshutdown,iexchangeclientrequestcancel,iexchangeclientrequestcontacts,iexchangeclientrequestfreebusydata,iexchangeclientrequestgalsearch,iexchangeclientrequestgetdataitemarray,iexchangeclientrequestgethttpstatus,iexchangeclientrequestgetstatus,iexchangeclientrequestgettype,iexchangeclientsetcredentials,iexchangeclientsetserver,iexchangeclientuninitialize,owaec_e_
IFlexiPTMInfo.h	1	learn/windows-ce-5.0,learn/windows-embedded-ce-6.0	IFlexiPTMInfo.h.,IFlexiPTMInfo.h	iflexiptminfogetdescriptiontables2
IOsAccess.h	2	learn/windows-ce-5.0,learn/windows-embedded-ce-6.0	IOsAccess.h,IOsAccess.h.	iosaxsmodulegetcvdebuginfo,iosaxswatsondumpsnapcurrentdevicestate
Icmpapi.h	10	chm/windows-ce-3.0,chm/windows-ce-5.0/wcetcpip5/html,learn/windows-ce-5.0,learn/windows-ce-net-4x,msdn-library/techshelps/CEGUIDE/devdoc/good/wince,msdn-library/wcedevcon-99/wcesdkr	Icmpapi.h.,Icmpapi.h	icmp6createfile,icmp6parsereplies,icmp6sendecho2,icmp_echo_reply,icmpclosehandle,icmpcreatefile,icmpparsereplies,icmpsendecho,icmpsendecho2,ip_option_information
Iltiming.h	1	chm/windows-ce-3.0,learn/windows-ce-5.0,learn/windows-ce-net-4x	Iltiming.h.,Iltiming.h	iltiming_message
Imaging.h	92	chm/windows-ce-5.0/wceimaging5/html,learn/windows-ce-5.0	Imaging.h.,Imaging.h	argb,bitmapdata,bufferdisposalflag,colorpalette,decoderinitflag,encoderparameter,encoderparameters,encoderparametervaluetype,encodervalue,ibasicbitmapopsadjustbrightness,ibasicbitmapopsadjustcontrast,ibasicbitmapopsadjustgamma,ibasicbitmapopsclone,ibasicbitmapopsflip,ibasicbitmapopsresize,ibasicbitmapopsrotate,ibitmapimagegetpalette,ibitmapimagegetpixelformatid,ibitmapimagegetsize,ibitmapimagelockbits,ibitmapimagesetpalette,ibitmapimageunlockbits,iimagedecoderbegindecode,iimagedecoderdecode,iimagedecoderenddecode,iimagedecodergetallpropertyitems,iimagedecodergetframecount,iimagedecodergetframedimensionscount,iimagedecodergetframedimensionslist,iimagedecodergetimageinfo,iimagedecodergetpropertycount,iimagedecodergetpropertyidlist,iimagedecodergetpropertyitem,iimagedecodergetpropertyitemsize,iimagedecodergetpropertysize,iimagedecodergetthumbnail,iimagedecoderinitdecoder,iimagedecoderquerydecoderparam,iimagedecoderremovepropertyitem,iimagedecoderselectactiveframe,iimagedecodersetdecoderparam,iimagedecodersetpropertyitem,iimagedecoderterminatedecoder,iimagedraw,iimageencodergetencoderparameterlist,iimageencodergetencoderparameterlistsize,iimageencodergetencodesink,iimageencoderinitencoder,iimageencodersetencoderparameters,iimageencodersetframedimension,iimageencoderterminateencoder,iimagegetimageinfo,iimagegetphysicaldimension,iimagegetthumbnail,iimagepushintosink,iimagesetimageflags,iimagesinkbeginsink,iimagesinkendsink,iimagesinkgetpixeldatabuffer,iimagesinkgetpropertybuffer,iimagesinkneedrawproperty,iimagesinkneedtransform,iimagesinkpushpixeldata,iimagesinkpushpropertyitems,iimagesinkpushrawdata,iimagesinkpushrawinfo,iimagesinkreleasepixeldatabuffer,iimagesinksetpalette,iimagingfactorycreatebitmapfrombuffer,iimagingfactorycreatebitmapfromimage,iimagingfactorycreateimagedecoder,iimagingfactorycreateimageencodertofile,iimagingfactorycreateimageencodertostream,iimagingfactorycreateimagefrombuffer,iimagingfactorycreateimagefromfile,iimagingfactorycreateimagefromstream,iimagingfactorycreatenewbitmap,iimagingfactorygetinstalleddecoders,iimagingfactorygetinstalledencoders,iimagingfactoryinstallimagecodec,iimagingfactoryuninstallimagecodec,imagecodecflags,imagecodecinfo,imageflags,imageinfo,imagelockmode,interpolationhint,makeargb,pixelformat,pixelformatid,propertyitem,sinkflags
Imjpskin.h	73	chm/windows-ce-5.0/wcejpn5/html,learn/windows-ce-5.0	Imjpskin.h.	cimecuicandwindow,cimecuicandwindowcbottominfoareacbuttonadjustrect,cimecuicandwindowcbottominfoareacbuttonpaintbackground,cimecuicandwindowcbottominfoareacbuttonpainticon,cimecuicandwindowcbottominfoareagetmargins,cimecuicandwindowcbottominfoareagettextcolor,cimecuicandwindowcbottominfoareaisavailable,cimecuicandwindowcbottominfoareapaintbackground,cimecuicandwindowcbottominfoareausecandmenubutton,cimecuicandwindowcbottominfoareausecandnumtext,cimecuicandwindowcbottominfoareausesortbutton,cimecuicandwindowccandlistareagetmargins,cimecuicandwindowccandlistareaitemcreaterenderingmetrics,cimecuicandwindowccandlistareaitemfreerenderingmetrics,cimecuicandwindowccandlistareaitemgetsize,cimecuicandwindowccandlistareaitempaintbackground,cimecuicandwindowccandlistareaitempaintcandidatestring,cimecuicandwindowccandlistareaitempaintinlinecomment,cimecuicandwindowccandlistareaitemsetsize,cimecuicandwindowccandlistareapaintbackground,cimecuicandwindowccandlistareascrollbarisvisiblealways,cimecuicandwindowcnumbuttonadjustrect,cimecuicandwindowcnumbuttonpaintbackground,cimecuicandwindowcnumbuttonpainticon,cimecuicandwindowcreadingsareacbuttonadjustrect,cimecuicandwindowcreadingsareacbuttonpaintbackground,cimecuicandwindowcreadingsareacbuttonpaintbitmap,cimecuicandwindowcreadingsareacbuttonpainttext,cimecuicandwindowcreadingsareagetmargins,cimecuicandwindowcreadingsareagettextcolor,cimecuicandwindowcreadingsareaisavailable,cimecuicandwindowcreadingsareapaintbackground,cimecuicandwindowgethorizontaloffset,cimecuicandwindowgetmargins,cimecuicandwindowgetmaxheight,cimecuicandwindowgetmaxitems,cimecuicandwindowgetwndstyle,cimecuicandwindowgetwndstyleex,cimecuicandwindowishoveractionsupported,cimecuicandwindowpaintbackground,cimecuicandwindowusenumbuttons,cimecuidefcompwindow,cimecuidefcompwindowclosebuttonadjustrect,cimecuidefcompwindowclosebuttongetsize,cimecuidefcompwindowclosebuttonpaintbackground,cimecuidefcompwindowclosebuttonpaintbitmap,cimecuidefcompwindowcompareagetmargins,cimecuidefcompwindowgetmargins,cimecuidefcompwindowgettextcolor,cimecuidefcompwindowgetwndstyle,cimecuidefcompwindowgetwndstyleex,cimecuidefcompwindowishoveractionsupported,cimecuidefcompwindowpaintbackground,cimecuidefcompwindowpaintgripper,cimecuitoolbar,cimecuitoolbarbuttonadjustrect,cimecuitoolbarbuttonareagetmargins,cimecuitoolbarbuttonareagetseparator,cimecuitoolbarbuttongetsize,cimecuitoolbarbuttonpaintbackground,cimecuitoolbarbuttonpaintbitmap,cimecuitoolbarbuttonpainticon,cimecuitoolbargetmargins,cimecuitoolbargetwndstyle,cimecuitoolbargetwndstyleex,cimecuitoolbarishoveractionsupported,cimecuitoolbaronoffbuttonadjustrect,cimecuitoolbaronoffbuttongetsize,cimecuitoolbaronoffbuttonpaintbackground,cimecuitoolbaronoffbuttonpaintbitmap,cimecuitoolbarpaintbackground,cimecuitoolbarpaintgripper,margins
Imm.h	116	chm/windows-ce-3.0,chm/windows-ce-5.0/wceimm5/html,chm/windows-ce-5.0/wcenls5/html,learn/windows-ce-5.0,learn/windows-ce-net-4x,msdn-library/wcedevcon-99/wcesdkr	Imm.h.,Imm.h	candidateform,candidateinfo,candidatelist,compositionform,compositionstr,enumregisterwordproc,guideline,imc_closestatuswindow,imc_getcandidatepos,imc_getcompositionfont,imc_getcompositionwindow,imc_getconversionmode,imc_getopenstatus,imc_getsentencemode,imc_getstatuswindowpos,imc_openstatuswindow,imc_setcandidatepos,imc_setcompositionfont,imc_setcompositionwindow,imc_setconversionmode,imc_setopenstatus,imc_setsentencemode,imc_setstatuswindowpos,imecharposition,imemenuiteminfo,immassociatecontext,immassociatecontextex,immconfigureime,immcreatecontext,immcreateimcc,immdestroycontext,immdestroyimcc,immdisableime,immenumregisterword,immescape,immgeneratemessage,immgetcandidatelist,immgetcandidatelistcount,immgetcandidatewindow,immgetcompositionfont,immgetcompositionstring,immgetcompositionwindow,immgetcontext,immgetconversionlist,immgetconversionstatus,immgetdefaultimewnd,immgetdescription,immgetguideline,immgethotkey,immgetimcclockcount,immgetimccsize,immgetimclockcount,immgetimefilename,immgetimemenuitems,immgetopenstatus,immgetproperty,immgetregisterwordstyle,immgetstatuswindowpos,immgetvirtualkey,immisime,immisuimessage,immlockimc,immlockimcc,immnotifyime,immregisterword,immreleasecontext,immresizeimcc,immsetcandidatewindow,immsetcompositionfont,immsetcompositionstring,immsetcompositionwindow,immsetconversionstatus,immsethotkey,immsetopenstatus,immsetstatuswindowpos,immsimulatehotkey,immsipanelstate,immunlockimc,immunlockimcc,immunregisterword,imn_changecandidate,imn_closecandidate,imn_closestatuswindow,imn_guideline,imn_opencandidate,imn_openstatuswindow,imn_setcandidatepos,imn_setcompositionfont,imn_setcompositionwindow,imn_setconversionmode,imn_setopenstatus,imn_setsentencemode,imn_setstatuswindowpos,imr_candidateform,imr_compositionfont,imr_compositionform,imr_confirmreconvertstring,imr_documentfeed,imr_querycharposition,imr_reconvertstring,inputcontext,reconvertstring,registerword,stylebuf,wm_ime_char,wm_ime_composition,wm_ime_compositionfull,wm_ime_control,wm_ime_endcomposition,wm_ime_keydown,wm_ime_keyup,wm_ime_notify,wm_ime_request,wm_ime_select,wm_ime_setcontext,wm_ime_startcomposition
Immdev.h	70	win32/api/imm,win32/api/immdev	Immdev.h	candidateform,candidatelist,compositionform,imecharposition,imemenuiteminfoa,imemenuiteminfow,immassociatecontext,immassociatecontextex,immconfigureimea,immconfigureimew,immcreatecontext,immdestroycontext,immdisableime,immenumregisterworda,immenumregisterwordw,immescapea,immescapew,immgetcandidatelista,immgetcandidatelistcounta,immgetcandidatelistcountw,immgetcandidatelistw,immgetcandidatewindow,immgetcompositionfonta,immgetcompositionfontw,immgetcompositionstringa,immgetcompositionstringw,immgetcompositionwindow,immgetcontext,immgetconversionlista,immgetconversionlistw,immgetconversionstatus,immgetdefaultimewnd,immgetdescriptiona,immgetdescriptionw,immgetguidelinea,immgetguidelinew,immgetimefilenamea,immgetimefilenamew,immgetimemenuitemsa,immgetimemenuitemsw,immgetopenstatus,immgetproperty,immgetregisterwordstylea,immgetregisterwordstylew,immgetstatuswindowpos,immgetvirtualkey,immisime,immisuimessagea,immisuimessagew,immnotifyime,immregisterworda,immregisterwordw,immreleasecontext,immsetcandidatewindow,immsetcompositionfonta,immsetcompositionfontw,immsetcompositionstringa,immsetcompositionstringw,immsetcompositionwindow,immsetconversionstatus,immsetopenstatus,immsetstatuswindowpos,immsimulatehotkey,immunregisterworda,immunregisterwordw,reconvertstring,registerworda,registerwordw,stylebufa,stylebufw
Interned.h	1	chm/windows-ce-5.0/wceshdocvw5/html,learn/windows-ce-5.0	Interned.h.	event
Interned.h .h	2	chm/windows-ce-5.0/wceshdocvw5/html,learn/windows-ce-5.0	Interned.h .h.	beforewindowopen,count
Ipexport.h	9	chm/windows-ce-3.0,chm/windows-ce-5.0/wcetcpip5/html,learn/windows-ce-5.0,learn/windows-ce-net-4x,win32/api/inaddr	Ipexport.h.,Ipexport.h	icmp_echo_reply,icmpclosehandle,icmpcreatefile,icmpsendecho,in_addr,ip_adapter_index_map,ip_interface_info,ip_option_information,ip_unidirectional_adapter_address
Iphlpapi.h	71	chm/windows-ce-3.0,chm/windows-ce-5.0/wcetcpip5/html,learn/windows-ce-5.0,learn/windows-ce-net-4x,win32/api/ifmib,win32/api/ipexport,win32/api/ipmib,win32/api/iprtrmib,win32/api/iptypes,win32/api/tcpmib,win32/api/udpmib	Iphlpapi.h.,Iphlpapi.h	addipaddress,createipforwardentry,createipnetentry,createproxyarpentry,deleteipaddress,deleteipforwardentry,deleteipnetentry,deleteproxyarpentry,flushipnettable,getadapterindex,getadaptersaddresses,getadaptersinfo,getbestinterface,getbestinterfaceex,getbestroute,getfriendlyifindex,geticmpstatistics,geticmpstatisticsex,getifentry,getiftable,getinterfaceinfo,getipaddrtable,getipforwardtable,getipnettable,getipstatistics,getipstatisticsex,getnetworkparams,getnumberofinterfaces,getperadapterinfo,getrttandhopcount,gettcpstatistics,gettcpstatisticsex,gettcptable,getudpstatistics,getudpstatisticsex,getudptable,getunidirectionaladapterinfo,icmp_echo_reply,ip_adapter_index_map,ip_adapter_info,ip_addr_string,ip_address_string,ip_interface_info,ip_option_information,ip_unidirectional_adapter_address,ipreleaseaddress,iprenewaddress,mib_best_if,mib_icmp,mib_ifrow,mib_iftable,mib_ipaddrtable,mib_ipforwardrow,mib_ipforwardtable,mib_ipnettable,mib_proxyarp,mib_tcptable,mib_udprow,mib_udpstats,mib_udptable,mibicmpinfo,mibicmpstats,notifyaddrchange,notifyroutechange,sendarp,setifentry,setipforwardentry,setipnetentry,setipstatistics,setipttl,settcpentry
Iprtrmib.h	19	chm/windows-ce-3.0,chm/windows-ce-5.0/wcetcpip5/html,learn/windows-ce-5.0	Iprtrmib.h.,Iprtrmib.h	mib_icmp,mib_ifrow,mib_iftable,mib_ipaddrrow,mib_ipaddrtable,mib_ipforwardrow,mib_ipforwardtable,mib_ipnetrow,mib_ipnettable,mib_ipstats,mib_proxyarp,mib_tcprow,mib_tcpstats,mib_tcptable,mib_udprow,mib_udpstats,mib_udptable,mibicmpinfo,mibicmpstats
Ipsec_api.h	8	chm/windows-ce-5.0/wceipsec5/html,learn/windows-ce-5.0	Ipsec_api.h.	ipsec_api_mode_info,ipsec_api_param,isipsecrunning,resetipsecmode,setipsecconfig,setipsecmode,startipsec,stopipsec
Iptypes.h	15	chm/windows-ce-3.0,chm/windows-ce-5.0/wcetcpip5/html,learn/windows-ce-5.0,learn/windows-ce-net-4x	Iptypes.h.,Iptypes.h	fixed_info,if_oper_status,ip_adapter_addresses,ip_adapter_anycast_address,ip_adapter_info,ip_adapter_multicast_address,ip_adapter_prefix,ip_adapter_unicast_address,ip_addr_string,ip_address_string,ip_dad_state,ip_per_adapter_info,ip_prefix_origin,ip_suffix_origin,scope_level
Kato.h	33	learn/unclassified,learn/windows-ce-5.0	Kato.h.	ckatobeginlevel,ckatobeginlevelv,ckatockato,ckatocomment,ckatocommentv,ckatoendlevel,ckatoendlevelv,ckatogetcurrentlevel,ckatogetitemdata,ckatogetverbositycount,ckatolog,ckatologv,ckatosendsystemdata,ckatosetitemdata,katobeginlevel,katocallback,katocallbackstruct,katocomment,katocreate,katodebug,katodestroy,katoendlevel,katoflush,katogetcurrentlevel,katogetdefaultobject,katogetitemdata,katogetserver,katogetverbositycount,katolog,katosendsystemdata,katosetcallback,katosetitemdata,katosetserver
Kernel.h	5	learn/windows-ce-5.0,learn/windows-ce-net-4x	Kernel.h.	flushdcache,flushicache,klocalfiletimetofiletime,oemcacherangeflush,sc_gettickcount
Keybd.h	3	learn/windows-ce-5.0	Keybd.h.	kbdi_autorepeat_info,kbdi_vkey_to_unicode_info,key_state_flags
Keybddr.h	23	chm/windows-ce-3.0,learn/windows-ce-5.0,learn/windows-ce-net-4x	Keybddr.h.,Keybddr.h	keybddrivergetinfo,keybddriverinitialize,keybddriverinitstates,keybddriverpowerhandler,keybddriversetmode,keybddrivervkeytounicode,keybdeventcallback,pfn_keybd_driver_get_info,pfn_keybd_driver_init_states,pfn_keybd_driver_initialize,pfn_keybd_driver_initialize_ex,pfn_keybd_driver_map_virtual_key,pfn_keybd_driver_power_handler,pfn_keybd_driver_set_mode,pfn_keybd_driver_vkey_to_unicode,pfn_keybd_event_callback,pfn_keybd_event_callback_ex,pfn_layout_mgr_activate_keyboard_layout,pfn_layout_mgr_get_keyboard_layout,pfn_layout_mgr_get_keyboard_layout_list,pfn_layout_mgr_get_keyboard_layout_name,pfn_layout_mgr_get_keyboard_type,pfn_layout_mgr_load_keyboard_layout
Keybdpdd.h	5	learn/windows-ce-5.0	Keybdpdd.h.	keybd_pdd,pfn_keybd_event,pfn_keybd_pdd_entry,pfn_keybd_pdd_power_handler,pfn_keybd_pdd_toggle_lights
Kfuncs.h	10	chm/windows-ce-3.0,chm/windows-ce-5.0/wcecore5/html,learn/windows-ce-5.0,msdn-library/wcedevcon-99/wcesdkr	Kfuncs.h.,Kfuncs.h	cegetcallertrust,cegetcurrenttrust,debugbreak,getcurrentprocess,getcurrentprocessid,getcurrentthread,getcurrentthreadid,pulseevent,resetevent,setevent
Kitl.h	20	chm/windows-ce-4.2/remtools/htm,learn/unclassified,learn/windows-ce-5.0,learn/windows-ce-net-4x,msdn-library/2010-05/windows-ce-5.0	Kitl.h.,Kitl.h	kitlgettranxmlparams,kitlinit,kitlloadtransportlib,kitloutputdebugstring,kitlsendrawdata,kitlsettimercallback,kitlsettranparam,kitlstoptimercallback,kitltransport,kitlunloadtransportlib,oemkitlgetsecs,oemkitlinit,pfn_kitltimercb,transportdecode,transportenableint,transportencode,transportgetdevcfg,transportrecv,transportsend,transportsethostcfg
KitlTran.h	2	chm/windows-ce-4.2/remtools/htm,learn/unclassified,learn/windows-ce-5.0	KitlTran.h.	trangetxmlparams,transetparam
Kitlclnt.h	7	learn/windows-ce-5.0	Kitlclnt.h.	kitldeinitlibrary,kitlderegisterclient,kitlinitlibrary,kitlrecv,kitlregisterclient,kitlsend,kitlwaitforsvcconnect
Kitltran.h	12	learn/windows-ce-5.0,learn/windows-ce-net-4x,msdn-library/2010-05/windows-ce-5.0	Kitltran.h.	pfn_enumproc,trancreate,trandeinitlibrary,trandelete,tranenumknowndevice,trangethostcfg,trangetinfo,traninitlibrary,tranportinfostruct,tranrecv,transend,transetdevcfg
KoreanImeUI.h	19	chm/windows-ce-5.0/wcekorea5/html,learn/windows-ce-5.0,learn/windows-ce-net-4x	KoreanImeUI.h.	ikoreanimeui,ikoreanimeuigetcandwndpos,ikoreanimeuigetcompositionfont,ikoreanimeuigetcompwndpos,ikoreanimeuigetstatuswndpos,ikoreanimeuiinitializeuiwindows,ikoreanimeuiredrawcandwnd,ikoreanimeuiredrawcompwnd,ikoreanimeuiredrawstatuswnd,ikoreanimeuisetcanddata,ikoreanimeuisetcandwndpos,ikoreanimeuisetcompdata,ikoreanimeuisetcompwndpos,ikoreanimeuisetstatusdata,ikoreanimeuisetstatuswndpos,ikoreanimeuishowhidecandwnd,ikoreanimeuishowhidecompwnd,ikoreanimeuishowhidestatuswnd,ikoreanimeuiuninitializeuiwindows
Kwin32.h	1	learn/windows-ce-5.0	Kwin32.h.	oemiocontrol
Kxarm.h	9	learn/windows-ce-5.0	Kxarm.h.	alternate_entry,end_region,entry_end,exception_handler,exception_handler_data,leaf_entry,nested_entry,prolog_end,start_region
Kxmips.h	4	learn/windows-ce-5.0	Kxmips.h	alternate_entry,exception_handler,leaf_entry,nested_entry
Kxshx.h	8	learn/windows-ce-5.0	Kxshx.h.	alternate_entry,end_region,entry_end,exception_handler,exception_handler_data,leaf_entry,nested_entry,start_region
Lap.h	8	learn/windows-ce-5.0	Lap.h.	createenrollmentconfigdialog,deinitlap,initlap,lapcreateenrollmentconfigdialog,verifyuser,verifyuserstart,verifyuserstop,verifyusertotop
Lass.h	1	learn/windows-ce-5.0	Lass.h.	lassreloadconfig
Led_drvr.h	4	chm/windows-ce-3.0,learn/windows-ce-5.0,learn/windows-ce-net-4x	Led_drvr.h.,Led_drvr.h	nleddrivergetdeviceinfo,nleddriverinitialize,nleddriverpowerdown,nleddriversetdevice
Listboxview.hpp	4	chm/windows-ce-5.0/wceui5/html,learn/windows-ce-5.0	Listboxview.hpp.	listboxview_t,listboxview_tdrawfocus,listboxview_titemheight,listboxview_ttopcoordinate
Lm.h	1	win32/api/lmapibuf	Lm.h	netapibufferfree
Loadauth.h	1	chm/windows-ce-3.0,learn/windows-ce-5.0,learn/windows-ce-net-4x,msdn-library/2010-05/windows-ce-5.0	Loadauth.h.,Loadauth.h	win_certificate
Lt2pcfg.h	1	chm/windows-ce-5.0/wcel2tp5/html,learn/windows-ce-5.0,learn/windows-embedded-ce-6.0	Lt2pcfg.h.,Lt2pcfg.h	l2tp_config_data
MediaQueryEngine.hpp	48	learn/windows-ce-5.0	MediaQueryEngine.hpp.	devicestatus_e,item_attribute_e,mediaitem_tgetitemattribute,mediaitem_tiscontainer,mediaitem_tisrestricted,mediaitem_tisvalid,mediaitem_toemextensionupnpitemattribute,mediaitembatch_tgetmediaitem,mediaitembatch_tisvalid,mediaitembatch_ttotalitems,mediaquery_t,mediaquery_tbatchsize,mediaquery_tcurrentitemoffset,mediaquery_tgetnextbatch,mediaquery_tisvalid,mediaquery_ttotalitems,mediaqueryengine_t,mediaqueryengine_tactiveservername,mediaqueryengine_tactiveserverudn,mediaqueryengine_taddsink,mediaqueryengine_tcreatenewquery,mediaqueryengine_tinitialize,mediaqueryengine_tknownmediaservers,mediaqueryengine_toemextensionupnpbrowsechildren,mediaqueryengine_toemextensionupnpquery,mediaqueryengine_tregistercontentupdatecallback,mediaqueryengine_tremovesink,mediaqueryengine_tstart,mediaqueryengine_tstate,mediaqueryengine_tstop,mediaqueryengine_tuninitialize,mediaqueryengine_tunregistercontentupdatecallback,mediaqueryengine_twaitforactiveserver,mediatype_e,queryenginestate_e,queryparams_tqueryparams_t,querysinkevent_e,searchby_e,serverinfo_tactivate,serverinfo_tdevicestatus,serverinfo_tfriendlydevicename,serverinfo_tisvalid,serverinfo_tmodelnumber,serverinfo_tuniquedevicename,serverinfocollection_tgetserverinfo,serverinfocollection_tisvalid,serverinfocollection_ttotalservers,sortby_e
Mem_arm.h	1	learn/windows-ce-5.0	Mem_arm.h.	oemarmcachemode
Memoryapi.h	13	win32/api/memoryapi,win32/api/winbase	Memoryapi.h	createfilemappinga,createfilemappingw,flushviewoffile,mapviewoffile,unmapviewoffile,virtualalloc,virtualallocex,virtualfree,virtualfreeex,virtualprotect,virtualprotectex,virtualquery,virtualqueryex
MiniSH.h	10	learn/windows-ce-5.0,learn/windows-embedded-ce-6.0	MiniSH.h,MiniSH.h.	iminishgetaddressfromline,iminishgetaddressfromsymbol,iminishgetnearestlinefromaddress,iminishgetnearestlinefromoffset,iminishgetnearestsymbolfromaddress,iminishgetnearestsymbolfromoffset,iminishgetoffsetfromline,iminishgetoffsetfromsymbol,iminishgetsymbolpath,iminishsetsymbolpath
Minwinbase.h	3	win32/api/minwinbase	Minwinbase.h	findex_info_levels,findex_search_ops,get_fileex_info_levels
Mipsintr.h	205	learn/windows-ce-net-4x	Mipsintr.h.	_abs_ps,_abs_sl,_abs_su,_abs_vl,_abs_vu,_add_ob,_add_ps,_add_sl,_add_su,_add_vl,_add_vu,_alni_ob,_and_ob,_c_eq_ob,_c_eq_ps,_c_eq_sl,_c_eq_su,_c_eq_vl,_c_eq_vu,_c_f_ps,_c_f_sl,_c_f_su,_c_f_vl,_c_f_vu,_c_le_ob,_c_le_ps,_c_le_sl,_c_le_su,_c_le_vl,_c_le_vu,_c_lt_ob,_c_lt_ps,_c_lt_sl,_c_lt_su,_c_lt_vl,_c_lt_vu,_c_nge_ps,_c_nge_sl,_c_nge_su,_c_nge_vl,_c_nge_vu,_c_ngl_ps,_c_ngl_sl,_c_ngl_su,_c_ngl_vl,_c_ngl_vu,_c_ngle_ps,_c_ngle_sl,_c_ngle_su,_c_ngle_vl,_c_ngle_vu,_c_ngt_ps,_c_ngt_sl,_c_ngt_su,_c_ngt_vl,_c_ngt_vu,_c_ole_ps,_c_ole_sl,_c_ole_su,_c_ole_vl,_c_ole_vu,_c_olt_ps,_c_olt_sl,_c_olt_su,_c_olt_vl,_c_olt_vu,_c_seq_ps,_c_seq_sl,_c_seq_su,_c_seq_vl,_c_seq_vu,_c_sf_ps,_c_sf_sl,_c_sf_su,_c_sf_vl,_c_sf_vu,_c_ueq_ps,_c_ueq_sl,_c_ueq_su,_c_ueq_vl,_c_ueq_vu,_c_ule_ps,_c_ule_sl,_c_ule_su,_c_ule_vl,_c_ule_vu,_c_ult_ps,_c_ult_sl,_c_ult_su,_c_ult_vl,_c_ult_vu,_c_un_ps,_c_un_sl,_c_un_su,_c_un_vl,_c_un_vu,_cvt_ps_s,_cvt_s_pl,_cvt_s_pu,_div_ps,_div_sl,_div_su,_div_vl,_div_vu,_ersqrt_ps,_ersqrt_sl,_ersqrt_su,_ersqrt_vl,_ersqrt_vu,_interlockedcompareexchange,_interlockedcompareexchange64,_interlockeddecrement,_interlockedexchangeadd,_interlockedincrement,_madd_ps,_madd_sl,_madd_su,_madd_vl,_madd_vu,_max_ob,_min_ob,_mov_ps,_mov_sl,_mov_su,_mov_vl,_mov_vu,_movf_ps,_movn_ps,_movt_ps,_movz_ps,_msub_ps,_msub_sl,_msub_su,_msub_vl,_msub_vu,_mul_ob,_mul_ps,_mul_sl,_mul_su,_mul_vl,_mul_vu,_mula_ob,_mull_ob,_muls_ob,_mulsl_ob,_neg_ps,_neg_sl,_neg_su,_neg_vl,_neg_vu,_nmadd_ps,_nmadd_sl,_nmadd_su,_nmadd_vl,_nmadd_vu,_nmsub_ps,_nmsub_sl,_nmsub_su,_nmsub_vl,_nmsub_vu,_nor_ob,_or_ob,_pickf_ob,_pickt_ob,_pll_ps,_plu_ps,_pul_ps,_puu_ps,_rach_ob,_racl_ob,_racm_ob,_recip_ps,_recip_sl,_recip_su,_recip_vl,_recip_vu,_returnaddress,_rsqrt_ps,_rsqrt_sl,_rsqrt_su,_rsqrt_vl,_rsqrt_vu,_rzu_ob,_setjmpex,_shfl_mixh_ob,_shfl_mixl_ob,_shfl_pach_ob,_shfl_pacl_ob,_sll_ob,_sqrt_ps,_sqrt_sl,_sqrt_su,_sqrt_vl,_sqrt_vu,_srl_ob,_sub_ob,_sub_ps,_sub_sl,_sub_su,_sub_vl,_sub_vu,_wach_ob,_wacl_ob,_xor_ob,expinterlockedcompareexchange64
Mkfuncs.h	4	chm/windows-ce-3.0	Mkfuncs.h	getidletime,gettickcount,queryperformancecounter,queryperformancefrequency
Mlang.h, Mlang.idl	104	chm/windows-ce-5.0/wceiemlang5/html,learn/windows-ce-5.0,learn/windows-ce-net-4x	Mlang.h, Mlang.idl.	conversion,convertinetmultibytetounicode,convertinetstring,convertinetunicodetomultibyte,detectencodinginfo,ienumcodepage,ienumcodepagenext,ienumcodepagereset,ienumcodepageskip,ienumrfc1766,ienumrfc1766next,ienumrfc1766reset,ienumrfc1766skip,ienumscript,ienumscriptclone,ienumscriptnext,ienumscriptreset,ienumscriptskip,imlangcodepages,imlangcodepagescodepagestocodepage,imlangcodepagescodepagetocodepages,imlangcodepagesgetcharcodepages,imlangcodepagesgetstrcodepages,imlangconvertcharset,imlangconvertcharsetdoconversion,imlangconvertcharsetdoconversionfromunicode,imlangconvertcharsetdoconversiontounicode,imlangconvertcharsetgetdestinationcodepage,imlangconvertcharsetgetproperty,imlangconvertcharsetgetsourcecodepage,imlangconvertcharsetinitialize,imlangfontlink,imlangfontlink2,imlangfontlink2codepagetoscriptid,imlangfontlink2getfontcodepages,imlangfontlink2getfontunicoderanges,imlangfontlink2getscriptfontinfo,imlangfontlink2mapfont,imlangfontlink2releasefont,imlangfontlink2resetfontmapping,imlangfontlinkgetfontcodepages,imlangfontlinkmapfont,imlangfontlinkreleasefont,imlangfontlinkresetfontmapping,imlanglinebreakconsole,imlanglinebreakconsolebreaklinea,imlanglinebreakconsolebreaklinew,imultilanguage,imultilanguage2,imultilanguage2convertstring,imultilanguage2convertstringfromunicode,imultilanguage2convertstringfromunicodeex,imultilanguage2convertstringinistream,imultilanguage2convertstringtounicode,imultilanguage2convertstringtounicodeex,imultilanguage2createconvertcharset,imultilanguage2detectcodepageinistream,imultilanguage2detectinputcodepage,imultilanguage2enumcodepages,imultilanguage2enumrfc1766,imultilanguage2enumscripts,imultilanguage2getcharsetinfo,imultilanguage2getcodepagedescription,imultilanguage2getcodepageinfo,imultilanguage2getfamilycodepage,imultilanguage2getlcidfromrfc1766,imultilanguage2getnumberofcodepageinfo,imultilanguage2getnumberofscripts,imultilanguage2getrfc1766fromlcid,imultilanguage2getrfc1766info,imultilanguage2isconvertible,imultilanguage2setmimedbsource,imultilanguage3,imultilanguage3detectoutboundcodepage,imultilanguage3detectoutboundcodepageinistream,imultilanguageconvertstring,imultilanguageconvertstringfromunicode,imultilanguageconvertstringtounicode,imultilanguagecreateconvertcharset,imultilanguageenumcodepages,imultilanguageenumrfc1766,imultilanguagegetcharsetinfo,imultilanguagegetcodepageinfo,imultilanguagegetfamilycodepage,imultilanguagegetlcidfromrfc1766,imultilanguagegetnumberofcodepageinfo,imultilanguagegetrfc1766fromlcid,imultilanguagegetrfc1766info,imultilanguageisconvertible,isconvertinetstringavailable,lcidtorfc1766,mimecontf,mimecpinfo,mimecsetinfo,mlconvchar,mlcp,mldetectcp,multilanguage,rfc1766info,rfc1766tolcid,scriptcontf,scriptfontcontf,scriptinfo,unicoderange
Mmddk.h	47	chm/windows-ce-3.0,learn/windows-ce-5.0	Mmddk.h.,Mmddk.h	mixeropendesc,mxdm_close,mxdm_getcontroldetails,mxdm_getdevcaps,mxdm_getlinecontrols,mxdm_getlineinfo,mxdm_getnumdevs,mxdm_init,mxdm_open,mxdm_setcontroldetails,waveopendesc,waveoutextcaps,wavepropinfo,widm_addbuffer,widm_close,widm_getdevcaps,widm_getnumdevs,widm_getpos,widm_getprop,widm_open,widm_prepare,widm_reset,widm_setprop,widm_start,widm_stop,widm_unprepare,wodm_breakloop,wodm_close,wodm_getdevcaps,wodm_getextdevcaps,wodm_getnumdevs,wodm_getpitch,wodm_getplaybackrate,wodm_getpos,wodm_getprop,wodm_getvolume,wodm_open,wodm_pause,wodm_prepare,wodm_reset,wodm_restart,wodm_setpitch,wodm_setplaybackrate,wodm_setprop,wodm_setvolume,wodm_unprepare,wodm_write
Mmeapi.h	4	win32/api/mmeapi	Mmeapi.h	mixergetcontroldetails,mixergetcontroldetailsa,mixergetcontroldetailsw,waveoutprepareheader
Mmreg.h	1	win32/api/mmeapi,win32/api/mmreg	Mmreg.h	waveformatex
Mmsystem.h	96	chm/windows-ce-3.0,chm/windows-ce-5.0/wcewave5/html,learn/windows-ce-5.0,msdn-library/techshelps/CEGUIDE/devdoc/good/wince,msdn-library/wcedevcon-99/wcesdkr,win32/api/mmreg	Mmsystem.h.,Mmsystem.h	audiogainclass,mixercaps,mixerclose,mixercontrol,mixercontroldetails,mixercontroldetails_boolean,mixercontroldetails_listtext,mixercontroldetails_signed,mixercontroldetails_unsigned,mixergetcontroldetails,mixergetdevcaps,mixergetid,mixergetlinecontrols,mixergetlineinfo,mixergetnumdevs,mixerline,mixerlinecontrols,mixermessage,mixeropen,mixersetcontroldetails,mm_mixm_control_change,mm_mixm_line_change,mm_wim_close,mm_wim_data,mm_wim_open,mm_wom_attenuated,mm_wom_close,mm_wom_done,mm_wom_open,mmtime,playsound,sndplaysound,streamprops,timebeginperiod,timecaps,timeendperiod,timegetdevcaps,timegethardwarefrequency,timegetsystemtime,timegettime,timegettimesinceinterrupt,timekillevent,timesetevent,waveformatex,wavehdr,waveinaddbuffer,waveincaps,waveinclose,waveinfunc,waveingetdevcaps,waveingeterrortext,waveingetid,waveingetnumdevs,waveingetposition,waveingetproperty,waveinmessage,waveinopen,waveinprepareheader,waveinproc,waveinreset,waveinsetproperty,waveinstart,waveinstop,waveinunprepareheader,waveoutbreakloop,waveoutcaps,waveoutclose,waveoutfunc,waveoutgetdevcaps,waveoutgeterrortext,waveoutgetid,waveoutgetnumdevs,waveoutgetpitch,waveoutgetplaybackrate,waveoutgetposition,waveoutgetproperty,waveoutgetvolume,waveoutmessage,waveoutopen,waveoutpause,waveoutprepareheader,waveoutproc,waveoutreset,waveoutrestart,waveoutsetpitch,waveoutsetplaybackrate,waveoutsetproperty,waveoutsetvolume,waveoutunprepareheader,waveoutwrite,wim_close,wim_data,wim_open,wom_close,wom_done,wom_open
Mq.h	61	chm/windows-ce-3.0,chm/windows-ce-5.0/wcemsmq5/html,learn/windows-ce-5.0,learn/windows-ce-net-4x	Mq.h.,Mq.h	apropid,apropvar,astatus,mqclosecursor,mqclosequeue,mqcreatecursor,mqcreatequeue,mqdeletequeue,mqfreememory,mqgetmachineproperties,mqgetqueueproperties,mqhandletoformatname,mqmsgprops,mqopenqueue,mqpathnametoformatname,mqpropvariant,mqqmprops,mqqueueprops,mqreceivemessage,mqsendmessage,mqsetqueueproperties,propid_m_acknowledge,propid_m_admin_queue,propid_m_admin_queue_len,propid_m_appspecific,propid_m_arrivedtime,propid_m_auth_level,propid_m_body,propid_m_body_size,propid_m_body_type,propid_m_class,propid_m_correlationid,propid_m_delivery,propid_m_dest_queue,propid_m_dest_queue_len,propid_m_extension,propid_m_extension_len,propid_m_journal,propid_m_label,propid_m_label_len,propid_m_msgid,propid_m_priority,propid_m_resp_queue,propid_m_resp_queue_len,propid_m_senttime,propid_m_src_machine_id,propid_m_time_to_be_received,propid_m_time_to_reach_queue,propid_m_trace,propid_m_version,propid_q_authenticate,propid_q_create_time,propid_q_journal,propid_q_journal_quota,propid_q_label,propid_q_modify_time,propid_q_pathname,propid_q_priv_level,propid_q_quota,propid_q_transaction,propid_qm_machine_id
Mqmgmt.h	2	chm/windows-ce-5.0/wcemsmq5/html,learn/windows-ce-5.0	Mqmgmt.h.	mqmgmtaction,mqmgmtgetinfo
Mqoai.h	67	chm/windows-ce-5.0/wcemsmq5/html,learn/windows-ce-5.0	Mqoai.h.	msmqapplication,msmqevent,msmqeventarrived,msmqeventarrivederror,msmqmessage,msmqmessageack,msmqmessageadminqueueinfo,msmqmessageappspecific,msmqmessagearrivedtime,msmqmessageauthlevel,msmqmessagebody,msmqmessageclass,msmqmessagecorrelationid,msmqmessagedelivery,msmqmessagedestinationqueueinfo,msmqmessageencryptalgorithm,msmqmessagehashalgorithm,msmqmessageisauthenticated,msmqmessagejournal,msmqmessagelabel,msmqmessagemaxtimetoreachqueue,msmqmessagemaxtimetoreceive,msmqmessagepriority,msmqmessageprivlevel,msmqmessageresponsequeueinfo,msmqmessagesendercertificate,msmqmessagesenderid,msmqmessagesenderidtype,msmqmessagesenttime,msmqmessagesourcemachineguid,msmqmessagetrace,msmqquery,msmqqueue,msmqqueueaccess,msmqqueueclose,msmqqueueenablenotification,msmqqueuehandle,msmqqueueinfo,msmqqueueinfoauthenticate,msmqqueueinfobasepriority,msmqqueueinfocreate,msmqqueueinfocreatetime,msmqqueueinfoformatname,msmqqueueinfoistransactional,msmqqueueinfoisworldreadable,msmqqueueinfojournal,msmqqueueinfojournalquota,msmqqueueinfolabel,msmqqueueinfomodifytime,msmqqueueinfoopen,msmqqueueinfopathname,msmqqueueinfoprivlevel,msmqqueueinfoqueueguid,msmqqueueinfoquota,msmqqueueinforefresh,msmqqueueinfos,msmqqueueinfoservicetypeguid,msmqqueueinfoupdate,msmqqueueisopen,msmqqueuepeek,msmqqueuepeekcurrent,msmqqueuepeeknext,msmqqueuequeueinfo,msmqqueuereceive,msmqqueuereceivecurrent,msmqqueuereset,msmqqueuesharemode
Msacmdrv.h	24	chm/windows-ce-3.0,learn/windows-ce-5.0	Msacmdrv.h.,Msacmdrv.h	acmdm_driver_about,acmdm_driver_details,acmdm_driver_notify,acmdm_filter_details,acmdm_filtertag_details,acmdm_format_details,acmdm_format_suggest,acmdm_formattag_details,acmdm_hardware_wave_caps_input,acmdm_hardware_wave_caps_output,acmdm_stream_close,acmdm_stream_convert,acmdm_stream_open,acmdm_stream_prepare,acmdm_stream_reset,acmdm_stream_size,acmdm_stream_unprepare,acmdrvformatsuggest,acmdrvopendesc,acmdrvstreamheader,acmdrvstreaminstance,acmdrvstreamsize,drv_close,drv_open
Msgqueue.h	8	chm/windows-ce-5.0/wcecore5/html,learn/windows-ce-5.0	Msgqueue.h.	closemsgqueue,createmsgqueue,getmsgqueueinfo,msgqueueinfo,msgqueueoptions,openmsgqueue,readmsgqueue,writemsgqueue
Msgstor2.h	32	msdn-library/wcedevcon-99/wcehpc	Msgstor2.h	mailfirstex,mailgetex,mailgetfolderidex,mailgetfoldernameex,mailgetsvcidex,mailnextex,mailopennotifyex,mailputex,mailputfolderex,mailupdateex,transportcancel,transportcheckfornewmail,transportcheckfornewmailinfo,transportcopy,transportcountex,transportdelfolder,transportdownloadattachment,transportduplicatehandle,transporterrorex,transportexpunge,transportfolderinfo,transportfolderlist,transportfreefolderid,transportfreefolderlist,transportgetfolders,transportgetinboxid,transportmove,transportput,transportputfolder,transportrecvex,transportsetmsgflags,transportuidschanged
Msgstore.h	32	msdn-library/techshelps/CEGUIDE/devdoc/good/wince,msdn-library/wcedevcon-99/wcesdkr	Msgstore.h	mailatt,mailattarray,mailclose,maildelete,maildeleteattachment,mailerror,mailerrormsg,mailfirst,mailfree,mailget,mailgetattachment,mailgetfield,mailgetfolderid,mailgetfoldername,mailgetsort,mailgetsvcid,mailheaderlen,maillocalattachmentlen,mailmsg,mailnext,mailnonipminfo,mailopen,mailopennotify,mailput,mailputattachment,mailputfolder,mailrequestattachment,mailsetfield,mailsetsort,mailsortfield,mailsortinfo,mailupdate
Mshtmhst.h, Mshtmhst.idl	4	chm/windows-ce-5.0/wcemshtml5/html,chm/windows-ce-5.0/wcetvlens5/html,learn/windows-ce-5.0,learn/windows-ce-net-4x	Mshtmhst.h, Mshtmhst.idl.	getfilename,nvfocus_direction,showinternalmessage,showprompt
Mshtml.h, Mshtmhst.idl	13	chm/windows-ce-5.0/wcetvlens5/html,learn/windows-ce-5.0,learn/windows-ce-net-4x	Mshtml.h, Mshtmhst.idl.	iolecontrolnavigation2,iolecontrolnavigation2activaterect,iolecontrolnavigation2advisesink,iolecontrolnavigation2advisesinknavigateoutcontrol,iolecontrolnavigation2advisesinkonfocusrectchange,iolecontrolnavigation2advisesinkonnavigationstatuschange,iolecontrolnavigation2advisesinkonrectschange,iolecontrolnavigation2deactivaterect,iolecontrolnavigation2getcontrolnavigationcapabilities,iolecontrolnavigation2getcurrentrectindex,iolecontrolnavigation2getnavigationrectcount,iolecontrolnavigation2getnavigationrects,iolecontrolnavigation2navigateincontrol
Msime.h	74	chm/windows-ce-5.0/wceimm5/html,learn/windows-ce-5.0,learn/windows-ce-net-4x	Msime.h.	createifedictionaryinstance,createiimeipointinstance,ifedictionary,ifedictionaryclose,ifedictionarycreate,ifedictionaryexistword,ifedictionarygetheader,ifedictionarygetpostable,ifedictionarygetwords,ifedictionarynextwords,ifedictionaryopen,ifedictionaryregisterword,iimeipoint2,iimeipoint2controlime,iimeipoint2deletecompstring,iimeipoint2getallcompositioninfo,iimeipoint2initialize,iimeipoint2insertimeitem,iimeipoint2insertstringex,iimeipoint2replacecompstring,iimeipoint2selectipcandidate,iimeipoint2updatecontext,iimeipointnotifysink,iimeipointnotifysinkgeneratemessage,iimeipointnotifysinkisreadinghalfkana,iimeipointnotifysinksetcandidateselection,iimeipointnotifysinksetcandidatestr,iimeipointnotifysinksetcompositionattr,iimeipointnotifysinksetcompositionclause,iimeipointnotifysinksetcompositionreadattr,iimeipointnotifysinksetcompositionreadclause,iimeipointnotifysinksetcompositionreadstr,iimeipointnotifysinksetcompositionstr,iimeipointnotifysinksetcursorpos,iimeipointnotifysinksetdeltapos,iimeipointnotifysinksetresultclause,iimeipointnotifysinksetresultreadclause,iimeipointnotifysinksetresultreadstr,iimeipointnotifysinksetresultstr,iimeipointnotifysinksettargetclause,imeshf,imewrd,ipcandidate,ipctrl_caretbackspace,ipctrl_caretbottom,ipctrl_caretdelete,ipctrl_caretleft,ipctrl_caretright,ipctrl_caretset,ipctrl_carettop,ipctrl_clearall,ipctrl_convertall,ipctrl_determinall,ipctrl_getconversionmode,ipctrl_geterror,ipctrl_insertfullspace,ipctrl_inserthalfspace,ipctrl_insertspace,ipctrl_jpn_bunlendec,ipctrl_jpn_bunleninc,ipctrl_jpn_crsrleft,ipctrl_jpn_crsrright,ipctrl_jpn_undobunsetsu,ipctrl_jpn_undoclr,ipctrl_makecandidate,ipctrl_offime,ipctrl_onime,ipctrl_phrasedelete,ipctrl_preconversion,ipctrl_reloadcfg,ipctrl_selectcandidate,ipctrl_setconversionmode,ipctrl_setshiftstate,postbl
Msimeui.h	1	chm/windows-ce-5.0/wcechs5/html,chm/windows-ce-5.0/wcecht5/html,learn/windows-ce-5.0	Msimeui.h.	imegetuiclassname
Mspyime.h	3	chm/windows-ce-5.0/wcechs5/html,learn/windows-ce-5.0	Mspyime.h.	cleareudpcontent,getpinyintype,setpinyintype
Msr.h	2	learn/windows-ce-5.0	Msr.h.	nkrdmsr,nkwrmsr
Mssoap.h	52	chm/windows-ce-5.0/wcesoap5/html,learn/windows-ce-5.0,learn/windows-ce-net-4x	Mssoap.h.	enumwsdlservicefind,enumwsdlservicenext,enumwsdlservicereset,enumwsdlserviceskip,httpconnector,iheaderhandler,isoapclient,isoapclientdetail,isoapclientfaultactor,isoapclientfaultcode,isoapclientfaultstring,isoapconnector,isoapconnectorconnect,isoapconnectorfactory,isoapconnectorreset,isoaperror,isoaperrordetail,isoaperrorfaultactor,isoaperrorfaultcode,isoaperrorfaultstring,isoapreader,isoapreaderfault,isoapreaderfaultactor,isoapreaderfaultcode,isoapreaderfaultstring,isoapreaderload,isoapreaderloadxml,isoapreadersoapaction,isoapserializer,isoapserializerinit,isoapserver,isoapserverinit,isoaptypemapper,isoaptypemapperfactory,isoaptypemapperinit,property,soapmapper,soapmapperelementname,soapmapperencoding,soapmappersave,wsdloperation,wsdloperationload,wsdloperationname,wsdloperationsave,wsdloperationsoapaction,wsdlport,wsdlportname,wsdlreader,wsdlreaderload,wsdlreadersetproperty,wsdlservice,wsdlservicename
Msxml2.h, Msxml2.idl	143	learn/windows-ce-5.0,learn/windows-ce-net-4x,learn/windows-embedded-ce-6.0	Msxml2.h, Msxml2.idl.	domdocument,domdocumentabort,domdocumentgetelementsbytagname,domdocumentonreadystatechange,domdocumentreadystate,domdocumenturl,imxattributes,imxreadercontrol,imxwriter,isaxattributes,isaxattributesgetindexfromname,isaxattributesgetindexfromqname,isaxattributesgetlength,isaxattributesgetlocalname,isaxattributesgetname,isaxattributesgetqname,isaxattributesgettype,isaxattributesgettypefromname,isaxattributesgettypefromqname,isaxattributesgeturi,isaxattributesgetvalue,isaxattributesgetvaluefromname,isaxattributesgetvaluefromqname,isaxcontenthandler,isaxcontenthandlercharacters,isaxcontenthandlerenddocument,isaxcontenthandlerendelement,isaxcontenthandlerendprefixmapping,isaxcontenthandlerignorablewhitespace,isaxcontenthandlerprocessinginstruction,isaxcontenthandlerputdocumentlocator,isaxcontenthandlerskippedentity,isaxcontenthandlerstartdocument,isaxcontenthandlerstartelement,isaxcontenthandlerstartprefixmapping,isaxdeclhandler,isaxdeclhandlerattributedecl,isaxdeclhandlerelementdecl,isaxdeclhandlerexternalentitydecl,isaxdeclhandlerinternalentitydecl,isaxdtdhandler,isaxdtdhandlernotationdecl,isaxdtdhandlerunparsedentitydecl,isaxentityresolver,isaxentityresolverresolveentity,isaxerrorhandler,isaxerrorhandlererror,isaxerrorhandlerfatalerror,isaxerrorhandlerignorablewarning,isaxlexicalhandler,isaxlexicalhandlercomment,isaxlexicalhandlerendcdata,isaxlexicalhandlerenddtd,isaxlexicalhandlerendentity,isaxlexicalhandlerstartcdata,isaxlexicalhandlerstartdtd,isaxlexicalhandlerstartentity,isaxlocator,isaxlocatorgetcolumnnumber,isaxlocatorgetlinenumber,isaxlocatorgetpublicid,isaxlocatorgetsystemid,isaxxmlfilter,isaxxmlfiltergetparent,isaxxmlfilterputparent,isaxxmlreader,isaxxmlreadergetbaseurl,isaxxmlreadergetcontenthandler,isaxxmlreadergetdtdhandler,isaxxmlreadergetentityresolver,isaxxmlreadergeterrorhandler,isaxxmlreadergetfeature,isaxxmlreadergetproperty,isaxxmlreadergetsecurebaseurl,isaxxmlreaderparse,isaxxmlreaderparseurl,isaxxmlreaderputbaseurl,isaxxmlreaderputcontenthandler,isaxxmlreaderputdtdhandler,isaxxmlreaderputentityresolver,isaxxmlreaderputerrorhandler,isaxxmlreaderputfeature,isaxxmlreaderputproperty,isaxxmlreaderputsecurebaseurl,ixmldomattribute,ixmldomattributename,ixmldomcdatasection,ixmldomcharacterdata,ixmldomcharacterdatadata,ixmldomcharacterdatalength,ixmldomcomment,ixmldomdocument2,ixmldomdocument2getproperty,ixmldomdocumentfragment,ixmldomdocumenttype,ixmldomdocumenttypename,ixmldomelement,ixmldomelementgetelementsbytagname,ixmldomentity,ixmldomentitypublicid,ixmldomentityreference,ixmldomentitysystemid,ixmldomimplementation,ixmldomnamednodemap,ixmldomnamednodemapitem,ixmldomnamednodemaplength,ixmldomnamednodemapnextnode,ixmldomnamednodemapreset,ixmldomnode,ixmldomnodelist,ixmldomnodelistitem,ixmldomnodelistlength,ixmldomnodelistnextnode,ixmldomnodelistreset,ixmldomnodenamespaceuri,ixmldomnotation,ixmldomnotationpublicid,ixmldomnotationsystemid,ixmldomparseerror,ixmldomparseerrorurl,ixmldomprocessinginstruction,ixmldomprocessinginstructiondata,ixmldomselection,ixmldomselectiongetproperty,ixmldomtext,ixmlhttprequest,ixmlhttprequestabort,ixmlhttprequestgetallresponseheaders,ixmlhttprequestgetresponseheader,ixmlhttprequestonreadystatechange,ixmlhttprequestopen,ixmlhttprequestreadystate,ixmlhttprequestresponsebody,ixmlhttprequestresponsestream,ixmlhttprequestresponsetext,ixmlhttprequestresponsexml,ixmlhttprequestsend,ixmlhttprequestsetrequestheader,ixmlhttprequeststatus,ixmlhttprequeststatustext,ixtlruntime,xmlschemacacheixmlschemacollectionlength,xmlschemacacheixmlschemacollectionnamespaceuri
Mwinreg.h	1	learn/windows-ce-net-4x	Mwinreg.h.	setcurrentuser
Natedit.h	20	chm/windows-ce-3.0,chm/windows-ce-5.0/wcecore5/html,learn/windows-ce-5.0	Natedit.h.,Natedit.h	createhandler,createticket,datahandler,deletehandler,deleteticket,disassociatesession,editorderegister,editorinitialize,editsession,ip_nat_direction,ip_nat_register_editor,ip_nat_session_mapping_statistics,iprcvbuf,logconnectioncreation,logconnectiondeletion,logdroppedpacket,loginit,queryinfosession,registereditor,timeoutsession
Nclientview.hpp	17	chm/windows-ce-5.0/wceui5/html,learn/windows-ce-5.0,learn/windows-ce-net-4x	Nclientview.hpp.	nchittestcode,nonclientview_t,nonclientview_tboundingrect,nonclientview_tboundpoint,nonclientview_tcalccaptionrect,nonclientview_tcalcclientrectwithhorzscrollbars,nonclientview_tcalcclientrectwithnoscrollbars,nonclientview_tcalcclientrectwithvertscrollbars,nonclientview_tdoeshorzscrollbarfit,nonclientview_tdoesvertscrollbarfit,nonclientview_tdohittest,nonclientview_tdopaint,nonclientview_tdrawborder,nonclientview_tdrawframecontrol,nonclientview_texposeddrawframecontrol,nonclientview_twidgetrect,widgetid
Ndis.h	392	chm/windows-ce-3.0,learn/windows-ce-5.0,learn/windows-ce-net-4x,msdn-library/techshelps/WCEDDK,msdn-library/wcedevcon-99/wceddk	Ndis.h,Ndis.h.	argument_present,assert,assertmsg,driverentry,eth_copy_network_address,ethchangefilteraddresses,ethcreatefilter,ethdeletefilter,ethdeletefilteropenadapter,ethfilteradjust,ethfilterindicatereceive,ethfilterindicatereceivecomplete,ethnotefilteropenadapter,ethnumberofopenfilteraddresses,ethqueryglobalfilteraddresses,ethqueryopenfilteraddresses,ethshouldaddressloopback,ioctl_ndis_bind_adapter,ioctl_ndis_deregister_adapter,ioctl_ndis_get_adapter_bindings,ioctl_ndis_get_adapter_names,ioctl_ndis_get_protocol_names,ioctl_ndis_load_miniport,ioctl_ndis_rebind_adapter,ioctl_ndis_register_adapter,ioctl_ndis_unbind_adapter,kdbreakpoint,kdprint,mediaspecificinformation,miniportcheckforhang,miniportdisableinterrupt,miniportenableinterrupt,miniporthalt,miniporthandleinterrupt,miniportinitialize,miniportisr,miniportqueryinformation,miniportreconfigure,miniportreset,miniportreturnpacket,miniportsend,miniportsetinformation,miniporttransferdata,miniportwansend,ndis_buffer,ndis_buffer_linkage,ndis_buffer_to_span_pages,ndis_configuration_parameter,ndis_encapsulation_format,ndis_error_code,ndis_get_original_packet,ndis_get_packet_cancel_id,ndis_get_packet_header_size,ndis_get_packet_media_specific_info,ndis_get_packet_protocol_type,ndis_get_packet_status,ndis_get_packet_time_received,ndis_get_packet_time_sent,ndis_get_packet_time_to_send,ndis_handle,ndis_init_function,ndis_interface_type,ndis_interrupt_mode,ndis_mac_fragment,ndis_mac_line_down,ndis_mac_line_up,ndis_miniport_characteristics,ndis_oid,ndis_oob_data_from_packet,ndis_packet,ndis_packet_extension,ndis_packet_extension_from_packet,ndis_packet_oob_data,ndis_packet_stack,ndis_parameter_type,ndis_per_packet_info_from_packet,ndis_physical_address,ndis_physical_address_const,ndis_proc,ndis_protocol_characteristics,ndis_request,ndis_set_original_packet,ndis_set_packet_cancel_id,ndis_set_packet_header_size,ndis_set_packet_media_specific_info,ndis_set_packet_status,ndis_set_packet_time_received,ndis_set_packet_time_sent,ndis_set_packet_time_to_send,ndis_status,ndis_string,ndis_task_offload,ndis_task_offload_header,ndis_task_tcp_ip_checksum,ndis_task_tcp_large_send,ndis_tcp_ip_checksum_packet_info,ndis_wan_compress_info,ndis_wan_get_comp_info,ndis_wan_get_link_info,ndis_wan_get_stats_info,ndis_wan_info,ndis_wan_line_down,ndis_wan_line_up,ndis_wan_packet,ndis_wan_set_comp_info,ndis_wan_set_link_info,ndis_wlan_bssid,ndis_work_item,ndisacquirereadwritelock,ndisacquirespinlock,ndisadjustbufferlength,ndisallocatebuffer,ndisallocatebufferpool,ndisallocatefromnpagedlookasidelist,ndisallocatememory,ndisallocatememorywithtag,ndisallocatepacket,ndisallocatepacketpool,ndisallocatepacketpoolex,ndisallocatespinlock,ndisansistringtounicodestring,ndisbindprotocolstoadapter,ndisbufferlength,ndisbuffervirtualaddress,ndisbuffervirtualaddresssafe,ndiscancelsendpackets,ndiscanceltimer,ndischainbufferatback,ndischainbufferatfront,ndiscloseadapter,ndiscloseconfiguration,ndisclosefile,ndiscompletebindadapter,ndiscompletepnpevent,ndiscompleteunbindadapter,ndiscopybuffer,ndiscopyfrompackettopacket,ndiscopylookaheaddata,ndiscreatelookaheadbufferfromsharedmemory,ndisdeletenpagedlookasidelist,ndisderegisteradapter,ndisderegisterprotocol,ndisdestroylookaheadbufferfromsharedmemory,ndisdpracquirespinlock,ndisdprallocatepacket,ndisdprallocatepacketnoninterlocked,ndisdprfreepacket,ndisdprfreepacketnoninterlocked,ndisdprreleasespinlock,ndisequalansistring,ndisequalmemory,ndisequalstring,ndisequalunicodestring,ndisfillmemory,ndisflushbuffer,ndisfreebuffer,ndisfreebufferpool,ndisfreeevent,ndisfreememory,ndisfreepacket,ndisfreepacketpool,ndisfreereadwritelock,ndisfreespinlock,ndisfreestring,ndisfreetonpagedlookasidelist,ndisgeneratepartialcancelid,ndisgetadapterbindings,ndisgetadapternames,ndisgetcachefillsize,ndisgetcurrentsystemtime,ndisgetdriverhandle,ndisgetfirstbufferfrompacket,ndisgetfirstbufferfrompacketsafe,ndisgetnextbuffer,ndisgetpacketcancelid,ndisgetpacketflags,ndisgetphysicaladdresshigh,ndisgetphysicaladdresslow,ndisgetpoolfrompacket,ndisgetprotocolnames,ndisgetreceivedpacket,ndisgetsystemuptime,ndisgetversion,ndisimassociateminiport,ndisimcancelinitializedeviceinstance,ndisimcopysendcompleteperpacketinfo,ndisimcopysendperpacketinfo,ndisimdeinitializedeviceinstance,ndisimderegisterlayeredminiport,ndisimgetbindingcontext,ndisimgetcurrentpacketstack,ndisimgetdevicecontext,ndisiminitializedeviceinstance,ndisiminitializedeviceinstanceex,ndisimnotifypnpevent,ndisimqueueminiportcallback,ndisimregisterlayeredminiport,ndisimrevertback,ndisimswitchtominiport,ndisinitansistring,ndisinitializeevent,ndisinitializelisthead,ndisinitializenpagedlookasidelist,ndisinitializereadwritelock,ndisinitializestring,ndisinitializetimer,ndisinitializeworkitem,ndisinitunicodestring,ndisinterlockedaddulong,ndisinterlockeddecrement,ndisinterlockedincrement,ndisinterlockedinsertheadlist,ndisinterlockedinserttaillist,ndisinterlockedremoveheadlist,ndismallocatemapregisters,ndismallocatesharedmemory,ndismapfile,ndismcanceltimer,ndismcloselog,ndismcompletebufferphysicalmapping,ndismcreatelog,ndismderegisteradaptershutdownhandler,ndismderegisterinterrupt,ndismderegisterinterupt,ndismderegisterioportrange,ndismethindicatereceive,ndismethindicatereceivecomplete,ndismflushlog,ndismfreemapregisters,ndismfreesharedmemory,ndismindicatereceivepacket,ndismindicatestatus,ndismindicatestatuscomplete,ndisminitializetimer,ndisminitializewrapper,ndisminitizlizewrapper,ndismmapiospace,ndismovefrommappedmemory,ndismovemappedmemory,ndismovememory,ndismovetomappedmemory,ndismpciassignresources,ndismpromoteminiport,ndismqueryadapterinstancename,ndismqueryadapterresources,ndismqueryinformationcomplete,ndismrebindprotocolstoadapter,ndismregisteradaptershutdownhandler,ndismregisterinterrupt,ndismregisterioportrange,ndismregisterminiport,ndismregisterunloadhandler,ndismremoveminiport,ndismresetcomplete,ndismsendcomplete,ndismsendresourcesavailable,ndismsetattributes,ndismsetattributesex,ndismsetinformationcomplete,ndismsetminiportsecondary,ndismsetperiodictimer,ndismsettimer,ndismsleep,ndismstartbufferphysicalmapping,ndismsynchronizewithinterrupt,ndismtransferdatacomplete,ndismtrindicatereceive,ndismtrindicatereceivecomplete,ndismunmapiospace,ndismupdatesharedmemory,ndismwanindicatereceive,ndismwanindicatereceivecomplete,ndismwansendcomplete,ndismwritelogdata,ndisopenadapter,ndisopenconfiguration,ndisopenconfigurationkeybyindex,ndisopenconfigurationkeybyname,ndisopenfile,ndisopenprotocolconfiguration,ndispacketsize,ndisprintstring,ndisqueryadapterinstancename,ndisquerybuffer,ndisquerybufferoffset,ndisquerybuffersafe,ndisquerymapregistercount,ndisquerypacket,ndisquerypendingiocount,ndisrawreadportbufferuchar,ndisrawreadportbufferulong,ndisrawreadportbufferushort,ndisrawreadportuchar,ndisrawreadportulong,ndisrawreadportushort,ndisrawwriteportbufferuchar,ndisrawwriteportbufferulong,ndisrawwriteportbufferushort,ndisrawwriteportuchar,ndisrawwriteportulong,ndisrawwriteportushort,ndisreadconfiguration,ndisreadnetworkaddress,ndisreadpcislotinformation,ndisreadpcmciaattributememory,ndisreadportuchar,ndisreadportulong,ndisreadportushort,ndisreadregisteruchar,ndisreadregisterulong,ndisreadregisterushort,ndisrebindprotocolstoadapter,ndisrecalculatepacketcounts,ndisreenumerateprotocolbindings,ndisregisteradapter,ndisregisterprotocol,ndisreinitializepacket,ndisreleasereadwritelock,ndisreleasespinlock,ndisrequest,ndisreset,ndisresetcomplete,ndisresetevent,ndisretrieveulong,ndisreturnpackets,ndisscheduleworkitem,ndissend,ndissendpackets,ndissetevent,ndissetpacketcancelid,ndissetpacketflags,ndissetpacketpoolprotocolid,ndissetphysicaladdresshigh,ndissetphysicaladdresslow,ndissettimer,ndisstallexecution,ndisstoreulong,ndissystemprocessorcount,ndisterminatewrapper,ndistransferdata,ndisunbindprotocolsfromadapter,ndisunchainbufferatback,ndisunchainbufferatfront,ndisunicodestringtoansistring,ndisunmapfile,ndisupcaseunicodestring,ndiswaitevent,ndiswriteconfiguration,ndiswriteerrorlogentry,ndiswritepcislotinformation,ndiswritepcmciaattributememory,ndiswriteportuchar,ndiswriteportulong,ndiswriteportushort,ndiswriteregisteruchar,ndiswriteregisterulong,ndiswriteregisterushort,ndiszeromappedmemory,ndiszeromemory,network_address,network_address_list,nidsmregisteradaptershutdownhandler,oid_wan_get_comp_info,oid_wan_get_info,oid_wan_get_link_info,oid_wan_get_stats_info,oid_wan_line_count,oid_wan_set_comp_info,oid_wan_set_link_info,protocolbindadapter,protocolcloseadaptercomplete,protocolopenadaptercomplete,protocolpnpevent,protocolreceive,protocolreceivecomplete,protocolreceivepacket,protocolrequestcomplete,protocolresetcomplete,protocolsendcomplete,protocolstatus,protocolstatuscomplete,protocoltransferdatacomplete,protocolunbindadapter,tr_compare_network_addresses,tr_copy_network_address,tr_is_broadcast,tr_is_functional,tr_is_group,tr_is_not_directed,tr_is_source_routing,transport_header_offset,xxx_init
Ndistapi.h	1	learn/windows-ce-5.0,learn/windows-ce-net-4x	Ndistapi.h.	ndis_tapi_event
Netui.h	25	chm/windows-ce-3.0,chm/windows-ce-5.0/wcenetui5/html,learn/windows-ce-5.0,learn/windows-ce-net-4x	Netui.h.,Netui.h	adapteripproperties,addconnect_dlgparams,checkandwaitforgwe,closeusernamepassworddialog,connectiondialog,createscandevice,disconnectdialog,getdrivername,getdrivernameparms,getipaddress,getnetstring,getnewpassword,getnewpasswordex,getresourcepassword,getusernamepassword,getusernamepasswordex,lineconfigdata,lineconfigedit,linetranslatedialog,netmsgbox,netui_newpwd,netui_respwd,netui_userpwd,registeripclass,unregisteripclass
Newmenu.h	6	chm/windows-ce-5.0/wceui5/html	Newmenu.h.	nmn_getappregkey,nmn_getpropertybag,nmn_invokecommand,nmn_newbuttonupdated,nmn_newmenudestroy,nmnewmenu
Nkarm.h	1	learn/windows-ce-5.0,learn/windows-ce-net-4x	Nkarm.h.	ceprocessortype
Nkintr.h	38	chm/windows-ce-3.0,learn/windows-ce-5.0,learn/windows-ce-net-4x,msdn-library/2010-05/windows-ce-5.0	Nkintr.h.,Nkintr.h	cesetpoweronevent,hookinterrupt,interrupts_enable,interrupts_off,interrupts_on,kcomparefiletime,kfiletimetosystemtime,ksystemtimetofiletime,lpparallelportgetbytefunc,lpparallelportsendbytefunc,lpreaddebugbytefunc,lpwritedebugbytefunc,lpwritedebugstringfunc,memory_section,nkcallintchain,nkissysintrvalid,oemcleardebugcommerror,oemenumextensiondram,oemgetextensiondram,oemgetrealtime,oeminit,oeminitdebugserial,oeminterruptdisable,oeminterruptdone,oeminterruptenable,oemparallelportgetbyte,oemparallelportsendbyte,oempoweroff,oemreaddebugbyte,oemsetalarmtime,oemsetrealtime,oemwritedebugbyte,oemwritedebugled,oemwritedebugstring,pnkenumextensiondram,setinterruptevent,setkernelcommdev,unhookinterrupt
Nled.h	3	chm/windows-ce-3.0,learn/windows-ce-5.0,learn/windows-ce-net-4x	Nled.h.,Nled.h	nled_count_info,nled_settings_info,nled_supports_info
Notifext.hxx	21	chm/windows-ce-3.0,chm/windows-ce-5.0/wceui5/html,learn/windows-ce-5.0,learn/windows-ce-net-4x,learn/windows-embedded-ce-6.0	Notifext.hxx.,Notifext.hxx	cenotifyprivate_clearuseralarm,cenotifyprivate_deletenotification,cenotifyprivate_filtertype,cenotifyprivate_lock,cenotifyprivate_reschedule,cenotifyprivate_setuseralarm,cenotifyprivate_translateoid,cenotifyprivate_unlock,cenotifypublic_disposeofpacket,cenotifypublic_filterevent,cenotifypublic_filterusernotification,cenotifypublic_initialize,cenotifypublic_initializeui,cenotifypublic_newpacket,cenotifypublic_presentsettingsbox,cenotifypublic_uiwndproc,cenotifypublic_uninitialize,cenotifypublic_useralarmsignalled,notifypacket,persistentpacket,settingsdialogdata
Notify.h	14	chm/windows-ce-3.0,chm/windows-ce-5.0/wceui5/html,learn/windows-ce-5.0,learn/windows-ce-net-4x,msdn-library/techshelps/CEGUIDE/devdoc/good/wince,msdn-library/wcedevcon-99/wcesdkr	Notify.h.,Notify.h	ce_notification_info_header,ce_notification_trigger,ce_user_notification,ceclearusernotification,ceeventhasoccurred,cegetusernotification,cegetusernotificationhandles,cegetusernotificationpreferences,cehandleappnotifications,cerunappatevent,cerunappattime,cesetusernotification,cesetusernotificationex,usernotificationtrigger
Nspapi.h	2	win32/api/nspapi,win32/api/winsock2,win32/api/ws2def,win32/api/wtypesbase	Nspapi.h	blob,csaddr_info
Ntcompat.h	10	chm/windows-ce-3.0,msdn-library/techshelps/WCEDDK,msdn-library/wcedevcon-99/wceddk	Ntcompat.h	initializelisthead,insertheadlist,inserttaillist,islistempty,popentrylist,pushentrylist,registerdevice,removeentrylist,removeheadlist,removetaillist
Ntddk.h	1	win32/api/ntdef	Ntddk.h	string
Ntddndis.h	126	learn/windows-ce-5.0,learn/windows-ce-net-4x	Ntddndis.h.	ioctl_ndis_get_log_data,ndis_802_11_antenna,ndis_802_11_authentication_mode,ndis_802_11_bssid_list,ndis_802_11_configuration,ndis_802_11_configuration_fh,ndis_802_11_fragmentation_threshold,ndis_802_11_key_index,ndis_802_11_mac_address,ndis_802_11_network_infrastructure,ndis_802_11_network_type,ndis_802_11_network_type_list,ndis_802_11_power_mode,ndis_802_11_privacy_filter,ndis_802_11_rates,ndis_802_11_reload_defaults,ndis_802_11_rssi,ndis_802_11_rts_threshold,ndis_802_11_ssid,ndis_802_11_statistics,ndis_802_11_tx_power_level,ndis_802_11_wep,ndis_802_11_wep_status,ndis_802_5_ring_state,ndis_medium,ndis_pm_packet_pattern,ndis_pm_wake_up_capabilities,ndis_pnp_capabilities,ndis_wan_medium_subtype,oid_802_11_add_wep,oid_802_11_authentication_mode,oid_802_11_bssid,oid_802_11_bssid_list,oid_802_11_bssid_list_scan,oid_802_11_configuration,oid_802_11_desired_rates,oid_802_11_disassociate,oid_802_11_fragmentation_threshold,oid_802_11_infrastructure_mode,oid_802_11_network_type_in_use,oid_802_11_network_types_supported,oid_802_11_number_of_antennas,oid_802_11_power_mode,oid_802_11_privacy_filter,oid_802_11_reload_defaults,oid_802_11_remove_wep,oid_802_11_rssi,oid_802_11_rssi_trigger,oid_802_11_rts_threshold,oid_802_11_rx_antenna_selected,oid_802_11_ssid,oid_802_11_statistics,oid_802_11_supported_rates,oid_802_11_tx_antenna_selected,oid_802_11_tx_power_level,oid_802_11_wep_status,oid_802_3_current_address,oid_802_3_mac_options,oid_802_3_maximum_list_size,oid_802_3_multicast_list,oid_802_3_permanent_address,oid_802_3_rcv_error_alignment,oid_802_3_rcv_overrun,oid_802_3_xmit_deferred,oid_802_3_xmit_heartbeat_failure,oid_802_3_xmit_late_collisions,oid_802_3_xmit_max_collisions,oid_802_3_xmit_more_collisions,oid_802_3_xmit_one_collision,oid_802_3_xmit_times_crs_lost,oid_802_3_xmit_underrun,oid_802_5_current_address,oid_802_5_current_functional,oid_802_5_current_group,oid_802_5_current_ring_state,oid_802_5_current_ring_status,oid_802_5_last_open_status,oid_802_5_permanent_address,oid_gen_current_lookahead,oid_gen_current_packet_filter,oid_gen_driver_version,oid_gen_hardware_status,oid_gen_link_speed,oid_gen_mac_options,oid_gen_maximum_frame_size,oid_gen_maximum_lookahead,oid_gen_maximum_send_packets,oid_gen_maximum_total_size,oid_gen_media_connect_status,oid_gen_media_in_use,oid_gen_media_supported,oid_gen_network_layer_addresses,oid_gen_physical_medium,oid_gen_protocol_options,oid_gen_receive_block_size,oid_gen_receive_buffer_space,oid_gen_transmit_block_size,oid_gen_transmit_buffer_space,oid_gen_transport_header_offset,oid_gen_vendor_description,oid_gen_vendor_id,oid_irda_extra_rcv_bofs,oid_irda_link_speed,oid_irda_max_receive_window_size,oid_irda_max_send_window_size,oid_irda_media_busy,oid_irda_rate_sniff,oid_irda_reacquire_hw_resources,oid_irda_receiving,oid_irda_release_hw_resources,oid_irda_supported_speeds,oid_irda_turnaround_time,oid_pnp_add_wake_up_pattern,oid_pnp_capabilities,oid_pnp_enable_wake_up,oid_pnp_query_power,oid_pnp_remove_wake_up_pattern,oid_pnp_set_power,oid_pnp_wake_up_error,oid_pnp_wake_up_ok,oid_pnp_wake_up_pattern_list,oid_wan_current_address,oid_wan_header_format,oid_wan_medium_subtype,oid_wan_permanent_address,oid_wan_protocol_type
Ntlmssp.h	10	chm/windows-ce-5.0/wceauthservices5/html,learn/windows-ce-5.0	Ntlmssp.h.	ntlmaddgroup,ntlmaddusertogroup,ntlmdeleteuser,ntlmenumgroups,ntlmenumuser,ntlmgetgrouplist,ntlmgetuserlist,ntlmremovegroup,ntlmremoveuserfromgroup,ntlmsetuserinfo
Nuiouser.h	7	learn/windows-ce-5.0,learn/windows-ce-net-4x	Nuiouser.h.	ndisuio_device_notification,ndisuio_open_context,ndisuio_query_binding,ndisuio_query_oid,ndisuio_request_notification,ndisuio_set_oid,nic_statistics
Nuiouser.h, Ntddndis.h	9	learn/windows-ce-5.0,learn/windows-ce-net-4x	Nuiouser.h, Ntddndis.h.	ioctl_ndisuio_cancel_notification,ioctl_ndisuio_nic_statistics,ioctl_ndisuio_open_device,ioctl_ndisuio_open_write_device,ioctl_ndisuio_query_binding,ioctl_ndisuio_query_oid_value,ioctl_ndisuio_request_notification,ioctl_ndisuio_set_ether_type,ioctl_ndisuio_set_oid_value
Nuiouser.h, Ntddndis.h_	1	learn/windows-ce-5.0,learn/windows-ce-net-4x	Nuiouser.h, Ntddndis.h_.	ioctl_cancel_read
Oaidl.h	189	chm/windows-ce-3.0,chm/windows-ce-5.0/wcedcom5/html,learn/windows-ce-5.0,learn/windows-ce-net-4x,msdn-library/wcedevcon-99/wcesdkr	Oaidl.h,Oaidl.h.	arraydesc,bindptr,callconv,currency,custdata,custdataitem,desckind,dispid,dispparams,elemdesc,excepinfo,freepropvariantarray,funcdesc,funcflags,funckind,hreftype,iadvisesink,iadvisesinkonclose,iadvisesinkondatachange,iadvisesinkonrename,iadvisesinkonsave,iadvisesinkonviewchange,icreateerrorinfo,icreateerrorinfosetdescription,icreateerrorinfosetguid,icreateerrorinfosethelpcontext,icreateerrorinfosethelpfile,icreateerrorinfosetsource,icreatetypeinfo,icreatetypeinfo2deletefuncdesc,icreatetypeinfo2deletefuncdescbymemid,icreatetypeinfo2deleteimpltype,icreatetypeinfo2deletevardesc,icreatetypeinfo2deletevardescbymemid,icreatetypeinfo2setcustdata,icreatetypeinfo2setfunccustdata,icreatetypeinfo2setfunchelpstringcontext,icreatetypeinfo2sethelpstringcontext,icreatetypeinfo2setimpltypecustdata,icreatetypeinfo2setname,icreatetypeinfo2setparamcustdata,icreatetypeinfo2setvarcustdata,icreatetypeinfo2setvarhelpstringcontext,icreatetypeinfoaddfuncdesc,icreatetypeinfoaddimpltype,icreatetypeinfoaddreftypeinfo,icreatetypeinfoaddvardesc,icreatetypeinfodefinefuncasdllentry,icreatetypeinfolayout,icreatetypeinfosetalignment,icreatetypeinfosetdocstring,icreatetypeinfosetfuncandparamnames,icreatetypeinfosetfuncdocstring,icreatetypeinfosetfunchelpcontext,icreatetypeinfosetguid,icreatetypeinfosethelpcontext,icreatetypeinfosetimpltypeflags,icreatetypeinfosetmops,icreatetypeinfosettypedescalias,icreatetypeinfosettypeflags,icreatetypeinfosetvardocstring,icreatetypeinfosetvarhelpcontext,icreatetypeinfosetvarname,icreatetypeinfosetversion,icreatetypelib,icreatetypelib2deletetypeinfo,icreatetypelib2setcustdata,icreatetypelib2sethelpstringcontext,icreatetypelib2sethelpstringdll,icreatetypelib2setname,icreatetypelibcreatetypeinfo,icreatetypelibsetguid,icreatetypelibsethelpcontext,icreatetypelibsethelpfilename,icreatetypelibsetlcid,icreatetypelibsetlibflags,icreatetypelibsetname,icreatetypelibsetversion,idispatch,idispatchgetidsofnames,idispatchgettypeinfo,idispatchgettypeinfocount,idispatchinvoke,idldesc,ienumstatdata,ienumstatdataclone,ienumstatdatanext,ienumstatdatareset,ienumstatdataskip,ienumvariant,ienumvariantclone,ienumvariantnext,ienumvariantreset,ienumvariantskip,ierrorinfo,ierrorinfogetdescription,ierrorinfogetguid,ierrorinfogethelpcontext,ierrorinfogethelpfile,ierrorinfogetsource,imoniker,imonikerbindtoobject,imonikerbindtostorage,imonikercommonprefixwith,imonikercomposewith,imonikerenum,imonikergetdisplayname,imonikergettimeoflastchange,imonikerhash,imonikerinverse,imonikerisequal,imonikerisrunning,imonikerissystemmoniker,imonikerparsedisplayname,imonikerreduce,imonikerrelativepathto,invokekind,isupporterrorinfo,isupporterrorinfointerfacesupportserrorinfo,itypecomp,itypecompbind,itypecompbindtype,itypeinfo,itypeinfo2,itypeinfo2getallcustdata,itypeinfo2getallfunccustdata,itypeinfo2getallimpltypecustdata,itypeinfo2getallparamcustdata,itypeinfo2getallvarcustdata,itypeinfo2getcustdata,itypeinfo2getdocumentation2,itypeinfo2getfunccustdata,itypeinfo2getfuncindexofmemid,itypeinfo2getimpltypecustdata,itypeinfo2getparamcustdata,itypeinfo2gettypeflags,itypeinfo2gettypekind,itypeinfo2getvarcustdata,itypeinfo2getvarindexofmemid,itypeinfoaddressofmember,itypeinfocreateinstance,itypeinfogetcontainingtypelib,itypeinfogetdllentry,itypeinfogetdocumentation,itypeinfogetfuncdesc,itypeinfogetidsofnames,itypeinfogetimpltypeflags,itypeinfogetmops,itypeinfogetnames,itypeinfogetreftypeinfo,itypeinfogetreftypeofimpltype,itypeinfogettypeattr,itypeinfogettypecomp,itypeinfogetvardesc,itypeinfoinvoke,itypeinforeleasefuncdesc,itypeinforeleasetypeattr,itypeinforeleasevardesc,itypelib,itypelib2getallcustdata,itypelib2getcustdata,itypelib2getdocumentation2,itypelib2getlibstatistics,itypelibfindname,itypelibgetdocumentation,itypelibgetlibattr,itypelibgettypecomp,itypelibgettypeinfo,itypelibgettypeinfocount,itypelibgettypeinfoofguid,itypelibgettypeinfotype,itypelibisname,itypelibreleasetlibattr,paramdesc,propvariant,propvariantclear,propvariantcopy,safearray,safearrayboudn,safearraybound,syskind,tlibattr,typeattr,typedesc,typeflags,typekind,vardesc,varkind,vartype
Oaidl.h, Oaidl.idl	132	chm/windows-ce-5.0/wcedcom5/html,learn/windows-ce-5.0,learn/windows-ce-net-4x	Oaidl.h, Oaidl.idl.	icreateerrorinfo,icreateerrorinfosetdescription,icreateerrorinfosetguid,icreateerrorinfosethelpcontext,icreateerrorinfosethelpfile,icreateerrorinfosetsource,icreatetypeinfo,icreatetypeinfo2,icreatetypeinfo2deletefuncdesc,icreatetypeinfo2deletefuncdescbymemid,icreatetypeinfo2deleteimpltype,icreatetypeinfo2deletevardesc,icreatetypeinfo2deletevardescbymemid,icreatetypeinfo2setcustdata,icreatetypeinfo2setfunccustdata,icreatetypeinfo2setfunchelpstringcontext,icreatetypeinfo2sethelpstringcontext,icreatetypeinfo2setimpltypecustdata,icreatetypeinfo2setname,icreatetypeinfo2setparamcustdata,icreatetypeinfo2setvarcustdata,icreatetypeinfo2setvarhelpstringcontext,icreatetypeinfoaddfuncdesc,icreatetypeinfoaddimpltype,icreatetypeinfoaddreftypeinfo,icreatetypeinfoaddvardesc,icreatetypeinfodefinefuncasdllentry,icreatetypeinfolayout,icreatetypeinfosetalignment,icreatetypeinfosetdocstring,icreatetypeinfosetfuncandparamnames,icreatetypeinfosetfuncdocstring,icreatetypeinfosetfunchelpcontext,icreatetypeinfosetguid,icreatetypeinfosethelpcontext,icreatetypeinfosetimpltypeflags,icreatetypeinfosetmops,icreatetypeinfosettypedescalias,icreatetypeinfosettypeflags,icreatetypeinfosetvardocstring,icreatetypeinfosetvarhelpcontext,icreatetypeinfosetvarname,icreatetypeinfosetversion,icreatetypelib,icreatetypelib2,icreatetypelib2deletetypeinfo,icreatetypelib2setcustdata,icreatetypelib2sethelpstringcontext,icreatetypelib2sethelpstringdll,icreatetypelibcreatetypeinfo,icreatetypelibsetguid,icreatetypelibsethelpcontext,icreatetypelibsethelpfilename,icreatetypelibsetlcid,icreatetypelibsetlibflags,icreatetypelibsetname,icreatetypelibsetversion,idispatch,idispatchgetidsofnames,idispatchgettypeinfo,idispatchgettypeinfocount,idispatchinvoke,ienumvariant,ienumvariantclone,ienumvariantnext,ienumvariantreset,ienumvariantskip,ierrorinfo,ierrorinfogetdescription,ierrorinfogetguid,ierrorinfogethelpcontext,ierrorinfogethelpfile,ierrorinfogetsource,ierrorlog,ierrorlogadderror,isupporterrorinfo,isupporterrorinfointerfacesupportserrorinfo,itypecomp,itypecompbind,itypecompbindtype,itypeinfo,itypeinfo2,itypeinfo2getallcustdata,itypeinfo2getallfunccustdata,itypeinfo2getallimpltypecustdata,itypeinfo2getallparamcustdata,itypeinfo2getallvarcustdata,itypeinfo2getcustdata,itypeinfo2getdocumentation2,itypeinfo2getfunccustdata,itypeinfo2getfuncindexofmemid,itypeinfo2getimpltypecustdata,itypeinfo2getparamcustdata,itypeinfo2gettypeflags,itypeinfo2gettypekind,itypeinfo2getvarcustdata,itypeinfo2getvarindexofmemid,itypeinfoaddressofmember,itypeinfocreateinstance,itypeinfogetcontainingtypelib,itypeinfogetdllentry,itypeinfogetdocumentation,itypeinfogetfuncdesc,itypeinfogetidsofnames,itypeinfogetimpltypeflags,itypeinfogetmops,itypeinfogetnames,itypeinfogetreftypeinfo,itypeinfogetreftypeofimpltype,itypeinfogettypeattr,itypeinfogettypecomp,itypeinfogetvardesc,itypeinfoinvoke,itypeinforeleasefuncdesc,itypeinforeleasetypeattr,itypeinforeleasevardesc,itypelib,itypelib2,itypelib2getallcustdata,itypelib2getcustdata,itypelib2getdocumentation2,itypelib2getlibstatistics,itypelibfindname,itypelibgetdocumentation,itypelibgetlibattr,itypelibgettypecomp,itypelibgettypeinfo,itypelibgettypeinfocount,itypelibgettypeinfoofguid,itypelibgettypeinfotype,itypelibisname,itypelibreleasetlibattr
Oaidl.idl	3	msdn-library/wcedevcon-99/wcesdkr	Oaidl.idl	funckind,invokekind,typekind
Oal_args.h	2	learn/windows-ce-5.0	Oal_args.h	oal_args_header,oalargsquery
Oal_cache.h	16	learn/windows-ce-5.0,msdn-library/2010-05/windows-ce-5.0	Oal_cache.h	g_oalcacheinfo,oal_cache_info,oalcacheglobalsinit,oalcleandcache,oalcleandcachelines,oalcleardtlb,oalcleardtlbentry,oalclearitlb,oalclearitlbentry,oalcleartlb,oalcleartlbentry,oalflushdcache,oalflushdcachelines,oalflushicache,oalflushicachelines,oalioctlhalgetcacheinfo
Oal_ilt.h	3	learn/windows-ce-5.0	Oal_ilt.h	g_oalilt,oal_ilt_state,oalioctlhaliltiming
Oal_intr.h	20	learn/windows-ce-5.0,msdn-library/2010-05/windows-ce-5.0	Oal_intr.h	bspintractiveirq,bspintrdisableirq,bspintrdoneirq,bspintrenableirq,bspintrinit,bspintrrequestirqs,oalintrdisableirqs,oalintrdoneirqs,oalintrenableirqs,oalintrinit,oalintrmapinit,oalintrreleasesysintr,oalintrrequestirqs,oalintrrequestsysintr,oalintrstatictranslate,oalintrtranslateirq,oalintrtranslatesysintr,oalioctlhalreleasesysintr,oalioctlhalrequestirq,oalioctlhalrequestsysintr
Oal_io.h	44	learn/windows-ce-5.0,msdn-library/2010-05/windows-ce-5.0	Oal_io.h,Oal_io.h.	clrport16,clrport32,clrport8,clrreg16,clrreg32,clrreg8,inport16,inport32,inport8,inreg16,inreg32,inreg8,ioctl_oal_buspoweroff,ioctl_oal_buspoweron,ioctl_oal_readbusdata,ioctl_oal_transbusaddress,ioctl_oal_transsysaddress,ioctl_oal_writebusdata,maskport16,maskport32,maskport8,maskreg16,maskreg32,maskreg8,oal_ddk_params,oaliobuspoweroff,oaliobuspoweron,oalioctlhalddkcall,oalioreadbusdata,oaliotransbusaddress,oaliotranssystemaddress,oaliowritebusdata,outport16,outport32,outport8,outreg16,outreg32,outreg8,setport16,setport32,setport8,setreg16,setreg32,setreg8
Oal_ioctl.h	20	learn/windows-ce-5.0	Oal_ioctl.h	g_oalioctlclockspeed,g_oalioctlinstructionset,g_oalioctlplatformoem,g_oalioctlplatformtype,g_oalioctlprocessorcore,g_oalioctlprocessorname,g_oalioctlprocessorvendor,g_oalioctltable,oal_ioctl_handler,oalioctlhalddi,oalioctlhalgetdeviceid,oalioctlhalgetdeviceinfo,oalioctlhalgethwentropy,oalioctlhalgetrandomseed,oalioctlhalgetregsecurekeys,oalioctlhalgetuuid,oalioctlhalinitregistry,oalioctlhalreboot,oalioctlhalupdatemode,oalioctlprocessorinfo
Oal_kitl.h	44	learn/windows-ce-5.0,msdn-library/2010-05/windows-ce-5.0	Oal_kitl.h	g_oalkitlbuffer,kitl_serial_info,oal_kitl_args,oal_kitl_device,oal_kitl_eth_driver,oal_kitl_flags,oal_kitl_serial_driver,oal_kitl_type,oal_kitleth_current_packet_filter,oal_kitleth_deinit,oal_kitleth_disable_ints,oal_kitleth_enable_ints,oal_kitleth_get_frame,oal_kitleth_init,oal_kitleth_init_dmabuffer,oal_kitleth_multicast_list,oal_kitleth_power_off,oal_kitleth_power_on,oal_kitleth_send_frame,oal_kitlserial_deinit,oal_kitlserial_disable_ints,oal_kitlserial_enable_ints,oal_kitlserial_flow_control,oal_kitlserial_init,oal_kitlserial_power_off,oal_kitlserial_power_on,oal_kitlserial_recv,oal_kitlserial_send,oal_kitlserial_sendcomplete,oalioctlvbridge,oalkitlcreatename,oalkitldevicename,oalkitldevicetype,oalkitlfinddevice,oalkitlgetdevloc,oalkitlinit,oalkitlinitregistry,oalkitliptostring,oalkitlmactostring,oalkitlpoweroff,oalkitlpoweron,oalkitlstart,oalkitlstringtoip,oalkitlstringtomac
Oal_log.h	11	learn/windows-ce-5.0	Oal_log.h	g_oallogmask,oalled,oallog,oallogprintf,oallogserial,oallogsetzones,oallogv,oalmask,oalmsg,oalmsgs,oalzone
Oal_memory.h	8	learn/windows-ce-5.0	Oal_memory.h	g_oaladdresstable,oal_address_table,oalcatoua,oalpatoca,oalpatoua,oalpatova,oaluatoca,oalvatopa
Oal_pci.h	18	learn/windows-ce-5.0,msdn-library/2010-05/windows-ce-5.0	Oal_pci.h	oal_pci_location,oalpcicfgread,oalpcicfgwrite,oalpciconfig,oalpcidump,oalpcidumpconfig,oalpcifindnextid,oalpcigetheadertype,oalpcigetid,oalpcigetinterruptpin,oalpcigetmbar,oalpcigetsecbusnum,oalpcigetsubbusnum,oalpciinit,oalpcipoweroff,oalpcipoweron,oalpciregisterasused,oalpcitransbusaddress
Oal_timer.h	14	learn/windows-ce-5.0	Oal_timer.h	g_oaltimer,oal_timer_state,oalcpuidle,oalgettickcount,oalstall,oaltimercountssincesystick,oaltimergetcompare,oaltimergetcount,oaltimerinit,oaltimerinitcount,oaltimerintrhandler,oaltimerrecharge,oaltimersetcompare,oaltimerupdate
Oalintr.h	2	learn/windows-ce-5.0,learn/windows-ce-net-4x	Oalintr.h.	oemrequestsysintr,perfcountfreq
Obex.h	6	learn/windows-ce-5.0	Obex.h,Obex.h.	ipropertybagenum,ipropertybagenumclone,ipropertybagenumnext,ipropertybagenumreset,ipropertybagenumskip,obex_event
Obex.h, Obex.idl	55	chm/windows-ce-5.0/wceobex5/html,learn/windows-ce-5.0,learn/windows-ce-net-4x,learn/windows-embedded-ce-6.0	Obex.h, Obex.idl.,Obex.h, Obex.idl	ideviceenum,ideviceenumclone,ideviceenumnext,ideviceenumreset,ideviceenumskip,iheadercollection,iheadercollectionaddappparams,iheadercollectionaddbody,iheadercollectionaddbyte,iheadercollectionaddbytearray,iheadercollectionaddconnectionid,iheadercollectionaddcount,iheadercollectionadddescription,iheadercollectionaddendofbody,iheadercollectionaddhttp,iheadercollectionaddlength,iheadercollectionaddlong,iheadercollectionaddname,iheadercollectionaddobjectclass,iheadercollectionaddtarget,iheadercollectionaddtime,iheadercollectionaddtimeold,iheadercollectionaddtype,iheadercollectionaddunicodestring,iheadercollectionaddwho,iheadercollectionenumheaders,iheadercollectionremove,iheadercollectionremoveall,iheaderenum,iheaderenumclone,iheaderenumnext,iheaderenumreset,inbox_event_data,iobex,iobexbindtodevice,iobexdevice,iobexdeviceabort,iobexdeviceconnect,iobexdevicedisconnect,iobexdeviceenumproperties,iobexdeviceget,iobexdeviceput,iobexdevicesetpassword,iobexdevicesetpath,iobexenumdevices,iobexenumtransports,iobexinitialize,iobexresponsegetlastresponsecode,iobexshutdown,iobexsink,iobexsinknotify,iobexstartdeviceenum,iobexstopdeviceenum,obex_header,obex_request
Obex.idl	1	chm/windows-ce-5.0/wceobex5/html,learn/windows-ce-net-4x	Obex.idl.	obex_event
Obexserver.h	4	learn/windows-ce-5.0	Obexserver.h	obexcommand,obextransaction,servercallback,servicecallback
ObjIdl.h	48	win32/api/objidl,win32/api/objidlbase,win32/api/ocidl	ObjIdl.h	iclientsecuritycopyproxy,iclientsecurityqueryblanket,iclientsecuritysetblanket,ienumconnectionpoints,ienumconnectionpointsclone,ienumconnectionpointsnext,ienumconnectionpointsreset,ienumconnectionpointsskip,ienumconnections,ienumconnectionsclone,ienumconnectionsnext,ienumconnectionsreset,ienumconnectionsskip,ienumstring,ienumstringclone,ienumstringnext,ienumstringreset,ienumstringskip,ienumunknown,iexternalconnection,iexternalconnectionaddconnection,iexternalconnectionreleaseconnection,iglobalinterfacetablegetinterfacefromglobal,iglobalinterfacetableregisterinterfaceinglobal,iglobalinterfacetablerevokeinterfacefromglobal,imalloc,imallocdidalloc,imallocfree,imallocgetsize,imallocheapminimize,imallocrealloc,imarshal,imarshaldisconnectobject,imarshalmarshalinterface,imarshalreleasemarshaldata,imarshalunmarshalinterface,imultiqi,imultiqiquerymultipleinterfaces,iserversecurity,iserversecurityimpersonateclient,iserversecurityisimpersonating,iserversecurityqueryblanket,iserversecurityreverttoself,istdmarshalinfo,istdmarshalinfogetclassforhandler,isurrogate,isurrogatefreesurrogate,isurrogateloaddllserver
Objbase.h	105	chm/windows-ce-3.0,chm/windows-ce-5.0/wcedcom5/html,learn/windows-ce-5.0,learn/windows-ce-net-4x,msdn-library/wcedevcon-99/wcesdkr,win32/api/combaseapi,win32/api/coml2api,win32/api/guiddef,win32/api/objbase,win32/api/winddi	Objbase.h.,Objbase.h	auth_identity,bindmoniker,clsidfromprogid,clsidfromstring,coaddrefserverprocess,cobuildversion,cocopyproxy,cocreatefreethreadedmarshaler,cocreateguid,cocreateinstance,cocreateinstanceex,codisconnectobject,cofiletimenow,cofreealllibraries,cofreelibrary,cofreeunusedlibraries,cofreeunusedlibrariesex,cogetcallcontext,cogetcallertid,cogetclassobject,cogetcurrentlogicalthreadid,cogetcurrentprocess,cogetinstancefromfile,cogetinstancefromistorage,cogetinterfaceandreleasestream,cogetmalloc,cogetmarshalsizemax,cogetobject,cogetpsclsid,cogetstandardmarshal,cogettreatasclass,coimpersonateclient,coinitialize,coinitializeex,coinitializesecurity,coishandlerconnected,coisole1class,coloadlibrary,colockobjectexternal,comarshalhresult,comarshalinterface,comarshalinterthreadinterfaceinstream,coqueryauthenticationservices,coqueryclientblanket,coqueryproxyblanket,coregisterclassobject,coregistermallocspy,coregistermessagefilter,coregisterpsclsid,coregistersurrogate,coreleasemarshaldata,coreleaseserverprocess,coresumeclassobjects,coreverttoself,corevokeclassobject,corevokemallocspy,cosetproxyblanket,cosuspendclassobjects,coswitchcallcontext,cotaskmemalloc,cotaskmemfree,cotaskmemrealloc,cotreatasclass,couninitialize,counmarshalhresult,counmarshalinterface,createantimoniker,createbindctx,createclassmoniker,createfilemoniker,creategenericcomposite,createitemmoniker,createpointermoniker,dllcanunloadnow,dllgetclassobject,dllregisterserver,dllunregisterserver,getclassfile,getrunningobjecttable,iclassfactory,iclassfactorycreateinstance,iclassfactorylockserver,iidfromstring,ilockbytes,ilockbytesflush,ilockbyteslockregion,ilockbytesreadat,ilockbytessetsize,ilockbytesstat,ilockbytesunlockregion,ilockbyteswriteat,isequalguid,mkparsedisplayname,monikercommonprefixwith,monikerrelativepathto,progidfromclsid,stgcreatedocfile,stgcreatedocfileonilockbytes,stgm,stgopenstorage,stgopenstorageonilockbytes,stringfromclsid,stringfromguid2,stringfromiid,updatedcomsettings
Objidl.h	109	chm/windows-ce-3.0,chm/windows-ce-5.0/wcedcom5/html,learn/windows-ce-5.0,learn/windows-ce-net-4x,msdn-library/wcedevcon-99/wcesdkr,win32/api/objidl,win32/api/objidlbase	Objidl.h,Objidl.h.	advf,bind_opts,bind_opts2,coserverinfo,datadir,dvtargetdevice,formatetc,iclassactivator,iclassactivatorgetclassobject,iclientsecurity,iclientsecuritycopyproxy,iclientsecurityqueryblanket,iclientsecuritysetblanket,ienummoniker,ienumstatstg,ienumstatstgclone,ienumstatstgnext,ienumstatstgreset,ienumstatstgskip,ienumstring,iexternalconnection,iexternalconnectionaddconnection,iexternalconnectionreleaseconnection,ifilllockbytes,ifilllockbytesfillappend,ifilllockbytesfillat,ifilllockbytessetfillsize,ifilllockbytesterminate,imarshal,imarshaldisconnectobject,imarshalgetmarshalsizemax,imarshalgetunmarshalclass,imarshalmarshalinterface,imarshalreleasemarshaldata,imarshalunmarshalinterface,imessagefilter,imessagefilterhandleincomingcall,imessagefiltermessagepending,imessagefilterretryrejectedcall,imultiqi,imultiqiquerymultipleinterfaces,interfaceinfo,ipersistfile,ipersistfilegetcurfile,ipersistfileisdirty,ipersistfileload,ipersistfilesave,ipersistfilesavecompleted,irotdata,irotdatagetcomparisondata,irunnableobject,irunnableobjectgetrunningclass,irunnableobjectisrunning,irunnableobjectlockrunning,irunnableobjectrun,irunnableobjectsetcontainedobject,irunningobjecttable,irunningobjecttableenumrunning,irunningobjecttablegetobject,irunningobjecttablegettimeoflastchange,irunningobjecttableisrunning,irunningobjecttablenotechangetime,irunningobjecttableregister,irunningobjecttablerevoke,isequentialstream,isequentialstreamread,isequentialstreamwrite,iserversecurity,iserversecurityimpersonateclient,iserversecurityisimpersonating,iserversecurityqueryblanket,iserversecurityreverttoself,istdmarshalinfo,istdmarshalinfogetclassforhandler,istorage,istoragecommit,istoragecopyto,istoragecreatestorage,istoragecreatestream,istoragedestroyelement,istorageenumelements,istoragemoveelementto,istorageopenstorage,istorageopenstream,istoragerenameelement,istoragerevert,istoragesetclass,istoragesetelementtimes,istoragesetstatebits,istoragestat,istream,istreamclone,istreamcommit,istreamcopyto,istreamlockregion,istreamread,istreamrevert,istreamseek,istreamsetsize,istreamstat,istreamunlockregion,istreamwrite,mkrreduce,mksys,multi_qi,sole_authentication_service,statstg,stgmedium,tymed
Objidl.h, Objidl.idl	211	chm/windows-ce-5.0/wcedcom5/html,learn/windows-ce-5.0,learn/windows-ce-net-4x	Objidl.h, Objidl.idl.,Objidl.h, Objidl.idl	bindinfo,iadvisesink,iadvisesinkonclose,iadvisesinkondatachange,iadvisesinkonrename,iadvisesinkonsave,iadvisesinkonviewchange,ibindctx,ibindctxenumobjectparam,ibindctxgetbindoptions,ibindctxgetobjectparam,ibindctxgetrunningobjecttable,ibindctxregisterobjectbound,ibindctxregisterobjectparam,ibindctxreleaseboundobjects,ibindctxrevokeobjectbound,ibindctxrevokeobjectparam,ibindctxsetbindoptions,iclassactivator,iclassactivatorgetclassobject,iclientsecurity,iclientsecuritycopyproxy,iclientsecurityqueryblanket,iclientsecuritysetblanket,idataobject,idataobjectdadvise,idataobjectdunadvise,idataobjectenumdadvise,idataobjectenumformatetc,idataobjectgetcanonicalformatetc,idataobjectgetdata,idataobjectgetdatahere,idataobjectquerygetdata,idataobjectsetdata,ienumformatetc,ienumformatetcclone,ienumformatetcnext,ienumformatetcreset,ienumformatetcskip,ienummoniker,ienummonikerclone,ienummonikernext,ienummonikerreset,ienummonikerskip,ienumstatdata,ienumstatdataclone,ienumstatdatanext,ienumstatdatareset,ienumstatdataskip,ienumstatstg,ienumstatstgclone,ienumstatstgnext,ienumstatstgreset,ienumstatstgskip,ienumstring,ienumstringclone,ienumstringnext,ienumstringreset,ienumstringskip,ienumunknown,iexternalconnection,iexternalconnectionaddconnection,iexternalconnectionreleaseconnection,ifilllockbytes,ifilllockbytesfillappend,ifilllockbytesfillat,ifilllockbytessetfillsize,ifilllockbytesterminate,iglobalinterfacetable,iglobalinterfacetablegetinterfacefromglobal,iglobalinterfacetableregisterinterfaceinglobal,iglobalinterfacetablerevokeinterfacefromglobal,ilockbytes,ilockbytesflush,ilockbyteslockregion,ilockbytesreadat,ilockbytessetsize,ilockbytesstat,ilockbytesunlockregion,ilockbyteswriteat,imalloc,imallocalloc,imallocdidalloc,imallocfree,imallocgetsize,imallocheapminimize,imallocrealloc,imallocspy,imallocspypostalloc,imallocspypostdidalloc,imallocspypostfree,imallocspypostgetsize,imallocspypostheapminimize,imallocspypostrealloc,imallocspyprealloc,imallocspypredidalloc,imallocspyprefree,imallocspypregetsize,imallocspypreheapminimize,imallocspyprerealloc,imarshal,imarshaldisconnectobject,imarshalgetmarshalsizemax,imarshalgetunmarshalclass,imarshalmarshalinterface,imarshalreleasemarshaldata,imarshalunmarshalinterface,imessagefilter,imessagefilterhandleincomingcall,imessagefiltermessagepending,imessagefilterretryrejectedcall,imoniker,imonikerbindtoobject,imonikerbindtostorage,imonikercommonprefixwith,imonikercomposewith,imonikerenum,imonikergetdisplayname,imonikergettimeoflastchange,imonikerhash,imonikerinverse,imonikerisequal,imonikerisrunning,imonikerissystemmoniker,imonikerparsedisplayname,imonikerreduce,imonikerrelativepathto,imultiqi,imultiqiquerymultipleinterfaces,ioleitemcontainergetobject,ioleitemcontainergetobjectstorage,ioleitemcontainerisrunning,ipersist,ipersistfile,ipersistfilegetcurfile,ipersistfileisdirty,ipersistfileload,ipersistfilesave,ipersistfilesavecompleted,ipersistgetclassid,ipersiststorage,ipersiststoragehandsoffstorage,ipersiststorageinitnew,ipersiststorageisdirty,ipersiststorageload,ipersiststoragesave,ipersiststoragesavecompleted,ipersiststream,ipersiststreamgetsizemax,ipersiststreamisdirty,ipersiststreamload,ipersiststreamsave,iprogressnotify,iprogressnotifyonprogress,irootstorage,irootstorageswitchtofile,irotdata,irotdatagetcomparisondata,irunnableobject,irunnableobjectgetrunningclass,irunnableobjectisrunning,irunnableobjectlockrunning,irunnableobjectrun,irunnableobjectsetcontainedobject,irunningobjecttable,irunningobjecttableenumrunning,irunningobjecttablegetobject,irunningobjecttablegettimeoflastchange,irunningobjecttableisrunning,irunningobjecttablenotechangetime,irunningobjecttableregister,irunningobjecttablerevoke,isequentialstream,isequentialstreamread,isequentialstreamwrite,iserversecurity,iserversecurityimpersonateclient,iserversecurityisimpersonating,iserversecurityqueryblanket,iserversecurityreverttoself,istdmarshalinfo,istdmarshalinfogetclassforhandler,istorage,istoragecommit,istoragecopyto,istoragecreatestorage,istoragecreatestream,istoragedestroyelement,istorageenumelements,istoragemoveelementto,istorageopenstorage,istorageopenstream,istoragerenameelement,istoragerevert,istoragesetclass,istoragesetelementtimes,istoragesetstatebits,istoragestat,istream,istreamclone,istreamcommit,istreamcopyto,istreamlockregion,istreamread,istreamrevert,istreamseek,istreamsetsize,istreamstat,istreamunlockregion,istreamwrite,stgmedium
Objidl.idl	1	chm/windows-ce-3.0,chm/windows-ce-5.0/wcedcom5/html,learn/windows-ce-5.0,learn/windows-ce-net-4x	Objidl.idl.,Objidl.idl	bind_flags
Objidl.idl, Objidl.idl	3	chm/windows-ce-5.0/wcedcom5/html,learn/windows-ce-5.0	Objidl.idl, Objidl.idl.	isurrogate,isurrogatefreesurrogate,isurrogateloaddllserver
Objsafe.h, Objsafe.idl	3	chm/windows-ce-5.0/wcedcom5/html,learn/windows-ce-5.0,learn/windows-ce-net-4x	Objsafe.h, Objsafe.idl.	iobjectsafety,iobjectsafetygetinterfacesafetyoptions,iobjectsafetysetinterfacesafetyoptions
Ocidl.h	31	chm/windows-ce-3.0,chm/windows-ce-5.0/wcedcom5/html,learn/windows-ce-5.0,learn/windows-ce-net-4x,msdn-library/wcedevcon-99/wcesdkr	Ocidl.h.,Ocidl.h	connectdata,controlinfo,dvaspect2,dvaspectinfo,dvaspectinfoflag,dvextentinfo,dvextentmode,hitresult,iclassfactory2,iclassfactory2createinstancelic,iclassfactory2getlicinfo,iclassfactory2requestlickey,iconnectionpoint,iconnectionpointadvise,iconnectionpointcontainer,iconnectionpointcontainerenumconnectionpoints,iconnectionpointcontainerfindconnectionpoint,iconnectionpointenumconnections,iconnectionpointgetconnectioninterface,iconnectionpointgetconnectionpointcontainer,iconnectionpointunadvise,ienumconnectionpoints,ienumconnections,ipersiststreaminit,ipersiststreaminitgetsizemax,ipersiststreaminitinitnew,ipersiststreaminitisdirty,ipersiststreaminitload,ipersiststreaminitsave,licinfo,viewstatus
Ocidl.h, Ocidl.idl	48	chm/windows-ce-5.0/wcedcom5/html,learn/windows-ce-5.0,learn/windows-ce-net-4x	Ocidl.h, Ocidl.idl.	iclassfactory,iclassfactory2,iclassfactory2createinstancelic,iclassfactory2getlicinfo,iclassfactory2requestlickey,iclassfactorycreateinstance,iclassfactorylockserver,iconnectionpoint,iconnectionpointadvise,iconnectionpointcontainer,iconnectionpointcontainerenumconnectionpoints,iconnectionpointcontainerfindconnectionpoint,iconnectionpointenumconnections,iconnectionpointgetconnectioninterface,iconnectionpointgetconnectionpointcontainer,iconnectionpointunadvise,ienumconnectionpoints,ienumconnectionpointsclone,ienumconnectionpointsnext,ienumconnectionpointsreset,ienumconnectionpointsskip,ienumconnections,ienumconnectionsclone,ienumconnectionsnext,ienumconnectionsreset,ienumconnectionsskip,ipersistpropertybaginitnew,ipersistpropertybagload,ipersistpropertybagsave,ipersiststreaminit,ipersiststreaminitgetsizemax,ipersiststreaminitinitnew,ipersiststreaminitisdirty,ipersiststreaminitload,ipersiststreaminitsave,ipropertybag,ipropertybagread,ipropertybagwrite,iprovideclassinfo,iprovideclassinfo2,iprovideclassinfo2getguid,iprovideclassinfogetclassinfo,iviewobjectex,iviewobjectexgetnaturalextent,iviewobjectexgetrect,iviewobjectexgetviewstatus,iviewobjectexqueryhitpoint,iviewobjectexqueryhitrect
Oemwake.h	6	learn/windows-ce-5.0,learn/windows-ce-net-4x	Oemwake.h.	oemclearintsources,oemgetwakeupsource,oemindicateintsource,oempowermanagerinit,oemresetwakeupsource,oemsetwakeupsource
Ohcdddsi.h	17	chm/windows-ce-3.0	Ohcdddsi.h	ohcdmdd_creatememoryobject,ohcdmdd_createohcdobject,ohcdmdd_destroymemoryobject,ohcdmdd_destroyohcdobject,ohcdmdd_powerdown,ohcdmdd_powerup,ohcdpdd_checkconfigpower,ohcdpdd_close,ohcdpdd_deinit,ohcdpdd_dllmain,ohcdpdd_init,ohcdpdd_iocontrol,ohcdpdd_open,ohcdpdd_powerdown,ohcdpdd_powerup,ohcdpdd_read,ohcdpdd_write
Ohcdddsi.h or Uhcdddsi.h	18	learn/windows-ce-net-4x	Ohcdddsi.h or Uhcdddsi.h.	hcdmdd_createhcdobject,hcdmdd_creatememoryobject,hcdmdd_destroyhcdobject,hcdmdd_destroymemoryobject,hcdmdd_powerdown,hcdmdd_powerup,hcdpdd_checkconfigpower,hcdpdd_close,hcdpdd_deinit,hcdpdd_dllmain,hcdpdd_init,hcdpdd_iocontrol,hcdpdd_open,hcdpdd_powerdown,hcdpdd_powerup,hcdpdd_read,hcdpdd_seek,hcdpdd_write
Ole2.h	17	chm/windows-ce-3.0,chm/windows-ce-5.0/wcedcom5/html,learn/windows-ce-5.0,learn/windows-ce-net-4x,msdn-library/wcedevcon-99/wcesdkr,win32/api/coml2api,win32/api/ole,win32/api/ole2	Ole2.h.,Ole2.h	createoleadviseholder,createstreamonhglobal,gethglobalfromstream,olecreate,oledraw,oleisrunning,oleloadfromstream,olerun,olesave,olesavetostream,olesetcontainedobject,olesetmenudescriptor,readclassstg,readclassstm,releasestgmedium,writeclassstg,writeclassstm
OleAuto.h	2	win32/api/oaidl	OleAuto.h	funckind,invokekind
Oleauto.h	228	chm/windows-ce-3.0,chm/windows-ce-5.0/wcedcom5/html,learn/windows-ce-5.0,learn/windows-ce-net-4x,msdn-library/techshelps/CEGUIDE/devdoc/good/wince,msdn-library/wcedevcon-99/wcesdkr	Oleauto.h.,Oleauto.h	bstrfromvector,createerrorinfo,createtypelib2,dispgetidsofnames,dispgetparam,dispinvoke,dispparams,geterrorinfo,loadregtypelib,loadtypelib,memberid,methoddata,oabuildversion,paramdata,registertypelib,safearrayaccessdata,safearrayallocdata,safearrayallocdescriptor,safearraycopy,safearraycopydata,safearraycreate,safearraycreatevector,safearraydestroy,safearraydestroydata,safearraydestroydescriptor,safearraygetdim,safearraygetelement,safearraygetelemsize,safearraygetlbound,safearraygetubound,safearraylock,safearrayptrofindex,safearrayputelement,safearrayredim,safearrayunaccessdata,safearrayunlock,seterrorinfo,sysallocstring,sysallocstringbytelen,sysallocstringlen,sysfreestring,sysreallocstring,sysreallocstringlen,sysstringbytelen,sysstringlen,systemtimetovarianttime,unregistertypelib,varboolfromcy,varboolfromdate,varboolfromdec,varboolfromdisp,varboolfromi1,varboolfromi2,varboolfromi4,varboolfromr4,varboolfromr8,varboolfromstr,varboolfromui1,varboolfromui2,varboolfromui4,varbstrfrombool,varbstrfromcy,varbstrfromdate,varbstrfromdec,varbstrfromdisp,varbstrfromi1,varbstrfromi2,varbstrfromi4,varbstrfromr4,varbstrfromr8,varbstrfromui1,varbstrfromui2,varbstrfromui4,varcyfrombool,varcyfromdate,varcyfromdec,varcyfromdisp,varcyfromi1,varcyfromi2,varcyfromi4,varcyfromr4,varcyfromr8,varcyfromstr,varcyfromui1,varcyfromui2,varcyfromui4,vardatefrombool,vardatefromcy,vardatefromdec,vardatefromdisp,vardatefromi1,vardatefromi2,vardatefromi4,vardatefromr4,vardatefromr8,vardatefromstr,vardatefromudate,vardatefromui1,vardatefromui2,vardatefromui4,vardecfrombool,vardecfromcy,vardecfromdate,vardecfromdisp,vardecfromi1,vardecfromi2,vardecfromi4,vardecfromr4,vardecfromr8,vardecfromstr,vardecfromui1,vardecfromui2,vardecfromui4,vari1frombool,vari1fromcy,vari1fromdate,vari1fromdec,vari1fromdisp,vari1fromi2,vari1fromi4,vari1fromr4,vari1fromr8,vari1fromstr,vari1fromui1,vari1fromui2,vari1fromui4,vari2frombool,vari2fromcy,vari2fromdate,vari2fromdec,vari2fromdisp,vari2fromi1,vari2fromi4,vari2fromr4,vari2fromr8,vari2fromstr,vari2fromui1,vari2fromui2,vari2fromui4,vari4frombool,vari4fromcy,vari4fromdate,vari4fromdec,vari4fromdisp,vari4fromi1,vari4fromi2,vari4fromr4,vari4fromr8,vari4fromstr,vari4fromui1,vari4fromui2,vari4fromui4,variantchangetype,variantchangetypeex,variantclear,variantcopy,variantcopyind,variantinit,varianttimetosystemtime,varnumfromparsenum,varparsenumfromstr,varr4frombool,varr4fromcy,varr4fromdate,varr4fromdec,varr4fromdisp,varr4fromi1,varr4fromi2,varr4fromi4,varr4fromr8,varr4fromstr,varr4fromui1,varr4fromui2,varr4fromui4,varr8frombool,varr8fromcy,varr8fromdate,varr8fromdec,varr8fromdisp,varr8fromi1,varr8fromi2,varr8fromi4,varr8fromr4,varr8fromstr,varr8fromui1,varr8fromui2,varr8fromui4,varudatefromdate,varui1frombool,varui1fromcy,varui1fromdate,varui1fromdec,varui1fromdisp,varui1fromi1,varui1fromi2,varui1fromi4,varui1fromr4,varui1fromr8,varui1fromstr,varui1fromui2,varui1fromui4,varui2frombool,varui2fromcy,varui2fromdate,varui2fromdec,varui2fromdisp,varui2fromi1,varui2fromi2,varui2fromi4,varui2fromr4,varui2fromr8,varui2fromstr,varui2fromui1,varui2fromui4,varui4frombool,varui4fromcy,varui4fromdate,varui4fromdec,varui4fromdisp,varui4fromi1,varui4fromi2,varui4fromi4,varui4fromr4,varui4fromr8,varui4fromstr,varui4fromui1,varui4fromui2,vectorfrombstr
Olectl.h	4	chm/windows-ce-3.0,chm/windows-ce-5.0/wcedcom5/html,learn/windows-ce-5.0,learn/windows-ce-net-4x,learn/windows-embedded-ce-6.0	Olectl.h.,Olectl.h	dllregisterserver,dllunregisterserver,olecreatefontindirect,olecreatepropertyframe
Oleidl.h	77	chm/windows-ce-3.0,chm/windows-ce-5.0/wcedcom5/html,learn/windows-ce-5.0,learn/windows-ce-net-4x,learn/windows-embedded-ce-6.0,msdn-library/wcedevcon-99/wcesdkr	Oleidl.h,Oleidl.h.	ioleadviseholder,ioleadviseholderadvise,ioleadviseholderenumadvise,ioleadviseholdersendonclose,ioleadviseholdersendonrename,ioleadviseholdersendonsave,ioleadviseholderunadvise,ioleclientsite,ioleclientsitegetcontainer,ioleclientsitegetmoniker,ioleclientsiteonshowwindow,ioleclientsiterequestnewobjectlayout,ioleclientsitesaveobject,ioleclientsiteshowobject,iolecontainerenumobjects,iolecontainerlockcontainer,ioleinplacesitecaninplaceactivate,ioleinplacesitedeactivateandundo,ioleinplacesitediscardundostate,ioleinplacesitegetwindowcontext,ioleinplacesiteoninplaceactivate,ioleinplacesiteoninplacedeactivate,ioleinplacesiteonposrectchange,ioleinplacesiteonuiactivate,ioleinplacesiteonuideactivate,ioleinplacesitescroll,ioleobject,ioleobjectadvise,ioleobjectclose,ioleobjectdoverb,ioleobjectenumadvise,ioleobjectenumverbs,ioleobjectgetclientsite,ioleobjectgetclipboarddata,ioleobjectgetextent,ioleobjectgetmiscstatus,ioleobjectgetmoniker,ioleobjectgetuserclassid,ioleobjectgetusertype,ioleobjectinitfromdata,ioleobjectisuptodate,ioleobjectsetclientsite,ioleobjectsetcolorscheme,ioleobjectsetextent,ioleobjectsethostnames,ioleobjectsetmoniker,ioleobjectunadvise,ioleobjectupdate,iolewindowcontextsensitivehelp,iolewindowgetwindow,iparsedisplayname,iparsedisplaynameparsedisplayname,ipersist,ipersistgetclassid,ipersiststorage,ipersiststoragehandsoffstorage,ipersiststorageinitnew,ipersiststorageisdirty,ipersiststorageload,ipersiststoragesave,ipersiststoragesavecompleted,irootstorage,irootstorageswitchtofile,iviewobject,iviewobjectdraw,iviewobjectfreeze,iviewobjectgetadvise,iviewobjectgetcolorset,iviewobjectsetadvise,iviewobjectunfreeze,olegetmoniker,olelinkbind,oleupdate,oleverb,oleverbattrib,olewhichmk,statdata
Oleidl.h, Oleidl.idl	65	chm/windows-ce-5.0/wcedcom5/html,learn/windows-ce-5.0,learn/windows-ce-net-4x	Oleidl.h, Oleidl.idl.	ienumoleverb,ienumoleverbclone,ienumoleverbnext,ienumoleverbreset,ienumoleverbskip,ioleadviseholder,ioleadviseholderadvise,ioleadviseholderenumadvise,ioleadviseholdersendonclose,ioleadviseholdersendonrename,ioleadviseholdersendonsave,ioleadviseholderunadvise,ioleclientsite,ioleclientsitegetcontainer,ioleclientsitegetmoniker,ioleclientsiteonshowwindow,ioleclientsiterequestnewobjectlayout,ioleclientsitesaveobject,ioleclientsiteshowobject,ioleitemcontainer,iolelink,iolelinkbindifrunning,iolelinkbindtosource,iolelinkgetboundsource,iolelinkgetsourcedisplayname,iolelinkgetsourcemoniker,iolelinkgetupdateoptions,iolelinksetsourcedisplayname,iolelinksetsourcemoniker,iolelinksetupdateoptions,iolelinkunbindsource,iolelinkupdate,ioleobject,ioleobjectadvise,ioleobjectclose,ioleobjectdoverb,ioleobjectenumadvise,ioleobjectenumverbs,ioleobjectgetclientsite,ioleobjectgetclipboarddata,ioleobjectgetextent,ioleobjectgetmiscstatus,ioleobjectgetmoniker,ioleobjectgetuserclassid,ioleobjectgetusertype,ioleobjectinitfromdata,ioleobjectisuptodate,ioleobjectsetclientsite,ioleobjectsetcolorscheme,ioleobjectsetextent,ioleobjectsethostnames,ioleobjectsetmoniker,ioleobjectunadvise,ioleobjectupdate,iparsedisplayname,iparsedisplaynameparsedisplayname,iviewobject,iviewobject2,iviewobject2getextent,iviewobjectdraw,iviewobjectfreeze,iviewobjectgetadvise,iviewobjectgetcolorset,iviewobjectsetadvise,iviewobjectunfreeze
Oleidl.h, oleidl.idl	56	learn/windows-embedded-ce-6.0	Oleidl.h, oleidl.idl	ienumoleverbclone,ienumoleverbnext,ienumoleverbreset,ienumoleverbskip,ioleadviseholderadvise,ioleadviseholderenumadvise,ioleadviseholdersendonclose,ioleadviseholdersendonrename,ioleadviseholdersendonsave,ioleadviseholderunadvise,ioleclientsitegetcontainer,ioleclientsitegetmoniker,ioleclientsiteonshowwindow,ioleclientsiterequestnewobjectlayout,ioleclientsitesaveobject,ioleclientsiteshowobject,iolelinkbindifrunning,iolelinkbindtosource,iolelinkgetboundsource,iolelinkgetsourcedisplayname,iolelinkgetsourcemoniker,iolelinkgetupdateoptions,iolelinksetsourcedisplayname,iolelinksetsourcemoniker,iolelinksetupdateoptions,iolelinkunbindsource,iolelinkupdate,ioleobjectadvise,ioleobjectclose,ioleobjectdoverb,ioleobjectenumadvise,ioleobjectenumverbs,ioleobjectgetclientsite,ioleobjectgetclipboarddata,ioleobjectgetextent,ioleobjectgetmiscstatus,ioleobjectgetmoniker,ioleobjectgetuserclassid,ioleobjectgetusertype,ioleobjectinitfromdata,ioleobjectisuptodate,ioleobjectsetclientsite,ioleobjectsetcolorscheme,ioleobjectsetextent,ioleobjectsethostnames,ioleobjectsetmoniker,ioleobjectunadvise,ioleobjectupdate,iparsedisplaynameparsedisplayname,iviewobject2getextent,iviewobjectdraw,iviewobjectfreeze,iviewobjectgetadvise,iviewobjectgetcolorset,iviewobjectsetadvise,iviewobjectunfreeze
Oomui.h	12	chm/windows-ce-3.0,chm/windows-ce-5.0/wceui5/html,learn/windows-ce-5.0,learn/windows-ce-net-4x	Oomui.h.,Oomui.h	oomui_createnotrespondingwindow,oomui_createoomwindow,oomui_fshowoomwindow,oomui_initialize,oomui_notrespondingwndproc,oomui_onshow,oomui_oomwndproc,oomui_setwindowsinfo,oomuicallback_closewindow,oomuicallback_iscritical,oomuicallback_nonclientpaint,windowinfo
Os.h, Cemgr.idl	6	chm/windows-ce-4.2/remtools/htm,learn/windows-ce-5.0	Os.h, Cemgr.idl.	ipmos,ipmosid,ipmosmajorversion,ipmosminorversion,ipmosname,ipmostypeid
OsAccess.h	67	learn/windows-ce-5.0,learn/windows-embedded-ce-6.0	OsAccess.h.,OsAccess.h	frame_type,iosasxdatabpgetattributesex,iosaxsce50genericgethdstubnotifaddress,iosaxsce50genericgetthreadmigrationtarget,iosaxsce50modulegetdata,iosaxsce50processmappointertoprocess,iosaxsce50threadgetcurrentprocess,iosaxsce50threadtranslatereturnaddress,iosaxsclientmoduleeventsnotifymodule,iosaxsclientpageineventsnotifypagein,iosaxsclientprocesseventsnotifyprocess,iosaxsclientthreadeventsnotifythread,iosaxsclientthreadswitcheventsnotifythreadswitched,iosaxscodebpgetattributesex,iosaxsenummoduleclone,iosaxsenummodulecount,iosaxsenummodulenext,iosaxsenummodulereset,iosaxsenummoduleskip,iosaxsenumprocessclone,iosaxsenumprocesscount,iosaxsenumprocessnext,iosaxsenumprocessreset,iosaxsenumprocessskip,iosaxsenumthreadclone,iosaxsenumthreadcount,iosaxsenumthreadnext,iosaxsenumthreadreset,iosaxsenumthreadskip,iosaxsexecaddcodebpsinprocandthd,iosaxsexecadddatabpsinprocandthd,iosaxsexecenumallcodebpsbyprocandthd,iosaxsexecenumalldatabpsbyprocandthd,iosaxsexecenumcodebpsinaddrrange,iosaxsexecenumdatabpsinaddrrange,iosaxsexecsinglestepincurthread,iosaxsgenericdisable,iosaxsgenericenable,iosaxsgenericenumallmodules,iosaxsgenericenumallprocesses,iosaxsgenericenumallthreads,iosaxsgenericgetcurrentlyviewedprocess,iosaxsgenericgetcurrentprocessandthread,iosaxsgenericgetexdi2service,iosaxsgenericgetexecmodeataddress,iosaxsgenericgetfullthdcontextreglist,iosaxsgenericgetmetrics,iosaxsgenericgetmodulebyid,iosaxsgenericgetmodulefromaddress,iosaxsgenericgetprocessbyid,iosaxsgenericgetroutinedatabyaddress,iosaxsgenericgetthreadbyid,iosaxsgenericgetthreadmigrationtarget,iosaxsmemcopymemorybyproc,iosaxsmemfillmemorybyproc,iosaxsmemreadmemorybyproc,iosaxsmemsearchmemorybyproc,iosaxsmemwritememorybyproc,iosaxsoleevents,iosaxsoleeventsnotifymoduledole,iosaxsoleeventsnotifyprocessole,iosaxsoleeventsnotifythreadole,iosaxsthreadswitchexecutionto,iosaxsvirtualmemchangevirtualmapping,iosaxsvirtualmemgetpagesize,iosaxsvirtualmemtranslateaddressvirtualtophysical,routine_data
OsAcess.h	10	learn/windows-ce-5.0,learn/windows-embedded-ce-6.0	OsAcess.h.,OsAcess.h	iosaxsmodulegetallroutinedata,iosaxsmodulegetdata,iosaxsprocessenumownedthreads,iosaxsprocessenumusedmodules,iosaxsprocessgetdata,iosaxsprocessswitchviewto,iosaxsthreadgetcallstack,iosaxsthreadgetdata,iosaxsthreadreadregsfromthdctx,iosaxsthreadwriteregstothdctx
PCIReg.h	5	learn/windows-ce-5.0,learn/windows-ce-net-4x	PCIReg.h.	busdata_parms,pci_reg_info,pci_reg_list,pciinitinfo,pcireg
PCIbus.h	1	learn/windows-ce-5.0,learn/windows-ce-net-4x	PCIbus.h.	pci_dev_info
PCIrsrc.h	1	learn/windows-ce-5.0,learn/windows-ce-net-4x	PCIrsrc.h.	pci_rsrc
Package.h, Cemgr.idl	8	chm/windows-ce-4.2/remtools/htm,learn/unclassified,learn/windows-ce-5.0	Package.h, Cemgr.idl.	ipmpackage,ipmpackageaddcpufiles,ipmpackageaddfile,ipmpackagedeletefile,ipmpackageenumfiles,ipmpackagegetfile,ipmpackageid,ipmpackagename
Packagefile.h, Cemgr.idl	13	chm/windows-ce-4.2/remtools/htm,learn/unclassified,learn/windows-ce-5.0	Packagefile.h, Cemgr.idl.	ipmpackagefile,ipmpackagefilearchitecture,ipmpackagefilecpunum,ipmpackagefileflags,ipmpackagefilekeyname,ipmpackagefilelevel,ipmpackagefilelocale,ipmpackagefilemajorversion,ipmpackagefileminorversion,ipmpackagefilename,ipmpackagefilepagesize,ipmpackagefiletype,ipmpackagefiletypeid
Partdrv.h	19	learn/windows-ce-5.0	Partdrv.h.	pd_closepartition,pd_closestore,pd_createpartition,pd_deletepartition,pd_deviceiocontrol,pd_findpartitionclose,pd_findpartitionnext,pd_findpartitionstart,pd_formatpartition,pd_formatstore,pd_getpartitioninfo,pd_getstoreinfo,pd_isstoreformatted,pd_openpartition,pd_openstore,pd_partinfo,pd_renamepartition,pd_setpartitionattrs,pd_storeinfo
Pchannel.h	2	chm/windows-ce-5.0/wcerdp5/html,learn/windows-ce-5.0,learn/windows-ce-net-4x	Pchannel.h.	channel_def,channel_pdu_header
Pcommctr.h	2	chm/windows-ce-5.0/wceui5/html,learn/windows-ce-5.0,learn/windows-ce-net-4x	Pcommctr.h.	dpa_fastgetptr,dpa_getptr
Pcommctrl.h	4	chm/windows-ce-5.0/wceui5/html,learn/windows-ce-5.0,learn/windows-ce-net-4x,learn/windows-embedded-ce-6.0	Pcommctrl.h.,Pcommctrl.h	dpa,listview_getnumberofworkareas,listview_getworkareas,listview_setworkareas
Pegdser.h	25	chm/windows-ce-3.0,learn/windows-ce-5.0,learn/windows-ce-net-4x	Pegdser.h.,Pegdser.h	ioctl_serial_clr_dtr,ioctl_serial_clr_rts,ioctl_serial_disable_ir,ioctl_serial_enable_ir,ioctl_serial_get_commstatus,ioctl_serial_get_dcb,ioctl_serial_get_modemstatus,ioctl_serial_get_properties,ioctl_serial_get_timeouts,ioctl_serial_get_wait_mask,ioctl_serial_immediate_char,ioctl_serial_purge,ioctl_serial_set_break_off,ioctl_serial_set_break_on,ioctl_serial_set_dcb,ioctl_serial_set_dtr,ioctl_serial_set_queue_size,ioctl_serial_set_rts,ioctl_serial_set_timeouts,ioctl_serial_set_wait_mask,ioctl_serial_set_xoff,ioctl_serial_set_xon,ioctl_serial_wait_on_mask,serial_dev_status,serial_queue_sizes
Pimstore.h	55	chm/windows-ce-5.0/wcepoom5/html,learn/windows-ce-5.0	Pimstore.h.	cepimcommand,iappointment,iappointmentcancel,iappointmentclearrecurrencepattern,iappointmentcopy,iappointmentdelete,iappointmentgetrecurrencepattern,iappointmentsave,iappointmentsend,icontact,icontactcopy,icontactdelete,icontactsave,iexception,iexceptions,iexceptionsitem,ifolder,ifolderadditemtoinfraredfolder,ifolderreceivefrominfrared,ifoldersendtoinfrared,ipolrecipient,ipolrecipientresolve,ipoutlookapp,ipoutlookappcreateitem,ipoutlookappgetdefaultfolder,ipoutlookappgetitemfromoid,ipoutlookappgettimezonefromindex,ipoutlookappgettimezoneinformationfromindex,ipoutlookapplogoff,ipoutlookapplogon,ipoutlookappreceivefrominfrared,ipoutlookappsysfreestring,ipoutlookitemcollection,ipoutlookitemcollectionadd,ipoutlookitemcollectionfind,ipoutlookitemcollectionfindnext,ipoutlookitemcollectionitem,ipoutlookitemcollectionremove,ipoutlookitemcollectionrestrict,ipoutlookitemcollectionsort,irecipient,irecipients,irecipientsadd,irecipientsitem,irecipientsremove,irecurrencepattern,irecurrencepatterngetoccurrence,itask,itaskclearrecurrencepattern,itaskcopy,itaskdelete,itaskgetrecurrencepattern,itasksave,itaskskiprecurrence,itimezone
Pkfuncs.h	166	chm/windows-ce-3.0,learn/windows-ce-5.0,learn/windows-ce-net-4x,msdn-library/2010-05/windows-ce-5.0	Pkfuncs.h.,Pkfuncs.h	allocphysmem,cacheinfo,cacherangeflush,cachesync,callsnapshot,callsnapshotex,capturedumpfileondevice,cechangedatabaselcid,cegetcacheinfo,cegetrandomseed,celogexporttable,celogimporttable,cesetmemoryattributes,cevirtualsharedalloc,createstaticmapping,createwatchdogtimer,device_id,device_location,device_psl_notify,drwatsonclear,drwatsonflush,drwatsongetsize,drwatsonreaddata,drwatsonwritedata,forcepageout,freeintchainhandler,freephysmem,getcallerprocess,getcurrentpermissions,geteventdata,getownerprocess,getstdiopathw,getthreadcallstack,interruptdisable,interruptdone,interruptinitialize,interruptmask,ioctl_celog_deregister,ioctl_celog_getdesktopzone,ioctl_celog_import,ioctl_celog_register,ioctl_celog_reportzonechange,ioctl_edbg_deregister_client,ioctl_edbg_recv,ioctl_edbg_register_client,ioctl_edbg_send,ioctl_edbg_set_debug,ioctl_hal_authenticate_device,ioctl_hal_ddk_call,ioctl_hal_disable_wake,ioctl_hal_enable_wake,ioctl_hal_get_cache_info,ioctl_hal_get_device_info,ioctl_hal_get_deviceid,ioctl_hal_get_hive_clean_flag,ioctl_hal_get_hive_ram_region,ioctl_hal_get_hwentropy,ioctl_hal_get_image_signed_state,ioctl_hal_get_ip_addr,ioctl_hal_get_random_seed,ioctl_hal_get_rndis_macaddr,ioctl_hal_get_uuid,ioctl_hal_get_wake_source,ioctl_hal_getregsecurekeys,ioctl_hal_iltiming,ioctl_hal_init_rtc,ioctl_hal_initregistry,ioctl_hal_oem_profiler,ioctl_hal_postinit,ioctl_hal_presuspend,ioctl_hal_query_device_settings,ioctl_hal_query_displaysettings,ioctl_hal_query_format_partition,ioctl_hal_reboot,ioctl_hal_release_sysintr,ioctl_hal_request_irq,ioctl_hal_request_sysintr,ioctl_hal_save_hive_ram_region,ioctl_hal_set_device_info,ioctl_hal_translate_irq,ioctl_hal_whql_test_mode,ioctl_kitl_get_info,ioctl_klib_getalarmresolution,ioctl_processor_information,ioctl_psl_notify,ioctl_query_physicalmem,ioctl_set_kernel_comm_dev,ioctl_vbridge_802_3_multicast_list,ioctl_vbridge_current_packet_filter,ioctl_vbridge_get_ethernet_mac,ioctl_vbridge_get_rx_packet,ioctl_vbridge_get_rx_packet_complete,ioctl_vbridge_get_tx_packet,ioctl_vbridge_get_tx_packet_complete,ioctl_vbridge_shared_ethernet,ioctl_vbridge_wild_card,ioctl_vbridge_wild_card_reset_buffer,ioctl_vbridge_wild_card_vb_initialized,iscelogenabled,iscelogstatus,iscelogzoneenabled,isinpwrhdlr,isnamedeventsignaled,kd_bpinfo,kd_exception_info,kd_ioctl_clear_cbp,kd_ioctl_clear_dbp,kd_ioctl_dmpgen_end,kd_ioctl_dmpgen_start,kd_ioctl_enum_cbp,kd_ioctl_enum_dbp,kd_ioctl_init,kd_ioctl_jit_notif,kd_ioctl_map_exception,kd_ioctl_memory_inaccessible,kd_ioctl_query_cbp,kd_ioctl_query_dbp,kd_ioctl_reboot,kd_ioctl_reset,kd_ioctl_set_cbp,kd_ioctl_set_dbp,kerneliocontrol,kernellibiocontrol,kliballocsharemem,klibfreesharemem,loaddriver,loadintchainhandler,loadkernellibrary,lockpages,mapcallerptr,mapptrtoprocess,nkcreatestaticmapping,nkforcecleanboot,nkregclosekey,nkregcreatekeyex,nkregopenkeyex,nkregqueryvalueex,nkregsetvalueex,nksetdataaborthandler,nkvirtualsetattributes,oemkdiocontrol,openwatchdogtimer,pageoutmodule,physical_basic_information,poweroffsystem,processor_info,readregistryfromoem,refreshwatchdogtimer,setcleanrebootflag,setdbgzone,seteventdata,setjitdebuggerpath,setkmode,setoomevent,setprocpermissions,setstdiopathw,setstorequeuebase,sleeptilltick,startwatchdogtimer,stopwatchdogtimer,unlockpages,unmapptr,virtualcopy,virtualsetattributes,virtualsetpageflags,writeregistrytooem
Platform.h	1	msdn-library/techshelps/CEGUIDE/devdoc/good/wince	Platform.h	load_peggetplatformname
Platform.h, Cemgr.idl	33	chm/windows-ce-4.2/remtools/htm,learn/unclassified,learn/windows-ce-5.0	Platform.h, Cemgr.idl.	ipmplatform,ipmplatformaddcpu,ipmplatformadddevice,ipmplatformaddos,ipmplatformaddpackage,ipmplatformaddproperty,ipmplatformaddstartupserver,ipmplatformaddtransport,ipmplatformdeletecpu,ipmplatformdeletedevice,ipmplatformdeleteos,ipmplatformdeletepackage,ipmplatformdeleteproperty,ipmplatformdeletestartupserver,ipmplatformdeletetransport,ipmplatformenumcpus,ipmplatformenumdevices,ipmplatformenumpackages,ipmplatformenumproperties,ipmplatformenumstartupservers,ipmplatformenumtransports,ipmplatformgetcpu,ipmplatformgetdevice,ipmplatformgetos,ipmplatformgetosinfo,ipmplatformgetpackage,ipmplatformgetproperty,ipmplatformgetstartupserver,ipmplatformgettransport,ipmplatformid,ipmplatformname,ipmplatformremotedbgdirectory,ipmplatformuniversalsdk
Platman.h, Cemgr.idl	36	chm/windows-ce-4.2/remtools/htm,learn/unclassified,learn/windows-ce-5.0	Platman.h, Cemgr.idl.	ipmplatformmanager,ipmplatformmanageraddbootabledevice,ipmplatformmanageraddcpu,ipmplatformmanageraddos,ipmplatformmanageraddpackage,ipmplatformmanageraddplatform,ipmplatformmanageraddproperty,ipmplatformmanageraddservicecategory,ipmplatformmanageraddtoolkit,ipmplatformmanagercleanregistry,ipmplatformmanagercreateguid,ipmplatformmanagerdeletebootabledevice,ipmplatformmanagerdeletecpu,ipmplatformmanagerdeleteos,ipmplatformmanagerdeletepackage,ipmplatformmanagerdeleteplatform,ipmplatformmanagerdeleteproperty,ipmplatformmanagerdeleteservicecategory,ipmplatformmanagerdeletetoolkit,ipmplatformmanagerenumbootabledevices,ipmplatformmanagerenumcpus,ipmplatformmanagerenumoss,ipmplatformmanagerenumpackages,ipmplatformmanagerenumplatforms,ipmplatformmanagerenumproperties,ipmplatformmanagerenumservicecategories,ipmplatformmanagerenumuniversalplatforms,ipmplatformmanagergetbootabledevice,ipmplatformmanagergetconnection,ipmplatformmanagergetcpu,ipmplatformmanagergetos,ipmplatformmanagergetpackage,ipmplatformmanagergetplatform,ipmplatformmanagergetproperty,ipmplatformmanagergetservicecategory,ipmplatformmanagergetversion
Playlist.h	16	chm/windows-ce-5.0/wcedshow5/html,learn/windows-ce-5.0	Playlist.h.	iamplaylistgetflags,iamplaylistgetitem,iamplaylistgetitemcount,iamplaylistgetnamedevent,iamplaylistgetrepeatinfo,iamplaylistitemgetflags,iamplaylistitemgetlinkurl,iamplaylistitemgetscanduration,iamplaylistitemgetsourcecount,iamplaylistitemgetsourceduration,iamplaylistitemgetsourceendmarker,iamplaylistitemgetsourceendmarkername,iamplaylistitemgetsourcestart,iamplaylistitemgetsourcestartmarker,iamplaylistitemgetsourcestartmarkername,iamplaylistitemgetsourceurl
Pm.h	21	learn/windows-ce-5.0,learn/windows-ce-net-4x	Pm.h.	cedevice_power_state,devicepowernotify,getdevicepower,getsystempowerstate,ioctl_power_capabilities,ioctl_power_get,ioctl_power_query,ioctl_power_set,ioctl_register_power_relationship,power_broadcast,power_broadcast_power_info,power_capabilities,power_relationship,registerpowerrelationship,releasepowerrelationship,releasepowerrequirement,requestpowernotifications,setdevicepower,setpowerrequirement,setsystempowerstate,stoppowernotifications
Pmimpl.h	7	learn/windows-ce-5.0,learn/windows-ce-net-4x	Pmimpl.h.,Pmimpl.h	platformdevicelistinit,platformmanagesystempower,platformmappowerstatehint,platformresumesystem,platformsendinitialnotifications,platformsetsystempowerstate,platformvalidatepmregistry
Pmpolicy.h	1	learn/windows-ce-5.0	Pmpolicy.h.	powerpolicynotify
Pnp.h	1	learn/windows-ce-5.0	Pnp.h.	devdetail
Ppcload.h	7	msdn-library/techshelps/CEGUIDE/devdoc/good/wince,msdn-library/wcedevcon-99/wcesdkr	Ppcload.h	load,load_alreadyinstalled,load_exit,load_init,load_pegcputype,load_pegfreespace,load_registerfileinfo
Prnport.h	5	chm/windows-ce-3.0,learn/windows-ce-5.0,learn/windows-ce-net-4x,msdn-library/wcedevcon-99/wceddk	Prnport.h.,Prnport.h	getprinterinfo,printerclose,printeropen,printersend,reportprinterstatus
Profiler.h	9	chm/windows-ce-3.0,learn/windows-ce-5.0,learn/windows-ce-net-4x	Profiler.h.,Profiler.h	oemprofilerdata,oemprofiletimerdisable,oemprofiletimerenable,profilecapturestatus,profilercontrol,profilerhitex,profilestart,profilestartex,profilestop
Progressview.hpp	3	chm/windows-ce-5.0/wceui5/html,learn/windows-ce-5.0,learn/windows-ce-net-4x	Progressview.hpp.	progressbarview_t,progressbarview_tdraw,progressbarview_tsetborder
Projects.h	6	msdn-library/wcedevcon-99/wceppc	Projects.h	enumprojects,enumprojectsfiles,findfirstflashcard,findfirstprojectfile,findnextflashcard,findnextprojectfile
Property.h, Cemgr.idl	10	chm/windows-ce-4.2/remtools/htm,learn/unclassified,learn/windows-ce-5.0	Property.h, Cemgr.idl.	ipmproperty,ipmpropertyaddproperty,ipmpropertyaddpropinfo,ipmpropertydeleteproperty,ipmpropertydeletepropinfo,ipmpropertyenumproperties,ipmpropertyenumpropinfos,ipmpropertygetproperty,ipmpropertygetpropinfo,ipmpropertyid
Propidl.h	1	win32/api/propidl,win32/api/propidlbase	Propidl.h	propvariant
Propinfo.h, Cemgr.idl	4	chm/windows-ce-4.2/remtools/htm,learn/unclassified,learn/windows-ce-5.0	Propinfo.h, Cemgr.idl.	ipmpropinfo,ipmpropinfoname,ipmpropinfotype,ipmpropinfovalue
Proto.h	5	learn/windows-ce-net-4x	Proto.h.	d3dcontextcreate,d3dcontextdestroy,d3dcreatesurfaceex,d3ddrawprimitives2,d3dvalidatetexturestagestate
Proxy.h	2	learn/windows-ce-5.0	Proxy.h.	store_executecommand,store_iscommandsupported
Prsht.h	32	chm/windows-ce-3.0,chm/windows-ce-5.0/wceui5/html,learn/windows-ce-5.0,msdn-library/wcedevcon-99/wcesdkr	Prsht.h.,Prsht.h	createpropertysheetpage,destroypropertysheetpage,propertysheet,propsheet_addpage,propsheet_apply,propsheet_canceltoclose,propsheet_changed,propsheet_getcurrentpagehwnd,propsheet_gettabcontrol,propsheet_isdialogmessage,propsheet_pressbutton,propsheet_querysiblings,propsheet_rebootsystem,propsheet_removepage,propsheet_restartwindows,propsheet_setcursel,propsheet_setcurselbyid,propsheet_setfinishtext,propsheet_settitle,propsheet_setwizbuttons,propsheet_unchanged,propsheetheader,propsheetpage,propsheetpageproc,propsheetproc,pshnotify,psn_apply,psn_help,psn_killactive,psn_querycancel,psn_reset,psn_setactive
Psapi.h	3	chm/windows-ce-5.0/wcecore5/html,learn/windows-ce-5.0	Psapi.h.	cesetprocessversion,getmoduleinformation,moduleinfo
Pwinbase.h	3	chm/windows-ce-5.0/wcesystempassword5/html,learn/windows-ce-5.0,learn/windows-ce-net-4x	Pwinbase.h.	filesystempowerfunction,getpasswordstatus,setpasswordstatus
Pwindbas.h	20	chm/windows-ce-3.0,learn/windows-ce-5.0	Pwindbas.h.,Pwindbas.h	cechangedatabaselcid,ceclearreplchangebitsex,cegetreplchangebitsex,cegetreplchangemask,cegetreplotherbitsex,ceregisterreplnotification,cesetreplchangebitsex,cesetreplchangemask,cesetreplotherbitsex,getoidsearchid,getsystemmemorydivision,replchangeinfo,replchangesyncsettings,replcheckpoint,replclosesync,replfindnextchange,replgetoidstatus,replgetsyncstate,replopensync,setsystemmemorydivision
Pwingdi.h	2	learn/windows-ce-5.0,learn/windows-ce-net-4x	Pwingdi.h.	contrastcmdinputparm,video_power_management
Pwinreg.h	17	chm/windows-ce-3.0,learn/windows-ce-5.0,learn/windows-ce-net-4x	Pwinreg.h.,Pwinreg.h	getuserdirectory,hiveraminfo,hiveramregion,ioctl_hal_get_hive_clean_flag,readgenericdata,readregdata,regcopyfile,registryoperation,regreplacekey,regrestorefile,regsavekey,regsecurekey,regsecurekeylist,setcurrentuser,setuserdata,writegenericdata,writeregdata
Pwinuser.h	18	chm/windows-ce-3.0,chm/windows-ce-5.0/wceimm5/html,chm/windows-ce-5.0/wceui5/html,learn/windows-ce-5.0,learn/windows-ce-net-4x	Pwinuser.h.,Pwinuser.h	batterygetlifetimeinfo,batterynotifyoftimechange,get_foreground_info,getasyncshiftflags,getforegroundinfo,getforegroundkeyboardlayouthandle,getforegroundkeyboardtarget,gwespoweroffsystem,immgetconversionstatusforeground,keybdgetdeviceinfo,nledgetdeviceinfo,nledsetdevice,notifywinusersystem,registerdesktop,registertaskbar,registertaskbarex,touchcalibrate,wm_syscopydata
RTCVideoPlugin.h	4	learn/windows-embedded-ce-6.0	RTCVideoPlugin.h	irtcpluggablevideodecoderreadrtppacket,irtcpluggablevideoencoderwritertppayloadheader,irtcsdpvalidatorcheckacceptablefmtp,rtcrtpheader
Rapi.h	88	chm/windows-ce-3.0,chm/windows-ce-5.0/wceactsync5/html,learn/windows-ce-5.0,learn/windows-ce-net-4x,msdn-library/techshelps/CEGUIDE/devdoc/good/wince,msdn-library/wcedevcon-99/wcesdkr	Rapi.h,Rapi.h.	ce_find_data,cecheckpassword,ceclosehandle,cecopyfile,cecreatedatabase,cecreatedatabaseex,cecreatedirectory,cecreatefile,cecreateprocess,cedb_find_data,cedeletedatabase,cedeletedatabaseex,cedeletefile,cedeleterecord,ceenumdbvolumes,cefindalldatabases,cefindallfiles,cefindclose,cefindfirstdatabase,cefindfirstdatabaseex,cefindfirstfile,cefindnextdatabase,cefindnextdatabaseex,cefindnextfile,cegetclassname,cegetdesktopdevicecaps,cegetfileattributes,cegetfilesize,cegetfiletime,cegetlasterror,cegetspecialfolderpath,cegetstoreinformation,cegetsysteminfo,cegetsystemmetrics,cegetsystempowerstatusex,cegettemppath,cegetversionex,cegetwindow,cegetwindowlong,cegetwindowtext,ceglobalmemorystatus,cemountdbvol,cemovefile,ceoidgetinfo,ceoidgetinfoex,ceopendatabase,ceopendatabaseex,ceosversioninfo,cequeryinstructionset,cerapifreebuffer,cerapigeterror,cerapiinit,cerapiinitex,cerapiinvoke,cerapiuninit,cereadfile,cereadrecordprops,cereadrecordpropsex,ceregclosekey,ceregcreatekeyex,ceregdeletekey,ceregdeletevalue,ceregenumkeyex,ceregenumvalue,ceregopenkeyex,ceregqueryinfokey,ceregqueryvalueex,ceregsetvalueex,ceremovedirectory,ceseekdatabase,cesetdatabaseinfo,cesetdatabaseinfoex,cesetendoffile,cesetfileattributes,cesetfilepointer,cesetfiletime,ceshcreateshortcut,ceshgetshortcuttarget,ceunmountdbvol,cewritefile,cewriterecordprops,irapistream,irapistreamgetrapistat,irapistreamsetrapistat,peg_user_notification,pff_convertinfo,rapifreebuffer,rapiinit
Ras.h	44	chm/windows-ce-3.0,chm/windows-ce-5.0/wcedialup5/html,chm/windows-ce-5.0/wceras5/html,learn/windows-ce-5.0,learn/windows-ce-net-4x,msdn-library/wcedevcon-99/wcesdkr	Ras.h.,Ras.h	ras_stats,rascntl_server_ipv6_net_prefix,rascntl_serverconnection,rascntl_serverline,rascntl_serverstatus,rascntl_serverusercredentials,rascntlenum,rasconn,rasconnstate,rasconnstatus,rasdeleteentry,rasdevconfigdialogedit,rasdevinfo,rasdial,rasdialparams,rasentry,rasentryname,rasenumconnections,rasenumdevices,rasenumentries,rasfreebuffer,rasgetbuffer,rasgetconnectstatus,rasgetdispphonenum,rasgeteapconnectiondata,rasgeteapuserdata,rasgetentrydialparams,rasgetentryproperties,rasgetprojectioninfo,rashangup,rasiocontrol,rasipaddr,raspppip,raspppipv6,rasprojection,rasreceivebuffer,rasrenameentry,rasretrievebuffer,rassendbuffer,rasseteapconnectiondata,rasseteapuserdata,rassetentrydialparams,rassetentryproperties,rasvalidateentryname
Ras.h, Afdfunc.h	14	chm/windows-ce-3.0	Ras.h, Afdfunc.h	rasdeleteentry,rasdial,rasenumconnections,rasenumentries,rasgetconnectstatus,rasgetentrydialparams,rasgetentryproperties,rasgetlinkstatistics,rasgetprojectioninfo,rashangup,rasrenameentry,rassetentrydialparams,rassetentryproperties,rasvalidateentryname
Ras.h.h	1	chm/windows-ce-5.0/wcedialup5/html,learn/windows-ce-5.0,learn/windows-ce-net-4x	Ras.h.h.	rasgetlinkstatistics
Raseapif.h	16	chm/windows-ce-5.0/wceeap5/html,learn/windows-ce-5.0,learn/windows-ce-net-4x	Raseapif.h.	ppp_eap_action,ppp_eap_info,ppp_eap_input,ppp_eap_output,ppp_eap_packet,ras_auth_attribute,ras_auth_attribute_type,raseapbegin,raseapend,raseapfreememory,raseapgetidentity,raseapgetinfo,raseapinitialize,raseapinvokeconfigui,raseapinvokeinteractiveui,raseapmakemessage
Rebarview.hpp	4	chm/windows-ce-5.0/wceui5/html,learn/windows-ce-5.0,learn/windows-ce-net-4x	Rebarview.hpp.	rebarview_t,rebarview_tdrawgripper,rebarview_tinitspacingvalues,rebarview_tsetedgebordertype
Recog.h	16	chm/windows-ce-3.0,chm/windows-ce-5.0/wcehwx5/html,learn/windows-ce-5.0,learn/windows-ce-net-4x,msdn-library/wcedevcon-99/wcesdkr	Recog.h.,Recog.h	hwxalcpriority,hwxalcvalid,hwxconfig,hwxcreate,hwxdestroy,hwxendinput,hwxgetresults,hwxguide,hwxinput,hwxprocess,hwxresults,hwxresultsavailable,hwxsetabort,hwxsetcontext,hwxsetguide,hwxsetpartial
Remoteui.h, Remoteui.idl	23	chm/windows-ce-5.0/wceremoteconifg5/html,learn/windows-ce-5.0	Remoteui.h, Remoteui.idl.	iremoteui_array,iremoteui_arrayaddvalue,iremoteui_arrayfindfirstvar,iremoteui_arrayfindnextvar,iremoteui_arraygetname,iremoteui_arraygetvalue,iremoteuimodule,iremoteuimoduleget,iremoteuimoduleinit,iremoteuimodulemodulename,iremoteuimoduleneedhttpdrestart,iremoteuimoduleneednetworkrestart,iremoteuimoduleput,iremoteuimodulereset,ivariablecontainer,ivariablecontaineraddarray,ivariablecontaineraddvalue,ivariablecontainerfindfirstarray,ivariablecontainerfindfirstvar,ivariablecontainerfindnextarray,ivariablecontainerfindnextvar,ivariablecontainergetarray,ivariablecontainergetvalue
Replfilt.h	31	chm/windows-ce-3.0,chm/windows-ce-5.0/wceactsync5/html,learn/windows-ce-5.0,learn/windows-ce-net-4x,msdn-library/techshelps/CEGUIDE/devdoc/good/wince,msdn-library/wcedevcon-99/wcesdkr	Replfilt.h,Replfilt.h.	cff_convertinfo,cff_convertoptions,cff_destinationfile,cff_sourcefile,icefilefilter,icefilefilterfilteroptions,icefilefilterformatmessage,icefilefilternextconvertfile,icefilefilteroptions,icefilefilteroptionssetfilteroptions,icefilefiltersite,icefilefiltersiteclosedestinationfile,icefilefiltersiteclosesourcefile,icefilefiltersiteopendestinationfile,icefilefiltersiteopensourcefile,icefilefiltersitereportloss,icefilefiltersitereportprogress,ipegasusfilefilter,ipegasusfilefilterfilteroptions,ipegasusfilefilterformatmessage,ipegasusfilefilternextconvertfile,ipegasusfilefiltersite,ipegasusfilefiltersiteclosedestinationfile,ipegasusfilefiltersiteclosesourcefile,ipegasusfilefiltersiteopendestinationfile,ipegasusfilefiltersiteopensourcefile,ipegasusfilefiltersitereportloss,ipegasusfilefiltersitereportprogress,pff_convertinfo,pff_destinationfile,pff_sourcefile
Replifilt.h	2	msdn-library/wcedevcon-99/wcesdkr	Replifilt.h	cff_sourcefile,pff_sourcefile
Rilndisoem1.h, Rilndisoem2.h	1	learn/windows-embedded-ce-6.0	Rilndisoem1.h, Rilndisoem2.h	oemndiseventtype
Rndis.h	23	learn/windows-ce-5.0,learn/windows-ce-net-4x	Rndis.h.	remote_ndis_halt_msg,remote_ndis_indicate_status_msg,remote_ndis_initialize_cmplt,remote_ndis_initialize_msg,remote_ndis_keepalive_cmplt,remote_ndis_keepalive_msg,remote_ndis_packet_msg,remote_ndis_query_cmplt,remote_ndis_query_msg,remote_ndis_reset_cmplt,remote_ndis_reset_msg,remote_ndis_set_cmplt,remote_ndis_set_msg,rndis_class_id,rndis_diagnostic_info,rndis_medium,rndis_oid,rndis_oobd,rndis_packet,rndis_pdd_characteristics,rndis_per_packet_info,rndis_request_id,rndis_status
RndisMini.h	1	learn/windows-ce-5.0,learn/windows-ce-net-4x	RndisMini.h.	gethandler
Rndismini.h	16	learn/windows-ce-5.0,learn/windows-ce-net-4x	Rndismini.h.	data_wrapper,indicaterndispacketcompletehandler,mddallocdatawrapper,mddallocmem,mdddisconnect,mddfreedatawrapper,mddfreemem,mddindicaterndismessage,mddindicaterndispacket,mddsendrndispacketcomplete,pdddeinit,pddinit,pfn_pdd_isr,sendrndismessagehandler,sendrndispackethandler,sethandler
Romldr.h	4	learn/windows-ce-5.0,learn/windows-ce-net-4x	Romldr.h.	oemromchain,romhdr,xipchain_entry,xipchain_info
Routprot.h	1	chm/windows-ce-3.0,chm/windows-ce-5.0/wcetcpip5/html,learn/windows-ce-5.0	Routprot.h.,Routprot.h	mib_best_if
Rpcdce.h	1	chm/windows-ce-3.0,chm/windows-ce-5.0/wceauthservices5/html,learn/windows-ce-5.0	Rpcdce.h.,Rpcdce.h	sec_winnt_auth_identity
Rrapi.h	1	learn/windows-embedded-ce-6.0	Rrapi.h	cerapifreebuffer
Rtccore.h	51	chm/windows-ce-5.0/wcertc5/html,learn/windows-ce-5.0,learn/windows-ce-net-4x	Rtccore.h.	oahwnd,rtc_ace_scope,rtc_ace_type,rtc_answer_mode,rtc_audio_device,rtc_buddy_event_type,rtc_buddy_subscription_type,rtc_client_event_type,rtc_dtmf,rtc_event,rtc_group_event_type,rtc_listen_mode,rtc_media_event_reason,rtc_media_event_type,rtc_messaging_event_type,rtc_messaging_user_status,rtc_offer_watcher_mode,rtc_participant_state,rtc_phone_device,rtc_port_type,rtc_presence_property,rtc_presence_status,rtc_privacy_mode,rtc_profile_event_type,rtc_provider_uri,rtc_registration_state,rtc_reinvite_state,rtc_ring_type,rtc_roaming_event_type,rtc_security_level,rtc_security_type,rtc_session_refer_status,rtc_session_state,rtc_session_type,rtc_t120_applet,rtc_terminate_reason,rtc_user_search_column,rtc_user_search_preference,rtc_video_device,rtc_watcher_event_type,rtc_watcher_match_mode,rtc_watcher_state,rtcau_,rtccs_,rtcef_,rtcif_,rtcmt_,rtcrf_,rtcrmf_,rtcsi_,rtctr_
Rtccore.h, Rtccore.idl	368	chm/windows-ce-5.0/wcertc5/html,learn/windows-ce-5.0,learn/windows-ce-net-4x	Rtccore.h, Rtccore.idl.,Rtccore.h, Rtccore.idl	irtcbuddy,irtcbuddy2,irtcbuddy2enumerategroups,irtcbuddy2enumeratepresencedevices,irtcbuddy2presencedevices,irtcbuddy2presenceproperty,irtcbuddy2profile,irtcbuddy2refresh,irtcbuddy2subscriptiontype,irtcbuddyevent,irtcbuddyevent2,irtcbuddyevent2eventtype,irtcbuddyevent2statuscode,irtcbuddyevent2statustext,irtcbuddyeventbuddy,irtcbuddygroup,irtcbuddygroupaddbuddy,irtcbuddygroupbuddies,irtcbuddygroupdata,irtcbuddygroupenumeratebuddies,irtcbuddygroupevent,irtcbuddygroupeventbuddy,irtcbuddygroupeventeventtype,irtcbuddygroupeventgroup,irtcbuddygroupeventstatuscode,irtcbuddygroupname,irtcbuddygroupprofile,irtcbuddygroupremovebuddy,irtcbuddynotes,irtcbuddystatus,irtcclient,irtcclient2,irtcclient2allowedports,irtcclient2answermode,irtcclient2clientcurver,irtcclient2clientname,irtcclient2createsessionwithdescription,irtcclient2initializeex,irtcclient2invoketuningwizardex,irtcclient2preferredsecuritylevel,irtcclient2setsessiondescriptionmanager,irtcclient2version,irtcclientactivemedia,irtcclientaudiomuted,irtcclientcreatesession,irtcclientevent,irtcclienteventclient,irtcclienteventeventtype,irtcclienteventfilter,irtcclientinitialize,irtcclientinvoketuningwizard,irtcclientist120appletrunning,irtcclientistuned,irtcclientivideowindow,irtcclientlistenforincomingsessions,irtcclientlocalusername,irtcclientlocaluseruri,irtcclientmaxbitrate,irtcclientmediacapabilities,irtcclientnetworkaddresses,irtcclientnetworkquality,irtcclientplayring,irtcclientportmanagement,irtcclientportmanagementgetportrange,irtcclientportmanagementstartlistenaddressandport,irtcclientportmanagementstoplistenaddressandport,irtcclientpreferredaec,irtcclientpreferredaudiodevice,irtcclientpreferredmediatypes,irtcclientpreferredvideodevice,irtcclientpreferredvolume,irtcclientprepareforshutdown,irtcclientpresence,irtcclientpresence2,irtcclientpresence2addbuddyex,irtcclientpresence2addgroup,irtcclientpresence2addwatcherex,irtcclientpresence2disablepresence,irtcclientpresence2enablepresenceex,irtcclientpresence2enumerategroups,irtcclientpresence2getlocalpresenceinfo,irtcclientpresence2getpresencedata,irtcclientpresence2group,irtcclientpresence2groups,irtcclientpresence2presenceproperty,irtcclientpresence2removegroup,irtcclientpresence2setpresencedata,irtcclientpresence2watcherex,irtcclientpresenceaddbuddy,irtcclientpresenceaddwatcher,irtcclientpresencebuddies,irtcclientpresencebuddy,irtcclientpresenceenablepresence,irtcclientpresenceenumeratebuddies,irtcclientpresenceenumeratewatchers,irtcclientpresenceexport,irtcclientpresenceimport,irtcclientpresenceofferwatchermode,irtcclientpresenceprivacymode,irtcclientpresenceremovebuddy,irtcclientpresenceremovewatcher,irtcclientpresencesetlocalpresenceinfo,irtcclientpresencewatcher,irtcclientpresencewatchers,irtcclientprovisioning,irtcclientprovisioning2,irtcclientprovisioning2enableprofileex,irtcclientprovisioningcreateprofile,irtcclientprovisioningdisableprofile,irtcclientprovisioningenableprofile,irtcclientprovisioningenumerateprofiles,irtcclientprovisioninggetprofile,irtcclientprovisioningprofiles,irtcclientprovisioningsessioncapabilities,irtcclientsenddtmf,irtcclientsetpreferredmediatypes,irtcclientshutdown,irtcclientstartt120applet,irtcclientstopt120applets,irtcclienttemporalspatialtradeoff,irtcclientvolume,irtccollection,irtccollection_newenum,irtccollectioncount,irtccollectionitem,irtcenumbuddies,irtcenumbuddiesclone,irtcenumbuddiesnext,irtcenumbuddiesreset,irtcenumbuddiesskip,irtcenumgroups,irtcenumgroupsclone,irtcenumgroupsnext,irtcenumgroupsreset,irtcenumgroupsskip,irtcenumparticipants,irtcenumparticipantsclone,irtcenumparticipantsnext,irtcenumparticipantsreset,irtcenumparticipantsskip,irtcenumpresencedevices,irtcenumpresencedevicesclone,irtcenumpresencedevicesnext,irtcenumpresencedevicesreset,irtcenumpresencedevicesskip,irtcenumprofiles,irtcenumprofilesclone,irtcenumprofilesnext,irtcenumprofilesreset,irtcenumprofilesskip,irtcenumusersearchresults,irtcenumusersearchresultsclone,irtcenumusersearchresultsnext,irtcenumusersearchresultsreset,irtcenumusersearchresultsskip,irtcenumwatchers,irtcenumwatchersclone,irtcenumwatchersnext,irtcenumwatchersreset,irtcenumwatchersskip,irtceventnotification,irtceventnotificationevent,irtcinfoevent,irtcinfoeventinfo,irtcinfoeventinfoheader,irtcinfoeventparticipant,irtcinfoeventsession,irtcintensityevent,irtcintensityeventdirection,irtcintensityeventlevel,irtcintensityeventmax,irtcintensityeventmin,irtcmediaeventeventreason,irtcmediaeventeventtype,irtcmediaeventmediatype,irtcmediarequestevent,irtcmediarequesteventaccept,irtcmediarequesteventcurrentmedia,irtcmediarequesteventproposedmedia,irtcmediarequesteventreject,irtcmediarequesteventremotepreferredsecuritylevel,irtcmediarequesteventsession,irtcmediarequesteventstate,irtcmessagingevent,irtcmessagingeventeventtype,irtcmessagingeventmessage,irtcmessagingeventmessageheader,irtcmessagingeventparticipant,irtcmessagingeventsession,irtcmessagingeventuserstatus,irtcparticipant,irtcparticipantname,irtcparticipantremovable,irtcparticipantsession,irtcparticipantstate,irtcparticipantstatechangeevent,irtcparticipantstatechangeeventparticipant,irtcparticipantstatechangeeventstate,irtcparticipantstatechangeeventstatuscode,irtcparticipantuseruri,irtcportmanager,irtcportmanagergetmapping,irtcportmanagerreleasemapping,irtcportmanagerupdateremoteaddress,irtcpresencecontact,irtcpresencecontactdata,irtcpresencecontactname,irtcpresencecontactpersistent,irtcpresencecontactpresentityuri,irtcpresencedataevent,irtcpresencedataeventgetpresencedata,irtcpresencedataeventstatuscode,irtcpresencedataeventstatustext,irtcpresencedevice,irtcpresencedevicegetpresencedata,irtcpresencedevicenotes,irtcpresencedevicepresenceproperty,irtcpresencedevicestatus,irtcpresencepropertyevent,irtcpresencepropertyeventpresenceproperty,irtcpresencepropertyeventstatuscode,irtcpresencepropertyeventstatustext,irtcpresencepropertyeventvalue,irtcpresencestatusevent,irtcpresencestatuseventgetlocalpresenceinfo,irtcpresencestatuseventstatuscode,irtcpresencestatuseventstatustext,irtcprofile,irtcprofile2,irtcprofile2allowedauth,irtcprofile2realm,irtcprofileclientbanner,irtcprofileclientcurver,irtcprofileclientdata,irtcprofileclientminver,irtcprofileclientname,irtcprofileclientupdateuri,irtcprofileevent,irtcprofileevent2,irtcprofileevent2eventtype,irtcprofileeventcookie,irtcprofileeventprofile,irtcprofileeventstatuscode,irtcprofilekey,irtcprofilename,irtcprofileproviderdata,irtcprofileprovidername,irtcprofileprovideruri,irtcprofilesessioncapabilities,irtcprofilesetcredentials,irtcprofilestate,irtcprofileuseraccount,irtcprofileusername,irtcprofileuseruri,irtcprofilexml,irtcregistrationstatechangeevent,irtcregistrationstatechangeeventprofile,irtcregistrationstatechangeeventstate,irtcregistrationstatechangeeventstatuscode,irtcregistrationstatechangeeventstatustext,irtcreinviteevent,irtcreinviteeventaccept,irtcreinviteeventgetremotesessiondescription,irtcreinviteeventreject,irtcreinviteeventsession,irtcreinviteeventstate,irtcroamingevent,irtcroamingeventeventtype,irtcroamingeventprofile,irtcroamingeventstatuscode,irtcroamingeventstatustext,irtcsession,irtcsession2,irtcsession2answerwithsessiondescription,irtcsession2issecurityenabled,irtcsession2preferredsecuritylevel,irtcsession2reinvitewithsessiondescription,irtcsession2sendinfo,irtcsessionaddparticipant,irtcsessionaddstream,irtcsessionanswer,irtcsessioncallcontrol,irtcsessioncallcontrolforward,irtcsessioncallcontrolhold,irtcsessioncallcontrolisreferred,irtcsessioncallcontrolrefer,irtcsessioncallcontrolrefercookie,irtcsessioncallcontrolreferredbyuri,irtcsessioncallcontrolunhold,irtcsessioncanaddparticipants,irtcsessionclient,irtcsessiondescriptionmanager,irtcsessiondescriptionmanagerevaluatesessiondescription,irtcsessionencryptionkey,irtcsessionenumerateparticipants,irtcsessionnextredirecteduser,irtcsessionoperationcompleteevent,irtcsessionoperationcompleteevent2,irtcsessionoperationcompleteevent2getremotesessiondescription,irtcsessionoperationcompleteevent2participant,irtcsessionoperationcompleteeventcookie,irtcsessionoperationcompleteeventsession,irtcsessionoperationcompleteeventstatuscode,irtcsessionoperationcompleteeventstatustext,irtcsessionparticipants,irtcsessionportmanagement,irtcsessionportmanagementsetportmanager,irtcsessionprofile,irtcsessionredirect,irtcsessionredirectedusername,irtcsessionredirecteduseruri,irtcsessionreferredevent,irtcsessionreferredeventaccept,irtcsessionreferredeventrefercookie,irtcsessionreferredeventreferredbyuri,irtcsessionreferredeventrefertouri,irtcsessionreferredeventreject,irtcsessionreferredeventsession,irtcsessionreferredeventsetreferredsessionstate,irtcsessionreferstatusevent,irtcsessionreferstatuseventreferstatus,irtcsessionreferstatuseventsession,irtcsessionreferstatuseventstatuscode,irtcsessionreferstatuseventstatustext,irtcsessionremoveparticipant,irtcsessionremovestream,irtcsessionsendmessage,irtcsessionsendmessagestatus,irtcsessionstate,irtcsessionstatechangeevent,irtcsessionstatechangeevent2,irtcsessionstatechangeevent2getremotesessiondescription,irtcsessionstatechangeevent2isforked,irtcsessionstatechangeevent2mediatypes,irtcsessionstatechangeevent2remotepreferredsecuritylevel,irtcsessionstatechangeeventsession,irtcsessionstatechangeeventstate,irtcsessionstatechangeeventstatuscode,irtcsessionstatechangeeventstatustext,irtcsessionterminate,irtcsessiontype,irtcusersearch,irtcusersearchcreatequery,irtcusersearchexecutesearch,irtcusersearchquery,irtcusersearchquerysearchdomain,irtcusersearchquerysearchpreference,irtcusersearchquerysearchterm,irtcusersearchquerysearchterms,irtcusersearchresult,irtcusersearchresultseventcookie,irtcusersearchresultseventenumerateresults,irtcusersearchresultseventmoreavailable,irtcusersearchresultseventprofile,irtcusersearchresultseventquery,irtcusersearchresultseventresults,irtcusersearchresultseventstatuscode,irtcusersearchresultvalue,irtcwatcher,irtcwatcher2,irtcwatcher2profile,irtcwatcher2scope,irtcwatcherevent,irtcwatcherevent2,irtcwatcherevent2eventtype,irtcwatcherevent2statuscode,irtcwatchereventwatcher,irtcwatcherstate
Rtccore.h. Rtccore.idl	1	chm/windows-ce-5.0/wcertc5/html,learn/windows-ce-5.0	Rtccore.h. Rtccore.idl.	irtcbuddy2groups
Rtcerr.h	2	chm/windows-ce-5.0/wcertc5/html,learn/windows-ce-5.0,learn/windows-ce-net-4x	Rtcerr.h.	rtc_e_,rtc_s_
Rules.h	1	chm/windows-ce-5.0/wcefirewall5/html,learn/windows-ce-5.0,learn/windows-ce-net-4x	Rules.h.	fw_rule_masks
Sapi.h, Sapi.idl	258	chm/windows-ce-5.0/wcesapi5/html,learn/windows-ce-5.0,learn/windows-ce-net-4x	Sapi.h, Sapi.idl.	ispaudio,ispaudioeventhandle,ispaudiogetbufferinfo,ispaudiogetbuffernotifysize,ispaudiogetdefaultformat,ispaudiogetstatus,ispaudiosetbufferinfo,ispaudiosetbuffernotifysize,ispaudiosetformat,ispaudiosetstate,ispcontainerlexicon,ispcontainerlexiconaddlexicon,ispeventsink,ispeventsinkaddevents,ispeventsinkgeteventinterest,ispeventsource,ispeventsourcegetevents,ispeventsourcegetinfo,ispeventsourcesetinterest,ispgrammarbuilderaddresource,ispgrammarbuilderaddruletransition,ispgrammarbuilderaddwordtransition,ispgrammarbuilderclearrule,ispgrammarbuildercommit,ispgrammarbuildercreatenewstate,ispgrammarbuildergetrule,ispgrammarbuilderresetgrammar,isplexicon,isplexiconaddpronunciation,isplexicongetgeneration,isplexicongetgenerationchange,isplexicongetpronunciations,isplexicongetwords,isplexiconremovepronunciation,ispmmsysaudio,ispmmsysaudiogetdeviceid,ispmmsysaudiogetlineid,ispmmsysaudiogetmmhandle,ispmmsysaudioread,ispmmsysaudiosetdeviceid,ispmmsysaudiosetlineid,ispmmsysaudiowrite,ispnotifycallback,ispnotifycallbacknotifycallback,ispnotifysink,ispnotifysinknotify,ispnotifysource,ispnotifysourcegetnotifyeventhandle,ispnotifysourcesetnotifycallbackfunction,ispnotifysourcesetnotifycallbackinterface,ispnotifysourcesetnotifysink,ispnotifysourcesetnotifywin32event,ispnotifysourcesetnotifywindowmessage,ispnotifysourcewaitfornotifyevent,ispnotifytranslator,ispnotifytranslatorgeteventhandle,ispnotifytranslatorinitcallback,ispnotifytranslatorinitspnotifycallback,ispnotifytranslatorinitwin32event,ispnotifytranslatorinitwindowmessage,ispnotifytranslatorwait,ispphoneconverter,ispphoneconverteridtophone,ispphoneconverterphonetoid,ispphrase,ispphrasealt,ispphrasealtcommit,ispphrasealtgetaltinfo,ispphrasebuilder,ispphrasebuilderaddelements,ispphrasebuilderaddproperties,ispphrasebuilderaddreplacements,ispphrasebuilderaddrules,ispphrasebuilderinitfromphrase,ispphrasebuilderinitfromserializedphrase,ispphrasediscard,ispphrasegetphrase,ispphrasegetserializedphrase,ispphrasegettext,isprecocontext,isprecocontextbookmark,isprecocontextcreategrammar,isprecocontextdeserializeresult,isprecocontextgetaudiooptions,isprecocontextgetcontextstate,isprecocontextgetmaxalternates,isprecocontextgetrecognizer,isprecocontextgetstatus,isprecocontextgetvoice,isprecocontextgetvoicepurgeevent,isprecocontextpause,isprecocontextresume,isprecocontextsetadaptationdata,isprecocontextsetaudiooptions,isprecocontextsetcontextstate,isprecocontextsetmaxalternates,isprecocontextsetvoice,isprecocontextsetvoicepurgeevent,isprecognizer,isprecognizercreaterecocontext,isprecognizerdisplayui,isprecognizeremulaterecognition,isprecognizergetformat,isprecognizergetinputobjecttoken,isprecognizergetinputstream,isprecognizergetrecognizer,isprecognizergetrecoprofile,isprecognizergetrecostate,isprecognizergetstatus,isprecognizerissharedinstance,isprecognizerisuisupported,isprecognizersetinput,isprecognizersetrecognizer,isprecognizersetrecoprofile,isprecognizersetrecostate,isprecogrammar,isprecogrammargetgrammarid,isprecogrammargetgrammarstate,isprecogrammargetrecocontext,isprecogrammarispronounceable,isprecogrammarloadcmdfromfile,isprecogrammarloadcmdfrommemory,isprecogrammarloadcmdfromproprietarygrammar,isprecogrammarloadcmdfromresource,isprecogrammarloaddictation,isprecogrammarsavecmd,isprecogrammarsetdictationstate,isprecogrammarsetgrammarstate,isprecogrammarsetruleidstate,isprecogrammarsetrulestate,isprecogrammarsettextselection,isprecogrammarsetwordsequencedata,isprecogrammarunloaddictation,isprecoresult,isprecoresultgetalternates,isprecoresultgetaudio,isprecoresultgetrecocontext,isprecoresultgetresulttimes,isprecoresultscaleaudio,isprecoresultserialize,isprecoresultspeakaudio,ispstream,ispstreambindtofile,ispstreamclose,ispstreamformat,ispstreamformatconverter,ispstreamformatconvertergetbasestream,ispstreamformatconverterresetseekposition,ispstreamformatconverterscalebasetoconvertedoffset,ispstreamformatconverterscaleconvertedtobaseoffset,ispstreamformatconvertersetbasestream,ispstreamformatconvertersetformat,ispstreamformatgetformat,ispstreamgetbasestream,ispstreamsetbasestream,isptranscript,isptranscriptappendtranscript,isptranscriptgettranscript,ispvoice,ispvoicedisplayui,ispvoicegetalertboundary,ispvoicegetoutputobjecttoken,ispvoicegetoutputstream,ispvoicegetpriority,ispvoicegetrate,ispvoicegetstatus,ispvoicegetsyncspeaktimeout,ispvoicegetvoice,ispvoicegetvolume,ispvoiceisuisupported,ispvoicepause,ispvoiceresume,ispvoicesetalertboundary,ispvoicesetoutput,ispvoicesetpriority,ispvoicesetrate,ispvoicesetsyncspeaktimeout,ispvoicesetvoice,ispvoicesetvolume,ispvoiceskip,ispvoicespeak,ispvoicespeakcompleteevent,ispvoicespeakstream,ispvoicewaituntildone,sp_max_pron_length,sp_max_word_length,spaudiobufferinfo,spaudiooptions,spaudiostate,spaudiostatus,spbinarygrammar,spbookmarkoptions,spcontextstate,spdatakeylocation,spdisplayattributes,speakflags,spendsrstreamflags,spevent,speventenum,speventlparamtype,speventsourceinfo,spfilemode,spgrammarstate,spgrammarwordtype,spinterference,splexicontype,sploadoptions,spparseinfo,sppartofspeech,sppathentry,spphrase,spphrasealt,spphrasealtrequest,spphraseelement,spphraseproperty,spphrasereplacement,spphraserng,spphraserule,sppropertyinfo,sprecocontextstatus,sprecoeventflags,sprecognizerstatus,sprecoresultinfo,sprecoresulttimes,sprecostate,spruleentry,sprulestate,sprunstate,spserializedevent,spserializedevent64,spserializedphrase,spserializedresult,spstateinfo,spstreamformat,sptextselectioninfo,sptmthreadinfo,sptransitionentry,sptransitionproperty,spvactions,spvaluetype,spvcontext,spvfeature,spvisemes,spvlimits,spvoicestatus,spvpitch,spvpriority,spvstate,spvtextfrag,spwaveformattype,spword,spwordentry,spwordlist,spwordpronounceable,spwordpronunciation,spwordpronunciationlist,spwordtype,waveformatex
Sapi.h., Sapi.idl	1	chm/windows-ce-5.0/wcesapi5/html,learn/windows-ce-5.0,learn/windows-ce-net-4x	Sapi.h., Sapi.idl.,Sapi.h., Sapi.idl	spfei
Sapiddk, Sapiddk.idl	1	chm/windows-ce-5.0/wcesapi5/html,learn/windows-ce-5.0,learn/windows-ce-net-4x	Sapiddk, Sapiddk.idl.	spcfgnotify
Sapiddk, sapiddk.idl	1	learn/windows-embedded-ce-6.0	Sapiddk, sapiddk.idl	spcfgnotify
Sapiddk.h, Sapiddk.idl	120	chm/windows-ce-5.0/wcesapi5/html,learn/windows-ce-5.0,learn/windows-ce-net-4x	Sapiddk.h, Sapiddk.idl.	_ispprivateenginecall,_ispprivateenginecallcallengine,_ispprivateenginecallcallengineex,ispcfginterpreter,ispcfginterpreterinitgrammar,ispcfginterpreterinterpret,ispcfginterpretersite,ispcfginterpretersiteaddproperty,ispcfginterpretersiteaddtextreplacement,ispcfginterpretersitegetresourcevalue,isperrorlog,isperrorlogadderror,ispgramcompbackend,ispgramcompbackendinitfrombinarygrammar,ispgramcompbackendsetsaveobjects,ispgrammarcompiler,ispgrammarcompilercompilestream,ispitnprocessor,ispitnprocessoritnphrase,ispitnprocessorloaditngrammar,ispobjecttokenenumbuilder,ispobjecttokenenumbuilderaddtokens,ispobjecttokenenumbuilderaddtokensfromdatakey,ispobjecttokenenumbuilderaddtokensfromtokenenum,ispobjecttokenenumbuildersetattribs,ispobjecttokenenumbuildersort,ispsralternates,ispsralternatescommit,ispsralternatesgetalternates,ispsrengine,ispsrenginegetinputaudioformat,ispsrenginegetpropertynum,ispsrenginegetpropertystring,ispsrengineispronounceable,ispsrengineloadproprietarygrammar,ispsrengineloadslm,ispsrengineoncreategrammar,ispsrengineoncreaterecocontext,ispsrengineondeletegrammar,ispsrengineondeleterecocontext,ispsrengineprivatecall,ispsrengineprivatecallex,ispsrenginerecognizestream,ispsrenginerulenotify,ispsrenginesetadaptationdata,ispsrenginesetcontextstate,ispsrenginesetgrammarstate,ispsrenginesetpropertynum,ispsrenginesetpropertystring,ispsrenginesetproprietaryruleidstate,ispsrenginesetproprietaryrulestate,ispsrenginesetrecoprofile,ispsrenginesetsite,ispsrenginesetslmstate,ispsrenginesettextselection,ispsrenginesetwordsequencedata,ispsrenginesite,ispsrenginesiteaddevent,ispsrenginesitedataavailable,ispsrenginesitegetcontextmaxalternates,ispsrenginesitegetmaxalternates,ispsrenginesitegetresource,ispsrenginesitegetruleinfo,ispsrenginesitegetstateinfo,ispsrenginesitegettransitionproperty,ispsrenginesitegetwordinfo,ispsrenginesiteisalternate,ispsrenginesiteparsefromtransitions,ispsrenginesiteread,ispsrenginesiterecognition,ispsrenginesitesetbuffernotifysize,ispsrenginesitesetruleclientcontext,ispsrenginesitesetwordclientcontext,ispsrenginesitesynchronize,ispsrenginesiteupdaterecopos,ispsrengineunloadproprietarygrammar,ispsrengineunloadslm,ispsrenginewordnotify,isptaskmanager,isptaskmanagercreatereoccurringtask,isptaskmanagercreatethreadcontrol,isptaskmanagergetthreadpoolinfo,isptaskmanagerqueuetask,isptaskmanagersetthreadpoolinfo,isptaskmanagerterminatetask,isptaskmanagerterminatetaskgroup,ispthreadcontrol,ispthreadcontrolexitthreadevent,ispthreadcontrolnotifyevent,ispthreadcontrolstartthread,ispthreadcontrolterminatethread,ispthreadcontrolthreadcompleteevent,ispthreadcontrolthreadhandle,ispthreadcontrolthreadid,ispthreadcontrolwaitforthreaddone,ispthreadcontrolwindowhandle,ispthreadtask,ispthreadtaskinitthread,ispthreadtaskthreadproc,ispthreadtaskwindowmessage,isptokenui,isptokenuidisplayui,isptokenuiisuisupported,ispttsengine,ispttsenginegetoutputformat,ispttsenginesite,ispttsenginesitecompleteskip,ispttsenginesitegetactions,ispttsenginesitegetrate,ispttsenginesitegetskipinfo,ispttsenginesitegetvolume,ispttsenginesitewrite,ispttsenginespeak,sppropsrc,spresulttype,spruleinfoopt,sptransitiontype,spvesactions,spvskiptype,spwordinfoopt
Scandisk.h	4	learn/windows-ce-5.0	Scandisk.h.	scan_options,scanvolume,scanvolumeex,scanvolumeui
Schedlog.h	3	chm/windows-ce-3.0,learn/windows-ce-net-4x	Schedlog.h,Schedlog.h.	schedloggetprocessname,schedloggetthreadprogramcounter,schedlogtranslate
Schnlsp.h	9	chm/windows-ce-5.0/wceauthservices5/html,learn/windows-ce-5.0,win32/api/schannel,win32/api/sspi	Schnlsp.h.,Schnlsp.h	schannel_cred,secpkgcontext_connectioninfo,secpkgcontext_issuerlistinfoex,secpkgcontext_protoinfo,secpkgcontext_protoinfoa,secpkgcontext_protoinfow,secpkgcred_cipherstrengths,secpkgcred_supportedalgs,secpkgcred_supportedprotocols
Scrollview.hpp	8	chm/windows-ce-5.0/wceui5/html,learn/windows-ce-5.0,learn/windows-ce-net-4x	Scrollview.hpp.	scroll_state,scrollbarinfointernal,scrollbarview_t,scrollbarview_tdrawscrollbar,scrollbarview_tgetscrollrects,scrollbarview_tgetthumbpixel,scrollbarview_tscrollhittest,scrollbarview_ttrackthumb
Sdcard.h	5	learn/windows-ce-5.0	Sdcard.h.	build_io_rw_direct_arg,build_io_rw_extended_arg,sd_bus_request_response,sd_bus_request_status,sd_debug_instantiate_zones
Sdcardddk.h	34	learn/windows-ce-5.0	Sdcardddk.h.	sd_bus_request,sd_card_interface,sd_command_response,sd_data_transfer_clocks,sd_fs_type,sd_host_block_capability,sd_interface_mode,sd_io_function_enable_info,sd_io_transfer_type,sd_parsed_register_cid,sd_parsed_register_csd,sd_response_type,sd_transfer_class,sdallocatefrommemlist,sdbusrequest,sdcancelbusrequest,sdcard_client_registration_info,sdcard_device_type,sdcardinfoquery,sdcreatememorylist,sddeletememlist,sdfreebusrequest,sdfreetomemlist,sdgetdevicehandle,sdgettuple,sdio_card_info,sdioconnectinterrupt,sdiodisconnectinterrupt,sdoutputbuffer,sdperformsafecopy,sdreadwriteregistersdirect,sdregisterclient,sdsetcardfeature,sdsynchronousbusrequest
Sdmem.h	2	learn/windows-ce-5.0	Sdmem.h.	sddeinitializecardlib,sdinitializecardlib
Security.h	52	chm/windows-ce-3.0,win32/api/secext,win32/api/sspi	Security.h	acceptsecuritycontext,acquirecredentialshandle,acquirecredentialshandlea,acquirecredentialshandlew,applycontroltoken,completeauthtoken,decryptmessage,deletesecuritycontext,encryptmessage,enumeratesecuritypackages,enumeratesecuritypackagesa,enumeratesecuritypackagesw,extended_name_format,freecontextbuffer,freecredentialshandle,getusernameexa,getusernameexw,initializesecuritycontext,initializesecuritycontexta,initializesecuritycontextw,initsecurityinterface,initsecurityinterfacea,initsecurityinterfacew,makesignature,querycontextattributes,querycontextattributesa,querycontextattributesw,querycredentialsattributes,querycredentialsattributesa,querycredentialsattributesw,querysecuritypackageinfo,querysecuritypackageinfoa,querysecuritypackageinfow,secbuffer,secbufferdesc,secpkgcontext_authoritya,secpkgcontext_authorityw,secpkgcontext_dceinfo,secpkgcontext_keyinfoa,secpkgcontext_keyinfow,secpkgcontext_lifespan,secpkgcontext_namesa,secpkgcontext_namesw,secpkgcontext_sizes,secpkgcontext_streamsizes,secpkgcredentials_namesa,secpkgcredentials_namesw,secpkginfoa,secpkginfow,securityfunctiontablea,securityfunctiontablew,verifysignature
Security.h, Sspi.h	15	chm/windows-ce-5.0/wceauthservices5/html,learn/windows-ce-5.0	Security.h, Sspi.h.	acceptsecuritycontext,acquirecredentialshandle,applycontroltoken,completeauthtoken,deletesecuritycontext,enumeratesecuritypackages,freecontextbuffer,freecredentialshandle,initializesecuritycontext,initsecurityinterface,makesignature,querycontextattributes,querycredentialsattributes,querysecuritypackageinfo,verifysignature
Serhw.h	38	chm/windows-ce-3.0,learn/windows-ce-5.0,learn/windows-ce-net-4x	Serhw.h.,Serhw.h	device_list,getserialobject,hw_vtbl,hwclearbreak,hwcleardtr,hwclearrts,hwclose,hwdeinit,hwdisableir,hwenableir,hwgetbytes,hwgetcommproperties,hwgetintrtype,hwgetmodemstatus,hwgetrxbuffersize,hwgetrxstart,hwgetstatus,hwinit,hwioctl,hwlineintrhandler,hwmodemintrhandler,hwobj,hwopen,hwotherintrhandler,hwpostinit,hwpoweroff,hwpoweron,hwpurgecomm,hwputbytes,hwreset,hwrxintrhandler,hwsetbreak,hwsetcommtimeouts,hwsetdcb,hwsetdtr,hwsetrts,hwtxintrhandler,hwxmitcomchar
Service.h	30	chm/windows-ce-5.0/wceservdotexe5/html,learn/windows-ce-5.0,learn/windows-ce-net-4x	Service.h.	activateservice,deregisterservice,enumservices,getservicehandle,ioctl_service_callback_functions,ioctl_service_command_line_params,ioctl_service_connection,ioctl_service_console,ioctl_service_control,ioctl_service_debug,ioctl_service_deregister_sockaddr,ioctl_service_install,ioctl_service_notify_addr_change,ioctl_service_query_can_deinit,ioctl_service_refresh,ioctl_service_register_sockaddr,ioctl_service_start,ioctl_service_started,ioctl_service_status,ioctl_service_stop,ioctl_service_uninstall,ioctl_service_unload,registerservice,serviceaddport,servicecloseport,serviceenuminfo,serviceiocontrol,servicesexecallbackfunctions,servicesexecommandlineparams,serviceunbindports
Service.h, Cemgr.idl	7	chm/windows-ce-4.2/remtools/htm,learn/unclassified,learn/windows-ce-5.0	Service.h, Cemgr.idl.	ipmservice,ipmservicecategoryid,ipmserviceconfigureserviceui,ipmserviceid,ipmserviceinitservice,ipmserviceisservicereleaseable,ipmservicename
Servicecategory.h, Cemgr.idl	11	chm/windows-ce-4.2/remtools/htm,learn/unclassified,learn/windows-ce-5.0	Servicecategory.h, Cemgr.idl.	ipmservicecategory,ipmservicecategoryaddproperty,ipmservicecategoryaddserviceinfo,ipmservicecategorydeleteproperty,ipmservicecategorydeleteserviceinfo,ipmservicecategoryenumproperties,ipmservicecategoryenumserviceinfos,ipmservicecategorygetproperty,ipmservicecategorygetserviceinfo,ipmservicecategoryid,ipmservicecategoryname
Serviceinfo.h, Cemgr.idl	7	chm/windows-ce-4.2/remtools/htm,learn/windows-ce-5.0	Serviceinfo.h, Cemgr.idl.	ipmserviceinfo,ipmserviceinfoaddproperty,ipmserviceinfodeleteproperty,ipmserviceinfoenumproperties,ipmserviceinfogetproperty,ipmserviceinfoid,ipmserviceinfoname
Shellapi.h	19	chm/windows-ce-3.0,chm/windows-ce-5.0/wcemouse5/html,chm/windows-ce-5.0/wceui5/html,learn/windows-ce-5.0,learn/windows-ce-net-4x,msdn-library/techshelps/CEGUIDE/devdoc/good/wince,msdn-library/wcedevcon-99/wcesdkr	Shellapi.h.,Shellapi.h	extracticonex,notifyicondata,shaddtorecentdocs,shcreateshortcut,shcreateshortcutex,shell_notifyicon,shellexecuteex,shellexecuteinfo,shfileinfo,shfileoperation,shfileopstruct,shgetfileinfo,shgetmalloc,shgetpathfromidlist,shgetshortcuttarget,shgetspecialfolderlocation,shgetspecialfolderpath,shloaddibitmap,shshowoutofmemory
Shellcb.h	2	chm/windows-ce-5.0/wceui5/html,learn/windows-ce-5.0,learn/windows-ce-net-4x	Shellcb.h.	shellcallbacks,shellregistercallbacks
Shelwapi.h	1	chm/windows-ce-5.0/wceui5/html,learn/windows-ce-5.0	Shelwapi.h.	strrettobuf
Shlobj.h	26	chm/windows-ce-3.0,chm/windows-ce-5.0/wceui5/html,learn/windows-ce-5.0,msdn-library/wcedevcon-99/wcesdkr,win32/api/shlobj_core	Shlobj.h.,Shlobj.h	bffm_enableok,bffm_initialized,bffm_selchanged,bffm_setselection,bffm_setstatustext,bffm_validatefailed,browsecallbackproc,browseinfo,browseinfoa,browseinfow,itemidlist,shaddtorecentdocs,shbindtoparent,shbrowseforfolder,shbrowseforfoldera,shbrowseforfolderw,shchangenotifyderegister,shchangenotifyentry,shchangenotifyregister,shgetdesktopfolder,shgetmalloc,shgetpathfromidlista,shgetpathfromidlistw,shgetspecialfolderlocation,shgetspecialfolderpatha,shgetspecialfolderpathw
Shlobj_core.h	8	win32/api/shlobj_core	Shlobj_core.h	browseinfoa,browseinfow,shbrowseforfoldera,shbrowseforfolderw,shgetpathfromidlista,shgetpathfromidlistw,shgetspecialfolderpatha,shgetspecialfolderpathw
Shobjidl.h	31	win32/api/shobjidl_core	Shobjidl.h	ipersistfolder,ipersistfolderinitialize,ishellfolderbindtoobject,ishellfoldercompareids,ishellfoldercreateviewobject,ishellfolderenumobjects,ishellfoldergetattributesof,ishellfoldergetdisplaynameof,ishellfoldergetuiobjectof,ishellfolderparsedisplayname,ishellfoldersetnameof,ishellview,ishellviewaddpropertysheetpages,ishellviewcreateviewwindow,ishellviewdestroyviewwindow,ishellviewenablemodeless,ishellviewgetcurrentinfo,ishellviewgetitemobject,ishellviewrefresh,ishellviewsaveviewstate,ishellviewselectitem,ishellviewtranslateaccelerator,ishellviewuiactivate,itaskbarlist,itaskbarlist2,itaskbarlist2markfullscreenwindow,itaskbarlistactivatetab,itaskbarlistaddtab,itaskbarlistdeletetab,itaskbarlisthrinit,itaskbarlistsetactivealt
Shobjidl.h, Shobjidl.idl	37	chm/windows-ce-5.0/wceui5/html,learn/windows-ce-5.0	Shobjidl.h, Shobjidl.idl.	idroptarget,idroptargetdragenter,idroptargetdragleave,idroptargetdragover,idroptargetdrop,ipersistfolder,ipersistfolderinitialize,ishellfolder,ishellfolderbindtoobject,ishellfoldercompareids,ishellfoldercreateviewobject,ishellfolderenumobjects,ishellfoldergetattributesof,ishellfoldergetdisplaynameof,ishellfoldergetuiobjectof,ishellfolderparsedisplayname,ishellview,ishellviewaddpropertysheetpages,ishellviewcreateviewwindow,ishellviewdestroyviewwindow,ishellviewenablemodeless,ishellviewgetcurrentinfo,ishellviewgetitemobject,ishellviewrefresh,ishellviewsaveviewstate,ishellviewselectitem,ishellviewtranslateaccelerator,ishellviewuiactivate,itaskbarlist,itaskbarlist2,itaskbarlist2markfullscreenwindow,itaskbarlistactivatetab,itaskbarlistaddtab,itaskbarlistdeletetab,itaskbarlisthrinit,itaskbarlistsetactivealt,shgno
Shobjvidl.h, Shobjidl.idl	1	chm/windows-ce-5.0/wceui5/html,learn/windows-ce-5.0	Shobjvidl.h, Shobjidl.idl.	ishellfoldersetnameof
Shtypes.h	4	chm/windows-ce-5.0/wceui5/html,learn/windows-ce-5.0,win32/api/dimm,win32/api/shtypes	Shtypes.h,Shtypes.h.	logfonta,logfontw,shitemid,strret
Sip.h	39	chm/windows-ce-3.0,chm/windows-ce-5.0/wceinput5/html,learn/windows-ce-5.0,msdn-library/wcedevcon-99/wceppc,msdn-library/wcedevcon-99/wcesdkr	Sip.h.,Sip.h	iimcallback,iimcallback2,iimcallback2sendalternatives2,iimcallback2sendcharevents,iimcallback2sendstring,iimcallback2sendvirtualkey,iimcallback2setiminfo,iimcallbackexsendalternatives,iimcallbacksendcharevents,iimcallbacksendstring,iimcallbacksendvirtualkey,iimcallbacksetiminfo,iinputmethod,iinputmethod2,iinputmethod2deselect,iinputmethod2getimdata,iinputmethod2getinfo,iinputmethod2hiding,iinputmethod2receivesipinfo,iinputmethod2registercallback,iinputmethod2registercallback2,iinputmethod2select,iinputmethod2setimdata,iinputmethod2setimmactivecontext,iinputmethod2showing,iinputmethod2useroptionsdlg,iinputmethoddeselect,iinputmethodexregistercallbackex,iinputmethodgetimdata,iinputmethodgetinfo,iinputmethodhiding,iinputmethodreceivesipinfo,iinputmethodregistercallback,iinputmethodselect,iinputmethodsetimdata,iinputmethodshowing,iinputmethoduseroptionsdlg,iminfo,lmdata
Sipapi.h	12	chm/windows-ce-3.0,chm/windows-ce-5.0/wceinput5/html,learn/windows-ce-5.0,msdn-library/wcedevcon-99/wcesdkr	Sipapi.h.,Sipapi.h	imenuminfo,sipenumim,sipenumimproc,sipgetcurrentim,sipgetinfo,sipinfo,sipregisternotification,sipsetcurrentim,sipsetdefaultrect,sipsetinfo,sipshowim,sipstatus
Smbconfig.h	5	chm/windows-ce-5.0/wcefileserver5/html,learn/windows-ce-5.0	Smbconfig.h.	add_share,change_acl,del_share,list_connected_users,queryamounttransfered
Smcce.h	1	learn/windows-ce-5.0,learn/windows-ce-net-4x	Smcce.h.	os_dep_data
Smclib.h	27	learn/windows-ce-5.0,learn/windows-ce-net-4x	Smclib.h.	mapntstatustowinerror,rdf_card_eject,rdf_card_power,rdf_card_tracking,rdf_ioctl_vendor,rdf_reader_swallow,rdf_set_protocol,rdf_transmit,scard_card_capabilities,scard_reader_capabilities,scard_vendor_attr,smartcard_extension,smartcardcreatelink,smartcarddeletelink,smartcarddevicecontrol,smartcardexit,smartcardinitialize,smartcardlockdevice,smartcardrawreply,smartcardrawrequest,smartcardt0reply,smartcardt0request,smartcardt1reply,smartcardt1request,smartcardunlockdevice,smartcardupdatecardcapabilities,t1_data
Smtp.h	15	msdn-library/techshelps/CEGUIDE/devdoc/good/wince,msdn-library/wcedevcon-99/wcesdkr	Smtp.h	transportconnect,transportcount,transportdel,transportdisconnect,transporterror,transporterrormsg,transportfreemsg,transportinit,transportnonipm,transportprops,transportrecv,transportrelease,transportsend,transportsetpassword,transportview
Snmp.h	39	chm/windows-ce-3.0,chm/windows-ce-5.0/wcesnmp5/html,learn/windows-ce-5.0,learn/windows-ce-net-4x	Snmp.h.,Snmp.h	asnany,asncounter64,asnobjectidentifier,asnoctetstring,snmpextensionclose,snmpextensioninit,snmpextensioninitex,snmpextensionquery,snmpextensionqueryex,snmpextensiontrap,snmpsvcgetuptime,snmpsvcsetloglevel,snmpsvcsetlogtype,snmputilasnanycpy,snmputilasnanyfree,snmputildbgprint,snmputilidstoa,snmputilidstow,snmputilmemalloc,snmputilmemfree,snmputilmemrealloc,snmputiloctetscmp,snmputiloctetscpy,snmputiloctetsfree,snmputiloctetsncmp,snmputiloidappend,snmputiloidcmp,snmputiloidcpy,snmputiloidfree,snmputiloidncmp,snmputiloidtoa,snmputiloidtow,snmputilprinttostrasnany,snmputilvarbindcpy,snmputilvarbindfree,snmputilvarbindlistcpy,snmputilvarbindlistfree,snmpvarbind,snmpvarbindlist
Snmpapi.h	1	chm/windows-ce-5.0/wcesnmp5/html,learn/windows-ce-5.0,learn/windows-ce-net-4x,learn/windows-embedded-ce-6.0	Snmpapi.h.,Snmpapi.h	snmputilmemalloc
Snmpexts.h	3	chm/windows-ce-3.0,chm/windows-ce-5.0/wcesnmp5/html,learn/windows-ce-5.0,learn/windows-ce-net-4x	Snmpexts.h.,Snmpexts.h	snmptfxclose,snmptfxopen,snmptfxquery
Sockserv.h	18	chm/windows-ce-3.0,learn/windows-ce-net-4x	Sockserv.h.,Sockserv.h	pdcard_adapter_info,pdcard_power_entry,pdcard_socket_state,pdcard_window_info,pdcard_window_state,pdcardgetadapter,pdcardgetsocket,pdcardgetwindow,pdcardinquireadapter,pdcardinquirewindow,pdcardreadattrbyte,pdcardreadcmnbyte,pdcardresetsocket,pdcardsetadapter,pdcardsetsocket,pdcardsetwindow,pdcardwriteattrbyte,pdcardwritecmnbyte
Socksv2.h	17	learn/windows-ce-5.0	Socksv2.h	cs_socketcallback,ss_getpowerentry,ss_getsocket,ss_getwindow,ss_inquiresocket,ss_inquirewindow,ss_power_entry,ss_resetsocket,ss_setsocket,ss_setwindow,ss_socket_info,ss_socket_service,ss_socket_state,ss_translatebusaddr,ss_translatesystemaddr,ss_window_info,ss_window_state
Sphelper.h	26	chm/windows-ce-5.0/wcesapi5/html,learn/windows-ce-5.0,learn/windows-ce-net-4x	Sphelper.h.	spbindtofile,spclearevent,spconvertstreamformatenum,spcreatebestobject,spcreatedefaultobjectfromcategoryid,spcreatenewtoken,spcreatenewtokenex,spcreateobjectfromsubtoken,spcreateobjectfromtoken,spcreateobjectfromtokenid,spcreatephoneconverter,spenumtokens,speventserializesize,spfindbesttoken,spgetcategoryfromid,spgetdefaulttokenfromcategoryid,spgetdefaulttokenidfromcategoryid,spgetdescription,spgetsubtokenfromtoken,spgettokenfromid,spgetuserdefaultuilanguage,spinitevent,spsetcommontokendata,spsetdefaulttokenforcategoryid,spsetdefaulttokenidforcategoryid,spsetdescription
Splapi.h	15	chm/windows-ce-3.0,learn/windows-ce-net-4x,msdn-library/wcedevcon-99/wcesdkr	Splapi.h,Splapi.h.	spladduserdict,splbuffer,splcheck,splclruserdict,splenumuserdict,splinit,spllimitget,spllimitset,sploptionget,sploptionset,splquit,splremuserdict,splreplace,splsizeuserdict,splsuggest
Sspi.h	31	chm/windows-ce-3.0,chm/windows-ce-5.0/wceauthservices5/html,learn/windows-ce-5.0,msdn-library/wcedevcon-99/wcesdkr	Sspi.h,Sspi.h.	acceptsecuritycontext,acquirecredentialshandle,applycontroltoken,completeauthtoken,decryptmessage,deletesecuritycontext,encryptmessage,enumeratesecuritypackages,freecontextbuffer,freecredentialshandle,initializesecuritycontext,initsecurityinterface,makesignature,querycontextattributes,querycredentialsattributes,querysecuritypackageinfo,sealmessage,secbuffer,secbufferdesc,secpkgcontext_authority,secpkgcontext_dceinfo,secpkgcontext_keyinfo,secpkgcontext_lifespan,secpkgcontext_names,secpkgcontext_sizes,secpkgcontext_streamsizes,secpkgcredentials_names,secpkginfo,securityfunctiontable,unsealmessage,verifysignature
Startui.h	6	chm/windows-ce-3.0,chm/windows-ce-5.0/wceui5/html,learn/windows-ce-5.0,learn/windows-ce-net-4x	Startui.h.,Startui.h	startup_destroydialogcallback,startup_dlgproc,startup_initialize,startup_poweroffwhilestartupactivenotification,startup_poweronnotification,startup_wantstartupscreen
Startupserver.h, Cemgr.idl	3	chm/windows-ce-4.2/remtools/htm,learn/windows-ce-5.0	Startupserver.h, Cemgr.idl.	ipmstartupserverinfo,ipmstartupserverinfoid,ipmstartupserverinfoname
Statctlview.hpp	5	chm/windows-ce-5.0/wceui5/html,learn/windows-ce-5.0,learn/windows-ce-net-4x	Statctlview.hpp.	staticcontroltype,staticcontrolview_t,staticcontrolview_tdrawstaticimage,staticcontrolview_tdrawstatictext,staticcontrolview_tresizerecttoimage
Storemgr.h	27	chm/windows-ce-5.0/wcestoragemgr5/html,learn/windows-ce-5.0	Storemgr.h,Storemgr.h.	ce_volume_info,cegetvolumeinfo,createpartition,createpartitionex,deletepartition,dismountpartition,dismountstore,findclosepartition,findclosestore,findfirstpartition,findfirststore,findnextpartition,findnextstore,formatpartition,formatpartitionex,formatstore,getpartitioninfo,getstoreinfo,mountpartition,openpartition,openstore,partinfo,renamepartition,setpartitionattributes,storagecontext,storagedeviceinfo,storeinfo
Streams.h	12	win32/api/amvideo	Streams.h	bit_masks_match,bitmasks,colors,dibsize,header,mpeg1_sequence_info,palette_entries,palettised,reset_header,reset_masks,reset_palette,size_mpeg1videoinfo
StressUtils.h	12	learn/unclassified,learn/windows-ce-5.0	StressUtils.h.	getrunningmodulecount,initializestressutils,iteration_info,log,logall,logcomment,logex,logfail,logverbose,logwarn1,logwarn2,module_params
Tabview.hpp	2	chm/windows-ce-5.0/wceui5/html,learn/windows-ce-5.0,learn/windows-ce-net-4x	Tabview.hpp.	tabview_t,tabview_tdraw
Tapi.h	201	chm/windows-ce-3.0,chm/windows-ce-5.0/wcetapi5/html,learn/windows-ce-5.0,learn/windows-ce-net-4x,msdn-library/wcedevcon-99/wcesdkr	Tapi.h.,Tapi.h	line_addressstate,line_appnewcall,line_callinfo,line_callstate,line_close,line_create,line_devspecific,line_gatherdigits,line_generate,line_linedevstate,line_monitordigits,line_monitormedia,line_newcall,line_remove,line_reply,lineaccept,lineaddprovider,lineaddrcapflags,lineaddresscaps,lineaddressmode,lineaddresssharing,lineaddressstate,lineaddressstatus,lineaddresstype,lineaddrfeature,lineaddtoconference,lineanswer,lineanswermode,linebearermode,lineblindtransfer,linebusymode,linecallbackfunc,linecallcomplcond,linecallcomplmode,linecallfeature,linecallfeature2,linecallinfo,linecallinfostate,linecalllist,linecallorigin,linecallparamflags,linecallparams,linecallpartyid,linecallprivilege,linecallreason,linecallselect,linecallstate,linecallstatus,linecalltreatment,linecalltreatmententry,lineclose,linecompletetransfer,lineconfigdialogedit,lineconnectedmode,linedeallocatecall,linedevcapflags,linedevcaps,linedevspecific,linedevstate,linedevstatus,linedevstatusflags,linedial,linedialparams,linedialtonemode,linedigitmode,linedisconnectmode,linedrop,lineerr,lineextensionid,linefeature,lineforward,lineforwardlist,lineforwardmode,linegatherterm,linegeneratedigits,linegenerateterm,linegeneratetone,linegetaddresscaps,linegetaddressid,linegetaddressstatus,linegetapppriority,linegetcallinfo,linegetcallstatus,linegetconfrelatedcalls,linegetdevcaps,linegetdevconfig,linegeticon,linegetid,linegetlinedevstatus,linegetmessage,linegetnewcalls,linegetnumrings,linegetproviderlist,linegetstatusmessages,linegettranslatecaps,linehandoff,linehold,lineinitialize,lineinitializeex,lineinitializeexoption,lineinitializeexparams,linelocationentry,linelocationoption,linemakecall,linemediacontrol,linemediamode,linemessage,linemonitordigits,linemonitormedia,linenegotiateapiversion,linenegotiateextversion,lineofferingmode,lineopen,lineopenoption,lineparkmode,linepickup,lineprepareaddtoconference,lineproviderentry,lineproviderlist,lineredirect,linereleaseuseruserinfo,lineremovefromconf,lineremovefromconference,lineroammode,linesenduseruserinfo,linesetapppriority,linesetcallparams,linesetcallprivilege,linesetcurrentlocation,linesetdevconfig,linesetmediamode,linesetnumrings,linesetstatusmessages,linesetterminal,linesettolllist,linesetupconference,linesetuptransfer,lineshutdown,linespecialinfo,lineswaphold,linetermdev,linetermmode,linetermsharing,linetolllistoption,linetonemode,linetransfermode,linetranslateaddress,linetranslatecaps,linetranslatedialog,linetranslateoption,linetranslateoutput,linetranslateresult,lineunhold,phone_button,phone_close,phone_create,phone_devspecific,phone_remove,phone_reply,phone_state,phonebuttonmode,phonebuttonstate,phonecallbackfunc,phoneclose,phoneconfigdialog,phonedevspecific,phoneerr,phoneextensionid,phonefeature,phonegetdevcaps,phonegetgain,phonegethookswitch,phonegeticon,phonegetid,phonegetmessage,phonegetring,phonegetstatus,phonegetstatusmessages,phonegetvolume,phonehookswitchdev,phonehookswitchmode,phoneinitializeex,phoneinitializeexoption,phoneinitializeexparams,phonelampmode,phonemessage,phonenegotiateapiversion,phonenegotiateextversion,phoneopen,phoneprivilege,phonesetgain,phonesethookswitch,phonesetring,phonesetstatusmessages,phonesetvolume,phoneshutdown,phonestate,phonestatus,phonestatusflags,stringformat,varstring
Tapicomn.h	83	chm/windows-ce-3.0,chm/windows-ce-5.0/wcetapi5/html,learn/windows-ce-5.0,learn/windows-ce-net-4x	Tapicomn.h.,Tapicomn.h	async_completion,lineevent,phoneevent,tspi_lineaccept,tspi_lineaddtoconference,tspi_lineanswer,tspi_lineblindtransfer,tspi_lineclose,tspi_lineclosecall,tspi_linecompletetransfer,tspi_lineconditionalmediadetection,tspi_lineconfigdialogedit,tspi_linedevspecific,tspi_linedial,tspi_linedrop,tspi_lineforward,tspi_linegeneratedigits,tspi_linegeneratetone,tspi_linegetaddresscaps,tspi_linegetaddressid,tspi_linegetaddressstatus,tspi_linegetcalladdressid,tspi_linegetcallinfo,tspi_linegetcallstatus,tspi_linegetdevcaps,tspi_linegetdevconfig,tspi_linegetextensionid,tspi_linegeticon,tspi_linegetid,tspi_linegetlinedevstatus,tspi_linegetnumaddressids,tspi_linehold,tspi_linemakecall,tspi_linemonitordigits,tspi_linemonitormedia,tspi_linenegotiateextversion,tspi_linenegotiatetspiversion,tspi_lineopen,tspi_linepickup,tspi_lineprepareaddtoconference,tspi_lineredirect,tspi_linereleaseuseruserinfo,tspi_lineremovefromconference,tspi_linesenduseruserinfo,tspi_linesetcallparams,tspi_linesetdefaultmediadetection,tspi_linesetdevconfig,tspi_linesetmediamode,tspi_linesetstatusmessages,tspi_linesetterminal,tspi_linesetupconference,tspi_linesetuptransfer,tspi_lineswaphold,tspi_lineunhold,tspi_phoneclose,tspi_phoneconfigdialog,tspi_phonedevspecific,tspi_phonegetdevcaps,tspi_phonegetextensionid,tspi_phonegetgain,tspi_phonegethookswitch,tspi_phonegeticon,tspi_phonegetid,tspi_phonegetring,tspi_phonegetstatus,tspi_phonegetvolume,tspi_phonenegotiateextversion,tspi_phonenegotiatetspiversion,tspi_phoneopen,tspi_phoneselectextversion,tspi_phonesetgain,tspi_phonesethookswitch,tspi_phonesetring,tspi_phonesetstatusmessages,tspi_phonesetvolume,tspi_providercreatelinedevice,tspi_providercreatephonedevice,tspi_providerenumdevices,tspi_providerinit,tspi_providerinstall,tspi_providerremove,tspi_providerremovedevice,tspi_providershutdown
Tchaud.h	1	chm/windows-ce-3.0	Tchaud.h	touchpanel_point_sample
Tchddi.h	15	chm/windows-ce-3.0,learn/windows-ce-5.0,learn/windows-ce-net-4x	Tchddi.h.,Tchddi.h	enumtouchpanelsampleflags,touch_panel_sample_flags,touchpanelcalibrateapoint,touchpaneldisable,touchpanelenable,touchpanelgetdevicecaps,touchpanelinitializecursor,touchpanelpowerhandler,touchpanelreadcalibrationabort,touchpanelreadcalibrationpoint,touchpanelsetcalibration,touchpanelsetmode,tpdc_calibration_point,tpdc_calibration_point_count,tpdc_sample_rate
Tchddsi.h	8	learn/windows-ce-5.0,learn/windows-ce-net-4x	Tchddsi.h.	ddsitouchpanelattach,ddsitouchpaneldetach,ddsitouchpaneldisable,ddsitouchpanelenable,ddsitouchpanelgetdevicecaps,ddsitouchpanelgetpoint,ddsitouchpanelpowerhandler,ddsitouchpanelsetmode
Thelp32.h	3	msdn-library/wcedevcon-99/wcesdkr	Thelp32.h	moduleentry32,processentry32,threadentry32
TileEngineRenderPlugin.h	4	learn/windows-embedded-ce-6.0	TileEngineRenderPlugin.h	itileenginegraphicsdevicecreate16bpptexture,itileenginegraphicsdevicelock,itileenginegraphicsdeviceonwindowupdate,itileenginegraphicsdeviceunlock
TileProxy.h	23	learn/windows-embedded-ce-6.0	TileProxy.h	createtileproxy,releasetileproxy,tile_event,tpchangepos,tpchangezoom,tpchangezoomscale,tpforwardwindowinput,tpgethostwindow,tpgetischanging,tpgetviewdocsize,tpgetviewposition,tpgetviewscale,tpgetviewvisbounds,tpgetwaitevent,tpgetwaittimeout,tpredraw,tpsethtmlwindow,tpsetpagechanged,tpsetview,tpsetviewposition,tpshowtilewindow,tpupdate,tpwindowtopage
Tl.h, Tl.idl	12	chm/windows-ce-4.2/remtools/htm,learn/windows-ce-5.0	Tl.h, Tl.idl.	itransport,itransportaccept,itransportconfigure,itransportconnection,itransportconnectionclose,itransportconnectionreadbytes,itransportconnectionwritebytes,itransportgetclientname,itransportgetconnectioninfo,itransportgetname,itransportgettype,itransportinitconnection
Tl.idl	2	chm/windows-ce-4.2/remtools/htm,learn/windows-ce-5.0	Tl.idl.	tl_flags,tlpubinfo
Tlhelp.h	2	chm/windows-ce-3.0,chm/windows-ce-5.0/wcecore5/html,learn/windows-ce-5.0,learn/windows-embedded-ce-6.0	Tlhelp.h.,Tlhelp.h	heap32first,heap32listfirst
Tlhelp32.h	18	chm/windows-ce-3.0,chm/windows-ce-5.0/wcecore5/html,learn/windows-ce-5.0,msdn-library/wcedevcon-99/wcesdkr	Tlhelp32.h.,Tlhelp32.h	closetoolhelp32snapshot,createtoolhelp32snapshot,heap32first,heap32listfirst,heap32listnext,heap32next,heapentry32,heaplist32,module32first,module32next,moduleentry32,process32first,process32next,processentry32,thread32first,thread32next,threadentry32,toolhelp32readprocessmemory
Tnefapi.h	11	msdn-library/wcedevcon-99/wcehpc	Tnefapi.h	inetencode,modifiedutf7tounicode,tnefbuildinfo,tnefconverttounicode,tnefdecodebuffer,tnefdecodefile,tnefencodebuffer,tnefencodefile,tnefgetinfo,tnefinfo,unicodetomodifiedutf7
Toolbarview.hpp	8	chm/windows-ce-5.0/wceui5/html,learn/windows-ce-5.0,learn/windows-ce-net-4x	Toolbarview.hpp.	bitmaptype,toolbarview_t,toolbarview_tcalcoffset,toolbarview_tdrawbuttonborder,toolbarview_tdrawdropdownarrow,toolbarview_tfacerect,toolbarview_tinitializebuttonslopvalue,toolbarview_tloadsystembitmap
Trackbarview.hpp	5	chm/windows-ce-5.0/wceui5/html,learn/windows-ce-5.0,learn/windows-ce-net-4x	Trackbarview.hpp.	trackbarview_t,trackbarview_tdrawchannel,trackbarview_tdrawfocus,trackbarview_tdrawthumb,trackbarview_tdrawtics
Trans.h	9	chm/windows-ce-4.2/remtools/htm,learn/windows-ce-5.0	Trans.h.	cconnection,cconnectionclose,cconnectionreadbytes,cconnectionwritebytes,createtransport,ctransport,ctransportinit,ctransportnewconnection,ctransportuninit
Transport.h, Cemgr.idl	3	chm/windows-ce-4.2/remtools/htm,learn/windows-ce-5.0	Transport.h, Cemgr.idl.	ipmtransportinfo,ipmtransportinfoid,ipmtransportinfoname
Tspi.h	1	chm/windows-ce-3.0	Tspi.h	tspi_linegetcallinfo
Tuple.h	3	learn/windows-ce-5.0,learn/windows-ce-net-4x	Tuple.h.	parsed_cftable,parsed_config,power_descr
Tux.h	24	learn/unclassified,learn/windows-ce-5.0	Tux.h.	function_table_entry,shellproc,spm_begin_group,spm_begin_test,spm_end_group,spm_end_test,spm_exception,spm_load_dll,spm_register,spm_shell_info,spm_start_script,spm_stop_script,spm_unload_dll,sps_begin_test,sps_end_test,sps_exception,sps_load_dll,sps_register,sps_shell_info,testproc,tpm_execute,tpm_query_thread_count,tps_execute,tps_query_thread_count
Tvout.h	1	chm/windows-ce-5.0/wceui5/html,learn/windows-ce-5.0,win32/api/tvout	Tvout.h.,Tvout.h	videoparameters
Uhcdddsi.h	1	learn/windows-ce-net-4x	Uhcdddsi.h.	hcdmdd_setcapability
Unimodem.h	3	chm/windows-ce-5.0/wcetapi5/html,learn/windows-ce-5.0,learn/windows-ce-net-4x	Unimodem.h.	phonecaps,unimdm_chg_devcfg,unimodem_info
Unknown.h	4	msdn-library/wcedevcon-99/wcesdkr	Unknown.h	iunknown,iunknownaddref,iunknownqueryinterface,iunknownrelease
Unknwn.h	6	chm/windows-ce-3.0,win32/api/unknwn,win32/api/unknwnbase	Unknwn.h	iclassfactory,iclassfactorylockserver,iunknown,iunknownaddref,iunknownqueryinterface,iunknownrelease
Unknwn.h, Unknwn.idl	4	chm/windows-ce-5.0/wcedcom5/html,learn/windows-ce-5.0,learn/windows-ce-net-4x	Unknwn.h, Unknwn.idl.	iunknown,iunknownaddref,iunknownqueryinterface,iunknownrelease
Updownview.hpp	4	chm/windows-ce-5.0/wceui5/html,learn/windows-ce-5.0	Updownview.hpp.	updownview_t,updownview_thorzdrawsettings,updownview_tsetsunkenborder,updownview_tvertdrawsettings
Upnp.h	60	chm/windows-ce-5.0/wceupnp5/html,learn/windows-ce-5.0,learn/windows-ce-net-4x	Upnp.h.	iupnpdescriptiondocument,iupnpdescriptiondocumentabort,iupnpdescriptiondocumentcallback,iupnpdescriptiondocumentcallbackloadcomplete,iupnpdescriptiondocumentdevicebyudn,iupnpdescriptiondocumentload,iupnpdescriptiondocumentloadasync,iupnpdescriptiondocumentloadresult,iupnpdescriptiondocumentreadystate,iupnpdescriptiondocumentrootdevice,iupnpdevice,iupnpdevicechildren,iupnpdevicedescription,iupnpdevicedocumentaccess,iupnpdevicedocumentaccessgetdocumenturl,iupnpdevicefinder,iupnpdevicefindercallback,iupnpdevicefindercallbackdeviceadded,iupnpdevicefindercallbackdeviceremoved,iupnpdevicefindercallbacksearchcomplete,iupnpdevicefindercancelasyncfind,iupnpdevicefindercreateasyncfind,iupnpdevicefinderfindbytype,iupnpdevicefinderfindbyudn,iupnpdevicefinderstartasyncfind,iupnpdevicefriendlyname,iupnpdevicehaschildren,iupnpdeviceiconurl,iupnpdeviceisrootdevice,iupnpdevicemanufacturername,iupnpdevicemanufacturerurl,iupnpdevicemodelname,iupnpdevicemodelnumber,iupnpdevicemodelurl,iupnpdeviceparentdevice,iupnpdevicepresentationurl,iupnpdevicerootdevice,iupnpdevices,iupnpdevices_newenum,iupnpdevicescount,iupnpdeviceserialnumber,iupnpdeviceservices,iupnpdevicesitem,iupnpdevicetype,iupnpdeviceuniquedevicename,iupnpdeviceupc,iupnpservice,iupnpserviceaddcallback,iupnpservicecallback,iupnpservicecallbackserviceinstancedied,iupnpservicecallbackstatevariablechanged,iupnpserviceid,iupnpserviceinvokeaction,iupnpservicelasttransportstatus,iupnpservicequerystatevariable,iupnpservices,iupnpservices_newenum,iupnpservicescount,iupnpserviceservicetypeidentifier,iupnpservicesitem
Upnpdevapi.h	16	chm/windows-ce-5.0/wceupnp5/html,learn/windows-ce-5.0,learn/windows-ce-net-4x	Upnpdevapi.h.	pupnpcallback,upnpadddevice,upnpcb_id,upnpdeviceinfo,upnpgetscpdpath,upnpgetudn,upnpparam,upnppublishdevice,upnpremovedevice,upnpservicecontrol,upnpsetcontrolresponse,upnpseterrorresponse,upnpsetrawcontrolresponse,upnpsubmitpropertyevent,upnpsubscription,upnpunpublishdevice
Upnphost.h	17	chm/windows-ce-5.0/wceupnp5/html,learn/windows-ce-5.0,learn/windows-ce-net-4x	Upnphost.h.	iupnpdevicecontrol,iupnpdevicecontrolgetserviceobject,iupnpdevicecontrolinitialize,iupnpeventsink,iupnpeventsinkonstatechanged,iupnpeventsinkonstatechangedsafe,iupnpeventsource,iupnpeventsourceadvise,iupnpeventsourceunadvise,iupnpregistrar,iupnpregistrargetuniquedevicename,iupnpregistrarregisterdevice,iupnpregistrarregisterrunningdevice,iupnpregistrarunregisterdevice,iupnpreregistrar,iupnpreregistrarreregisterdevice,iupnpreregistrarreregisterrunningdevice
Urlmon.h, Urlmon.idl	164	chm/windows-ce-5.0/wceurlmon5/html,learn/windows-ce-5.0,learn/windows-ce-net-4x	Urlmon.h, Urlmon.idl.	bindf,bindinfo,bindinfo_options,bindinfof,bindstatus,bindstring,bindverb,bscf,cogetclassobjectfromurl,cointernetcombineurl,cointernetgetprotocolflags,cointernetgetsecurityurl,cointernetgetsession,cointernetparseurl,cointernetqueryinfo,copybindinfo,copystgmedium,createasyncbindctx,createasyncbindctxex,createformatenumerator,createurlmoniker,createurlmonikerex,findmediatype,findmediatypeclass,findmimefromdata,getclassfileormime,hit_logging_info,iasyncmoniker,iauthenticate,iauthenticateauthenticate,ibindhost,ibindhostcreatemoniker,ibindhostmonikerbindtoobject,ibindhostmonikerbindtostorage,ibinding,ibindingabort,ibindinggetbindresult,ibindinggetpriority,ibindingresume,ibindstatuscallback,ibindstatuscallbackgetbindinfo,ibindstatuscallbackgetpriority,ibindstatuscallbackondataavailable,ibindstatuscallbackonobjectavailable,ibindstatuscallbackonprogress,ibindstatuscallbackonstartbinding,ibindstatuscallbackonstopbinding,ihttpnegotiate,ihttpnegotiatebeginningtransaction,ihttpnegotiateonresponse,ihttpsecurity,ihttpsecurityonsecurityproblem,iinternet,iinternetbindinfo,iinternetbindinfogetbindinfo,iinternetbindinfogetbindstring,iinternethostsecuritymanager,iinternethostsecuritymanagergetsecurityid,iinternethostsecuritymanagerprocessurlaction,iinternethostsecuritymanagerquerycustompolicy,iinternetpriority,iinternetprioritygetpriority,iinternetprioritysetpriority,iinternetprotocol,iinternetprotocolinfo,iinternetprotocolinfocombineurl,iinternetprotocolinfocompareurl,iinternetprotocolinfoparseurl,iinternetprotocolinfoqueryinfo,iinternetprotocollockrequest,iinternetprotocolread,iinternetprotocolroot,iinternetprotocolrootabort,iinternetprotocolrootcontinue,iinternetprotocolrootstart,iinternetprotocolrootterminate,iinternetprotocolseek,iinternetprotocolsink,iinternetprotocolsinkreportdata,iinternetprotocolsinkreportprogress,iinternetprotocolsinkreportresult,iinternetprotocolsinkstackable,iinternetprotocolsinkstackablecommitswitch,iinternetprotocolsinkstackablerollbackswitch,iinternetprotocolsinkstackableswitchsink,iinternetprotocolsinkswitch,iinternetprotocolunlockrequest,iinternetsecuritymanager,iinternetsecuritymanagergetsecurityid,iinternetsecuritymanagergetsecuritysite,iinternetsecuritymanagergetzonemappings,iinternetsecuritymanagermapurltozone,iinternetsecuritymanagerprocessurlaction,iinternetsecuritymanagerquerycustompolicy,iinternetsecuritymanagersetsecuritysite,iinternetsecuritymanagersetzonemapping,iinternetsecuritymgrsite,iinternetsecuritymgrsiteenablemodeless,iinternetsecuritymgrsitegetwindow,iinternetsession,iinternetsessionregistermimefilter,iinternetsessionregisternamespace,iinternetsessionunregistermimefilter,iinternetsessionunregisternamespace,iinternetzonemanager,iinternetzonemanagercreatezoneenumerator,iinternetzonemanagerdestroyzoneenumerator,iinternetzonemanagergetzoneactionpolicy,iinternetzonemanagergetzoneat,iinternetzonemanagergetzoneattributes,iinternetzonemanagergetzonecustompolicy,iinternetzonemanagersetzoneactionpolicy,iinternetzonemanagersetzoneattributes,iinternetzonemanagersetzonecustompolicy,imonikerprop,imonikerpropputproperty,ipersistmoniker,ipersistmonikergetclassid,ipersistmonikergetcurmoniker,ipersistmonikerisdirty,ipersistmonikerload,ipersistmonikersave,ipersistmonikersavecompleted,isasyncmoniker,isloggingenabled,isvalidurl,iwindowforbindingui,iwindowforbindinguigetwindow,iwininethttpinfo,iwininethttpinfoqueryinfo,iwininetinfo,iwininetinfoqueryoption,mkparsedisplaynameex,monikerproperty,obtainuseragentstring,parseaction,pi_flags,protocoldata,protocolfilterdata,psuaction,puaf,queryoption,registerbindstatuscallback,registerformatenumerator,registermediatypeclass,registermediatypes,releasebindinfo,revokebindstatuscallback,revokeformatenumerator,szm_flags,url_encoding,urldownloadtocachefile,urldownloadtofile,urlmkgetsessionoption,urlmksetsessionoption,urlopenblockingstream,urlopenpullstream,urlopenstream,urltemplate,urlzone,urlzonereg,writehitlogging,zaflags,zoneattributes
Urlmonui.h	0	chm/windows-ce-5.0/wceurlmon5/html,learn/windows-ce-5.0,learn/windows-ce-net-4x	Urlmonui.h.	
Usb100.h	3	learn/windows-ce-5.0	Usb100.h.	usb_configuration_descriptor,usb_device_descriptor,usb_endpoint_descriptor
Usbclient.h	19	learn/windows-ce-5.0,learn/windows-ce-net-4x,msdn-library/2010-05/windows-ce-5.0	Usbclient.h.	aborttransfer,acquireremovelock,clearorsetfeature,closetransferhandle,defaulttransfercomplete,getsetkeyvalues,getstatus,gettransferstatus,initializeremovelock,issuebulktransfer,issueinterrupttransfer,issuevendortransfer,reg_value_descr,releaseremovelock,releaseremovelockandwait,remove_lock,resetbulkendpoint,resetdefaultendpoint,resetpipe
Usbd.hpp	24	learn/windows-ce-net-4x	Usbd.hpp.	clearfeature,closepipe,closetransfer,findinterface,getdescriptor,getdeviceinfo,getframelength,getframenumber,getinterface,getisochresults,getstatus,isdefaultpipehalted,ispipehalted,issuecontroltransfer,issueinterrupttransfer,issueisochtransfer,issuevendortransfer,istransfercomplete,loadgenericinterfacedriver,openpipe,registernotificationroutine,releaseframelengthcontrol,resetdefaultpipe,resetpipe
Usbdi.h	54	chm/windows-ce-3.0,learn/windows-ce-5.0,learn/windows-ce-net-4x,msdn-library/2010-05/windows-ce-5.0	Usbdi.h.,Usbdi.h	getusbdversion,lpabort_pipe_transfers,lpabort_transfer,lpclear_feature,lpclose_pipe,lpclose_transfer,lpdevice_notify_routine,lpdisable_device,lpfind_interface,lpget_descriptor,lpget_device_info,lpget_frame_length,lpget_frame_number,lpget_interface,lpget_isoch_results,lpget_status,lpget_transfer_status,lpget_usbd_version,lpis_default_pipe_halted,lpis_pipe_halted,lpis_transfer_complete,lpissue_bulk_transfer,lpissue_control_transfer,lpissue_interrupt_transfer,lpissue_isoch_transfer,lpissue_vendor_transfer,lpload_generic_interface_driver,lpopen_client_registry_key,lpopen_pipe,lpregister_client_driver_id,lpregister_client_settings,lpregister_notification_routine,lprelease_frame_length_control,lpreset_default_pipe,lpreset_pipe,lpset_descriptor,lpset_feature,lpset_frame_length,lpset_interface,lpsuspend_device,lpsync_frame,lptake_frame_length_control,lptranslate_string_descr,lpun_register_client_driver_id,lpun_register_client_settings,lpun_register_notification_routine,openclientregistrykey,registerclientdriverid,registerclientsettings,usb_driver_settings,usb_funcs,usbdeviceattach,usbinstalldriver,usbuninstalldriver
Usbfntypes.h	1	learn/windows-ce-5.0	Usbfntypes.h.	ufngetregistryinfo
Usbmsc.h	2	learn/windows-ce-5.0	Usbmsc.h.	transport_command,transport_data
Usbtypes.h	6	learn/windows-ce-5.0	Usbtypes.h.	lptransfer_notify_routine,usb_configuration,usb_device,usb_endpoint,usb_interface,usb_interface_descriptor
Usp10.h	45	chm/windows-ce-5.0/wceuniscribe5/html,learn/windows-ce-5.0	Usp10.h.	goffset,script_analysis,script_cache,script_control,script_digitsubstitute,script_fontproperties,script_item,script_justify,script_logattr,script_properties,script_state,script_string_analysis,script_tabdef,script_visattr,scriptapplydigitsubstitution,scriptapplylogicalwidth,scriptbreak,scriptcachegetheight,scriptcptox,scriptfreecache,scriptgetcmap,scriptgetfontproperties,scriptgetglyphabcwidth,scriptgetlogicalwidths,scriptgetproperties,scriptiscomplex,scriptitemize,scriptjustify,scriptlayout,scriptplace,scriptrecorddigitsubstitution,scriptshape,scriptstring_pcoutchars,scriptstring_plogattr,scriptstring_psize,scriptstringanalyse,scriptstringcptox,scriptstringfree,scriptstringgetlogicalwidths,scriptstringgetorder,scriptstringout,scriptstringvalidate,scriptstringxtocp,scripttextout,scriptxtocp
Uxtheme.h	8	chm/windows-ce-5.0/wcemshtml5/html,learn/windows-ce-5.0	Uxtheme.h.	closethemedata,drawthemebackground,getthemebackgroundextent,getthemecolor,getthemefont,hittestthemebackground,isappthemed,openthemedataex
VoiceCtl.h	8	msdn-library/wcedevcon-99/wceppc	VoiceCtl.h	cm_voice_recorder,nm_voice_recorder,voicerecorder_create,vrm_cancel,vrm_ok,vrm_play,vrm_record,vrm_stop
Voipconfigurationdatastore.h	1	chm/windows-ce-5.0/wcevail5/html,learn/windows-ce-5.0	Voipconfigurationdatastore.h.	config_data_
Voipconfigurationdatastore.idl, Voipconfigurationdatastore.h	8	chm/windows-ce-5.0/wcevail5/html,learn/windows-ce-5.0	Voipconfigurationdatastore.idl, Voipconfigurationdatastore.h.	ivoipconfigurationdatastore,ivoipconfigurationdatastoreinitialize,ivoipconfigurationdatastorereadvalue,ivoipconfigurationdatastoreuninitialize,ivoipconfigurationdatastoreupdatesettingsfromfile,ivoipconfigurationdatastoreupdatesettingsfromserver,ivoipconfigurationdatastoreupdatesettingsfromxml,ivoipconfigurationdatastorewritevalue
Voiperrorcodes.h	2	chm/windows-ce-5.0/wcevail5/html,learn/windows-ce-5.0,learn/windows-ce-net-4x	Voiperrorcodes.h	voip_e_,voip_s_
Voiplap.h	5	chm/windows-ce-5.0/wcepcauthentication5/html,learn/windows-ce-5.0	Voiplap.h.	attemptconnection,getpcsyncname,setpcsyncname,voiplap_e_,voiplap_s_
Voipmanager.h	3	chm/windows-ce-5.0/wcevail5/html,learn/windows-ce-5.0,learn/windows-ce-net-4x	Voipmanager.h.	directoryclientregparams,sipserverregistrationparameters,voipmgrparameters
Voipmanager.h, Voipmanager.idl	62	chm/windows-ce-5.0/wcevail5/html,learn/windows-ce-5.0,learn/windows-ce-net-4x	Voipmanager.h, Voipmanager.idl.,Voipmanager.h, Voipmanager.idl	dcrp_valid_,ivoipcurrentcall,ivoipcurrentcall2,ivoipcurrentcall2addparticipanttoconference,ivoipcurrentcall2conferencehost,ivoipcurrentcall2conferenceparticipants,ivoipcurrentcall2isconferencehost,ivoipcurrentcall2isconferenceparticipant,ivoipcurrentcallanswer,ivoipcurrentcallduration,ivoipcurrentcallenumerator,ivoipcurrentcallenumeratornext,ivoipcurrentcallenumeratorreset,ivoipcurrentcallenumeratorskip,ivoipcurrentcallfriendlyname,ivoipcurrentcallhangup,ivoipcurrentcallhold,ivoipcurrentcallignore,ivoipcurrentcallnetworkstatus,ivoipcurrentcallredirect,ivoipcurrentcallrtcparticipant,ivoipcurrentcallrtcsession,ivoipcurrentcallstarttime,ivoipcurrentcallstatus,ivoipcurrentcalltype,ivoipcurrentcallunhold,ivoipcurrentcalluri,ivoipcurrentcallvoipname,ivoipmgr,ivoipmgr2initializeex,ivoipmgr2registerwithsipserver,ivoipmgractivecurrentcall,ivoipmgrautoforwarduri,ivoipmgrcall,ivoipmgrcallerinfodb,ivoipmgrcalllogdb,ivoipmgrcurrentcallenumerator,ivoipmgrinitialize,ivoipmgrmicrophonemute,ivoipmgrmicrophonevolume,ivoipmgrmissedcalltimeout,ivoipmgrmyserver,ivoipmgrmyuri,ivoipmgrparameters,ivoipmgrplayprogresstone,ivoipmgrreregister,ivoipmgrringtone,ivoipmgrrtcclient,ivoipmgrsenddtmf,ivoipmgrspeakermute,ivoipmgrspeakervolume,ivoipmgrstate,ivoipmgrstopprogresstone,ivoipmgruninitialize,ivoipui,ivoipuioncallevent,ivoipuionsystemevent,vms_,voipcallevent,voipcallstatus,voipcalltype,voipsystemevent
Voipmediamanager.idl	23	chm/windows-ce-5.0/wcevail5/html,learn/windows-ce-5.0,learn/windows-ce-net-4x	Voipmediamanager.idl.	ivoipmediamgr,ivoipmediamgranswersession,ivoipmediamgrconferencesessions,ivoipmediamgrcreatepctopcsession,ivoipmediamgrevaluatesessiondescription,ivoipmediamgrholdsession,ivoipmediamgrinitialize,ivoipmediamgrinitializertcclient,ivoipmediamgrmicrophonemute,ivoipmediamgrmicrophonevolume,ivoipmediamgronreinviteevent,ivoipmediamgronsessionoperationcompleteevent,ivoipmediamgronsessionstatechangeevent,ivoipmediamgrplayprogresstone,ivoipmediamgrplaysound,ivoipmediamgrsenddtmf,ivoipmediamgrspeakermute,ivoipmediamgrspeakervolume,ivoipmediamgrstopprogresstone,ivoipmediamgrstopsound,ivoipmediamgrunholdsession,ivoipmediamgruninitialize,voipprogresstone
Voipprov.idl	4	chm/windows-ce-5.0/wcevail5/html,learn/windows-ce-5.0,learn/windows-ce-net-4x	Voipprov.idl.	ivoipdirectoryclient,ivoipdirectoryclientregistrationparameters,ivoipdirectoryclientsippassword,ivoipdirectoryclientsipserverparameters
Voipstore.h, voipstore.idl	39	learn/windows-embedded-ce-6.0	Voipstore.h, voipstore.idl	ivoipcallerinfodbcreaterecord,ivoipcallerinfodbenumerator,ivoipcallerinfodbenumnext,ivoipcallerinfodbenumreset,ivoipcallerinfodbenumskip,ivoipcallerinfodbfindcallerinfobyspeeddialentry,ivoipcallerinfodbfindcallerinfobyuri,ivoipcallerinfodbfriendlynameenumerator,ivoipcallerinfodbinit,ivoipcallerinfodbspeeddialenumerator,ivoipcallerinforecordblocked,ivoipcallerinforecordcommit,ivoipcallerinforecorddeletefromdb,ivoipcallerinforecordforwardinguri,ivoipcallerinforecordfriendlyname,ivoipcallerinforecordringtone,ivoipcallerinforecordspeeddialentry,ivoipcallerinforecorduri,ivoipcallerinforecordvoipname,ivoipcalllogdbcapacity,ivoipcalllogdbcreaterecord,ivoipcalllogdbenumnext,ivoipcalllogdbenumreset,ivoipcalllogdbenumskip,ivoipcalllogdbincomingenumerator,ivoipcalllogdbinit,ivoipcalllogdbmissedenumerator,ivoipcalllogdboutgoingenumerator,ivoipcallrecordcalltype,ivoipcallrecordcommit,ivoipcallrecorddeletefromdb,ivoipcallrecordduration,ivoipcallrecordendtime,ivoipcallrecordfriendlyname,ivoipcallrecordstarttime,ivoipcallrecorduri,ivoipcallrecordvoipname,voip_invalid_speed_dial_entry,voipcalltype
Voipstore.idl	43	chm/windows-ce-5.0/wcevail5/html,learn/windows-ce-5.0,learn/windows-ce-net-4x	Voipstore.idl.	ivoipcallerinfodb,ivoipcallerinfodbcreaterecord,ivoipcallerinfodbenum,ivoipcallerinfodbenumerator,ivoipcallerinfodbenumnext,ivoipcallerinfodbenumreset,ivoipcallerinfodbenumskip,ivoipcallerinfodbfindcallerinfobyspeeddialentry,ivoipcallerinfodbfindcallerinfobyuri,ivoipcallerinfodbfriendlynameenumerator,ivoipcallerinfodbinit,ivoipcallerinfodbspeeddialenumerator,ivoipcallerinforecord,ivoipcallerinforecordblocked,ivoipcallerinforecordcommit,ivoipcallerinforecorddeletefromdb,ivoipcallerinforecordforwardinguri,ivoipcallerinforecordfriendlyname,ivoipcallerinforecordringtone,ivoipcallerinforecordspeeddialentry,ivoipcallerinforecorduri,ivoipcallerinforecordvoipname,ivoipcalllogdb,ivoipcalllogdbcapacity,ivoipcalllogdbcreaterecord,ivoipcalllogdbenum,ivoipcalllogdbenumnext,ivoipcalllogdbenumreset,ivoipcalllogdbenumskip,ivoipcalllogdbincomingenumerator,ivoipcalllogdbinit,ivoipcalllogdbmissedenumerator,ivoipcalllogdboutgoingenumerator,ivoipcallrecord,ivoipcallrecordcalltype,ivoipcallrecordcommit,ivoipcallrecorddeletefromdb,ivoipcallrecordduration,ivoipcallrecordendtime,ivoipcallrecordfriendlyname,ivoipcallrecordstarttime,ivoipcallrecorduri,ivoipcallrecordvoipname
WDbgExts_CE.h	20	learn/windows-ce-5.0	WDbgExts_CE.h.	checkcontrolc,disassm,dprintf,extstacktrace,getcontext,getdebuggerdata,getexpression,getsetsympath,getsymbol,ioctl,readcontrolspace,readiospace,readmemory,readphysical,setcontext,setthreadforoperation,stacktrace,writeiospace,writememory,writephysical
WMDRM10ND.h	8	learn/windows-ce-5.0	WMDRM10ND.h	drm_nd_deregisterfromservice,drm_nd_init,drm_nd_registerwithservice,drm_opl_output_ids,drm_play_opl,drm_video_output_protection,drm_video_output_protection_ids,drmlicensehandle
WTypes.h	2	win32/api/wtypesbase	WTypes.h	coauthidentity,coauthinfo
Waveddsi.h	21	chm/windows-ce-3.0,learn/windows-ce-5.0,learn/windows-ce-net-4x	Waveddsi.h.,Waveddsi.h	pdd_audiodeinitialize,pdd_audiogetinterrupttype,pdd_audioinitialize,pdd_audiomessage,pdd_audiopowerhandler,pdd_iocontrol,pdd_waveproc,wpdm_close,wpdm_continue,wpdm_endofdata,wpdm_getdevcaps,wpdm_getmixerval,wpdm_getvolume,wpdm_open,wpdm_pause,wpdm_restart,wpdm_setmixerval,wpdm_setvolume,wpdm_standby,wpdm_start,wpdm_stop
Wavedev.h	2	chm/windows-ce-3.0,learn/windows-ce-5.0,learn/windows-ce-net-4x	Wavedev.h.,Wavedev.h	acmdrv_message_params,mmdrv_message_params
Wavemdd.h	10	learn/windows-ce-5.0	Wavemdd.h.	wav_close,wav_deinit,wav_init,wav_iocontrol,wav_open,wav_powerdown,wav_powerup,wav_read,wav_seek,wav_write
Wcedb.h	73	msdn-library/techshelps/WCEMFC	Wcedb.h	ccedbdatabase,ccedbdatabaseaddrecord,ccedbdatabaseccedbdatabase,ccedbdatabaseclose,ccedbdatabasecreate,ccedbdatabasedelete,ccedbdatabasedeletecurrrecord,ccedbdatabasedeletecurrrecordprops,ccedbdatabaseexists,ccedbdatabasegetcurrindex,ccedbdatabasegetcurrrecord,ccedbdatabasegetident,ccedbdatabasegetlastmodified,ccedbdatabasegetname,ccedbdatabasegetnumrecords,ccedbdatabasegetsize,ccedbdatabasegetsortprops,ccedbdatabasem_bautoseeknext,ccedbdatabasem_beof,ccedbdatabasem_ceoid,ccedbdatabasem_hhandle,ccedbdatabaseopen,ccedbdatabasereadcurrrecord,ccedbdatabaseseekfirst,ccedbdatabaseseekfirstequal,ccedbdatabaseseeklast,ccedbdatabaseseeknext,ccedbdatabaseseeknextequal,ccedbdatabaseseekprev,ccedbdatabaseseektoindex,ccedbdatabaseseektorecord,ccedbdatabaseseekvaluegreater,ccedbdatabaseseekvaluesmaller,ccedbdatabasesetident,ccedbdatabasesetlastmodified,ccedbdatabasesetname,ccedbdatabasesetsortprops,ccedbdatabasewritecurrrecord,ccedbenum,ccedbenumccedbenum,ccedbenumnext,ccedbprop,ccedbpropccedbprop,ccedbpropgetblob,ccedbpropgetfiletime,ccedbpropgetident,ccedbpropgetlong,ccedbpropgetshort,ccedbpropgetsortflags,ccedbpropgetstring,ccedbpropgettype,ccedbpropgetulong,ccedbpropgetushort,ccedbpropsetblob,ccedbpropsetfiletime,ccedbpropsetident,ccedbpropsetlong,ccedbpropsetshort,ccedbpropsetsortflags,ccedbpropsetstring,ccedbpropsettype,ccedbpropsetulong,ccedbpropsetushort,ccedbrecord,ccedbrecordaddprop,ccedbrecordaddprops,ccedbrecordccedbrecord,ccedbrecorddeleteallprops,ccedbrecorddeleteprop,ccedbrecordgetnumprops,ccedbrecordgetpropfromident,ccedbrecordgetpropfromindex,ccedbrecordm_proparray
Wceemul.h	3	chm/windows-ce-3.0,msdn-library/wcedevcon-99/wcesdkr	Wceemul.h	candidateform,candidatelist,compositionform
Wcesock.h	7	msdn-library/techshelps/WCEMFC	Wcesock.h	afxgetcesocketwindow,ccesocket,ccesocketccesocket,ccesocketcreate,ccesocketonaccept,ccesocketonconnect,wm_socket_notify
Wdbgexts.h	19	learn/unclassified	Wdbgexts.h.	checkcontrolc,disassm,dprintf,getcontext,getdebuggerdata,getexpression,getsetsympath,getsymbol,ioctl,readcontrolspace,readiospace,readmemory,readphysical,setcontext,setthreadforoperation,stacktrace,writeiospace,writememory,writephysical
Wdm.h	1	win32/api/ntdef	Wdm.h	string
Wdm.h or Ntddk.h	1	learn/windows-ce-5.0,learn/windows-ce-net-4x,learn/windows-embedded-ce-6.0	Wdm.h or Ntddk.h.,Wdm.h or Ntddk.h	containing_record
Webhost.h	1	win32/api/winsock,win32/api/winsock2	Webhost.h	shutdown
Webproxy.h	7	learn/windows-ce-5.0	Webproxy.h.	proxy_http_information,proxy_http_request,proxyfilterhttprequest,proxyinitializefilter,proxynotifyaddrchange,proxysignalfilter,proxyuninitializefilter
WinBase.h	1	win32/api/fileapi	WinBase.h	win32_file_attribute_data
Winbase.h	328	chm/windows-ce-3.0,chm/windows-ce-5.0/wcecore5/html,chm/windows-ce-5.0/wcedcom5/html,chm/windows-ce-5.0/wceui5/html,learn/windows-ce-5.0,learn/windows-ce-net-4x,msdn-library/techshelps/CEGUIDE/devdoc/good/wince,msdn-library/wcedevcon-99/wcesdkr	Winbase.h,Winbase.h.	activatedevice,activatedeviceex,advertiseinterface,batterynotifyoftimechange,by_handle_file_information,ceblob,ceclearreplchangebitsex,cecreatedatabase,cecreatedatabaseex,cedbaseinfo,cedeletedatabase,cedeletedatabaseex,cedeleterecord,cedirinfo,ceenumdbvolumes,cefileinfo,cefindfirstdatabase,cefindfirstdatabaseex,cefindnextdatabase,cefindnextdatabaseex,ceflushdbvol,cefreenotification,cefsiocontrol,cegenrandom,cegetcallertrust,cegetcanonicalpathname,cegetcurrenttrust,cegetfilenotificationinfo,cegetrandomseed,cegetreplchangebitsex,cegetreplchangemask,cegetreplotherbitsex,cegetthreadpriority,cegetthreadquantum,ceheapcreate,cemountdbvol,ceoidgetinfo,ceoidgetinfoex,ceoidinfo,ceopendatabase,ceopendatabaseex,cepropval,cereadrecordprops,cereadrecordpropsex,cerecordinfo,ceregisterreplnotification,ceresyncfilesys,ceseekdatabase,cesetdatabaseinfo,cesetdatabaseinfoex,cesetreplchangebitsex,cesetreplchangemask,cesetreplotherbitsex,cesetthreadpriority,cesetthreadquantum,ceunmountdbvol,cevalunion,cewriterecordprops,cezeropointer,charlower,charlowerbuff,charnext,charprev,charupper,charupperbuff,check_invalidguid,check_systemguid,checkpassword,clearcommbreak,clearcommerror,closehandle,commprop,commtimeouts,comparefiletime,comstat,context,continuedebugevent,convertthreadtofiber,copyfile,copyfileex,create_invalidguid,create_process_debug_info,create_systemguid,create_thread_debug_info,createdirectory,createevent,createfiber,createfile,createfileformapping,createfilemapping,createmutex,createprocess,createsemaphore,createthread,db_ceoid_changed,db_ceoid_created,db_ceoid_record_deleted,db_pegoid_changed,db_pegoid_created,db_pegoid_record_deleted,dcb,deactivatedevice,debug_event,debugactiveprocess,deleteandrenamefile,deletecriticalsection,deletefiber,deletefile,deregisterdevice,deviceiocontrol,devicesearchtype,devmgr_device_information,disablethreadlibrarycalls,dllmain,entercriticalsection,enumdeviceinterfaces,escapecommfunction,exception_debug_info,exit_process_debug_info,exit_thread_debug_info,exitthread,filetime,filetimetolocalfiletime,filetimetosystemtime,findclose,findclosechangenotification,findex_info_levels,findex_search_ops,findfirstchangenotification,findfirstdevice,findfirstfile,findfirstfileex,findnextchangenotification,findnextdevice,findnextfile,findresource,flushfilebuffers,flushinstructioncache,flushviewoffile,formatmessage,freelibrary,freelibraryandexitthread,get_fileex_info_levels,getcommandline,getcommmask,getcommmodemstatus,getcommproperties,getcommstate,getcommtimeouts,getcurrentfiber,getcurrentft,getdeviceinformationbydevicehandle,getdeviceinformationbyfilehandle,getdiskfreespaceex,getdllversion,getexitcodeprocess,getexitcodethread,getfiberdata,getfileattributes,getfileattributesex,getfileinformationbyhandle,getfilesize,getfiletime,getfileversioninfo,getfileversioninfosize,getidletime,getlasterror,getlocaltime,getmodulefilename,getmodulehandle,getprocaddress,getprocessheap,getprocessversion,getstoreinformation,getsysteminfo,getsystempowerstatusex,getsystempowerstatusex2,getsystemtime,gettempfilename,gettemppath,getthreadcontext,getthreadpriority,getthreadtimes,gettickcount,gettimezoneinformation,getusernameex,getversionex,globalmemorystatus,heapalloc,heapcompact,heapcreate,heapdestroy,heapfree,heaprealloc,heapsize,heapvalidate,inflaterect,initializecriticalsection,interlockedcompareexchangepointer,interlockeddecrement,interlockedexchange,interlockedexchangepointer,interlockedincrement,interlockedtestexchange,isbadcodeptr,isbadreadptr,isbadwriteptr,ischaralpha,ischaralphanumeric,ischarlower,ischarupper,isprocessorfeaturepresent,kerneliocontrol,killtimer,leavecriticalsection,load_dll_debug_info,loadfsd,loadfsdex,loadlibrary,loadlibraryex,loadresource,loadstring,localalloc,localfiletimetofiletime,localfree,localrealloc,localsize,lockfileex,lockresource,mapviewoffile,memorystatus,messagebeep,movefile,msgwaitformultipleobjects,msgwaitformultipleobjectsex,openevent,openprocess,osversioninfo,output_debug_string_info,outputdebugstring,overlapped,process_information,pulseevent,purgecomm,querycontextattributes,queryinstructionset,queryperformancecounter,queryperformancefrequency,raiseexception,random,readfile,readprocessmemory,registerdevice,releasemutex,releasesemaphore,removedirectory,requestdevicenotifications,resourcecreatelist,resourcedestroylist,resourcemarkasshareable,resourcerelease,resourcerequest,resourcerequestex,resumethread,setcommbreak,setcommmask,setcommstate,setcommtimeouts,setdaylighttime,setendoffile,seterrorinfo,setfileattributes,setfilepointer,setfiletime,setlasterror,setlocaltime,setrect,setsystemtime,setthreadcontext,setthreadpriority,settimezoneinformation,setupcomm,setuserdata,signalstarted,sizeofresource,sleep,sortorderspec,stopdevicenotifications,store_information,suspendthread,switchtofiber,system_info,system_power_status_ex,system_power_status_ex2,systemtime,systemtimetofiletime,terminateprocess,terminatethread,time_zone_information,timerproc,tlsalloc,tlsfree,tlsgetvalue,tlssetvalue,transmitcommchar,tryentercriticalsection,typefrompropid,unload_dll_debug_info,unlockfileex,unmapviewoffile,verqueryvalue,virtualalloc,virtualfree,virtualprotect,virtualquery,vs_fixedfileinfo,waitcommevent,waitfordebugevent,waitformultipleobjects,waitforsingleobject,win32_file_attribute_data,win32_find_data,winmain,wm_dbnotification,writefile,writeprocessmemory,wsprintf,wvsprintf
Winbase.h Rapi.h	1	msdn-library/wcedevcon-99/wcesdkr	Winbase.h Rapi.h	getsystempowerstatusex
Winber.h	13	chm/windows-ce-5.0/wceldap5/html,learn/windows-ce-5.0,learn/windows-ce-net-4x	Winber.h.	ber_alloc_t,ber_bvdup,ber_bvecfree,ber_bvfree,ber_first_element,ber_flatten,ber_free,ber_init,ber_next_element,ber_peek_tag,ber_printf,ber_scanf,ber_skip_tag
Wincrypt.h	201	chm/windows-ce-3.0,chm/windows-ce-5.0/wcecertificates5/html,chm/windows-ce-5.0/wcecrypto5/html,learn/windows-ce-5.0,learn/windows-ce-net-4x,msdn-library/wcedevcon-99/wcesdkr	Wincrypt.h.,Wincrypt.h	alg_id,blob,cert_access_description,cert_alt_name_entry,cert_alt_name_info,cert_authority_info_access,cert_authority_key_id2_info,cert_authority_key_id_info,cert_basic_constraints2_info,cert_basic_constraints_info,cert_chain_context,cert_chain_element,cert_chain_engine_config,cert_chain_para,cert_context,cert_extension,cert_id,cert_info,cert_issuer_serial_number,cert_key_attributes_info,cert_key_context,cert_key_usage_restriction_info,cert_keygen_request_info,cert_name_info,cert_policies_info,cert_policy_id,cert_policy_info,cert_policy_qualifier_info,cert_private_key_validity,cert_public_key_info,cert_rdn,cert_rdn_attr,cert_request_info,cert_signed_content_info,cert_simple_chain,cert_system_store_info,cert_system_store_relocate_para,cert_trust_list_info,cert_trust_status,cert_usage_match,certaddcertificatecontexttostore,certaddcertificatelinktostore,certaddencodedcertificatetostore,certaddenhancedkeyusageidentifier,certaddserializedelementtostore,certalgidtooid,certclosestore,certcomparecertificate,certcomparecertificatename,certcompareintegerblob,certcomparepublickeyinfo,certcontrolstore,certcreatecertificatecontext,certdeletecertificatefromstore,certduplicatecertificatechain,certduplicatecertificatecontext,certduplicatestore,certenumcertificatecontextproperties,certenumcertificatesinstore,certenumphysicalstore,certenumsystemstore,certenumsystemstorelocation,certfindattribute,certfindcertificateinstore,certfindextension,certfindrdnattr,certfreecertificatechain,certfreecertificatecontext,certgetcertificatechain,certgetcertificatecontextproperty,certgetenhancedkeyusage,certgetintendedkeyusage,certgetissuercertificatefromstore,certgetnamestring,certgetpublickeylength,certgetstoreproperty,certgetsubjectcertificatefromstore,certgetvalidusages,certisrdnattrsincertificatename,certnametostr,certoidtoalgid,certopenstore,certopensystemstore,certrdnvaluetostr,certremoveenhancedkeyusageidentifier,certsavestore,certserializecertificatestoreelement,certsetcertificatecontextproperty,certsetenhancedkeyusage,certsetstoreproperty,certstrtoname,certverifysubjectcertificatecontext,certverifytimevalidity,certverifyvaliditynesting,cmsg_cms_recipient_info,cmsg_cms_signer_info,cmsg_ctrl_add_signer_unauth_attr_para,cmsg_ctrl_decrypt_para,cmsg_ctrl_del_signer_unauth_attr_para,cmsg_ctrl_key_agree_decrypt_para,cmsg_ctrl_verify_signature_ex_para,cmsg_enveloped_encode_info,cmsg_hashed_encode_info,cmsg_key_trans_recipient_info,cmsg_mail_list_recipient_info,cmsg_signed_encode_info,cmsg_signer_encode_info,cmsg_signer_info,cmsg_stream_info,cpacquirecontext,crypt_algorithm_identifier,crypt_attribute,crypt_attributes,crypt_bit_blob,crypt_encode_para,crypt_key_prov_info,crypt_key_prov_param,crypt_oid_func_entry,crypt_oid_info,cryptacquirecertificateprivatekey,cryptacquirecontext,cryptcontextaddref,cryptcreatehash,cryptcreatekeyidentifierfromcsp,cryptdecodeobjectex,cryptdecrypt,cryptderivekey,cryptdestroyhash,cryptdestroykey,cryptduplicatehash,cryptduplicatekey,cryptencodeobjectex,cryptencrypt,cryptenumkeyidentifierproperties,cryptenumoidinfo,cryptenumproviders,cryptenumprovidertypes,cryptexportkey,cryptexportpublickeyinfoex,cryptfindcertificatekeyprovinfo,cryptfindlocalizedname,cryptfindoidinfo,cryptfreeoidfunctionaddress,cryptgenkey,cryptgenrandom,cryptgetdefaultoidfunctionaddress,cryptgetdefaultprovider,cryptgethashparam,cryptgetkeyidentifierproperty,cryptgetkeyparam,cryptgetoidfunctionaddress,cryptgetprovparam,cryptgetuserkey,crypthashcertificate,crypthashdata,crypthashpublickeyinfo,crypthashsessionkey,crypthashtobesigned,cryptimportkey,cryptimportpublickeyinfoex,cryptinitoidfunctionset,cryptinstalldefaultcontext,cryptinstalloidfunctionaddress,cryptmsgcalculateencodedlength,cryptmsgclose,cryptmsgcontrol,cryptmsgduplicate,cryptmsggetparam,cryptmsgopentodecode,cryptmsgopentoencode,cryptmsgupdate,cryptoapi_blob,cryptprotectdata,cryptreleasecontext,cryptsethashparam,cryptsetkeyidentifierproperty,cryptsetkeyparam,cryptsetprovider,cryptsetproviderex,cryptsetprovparam,cryptsignandencodecertificate,cryptsigncertificate,cryptsignhash,cryptuninstalldefaultcontext,cryptunprotectdata,cryptverifycertificatesignature,cryptverifysignature,ctl_usage,hcrypthash,hcryptkey,hcryptprov,hmac_info,pfxexportcertstoreex,pfximportcertstore,pfxispfxblob,pfxverifypassword,prov_enumalgs,prov_enumalgs_ex,publickeystruc,rsapubkey,vtableprovstruc
Windbase.h	95	chm/windows-ce-3.0,chm/windows-ce-5.0/wceedb5/html,chm/windows-ce-5.0/wcefiledb5/html,chm/windows-ce-5.0/wcesystempassword5/html,learn/windows-ce-5.0,learn/windows-ce-net-4x,msdn-library/wcedevcon-99/wcesdkr	Windbase.h.,Windbase.h	by_handle_db_information,ceadddatabaseprops,cebegintransaction,ceblob,cechangedatabaselcid,ceclearreplchangebitsex,cecreatedatabase,cecreatedatabaseex,cecreatedatabaseex2,cecreatedatabasewithprops,cecreatesession,cedbaseinfo,cedbaseinfoex,cedeletedatabase,cedeletedatabaseex,cedeleterecord,cedirinfo,ceendtransaction,ceenumdbvolumes,cefileinfo,cefindfirstdatabase,cefindfirstdatabaseex,cefindnextdatabase,cefindnextdatabaseex,ceflushdbvol,cefreenotification,cegetcurrenttrust,cegetdatabaseprops,cegetdatabasesession,cegetdbinformationbyhandle,cegetreplchangebitsex,cegetreplchangemask,cegetreplotherbitsex,cemountdbvol,cemountdbvolex,cenotification,cenotifyrequest,ceoidgetinfo,ceoidgetinfoex,ceoidgetinfoex2,ceoidinfo,ceoidinfoex,ceopendatabase,ceopendatabaseex,ceopendatabaseex2,ceopendatabaseinsession,ceopenstream,cepropspec,cepropval,cereadrecordprops,cereadrecordpropsex,cerecordinfo,ceregisterreplnotification,ceremovedatabaseprops,ceseekdatabase,ceseekdatabaseex,cesetdatabaseinfo,cesetdatabaseinfoex,cesetdatabaseinfoex2,cesetreplchangebitsex,cesetreplchangemask,cesetreplotherbitsex,cesetsessionoption,cesetthreadpriority,cesetthreadquantum,cestreamread,cestreamsavechanges,cestreamseek,cestreamsetsize,cestreamwrite,ceunmountdbvol,cevalunion,cevolumeoptions,cewriterecordprops,check_invalidguid,check_systemguid,checkpassword,create_invalidguid,create_systemguid,db_ceoid_changed,db_ceoid_created,db_ceoid_database_deleted,db_ceoid_directory_deleted,db_ceoid_file_deleted,db_ceoid_record_deleted,db_pegoid_changed,db_pegoid_created,db_pegoid_record_deleted,getpasswordactive,setpassword,setpasswordactive,sortorderspec,sortorderspecex,typefrompropid,wm_dbnotification
Windbase_edb.h	1	learn/windows-embedded-ce-6.0	Windbase_edb.h	cemountdbvolex
Winddi.h	60	learn/windows-ce-5.0,learn/windows-ce-net-4x,win32/api/ddrawi,win32/api/winddi	Winddi.h.,Winddi.h	brushobj,brushobj_pvallocrbrush,brushobj_pvgetrbrush,clipobj,clipobj_benum,clipobj_cenumstart,ddhal_waitforverticalblankdata,devinfo,displayinit,drvanyblt,drvbitblt,drvcopybits,drvcreatedevicebitmap,drvdeletedevicebitmap,drvdisabledriver,drvdisablepdev,drvdisablesurface,drvenabledata,drvenabledriver,drvenablepdev,drvenablesurface,drvenddoc,drvescape,drvfillpath,drvgetmasks,drvgetmodes,drvgradientfill,drvmovepointer,drvpaint,drvpowerhandler,drvrealizebrush,drvrealizecolor,drvsetpalette,drvsetpointershape,drvstartdoc,drvstartpage,drvstrokepath,drvtextout,drvtransparentblt,drvunrealizecolor,engcallbacks,engcreatedevicebitmap,engcreatedevicesurface,engcreatepalette,engdeletesurface,fd_devicemetrics,fontobj,gdiinfo,glyphbits,glyphdata,ifimetrics,palobj_cgetcolors,pathobj,pathobj_benum,pathobj_venumstart,pathobj_vgetbounds,strobj,surfobj,xlateobj,xlateobj_cgetpalette
Windef.h	12	chm/windows-ce-3.0,chm/windows-ce-5.0/wceui5/html,learn/windows-ce-5.0,msdn-library/wcedevcon-99/wcesdkr	Windef.h,Windef.h.	colorref,hibyte,hiword,lobyte,loword,makelong,makeword,point,points,rect,rectl,size
Windev.h	2	chm/windows-ce-3.0,learn/windows-ce-5.0,learn/windows-ce-net-4x	Windev.h,Windev.h.	ctl_code,isapiready
Windns.h	32	chm/windows-ce-5.0/wcetcpip5/html,learn/windows-ce-5.0	Windns.h.	dns_a_data,dns_aaaa_data,dns_atma_data,dns_header,dns_key_data,dns_loc_data,dns_message_buffer,dns_minfo_data,dns_mx_data,dns_null_data,dns_nxt_data,dns_ptr_data,dns_record,dns_record_flags,dns_rrset,dns_sig_data,dns_soa_data,dns_srv_data,dns_tkey_data,dns_tsig_data,dns_txt_data,dns_wins_data,dns_winsr_data,dns_wire_question,dns_wire_record,dns_wks_data,dnsmodifyrecordsinset_w,dnsquery_w,dnsrecordlistfree,dnsreplacerecordsetw,ip4_array,ip6_address
Windot11.h	101	learn/windows-ce-5.0	Windot11.h.	oid_dot11_ap_join_request,oid_dot11_atim_window,oid_dot11_beacon_period,oid_dot11_cca_mode_supported,oid_dot11_cca_watchdog_count_max,oid_dot11_cca_watchdog_count_min,oid_dot11_cca_watchdog_timer_max,oid_dot11_cca_watchdog_timer_min,oid_dot11_cf_pollable,oid_dot11_cfp_max_duration,oid_dot11_cfp_period,oid_dot11_channel_agility_enabled,oid_dot11_channel_agility_present,oid_dot11_counters_entry,oid_dot11_country_string,oid_dot11_current_cca_mode,oid_dot11_current_channel,oid_dot11_current_channel_number,oid_dot11_current_dwell_time,oid_dot11_current_frequency,oid_dot11_current_index,oid_dot11_current_offload_capability,oid_dot11_current_operation_mode,oid_dot11_current_optional_capability,oid_dot11_current_packet_filter,oid_dot11_current_pattern,oid_dot11_current_phy_type,oid_dot11_current_reg_domain,oid_dot11_current_rx_antenna,oid_dot11_current_set,oid_dot11_current_tx_antenna,oid_dot11_current_tx_power_level,oid_dot11_default_wep_offload,oid_dot11_default_wep_upload,oid_dot11_diversity_selection_rx,oid_dot11_diversity_support,oid_dot11_dsss_ofdm_option_enabled,oid_dot11_dsss_ofdm_option_implemented,oid_dot11_dtim_period,oid_dot11_ed_threshold,oid_dot11_ehcc_capability_enabled,oid_dot11_ehcc_capability_implemented,oid_dot11_ehcc_number_of_channels_family_index,oid_dot11_ehcc_prime_radix,oid_dot11_erp_pbcc_option_enabled,oid_dot11_erp_pbcc_option_implemented,oid_dot11_fragmentation_threshold,oid_dot11_frequency_bands_supported,oid_dot11_hop_algorithm_adopted,oid_dot11_hop_modulus,oid_dot11_hop_offset,oid_dot11_hop_time,oid_dot11_hopping_pattern,oid_dot11_hr_cca_mode_supported,oid_dot11_join_request,oid_dot11_long_retry_limit,oid_dot11_mac_address,oid_dot11_max_dwell_time,oid_dot11_max_mac_address_states,oid_dot11_max_receive_lifetime,oid_dot11_max_transmit_msdu_lifetime,oid_dot11_medium_occupancy_limit,oid_dot11_mpdu_max_length,oid_dot11_multi_domain_capability,oid_dot11_multi_domain_capability_enabled,oid_dot11_multi_domain_capability_implemented,oid_dot11_nic_power_state,oid_dot11_nic_specific_extension,oid_dot11_number_of_hopping_sets,oid_dot11_offload_capability,oid_dot11_operation_mode_capability,oid_dot11_operational_rate_set,oid_dot11_optional_capability,oid_dot11_pbcc_option_implemented,oid_dot11_power_mgmt_mode,oid_dot11_random_table_flag,oid_dot11_recv_sensitivity_list,oid_dot11_reg_domains_support_value,oid_dot11_reset_request,oid_dot11_rf_usage,oid_dot11_rssi_range,oid_dot11_rts_threshold,oid_dot11_scan_request,oid_dot11_short_preamble_option_implemented,oid_dot11_short_retry_limit,oid_dot11_short_slot_time_option_enabled,oid_dot11_short_slot_time_option_implemented,oid_dot11_start_request,oid_dot11_station_id,oid_dot11_supported_data_rates_value,oid_dot11_supported_phy_types,oid_dot11_supported_power_levels,oid_dot11_supported_rx_antenna,oid_dot11_supported_tx_antenna,oid_dot11_temp_type,oid_dot11_ti_threshold,oid_dot11_update_ie,oid_dot11_wep_icv_error_count,oid_dot11_wep_offload,oid_dot11_wep_upload,oid_dot11_wpa_tsc
Windows.h	1144	chm/windows-ce-3.0,chm/windows-ce-4.2/remtools/htm,chm/windows-ce-5.0/wcecore5/html,chm/windows-ce-5.0/wcefonts5/html,chm/windows-ce-5.0/wcemouse5/html,chm/windows-ce-5.0/wcemui5/html,chm/windows-ce-5.0/wcemultimon5/html,chm/windows-ce-5.0/wcenls5/html,chm/windows-ce-5.0/wceui5/html,learn/windows-ce-5.0,learn/windows-ce-net-4x,win32/api/commdlg,win32/api/debugapi,win32/api/errhandlingapi,win32/api/fileapi,win32/api/handleapi,win32/api/heapapi,win32/api/imm,win32/api/immdev,win32/api/ioapiset,win32/api/libloaderapi,win32/api/memoryapi,win32/api/minwinbase,win32/api/mmeapi,win32/api/processthreadsapi,win32/api/profileapi,win32/api/stringapiset,win32/api/synchapi,win32/api/sysinfoapi,win32/api/timeapi,win32/api/timezoneapi,win32/api/verrsrc,win32/api/winbase,win32/api/windef,win32/api/wingdi,win32/api/winioctl,win32/api/winnls,win32/api/winnt,win32/api/winperf,win32/api/winreg,win32/api/winuser,win32/api/winver	Windows.h,Windows.h.	abc,abortdoc,abortproc,accel,accesstimeout,activatekeyboardlayout,addfontresource,addfontresourcea,addfontresourcew,addvectoredexceptionhandler,adjustwindowrectex,alphablend,appendmenua,appendmenuw,begindeferwindowpos,beginpaint,bitblt,bitmap,bitmapcoreheader,bitmapcoreinfo,bitmapfileheader,bitmapinfo,bitmapinfoheader,blendfunction,bringwindowtotop,by_handle_file_information,callwindowproca,callwindowprocw,candidateform,candidatelist,changedisplaysettingsex,changedisplaysettingsexa,changedisplaysettingsexw,charlowera,charlowerbuffa,charlowerbuffw,charlowerw,charnexta,charnextw,charpreva,charprevw,charsetinfo,charuppera,charupperbuffa,charupperbuffw,charupperw,checkdlgbutton,checkmenuitem,checkmenuradioitem,checkradiobutton,checkremotedebuggerpresent,childwindowfrompoint,clearcommbreak,clearcommerror,clienttoscreen,clipcursor,closeclipboard,closegestureinfohandle,closehandle,colorref,combinergn,comboboxinfo,commconfig,commdlgextendederror,commprop,commtimeouts,comparefiletime,comparestring,comparestringa,comparestringw,compositionform,comstat,context,continuedebugevent,convertdefaultlocale,convertthreadtofiber,copydatastruct,copyfile,copyfilea,copyfileexa,copyfileexw,copyfilew,copyrect,countclipboardformats,cpinfo,create_process_debug_info,create_thread_debug_info,createacceleratortablea,createacceleratortablew,createbitmap,createcaret,createcompatiblebitmap,createcompatibledc,createcursor,createdc,createdca,createdcw,createdialoga,createdialogindirecta,createdialogindirectparama,createdialogindirectparamw,createdialogindirectw,createdialogparama,createdialogparamw,createdialogw,createdibpatternbrushpt,createdibsection,createdirectory,createdirectorya,createdirectoryw,createfiber,createfilea,createfilemappinga,createfilemappingw,createfilew,createfontindirect,createfontindirecta,createfontindirectw,createiconindirect,createmenu,createpalette,createpatternbrush,createpen,createpenindirect,createpopupmenu,createrectrgn,createrectrgnindirect,createsemaphorea,createsemaphorew,createsolidbrush,createstructa,createstructw,createwindowa,createwindowexa,createwindowexw,createwindoww,currencyfmta,currencyfmtw,dcb,debug_event,debugactiveprocess,debugactiveprocessstop,debugbreak,defdlgproca,defdlgprocw,deferwindowpos,defwindowproca,defwindowprocw,deletedc,deletefiber,deletefile,deletefilea,deletefilew,deleteitemstruct,deletemenu,deleteobject,destroyacceleratortable,destroycaret,destroycursor,destroyicon,destroymenu,destroywindow,devicecapabilitiesa,devicecapabilitiesw,deviceiocontrol,devmode,devmodea,devnames,dialogboxa,dialogboxindirecta,dialogboxindirectparama,dialogboxindirectparamw,dialogboxindirectw,dialogboxparama,dialogboxparamw,dialogboxw,dibsection,disablethreadlibrarycalls,dispatchmessage,dispatchmessagea,dispatchmessagew,display_device,display_devicea,display_devicew,dlgitemtemplate,dlgtemplate,docinfoa,docinfow,drawedge,drawfocusrect,drawframecontrol,drawicon,drawiconex,drawitemstruct,drawmenubar,drawtext,drawtexta,drawtextw,duplicatehandle,ellipse,em_canundo,em_charfrompos,em_emptyundobuffer,em_fmtlines,em_getfirstvisibleline,em_getlimittext,em_getline,em_getlinecount,em_getmargins,em_getmodify,em_getpasswordchar,em_getrect,em_getsel,em_limittext,em_linefromchar,em_lineindex,em_linelength,em_linescroll,em_posfromchar,em_replacesel,em_scroll,em_scrollcaret,em_setlimittext,em_setmargins,em_setmodify,em_setpasswordchar,em_setreadonly,em_setrect,em_setrectnp,em_setsel,em_settabstops,em_undo,emptyclipboard,en_change,en_errspace,en_hscroll,en_killfocus,en_maxtext,en_setfocus,en_update,en_vscroll,enableeudc,enablemenuitem,enablewindow,enddeferwindowpos,enddialog,enddoc,endpage,endpaint,enumcalendarinfoa,enumcalendarinfow,enumclipboardformats,enumdateformatsa,enumdateformatsw,enumdisplaydevices,enumdisplaydevicesa,enumdisplaydevicesw,enumdisplaymonitors,enumdisplaysettings,enumdisplaysettingsa,enumdisplaysettingsw,enumfontfamilies,enumfontfamiliesa,enumfontfamiliesexa,enumfontfamiliesexw,enumfontfamiliesw,enumfontfamproc,enumfonts,enumfontsa,enumfontsproc,enumfontsw,enumlogfonta,enumlogfontw,enumpropsex,enumpropsexa,enumpropsexw,enumsystemcodepagesa,enumsystemcodepagesw,enumsystemlocalesa,enumsystemlocalesw,enumtimeformatsa,enumtimeformatsw,enumuilanguages,enumuilanguagesa,enumuilanguagesproc,enumuilanguagesw,enumwindows,equalrect,equalrgn,escapecommfunction,exception_debug_info,exception_pointers,exception_record,excludecliprect,exit_process_debug_info,exit_thread_debug_info,exitprocess,extcreateregion,extended_name_format,extescape,exttextout,exttextouta,exttextoutw,fiberproc,file_allocated_range_buffer,file_notify_information,file_zero_data_information,filetime,filetimetolocalfiletime,filetimetosystemtime,fillrect,fillrgn,findclose,findclosechangenotification,findex_info_levels,findex_search_ops,findfirstchangenotificationa,findfirstchangenotificationw,findfirstfilea,findfirstfileexa,findfirstfileexw,findfirstfilew,findnextchangenotification,findnextfilea,findnextfilew,findreplacea,findreplacew,findresourcea,findresourcew,findwindowa,findwindoww,fixed,flushfilebuffers,flushinstructioncache,flushviewoffile,foldstringa,foldstringw,fontsignature,formatmessage,formatmessagea,formatmessagew,freelibrary,freelibraryandexitthread,fsctl_get_compression,fsctl_query_allocated_ranges,fsctl_set_compression,fsctl_set_sparse,fsctl_set_zero_data,gestureinfo,get_fileex_info_levels,getacp,getactivewindow,getasynckeystate,getbkcolor,getbkmode,getbvalue,getcapture,getcaretblinktime,getcaretpos,getcharabcwidths,getcharabcwidthsa,getcharabcwidthsi,getcharabcwidthsw,getcharwidth32,getcharwidth32a,getcharwidth32w,getclassinfoa,getclassinfow,getclasslonga,getclasslongw,getclassname,getclassnamea,getclassnamew,getclientrect,getclipboarddata,getclipboardformatnamea,getclipboardformatnamew,getclipboardowner,getclipbox,getclipcursor,getcliprgn,getcommmask,getcommmodemstatus,getcommproperties,getcommstate,getcommtimeouts,getcpinfo,getcurrencyformata,getcurrencyformatw,getcurrentfiber,getcurrentobject,getcurrentpositionex,getcursor,getcursorpos,getdc,getdcex,getdesktopwindow,getdevicecaps,getdevicepowerstate,getdialogbaseunits,getdibcolortable,getdiskfreespaceexa,getdiskfreespaceexw,getdlgctrlid,getdlgitem,getdlgitemint,getdlgitemtexta,getdlgitemtextw,getdoubleclicktime,getfiberdata,getfileattributesa,getfileattributesexa,getfileattributesexw,getfileattributesw,getfileinformationbyhandle,getfilesize,getfiletime,getfileversioninfoa,getfileversioninfosizea,getfileversioninfosizew,getfileversioninfow,getfocus,getfontdata,getforegroundwindow,getgestureinfo,getgvalue,geticoninfo,getkeyboardlayout,getkeyboardlayoutlist,getkeyboardlayoutnamea,getkeyboardlayoutnamew,getkeyboardtype,getkeystate,getlasterror,getlayout,getlocaleinfoa,getlocaleinfow,getlocaltime,getmenuiteminfoa,getmenuiteminfow,getmessage,getmessagea,getmessagepos,getmessagequeuereadytimestamp,getmessagew,getmodulefilenamea,getmodulefilenamew,getmodulehandlea,getmodulehandlew,getmonitorinfo,getmonitorinfoa,getmonitorinfow,getmousemovepoints,getnearestcolor,getnearestpaletteindex,getnextdlggroupitem,getnextdlgtabitem,getnumberformata,getnumberformatw,getobject,getobjecta,getobjecttype,getobjectw,getoemcp,getopenclipboardwindow,getopenfilenamea,getopenfilenamew,getoutlinetextmetrics,getoutlinetextmetricsa,getoutlinetextmetricsw,getpaletteentries,getparent,getpixel,getpriorityclipboardformat,getprocaddress,getprocessheap,getprop,getpropa,getpropw,getqueuestatus,getregiondata,getrgnbox,getrop2,getrvalue,getsavefilenamea,getsavefilenamew,getscrollinfo,getstockobject,getstretchbltmode,getstringtypea,getstringtypeexw,getstringtypew,getsubmenu,getsyscolor,getsyscolorbrush,getsystemdefaultlangid,getsystemdefaultlcid,getsystemdefaultuilanguage,getsysteminfo,getsystemmemorydivision,getsystemmenu,getsystemmetrics,getsystempaletteentries,getsystemtime,getsystemtimeasfiletime,gettempfilename,gettempfilenamea,gettempfilenamew,gettemppatha,gettemppathw,gettextalign,gettextcharacterextra,gettextcolor,gettextextentexpoint,gettextextentexpointa,gettextextentexpointw,gettextextentpoint,gettextextentpoint32,gettextextentpoint32a,gettextextentpoint32w,gettextextentpointa,gettextextentpointw,gettextface,gettextfacea,gettextfacew,gettextmetrics,gettextmetricsa,gettextmetricsw,getthreadcontext,gettickcount,gettimezoneinformation,getupdaterect,getupdatergn,getuserdefaultlangid,getuserdefaultlcid,getuserdefaultuilanguage,getversionexa,getversionexw,getviewportextex,getviewportorgex,getwindow,getwindowdc,getwindowextex,getwindowlonga,getwindowlongw,getwindoworgex,getwindowrect,getwindowrgn,getwindowtexta,getwindowtextlengtha,getwindowtextlengthw,getwindowtextw,getwindowthreadprocessid,globaladdatom,globaladdatoma,globaladdatomw,globaldeleteatom,globalfindatom,globalfindatoma,globalfindatomw,globalmemorystatus,gradient_rect,gradientfill,heapalloc,heapcompact,heapcreate,heapdestroy,heapfree,heaprealloc,heapsize,heapvalidate,hidecaret,highcontrast,highcontrasta,highcontrastw,iconinfo,image_data_directory,imecharposition,imemenuiteminfoa,imemenuiteminfow,immassociatecontext,immassociatecontextex,immconfigureimea,immconfigureimew,immcreatecontext,immdestroycontext,immdisableime,immenumregisterworda,immenumregisterwordw,immescapea,immescapew,immgetcandidatelista,immgetcandidatelistcounta,immgetcandidatelistcountw,immgetcandidatelistw,immgetcandidatewindow,immgetcompositionfonta,immgetcompositionfontw,immgetcompositionstringa,immgetcompositionstringw,immgetcompositionwindow,immgetcontext,immgetconversionlista,immgetconversionlistw,immgetconversionstatus,immgetdefaultimewnd,immgetdescriptiona,immgetdescriptionw,immgetguidelinea,immgetguidelinew,immgetimefilenamea,immgetimefilenamew,immgetimemenuitemsa,immgetimemenuitemsw,immgetopenstatus,immgetproperty,immgetregisterwordstylea,immgetregisterwordstylew,immgetstatuswindowpos,immgetvirtualkey,immisime,immisuimessagea,immisuimessagew,immnotifyime,immregisterworda,immregisterwordw,immreleasecontext,immsetcandidatewindow,immsetcompositionfonta,immsetcompositionfontw,immsetcompositionstringa,immsetcompositionstringw,immsetcompositionwindow,immsetconversionstatus,immsetopenstatus,immsetstatuswindowpos,immsimulatehotkey,immunregisterworda,immunregisterwordw,inflaterect,input,insendmessage,insertmenua,insertmenuw,interlockedcompareexchange,interlockedcompareexchangepointer,interlockeddecrement,interlockedexchange,interlockedexchangeadd,interlockedexchangepointer,interlockedincrement,intersectcliprect,intersectrect,invalidaterect,invalidatergn,invertrect,isbadcodeptr,isbadreadptr,isbadwriteptr,ischaralphaa,ischaralphanumerica,ischaralphanumericw,ischaralphaw,ischarlowera,ischaruppera,ischarupperw,ischild,isclipboardformatavailable,isdbcsleadbyte,isdbcsleadbyteex,isdebuggerpresent,isdialogmessagea,isdialogmessagew,isdlgbuttonchecked,isprocessorfeaturepresent,isrectempty,isvalidcodepage,isvalidlocale,iswindow,iswindowenabled,iswindowvisible,keybd_event,keybdinput,killtimer,lcmapstringa,lcmapstringw,lineto,load_dll_debug_info,loadacceleratorsa,loadacceleratorsw,loadanimatedcursor,loadbitmapa,loadbitmapw,loadcursora,loadcursorw,loadicona,loadiconw,loadimagea,loadimagew,loadkeyboardlayouta,loadkeyboardlayoutw,loadlibrarya,loadlibraryexa,loadlibraryexw,loadlibraryw,loadmenua,loadmenuw,loadresource,loadstringa,loadstringw,localalloc,localfiletimetofiletime,localfree,locallock,localrealloc,localsize,lockfileex,lockresource,logbrush,logfonta,logfontw,logpalette,logpen,makeintatom,makeintresourcea,makeintresourcew,makelangid,makelcid,makelparam,makelresult,makerop4,makewparam,mapdialogrect,mapviewoffile,mapvirtualkeya,mapvirtualkeyw,mapwindowpoints,maskblt,measureitemstruct,memory_basic_information,memorystatus,menuiteminfoa,menuiteminfow,messagebeep,messagebox,messageboxa,messageboxw,metafilepict,mixerclose,mixergetcontroldetails,mixergetcontroldetailsa,mixergetcontroldetailsw,mixergetdevcaps,mixergetdevcapsa,mixergetdevcapsw,mixergetid,mixergetlinecontrols,mixergetlinecontrolsa,mixergetlinecontrolsw,mixergetlineinfo,mixergetlineinfoa,mixergetlineinfow,mixergetnumdevs,mixermessage,mixeropen,mixersetcontroldetails,monitorenumproc,monitorfrompoint,monitorfromrect,monitorfromwindow,monitorinfo,monitorinfoex,monitorinfoexa,monitorinfoexw,mouse_event,mouseinput,mousekeys,movefile,movefilea,movefilew,movetoex,movewindow,msg,msgwaitformultipleobjects,msgwaitformultipleobjectsex,muldiv,multibytetowidechar,newtextmetrica,newtextmetricw,numberfmta,numberfmtw,offsetrect,offsetrgn,offsetviewportorgex,ofnotifya,ofnotifyw,openclipboard,openfilenamea,openfilenamew,osversioninfoa,osversioninfow,outlinetextmetricw,output_debug_string_info,outputdebugstringa,outputdebugstringw,pagesetupdlga,pagesetupdlgw,paintstruct,paletteentry,paletteindex,paletteindex2bpp,palettergb,patblt,peekmessagea,peekmessagew,perf_counter_block,perf_counter_definition,perf_data_block,perf_instance_definition,perf_object_type,point,points,pointstopoint,polygon,polyline,postmessagea,postmessagew,postquitmessage,postthreadmessagea,postthreadmessagew,primarylangid,printdlga,printdlgw,propenumprocex,propenumprocexa,propenumprocexw,ptinrect,ptinregion,pulseevent,purgecomm,queryperformancecounter,queryperformancefrequency,raiseexception,readfile,readprocessmemory,realizepalette,reconvertstring,rect,rectangle,rectinregion,rectl,rectvisible,redrawwindow,regclosekey,regcreatekeyexa,regcreatekeyexw,regdeletekeya,regdeletekeyw,regdeletevaluea,regdeletevaluew,regenumkeyexa,regenumkeyexw,regenumvaluea,regenumvaluew,regflushkey,registerclassa,registerclassw,registerclipboardformata,registerclipboardformatw,registerhotkey,registerwindowmessagea,registerwindowmessagew,registerworda,registerwordw,regnotifychangekeyvalue,regopenkeyexa,regopenkeyexw,regqueryinfokeya,regqueryinfokeyw,regqueryvalueexa,regqueryvalueexw,regreplacekeya,regreplacekeyw,regsavekeya,regsavekeyw,regsetvalueexa,regsetvalueexw,releasecapture,releasedc,removedirectorya,removedirectoryw,removefontresource,removefontresourcea,removefontresourcew,removemenu,removeprop,removepropa,removepropw,removevectoredexceptionhandler,restoredc,rgb,rgbquad,rgbtriple,rgndata,rgndataheader,roundrect,savedc,screentoclient,scrolldc,scrollinfo,scrollwindowex,security_descriptor,selectcliprgn,selectobject,selectpalette,senddlgitemmessagea,senddlgitemmessagew,sendinput,sendmessage,sendmessagea,sendmessagetimeout,sendmessagetimeouta,sendmessagetimeoutw,sendmessagew,sendnotifymessagea,sendnotifymessagew,setabortproc,setactivewindow,setbitmapbits,setbkcolor,setbkmode,setbrushorgex,setcapture,setcaretblinktime,setcaretpos,setclasslonga,setclasslongw,setclipboarddata,setcommbreak,setcommmask,setcommstate,setcommtimeouts,setcursor,setcursorpos,setdibcolortable,setdibitstodevice,setdlgitemint,setdlgitemtexta,setdlgitemtextw,setendoffile,setfileattributesa,setfileattributesw,setfilepointer,setfiletime,setfocus,setforegroundwindow,setlasterror,setlayout,setlocaleinfoa,setlocaleinfow,setlocaltime,setmenuiteminfoa,setmenuiteminfow,setpaletteentries,setparent,setpixel,setprop,setpropa,setpropw,setrect,setrectempty,setrectrgn,setrop2,setscrollinfo,setscrollpos,setscrollrange,setstretchbltmode,setsyscolors,setsystempowerstate,setsystemtime,settextalign,settextcharacterextra,settextcolor,setthreadcontext,settimer,settimezoneinformation,setupcomm,setuserdefaultlcid,setuserdefaultuilanguage,setviewportorgex,setwindowlonga,setwindowlongw,setwindoworgex,setwindowpos,setwindowrgn,setwindowtexta,setwindowtextw,shgetautorunpath,shinitdialog,showcaret,showcursor,showwindow,size,sizeofresource,soundsentry,soundsentrya,soundsentryw,startdoca,startdocw,startpage,stickykeys,stretchblt,stretchdibits,stylebufa,stylebufw,stylestruct,sublangid,subtractrect,switchtofiber,system_info,systemparametersinfoa,systemparametersinfow,systemtime,systemtimetofiletime,text,textmetrica,textmetricw,time_zone_information,timebeginperiod,timecaps,timeendperiod,timegetdevcaps,timegetsystemtime,timegettime,timerproc,togglekeys,tpmparams,trackpopupmenu,trackpopupmenuex,translateacceleratora,translateacceleratorw,translatecharsetinfo,translatemessage,transmitcommchar,transparentblt,transparentimage,trivertex,ttm_gettiptextcolor,unionrect,unload_dll_debug_info,unlockfileex,unmapviewoffile,unregisterclassa,unregisterclassw,unregisterhotkey,updatewindow,validaterect,validatergn,verqueryvaluea,verqueryvaluew,virtualalloc,virtualallocex,virtualfree,virtualfreeex,virtualprotect,virtualprotectex,virtualquery,virtualqueryex,vs_fixedfileinfo,waitcommevent,waitfordebugevent,waitformultipleobjects,wavehdr,waveinaddbuffer,waveincaps,waveincapsa,waveincapsw,waveinclose,waveingetdevcaps,waveingeterrortext,waveingetid,waveingetnumdevs,waveingetposition,waveinmessage,waveinopen,waveinprepareheader,waveinreset,waveinstart,waveinstop,waveinunprepareheader,waveoutbreakloop,waveoutcaps,waveoutcapsa,waveoutcapsw,waveoutclose,waveoutgetdevcaps,waveoutgeterrortext,waveoutgetid,waveoutgetnumdevs,waveoutgetpitch,waveoutgetplaybackrate,waveoutgetposition,waveoutgetvolume,waveoutmessage,waveoutopen,waveoutpause,waveoutprepareheader,waveoutreset,waveoutrestart,waveoutsetpitch,waveoutsetplaybackrate,waveoutsetvolume,waveoutunprepareheader,waveoutwrite,widechartomultibyte,win32_file_attribute_data,win32_find_dataa,win32_find_dataw,windowfrompoint,windowinfo,windowpos,winmain,wm_capturechanged,wm_ctlcoloredit,wm_lbuttondblclk,wm_lbuttondown,wm_lbuttonup,wm_mbuttondown,wm_mbuttonup,wm_mousemove,wm_mousewheel,wm_palettechanged,wm_querynewpalette,wm_rbuttondown,wm_rbuttonup,wm_undo,wndclassa,wndclassw,writefile,writeprocessmemory,wsprintfa,wsprintfw,wvsprintfa,wvsprintfw
Windows.h on Windows Server 2003	41	win32/api/minwinbase,win32/api/processenv,win32/api/processthreadsapi,win32/api/synchapi	Windows.h on Windows Server 2003	createeventa,createeventw,createmutexa,createmutexw,createprocessa,createprocessw,createthread,deletecriticalsection,entercriticalsection,exitprocess,exitthread,getcommandlinea,getcommandlinew,getcurrentprocess,getcurrentprocessid,getcurrentthread,getcurrentthreadid,getexitcodeprocess,getexitcodethread,getprocessversion,getthreadpriority,getthreadtimes,initializecriticalsection,leavecriticalsection,openeventa,openeventw,openprocess,openthread,overlapped,process_information,releasemutex,releasesemaphore,resetevent,resumethread,setevent,startupinfoa,startupinfow,terminateprocess,terminatethread,tryentercriticalsection,waitforsingleobject
Windows.h on Windows Vista	7	win32/api/processthreadsapi,win32/api/synchapi	Windows.h on Windows Vista	setthreadpriority,sleep,suspendthread,tlsalloc,tlsfree,tlsgetvalue,tlssetvalue
Windowsx.h	3	chm/windows-ce-3.0,chm/windows-ce-5.0/wceui5/html,learn/windows-ce-5.0,msdn-library/wcedevcon-99/wcesdkr	Windowsx.h.,Windowsx.h	insetrect,mapwindowrect,setdlgmsgresult
Wingdi.h	125	chm/windows-ce-3.0,chm/windows-ce-5.0/wcecore5/html,chm/windows-ce-5.0/wcefonts5/html,chm/windows-ce-5.0/wceprint5/html,chm/windows-ce-5.0/wceui5/html,learn/windows-ce-5.0,learn/windows-ce-net-4x,msdn-library/techshelps/CEGUIDE/devdoc/good/wince,msdn-library/wcedevcon-99/wcesdkr,win32/api/wingdi	Wingdi.h,Wingdi.h.	abortdoc,abortproc,addfontresource,bitblt,bitmap,bitmapcoreheader,bitmapcoreinfo,bitmapfileheader,bitmapinfo,bitmapinfoheader,charsetinfo,combinergn,createbitmap,createcompatiblebitmap,createcompatibledc,createdc,createdibpatternbrushpt,createdibsection,createfontindirect,createpalette,createpatternbrush,createpen,createpenindirect,createrectrgn,createrectrgnindirect,createsolidbrush,deletedc,deleteobject,devmode,devmodew,dibsection,dlgitemtemplateex,docinfo,drawedge,drawfocusrect,ellipse,enableeudc,enddoc,endpage,enumfontfamilies,enumfontfamproc,enumfonts,enumfontsproc,enumlogfont,equalrgn,excludecliprect,extescape,exttextout,fillrect,fillrgn,fontsignature,gdiinfo,getbkcolor,getbkmode,getbvalue,getclipbox,getcliprgn,getcurrentobject,getdevicecaps,getgvalue,getnearestcolor,getnearestpaletteindex,getobject,getobjecttype,getpaletteentries,getpixel,getregiondata,getrgnbox,getrvalue,getstockobject,getsyscolorbrush,getsystempaletteentries,gettextcolor,gettextextentexpoint,gettextextentpoint,gettextextentpoint32,gettextface,gettextmetrics,intersectcliprect,logbrush,logfont,logpalette,logpen,makerop4,maskblt,newtextmetric,offsetrgn,paletteentry,palettergb,patblt,polygon,polyline,ptinregion,realizepalette,rectangle,rectinregion,rectvisible,removefontresource,restoredc,rgb,rgbquad,rgbtriple,rgndata,rgndataheader,roundrect,savedc,selectcliprgn,selectobject,selectpalette,setabortproc,setbkcolor,setbkmode,setbrushorgex,setpaletteentries,setpixel,setrectrgn,setrop2,settextcolor,setviewportorgex,startdoc,startpage,stretchblt,textmetric,translatecharsetinfo,transparentimage
Wininet.h	106	chm/windows-ce-3.0,chm/windows-ce-5.0/wceauthservices5/html,learn/windows-ce-5.0,msdn-library/techshelps/CEGUIDE/devdoc/good/wince,msdn-library/wcedevcon-99/wcesdkr,win32/api/wininet,win32/api/winineti	Wininet.h,Wininet.h.	commiturlcacheentry,createurlcacheentry,createurlcachegroup,deleteurlcacheentry,deleteurlcachegroup,findcloseurlcache,findfirsturlcacheentry,findfirsturlcacheentryex,findfirsturlcachegroup,findnexturlcacheentry,findnexturlcacheentryex,findnexturlcachegroup,ftpcommand,ftpcreatedirectory,ftpdeletefile,ftpfindfirstfile,ftpgetcurrentdirectory,ftpgetfile,ftpgetfileex,ftpgetfilesize,ftpopenfile,ftpputfile,ftpputfileex,ftpremovedirectory,ftprenamefile,ftpsetcurrentdirectory,getcommmask,geturlcacheentryinfo,geturlcacheentryinfoex,geturlcachegroupattribute,http_version_info,httpaddrequestheaders,httpendrequest,httpopenrequest,httpqueryinfo,httpsendrequest,httpsendrequestex,internet_async_result,internet_auth_notify_data,internet_buffers,internet_cache_entry_info,internet_cache_timestamps,internet_certificate_info,internet_connected_info,internet_per_conn_option,internet_per_conn_option_list,internet_proxy_info,internet_scheme,internet_status_callback,internet_version_info,internetattemptconnect,internetcanonicalizeurl,internetcheckconnection,internetclosehandle,internetcombineurl,internetconfirmzonecrossing,internetconnect,internetcookiestate,internetcrackurl,internetcreateurl,internetenumpersitecookiedecisiona,internetenumpersitecookiedecisionw,interneterrordlg,internetfindnextfile,internetgetconnectedstate,internetgetconnectedstateex,internetgetconnectedstateexa,internetgetconnectedstateexw,internetgetcookie,internetgetlastresponseinfo,internetgetpersitecookiedecisiona,internetgetpersitecookiedecisionw,internetgoonline,internetgoonlinea,internetgoonlinew,internetlockrequestfile,internetopen,internetopenurl,internetquerydataavailable,internetqueryoption,internetreadfile,internetreadfileex,internetsetcookie,internetsetcookieex,internetsetfilepointer,internetsetoption,internetsetoptionex,internetsetpersitecookiedecisiona,internetsetpersitecookiedecisionw,internetsetstatuscallback,internettimefromsystemtime,internettimetosystemtime,internetunlockrequestfile,internetwritefile,privacygetzonepreferencew,privacysetzonepreferencew,readurlcacheentrystream,retrieveurlcacheentryfile,retrieveurlcacheentrystream,seturlcacheconfiginfo,seturlcacheentrygroup,seturlcacheentryinfo,seturlcachegroupattribute,unlockurlcacheentryfile,unlockurlcacheentrystream,url_components
Winineti.h	8	win32/api/wininet,win32/api/winineti	Winineti.h	internetenumpersitecookiedecisiona,internetenumpersitecookiedecisionw,internetgetconnectedstateex,internetgetconnectedstateexa,internetgetconnectedstateexw,internetgoonline,internetgoonlinea,internetgoonlinew
Wininetui.h	0	learn/windows-ce-5.0,learn/windows-ce-net-4x	Wininetui.h.	
Winldap.h	100	chm/windows-ce-5.0/wceldap5/html,learn/windows-ce-5.0,learn/windows-ce-net-4x	Winldap.h.	berelement,berval,cldap_open,dereferenceconnection,ldap,ldap_abandon,ldap_add,ldap_add_ext,ldap_add_ext_s,ldap_add_s,ldap_bind,ldap_bind_s,ldap_check_filter,ldap_close_extended_op,ldap_compare,ldap_compare_ext,ldap_compare_ext_s,ldap_compare_s,ldap_connect,ldap_control_free,ldap_controls_free,ldap_count_entries,ldap_count_references,ldap_count_values,ldap_count_values_len,ldap_create_page_control,ldap_create_sort_control,ldap_delete,ldap_delete_ext,ldap_delete_ext_s,ldap_delete_s,ldap_dn2ufn,ldap_err2string,ldap_escape_filter_element,ldap_explode_dn,ldap_extended_operation,ldap_first_attribute,ldap_first_entry,ldap_first_reference,ldap_get_dn,ldap_get_next_page,ldap_get_next_page_s,ldap_get_option,ldap_get_paged_count,ldap_get_values,ldap_get_values_len,ldap_init,ldap_memfree,ldap_modify,ldap_modify_ext,ldap_modify_ext_s,ldap_modify_s,ldap_msgfree,ldap_next_attribute,ldap_next_entry,ldap_next_reference,ldap_open,ldap_parse_extended_result,ldap_parse_page_control,ldap_parse_reference,ldap_parse_result,ldap_parse_sort_control,ldap_referral_callback,ldap_rename_ext,ldap_rename_ext_s,ldap_result,ldap_result2error,ldap_retcode,ldap_sasl_bind,ldap_sasl_bind_s,ldap_search,ldap_search_abandon_page,ldap_search_ext,ldap_search_ext_s,ldap_search_init_page,ldap_search_s,ldap_search_st,ldap_set_option,ldap_simple_bind,ldap_simple_bind_s,ldap_sslinit,ldap_timeval,ldap_ufn2dn,ldap_unbind,ldap_unbind_s,ldap_value_free,ldap_value_free_len,ldapcontrol,ldapgetlasterror,ldapmaperrortowin32,ldapmessage,ldapmod,ldapsearch,ldapsortkey,ldapunicodetoutf8,ldaputf8tounicode,notifyofnewconnection,queryclientcert,queryforconnection,verifyservercert
Winnetwk.h	16	chm/windows-ce-3.0,chm/windows-ce-5.0/wceredir5/html,learn/windows-ce-5.0,learn/windows-ce-net-4x,msdn-library/wcedevcon-99/wcesdkr	Winnetwk.h.,Winnetwk.h	connectdlgstruct,discdlgstruct,netresource,remote_name_info,universal_name_info,wnetaddconnection3,wnetcancelconnection2,wnetcloseenum,wnetconnectiondialog1,wnetdisconnectdialog,wnetdisconnectdialog1,wnetenumresource,wnetgetconnection,wnetgetuniversalname,wnetgetuser,wnetopenenum
Winnls.h	39	chm/windows-ce-3.0,chm/windows-ce-5.0/wcecore5/html,chm/windows-ce-5.0/wceimm5/html,chm/windows-ce-5.0/wcenls5/html,learn/windows-ce-5.0,learn/windows-ce-net-4x,msdn-library/wcedevcon-99/wcesdkr	Winnls.h.,Winnls.h	comparestring,convertdefaultlocale,cpinfo,currencyfmt,enumcalendarinfo,enumcalendarinfoproc,enumcodepagesproc,enumdateformats,enumdateformatsproc,enumlocalesproc,enumsystemcodepages,enumsystemlocales,enumtimeformats,enumtimeformatsproc,foldstring,getacp,getcpinfo,getcurrencyformat,getdateformat,getlocaleinfo,getnumberformat,getoemcp,getstringtype,getstringtypeex,getstringtypew,getsystemdefaultlangid,getsystemdefaultlcid,gettimeformat,getuserdefaultlangid,getuserdefaultlcid,isdbcsleadbyte,isdbcsleadbyteex,isvalidcodepage,isvalidlocale,lcmapstring,multibytetowidechar,numberfmt,setlocaleinfo,widechartomultibyte
Winnt.h	10	chm/windows-ce-3.0,chm/windows-ce-5.0/wcecore5/html,chm/windows-ce-5.0/wcenls5/html,learn/windows-ce-5.0,learn/windows-ce-net-4x,msdn-library/wcedevcon-99/wceddk,msdn-library/wcedevcon-99/wcesdkr	Winnt.h.,Winnt.h	containing_record,exception_record,file_notify_information,image_data_directory,makelangid,makelcid,memory_basic_information,primarylangid,sublangid,text
Winnt.h, Windows.h	1	chm/windows-ce-5.0/wcecore5/html,learn/windows-ce-5.0	Winnt.h, Windows.h.	securezeromemory
Winreg.h	15	chm/windows-ce-3.0,chm/windows-ce-5.0/wceregistry5/html,learn/windows-ce-5.0,msdn-library/wcedevcon-99/wcesdkr	Winreg.h,Winreg.h.	cefindcloseregchange,cefindfirstregchange,cefindnextregchange,regclosekey,regcreatekeyex,regdeletekey,regdeletevalue,regenumkeyex,regenumvalue,regflushkey,regnotifychangekeyvalue,regopenkeyex,regqueryinfokey,regqueryvalueex,regsetvalueex
Winscard.h	31	chm/windows-ce-3.0,chm/windows-ce-5.0/wcesmartcard5/html,learn/windows-ce-5.0,learn/windows-ce-net-4x	Winscard.h.,Winscard.h	scard_atrmask,scard_io_request,scard_readerstate,scardbegintransaction,scardcancel,scardconnect,scardcontrol,scarddisconnect,scardendtransaction,scardestablishcontext,scardforgetcardtype,scardforgetreader,scardfreememory,scardgetattrib,scardgetcardtypeprovidername,scardgetproviderid,scardgetstatuschange,scardintroducecardtype,scardintroducereader,scardisvalidcontext,scardlistcards,scardlistinterfaces,scardlistreaders,scardlocatecards,scardlocatecardsbyatr,scardreconnect,scardreleasecontext,scardsetattrib,scardsetcardtypeprovidername,scardstatus,scardtransmit
Winsmcrd.h	11	learn/windows-ce-5.0,learn/windows-ce-net-4x	Winsmcrd.h.	ioctl_smartcard_cancel_blocking,ioctl_smartcard_eject,ioctl_smartcard_get_attribute,ioctl_smartcard_get_state,ioctl_smartcard_is_absent,ioctl_smartcard_is_present,ioctl_smartcard_power,ioctl_smartcard_set_attribute,ioctl_smartcard_set_protocol,ioctl_smartcard_swallow,ioctl_smartcard_transmit
Winsock.h	41	chm/windows-ce-3.0,msdn-library/techshelps/CEGUIDE/devdoc/good/wince,msdn-library/wcedevcon-99/wcesdkr,win32/api/mswsock,win32/api/winsock,win32/api/winsock2,win32/api/wsipv6ok	Winsock.h	accept,bind,ceblob,closesocket,connect,fd_set,gethostbyaddr,gethostbyname,gethostname,getpeername,getsockname,getsockopt,hostent,htonl,htons,in_addr,inet_addr,inet_ntoa,ioctlsocket,linger,listen,ntohl,ntohs,recv,recvfrom,select,send,sendto,setsockopt,shutdown,sockaddr,sockaddr_in,sockaddr_irda,socket,transmit_file_buffers,wsacleanup,wsadata,wsagetlasterror,wsaioctl,wsasetlasterror,wsastartup
Winsock2.h	97	chm/windows-ce-5.0/wcebluetooth5/html,learn/windows-ce-5.0,learn/windows-ce-net-4x,win32/api/nspapi,win32/api/winsock,win32/api/winsock2,win32/api/ws2def,win32/api/wsipv6ok,win32/api/wtypesbase	Winsock2.h.,Winsock2.h	accept,afprotocols,bind,blob,closesocket,connect,csaddr_info,fd_set,gethostbyaddr,gethostbyname,gethostname,getpeername,getsockname,getsockopt,hostent,htonl,htons,in_addr,inet_addr,inet_ntoa,ioctlsocket,linger,listen,ns_service_info,ntohl,ntohs,protocol_info,protoent,recv,recvfrom,scope_level,select,send,sendto,servent,service_address,service_addresses,service_info,service_type_info_abs,service_type_value_abs,sethostname,setsockopt,shutdown,sockaddr,sockaddr_in,sockaddr_irda,sockaddr_storage,socket,socket_address,timeval,transmit_file_buffers,wsaaccept,wsaaddresstostring,wsaasyncselect,wsabuf,wsacleanup,wsacloseevent,wsacompletion,wsaconnect,wsacreateevent,wsadata,wsaecomparator,wsaenumnamespaceproviders,wsaenumnetworkevents,wsaenumprotocols,wsaeventselect,wsagetlasterror,wsagetoverlappedresult,wsahtonl,wsahtons,wsaioctl,wsajoinleaf,wsalookupservicebegin,wsalookupserviceend,wsalookupservicenext,wsanamespace_info,wsanetworkevents,wsanspioctl,wsantohl,wsantohs,wsaoverlapped,wsaprotocol_info,wsaprotocolchain,wsaqueryset,wsarecv,wsarecvfrom,wsaresetevent,wsasend,wsasendto,wsaserviceclassinfo,wsasetevent,wsasetlasterror,wsasetservice,wsasocket,wsastartup,wsastringtoaddress,wsawaitformultipleevents
Winsock2.h, Ws2bth.h	2	chm/windows-ce-5.0/wcebluetooth5/html,learn/windows-ce-5.0	Winsock2.h, Ws2bth.h.	getsockopt,setsockopt
Winuser.h	508	chm/windows-ce-3.0,chm/windows-ce-5.0/wceaccess5/html,chm/windows-ce-5.0/wcecore5/html,chm/windows-ce-5.0/wcedialup5/html,chm/windows-ce-5.0/wcefonts5/html,chm/windows-ce-5.0/wcemouse5/html,chm/windows-ce-5.0/wceui5/html,learn/windows-ce-5.0,learn/windows-ce-net-4x,msdn-library/techshelps/CEGUIDE/devdoc/good/wince,msdn-library/wcedevcon-99/wceppc,msdn-library/wcedevcon-99/wcesdkr,win32/api/richedit,win32/api/winuser	Winuser.h,Winuser.h.	accel,accesstimeout,activatekeyboardlayout,adjustwindowrectex,appendmenu,begindeferwindowpos,beginpaint,bm_click,bm_getcheck,bm_getstate,bm_setcheck,bm_setstate,bm_setstyle,bn_clicked,bn_killfocus,bn_paint,bn_setfocus,bringwindowtotop,callwindowproc,cb_addstring,cb_deletestring,cb_findstring,cb_findstringexact,cb_getcomboboxinfo,cb_getcount,cb_getcursel,cb_getdroppedcontrolrect,cb_getdroppedstate,cb_getdroppedwidth,cb_geteditsel,cb_getextendedui,cb_gethorizontalextent,cb_getitemdata,cb_getitemheight,cb_getlbtext,cb_getlbtextlen,cb_getlocale,cb_gettopindex,cb_initstorage,cb_insertstring,cb_limittext,cb_resetcontent,cb_selectstring,cb_setcursel,cb_setdroppedwidth,cb_seteditsel,cb_setextendedui,cb_sethorizontalextent,cb_setitemdata,cb_setitemheight,cb_setlocale,cb_settopindex,cb_showdropdown,cbn_closeup,cbn_dblclk,cbn_dropdown,cbn_editchange,cbn_editupdate,cbn_errspace,cbn_killfocus,cbn_selchange,cbn_selendcancel,cbn_selendok,cbn_setfocus,cdm_setdefext,checkmenuitem,checkmenuradioitem,checkradiobutton,childwindowfrompoint,clienttoscreen,clipcursor,closeclipboard,comboboxinfo,copydatastruct,copyrect,countclipboardformats,createacceleratortable,createcaret,createcursor,createdialog,createdialogindirect,createdialogindirectparam,createdialogparam,createiconindirect,createmenu,createpopupmenu,createstruct,createwindow,createwindowex,defdlgproc,deferwindowpos,defwindowproc,deleteitemstruct,deletemenu,destroyacceleratortable,destroycaret,destroycursor,destroyicon,destroymenu,destroywindow,dialogbox,dialogboxindirect,dialogboxindirectparam,dialogboxparam,dispatchmessage,dlgitemtemplate,dlgtemplate,dlgtemplateex,dm_getdefid,dm_setdefid,drawframecontrol,drawicon,drawiconex,drawitemstruct,drawmenubar,drawtext,em_canundo,em_charfrompos,em_emptyundobuffer,em_fmtlines,em_getfirstvisibleline,em_getlimittext,em_getline,em_getlinecount,em_getmargins,em_getmodify,em_getpasswordchar,em_getrect,em_getsel,em_limittext,em_linefromchar,em_lineindex,em_linelength,em_linescroll,em_posfromchar,em_replacesel,em_scroll,em_scrollcaret,em_setlimittext,em_setmargins,em_setmodify,em_setpasswordchar,em_setreadonly,em_setrect,em_setrectnp,em_setsel,em_settabstops,em_undo,emptyclipboard,en_change,en_errspace,en_hscroll,en_killfocus,en_maxtext,en_setfocus,en_update,en_vscroll,enablehardwarekeyboard,enablemenuitem,enablewindow,enddeferwindowpos,enddialog,endpaint,enumclipboardformats,enumdisplaymonitors,enumwindows,enumwindowsproc,equalrect,extracticon,findwindow,getactivewindow,getasynckeystate,getcapture,getcaretblinktime,getcaretpos,getclassinfo,getclasslong,getclassname,getclientrect,getclipboarddata,getclipboarddataalloc,getclipboardformatname,getclipboardowner,getclipcursor,getcursor,getcursorpos,getdc,getdcex,getdesktopwindow,getdialogbaseunits,getdlgctrlid,getdlgitem,getdlgitemint,getdlgitemtext,getdoubleclicktime,getfocus,getforegroundwindow,geticoninfo,getkeyboardlayout,getkeyboardlayoutlist,getkeyboardlayoutname,getkeyboardstatus,getkeyboardtype,getkeystate,getmenuiteminfo,getmessage,getmessagepos,getmessagesource,getmonitorinfo,getmousemovepoints,getnextdlggroupitem,getnextdlgtabitem,getopenclipboardwindow,getparent,getpriorityclipboardformat,getqueuestatus,getscrollinfo,getsubmenu,getsyscolor,getsystemmenu,getsystemmetrics,getupdaterect,getupdatergn,getwindow,getwindowdc,getwindowlong,getwindowrect,getwindowrgn,getwindowtext,getwindowtextlength,getwindowthreadprocessid,hidecaret,highcontrast,iconinfo,inflaterect,input,insendmessage,insertmenu,intersectrect,invalidaterect,ischild,isclipboardformatavailable,isdialogmessage,isrectempty,iswindow,iswindowenabled,iswindowvisible,keybd_event,keybdinput,killtimer,lb_addstring,lb_deletestring,lb_findstring,lb_findstringexact,lb_getanchorindex,lb_getcaretindex,lb_getcount,lb_getcursel,lb_gethorizontalextent,lb_getitemdata,lb_getitemheight,lb_getitemrect,lb_getlocale,lb_getsel,lb_getselcount,lb_getselitems,lb_gettext,lb_gettextlen,lb_gettopindex,lb_initstorage,lb_insertstring,lb_itemfrompoint,lb_resetcontent,lb_selectstring,lb_selitemrange,lb_selitemrangeex,lb_setanchorindex,lb_setcaretindex,lb_setcolumnwidth,lb_setcursel,lb_sethorizontalextent,lb_setitemdata,lb_setitemheight,lb_setlocale,lb_setsel,lb_settabstops,lb_settopindex,lbn_dblclk,lbn_errspace,lbn_killfocus,lbn_selcancel,lbn_selchange,lbn_setfocus,loadaccelerators,loadbitmap,loadcursor,loadicon,loadimage,loadkeyboardlayout,loadmenu,loadstring,makeintresource,makelparam,makelresult,makewparam,mapdialogrect,mapvirtualkey,mapwindowpoints,measureitemstruct,menuiteminfo,messagebeep,messagebox,metafilepict,monitorenumproc,monitorfrompoint,monitorfromrect,monitorfromwindow,monitorinfo,monitorinfoex,mouse_event,mouseinput,mousekeys,movewindow,msg,msgwaitformultipleobjects,msgwaitformultipleobjectsex,nmhdr,offsetrect,openclipboard,paintstruct,peekmessage,pointstopoint,postkeybdmessage,postmessage,postquitmessage,postthreadmessage,ptinrect,registerclass,registerclipboardformat,registerhotkey,registerwindowmessage,releasecapture,releasedc,removemenu,sbm_getpos,sbm_getrange,sbm_getscrollinfo,sbm_setpos,sbm_setrange,sbm_setrangeredraw,sbm_setscrollinfo,screentoclient,scrolldc,scrollinfo,scrollwindowex,senddlgitemmessage,sendinput,sendmessage,sendnotifymessage,setactivewindow,setcapture,setcaretblinktime,setcaretpos,setclasslong,setclipboarddata,setcursor,setcursorpos,setdlgitemint,setdlgitemtext,setdlgmsgresult,setfocus,setforegroundwindow,setmenuiteminfo,setparent,setrect,setrectempty,setscrollinfo,setscrollpos,setscrollrange,setsyscolors,settimer,setwindowlong,setwindowpos,setwindowrgn,setwindowtext,shloaddibitmap,showcaret,showcursor,showwindow,soundsentry,stickykeys,stm_getimage,stm_setimage,stn_clicked,stn_disable,stn_enable,stylestruct,subtractrect,systemidletimerreset,systemparametersinfo,timerproc,tlsalloc,togglekeys,tpmparams,trackpopupmenu,trackpopupmenuex,translateaccelerator,translatemessage,unionrect,unregisterclass,unregisterhotkey,updatewindow,validaterect,windowfrompoint,windowpos,windowproc,winmain,wm_activate,wm_app,wm_cancelmode,wm_capturechanged,wm_char,wm_chartoitem,wm_clear,wm_close,wm_command,wm_compareitem,wm_contextmenu,wm_copy,wm_copydata,wm_create,wm_ctlcolorbtn,wm_ctlcolordlg,wm_ctlcoloredit,wm_ctlcolorlistbox,wm_ctlcolormsgbox,wm_ctlcolorscrollbar,wm_ctlcolorstatic,wm_cut,wm_dbnotification,wm_deadchar,wm_deleteitem,wm_destroy,wm_destroyclipboard,wm_drawitem,wm_enable,wm_entermenuloop,wm_erasebkgnd,wm_exitmenuloop,wm_fontchange,wm_getdlgcode,wm_getfont,wm_geticon,wm_gettext,wm_gettextlength,wm_help,wm_hibernate,wm_hotkey,wm_hscroll,wm_im_info,wm_in_info,wm_initdialog,wm_initmenupopup,wm_keydown,wm_keyfirst,wm_keylast,wm_keyup,wm_killfocus,wm_lbuttondblclk,wm_lbuttondown,wm_lbuttonup,wm_measureitem,wm_menuchar,wm_mousemove,wm_move,wm_nextdlgctl,wm_notify,wm_paint,wm_palettechanged,wm_paste,wm_querynewpalette,wm_quit,wm_rasdialevent,wm_renderallformats,wm_renderformat,wm_setcursor,wm_setfocus,wm_setfont,wm_seticon,wm_setredraw,wm_settext,wm_settingchange,wm_size,wm_stylechanged,wm_syschar,wm_syscolorchange,wm_syscommand,wm_sysdeadchar,wm_syskeydown,wm_syskeyup,wm_timer,wm_undo,wm_user,wm_vkeytoitem,wm_vscroll,wm_windowposchanged,wm_wininichange,wndclass
Winuser.h Rapi.h	4	msdn-library/wcedevcon-99/wcesdkr	Winuser.h Rapi.h	getclassname,getsystemmetrics,getwindowlong,getwindowtext
Ws2bth.h	9	chm/windows-ce-5.0/wcebluetooth5/html,learn/windows-ce-5.0,learn/windows-ce-net-4x	Ws2bth.h.	bth_hold_mode,bth_local_version,bth_park_mode,bth_remote_name,bth_remote_version,bth_sniff_mode,bth_sockopt_security,bthinquiryresult,sockaddr_bth
Ws2ipdef.h	3	win32/api/in6addr,win32/api/winsock	Ws2ipdef.h	in6_addr,sockaddr,sockaddr_in
Ws2spi.h	56	learn/windows-ce-5.0	Ws2spi.h.	nsp_routine,nspcleanup,nspgetserviceclassinfo,nspinstallserviceclass,nsplookupservicebegin,nsplookupserviceend,nsplookupservicenext,nspremoveserviceclass,nspsetservice,nspstartup,wpucloseevent,wpuclosesockethandle,wpucompleteoverlappedrequest,wpucreateevent,wpucreatesockethandle,wpufdisset,wpugetproviderpath,wpuqueryblockingcallback,wpuquerysockethandlecontext,wpuresetevent,wpusetevent,wsathreadid,wscenumprotocols,wscinstallnamespace,wscinstallprovider,wscuninstallnamespace,wspaccept,wspaddresstostring,wspasyncselect,wspbind,wspcleanup,wspclosesocket,wspconnect,wspdata,wspduplicatesocket,wspenumnetworkevents,wspeventselect,wspgetoverlappedresult,wspgetpeername,wspgetsockname,wspgetsockopt,wspioctl,wspjoinleaf,wsplisten,wsprecv,wsprecvdisconnect,wsprecvfrom,wspselect,wspsend,wspsenddisconnect,wspsendto,wspsetsockopt,wspshutdown,wspsocket,wspstartup,wspstringtoaddress
Ws2tcpip.h	6	learn/windows-ce-5.0,learn/windows-ce-net-4x	Ws2tcpip.h.	addrinfo,freeaddrinfo,getaddrinfo,getnameinfo,in6_addr,sockaddr_in6
Wsdapi.h	219	win32/api/wsdattachment,win32/api/wsdbase,win32/api/wsdclient,win32/api/wsddisco,win32/api/wsdhost,win32/api/wsdtypes,win32/api/wsdutil,win32/api/wsdxml	Wsdapi.h	iwsdaddressdeserialize,iwsdaddressserialize,iwsdasynccallbackasyncoperationcomplete,iwsdasyncresultabort,iwsdasyncresultgetasyncstate,iwsdasyncresultgetendpointproxy,iwsdasyncresultgetevent,iwsdasyncresulthascompleted,iwsdasyncresultsetcallback,iwsdasyncresultsetwaithandle,iwsdattachment,iwsddevicehostadddynamicservice,iwsddevicehostinit,iwsddevicehostnotifygetservice,iwsddevicehostregisterporttype,iwsddevicehostregisterservice,iwsddevicehostremovedynamicservice,iwsddevicehostretireservice,iwsddevicehostsetmetadata,iwsddevicehostsetservicediscoverable,iwsddevicehostsignalevent,iwsddevicehoststart,iwsddevicehoststop,iwsddevicehostterminate,iwsddeviceproxybegingetmetadata,iwsddeviceproxyendgetmetadata,iwsddeviceproxygetallmetadata,iwsddeviceproxygetendpointproxy,iwsddeviceproxygethostmetadata,iwsddeviceproxygetserviceproxybyid,iwsddeviceproxygetserviceproxybytype,iwsddeviceproxygetthisdevicemetadata,iwsddeviceproxygetthismodelmetadata,iwsddeviceproxyinit,iwsdendpointproxyabortasyncoperation,iwsdendpointproxygeterrorinfo,iwsdendpointproxygetfaultinfo,iwsdendpointproxyprocessfault,iwsdendpointproxysendonewayrequest,iwsdendpointproxysendtwowayrequest,iwsdendpointproxysendtwowayrequestasync,iwsdeventingstatussubscriptionended,iwsdeventingstatussubscriptionrenewalfailed,iwsdeventingstatussubscriptionrenewed,iwsdhttpaddressgetpath,iwsdhttpaddressgetsecure,iwsdhttpaddresssetpath,iwsdhttpaddresssetsecure,iwsdhttpmessageparametersclear,iwsdhttpmessageparametersgetcontext,iwsdhttpmessageparametersgetid,iwsdhttpmessageparametersgetinboundhttpheaders,iwsdhttpmessageparametersgetoutboundhttpheaders,iwsdhttpmessageparameterssetcontext,iwsdhttpmessageparameterssetid,iwsdhttpmessageparameterssetinboundhttpheaders,iwsdhttpmessageparameterssetoutboundhttpheaders,iwsdinboundattachmentclose,iwsdinboundattachmentread,iwsdiscoveredservicegetendpointreference,iwsdiscoveredservicegetextendeddiscoxml,iwsdiscoveredservicegetinstanceid,iwsdiscoveredservicegetlocalinterfaceguid,iwsdiscoveredservicegetlocaltransportaddress,iwsdiscoveredservicegetmetadataversion,iwsdiscoveredservicegetproberesolvetag,iwsdiscoveredservicegetremotetransportaddress,iwsdiscoveredservicegetscopes,iwsdiscoveredservicegettypes,iwsdiscoveredservicegetxaddrs,iwsdiscoveryproviderattach,iwsdiscoveryproviderdetach,iwsdiscoveryprovidergetxmlcontext,iwsdiscoveryprovidernotifyadd,iwsdiscoveryprovidernotifyremove,iwsdiscoveryprovidernotifysearchcomplete,iwsdiscoveryprovidernotifysearchfailed,iwsdiscoveryprovidersearchbyaddress,iwsdiscoveryprovidersearchbyid,iwsdiscoveryprovidersearchbytype,iwsdiscoverypublishergetxmlcontext,iwsdiscoverypublishermatchprobe,iwsdiscoverypublishermatchprobeex,iwsdiscoverypublishermatchresolve,iwsdiscoverypublishermatchresolveex,iwsdiscoverypublishernotifyprobehandler,iwsdiscoverypublishernotifyresolvehandler,iwsdiscoverypublisherpublish,iwsdiscoverypublisherpublishex,iwsdiscoverypublisherregisternotificationsink,iwsdiscoverypublisherregisterscopematchingrule,iwsdiscoverypublishersetaddressfamily,iwsdiscoverypublisherunpublish,iwsdiscoverypublisherunregisternotificationsink,iwsdiscoverypublisherunregisterscopematchingrule,iwsdmessageparametersgetlocaladdress,iwsdmessageparametersgetlowerparameters,iwsdmessageparametersgetremoteaddress,iwsdmessageparameterssetlocaladdress,iwsdmessageparameterssetremoteaddress,iwsdmetadataexchangegetmetadata,iwsdoutboundattachmentabort,iwsdoutboundattachmentclose,iwsdoutboundattachmentwrite,iwsdscopematchingrulegetscoperule,iwsdscopematchingrulematchscopes,iwsdservicemessagingfaultrequest,iwsdservicemessagingsendresponse,iwsdserviceproxybegingetmetadata,iwsdserviceproxyendgetmetadata,iwsdserviceproxygetendpointproxy,iwsdserviceproxygetservicemetadata,iwsdserviceproxyseteventingstatuscallback,iwsdserviceproxysubscribetooperation,iwsdserviceproxyunsubscribetooperation,iwsdtransportaddressgetport,iwsdtransportaddressgettransportaddress,iwsdtransportaddressgettransportaddressex,iwsdtransportaddresssetport,iwsdtransportaddresssettransportaddress,iwsdudpaddressgetalias,iwsdudpaddressgetexclusive,iwsdudpaddressgetmessagetype,iwsdudpaddressgetsockaddr,iwsdudpaddressgetttl,iwsdudpaddresssetalias,iwsdudpaddresssetexclusive,iwsdudpaddresssetmessagetype,iwsdudpaddresssetsockaddr,iwsdudpaddresssetttl,iwsdxmlcontextaddnamespace,iwsdxmlcontextaddnametonamespace,iwsdxmlcontextsetnamespaces,iwsdxmlcontextsettypes,pwsd_soap_message_handler,requestbody_getstatus,requestbody_renew,requestbody_subscribe,requestbody_unsubscribe,responsebody_getmetadata,responsebody_getstatus,responsebody_renew,responsebody_subscribe,responsebody_subscriptionend,wsd_app_sequence,wsd_bye,wsd_datetime,wsd_duration,wsd_endpoint_reference_list,wsd_event,wsd_eventing_delivery_mode,wsd_eventing_delivery_mode_push,wsd_eventing_expires,wsd_eventing_filter,wsd_eventing_filter_action,wsd_handler_context,wsd_header_relatesto,wsd_hello,wsd_host_metadata,wsd_localized_string,wsd_localized_string_list,wsd_metadata_section,wsd_metadata_section_list,wsd_name_list,wsd_operation,wsd_port_type,wsd_probe,wsd_probe_match,wsd_probe_match_list,wsd_probe_matches,wsd_protocol_type,wsd_reference_parameters,wsd_reference_properties,wsd_relationship_metadata,wsd_resolve,wsd_resolve_match,wsd_resolve_matches,wsd_scopes,wsd_service_metadata,wsd_service_metadata_list,wsd_soap_fault,wsd_soap_fault_code,wsd_soap_fault_reason,wsd_soap_fault_subcode,wsd_soap_header,wsd_soap_message,wsd_stub_function,wsd_synchronous_response_context,wsd_this_device_metadata,wsd_this_model_metadata,wsd_unknown_lookup,wsd_uri_list,wsdallocatelinkedmemory,wsdattachlinkedmemory,wsdcreatedevicehost,wsdcreatedevicehostadvanced,wsdcreatedeviceproxy,wsdcreatedeviceproxyadvanced,wsdcreatediscoveryprovider,wsdcreatediscoverypublisher,wsdcreatehttpaddress,wsdcreatehttpmessageparameters,wsdcreateoutboundattachment,wsdcreateudpaddress,wsdcreateudpmessageparameters,wsddetachlinkedmemory,wsdeventtype,wsdfreelinkedmemory,wsdgeneratefault,wsdgeneratefaultex,wsdgetconfigurationoption,wsdsetconfigurationoption,wsdudpmessagetype,wsdudpretransmitparams,wsdxmladdchild,wsdxmladdsibling,wsdxmlbuildanyforsingleelement,wsdxmlcleanupelement,wsdxmlgetvaluefromany
Wsk.h	2	win32/api/ws2def	Wsk.h	sockaddr,sockaddr_in
Wtype.h	1	chm/windows-ce-3.0,msdn-library/wcedevcon-99/wcesdkr	Wtype.h	ularge_integer
Wtypes.h	8	chm/windows-ce-3.0,chm/windows-ce-5.0/wcedcom5/html,learn/windows-ce-5.0,learn/windows-ce-net-4x,msdn-library/wcedevcon-99/wcesdkr,win32/api/nspapi,win32/api/winsock2,win32/api/wtypesbase	Wtypes.h.,Wtypes.h	blob,clsctx,coauthidentity,coauthinfo,coserverinfo,currency,dvaspect,stgc
Wzcsapi.h	15	learn/windows-ce-5.0,learn/windows-ce-net-4x	Wzcsapi.h.	intf_entry,intf_key_entry,intfs_key_table,wzc_802_11_config_list,wzc_context,wzc_eapol_params,wzc_wlan_config,wzcdeleteintfobj,wzcenuminterfaces,wzcpassword2key,wzcquerycontext,wzcqueryinterface,wzcrefreshinterface,wzcsetcontext,wzcsetinterface
XRDelegate.h	2	learn/windows-embedded-ce-6.0	XRDelegate.h	createdelegate,ixrdelegateargtypeinvoke
XRPtr.h	3	learn/windows-embedded-ce-6.0	XRPtr.h	xrptrinterfaceaddref,xrptrinterfacedetach,xrptrinterfacerelease
XamlRuntime.h	889	learn/windows-embedded-ce-6.0	XamlRuntime.h	define_xr_iid,define_xr_iid2,freexrvalue,getxrapplicationinstance,ixrapplicationaddresourcemodule,ixrapplicationcreatehostfromelementtree,ixrapplicationcreatehostfromxaml,ixrapplicationcreateobject,ixrapplicationgetresourcedictionary,ixrapplicationloadimagefromfile,ixrapplicationloadimagefromresource,ixrapplicationloadresourcedictionary,ixrapplicationparsexaml,ixrapplicationparsexamlwithexistingroot,ixrapplicationregisterattachedproperty,ixrapplicationregistercontrol,ixrapplicationregisterdependencyproperty,ixrapplicationregisterresourcemanager,ixrapplicationremoveresourcemodule,ixrapplicationstartprocessing,ixrapplicationstopprocessing,ixrarcsegmentgetislargearc,ixrarcsegmentgetpoint,ixrarcsegmentgetrotationangle,ixrarcsegmentgetsize,ixrarcsegmentgetsweepdirection,ixrarcsegmentsetislargearc,ixrarcsegmentsetpoint,ixrarcsegmentsetrotationangle,ixrarcsegmentsetsize,ixrarcsegmentsetsweepdirection,ixrbeginstoryboardgetstoryboard,ixrbeginstoryboardsetstoryboard,ixrbeziersegmentgetpoint1,ixrbeziersegmentgetpoint2,ixrbeziersegmentgetpoint3,ixrbeziersegmentsetpoint1,ixrbeziersegmentsetpoint2,ixrbeziersegmentsetpoint3,ixrbitmapcachegetrenderatscale,ixrbitmapcachesetrenderatscale,ixrbitmapimagegeturisource,ixrbitmapimagesetbitmapsource,ixrbitmapimageseturisource,ixrbordergetbackground,ixrbordergetborderbrush,ixrbordergetborderthickness,ixrbordergetchild,ixrbordergetcornerradius,ixrbordergetpadding,ixrbordersetbackground,ixrbordersetborderbrush,ixrbordersetborderthickness,ixrbordersetchild,ixrbordersetcornerradius,ixrbordersetpadding,ixrbrushgetopacity,ixrbrushgetrelativetransform,ixrbrushgettransform,ixrbrushsetopacity,ixrbrushsetrelativetransform,ixrbrushsettransform,ixrbutton,ixrbuttonbaseaddclickeventhandler,ixrbuttonbasegetclickmode,ixrbuttonbasegetisfocused,ixrbuttonbasegetismouseover,ixrbuttonbasegetispressed,ixrbuttonbaseremoveclickeventhandler,ixrbuttonbasesetclickmode,ixrcachemode,ixrcanvas,ixrcheckbox,ixrcollectionin_tout_tadd,ixrcollectionin_tout_tclear,ixrcollectionin_tout_tcontains,ixrcollectionin_tout_tgetcount,ixrcollectionin_tout_tgetitem,ixrcollectionin_tout_tindexof,ixrcollectionin_tout_tinsert,ixrcollectionin_tout_tremove,ixrcollectionin_tout_tremoveat,ixrcoloranimationgetby,ixrcoloranimationgetfrom,ixrcoloranimationgetto,ixrcoloranimationsetby,ixrcoloranimationsetfrom,ixrcoloranimationsetto,ixrcoloranimationusingkeyframesgetkeyframes,ixrcolorkeyframecollection,ixrcolorkeyframegetkeytime,ixrcolorkeyframegetvalue,ixrcolorkeyframesetkeytime,ixrcolorkeyframesetvalue,ixrcolumndefinitioncollection,ixrcolumndefinitiongetactualwidth,ixrcolumndefinitiongetmaxwidth,ixrcolumndefinitiongetminwidth,ixrcolumndefinitiongetwidth,ixrcolumndefinitionsetmaxwidth,ixrcolumndefinitionsetminwidth,ixrcolumndefinitionsetwidth,ixrcomboboxadddropdownclosedhandler,ixrcomboboxadddropdownopenedhandler,ixrcomboboxgetisdropdownopen,ixrcomboboxgetiseditable,ixrcomboboxgetisselectionboxhighlighted,ixrcomboboxgetitemcontainerstyle,ixrcomboboxgetmaxdropdownheight,ixrcomboboxgetselectionboxitem,ixrcomboboxitem,ixrcomboboxremoveddropdownopenedhandler,ixrcomboboxremovedropdownclosedhandler,ixrcomboboxsetisdropdownopen,ixrcomboboxsetitemcontainerstyle,ixrcomboboxsetmaxdropdownheight,ixrcontentcontrolgetcontent,ixrcontentcontrolsetcontent,ixrcontentpresentergetcontent,ixrcontentpresentersetcontent,ixrcontroladdisenabledchangedeventhandler,ixrcontrolfocus,ixrcontrolgetbackground,ixrcontrolgetborderbrush,ixrcontrolgetborderthickness,ixrcontrolgetfontfamily,ixrcontrolgetfontsize,ixrcontrolgetfontstretch,ixrcontrolgetfontstyle,ixrcontrolgetfontweight,ixrcontrolgetforeground,ixrcontrolgethorizontalcontentalignment,ixrcontrolgetisenabled,ixrcontrolgetistabstop,ixrcontrolgetpadding,ixrcontrolgettabindex,ixrcontrolgettabnavigation,ixrcontrolgettemplate,ixrcontrolgetverticalcontentalignment,ixrcontrolgotovisualstate,ixrcontrolremoveisenabledchangedeventhandler,ixrcontrolsetbackground,ixrcontrolsetborderbrush,ixrcontrolsetborderthickness,ixrcontrolsetfontfamily,ixrcontrolsetfontsize,ixrcontrolsetfontstretch,ixrcontrolsetfontstyle,ixrcontrolsetfontweight,ixrcontrolsetforeground,ixrcontrolsethorizontalcontentalignment,ixrcontrolsetisenabled,ixrcontrolsetistabstop,ixrcontrolsetpadding,ixrcontrolsettabindex,ixrcontrolsettabnavigation,ixrcontrolsettemplate,ixrcontrolsetverticalcontentalignment,ixrcontroltemplategettargettype,ixrcontroltemplatesettargettype,ixrcustomusercontrolbasegetpropertyvalue,ixrcustomusercontrolbasesetpropertyvalue,ixrcustomusercontrolgetxrobject,ixrdependencyobjectgetattachedproperty,ixrdependencyobjectgetname,ixrdependencyobjectsetattachedproperty,ixrdependencyobjectsetname,ixrdiscretecolorkeyframe,ixrdiscretedoublekeyframe,ixrdiscreteobjectkeyframe,ixrdiscretepointkeyframe,ixrdoubleanimationgetby,ixrdoubleanimationgetfrom,ixrdoubleanimationgetto,ixrdoubleanimationsetby,ixrdoubleanimationsetfrom,ixrdoubleanimationsetto,ixrdoubleanimationusingkeyframesgetkeyframes,ixrdoublecollection,ixrdoublekeyframecollection,ixrdoublekeyframegetkeytime,ixrdoublekeyframegetvalue,ixrdoublekeyframesetkeytime,ixrdoublekeyframesetvalue,ixrdrawingattributesgetcolor,ixrdrawingattributesgetheight,ixrdrawingattributesgetoutlinecolor,ixrdrawingattributesgetwidth,ixrdrawingattributessetcolor,ixrdrawingattributessetheight,ixrdrawingattributessetoutlinecolor,ixrdrawingattributessetwidth,ixrellipse,ixrellipsegeometrygetcenter,ixrellipsegeometrygetradiusx,ixrellipsegeometrygetradiusy,ixrellipsegeometrysetcenter,ixrellipsegeometrysetradiusx,ixrellipsegeometrysetradiusy,ixreventtriggergetactions,ixreventtriggergetroutedevent,ixreventtriggersetroutedevent,ixrframeworkelementaddloadedeventhandler,ixrframeworkelementaddsizechangedeventhandler,ixrframeworkelementfindname,ixrframeworkelementgetactualheight,ixrframeworkelementgetactualwidth,ixrframeworkelementgetactualx,ixrframeworkelementgetactualy,ixrframeworkelementgetheight,ixrframeworkelementgethorizontalalignment,ixrframeworkelementgetmargin,ixrframeworkelementgetmaxheight,ixrframeworkelementgetmaxwidth,ixrframeworkelementgetminheight,ixrframeworkelementgetminwidth,ixrframeworkelementgetparent,ixrframeworkelementgetresources,ixrframeworkelementgetstyle,ixrframeworkelementgettag,ixrframeworkelementgettriggers,ixrframeworkelementgetverticalalignment,ixrframeworkelementgetwidth,ixrframeworkelementremoveloadedeventhandler,ixrframeworkelementremovesizechangedeventhandler,ixrframeworkelementsetheight,ixrframeworkelementsethorizontalalignment,ixrframeworkelementsetmargin,ixrframeworkelementsetmaxheight,ixrframeworkelementsetmaxwidth,ixrframeworkelementsetminheight,ixrframeworkelementsetminwidth,ixrframeworkelementsetstyle,ixrframeworkelementsettag,ixrframeworkelementsetverticalalignment,ixrframeworkelementsetwidth,ixrframeworktemplate,ixrgeneraltransformtransform,ixrgeometrycollection,ixrgeometrygetbounds,ixrgeometrygettransform,ixrgeometrygroupgetchildren,ixrgeometrygroupgetfillrule,ixrgeometrygroupsetchildren,ixrgeometrygroupsetfillrule,ixrgeometrysettransform,ixrglyphsgetfill,ixrglyphsgetfontrenderingemsize,ixrglyphsgetfonturi,ixrglyphsgetindices,ixrglyphsgetoriginx,ixrglyphsgetoriginy,ixrglyphsgetstylesimulations,ixrglyphsgetunicodestring,ixrglyphssetfill,ixrglyphssetfontrenderingemsize,ixrglyphssetfonturi,ixrglyphssetindices,ixrglyphssetoriginx,ixrglyphssetoriginy,ixrglyphssetstylesimulations,ixrglyphssetunicodestring,ixrgradientbrushgetcolorinterpolationmode,ixrgradientbrushgetgradientstops,ixrgradientbrushgetmappingmode,ixrgradientbrushgetspreadmethod,ixrgradientbrushsetcolorinterpolationmode,ixrgradientbrushsetgradientstops,ixrgradientbrushsetmappingmode,ixrgradientbrushsetspreadmethod,ixrgradientstopcollection,ixrgradientstopgetcolor,ixrgradientstopgetoffset,ixrgradientstopsetcolor,ixrgradientstopsetoffset,ixrgridgetcolumndefinitions,ixrgridgetrowdefinitions,ixrgridgetshowgridlines,ixrgridsetshowgridlines,ixrhittestresultsgetcount,ixrhittestresultsgetitem,ixrimageaddimagefailedeventhandler,ixrimagebrushaddimagefailedeventhandler,ixrimagebrushgetimagesource,ixrimagebrushremoveimagefailedeventhandler,ixrimagebrushsetimagesource,ixrimagegetsource,ixrimagegetstretch,ixrimageremoveimagefailedeventhandler,ixrimagesetsource,ixrimagesetstretch,ixrimagesource,ixrinkpresentergetstrokes,ixrinkpresentersetstrokes,ixrinlinecollection,ixrinlinegetfontfamily,ixrinlinegetfontsize,ixrinlinegetfontstretch,ixrinlinegetfontstyle,ixrinlinegetfontweight,ixrinlinegetforeground,ixrinlinegettextdecoration,ixrinlinesetfontfamily,ixrinlinesetfontsize,ixrinlinesetfontstretch,ixrinlinesetfontstyle,ixrinlinesetfontweight,ixrinlinesetforeground,ixrinlinesettextdecoration,ixritemcollection,ixritemscontrolgetitems,ixritemscontrolgetitemspanel,ixritemscontrolsetitemspanel,ixritemspaneltemplate,ixritemspresenter,ixrkeysplinegetcontrolpoint1,ixrkeysplinegetcontrolpoint2,ixrkeysplinesetcontrolpoint1,ixrkeysplinesetcontrolpoint2,ixrlinearcolorkeyframe,ixrlineardoublekeyframe,ixrlineargradientbrushgetendpoint,ixrlineargradientbrushgetstartpoint,ixrlineargradientbrushsetendpoint,ixrlineargradientbrushsetstartpoint,ixrlinearpointkeyframe,ixrlinebreak,ixrlinegeometrygetendpoint,ixrlinegeometrygetstartpoint,ixrlinegeometrysetendpoint,ixrlinegeometrysetstartpoint,ixrlinegetx1,ixrlinegetx2,ixrlinegety1,ixrlinegety2,ixrlinesegmentgetpoint,ixrlinesegmentsetpoint,ixrlinesetx1,ixrlinesetx2,ixrlinesety1,ixrlinesety2,ixrlistboxgetitemcontainerstyle,ixrlistboxitemgetisselected,ixrlistboxitemsetisselected,ixrlistboxscrollintoview,ixrlistboxsetitemcontainerstyle,ixrmatrixgetm11,ixrmatrixgetm12,ixrmatrixgetm21,ixrmatrixgetm22,ixrmatrixgetoffsetx,ixrmatrixgetoffsety,ixrmatrixsetm11,ixrmatrixsetm12,ixrmatrixsetm21,ixrmatrixsetm22,ixrmatrixsetoffsetx,ixrmatrixsetoffsety,ixrmatrixtransform,ixrmatrixtransformgetmatrix,ixrmatrixtransformsetmatrix,ixrobjectanimationusingkeyframesgetkeyframes,ixrobjectkeyframecollection,ixrobjectkeyframegetkeytime,ixrobjectkeyframegetvalue,ixrobjectkeyframesetkeytime,ixrobjectkeyframesetvalue,ixrpanelgetbackground,ixrpanelgetchildren,ixrpanelsetbackground,ixrpasswordboxaddpasswordchangedeventhandler,ixrpasswordboxgetmaxlength,ixrpasswordboxgetpassword,ixrpasswordboxgetpasswordchar,ixrpasswordboxgetselectionbackground,ixrpasswordboxgetselectionforeground,ixrpasswordboxremovepasswordchangedeventhandler,ixrpasswordboxselectall,ixrpasswordboxsetmaxlength,ixrpasswordboxsetpassword,ixrpasswordboxsetpasswordchar,ixrpasswordboxsetselectionbackground,ixrpasswordboxsetselectionforeground,ixrpathfigurecollection,ixrpathfiguregetisclosed,ixrpathfiguregetisfilled,ixrpathfiguregetstartpoint,ixrpathfiguresetisclosed,ixrpathfiguresetisfilled,ixrpathfiguresetstartpoint,ixrpathgeometrygetfigures,ixrpathgeometrygetfillrule,ixrpathgeometrysetfigures,ixrpathgeometrysetfillrule,ixrpathgetdata,ixrpathsegment,ixrpathsegmentcollection,ixrpathsetdata,ixrpointanimationgetby,ixrpointanimationgetfrom,ixrpointanimationgetto,ixrpointanimationsetby,ixrpointanimationsetfrom,ixrpointanimationsetto,ixrpointanimationusingkeyframesgetkeyframes,ixrpointcollection,ixrpointkeyframecollection,ixrpointkeyframegetkeytime,ixrpointkeyframegetvalue,ixrpointkeyframesetkeytime,ixrpointkeyframesetvalue,ixrpolybeziersegmentgetpoints,ixrpolybeziersegmentsetpoints,ixrpolygongetfillrule,ixrpolygongetpoints,ixrpolygonsetfillrule,ixrpolygonsetpoints,ixrpolylinegetfillrule,ixrpolylinegetpoints,ixrpolylinesegmentgetpoints,ixrpolylinesegmentsetpoints,ixrpolylinesetfillrule,ixrpolylinesetpoints,ixrpolyquadraticbeziersegmentgetpoints,ixrpolyquadraticbeziersegmentsetpoints,ixrpopupaddclosedeventhandler,ixrpopupaddopenedeventhandler,ixrpopupgetchild,ixrpopupgethorizontaloffset,ixrpopupgetisopen,ixrpopupgetverticaloffset,ixrpopupremoveclosedeventhandler,ixrpopupremoveopenedeventhandler,ixrpopupsetchild,ixrpopupsethorizontaloffset,ixrpopupsetisopen,ixrpopupsetverticaloffset,ixrprogressbargetisindeterminate,ixrprogressbarsetisindeterminate,ixrquadraticbeziersegmentgetpoint1,ixrquadraticbeziersegmentgetpoint2,ixrquadraticbeziersegmentsetpoint1,ixrquadraticbeziersegmentsetpoint2,ixrradialgradientbrushgetcenter,ixrradialgradientbrushgetgradientorigin,ixrradialgradientbrushgetradiusx,ixrradialgradientbrushgetradiusy,ixrradialgradientbrushsetcenter,ixrradialgradientbrushsetgradientorigin,ixrradialgradientbrushsetradiusx,ixrradialgradientbrushsetradiusy,ixrradiobuttongetgroupname,ixrradiobuttonsetgroupname,ixrrangebaseaddmaximumchangedeventhandler,ixrrangebaseaddminimumchangedeventhandler,ixrrangebaseaddvaluechangedeventhandler,ixrrangebasegetlargechange,ixrrangebasegetmaximum,ixrrangebasegetminimum,ixrrangebasegetsmallchange,ixrrangebasegetvalue,ixrrangebaseremovemaximumchangedeventhandler,ixrrangebaseremoveminimumchangedeventhandler,ixrrangebaseremovevaluechangedeventhandler,ixrrangebasesetlargechange,ixrrangebasesetmaximum,ixrrangebasesetminimum,ixrrangebasesetsmallchange,ixrrangebasesetvalue,ixrrectanglegeometrygetradiusx,ixrrectanglegeometrygetradiusy,ixrrectanglegeometrygetrect,ixrrectanglegeometrysetradiusx,ixrrectanglegeometrysetradiusy,ixrrectanglegeometrysetrect,ixrrectanglegetradiusx,ixrrectanglegetradiusy,ixrrectanglesetradiusx,ixrrectanglesetradiusy,ixrrepeatbuttongetdelay,ixrrepeatbuttongetinterval,ixrrepeatbuttonsetdelay,ixrrepeatbuttonsetinterval,ixrresourcedictionaryadd,ixrresourcedictionaryclear,ixrresourcedictionarycontains,ixrresourcedictionarygetcount,ixrresourcedictionarygetitem,ixrresourcedictionaryremove,ixrresourcemanagerresolvefontresource,ixrresourcemanagerresolveimageresource,ixrrowdefinitioncollection,ixrrowdefinitiongetactualheight,ixrrowdefinitiongetheight,ixrrowdefinitiongetmaxheight,ixrrowdefinitiongetminheight,ixrrowdefinitionsetheight,ixrrowdefinitionsetmaxheight,ixrrowdefinitionsetminheight,ixrscaletransformgetcenterx,ixrscaletransformgetcentery,ixrscaletransformgetscalex,ixrscaletransformgetscaley,ixrscaletransformsetcenterx,ixrscaletransformsetcentery,ixrscaletransformsetscalex,ixrscaletransformsetscaley,ixrscrollbaraddscrolleventhandler,ixrscrollbargetorientation,ixrscrollbargetviewportsize,ixrscrollbarremovescrolleventhandler,ixrscrollbarsetorientation,ixrscrollbarsetviewportsize,ixrscrollvieweraddscrollchangedeventhandler,ixrscrollviewergetcomputedhorizontalscrollbarvisibility,ixrscrollviewergetcomputedverticalscrollbarvisibility,ixrscrollviewergetextentheight,ixrscrollviewergetextentwidth,ixrscrollviewergethorizontaloffset,ixrscrollviewergethorizontalscrollbarvisibility,ixrscrollviewergetscrollableheight,ixrscrollviewergetscrollablewidth,ixrscrollviewergetverticaloffset,ixrscrollviewergetverticalscrollbarvisibility,ixrscrollviewergetviewportheight,ixrscrollviewergetviewportwidth,ixrscrollviewerremovescrollchangedeventhandler,ixrscrollviewerscrolltohorizontaloffset,ixrscrollviewerscrolltoverticaloffset,ixrscrollviewersethorizontalscrollbarvisibility,ixrscrollviewersetverticalscrollbarvisibility,ixrselectoraddselectionchangedhandler,ixrselectorgetselectedindex,ixrselectorgetselecteditem,ixrselectorremoveselectionchangedhandler,ixrselectorsetselectedindex,ixrselectorsetselecteditem,ixrsetterbasecollectiongetissealed,ixrsetterbasegetissealed,ixrsettergetvalue,ixrsettersetvalue,ixrshapegetfill,ixrshapegetgeometrytransform,ixrshapegetstretch,ixrshapegetstroke,ixrshapegetstrokedasharray,ixrshapegetstrokedashcap,ixrshapegetstrokedashoffset,ixrshapegetstrokeendlinecap,ixrshapegetstrokelinejoin,ixrshapegetstrokemiterlimit,ixrshapegetstrokestartlinecap,ixrshapegetstrokethickness,ixrshapesetfill,ixrshapesetstretch,ixrshapesetstroke,ixrshapesetstrokedasharray,ixrshapesetstrokedashcap,ixrshapesetstrokedashoffset,ixrshapesetstrokeendlinecap,ixrshapesetstrokelinejoin,ixrshapesetstrokemiterlimit,ixrshapesetstrokestartlinecap,ixrshapesetstrokethickness,ixrskewtransformgetanglex,ixrskewtransformgetangley,ixrskewtransformgetcenterx,ixrskewtransformgetcentery,ixrskewtransformsetanglex,ixrskewtransformsetangley,ixrskewtransformsetcenterx,ixrskewtransformsetcentery,ixrslidergetisdirectionreversed,ixrslidergetisfocused,ixrslidergetorientation,ixrslidersetisdirectionreversed,ixrslidersetorientation,ixrsolidcolorbrushgetcolor,ixrsolidcolorbrushsetcolor,ixrsplinecolorkeyframegetkeyspline,ixrsplinecolorkeyframesetkeyspline,ixrsplinedoublekeyframegetkeyspline,ixrsplinedoublekeyframesetkeyspline,ixrsplinepointkeyframegetkeyspline,ixrsplinepointkeyframesetkeyspline,ixrstackpanelgetorientation,ixrstackpanelsetorientation,ixrstoryboardbegin,ixrstoryboardgetchildren,ixrstoryboardgetcurrentstate,ixrstoryboardgetcurrenttime,ixrstoryboardpause,ixrstoryboardresume,ixrstoryboardseek,ixrstoryboardseekalignedtolasttick,ixrstoryboardskiptofill,ixrstoryboardstop,ixrstrokecollectiongetbounds,ixrstrokecollectionhittest,ixrstrokegetbounds,ixrstrokegetdrawingattributes,ixrstrokegetstyluspoints,ixrstrokehittest,ixrstrokesetdrawingattributes,ixrstrokesetstyluspoints,ixrstylegetissealed,ixrstylegetsetters,ixrstylegettargettype,ixrstyleseal,ixrstylesettargettype,ixrstylusinfogetisinverted,ixrstylusinfosetisinverted,ixrstyluspointcollection,ixrstyluspointgetpressurefactor,ixrstyluspointgetx,ixrstyluspointgety,ixrstyluspointsetpressurefactor,ixrstyluspointsetx,ixrstyluspointsety,ixrtextblockgetbackground,ixrtextblockgetfontfamily,ixrtextblockgetfontsize,ixrtextblockgetfontsource,ixrtextblockgetfontstretch,ixrtextblockgetfontstyle,ixrtextblockgetfontweight,ixrtextblockgetforeground,ixrtextblockgethighlightbackground,ixrtextblockgethighlightforeground,ixrtextblockgethighlights,ixrtextblockgetlineheight,ixrtextblockgetlinestackingstrategy,ixrtextblockgetpadding,ixrtextblockgettext,ixrtextblockgettextalignment,ixrtextblockgettextwrapping,ixrtextblocksetbackground,ixrtextblocksetfontfamily,ixrtextblocksetfontsize,ixrtextblocksetfontsource,ixrtextblocksetfontstretch,ixrtextblocksetfontstyle,ixrtextblocksetfontweight,ixrtextblocksetforeground,ixrtextblocksethighlightbackground,ixrtextblocksethighlightforeground,ixrtextblocksethighlights,ixrtextblocksetlineheight,ixrtextblocksetlinestackingstrategy,ixrtextblocksetpadding,ixrtextblocksettext,ixrtextblocksettextalignment,ixrtextblocksettextwrapping,ixrtextboxaddselectionchangedeventhandler,ixrtextboxaddtextchangedeventhandler,ixrtextboxgetacceptsreturn,ixrtextboxgetfontsource,ixrtextboxgethorizontalscrollbarvisibility,ixrtextboxgetisreadonly,ixrtextboxgetmaxlength,ixrtextboxgetselectedtext,ixrtextboxgetselectionbackground,ixrtextboxgetselectionforeground,ixrtextboxgetselectionlength,ixrtextboxgetselectionstart,ixrtextboxgettext,ixrtextboxgettextalignment,ixrtextboxgettextwrapping,ixrtextboxgetverticalscrollbarvisibility,ixrtextboxremoveselectionchangedeventhandler,ixrtextboxremovetextchangedeventhandler,ixrtextboxselect,ixrtextboxselectall,ixrtextboxsetacceptsreturn,ixrtextboxsetfontsource,ixrtextboxsethorizontalscrollbarvisibility,ixrtextboxsetisreadonly,ixrtextboxsetmaxlength,ixrtextboxsetselectedtext,ixrtextboxsetselectionbackground,ixrtextboxsetselectionforeground,ixrtextboxsetselectionlength,ixrtextboxsetselectionstart,ixrtextboxsettext,ixrtextboxsettextalignment,ixrtextboxsettextwrapping,ixrtextboxsetverticalscrollbarvisibility,ixrthumbadddragcompletedhandler,ixrthumbadddragdeltahandler,ixrthumbadddragstartedhandler,ixrthumbgetisdragging,ixrthumbgetisfocused,ixrthumbremovedragcompletedhandler,ixrthumbremovedragdeltahandler,ixrthumbremovedragstartedhandler,ixrtimelineaddcompletedeventhandler,ixrtimelinecollection,ixrtimelinegetautoreverse,ixrtimelinegetbegintime,ixrtimelinegetduration,ixrtimelinegetfillbehavior,ixrtimelinegetrepeatbehavior,ixrtimelinegetspeedratio,ixrtimelineremovecompletedeventhandler,ixrtimelinesetautoreverse,ixrtimelinesetbegintime,ixrtimelinesetduration,ixrtimelinesetfillbehavior,ixrtimelinesetrepeatbehavior,ixrtimelinesetspeedratio,ixrtogglebuttonaddcheckedeventhandler,ixrtogglebuttonaddindeterminateeventhandler,ixrtogglebuttonadduncheckedeventhandler,ixrtogglebuttongetischecked,ixrtogglebuttongetisthreestate,ixrtogglebuttonremoveindeterminateeventhandler,ixrtogglebuttonremovencheckedeventhandler,ixrtogglebuttonremoveuncheckedeventhandler,ixrtogglebuttonsetischecked,ixrtogglebuttonsetisthreestate,ixrtooltipaddclosedeventhandler,ixrtooltipaddopenedeventhandler,ixrtooltipgethorizontaloffset,ixrtooltipgetisopen,ixrtooltipgetverticaloffset,ixrtooltipremoveclosedeventhandler,ixrtooltipremoveopenedeventhandler,ixrtooltipsethorizontaloffset,ixrtooltipsetisopen,ixrtooltipsetverticaloffset,ixrtransform,ixrtransformcollection,ixrtransformgroupgetchildren,ixrtransformgroupgetvalue,ixrtransformgroupsetchildren,ixrtriggeraction,ixrtriggeractioncollection,ixrtriggerbase,ixrtriggercollection,ixruielementaddgestureeventhandler,ixruielementaddgotfocuseventhandler,ixruielementaddkeydowneventhandler,ixruielementaddkeyupeventhandler,ixruielementaddlostfocuseventhandler,ixruielementaddmouseentereventhandler,ixruielementaddmouseleaveeventhandler,ixruielementaddmouseleftbuttondowneventhandler,ixruielementaddmouseleftbuttonupeventhandler,ixruielementaddmousemoveeventhandler,ixruielementarrange,ixruielementcapturemouse,ixruielementcollection,ixruielementgetcachemode,ixruielementgetclip,ixruielementgetdesiredsize,ixruielementgetishittestvisible,ixruielementgetopacity,ixruielementgetopacitymask,ixruielementgetrendersize,ixruielementgetrendertransform,ixruielementgetrendertransformorigin,ixruielementgetvisibility,ixruielementhittest,ixruielementinvalidatearrange,ixruielementinvalidatemeasure,ixruielementmeasure,ixruielementreleasemousecapture,ixruielementremovegestureeventhandler,ixruielementremovegotfocuseventhandler,ixruielementremovekeydowneventhandler,ixruielementremovekeyupeventhandler,ixruielementremovelostfocuseventhandler,ixruielementremovemouseentereventhandler,ixruielementremovemouseleaveeventhandler,ixruielementremovemouseleftbuttondowneventhandler,ixruielementremovemouseleftbuttonupeventhandler,ixruielementremovemousemoveeventhandler,ixruielementsetcachemode,ixruielementsetclip,ixruielementsetishittestvisible,ixruielementsetopacity,ixruielementsetopacitymask,ixruielementsetrendertransform,ixruielementsetrendertransformorigin,ixruielementsetvisibility,ixruielementtransformpointrelative,ixruielementupdatelayout,ixrusercontrolgetcontent,ixrusercontrolsetcontent,ixrvisualhostdestroywindow,ixrvisualhostenddialog,ixrvisualhostgetcontainerhwnd,ixrvisualhostgetfocusedelement,ixrvisualhostgetrootelement,ixrvisualhostgetsize,ixrvisualhosthidewindow,ixrvisualhostsetsize,ixrvisualhostshowwindow,ixrvisualhoststartdialog,ixrvisualstatecollection,ixrvisualstategetstoryboard,ixrvisualstategroupaddvisualstatechangedeventhandler,ixrvisualstategroupaddvisualstatechangingeventhandler,ixrvisualstategroupcollection,ixrvisualstategroupgetstates,ixrvisualstategroupgettransitions,ixrvisualstategroupremovevisualstatechangedeventhandler,ixrvisualstategroupremovevisualstatechangingeventhandler,ixrvisualstategroupsetstates,ixrvisualstategroupsettransitions,ixrvisualstatesetstoryboard,ixrvisualtransitioncollection,ixrvisualtransitiongetfrom,ixrvisualtransitiongetgeneratedduration,ixrvisualtransitiongetstoryboard,ixrvisualtransitiongetto,ixrvisualtransitionsetfrom,ixrvisualtransitionsetgeneratedduration,ixrvisualtransitionsetstoryboard,ixrvisualtransitionsetto,ixrwin32controlgetclassname,ixrwin32controlgethandle,ixrwin32controlsetclassname,ixrwin32controlsethandle,pfn_create_control,pfn_property_change,pfn_type_converter,value_type,xamlruntimeinitialize,xamlruntimeuninitialize,xr_hookproc,xralignmentx,xralignmenty,xrbrushmappingmode,xrclickmode,xrclockstate,xrcolorinterpolationmode,xrcornerradius,xrcursor,xrdependencypropertymetadata,xrdragcompletedeventargs,xrdragdeltaeventargs,xrdragstartedeventargs,xrduration,xreventargs,xrfillbehavior,xrfillrule,xrfontstretch,xrfontstyle,xrfontweight,xrgradientspreadmethod,xrgridlength,xrgridunittype,xrhorizontalalignment,xrkeyboardnavigationmode,xrkeyeventargs,xrkeytime,xrlinestackingstrategy,xrmousebuttoneventargs,xrmouseeventargs,xrorientation,xrpenlinecap,xrpenlinejoin,xrpoint,xrrect,xrrepeatbehavior,xrroutedeventargs,xrscrollbarvisibility,xrscrollchangedeventargs,xrscrolleventargs,xrscrolleventtype,xrselectionchangedeventargs,xrsize,xrsizechangedeventargs,xrstretch,xrstylesimulations,xrsweepdirection,xrtextalignment,xrtextchangedeventargs,xrtextdecorationtype,xrtextwrapping,xrthickness,xrthreestate,xrtimespan,xrvalue,xrverticalalignment,xrvisibility,xrwindowcreateparams,xrxamlsource
advbacklight.h	1	learn/windows-embedded-ce-6.0	advbacklight.h	backlightadvapplet
af_irda.h	5	chm/windows-ce-5.0/wcecore5/html,learn/windows-ce-5.0,learn/windows-embedded-ce-6.0,win32/api/af_irda	af_irda.h,af_irda.h.	devicelist,ias_query,ias_set,irda_device_info,sockaddr_irda
amvideo.h	38	win32/api/amvideo	amvideo.h	bit_masks_match,bitmasks,colors,dibsize,header,idirectdrawvideocanuseoverlaystretch,idirectdrawvideocanusescanline,idirectdrawvideogetcaps,idirectdrawvideogetdirectdraw,idirectdrawvideogetemulatedcaps,idirectdrawvideogetfourcccodes,idirectdrawvideogetsurfacedesc,idirectdrawvideogetsurfacetype,idirectdrawvideogetswitches,idirectdrawvideosetdefault,idirectdrawvideosetdirectdraw,idirectdrawvideosetswitches,idirectdrawvideouseoverlaystretch,idirectdrawvideousescanline,idirectdrawvideousewhenfullscreen,idirectdrawvideowillusefullscreen,iqualpropget_avgframerate,iqualpropget_avgsyncoffset,iqualpropget_devsyncoffset,iqualpropget_framesdrawn,iqualpropget_framesdroppedinrenderer,iqualpropget_jitter,mpeg1_sequence_info,mpeg1videoinfo,palette_entries,palettised,reset_header,reset_masks,reset_palette,size_mpeg1videoinfo,truecolorinfo,videoinfo,videoinfoheader
armintr.h	35	learn/windows-ce-5.0,learn/windows-embedded-ce-6.0	armintr.h,armintr.h.	__emit,_addsatint,_daddsatint,_dsubsatint,_movefromcoprocessor,_movetocoprocessor,_preload,_readcoprocessor,_smuladd_sl_acc,_smuladdhi_sw_acc,_smuladdhi_sw_sl,_smuladdhi_sw_sq,_smuladdhilo_sw_acc,_smuladdhilo_sw_sl,_smuladdhilo_sw_sq,_smuladdlo_sw_acc,_smuladdlo_sw_sl,_smuladdlo_sw_sq,_smuladdlohi_sw_acc,_smuladdlohi_sw_sl,_smuladdlohi_sw_sq,_smuladdpack_2sw_acc,_smuladdwhi_sw_sl,_smuladdwlo_sw_sl,_smulhi_sw_sl,_smulhilo_sw_sl,_smullo_sw_sl,_smullohi_sw_sl,_smulwhi_sw_sl,_smulwlo_sw_sl,_subsatint,_swi,_writecoprocessor,bkpt,clz
astdtapi.h	1	learn/windows-embedded-ce-6.0	astdtapi.h	tapirequestmakecall
atapi2.h	1	learn/windows-embedded-ce-6.0	atapi2.h	inquiry_data
atlbase.h	21	msdn-library/techshelps/WCEATL	atlbase.h	ccommultithreadmodel,ccommultithreadmodelautocriticalsection,ccommultithreadmodelcriticalsection,ccommultithreadmodeldecrement,ccommultithreadmodelincrement,ccommultithreadmodelnocs,ccommultithreadmodelnocsautocriticalsection,ccommultithreadmodelnocscriticalsection,ccommultithreadmodelnocsdecrement,ccommultithreadmodelnocsincrement,ccommultithreadmodelnocsthreadmodelnocs,ccommultithreadmodelthreadmodelnocs,ccomvariant,ccomvariantattach,ccomvariantccomvariant,ccomvariantchangetype,ccomvariantclear,ccomvariantcopy,ccomvariantdetach,ccomvariantreadfromstream,ccomvariantwritetostream
audiomediatype.h	1	win32/api/audiomediatype	audiomediatype.h	createaudiomediatype
audiosys.h	3	learn/windows-embedded-ce-6.0	audiosys.h	mm_wom_forcespeaker,mm_wom_setsecondarygainclass,mm_wom_setsecondarygainlimit
autodial.h	5	learn/windows-embedded-ce-6.0	autodial.h	autodialcleanupmodule,autodialendconnection,autodialgetconnectionstatus,autodialinitializemodule,autodialstartconnection
autoras.h	1	learn/windows-embedded-ce-6.0	autoras.h	dialer_notification
av_upnp.h	128	learn/windows-embedded-ce-6.0	av_upnp.h	avtransportstate,bit_av_,connectioninfo,connectionmanagerstate,contentdirectorystate,devicecapabilities,direction,iavtransportgetcurrenttransportactions,iavtransportgetdevicecapabilities,iavtransportgetmediainfo,iavtransportgetpositioninfo,iavtransportgettransportinfo,iavtransportgettransportsettings,iavtransportimpl,iavtransportinvokevendoraction,iavtransportnext,iavtransportpause,iavtransportplay,iavtransportprevious,iavtransportrecord,iavtransportseek,iavtransportsetavtransporturi,iavtransportsetnextavtransporturi,iavtransportsetplaymode,iavtransportsetrecordqualitymode,iavtransportstop,iconnectionmanagerconnectioncomplete,iconnectionmanagergetcurrentconnectioninfo,iconnectionmanagergetfirstconnectionid,iconnectionmanagergetnextconnectionid,iconnectionmanagergetprotocolinfo,iconnectionmanagerimpladdsinkprotocol,iconnectionmanagerimpladdsourceprotocol,iconnectionmanagerimplcreateconnection,iconnectionmanagerimplendconnection,iconnectionmanagerimplremovesinkprotocol,iconnectionmanagerimplremovesourceprotocol,iconnectionmanagerinvokevendoraction,iconnectionmanagerprepareforconnection,icontentdirectorybrowsechildren,icontentdirectorybrowsemetadata,icontentdirectorycreateobject,icontentdirectorycreatereference,icontentdirectorydeleteresource,icontentdirectorydestroyobject,icontentdirectoryexportresource,icontentdirectorygetsearchcapabilities,icontentdirectorygetsortcapabilities,icontentdirectorygetsystemupdateid,icontentdirectorygettransferprogress,icontentdirectoryimpl,icontentdirectoryimportresource,icontentdirectoryinvokevendoraction,icontentdirectorysearch,icontentdirectorystoptransferresource,icontentdirectoryupdateobject,ieventsinkonstatechanged,ieventsourceadvise,ieventsourceunadvise,irenderingcontrolgetbluevideoblacklevel,irenderingcontrolgetbluevideogain,irenderingcontrolgetbrightness,irenderingcontrolgetcolortemperature,irenderingcontrolgetcontrast,irenderingcontrolgetgreenvideoblacklevel,irenderingcontrolgetgreenvideogain,irenderingcontrolgethorizontalkeystone,irenderingcontrolgetloudness,irenderingcontrolgetmute,irenderingcontrolgetredvideoblacklevel,irenderingcontrolgetredvideogain,irenderingcontrolgetsharpness,irenderingcontrolgetverticalkeystone,irenderingcontrolgetvolume,irenderingcontrolgetvolumedb,irenderingcontrolgetvolumedbrange,irenderingcontrolimpl,irenderingcontrolinvokevendoraction,irenderingcontrollistpresets,irenderingcontrolselectpreset,irenderingcontrolsetbluevideoblacklevel,irenderingcontrolsetbluevideogain,irenderingcontrolsetbrightness,irenderingcontrolsetcolortemperature,irenderingcontrolsetcontrast,irenderingcontrolsetgreenvideoblacklevel,irenderingcontrolsetgreenvideogain,irenderingcontrolsethorizontalkeystone,irenderingcontrolsetloudness,irenderingcontrolsetmute,irenderingcontrolsetredvideoblacklevel,irenderingcontrolsetredvideogain,irenderingcontrolsetsharpness,irenderingcontrolsetverticalkeystone,irenderingcontrolsetvolume,irenderingcontrolsetvolumedb,ivirtualservicerelease,mediainfo,mediarendererdevicegetconnectionmanager,mediaserverdevicegetconnectionmanager,mediaserverdevicegetcontentdirectory,medium,objectgetproperty,parseraddnamespacemapping,parsergetfirstobject,parsergetnextobject,playmode,positioninfo,renderingcontrolstate,seekmode,transportaction,transportactions,transportinfo,transportsettings,transportstate,upnpaverror,wstringappend,wstringassign,wstringcapacity,wstringclear,wstringcompare,wstringempty,wstringlength,wstringreserve,wstringresize,wstringsize,wstringwstring,zone_av_
aviriff.h	1	win32/api/aviriff	aviriff.h	avimainheader
aygshell.h	54	learn/windows-ce-5.0,learn/windows-embedded-ce-6.0,msdn-library/windows-mobile-6.5	aygshell.h,aygshell.h.	gn_contextmenu,inewmenuitemservercreatenewitem,ishellnotificationcallback,ishellnotificationcallbackoncommandselected,ishellnotificationcallbackondismiss,ishellnotificationcallbackonlinkselected,nmrginfo,shactivateinfo,shchangenotifyderegister,shchangenotifyentry,shchangenotifyfree,shchangenotifyregister,shcloseapps,shcmbm_getmenu,shcmbm_getsubmenu,shcmbm_setsubmenu,shcreatemenubar,shcreatenewitem,shdonebutton,shenumpropsheethandlers,shfindmenubar,shfreecontextmenuextensions,shfullscreen,shgetappkeyassoc,shgetemergencycalllist,shgetinputcontext,shgetmenu,shgetsubmenu,shhandlewmactivate,shhandlewmsettingchange,shic_feature,shinitdlginfo,shinitextracontrols,shinputdialog,shinvokecontextmenucommand,shloadcontextmenuextensions,shmenubarinfo,shnavigateback,shnotificationadd,shnotificationdata,shnotificationgetdata,shnotificationremove,shnotificationupdate,shnp,shrecognizegesture,shrginfo,shsetappkeywndassoc,shsetback,shsetinputcontext,shsetnavbartext,shsetsubmenu,shsipinfo,shsippreference,wc_sippref
battery.h	9	learn/windows-embedded-ce-6.0	battery.h	batterydrvrgetlevels,batterydrvrsupportschangenotification,batterylifetimeinfo,ioctl_battery_getlevels,ioctl_battery_getlifetimeinfo,ioctl_battery_getsystempowerstatusex,ioctl_battery_getsystempowerstatusex2,ioctl_battery_notifyoftimechange,ioctl_battery_supportschangenotification
battimpl.h	8	learn/windows-embedded-ce-6.0	battimpl.h	batterypdddeinitialize,batterypddgetlevels,batterypddgetstatus,batterypddinitialize,batterypddpowerhandler,batterypddresume,batterypddsupportschangenotification,pfn_battery_pdd_iocontrol
blcommon.h	16	learn/windows-embedded-ce-6.0	blcommon.h	bootloadermain,oemchecksignature,oemcontinueeraseflash,oemdebuginit,oemfinisheraseflash,oemisflashaddr,oemlaunch,oemmapmemaddr,oemmultibinnotify,oemplatforminit,oempredownload,oemreaddata,oemshowprogress,oemstarteraseflash,oemverifymemory,oemwriteflash
bootpart.h	8	learn/windows-embedded-ce-6.0	bootpart.h	bp_getpartitioninfo,bp_init,bp_lowlevelformat,bp_openpartition,bp_readdata,bp_setdatapointer,bp_writedata,partentry
bt_api.h	68	chm/windows-ce-5.0/wcebluetooth5/html,learn/windows-ce-5.0,learn/windows-embedded-ce-6.0	bt_api.h,bt_api.h.	baseband_connection,bt_connect_event,bt_disconnect_event,bt_link_key_event,bt_mode_change_event,bt_role_switch_event,bt_service_request,btevent,bthacceptscoconnections,bthactivatepan,bthanswerpairrequest,bthauthenticate,bthcancelinquiry,bthclearinquiryfilter,bthcloseconnection,bthcreateaclconnection,bthcreatescoconnection,bthenterholdmode,bthenterparkmode,bthentersniffmode,bthexitparkmode,bthexitsniffmode,bthgetaddress,bthgetbasebandconnections,bthgetbasebandhandles,bthgetcurrentmode,bthgethardwarestatus,bthgetlinkkey,bthgetpinrequest,bthgetremotecod,bthgetrole,bthnslookupservicebegin,bthnslookupserviceend,bthnslookupservicenext,bthnssetservice,bthpairrequest,bthperforminquiry,bthreadauthenticationenable,bthreadcod,bthreadlinkpolicysettings,bthreadlocaladdr,bthreadlocalversion,bthreadpagetimeout,bthreadremoteversion,bthreadrssi,bthreadscanenablemask,bthrefusepinrequest,bthremotenamequery,bthrevokelinkkey,bthrevokepin,bthsetcodinquiryfilter,bthsetencryption,bthsetinquiryfilter,bthsetlinkkey,bthsetpin,bthsetsecurityui,bthswitchrole,bthterminateidleconnections,bthwriteauthenticationenable,bthwritecod,bthwritelinkpolicysettings,bthwritepagetimeout,bthwritescanenablemask,ioctl_bluetooth_get_peer_device,ioctl_bluetooth_get_rfcomm_channel,portemuportparams,requestbluetoothnotifications,stopbluetoothnotifications
bt_buffer.h	1	learn/windows-embedded-ce-6.0	bt_buffer.h	bd_buffer
bt_ddi.h	41	chm/windows-ce-5.0/wcebluetooth5/html,learn/windows-ce-5.0,learn/windows-embedded-ce-6.0	bt_ddi.h,bt_ddi.h.	baseband_connection_data,bd_addr,bt_avdtp_state_change,bth_hci_ioctl_get_baseband_connections,bth_hci_ioctl_get_baseband_handles,bth_hci_ioctl_get_bd_for_handle,bth_hci_ioctl_get_commandsize,bth_hci_ioctl_get_errors,bth_hci_ioctl_get_flow,bth_hci_ioctl_get_handle_for_bd,bth_hci_ioctl_get_handle_mode,bth_hci_ioctl_get_hardware_status,bth_hci_ioctl_get_inquiry,bth_hci_ioctl_get_last_inquiry_data,bth_hci_ioctl_get_loopback,bth_hci_ioctl_get_num_ondevice,bth_hci_ioctl_get_num_pending,bth_hci_ioctl_get_num_unsent,bth_hci_ioctl_get_periodic_inquiry,bth_hci_ioctl_get_remote_cod,bth_hci_ioctl_get_sco_parameters,bth_hci_ioctl_get_under_test,bth_hci_ioctl_handle_authenticated,bth_hci_ioctl_handle_encrypted,bth_stack_ioctl_get_connected,controllerevent,hci_buffer_size,hci_closedevicecontext,hci_datapacketdown_in,hci_datapacketdown_out,hci_datapacketup,hci_datapacketupaclunbuffered,hcieventcontext,inquiryresultbuffer,oid_pan_authenticate,oid_pan_connect,oid_pan_disconnect,oid_pan_encrypt,packetmarker,wodm_bt_sco_audio_control,wodm_open_close_a2dp
bt_hcip.h	12	learn/windows-embedded-ce-6.0	bt_hcip.h	hci_closeconnection,hci_establishdevicecontext,hci_event,hci_openconnection,hci_parameters,hci_readhciparameters,hci_readpacket,hci_setcallback,hci_starthardware,hci_stophardware,hci_type,hci_writepacket
btagnetwork.h	2	learn/windows-embedded-ce-6.0	btagnetwork.h	bthagonnetworkevent,networkcallfailedinfo
btagpub.h	32	chm/windows-ce-5.0/wcebluetooth5/html,learn/windows-embedded-ce-6.0	btagpub.h,btagpub.h.	bthagathandler,bthagatsetcallback,bthaggetlastdialed,bthaggetnamebyphonenumber,bthaggetspeeddial,bthagnetworkanswercall,bthagnetworkdeinit,bthagnetworkdialnumber,bthagnetworkdropcall,bthagnetworkdropswapcall,bthagnetworkgetcallstate,bthagnetworkholdcall,bthagnetworkinit,bthagnetworkrejectcall,bthagnetworkswapcall,bthagnetworktransmitdtmf,bthagnetworkunholdcall,bthagoverridecallin,bthagoverridecallout,bthagphoneextdeinit,bthagphoneextevent,bthagphoneextinit,bthagsetservicecallback,ioctl_ag_close_audio,ioctl_ag_close_control,ioctl_ag_get_mic_vol,ioctl_ag_get_speaker_vol,ioctl_ag_open_audio,ioctl_ag_open_control,ioctl_ag_set_mic_vol,ioctl_ag_set_speaker_vol,ioctl_ag_set_use_hf_audio
bthapi.h, bthapi.idl	30	learn/windows-embedded-ce-6.0	bthapi.h, bthapi.idl	isdpnodecontainerappendnode,isdpnodecontainercreatefromstream,isdpnodecontainercreatestream,isdpnodecontainergetnode,isdpnodecontainergetnodecount,isdpnodecontainergetnodestringdata,isdpnodecontainergetstreamsize,isdpnodecontainergettype,isdpnodecontainerlockcontainer,isdpnodecontainersetnode,isdpnodecontainersettype,isdpnodecontainerwalk,isdpnodecontainerwritestream,isdprecordcreatefromstream,isdprecordgetattribute,isdprecordgetattributeasstream,isdprecordgetattributelist,isdprecordgetserviceclass,isdprecordsetattribute,isdprecordsetattributefromstream,isdprecordwalk,isdprecordwritetostream,isdpstreamnormalizeuuid,isdpstreamretrieveelementinfo,isdpstreamretrieverecords,isdpstreamvalidate,isdpstreamverifysequenceof,isdpstreamwalk,isdpwalkwalknode,isdpwalkwalkstream
bthapi.idl	2	learn/windows-embedded-ce-6.0	bthapi.idl	nodedata,nodedataunion
bthid.h	2	learn/windows-embedded-ce-6.0	bthid.h	bthhid_ioctl_hidconnect,bthhid_ioctl_hiddisconnect
bthsdpdef.h	9	learn/windows-embedded-ce-6.0,win32/api/bthsdpdef	bthsdpdef.h	bthns_inquiryblob,bthns_restrictionblob,bthns_setblob,nodecontainertype,sdp_specifictype,sdp_type,sdpattributerange,sdpqueryuuid,sdpqueryuuidunion
bthutil.h	3	learn/windows-embedded-ce-6.0	bthutil.h	bth_radio_mode,bthgetmode,bthsetmode
buttonview.hpp	10	learn/windows-embedded-ce-6.0	buttonview.hpp	buttoncontrolrectanglestyle_t,buttonview_tdrawcheckboxandradiostyle,buttonview_tdrawgroupboxtext,buttonview_tdrawpushable,buttonview_tdrawpushstyle,buttonview_tdrawtext,buttonview_thitdetect,buttonview_tinitdc,buttonview_tpaintgroupbox,buttonview_tpaintnonpushstyle
calibrui.h	6	learn/windows-embedded-ce-6.0	calibrui.h	touchcalibrateui_done,touchcalibrateui_drawconfirmationscreen,touchcalibrateui_drawmainscreen,touchcalibrateui_handleuserinputmessage,touchcalibrateui_initialize,touchcalibrateui_waitforconfirmation
camera.h	3	learn/windows-embedded-ce-6.0	camera.h	buffer_commands,cs_stream_descriptor,csproperty_buffer_mode
camera.h, cs.h, csmedia.h	0	learn/windows-embedded-ce-6.0	camera.h, cs.h, csmedia.h	
cardserv.h	10	learn/windows-embedded-ce-6.0	cardserv.h	card_client_handle,card_event,card_isr,card_socket_handle,cardpoweroff,cardpoweron,cardreleasesocketmask,cardrequestirq,cardrequestsocketmask,client_callback
cardsv2.h	39	learn/windows-embedded-ce-6.0	cardsv2.h	card_config_info,card_data_parms,card_event_mask_parms,card_event_parms,card_register_parms,card_status,card_tuple_parms,card_window_address,card_window_handle,card_window_parms,cardaccessconfigurationregister,cardderegisterclient,cardgeteventmask,cardgetfirsttuple,cardgetnexttuple,cardgetparsedtuple,cardgetstatus,cardgettupledata,cardmapwindow,cardmapwindowphysical,cardmodifyconfiguration,cardmodifywindow,cardregisterclient,cardreleaseconfiguration,cardreleaseexclusive,cardreleaseirq,cardreleasewindow,cardrequestconfigregisterphaddr,cardrequestconfiguration,cardrequestdisable,cardrequestexclusive,cardrequestirqline,cardrequestwindow,cardresetfunction,cardseteventmask,enumcard,enumsocket,getsocketindex,getsocketstatus
ccbootstrap.idl	6	learn/windows-embedded-ce-6.0	ccbootstrap.idl	iccbootstrapdeviceinfo,iccbootstrapdownload,iccbootstrapgetdeviceinfo,iccbootstrapgetfile,iccbootstrapgetfileinfo,iccbootstraplaunch
ccceshcb.h	3	learn/windows-embedded-ce-6.0	ccceshcb.h	iccceshcbcmdout,iccceshcbfindfile,iccceshcbgetcommand
cccommon.idl	7	learn/windows-ce-5.0,learn/windows-embedded-ce-6.0	cccommon.idl.,cccommon.idl	filecustomaction,fileinfo,fileverifyinfo,fileverifyreference,fileverifyresult,fileverifyversion,systeminfo
ccconnection.h	26	learn/windows-embedded-ce-6.0	ccconnection.h	iccconnectioncloseprocesshandle,iccconnectionconnectdevice,iccconnectioncreatestream,iccconnectiondeletedirectory,iccconnectiondeviceid,iccconnectiondisconnectdevice,iccconnectiondownloadpackage,iccconnectionenumerateprocess,iccconnectiongetfileinfo,iccconnectiongetprocessexitcode,iccconnectiongetsysteminfo,iccconnectionisconnected,iccconnectionlaunchprocess,iccconnectionmakedirectory,iccconnectionreceivefile,iccconnectionregistrycreatekey,iccconnectionregistydeletekey,iccconnectionregistydeletevalue,iccconnectionregistyqueryvalue,iccconnectionregistysetvalue,iccconnectionremovefile,iccconnectionsearchfilesystem,iccconnectionsendfile,iccconnectionsetfileinfo,iccconnectionterminateprocess,iccconnectionverifyfilesinstalled
ccdatastore.h	54	learn/windows-embedded-ce-6.0	ccdatastore.h	icccollectionget_count,icccollectionget_item,icccollectionget_newenum,iccdatastoreget_devicecontainer,iccdatastoreget_osimagecontainer,iccdatastoreget_packagecontainer,iccdatastoreget_platformcontainer,iccdatastoreget_propertycontainer,iccdatastoreget_servicecategorycontainer,iccdatastoreget_version,iccdatastoreregisterrefreshevent,iccdatastoresave,iccdatastoreunregisterrefreshevent,iccdeviceclearosimage,iccdeviceclearservicemap,iccdevicecontainer,iccdevicegetosimage,iccdevicegetservicemap,iccdevicesetosimage,iccdevicesetservicemap,iccfilecontainer,iccfileget_filecontainer,iccfileget_iscollection,iccfilemakecollection,iccformfactor,iccformfactorcontainer,iccobjectcontaineraddobject,iccobjectcontainerdeleteobject,iccobjectcontainerenumerateobjects,iccobjectcontainerfindobject,iccobjectget_isprotected,iccobjectget_propertycontainer,iccobjectid,iccobjectname,iccosimagecontainer,iccosimagesupportedplatform,iccpackagecontainer,iccpackagepackagetypecontainer,iccpackagetypecontainer,iccpackagetypefilecontainer,iccplatformcontainer,iccplatformdevicecontainer,iccplatformformfactorcontainer,iccplatformprojectcontainer,iccproject,iccprojectcontainer,iccpropertyaddpropertycontainer,iccpropertycontainer,iccpropertyvalue,iccservicecategorycontainer,iccservicecategoryserviceinfocontainer,iccserviceinfo,iccserviceinfocontainer,icctypetoarchitecturemap
ccdbgmsgcb.idl	1	learn/windows-embedded-ce-6.0	ccdbgmsgcb.idl	iccdbgmsgcbmsgout
cchannel.h	8	learn/windows-embedded-ce-6.0,win32/api/cchannel	cchannel.h	channel_entry_points,virtualchannelclose,virtualchannelentry,virtualchannelinit,virtualchannelinitevent,virtualchannelopen,virtualchannelopenevent,virtualchannelwrite
cckitl.h	4	learn/windows-embedded-ce-6.0	cckitl.h	icckitlbootflags,icckitldebugbreak,icckitlreset,icckitltransportid
ccserver.h	5	learn/windows-embedded-ce-6.0	ccserver.h	iccserverenumerateconnections,iccservergetconnection,iccservergetconnectionfromid,iccservergetdatastore,iccserverlocale
ccservice.h	10	learn/windows-embedded-ce-6.0	ccservice.h	iccserviceabort,iccservicecategoryid,iccserviceclsid,iccserviceconnect,iccservicedevice,iccservicedisconnect,iccservicegetcurrentstate,iccserviceinitialize,iccservicelockservice,iccserviceunlockservice
ccservicecb.h	2	learn/windows-embedded-ce-6.0	ccservicecb.h	iccservicecbonprogressnotify,iccservicecbonstatuschangenotify
ccserviceconfigure.h	4	learn/windows-embedded-ce-6.0	ccserviceconfigure.h	iccserviceconfigureconfigure,iccserviceconfiguregetproperty,iccserviceconfiguregetserviceparamsshort,iccserviceconfiguresetproperty
ccsvchost.h	4	learn/windows-embedded-ce-6.0	ccsvchost.h	iccsvchostdisplayservices,iccsvchostgetdevicestate,iccsvchostgetservice,iccsvchostversion
cctransport.idl	12	learn/windows-embedded-ce-6.0	cctransport.idl	icctransportbandwidth,icctransportcreatestream,icctransportinitinitialize,icctransportmtu,icctransportstreambuffering,icctransportstreamdisconnect,icctransportstreamid,icctransportstreamisconnected,icctransportstreamisdataavailable,icctransportstreamrecv,icctransportstreamsend,icctransportsupportsnonuniquestreamid
cdioctl.h	19	learn/windows-embedded-ce-6.0	cdioctl.h	cd_sense_data,cdrom_discinfo,cdrom_play_audio_msf,cdrom_read,cdrom_testunitready,cdrom_toc,ioctl_cdrom_disc_info,ioctl_cdrom_eject_media,ioctl_cdrom_get_sense_data,ioctl_cdrom_issue_inquiry,ioctl_cdrom_pause_audio,ioctl_cdrom_play_audio_msf,ioctl_cdrom_read_sg,ioctl_cdrom_read_toc,ioctl_cdrom_resume_audio,ioctl_cdrom_seek_audio_msf,ioctl_cdrom_stop_audio,ioctl_cdrom_test_unit_ready,sgx_buf
ce_setup.h	7	learn/windows-embedded-ce-6.0	ce_setup.h	codeinstall_exit,codeinstall_init,codeuninstall_exit,codeuninstall_init,install_exit,install_init,uninstall_init
cecap.h	8	learn/windows-embedded-ce-6.0	cecap.h	commentmarkatprofile,commentmarkprofile,markprofile,nameprofile,resumeprofile,startprofile,stopprofile,suspendprofile
cecertmod.h	2	learn/windows-embedded-ce-6.0	cecertmod.h	certinit,certverify
cecorecon.h	3	learn/windows-embedded-ce-6.0	cecorecon.h	ccommandpacket,cdeviceremotetool,end_command
ceddk.h	60	learn/windows-embedded-ce-6.0	ceddk.h	bus_data_type,buschildiocontrol,busiocontrol,bustransbusaddrtostatic,bustransbusaddrtovirtual,calibratestallcounter,cedriverduplicatecallerhandle,cedrivermapcallbackfunction,cedriverperformcallback,closebusaccesshandle,createbusaccesshandle,dma_adapter_object,getbusnameprefix,getchilddeviceremovestate,getdeviceconfigurationdata,getdevicepowerstate,getparentdeviceinfo,halallocatecommonbuffer,halfreecommonbuffer,halgetbusdata,halgetbusdatabyoffset,halsetbusdata,halsetbusdatabyoffset,haltranslatebusaddress,haltranslatesystemaddress,interface_type,mmmapiospace,mmunmapiospace,pci_common_config,read_port_buffer_uchar,read_port_buffer_ulong,read_port_buffer_ushort,read_port_uchar,read_port_ulong,read_port_ushort,read_register_buffer_uchar,read_register_buffer_ulong,read_register_buffer_ushort,read_register_uchar,read_register_ulong,read_register_ushort,setdeviceconfigurationdata,setdevicepowerstate,stallexecution,transbusaddrtostatic,transbusaddrtovirtual,translatebusaddr,translatesystemaddr,write_port_buffer_uchar,write_port_buffer_ulong,write_port_buffer_ushort,write_port_uchar,write_port_ulong,write_port_ushort,write_register_buffer_uchar,write_register_buffer_ulong,write_register_buffer_ushort,write_register_uchar,write_register_ulong,write_register_ushort
celog.h	74	learn/windows-embedded-ce-6.0	celog.h	cel_boot_time,cel_critsec_delete,cel_critsec_enter,cel_critsec_init,cel_critsec_leave,cel_data_loss,cel_debug_msg,cel_event_close,cel_event_create,cel_event_delete,cel_event_pulse,cel_event_reset,cel_event_set,cel_extra_module_info,cel_extra_process_info,cel_header,cel_heap_alloc,cel_heap_create,cel_heap_destroy,cel_heap_free,cel_heap_realloc,cel_int_data,cel_interrupts,cel_log_marker,cel_mapfile_create,cel_mapfile_destroy,cel_mapfile_flush,cel_mapfile_view_close,cel_mapfile_view_open,cel_mapflush_type,cel_memtrack_baseline,cel_module_free,cel_module_load,cel_module_references,cel_mutex_close,cel_mutex_create,cel_mutex_delete,cel_mutex_release,cel_process_close,cel_process_create,cel_process_delete,cel_process_refcount,cel_process_terminate,cel_sem_close,cel_sem_create,cel_sem_delete,cel_sem_release,cel_sleep,cel_system_invert,cel_system_page,cel_system_tlb,cel_thread_close,cel_thread_create,cel_thread_delete,cel_thread_migrate,cel_thread_priority,cel_thread_quantum,cel_thread_resume,cel_thread_suspend,cel_thread_switch,cel_thread_terminate,cel_virtual_alloc,cel_virtual_copy,cel_virtual_free,cel_wait_multi,celogdata,celoggetzones,celoginterrupt,celogmsg,celogresync,celogsetzones,dwceloglargebuf,dwcelogsmallbuf,mapheader
cesync.h	58	learn/windows-ce-5.0,learn/windows-embedded-ce-6.0	cesync.h,cesync.h.	confinfo,devinfo,dooptionsdialog,findobjects,findobjinfo,getobjtypeinfo,hreplfld,hreplitem,hreplobj,ienumreplitemclone,ienumreplitemgetfolderhandle,ienumreplitemnext,ienumreplitemreset,ienumreplitemskip,initobjtype,ireplnotifygetwindow,ireplnotifyonitemcompleted,ireplnotifyonitemnotify,ireplnotifyquerydevice,ireplnotifysetstatustext,ireplobjhandlerdeleteobj,ireplobjhandlergetpacket,ireplobjhandlerreset,ireplobjhandlersetpacket,ireplobjhandlersetup,ireplstoreactivatedialog,ireplstorebytestoobject,ireplstorecompareitem,ireplstorecomparestoreids,ireplstorecopyobject,ireplstorefindfirstitem,ireplstorefinditemclose,ireplstorefindnextitem,ireplstorefreeobject,ireplstoregetconflictinfo,ireplstoregetfolderinfo,ireplstoregetobjtypeuidata,ireplstoregetstoreinfo,ireplstoreinitialize,ireplstoreisfolderchanged,ireplstoreisitemchanged,ireplstoreisitemreplicated,ireplstoreisvalidobject,ireplstoreobjecttobytes,ireplstoreremoveduplicates,ireplstorereportstatus,ireplstoreupdateitem,objnotify,objtypeinfo,objuidata,onsspdisable,onsspenable,repldialogs,replsetup,reportstatus,sdrequest,storeinfo,syncdata
ceutil.h	18	learn/windows-embedded-ce-6.0	ceutil.h	cegetdeviceid,cegetselecteddeviceid,cesvcadd,cesvcclose,cesvcdelete,cesvcdeleteval,cesvcenumprofiles,cesvcgetbinary,cesvcgetdword,cesvcgetstring,cesvcopen,cesvcopenex,cesvcqueryinfo,cesvcremove,cesvcsetbinary,cesvcsetdword,cesvcsetstring,objectnotify
cfgmgrapi.h	1	learn/windows-embedded-ce-6.0	cfgmgrapi.h	dmprocessconfigxml
cmnintrin.h	18	learn/windows-embedded-ce-6.0	cmnintrin.h	__cacherelease,__cachewriteback,__debugbreak,__trap,_copydoublefromint64,_copyfloatfromint32,_copyint32fromfloat,_copyint64fromdouble,_countleadingones,_countleadingsigns,_countleadingzeros,_countonebits,_icacherefresh,_isunordered,_mulhigh,_prefetch,_readwritebarrier,_returnaddress
combaseapi.h	63	win32/api/combaseapi	combaseapi.h	clsidfromprogid,clsidfromstring,coaddrefserverprocess,cocopyproxy,cocreatefreethreadedmarshaler,cocreateguid,cocreateinstance,cocreateinstanceex,codisconnectobject,cofiletimenow,cofreeunusedlibraries,cofreeunusedlibrariesex,cogetcallcontext,cogetcallertid,cogetclassobject,cogetcurrentlogicalthreadid,cogetcurrentprocess,cogetinterfaceandreleasestream,cogetmalloc,cogetmarshalsizemax,cogetpsclsid,cogetstandardmarshal,cogettreatasclass,coimpersonateclient,coinitializeex,coinitializesecurity,coishandlerconnected,colockobjectexternal,comarshalhresult,comarshalinterface,comarshalinterthreadinterfaceinstream,coqueryauthenticationservices,coqueryclientblanket,coqueryproxyblanket,coregisterclassobject,coregisterpsclsid,coregistersurrogate,coreleasemarshaldata,coreleaseserverprocess,coresumeclassobjects,coreverttoself,corevokeclassobject,cosetproxyblanket,cosuspendclassobjects,coswitchcallcontext,cotaskmemalloc,cotaskmemfree,cotaskmemrealloc,couninitialize,counmarshalhresult,counmarshalinterface,createstreamonhglobal,dllcanunloadnow,dllgetclassobject,freepropvariantarray,gethglobalfromstream,iidfromstring,progidfromclsid,propvariantclear,propvariantcopy,stringfromclsid,stringfromguid2,stringfromiid
comboboxview.hpp	7	learn/windows-embedded-ce-6.0	comboboxview.hpp	comboboxview_tbackgroundbrush,comboboxview_tdrawbackground,comboboxview_tdrawfocus,comboboxview_tdrawselection,comboboxview_ttextcolor,comboboxview_ttopcoordinate,comboboxview_twindowstylecustomization
comcat.h	14	win32/api/comcat	comcat.h	icatinformation,icatinformationenumcategories,icatinformationenumclassesofcategories,icatinformationenumimplcategoriesofclass,icatinformationenumreqcategoriesofclass,icatinformationgetcategorydesc,icatinformationisclassofcategories,icatregister,icatregisterregistercategories,icatregisterregisterclassimplcategories,icatregisterregisterclassreqcategories,icatregisterunregistercategories,icatregisterunregisterclassimplcategories,icatregisterunregisterclassreqcategories
comcat.h, comcat.idl	6	learn/windows-embedded-ce-6.0	comcat.h, comcat.idl	icatregisterregistercategories,icatregisterregisterclassimplcategories,icatregisterregisterclassreqcategories,icatregisterunregistercategories,icatregisterunregisterclassimplcategories,icatregisterunregisterclassreqcategories
coml2api.h	8	win32/api/coml2api	coml2api.h	readclassstg,readclassstm,stgcreatedocfile,stgcreatedocfileonilockbytes,stgopenstorage,stgopenstorageonilockbytes,writeclassstg,writeclassstm
commandapi.hpp	4	learn/windows-embedded-ce-6.0	commandapi.hpp	ph_application,phgetappwindow,phlaunchprocess,phsendcommandline
commctrl.h	867	learn/windows-embedded-ce-6.0,msdn-library/windows-mobile-6.5,win32/api/commctrl	commctrl.h	acm_open,acm_play,acm_stop,acn_start,acn_stop,animate_close,animate_create,animate_open,animate_openex,animate_play,animate_seek,animate_stop,cem_enableupcase,cem_upcaseallwords,commandbands_addadornments,commandbands_addbands,commandbands_create,commandbands_getcommandbar,commandbands_getrestoreinformation,commandbands_height,commandbands_show,commandbandsrestoreinfo,commandbar_addadornments,commandbar_addbitmap,commandbar_addbuttons,commandbar_addtooltips,commandbar_alignadornments,commandbar_create,commandbar_destroy,commandbar_drawmenubar,commandbar_getmenu,commandbar_height,commandbar_insertbutton,commandbar_insertcombobox,commandbar_insertmenubar,commandbar_insertmenubarex,commandbar_isvisible,commandbar_show,commdlgextendederror,createstatuswindow,createstatuswindowa,createstatuswindoww,createtoolbarex,createupdowncontrol,datetime_getmonthcal,datetime_getmonthcalcolor,datetime_getmonthcalfont,datetime_getrange,datetime_getsystemtime,datetime_setformat,datetime_setmonthcalcolor,datetime_setmonthcalfont,datetime_setrange,datetime_setsystemtime,drawstatustext,drawstatustexta,drawstatustextw,dtm_getmccolor,dtm_getmcfont,dtm_getmonthcal,dtm_getrange,dtm_getsystemtime,dtm_setformat,dtm_setmccolor,dtm_setmcfont,dtm_setrange,dtm_setsystemtime,dtn_closeup,dtn_datetimechange,dtn_dropdown,dtn_format,dtn_formatquery,dtn_userstring,dtn_wmkeydown,forward_wm_notify,handle_wm_notify,hdhittestinfo,hditem,hditema,hditemw,hdlayout,hdm_createdragimage,hdm_deleteitem,hdm_getimagelist,hdm_getitem,hdm_getitemcount,hdm_getitemrect,hdm_getorderarray,hdm_hittest,hdm_insertitem,hdm_layout,hdm_ordertoindex,hdm_sethotdivider,hdm_setimagelist,hdm_setitem,hdm_setorderarray,hdn_begindrag,hdn_begintrack,hdn_dividerdblclick,hdn_enddrag,hdn_endtrack,hdn_getdispinfo,hdn_itemchanged,hdn_itemchanging,hdn_itemclick,hdn_itemdblclick,hdn_track,header_createdragimage,header_deleteitem,header_getimagelist,header_getitem,header_getitemcount,header_getitemrect,header_getorderarray,header_insertitem,header_layout,header_ordertoindex,header_sethotdivider,header_setimagelist,header_setitem,header_setorderarray,iconinfo,imageinfo,imagelist_add,imagelist_addicon,imagelist_addmasked,imagelist_begindrag,imagelist_copy,imagelist_create,imagelist_destroy,imagelist_dragenter,imagelist_dragleave,imagelist_dragmove,imagelist_dragshownolock,imagelist_draw,imagelist_drawex,imagelist_drawindirect,imagelist_duplicate,imagelist_enddrag,imagelist_extracticon,imagelist_getbkcolor,imagelist_getdragimage,imagelist_geticon,imagelist_geticonsize,imagelist_getimagecount,imagelist_getimageinfo,imagelist_loadbitmap,imagelist_loadimage,imagelist_loadimagea,imagelist_loadimagew,imagelist_merge,imagelist_remove,imagelist_removeall,imagelist_replace,imagelist_replaceicon,imagelist_setbkcolor,imagelist_setdragcursorimage,imagelist_seticonsize,imagelist_setimagecount,imagelist_setoverlayimage,imagelistdrawparams,indextooverlaymask,indextostateimagemask,initcommoncontrols,initcommoncontrolsex,listview_approximateviewrect,listview_arrange,listview_createdragimage,listview_deleteallitems,listview_deletecolumn,listview_deleteitem,listview_editlabel,listview_enablegroupview,listview_ensurevisible,listview_finditem,listview_getbkcolor,listview_getbkimage,listview_getcallbackmask,listview_getcheckstate,listview_getcolumn,listview_getcolumnorderarray,listview_getcolumnwidth,listview_getcountperpage,listview_geteditcontrol,listview_getextendedlistviewstyle,listview_getgroupcount,listview_getgroupinfo,listview_getgroupinfobyindex,listview_getgroupmetrics,listview_getheader,listview_getimagelist,listview_getisearchstring,listview_getitem,listview_getitemcount,listview_getitemposition,listview_getitemrect,listview_getitemspacing,listview_getitemstate,listview_getitemtext,listview_getnextitem,listview_getnumberofworkareas,listview_getorigin,listview_getselectedcount,listview_getselectionmark,listview_getstringwidth,listview_getsubitemrect,listview_gettextbkcolor,listview_gettextcolor,listview_gettooltips,listview_gettopindex,listview_getviewrect,listview_getworkareas,listview_hasgroup,listview_hittest,listview_insertcolumn,listview_insertgroup,listview_insertgroupsorted,listview_insertitem,listview_isgroupviewenabled,listview_mapidtoindex,listview_mapindextoid,listview_movegroup,listview_moveitemtogroup,listview_redrawitems,listview_removeallgroups,listview_removegroup,listview_scroll,listview_setbkcolor,listview_setbkimage,listview_setcallbackmask,listview_setcolumn,listview_setcolumnorderarray,listview_setcolumnwidth,listview_setextendedlistviewstyle,listview_setextendedlistviewstyleex,listview_setgroupinfo,listview_setgroupmetrics,listview_seticonspacing,listview_setimagelist,listview_setinfotip,listview_setitem,listview_setitemcount,listview_setitemcountex,listview_setitemposition,listview_setitemposition32,listview_setitemstate,listview_setitemtext,listview_setselectionmark,listview_settextbkcolor,listview_settextcolor,listview_settooltips,listview_setworkareas,listview_sortgroups,listview_sortitems,listview_subitemhittest,listview_update,lv_dispinfo,lv_findinfo,lvbkimage,lvbkimagea,lvbkimagew,lvcolumn,lvcolumna,lvcolumnw,lvfindinfo,lvfindinfoa,lvfindinfow,lvgroup,lvgroupmetrics,lvhittestinfo,lvinsertgroupsorted,lvitem,lvitema,lvitemw,lvm_approximateviewrect,lvm_arrange,lvm_createdragimage,lvm_deleteallitems,lvm_deletecolumn,lvm_deleteitem,lvm_editlabel,lvm_enablegroupview,lvm_ensurevisible,lvm_finditem,lvm_getbkcolor,lvm_getbkimage,lvm_getcallbackmask,lvm_getcolumn,lvm_getcolumnorderarray,lvm_getcolumnwidth,lvm_getcountperpage,lvm_geteditcontrol,lvm_getextendedlistviewstyle,lvm_getgroupcount,lvm_getgroupinfo,lvm_getgroupinfobyindex,lvm_getgroupmetrics,lvm_getheader,lvm_getimagelist,lvm_getisearchstring,lvm_getitem,lvm_getitemcount,lvm_getitemposition,lvm_getitemrect,lvm_getitemspacing,lvm_getitemstate,lvm_getitemtext,lvm_getnextitem,lvm_getnumberofworkareas,lvm_getorigin,lvm_getselectedcount,lvm_getselectionmark,lvm_getstringwidth,lvm_getsubitemrect,lvm_gettextbkcolor,lvm_gettextcolor,lvm_gettooltips,lvm_gettopindex,lvm_getviewrect,lvm_getworkareas,lvm_hasgroup,lvm_hittest,lvm_insertcolumn,lvm_insertgroup,lvm_insertgroupsorted,lvm_insertitem,lvm_isgroupviewenabled,lvm_mapidtoindex,lvm_mapindextoid,lvm_movegroup,lvm_moveitemtogroup,lvm_redrawitems,lvm_removeallgroups,lvm_removegroup,lvm_scroll,lvm_setbkcolor,lvm_setbkimage,lvm_setcallbackmask,lvm_setcolumn,lvm_setcolumnorderarray,lvm_setcolumnwidth,lvm_setextendedlistviewstyle,lvm_setgroupinfo,lvm_setgroupmetrics,lvm_seticonspacing,lvm_setimagelist,lvm_setinfotip,lvm_setitem,lvm_setitemcount,lvm_setitemposition,lvm_setitemposition32,lvm_setitemstate,lvm_setitemtext,lvm_setselectionmark,lvm_settextbkcolor,lvm_settextcolor,lvm_settooltips,lvm_setworkareas,lvm_sortgroups,lvm_sortitems,lvm_subitemhittest,lvm_update,lvn_begindrag,lvn_beginlabeledit,lvn_columnclick,lvn_deleteallitems,lvn_deleteitem,lvn_enddrag,lvn_endlabeledit,lvn_getdispinfo,lvn_getinfotip,lvn_insertitem,lvn_itemactivate,lvn_itemchanged,lvn_itemchanging,lvn_keydown,lvn_marqueebegin,lvn_odcachehint,lvn_odfinditem,lvn_odstatechanged,lvn_setdispinfo,lvsetinfotip,mchittestinfo,mcm_getcolor,mcm_getcursel,mcm_getfirstdayofweek,mcm_getmaxnonewidth,mcm_getmaxselcount,mcm_getmaxtodaywidth,mcm_getminreqrect,mcm_getmonthdelta,mcm_getmonthrange,mcm_getrange,mcm_getselrange,mcm_gettoday,mcm_hittest,mcm_setcolor,mcm_setcursel,mcm_setdaystate,mcm_setfirstdayofweek,mcm_setmaxselcount,mcm_setmonthdelta,mcm_setrange,mcm_setselrange,mcm_settoday,mcn_getdaystate,mcn_selchange,mcn_select,mcn_selectnone,monthcal_getcolor,monthcal_getcursel,monthcal_getfirstdayofweek,monthcal_getmaxselcount,monthcal_getmaxtodaywidth,monthcal_getminreqrect,monthcal_getmonthdelta,monthcal_getmonthrange,monthcal_getrange,monthcal_getselrange,monthcal_gettoday,monthcal_hittest,monthcal_setcolor,monthcal_setcursel,monthcal_setdaystate,monthcal_setfirstdayofweek,monthcal_setmaxselcount,monthcal_setmonthdelta,monthcal_setrange,monthcal_setselrange,monthcal_settoday,nm_click,nm_customdraw,nm_dblclk,nm_hover,nm_keydown,nm_killfocus,nm_outofmemory,nm_rclick,nm_rdblclk,nm_recognizegesture,nm_return,nm_setfocus,nm_treeview,nmcustomdraw,nmdatetimechange,nmdatetimeformat,nmdatetimeformata,nmdatetimeformatquery,nmdatetimeformatquerya,nmdatetimeformatqueryw,nmdatetimeformatw,nmdatetimestring,nmdatetimestringa,nmdatetimestringw,nmdatetimewmkeydown,nmdatetimewmkeydowna,nmdatetimewmkeydownw,nmdaystate,nmhddispinfo,nmhddispinfoa,nmhddispinfow,nmheader,nmheadera,nmheaderw,nmkey,nmlistview,nmlvcachehint,nmlvcustomdraw,nmlvfinditem,nmlvfinditema,nmlvfinditemw,nmlvgetinfotip,nmlvgetinfotipa,nmlvgetinfotipw,nmlvkeydown,nmlvodstatechange,nmmouse,nmrbautosize,nmrebar,nmselchange,nmtckeydown,nmtoolbar,nmtoolbara,nmtoolbarw,nmttcustomdraw,nmttdispinfo,nmttdispinfoa,nmttdispinfow,nmtvcustomdraw,nmtvkeydown,nmupdown,pbm_deltapos,pbm_getpos,pbm_getrange,pbm_setpos,pbm_setrange,pbm_setrange32,pbm_setstep,pbm_stepit,pbrange,psm_addpage,psm_apply,psm_canceltoclose,psm_changed,psm_getcurrentpagehwnd,psm_gettabcontrol,psm_isdialogmessage,psm_pressbutton,psm_querysiblings,psm_rebootsystem,psm_removepage,psm_restartwindows,psm_setcursel,psm_setcurselid,psm_setfinishtext,psm_settitle,psm_setwizbuttons,psm_unchanged,rb_deleteband,rb_getbandborders,rb_getbandcount,rb_getbandinfo,rb_getbarheight,rb_getbarinfo,rb_getbkcolor,rb_getrect,rb_getrowcount,rb_getrowheight,rb_gettextcolor,rb_hittest,rb_idtoindex,rb_insertband,rb_maximizeband,rb_minimizeband,rb_setbandinfo,rb_setbarinfo,rb_setbkcolor,rb_setparent,rb_settextcolor,rb_showband,rb_sizetorect,rbhittestinfo,rbn_autosize,rbn_begindrag,rbn_enddrag,rbn_heightchange,rbn_layoutchanged,rebarbandinfo,rebarbandinfoa,rebarbandinfow,rebarinfo,sb_getborders,sb_geticon,sb_getparts,sb_getrect,sb_gettext,sb_gettextlength,sb_issimple,sb_setbkcolor,sb_seticon,sb_setminheight,sb_setparts,sb_settext,sb_simple,sbm_getpos,sbm_getrange,sbm_getscrollinfo,sbm_setpos,sbm_setrange,sbm_setrangeredraw,sbm_setscrollinfo,sbn_simplemodechange,stm_getimage,stm_setimage,stn_clicked,stn_disable,stn_enable,tabctrl_adjustrect,tabctrl_deleteallitems,tabctrl_deleteitem,tabctrl_deselectall,tabctrl_getcurfocus,tabctrl_getcursel,tabctrl_getextendedstyle,tabctrl_getimagelist,tabctrl_getitem,tabctrl_getitemcount,tabctrl_getitemrect,tabctrl_getrowcount,tabctrl_highlightitem,tabctrl_hittest,tabctrl_insertitem,tabctrl_removeimage,tabctrl_setcurfocus,tabctrl_setcursel,tabctrl_setextendedstyle,tabctrl_setimagelist,tabctrl_setitem,tabctrl_setitemextra,tabctrl_setitemsize,tabctrl_setmintabwidth,tabctrl_setpadding,tb_addbitmap,tb_addbuttons,tb_addstring,tb_autosize,tb_buttoncount,tb_buttonstructsize,tb_changebitmap,tb_checkbutton,tb_commandtoindex,tb_deletebutton,tb_enablebutton,tb_getbitmap,tb_getbitmapflags,tb_getbutton,tb_getbuttoninfo,tb_getbuttonsize,tb_getbuttontext,tb_getdisabledimagelist,tb_getimagelist,tb_getitemrect,tb_getrect,tb_getrows,tb_getstate,tb_getstyle,tb_gettextrows,tb_gettooltips,tb_hidebutton,tb_highlightbutton,tb_indeterminate,tb_insertbutton,tb_isbuttonchecked,tb_isbuttonenabled,tb_isbuttonhidden,tb_isbuttonhighlighted,tb_isbuttonindeterminate,tb_isbuttonpressed,tb_loadimages,tb_pressbutton,tb_replacebitmap,tb_setbitmapsize,tb_setbuttoninfo,tb_setbuttonsize,tb_setbuttonwidth,tb_setcmdid,tb_setdisabledimagelist,tb_setdrawtextflags,tb_setimagelist,tb_setindent,tb_setmaxtextrows,tb_setparent,tb_setrows,tb_setstate,tb_setstyle,tb_settooltips,tbaddbitmap,tbbutton,tbbuttoninfo,tbbuttoninfoa,tbbuttoninfow,tbm_clearsel,tbm_cleartics,tbm_getbuddy,tbm_getchannelrect,tbm_getlinesize,tbm_getnumtics,tbm_getpagesize,tbm_getpos,tbm_getptics,tbm_getrangemax,tbm_getrangemin,tbm_getselend,tbm_getselstart,tbm_getthumblength,tbm_getthumbrect,tbm_gettic,tbm_getticpos,tbm_setbuddy,tbm_setlinesize,tbm_setpagesize,tbm_setpos,tbm_setrange,tbm_setrangemax,tbm_setrangemin,tbm_setsel,tbm_setselend,tbm_setselstart,tbm_setthumblength,tbm_settic,tbm_setticfreq,tbn_begindrag,tbn_dragout,tbn_dropdown,tbn_enddrag,tbn_getbuttoninfo,tbreplacebitmap,tchittestinfo,tcitem,tcitema,tcitemheader,tcitemheadera,tcitemheaderw,tcitemw,tcm_adjustrect,tcm_deleteallitems,tcm_deleteitem,tcm_deselectall,tcm_getcurfocus,tcm_getcursel,tcm_getextendedstyle,tcm_getimagelist,tcm_getitem,tcm_getitemcount,tcm_getitemrect,tcm_getrowcount,tcm_highlightitem,tcm_hittest,tcm_insertitem,tcm_removeimage,tcm_setcurfocus,tcm_setcursel,tcm_setextendedstyle,tcm_setimagelist,tcm_setitem,tcm_setitemextra,tcm_setitemsize,tcm_setmintabwidth,tcm_setpadding,tcn_keydown,tcn_selchange,tcn_selchanging,toolinfo,treeview_createdragimage,treeview_deleteallitems,treeview_deleteitem,treeview_editlabel,treeview_endeditlabelnow,treeview_ensurevisible,treeview_expand,treeview_getchild,treeview_getcount,treeview_getdrophilight,treeview_geteditcontrol,treeview_getfirstvisible,treeview_getimagelist,treeview_getindent,treeview_getisearchstring,treeview_getitem,treeview_getitemrect,treeview_getnextitem,treeview_getnextsibling,treeview_getnextvisible,treeview_getparent,treeview_getprevsibling,treeview_getprevvisible,treeview_getroot,treeview_getselection,treeview_getvisiblecount,treeview_hittest,treeview_insertitem,treeview_select,treeview_selectdroptarget,treeview_selectitem,treeview_selectsetfirstvisible,treeview_setimagelist,treeview_setindent,treeview_setitem,treeview_sortchildren,treeview_sortchildrencb,tthittestinfo,tthittestinfoa,tthittestinfow,ttm_activate,ttm_addtool,ttm_deltool,ttm_enumtools,ttm_getcurrenttool,ttm_getdelaytime,ttm_getmargin,ttm_getmaxtipwidth,ttm_gettext,ttm_gettipbkcolor,ttm_gettoolcount,ttm_gettoolinfo,ttm_hittest,ttm_newtoolrect,ttm_pop,ttm_relayevent,ttm_setdelaytime,ttm_setmargin,ttm_setmaxtipwidth,ttm_settipbkcolor,ttm_settiptextcolor,ttm_settoolinfo,ttm_trackactivate,ttm_trackposition,ttm_updatetiptext,ttm_windowfrompoint,ttn_getdispinfo,ttn_needtext,ttn_pop,ttn_show,tv_dispinfo,tv_hittestinfo,tv_insertstruct,tv_item,tv_keydown,tv_sortcb,tvhittestinfo,tvinsertstructa,tvinsertstructw,tvitem,tvitema,tvitemw,tvm_createdragimage,tvm_deleteitem,tvm_editlabel,tvm_endeditlabelnow,tvm_ensurevisible,tvm_expand,tvm_getcount,tvm_geteditcontrol,tvm_getimagelist,tvm_getindent,tvm_getisearchstring,tvm_getitem,tvm_getitemrect,tvm_getnextitem,tvm_getvisiblecount,tvm_hittest,tvm_insertitem,tvm_selectitem,tvm_setimagelist,tvm_setindent,tvm_setitem,tvm_setitemspacing,tvm_sortchildren,tvm_sortchildrencb,tvn_begindrag,tvn_beginlabeledit,tvn_deleteitem,tvn_endlabeledit,tvn_getdispinfo,tvn_itemexpanded,tvn_itemexpanding,tvn_keydown,tvn_selchanged,tvn_selchanging,tvn_setdispinfo,tvsortcb,udaccel,udm_getaccel,udm_getbase,udm_getbuddy,udm_getpos,udm_getpos32,udm_getrange,udm_getrange32,udm_setaccel,udm_setbase,udm_setbuddy,udm_setpos,udm_setpos32,udm_setrange,udm_setrange32,udn_deltapos
commctrl.h, prsht.h, Shlguid.h	1	learn/windows-embedded-ce-6.0	commctrl.h, prsht.h, Shlguid.h	filechangenotify
commctrl.h, shlobj.h	1	learn/windows-embedded-ce-6.0	commctrl.h, shlobj.h	shgetdocumentsfolder
commctrlview.hpp	1	learn/windows-embedded-ce-6.0	commctrlview.hpp	commctrlview_tinit
commdlg.h	36	learn/windows-embedded-ce-6.0,win32/api/commdlg	commdlg.h	cchookproc,cdn_typechange,cfhookproc,choosecolor,choosecolora,choosecolorw,choosefont,choosefonta,choosefontw,commdlgextendederror,devnames,drvadvpagesetupdlg,findreplacea,findreplacew,getopenfilename,getopenfilenamea,getopenfilenamew,getsavefilename,getsavefilenamea,getsavefilenamew,ofnotify,ofnotifya,ofnotifyw,openfilename,openfilenamea,openfilenamew,pagepainthook,pagesetupdlg,pagesetupdlga,pagesetupdlgw,pagesetuphook,printdlg,printdlga,printdlgw,printhookproc,wm_choosefont_getlogfont
commoncontrols.h	2	win32/api/commoncontrols	commoncontrols.h	imageinfo,imagelistdrawparams
condio.h, ctype.h, string.h	2	learn/windows-ce-5.0	condio.h, ctype.h, string.h.	towlower,towupper
conman.h	8	learn/windows-ce-5.0,learn/windows-embedded-ce-6.0	conman.h,conman.h.	iconmancreatenewserverguid,iconmanenumerateserverguids,iconmanget_datastore,iconmangetdevicefromserverguid,iconmangetserverfromserverguid,iconmangetserverguidinfo,iconmansetlocale,iconmansetregistryroot
connmgr.h	16	learn/windows-embedded-ce-6.0	connmgr.h	connmgr_connectioninfo,connmgr_destination_info,connmgrapireadyevent,connmgrconnectionstatus,connmgrconreftypeenum,connmgrenumdestinations,connmgrestablishconnection,connmgrestablishconnectionsync,connmgrmapconref,connmgrmapurl,connmgrprovidermessage,connmgrregisterscheduledconnection,connmgrreleaseconnection,connmgrsetconnectionpriority,connmgrunregisterscheduledconnection,scheduledconnectioninfo
connmgr_conntypes.h	0	learn/windows-embedded-ce-6.0	connmgr_conntypes.h	
connmgr_proxy.h	1	learn/windows-embedded-ce-6.0	connmgr_proxy.h	proxy_config
connmgr_status.h	4	learn/windows-embedded-ce-6.0	connmgr_status.h	connmgr_connection_detailed_status,connmgr_connection_ipaddr,connmgrquerydetailedstatus,connmgrregisterforstatuschangenotification
console.h	9	learn/windows-embedded-ce-6.0	console.h	ioctl_console_cls,ioctl_console_flushinput,ioctl_console_getmode,ioctl_console_getscreencols,ioctl_console_getscreenrows,ioctl_console_gettitle,ioctl_console_setcontrolcevent,ioctl_console_setmode,ioctl_console_settitle
control.h	102	win32/api/control	control.h	ibasicaudioget_balance,ibasicaudioget_volume,ibasicaudioput_balance,ibasicaudioput_volume,ibasicvideoget_avgtimeperframe,ibasicvideoget_biterrorrate,ibasicvideoget_bitrate,ibasicvideoget_destinationheight,ibasicvideoget_destinationleft,ibasicvideoget_destinationtop,ibasicvideoget_destinationwidth,ibasicvideoget_sourceheight,ibasicvideoget_sourceleft,ibasicvideoget_sourcetop,ibasicvideoget_sourcewidth,ibasicvideoget_videoheight,ibasicvideoget_videowidth,ibasicvideogetcurrentimage,ibasicvideogetdestinationposition,ibasicvideogetsourceposition,ibasicvideogetvideopaletteentries,ibasicvideogetvideosize,ibasicvideoisusingdefaultdestination,ibasicvideoisusingdefaultsource,ibasicvideoput_destinationheight,ibasicvideoput_destinationleft,ibasicvideoput_destinationtop,ibasicvideoput_destinationwidth,ibasicvideoput_sourceheight,ibasicvideoput_sourceleft,ibasicvideoput_sourcetop,ibasicvideoput_sourcewidth,ibasicvideosetdefaultdestinationposition,ibasicvideosetdefaultsourceposition,ibasicvideosetdestinationposition,ibasicvideosetsourceposition,imediacontroladdsourcefilter,imediacontrolgetstate,imediacontrolpause,imediacontrolrenderfile,imediacontrolrun,imediacontrolstop,imediacontrolstopwhenready,imediaeventcanceldefaulthandling,imediaeventexgetnotifyflags,imediaeventexsetnotifyflags,imediaeventexsetnotifywindow,imediaeventfreeeventparams,imediaeventgetevent,imediaeventgeteventhandle,imediaeventrestoredefaulthandling,imediaeventwaitforcompletion,imediapositioncanseekbackward,imediapositioncanseekforward,imediapositionget_currentposition,imediapositionget_duration,imediapositionget_prerolltime,imediapositionget_rate,imediapositionget_stoptime,imediapositionput_currentposition,imediapositionput_prerolltime,imediapositionput_rate,imediapositionput_stoptime,ivideowindowget_autoshow,ivideowindowget_backgroundpalette,ivideowindowget_bordercolor,ivideowindowget_caption,ivideowindowget_fullscreenmode,ivideowindowget_height,ivideowindowget_left,ivideowindowget_messagedrain,ivideowindowget_owner,ivideowindowget_top,ivideowindowget_visible,ivideowindowget_width,ivideowindowget_windowstate,ivideowindowget_windowstyle,ivideowindowget_windowstyleex,ivideowindowgetmaxidealimagesize,ivideowindowgetminidealimagesize,ivideowindowgetrestoreposition,ivideowindowgetwindowposition,ivideowindowhidecursor,ivideowindowiscursorhidden,ivideowindownotifyownermessage,ivideowindowput_autoshow,ivideowindowput_backgroundpalette,ivideowindowput_bordercolor,ivideowindowput_caption,ivideowindowput_fullscreenmode,ivideowindowput_height,ivideowindowput_left,ivideowindowput_messagedrain,ivideowindowput_owner,ivideowindowput_top,ivideowindowput_visible,ivideowindowput_width,ivideowindowput_windowstate,ivideowindowput_windowstyle,ivideowindowput_windowstyleex,ivideowindowsetwindowforeground,ivideowindowsetwindowposition
controldefinitions.h	21	learn/windows-embedded-ce-6.0	controldefinitions.h	dialog_hook_proc,ph_color,ph_dialog_screen_parameters,ph_font,ph_menu_screen_parameters,ph_message_box_parameters,phcreatelabelededitdisplayitem,phcreatetextdisplayitem,phdialogscreen,phdrawbackground,phgetcolor,phgetfont,phinitcommoncontrols,phmenuscreen,phmessagebox,phms_item,phregistersingletonapplication,phuninitcommoncontrols,status_header_parameters,status_header_parameters_ex,status_header_priority
cpl.h	11	learn/windows-embedded-ce-6.0,win32/api/cpl	cpl.h	cpl_dblclk,cpl_exit,cpl_getcount,cpl_init,cpl_newinquire,cpl_stop,cplapplet,cplinfo,newcplinfo,newcplinfoa,newcplinfow
cred.h	6	learn/windows-embedded-ce-6.0	cred.h	cred,creddelete,credfree,credread,credupdate,credwrite
cred_prov.h	3	learn/windows-embedded-ce-6.0	cred_prov.h	handleblob,matchtarget,matchuser
credmgr.h	4	learn/windows-embedded-ce-6.0	credmgr.h	cecredfree,cecredread,cecredwrite,credential
cs.h	32	learn/windows-embedded-ce-6.0	cs.h	cs_compression,cs_framing_item,cs_framing_range,cs_framing_range_weighted,csallocator_framing,csallocator_framing_ex,csdataformat,csdatarange,csidentifier,csmultiple_item,csp_pin,cspin_cinstances,csproperty,csproperty_bounds_long,csproperty_bounds_longlong,csproperty_connection,csproperty_description,csproperty_item,csproperty_membersheader,csproperty_memberslist,csproperty_pin,csproperty_set,csproperty_stepping_long,csproperty_stepping_longlong,csproperty_values,csstate,csstream_header,cstime,define_csproperty_item,define_csproperty_set,define_csproperty_set_table,define_csproperty_table
csmedia.h	30	learn/windows-embedded-ce-6.0	csmedia.h	cs_bitmapinfoheader,cs_compressioncaps,cs_datarange_video,cs_datarange_video2,cs_frame_info,cs_mpeg1videoinfo,cs_rgbquad,cs_truecolorinfo,cs_video_stream_config_caps,cs_videocontrolflags,cs_videoinfoheader,cs_videoinfoheader2,csproperty_cameracontrol_s,csproperty_droppedframes_current_s,csproperty_vidcap_cameracontrol,csproperty_vidcap_droppedframes,csproperty_vidcap_videocompression,csproperty_vidcap_videocontrol,csproperty_vidcap_videoprocamp,csproperty_videocompression_getinfo_s,csproperty_videocompression_s,csproperty_videocontrol_actual_frame_rate_s,csproperty_videocontrol_caps_s,csproperty_videocontrol_frame_rates_s,csproperty_videocontrol_mode_s,csproperty_videoprocamp_s,csstream_allocator,ioctl_cs_buffers,ioctl_cs_property,ioctl_stream_instantiate
ctblt.h	2	learn/windows-embedded-ce-6.0	ctblt.h	setcleartypebltgamma,setcleartypebltmasks
ctype.h, stdlib.h, stdio.h	1	learn/windows-ce-5.0	ctype.h, stdlib.h, stdio.h.	ungetc
d3dm.h	105	learn/windows-embedded-ce-6.0	d3dm.h	d3dmcreate_multithreaded,d3dmcurrent_display_mode,direct3dmobilecreate,idirect3dmobilebasetexturegetlevelcount,idirect3dmobilebasetexturegetlod,idirect3dmobilebasetexturesetlod,idirect3dmobilecheckdepthstencilmatch,idirect3dmobilecheckdeviceformat,idirect3dmobilecheckdeviceformatconversion,idirect3dmobilecheckdevicemultisampletype,idirect3dmobilecheckdevicetype,idirect3dmobilecheckprofile,idirect3dmobilecreatedevice,idirect3dmobiledevicebeginscene,idirect3dmobiledeviceclear,idirect3dmobiledevicecolorfill,idirect3dmobiledevicecopyrects,idirect3dmobiledevicecreateadditionalswapchain,idirect3dmobiledevicecreatedepthstencilsurface,idirect3dmobiledevicecreateimagesurface,idirect3dmobiledevicecreateindexbuffer,idirect3dmobiledevicecreaterendertarget,idirect3dmobiledevicecreatetexture,idirect3dmobiledevicecreatevertexbuffer,idirect3dmobiledevicedrawindexedprimitive,idirect3dmobiledevicedrawprimitive,idirect3dmobiledeviceendscene,idirect3dmobiledevicegetavailabletexturemem,idirect3dmobiledevicegetbackbuffer,idirect3dmobiledevicegetclipstatus,idirect3dmobiledevicegetcreationparameters,idirect3dmobiledevicegetcurrenttexturepalette,idirect3dmobiledevicegetdepthstencilsurface,idirect3dmobiledevicegetdevicecaps,idirect3dmobiledevicegetdirect3d,idirect3dmobiledevicegetdisplaymode,idirect3dmobiledevicegetfrontbuffer,idirect3dmobiledevicegetindices,idirect3dmobiledevicegetinfo,idirect3dmobiledevicegetlight,idirect3dmobiledevicegetlightenable,idirect3dmobiledevicegetmaterial,idirect3dmobiledevicegetpaletteentries,idirect3dmobiledevicegetrenderstate,idirect3dmobiledevicegetrendertarget,idirect3dmobiledevicegetstreamsource,idirect3dmobiledevicegettexture,idirect3dmobiledevicegettexturestagestate,idirect3dmobiledevicegettransform,idirect3dmobiledevicegetviewport,idirect3dmobiledevicelightenable,idirect3dmobiledevicepresent,idirect3dmobiledeviceprocessvertices,idirect3dmobiledevicereset,idirect3dmobiledeviceresourcemanagerdiscardbytes,idirect3dmobiledevicesetclipstatus,idirect3dmobiledevicesetcurrenttexturepalette,idirect3dmobiledevicesetindices,idirect3dmobiledevicesetlight,idirect3dmobiledevicesetmaterial,idirect3dmobiledevicesetpaletteentries,idirect3dmobiledevicesetrenderstate,idirect3dmobiledevicesetrendertarget,idirect3dmobiledevicesetstreamsource,idirect3dmobiledevicesettexture,idirect3dmobiledevicesettexturestagestate,idirect3dmobiledevicesettransform,idirect3dmobiledevicesetviewport,idirect3dmobiledevicestretchrect,idirect3dmobiledevicetestcooperativelevel,idirect3dmobiledeviceupdatetexture,idirect3dmobiledevicevalidatedevice,idirect3dmobileenumadaptermodes,idirect3dmobilegetadaptercount,idirect3dmobilegetadapterdisplaymode,idirect3dmobilegetadapteridentifier,idirect3dmobilegetadaptermodecount,idirect3dmobilegetdevicecaps,idirect3dmobileindexbuffergetdesc,idirect3dmobileindexbufferlock,idirect3dmobileindexbufferunlock,idirect3dmobileregistersoftwaredevice,idirect3dmobileresourcegetdevice,idirect3dmobileresourcegetpriority,idirect3dmobileresourcegettype,idirect3dmobileresourcepreload,idirect3dmobileresourcesetpriority,idirect3dmobilesurfacegetcontainer,idirect3dmobilesurfacegetdc,idirect3dmobilesurfacegetdesc,idirect3dmobilesurfacegetdevice,idirect3dmobilesurfacelockrect,idirect3dmobilesurfacereleasedc,idirect3dmobilesurfaceunlockrect,idirect3dmobileswapchaingetbackbuffer,idirect3dmobileswapchainpresent,idirect3dmobiletextureadddirtyrect,idirect3dmobiletexturegetleveldesc,idirect3dmobiletexturegetsurfacelevel,idirect3dmobiletexturelockrect,idirect3dmobiletextureunlockrect,idirect3dmobilevertexbuffergetdesc,idirect3dmobilevertexbufferlock,idirect3dmobilevertexbufferunlock,make_d3dmhresult
d3dmcaps.h	1	learn/windows-embedded-ce-6.0	d3dmcaps.h	d3dmcaps
d3dmddk.h	65	learn/windows-embedded-ce-6.0	d3dmddk.h	d3dm_clear,d3dm_colorfill,d3dm_command,d3dm_copyrect,d3dm_createcontext,d3dm_createcontext_data,d3dm_createcontext_ptr,d3dm_createlight,d3dm_createpalette,d3dm_createsurface,d3dm_createsurface_data,d3dm_createsurface_ptr,d3dm_destroycontext,d3dm_destroycontext_data,d3dm_destroycontext_ptr,d3dm_destroysurface,d3dm_destroysurface_data,d3dm_destroysurface_ptr,d3dm_dll_entry,d3dm_drawindexedprimitive,d3dm_drawprimitive,d3dm_drawprimitive_data,d3dm_drawprimitive_ptr,d3dm_getadapterinfo,d3dm_getadapterinfo_data,d3dm_getadapterinfo_ptr,d3dm_getinfo,d3dm_getinfo_data,d3dm_getinfo_ptr,d3dm_indexbuffer,d3dm_initialize,d3dm_initialize_data,d3dm_locksurface,d3dm_locksurface_data,d3dm_locksurface_ptr,d3dm_material,d3dm_operation,d3dm_present,d3dm_processvertices,d3dm_renderstate,d3dm_rendertarget,d3dm_resourcemanager,d3dm_resourcemanager_action,d3dm_resourcemanager_data,d3dm_resourcemanager_ptr,d3dm_setlight,d3dm_setlight_datatype,d3dm_setlight_withdata,d3dm_setpalette,d3dm_setpalette_datatype,d3dm_setpalette_withentries,d3dm_stretchrect,d3dm_texturestagestate,d3dm_transform,d3dm_unlocksurface,d3dm_unlocksurface_data,d3dm_unlocksurface_ptr,d3dm_validatedevice,d3dm_validatedevice_data,d3dm_validatedevice_ptr,d3dm_vertexbuffer,d3dm_viewport,d3dmdeviceformat,d3dmtexture_desc,d3dmtss_texture
d3dmtypes.h	54	learn/windows-embedded-ce-6.0	d3dmtypes.h	d3dm_make_d3dmvalue,d3dm_make_rsvalue,d3dmadapter_identifier,d3dmbackbuffer_type,d3dmblend,d3dmblendop,d3dmclipstatus,d3dmcmpfunc,d3dmcolor,d3dmcolor_argb,d3dmcolor_rgba,d3dmcolor_xrgb,d3dmcolorvalue,d3dmcull,d3dmdevice_creation_parameters,d3dmdevtype,d3dmdisplaymode,d3dmfillmode,d3dmfogmode,d3dmformat,d3dmfvf_texcoordfixed,d3dmfvf_texcoordfloat,d3dmindexbuffer_desc,d3dmlight,d3dmlighttype,d3dmlocked_rect,d3dmmaterial,d3dmmaterialcolorsource,d3dmmatrix,d3dmmultisample_type,d3dmpool,d3dmpresent_parameters,d3dmpresentflag_lockable_backbuffer,d3dmprimitivetype,d3dmprofile,d3dmrenderstate_wrapbias,d3dmrenderstatetype,d3dmresourcetype,d3dmshademode,d3dmstencilop,d3dmsurface_desc,d3dmswapeffect,d3dmtextureaddress,d3dmtexturefiltertype,d3dmtextureop,d3dmtexturestagestatetype,d3dmtexturetransformflags,d3dmtransformstatetype,d3dmvalue,d3dmvector,d3dmvertexbuffer_desc,d3dmviewport,d3dmzbuffertype,max_device_identifier_string
d3dmx.h	93	learn/windows-embedded-ce-6.0	d3dmx.h	d3dmxchecktexturerequirements,d3dmxcreatetexture,d3dmxcreatetexturefromfileex,d3dmxcreatetexturefromresourceex,d3dmxdivfxd,d3dmximage_info,d3dmxinline,d3dmxloadsurfacefromfile,d3dmxloadsurfacefromfileinmemory,d3dmxloadsurfacefromresource,d3dmxloadsurfacefromsurface,d3dmxmatrix,d3dmxmatrixfdeterminant,d3dmxmatrixfdeterminantfxd,d3dmxmatrixfxd,d3dmxmatrixidentity,d3dmxmatrixidentityfxd,d3dmxmatrixinverse,d3dmxmatrixinversefxd,d3dmxmatrixlookatlh,d3dmxmatrixlookatlhfxd,d3dmxmatrixmultiply,d3dmxmatrixmultiplyfxd,d3dmxmatrixorthooffcenterlh,d3dmxmatrixorthooffcenterlhfxd,d3dmxmatrixperspectivefovlh,d3dmxmatrixperspectivefovlhfxd,d3dmxmatrixperspectiveoffcenterlh,d3dmxmatrixperspectiveoffcenterlhfxd,d3dmxmatrixrotationaxis,d3dmxmatrixrotationaxisfxd,d3dmxmatrixrotationx,d3dmxmatrixrotationxfxd,d3dmxmatrixrotationy,d3dmxmatrixrotationyawpitchroll,d3dmxmatrixrotationyawpitchrollfxd,d3dmxmatrixrotationyfxd,d3dmxmatrixrotationz,d3dmxmatrixrotationzfxd,d3dmxmatrixscaling,d3dmxmatrixscalingfxd,d3dmxmatrixtranslation,d3dmxmatrixtranslationfxd,d3dmxmatrixtranspose,d3dmxmatrixtransposefxd,d3dmxmulfxd,d3dmxtodegree,d3dmxtodegreefxd,d3dmxtofixed,d3dmxtofloat,d3dmxtoradian,d3dmxtoradianfxd,d3dmxvec3add,d3dmxvec3addfxd,d3dmxvec3cross,d3dmxvec3crossfxd,d3dmxvec3dot,d3dmxvec3dotfxd,d3dmxvec3length,d3dmxvec3lengthfxd,d3dmxvec3lengthsq,d3dmxvec3lengthsqfxd,d3dmxvec3normalize,d3dmxvec3normalizefxd,d3dmxvec3scale,d3dmxvec3scalefxd,d3dmxvec3subtract,d3dmxvec3subtractfxd,d3dmxvec3transform,d3dmxvec3transformfxd,d3dmxvec4add,d3dmxvec4addfxd,d3dmxvec4cross,d3dmxvec4crossfxd,d3dmxvec4dot,d3dmxvec4dotfxd,d3dmxvec4length,d3dmxvec4lengthfxd,d3dmxvec4lengthsq,d3dmxvec4lengthsqfxd,d3dmxvec4normalize,d3dmxvec4normalizefxd,d3dmxvec4scale,d3dmxvec4scalefxd,d3dmxvec4subtract,d3dmxvec4subtractfxd,d3dmxvec4transform,d3dmxvec4transformfxd,d3dmxvector3,d3dmxvector3fxd,d3dmxvector4,d3dmxvector4fxd,fixed
databaseapi.hpp	4	learn/windows-embedded-ce-6.0	databaseapi.hpp	ph_speeddial_entry,phaddspeeddialentry,phinitcallerinfodb,phinitcalllogdb
datetimeapi.h	4	win32/api/datetimeapi	datetimeapi.h	getdateformata,getdateformatw,gettimeformata,gettimeformatw
dbgapi.h	13	learn/windows-embedded-ce-6.0	dbgapi.h	assert,assertmsg,dbgparam,debugchk,debugled,debugmsg,debugzone,errormsg,nkdbgprintfw,registerdbgzones,retailled,retailmsg,writedebugled
dccole.h	11	learn/windows-embedded-ce-6.0	dccole.h	idccmanadvise,idccmanshowcommsettings,idccmansinkonlogactive,idccmansinkonloganswered,idccmansinkonlogdisconnection,idccmansinkonlogerror,idccmansinkonloginactive,idccmansinkonlogipaddr,idccmansinkonloglisten,idccmansinkonlogterminated,idccmanunadvise
dccole2.h	1	learn/windows-embedded-ce-6.0	dccole2.h	idccmansink2onlogipaddrex
ddgpe.h	65	learn/windows-embedded-ce-6.0	ddgpe.h	ddgpeallocbackbuffer,ddgpeallocsurface,ddgpeallocsurfacedata,ddgpeallocvideosurface,ddgpebltexpanded,ddgpebltparams,ddgpebltprepare,ddgpeddgpeprimarysurface,ddgpedetectmode,ddgpedetectpixelformat,ddgpedriverdata,ddgpegetdriverdata,ddgpegetdriverguid,ddgpegetmodeinfoex,ddgpegetphysicalmodeid,ddgpeindisplay,ddgpeperformblt,ddgpesetdriverdata,ddgpesetdriverguid,ddgpesetmode,ddgpesetvisiblesurface,ddgpestandardheader,ddgpesurfalignedwidth,ddgpesurfbpp,ddgpesurfcolorkey,ddgpesurfcolorkeyhigh,ddgpesurfcolorkeylow,ddgpesurfcolorkeymask,ddgpesurfdeletesurface,ddgpesurfgetddgpesurf,ddgpesurfgetdirectdrawsurface,ddgpesurfgetdriverdata,ddgpesurfgetdriverguid,ddgpesurfhasalpha,ddgpesurfinit,ddgpesurfisoverlay,ddgpesurfpixelformat,ddgpesurfsetcolorkey,ddgpesurfsetcolorkeyhigh,ddgpesurfsetcolorkeylow,ddgpesurfsetcolorkeymask,ddgpesurfsetddgpesurf,ddgpesurfsetdirectdrawsurface,ddgpesurfsetdriverdata,ddgpesurfsetdriverguid,ddgpesurfsetoverlay,ddgpesurfsetrotation,ddgpesurfsurfacesize,ddgpewrapsurface,eddgpepixelformat,eddgpepixelformattoegpeformat,egpeformattoeddgpepixelformat,g_nvideomemorysize,g_pddrawprimarysurface,g_pgpe,g_pvideomemory,gpemodeex,m_dwphysicalmodeid,m_pmodeex,surfaceheapaddress,surfaceheapalloc,surfaceheapavailable,surfaceheapfree,surfaceheapnodesize,surfaceheapsize
ddhal.h	2	learn/windows-embedded-ce-6.0	ddhal.h	ddhal_set_palette,ioctl_hal_ddi
ddkreg.h	7	learn/windows-embedded-ce-6.0	ddkreg.h	ddkisrinfo,ddkpciinfo,ddkreg_getisrinfo,ddkreg_getpciinfo,ddkreg_getwindowinfo,ddkwindowinfo,devicewindow
ddraw.h	90	learn/windows-embedded-ce-6.0,win32/api/ddraw	ddraw.h	ddalphabltfx,ddargb,ddbltfx,ddcaps,ddcolorcontrol,ddcolorkey,dddeviceidentifier,ddenumcallbackex,ddgammaramp,ddoverlayfx,ddpixelformat,ddscaps,ddscaps2,ddsurfacedesc,ddsurfacedesc2,directdrawcreate,directdrawcreateclipper,directdrawenumeratea,directdrawenumerateex,directdrawenumerateexa,directdrawenumerateexw,directdrawenumeratew,enummodescallback,enumsurfacescallback,idirectdrawclipper,idirectdrawclippergetcliplist,idirectdrawclippergethwnd,idirectdrawclipperinitialize,idirectdrawclipperiscliplistchanged,idirectdrawclippersetcliplist,idirectdrawclippersethwnd,idirectdrawcolorcontrol,idirectdrawcolorcontrolgetcolorcontrols,idirectdrawcolorcontrolsetcolorcontrols,idirectdrawcreateclipper,idirectdrawcreatesurface,idirectdrawenumdisplaymodes,idirectdrawenumsurfaces,idirectdrawfliptogdisurface,idirectdrawgammacontrolgetgammaramp,idirectdrawgammacontrolsetgammaramp,idirectdrawgetavailablevidmem,idirectdrawgetcaps,idirectdrawgetdeviceidentifier,idirectdrawgetdisplaymode,idirectdrawgetfourcccodes,idirectdrawgetgdisurface,idirectdrawgetmonitorfrequency,idirectdrawgetscanline,idirectdrawgetsurfacefromdc,idirectdrawgetverticalblankstatus,idirectdrawpalette,idirectdrawpalettegetcaps,idirectdrawpalettegetentries,idirectdrawpaletteinitialize,idirectdrawpalettesetentries,idirectdrawrestoreallsurfaces,idirectdrawrestoredisplaymode,idirectdrawsetcooperativelevel,idirectdrawsetdisplaymode,idirectdrawsurfaceaddoverlaydirtyrect,idirectdrawsurfacealphablt,idirectdrawsurfaceblt,idirectdrawsurfaceenumattachedsurfaces,idirectdrawsurfaceenumoverlayzorders,idirectdrawsurfaceflip,idirectdrawsurfacegetbltstatus,idirectdrawsurfacegetcaps,idirectdrawsurfacegetclipper,idirectdrawsurfacegetcolorkey,idirectdrawsurfacegetdc,idirectdrawsurfacegetddinterface,idirectdrawsurfacegetflipstatus,idirectdrawsurfacegetoverlayposition,idirectdrawsurfacegetpalette,idirectdrawsurfacegetpixelformat,idirectdrawsurfacegetsurfacedesc,idirectdrawsurfaceislost,idirectdrawsurfacelock,idirectdrawsurfacereleasedc,idirectdrawsurfacerestore,idirectdrawsurfacesetclipper,idirectdrawsurfacesetcolorkey,idirectdrawsurfacesetoverlayposition,idirectdrawsurfacesetpalette,idirectdrawsurfaceunlock,idirectdrawsurfaceupdateoverlay,idirectdrawsurfaceupdateoverlayzorder,idirectdrawtestcooperativelevel,idirectdrawwaitforverticalblank
ddraw.h, ddrawi.h	2	learn/windows-embedded-ce-6.0	ddraw.h, ddrawi.h	buildddhalinfo,halinit
ddrawi.h	47	learn/windows-embedded-ce-6.0,win32/api/ddrawi	ddrawi.h	ddcorecaps,ddhal_cancreatesurfacedata,ddhal_colorcontroldata,ddhal_createsurfacedata,ddhal_ddcallbacks,ddhal_ddcolorcontrolcallbacks,ddhal_ddmiscellaneouscallbacks,ddhal_ddsurfacecallbacks,ddhal_destroysurfacedata,ddhal_flipdata,ddhal_gammacontroldata,ddhal_getavaildrivermemorydata,ddhal_getbltstatusdata,ddhal_getdeviceidentifierdata,ddhal_getdriverinfodata,ddhal_getflipstatusdata,ddhal_getscanlinedata,ddhal_lockdata,ddhal_setcolorkeydata,ddhal_setoverlaypositiondata,ddhal_unlockdata,ddhal_updateoverlaydata,ddhal_waitforverticalblankdata,ddhalinfo,ddrawi_ddrawclipper_gbl,ddrawi_ddrawcolorcontrol_lcl,ddrawi_ddrawgammacontrol_lcl,ddrawi_ddrawsurface_lcl,ddrawi_directdraw_gbl,lpddhal_cancreatesurface,lpddhal_createsurface,lpddhal_getavaildrivermemory,lpddhal_getdeviceidentifier,lpddhal_getdriverinfo,lpddhal_getscanline,lpddhal_waitforverticalblank,lpddhalcolorcb_colorcontrol,lpddhalcolorcb_gammacontrol,lpddhalsurfcb_destroysurface,lpddhalsurfcb_flip,lpddhalsurfcb_getbltstatus,lpddhalsurfcb_getflipstatus,lpddhalsurfcb_lock,lpddhalsurfcb_setcolorkey,lpddhalsurfcb_setoverlayposition,lpddhalsurfcb_unlock,lpddhalsurfcb_updateoverlay
debugapi.h	9	win32/api/debugapi	debugapi.h	checkremotedebuggerpresent,continuedebugevent,debugactiveprocess,debugactiveprocessstop,debugbreak,isdebuggerpresent,outputdebugstringa,outputdebugstringw,waitfordebugevent
defragdisk.h	5	learn/windows-embedded-ce-6.0	defragdisk.h	defrag_options,defragvolume,defragvolumeex,defragvolumeui,fragnode
devload.h	6	learn/windows-embedded-ce-6.0	devload.h	dmadvertiseinterface,enumdevices,enumpnpids,opendevicekey,post_init_buf,regini
devmgmt.h	7	learn/windows-embedded-ce-6.0	devmgmt.h	cegetdevmgmtpackagelist,cesetdevmgmttask,cestartdevmgmtservice,dmsdlinfo,dmsinvpkgid,dmsinvrecord,dmtaskinfo
dimm.h	2	win32/api/dimm	dimm.h	logfonta,logfontw
dinput.h	1	learn/windows-embedded-ce-6.0	dinput.h	directinputcreate
discodlg.h, mstsax.idl	73	learn/windows-embedded-ce-6.0	discodlg.h, mstsax.idl	imsrdpclientget_advancedsettings2,imsrdpclientget_colordepth,imsrdpclientget_extendeddisconnectreason,imsrdpclientget_securedsettings2,imsrdpclientgetvirtualchanneloptions,imsrdpclientnonscriptablenotifyredirectdevicechange,imsrdpclientnonscriptablesendkeys,imsrdpclientput_colordepth,imsrdpclientrequestclose,imsrdpclientsecuredsettingsget_keyboardhookmode,imsrdpclientsecuredsettingsput_audioredirectionmode,imsrdpclientsecuredsettingsput_keyboardhookmode,imsrdpclientsetvirtualchanneloptions,imstscadvancedsettingsget_allowbackgroundinput,imstscadvancedsettingsget_bitmappersistence,imstscadvancedsettingsget_compress,imstscadvancedsettingsget_containerhandledfullscreen,imstscadvancedsettingsget_disablerdpdr,imstscadvancedsettingsput_allowbackgroundinput,imstscadvancedsettingsput_bitmappersistence,imstscadvancedsettingsput_compress,imstscadvancedsettingsput_containerhandledfullscreen,imstscadvancedsettingsput_disablerdpdr,imstscadvancedsettingsput_iconfile,imstscadvancedsettingsput_iconindex,imstscadvancedsettingsput_keyboardlayoutstr,imstscadvancedsettingsput_plugindlls,imstscaxconnect,imstscaxcreatevirtualchannels,imstscaxdisconnect,imstscaxeventsonconfirmclose,imstscaxeventsonconnected,imstscaxeventsonconnecting,imstscaxeventsondisconnected,imstscaxeventsonfatalerror,imstscaxeventsonidletimeoutnotification,imstscaxeventsonlogincomplete,imstscaxeventsonrequestcontainerminimize,imstscaxeventsonwarning,imstscaxget_advancedsettings,imstscaxget_cipherstrength,imstscaxget_connected,imstscaxget_connectingtext,imstscaxget_desktopheight,imstscaxget_desktopwidth,imstscaxget_disconnectedtext,imstscaxget_domain,imstscaxget_horizontalscrollbarvisible,imstscaxget_securedsettings2,imstscaxget_server,imstscaxget_username,imstscaxget_version,imstscaxget_verticalscrollbarvisible,imstscaxput_connectingtext,imstscaxput_disconnectedtext,imstscaxput_domain,imstscaxput_server,imstscaxput_username,imstscaxsendonvirtualchannel,imstscnonscriptableget_binarypassword,imstscnonscriptableget_binarysalt,imstscnonscriptableget_portablepassword,imstscnonscriptableget_portablesalt,imstscnonscriptableput_binarypassword,imstscnonscriptableput_binarysalt,imstscnonscriptableput_cleartextpassword,imstscnonscriptableput_portablepassword,imstscnonscriptableput_portablesalt,imstscnonscriptableresetpassword,imstscsecuredsettingsget_startprogram,imstscsecuredsettingsget_workdir,imstscsecuredsettingsput_startprogram,imstscsecuredsettingsput_workdir
diskio.h	23	learn/windows-embedded-ce-6.0	diskio.h	delete_sector_info,disk_copy_external,disk_info,ioctl_disk_copy_external_complete,ioctl_disk_copy_external_start,ioctl_disk_device_info,ioctl_disk_flush_cache,ioctl_disk_format_media,ioctl_disk_format_volume,ioctl_disk_get_sector_addr,ioctl_disk_get_storageid,ioctl_disk_getinfo,ioctl_disk_getname,ioctl_disk_read,ioctl_disk_scan_volume,ioctl_disk_secure_wipe,ioctl_disk_set_secure_wipe_flag,ioctl_disk_setinfo,ioctl_disk_write,sector_list_entry,sg_buf,sg_req,storage_identification
displayitem.hpp	7	learn/windows-embedded-ce-6.0	displayitem.hpp	ivoipdisplayitemdraw,ivoipdisplayitemgetheight,ivoipdisplayitemgetsubitemtext,ivoipdisplayitemgettext,ivoipdisplayitemisselectable,ivoipdisplayitemneedstooltip,ivoipdisplayitemsettext
dmamif.h	26	learn/windows-embedded-ce-6.0	dmamif.h	dma_mdd_channel_context,dma_mdd_tranfer_context,dma_pdd_adapter_context,dma_pdd_channel_context,dma_pdd_tranfer_context,lpallocatechannel,lparmtransfer,lpcanarmdma,lpcreatedmapddtransfer,lpcreaterawdmapddtransfer,lpdmapddtransferiocontrol,lpfreedmachannel,lpfreedmatransfer,lpgetdmaadapter,lpischannelsuitable,lpisphysaddrsupported,lpoalallocatecommonbuffer,lpoalfreecommonbuffer,lppollingfortransferdone,lppollingtransferremaining,lppowermgmtcallback,lppoweronreset,lpstartdmatransfer,lpterminatetransfer,lptransfercompletenotify,lpupdateflags
dmo.h	60	learn/windows-embedded-ce-6.0	dmo.h	dmo_enum_flags,dmo_input_data_buffer_flags,dmo_input_stream_info_flags,dmo_media_type,dmo_output_data_buffer,dmo_output_data_buffer_flags,dmo_output_stream_info_flags,dmo_partial_mediatype,dmo_process_output_flags,dmo_register_flags,dmo_set_type_flags,dmo_video_output_stream_flags,dmoenum,dmogetname,dmogettypes,dmounregister,dmounregisterfilter,idmoqualitycontrolgetstatus,idmoqualitycontrolsetnow,idmoqualitycontrolsetstatus,idmovideooutputoptimizationsgetcurrentoperationmode,idmovideooutputoptimizationsgetcurrentsamplerequirements,idmovideooutputoptimizationsqueryoperationmodepreferences,idmovideooutputoptimizationssetoperationmode,ienumdmoclone,ienumdmonext,ienumdmoreset,ienumdmoskip,imediabuffergetbufferandlength,imediabuffergetmaxlength,imediabuffersetlength,imediaobjectallocatestreamingresources,imediaobjectdiscontinuity,imediaobjectflush,imediaobjectfreestreamingresources,imediaobjectgetinputcurrenttype,imediaobjectgetinputmaxlatency,imediaobjectgetinputsizeinfo,imediaobjectgetinputstatus,imediaobjectgetinputstreaminfo,imediaobjectgetinputtype,imediaobjectgetoutputcurrenttype,imediaobjectgetoutputsizeinfo,imediaobjectgetoutputstreaminfo,imediaobjectgetoutputtype,imediaobjectgetstreamcount,imediaobjectinplaceclone,imediaobjectinplacegetlatency,imediaobjectinplaceprocess,imediaobjectlock,imediaobjectprocessoutput,imediaobjectsetinputmaxlatency,imediaobjectsetinputtype,imediaobjectsetoutputtype,mocopymediatype,mocreatemediatype,modeletemediatype,moduplicatemediatype,mofreemediatype,moinitmediatype
dmodshow.h	1	win32/api/dmodshow	dmodshow.h	idmowrapperfilterinit
dmoimpl.h	10	learn/windows-embedded-ce-6.0,win32/api/dmoimpl	dmoimpl.h	_derived_internalacceptinginput,_derived_internalcheckinputtype,_derived_internalcheckoutputtype,_derived_lock,_derived_unlock,imediaobjectimplchecktypesset,imediaobjectimplinputtype,imediaobjectimplinputtypeset,imediaobjectimploutputtype,imediaobjectimploutputtypeset
dmoreg.h	9	learn/windows-embedded-ce-6.0,win32/api/dmoreg	dmoreg.h	dmo_enum_flags,dmo_partial_mediatype,dmo_register_flags,dmoenum,dmogetname,dmogettypes,dmoregister,dmoregisterfilter,dmounregister
dmort.h	6	win32/api/dmort	dmort.h	mocopymediatype,mocreatemediatype,modeletemediatype,moduplicatemediatype,mofreemediatype,moinitmediatype
docobj.h	3	learn/windows-embedded-ce-6.0,win32/api/docobj	docobj.h	icontinuecallback,icontinuecallbackfcontinue,icontinuecallbackfcontinueprinting
dpa_dsa.h	2	win32/api/dpa_dsa	dpa_dsa.h	dpa_fastgetptr,dpa_getptr
dpapi.h	2	win32/api/dpapi	dpapi.h	cryptprotectdata,cryptunprotectdata
drmoutputleveltypes.h	5	learn/windows-embedded-ce-6.0	drmoutputleveltypes.h	drm_minimum_output_protection_levels,drm_opl_output_ids,drm_play_opl,drm_video_output_protection,drm_video_output_protection_ids
dsgetdc.h	7	learn/windows-embedded-ce-6.0,win32/api/dsgetdc	dsgetdc.h	domain_controller_info,domain_controller_infoa,domain_controller_infow,dsgetdcname,dsgetdcnamea,dsgetdcnamew,netapibufferfree
dshow.h	29	learn/windows-embedded-ce-6.0	dshow.h	allocator_properties,am_media_type,am_sample2_properties,am_stream_info,amoviesetup_filter,amoviesetup_mediatype,amoviesetup_pin,amvpdatainfo,amvpsize,audio_stream_config_caps,colorkey,dibdata,filter_info,mpeg1videoinfo,mpeg2videoinfo,pin_info,position,quality,regfilter,regfilterpins,regpintypes,structencoderparameter,timecode,timecode_sample,truecolorinfo,video_stream_config_caps,videoinfo,videoinfoheader,videoinfoheader2
dshow.h, initguid.h, qnetwork.h	13	learn/windows-embedded-ce-6.0	dshow.h, initguid.h, qnetwork.h	iammediacontentget_authorname,iammediacontentget_baseurl,iammediacontentget_copyright,iammediacontentget_description,iammediacontentget_logoiconurl,iammediacontentget_logourl,iammediacontentget_moreinfobannerimage,iammediacontentget_moreinfobannerurl,iammediacontentget_moreinfotext,iammediacontentget_moreinfourl,iammediacontentget_rating,iammediacontentget_title,iammediacontentget_watermarkurl
dsound.h	54	chm/windows-ce-3.0	dsound.h	directsoundcapturecreate,directsoundcaptureenumerate,directsoundcreate,directsoundenumerate,dsbcaps,dsbpositionnotify,dsbufferdesc,dscaps,dscbcaps,dscbufferdesc,dsccaps,dsenumcallback,idirectsound,idirectsoundbuffer,idirectsoundbuffergetcaps,idirectsoundbuffergetcurrentposition,idirectsoundbuffergetformat,idirectsoundbuffergetfrequency,idirectsoundbuffergetpan,idirectsoundbuffergetstatus,idirectsoundbuffergetvolume,idirectsoundbufferinitialize,idirectsoundbufferlock,idirectsoundbufferplay,idirectsoundbufferrestore,idirectsoundbuffersetcurrentposition,idirectsoundbuffersetformat,idirectsoundbuffersetfrequency,idirectsoundbuffersetpan,idirectsoundbuffersetvolume,idirectsoundbufferstop,idirectsoundbufferunlock,idirectsoundcapture,idirectsoundcapturebuffer,idirectsoundcapturebuffergetcaps,idirectsoundcapturebuffergetcurrentposition,idirectsoundcapturebuffergetformat,idirectsoundcapturebuffergetstatus,idirectsoundcapturebufferinitialize,idirectsoundcapturebufferlock,idirectsoundcapturebufferstart,idirectsoundcapturebufferstop,idirectsoundcapturebufferunlock,idirectsoundcapturecreatecapturebuffer,idirectsoundcapturegetcaps,idirectsoundcaptureinitialize,idirectsoundcompact,idirectsoundcreatesoundbuffer,idirectsoundduplicatesoundbuffer,idirectsoundgetcaps,idirectsoundinitialize,idirectsoundnotify,idirectsoundnotifysetnotificationpositions,idirectsoundsetcooperativelevel
dsrole.h	3	win32/api/dsrole	dsrole.h	dsrole_primary_domain_info_basic,dsrolefreememory,dsrolegetprimarydomaininformation
dvdata.h, dvdata.idl	141	learn/windows-embedded-ce-6.0	dvdata.h, dvdata.idl	dvd_audio_stream_attr,dvd_cell_piece,dvd_cell_playback,dvd_isrc,dvd_nav_cmd,dvd_pos_code,dvd_provider_id,dvd_rect,dvd_subpicture_stream_attr,dvd_text_item,dvd_text_language_unit,dvd_title_set_info,edvddomaintype,enavcmdarea,epgclinktype,epgcplaybackmode,idvddatasearchinfogetaudiogapinfo,idvddatasearchinfogetc_idn,idvddatasearchinfogetcontrolinfo,idvddatasearchinfogetinterleavedunitendaddress,idvddatasearchinfogetnextinterleavedunit,idvddatasearchinfogetrefpictureaddress,idvddatasearchinfogetscrbase,idvddatasearchinfogetseamlessanglechangeaddress,idvddatasearchinfogetseamlesscategory,idvddatasearchinfogetsyncaudioaddress,idvddatasearchinfogetsyncspaddress,idvddatasearchinfogetunitendaddress,idvddatasearchinfogetunitstepaddress,idvddatasearchinfogetvob_id,idvddomaingetcellpieceenumerator,idvddomaingetpgc,idvddomaingetpgccount,idvddomaingetspace,idvddomaingetstreamattributes,idvddomaingettimemap,idvddomaingettitleset,idvddomaingettotalvideoobjects,idvddomaingettotalvobunits,idvddomaingettype,idvddomaingetvobfileid,idvddomaingetvobutableptr,idvddomaingetvolume,idvdhighlightinfogetadjacentbutton,idvdhighlightinfogetbuttoncolorinfo,idvdhighlightinfogetbuttoncommand,idvdhighlightinfogetbuttoncount,idvdhighlightinfogetbuttonmode,idvdhighlightinfogetbuttonoffset,idvdhighlightinfogetbuttonpositioninfo,idvdhighlightinfogetdefaultactionbutton,idvdhighlightinfogethlistatus,idvdhighlightinfogetinitialselectionbutton,idvdhighlightinfogetnumberedbuttoncount,idvdhighlightinfogetptms,idvdhighlightinfogetstreaminginfo,idvdmenugetdomain,idvdmenugetmenulanguageinfo,idvdnavdatastatussinknotifynewpci,idvdparentalmanagementtableconvertparentalleveltoid,idvdprogramchaingetaudiostreamselector,idvdprogramchaingetcellplaybackinfo,idvdprogramchaingetcellposition,idvdprogramchaingetcontents,idvdprogramchaingetdomain,idvdprogramchaingetlink,idvdprogramchaingetnavcommand,idvdprogramchaingetnavcommandscount,idvdprogramchaingetpgcn,idvdprogramchaingetplaybackmode,idvdprogramchaingetplaybacktime,idvdprogramchaingetprogramentrycell,idvdprogramchaingetsubpicturepalette,idvdprogramchaingetsubpicturestreamselector,idvdprogramchaingetuseroperationcontrolmask,idvdromclosevob,idvdromopenvob,idvdromreadvmgi,idvdromreadvob,idvdromreadvtsi,idvdromreleasemem,idvdstreamattributesgetaudioattr,idvdstreamattributesgetaudiocount,idvdstreamattributesgetaudiomultichanneluseattr,idvdstreamattributesgetsubpictureattr,idvdstreamattributesgetsubpicturecount,idvdstreamattributesgetvideoattr,idvdstreamcontrolinfogetblockaddress,idvdstreamcontrolinfogetcategory,idvdstreamcontrolinfogetcellrelativestarttime,idvdstreamcontrolinfogetdatasearchinfo,idvdstreamcontrolinfogetendsequenceptm,idvdstreamcontrolinfogethighlightinfo,idvdstreamcontrolinfogetnonseamlessanglechangeaddress,idvdstreamcontrolinfogetpresentationtimes,idvdstreamcontrolinfogetrecordingaudioinfo,idvdstreamcontrolinfogetrecordingsubpicturegroup,idvdstreamcontrolinfogetrecordingsubpictureinfo,idvdstreamcontrolinfogetrecordingvideoinfo,idvdstreamcontrolinfogetuseroperationcontrolmask,idvdstreamcontrolinforeaderlock,idvdstreamcontrolinforeaderunlock,idvdstreamcontrolinfosetnavigationpack,idvdtextmanagerenumeratetextlanguageunits,idvdtextmanagerenumeratetitletextitems,idvdtextmanagergettextitemscount,idvdtimemapgettableheader,idvdtimemapgetvobuaddress,idvdtitlesetgetcategory,idvdtitlesetgetdomain,idvdtitlesetgetmenu,idvdtitlesetgetspecversion,idvdtitlesetgettitlepart,idvdtitlesetgettotaltitleunitcount,idvdtitlesetgetvolume,idvdtitlesetgetvtsn,idvdvideovolumegetcategory,idvdvideovolumegetfirstplay,idvdvideovolumegetmenu,idvdvideovolumegetparentalmanagementtable,idvdvideovolumegetposcode,idvdvideovolumegetproviderid,idvdvideovolumegetspecversion,idvdvideovolumegettextdatamanager,idvdvideovolumegettitleset,idvdvideovolumegettitlesetattributes,idvdvideovolumegettitleunitinfo,idvdvideovolumegettotaltitleunitcount,idvdvideovolumegetvideotitlesetscount,idvdvideovolumegetvolumesetinfo,idvdvideovolumeinitdata,idvdvideovolumelock,idvdvideovolumeunlock,ienumdvd_cell_piece,ienumdvd_text_item,ienumdvd_text_language_unit,ienumdvd_xxxxclone,ienumdvd_xxxxnext,ienumdvd_xxxxreset,ienumdvd_xxxxskip,unicode_path
dvdcss.idl	12	learn/windows-embedded-ce-6.0	dvdcss.idl	idvddecodercssbypassdescrambler,idvddecodercssenabledescrambler,idvddecodercssgetchallenge,idvddecodercssgetresponsekey,idvddecodercssinitiateauthentication,idvddecodercssnewdisk,idvddecodercssresetauthentication,idvddecodercsssenddrivechallenge,idvddecodercsssenddriveresponsekey,idvddecodercsssendscrambleddiskkeydata,idvddecodercsssendtitlekey,idvddecodercsssetsectorlength
dvddrvr.idl	39	learn/windows-embedded-ce-6.0	dvddrvr.idl	edvdaspectratiomode,edvdaudiofreq,edvdaudiostreamtype,edvddisplayaspectratio,edvdlpcmquantization,edvdsynceventtype,ehighlightaction,ibitstreamprocessorgetdmachannel,ibitstreamprocessorgetdmachannelcount,ibitstreamprocessorgetlabeleddmachannel,ibitstreamprocessorinit,ibitstreamprocessorsetbitstreamtype,idmachannelabortalltransfers,idmachannelgetlabel,idmachannelgetmaxoutstandingtransfers,idmachannelgetpendingtransfercount,idmachannelondiscontinuity,idmachannelrequesttransfer,idmachannelsetdatanotificationthreshold,idmachannelsetthresholdcallback,idvdrendererabort,idvdrenderergetaudiocaps,idvdrenderergethighlightedbutton,idvdrenderergetscancaps,idvdrendererhighlight,idvdrendererplay,idvdrendererregistersyncevent,idvdrendererscan,idvdrenderersetaps,idvdrenderersetaspectratiomode,idvdrenderersetaudiostreamnumber,idvdrenderersetaudiostreamtype,idvdrenderersetcontentaspectratio,idvdrenderersetdisplayaspectratio,idvdrenderersetpalette,idvdrenderersetsubpicturestreamnumber,idvdrendererslow,idvdrendererstep,idvdrendererunregistersyncevent
dvdioctl.h	2	learn/windows-embedded-ce-6.0	dvdioctl.h	dvd_regionce,ioctl_dvd_get_region
dvdmedia.h	3	learn/windows-ce-5.0,learn/windows-embedded-ce-6.0,win32/api/dvdmedia	dvdmedia.h	ks_am_kspropsetid_tsratechange,mpeg2videoinfo,videoinfoheader2
dvdnav.h, dvdnav.idl	48	learn/windows-embedded-ce-6.0	dvdnav.h, dvdnav.idl	dvdusergopdata,eddvdplaybackstate,edvdnavexception,edvdsparamevent,idvdnavigationmanagerbuttonselectdirect,idvdnavigationmanagergetgparameter,idvdnavigationmanagergetplaybackstate,idvdnavigationmanagergetscancaps,idvdnavigationmanagergetsparameter,idvdnavigationmanagersetsparameter,idvdnavigationmanagersetvolume,idvdnavigationmangeruserenderer,idvdnavigatorsinkconfirmtemporaryparentallevel,idvdnavigatorsinkinitializesystemparameters,idvdnavigatorsinkondiskreaderror,idvdnavigatorsinkongopuserdata,idvdnavigatorsinkongprmchange,idvdnavigatorsinkonnavigationexception,idvdnavigatorsinkonnewcell,idvdnavigatorsinkonnewprogram,idvdnavigatorsinkonnewprogramchain,idvdnavigatorsinkonplaybackstatechange,idvdnavigatorsinkonsprmchange,idvdnavigatorsinkonuopchange,idvduseroperationbackwardscan,idvduseroperationbuttonactivate,idvduseroperationbuttonselect,idvduseroperationbuttonselectandactivate,idvduseroperationchangeangle,idvduseroperationchangeaudiostream,idvduseroperationchangesubpicturestream,idvduseroperationforwardscan,idvduseroperationgoup,idvduseroperationmenucall,idvduseroperationmenulanguageselect,idvduseroperationparentalcountryselect,idvduseroperationparentallevelselect,idvduseroperationpartplay,idvduseroperationpause,idvduseroperationprogramsearch,idvduseroperationpttsearch,idvduseroperationresume,idvduseroperationstilloff,idvduseroperationstop,idvduseroperationtimeplay,idvduseroperationtimesearch,idvduseroperationtitleplay,idvduseroperationvideopresentationmodechange
dvp.h	4	win32/api/dvp	dvp.h	ddvideoportbandwidth,ddvideoportcaps,ddvideoportdesc,ddvideoportinfo
dwcedump.h	15	learn/windows-embedded-ce-6.0	dwcedump.h	_cedump_bucket_parameters,_cedump_element_list,_cedump_exception,_cedump_exception_stream,_cedump_memory_list,_cedump_system_info,_cedump_thread_call_stack,_cedump_thread_call_stack_frame,_cedump_thread_call_stack_list,_minidump_directory,_minidump_header,_minidump_location_descriptor,_minidump_memory_descriptor,_minidump_stream_type,_minidump_string
dwcedump.h, osaxsflexi.h	1	learn/windows-embedded-ce-6.0	dwcedump.h, osaxsflexi.h	_cedump_field_info
dwconn.h	3	learn/windows-embedded-ce-6.0	dwconn.h	openconnection,releaseconnection,scheduleconnection
dwdmptxt.h	4	learn/windows-embedded-ce-6.0	dwdmptxt.h	dmpfileinfo,getdmpinfo,getdmplines,initdmptxt
dwui.h	4	learn/windows-embedded-ce-6.0	dwui.h	_bucketresponse,getuserconsent,iresponsetype,watsonuploadresponse
eXDI2.h	150	learn/windows-ce-5.0,learn/windows-embedded-ce-6.0	eXDI2.h,eXDI2.h.	address_range,bp_kind,breakpoint_support_type2,code_bp_type,cpu_reg_struct,data_bp_type,debug_access_capabilities_struct2,exception_chance,exception_default_action_type2,exception_type2,global_target_info_struct2,halt_reason_code_type2,halt_reason_type2,iexdi2clientauthorizecontinuationauthorizetargetrestart,iexdi2clientnotifymemchgnotifymemorychange,iexdi2clientnotifyrunchgnotifyrunstatechange,iexdi2codebpgetattributes,iexdi2codebplockchanges,iexdi2codebpsetstate,iexdi2databpgetattributes,iexdi2databplockchanges,iexdi2databpsetstate,iexdi2enumcodebpclone,iexdi2enumcodebpdisableall,iexdi2enumcodebpenableall,iexdi2enumcodebpgetcount,iexdi2enumcodebpgetnext,iexdi2enumcodebplockchangesall,iexdi2enumcodebpnext,iexdi2enumcodebpreset,iexdi2enumcodebpskip,iexdi2enumcpuregsclone,iexdi2enumcpuregsgetcount,iexdi2enumcpuregsgetnext,iexdi2enumcpuregsnext,iexdi2enumcpuregsreadall,iexdi2enumcpuregsreset,iexdi2enumcpuregsskip,iexdi2enumcpuregswriteall,iexdi2enumdatabpclone,iexdi2enumdatabpdisableall,iexdi2enumdatabpenableall,iexdi2enumdatabpgetcount,iexdi2enumdatabpgetnext,iexdi2enumdatabplockchangesall,iexdi2enumdatabpnext,iexdi2enumdatabpreset,iexdi2enumdatabpskip,iexdi2execaddcodebps,iexdi2execadddatabps,iexdi2execchangeexceptionaction,iexdi2execenumallcodebps,iexdi2execenumalldatabps,iexdi2execenumcodebpsinaddrrange,iexdi2execenumdatabpsinaddrrange,iexdi2execgetbpsupport,iexdi2execgetcurrentexecmode,iexdi2execgetexceptiondescriptionlist,iexdi2execgetnbbpavail,iexdi2execgetrunstatus,iexdi2exechalt,iexdi2execreboot,iexdi2execregisterembeddedbpopcode,iexdi2execrun,iexdi2execsinglestep,iexdi2execunregisterembeddedbpopcode,iexdi2generic2,iexdi2generic2getdriverinfodword,iexdi2generic2getdriverinfostring,iexdi2genericgeterrordescription,iexdi2genericgetosaxsservice,iexdi2genericgettargetinfo,iexdi2genericioctl,iexdi2genericreadclientscratchpad,iexdi2genericwriteclientscratchpad,iexdi2helpergenericinitandlockhelper,iexdi2helpergenericioctl,iexdi2helpergenericlockhelper,iexdi2helpergenericunlockhelper,iexdi2memcopymemoryx,iexdi2memcreatecpuregcustomlist,iexdi2memenumallcpureggroups,iexdi2memenumallcpuregs,iexdi2memenumallcpuregsingroup,iexdi2memfillmemoryx,iexdi2memgetlinearmemmaplist,iexdi2memgetmemaccessexclusionrange,iexdi2memgetstdregalias,iexdi2memreadcpuregbyname,iexdi2memreadmemoryx,iexdi2memsearchmemoryx,iexdi2memsetmemaccessexclusionrange,iexdi2memwritecpuregbyname,iexdi2memwritememoryx,iexdi2oleautoserveraddcodebpole,iexdi2oleautoserveradddatabpole,iexdi2oleautoserverchangeexceptionactionole,iexdi2oleautoservercopymemole,iexdi2oleautoserverenablecodebp,iexdi2oleautoserverenabledatabp,iexdi2oleautoserverfillmemole,iexdi2oleautoservergetcodebpattributes,iexdi2oleautoservergetdatabpattributes,iexdi2oleautoservergeterrordescriptionole,iexdi2oleautoservergetexceptionaction,iexdi2oleautoservergetexceptioncode,iexdi2oleautoservergetexceptiondescription,iexdi2oleautoservergethaltreasons,iexdi2oleautoservergetlistofallcpureggroupnames,iexdi2oleautoservergetlistofallcpuregnameinagroup,iexdi2oleautoservergetlistofallcpuregnames,iexdi2oleautoservergetmemmapid,iexdi2oleautoservergetmemmapmaxaddrhi,iexdi2oleautoservergetmemmapmaxaddrlo,iexdi2oleautoservergetmemmapname,iexdi2oleautoservergetmemmapwidthusage,iexdi2oleautoservergetstdregaliasole,iexdi2oleautoserverlistallcodebp,iexdi2oleautoserverlistalldatabp,iexdi2oleautoserverlockunlockcodebpchanges,iexdi2oleautoserverlockunlockdatabpchanges,iexdi2oleautoserverreadmemole,iexdi2oleautoserverreadregbynameole,iexdi2oleautoserverregisternewembeddedbpopcodeole,iexdi2oleautoserversearchmemole,iexdi2oleautoserversinglestepole,iexdi2oleautoserverunregisterembeddedbpopcodeole,iexdi2oleautoserverwritememole,iexdi2oleautoserverwriteregbynameole,iexdi2oleeventsauthorizetargetrestartole,iexdi2oleeventsnotifycpuregchange,iexdi2oleeventsnotifyerrorstate,iexdi2oleeventsnotifyhalt,iexdi2oleeventsnotifymemorychangeole,iexdi2oleeventsnotifyreset,iexdi2oleeventsnotifyrun,iexdi2probehandlergenericconnect,iexdi2probehandlergenericdisconnect,iexdi2probehandlergenericgettargetinfo,iexdi2probehandlergenericinitandlockprobehandler,iexdi2probehandlergenericlockprobe,iexdi2probehandlergenericunlockprobe,iflexiptminfogetdata2,linear_mem_map_type,mem_access_exclusion_range,mem_type2,memmap_description_type,misc_exdiaccess_service_info,run_status_type2,tristate_type
editview.hpp	4	learn/windows-embedded-ce-6.0	editview.hpp	editview_tbackgroundbrush,editview_tdrawbackground,editview_tdrawselection,editview_ttextcolor
errhandlingapi.h	5	win32/api/errhandlingapi	errhandlingapi.h	addvectoredexceptionhandler,getlasterror,raiseexception,removevectoredexceptionhandler,setlasterror
errorRep.h	1	learn/windows-embedded-ce-6.0	errorRep.h	reportfault
errorrep.h	1	win32/api/errorrep	errorrep.h	reportfault
errors.h	2	win32/api/errors	errors.h	amgeterrortexta,amgeterrortextw
evcode.h	1	learn/windows-embedded-ce-6.0	evcode.h	ec_cap_file_completed
excpt.h	4	learn/windows-embedded-ce-6.0	excpt.h	abnormaltermination,exception_pointers,getexceptioncode,getexceptioninformation
exdi.idl	60	learn/unclassified	exdi.idl.	iexdiarmcontextgetcontext,iexdiarmcontextsetcontext,iexdiclientnotifymemchgnotifymemorychange,iexdiclientnotifyrunchgnotifyrunstatechange,iexdicodebreakpointgetattributes,iexdicodebreakpointsetstate,iexdidatabreakpointgetattributes,iexdidatabreakpointsetstate,iexdienumcodebreakpointdisableall,iexdienumcodebreakpointenableall,iexdienumcodebreakpointgetcount,iexdienumcodebreakpointgetnext,iexdienumcodebreakpointnext,iexdienumcodebreakpointreset,iexdienumcodebreakpointskip,iexdienumdatabreakpointdisableall,iexdienumdatabreakpointenableall,iexdienumdatabreakpointgetcount,iexdienumdatabreakpointgetnext,iexdienumdatabreakpointnext,iexdienumdatabreakpointreset,iexdienumdatabreakpointskip,iexdimipscontextgetcontext,iexdimipscontextsetcontext,iexdippccontextgetcontext,iexdippccontextsetcontext,iexdiserveraddcodebreakpoint,iexdiserveradddatabreakpoint,iexdiserverdelcodebreakpoint,iexdiserverdeldatabreakpoint,iexdiserverdomultiplestep,iexdiserverdorangestep,iexdiserverdosinglestep,iexdiserverenumallcodebreakpoints,iexdiserverenumalldatabreakpoints,iexdiserverenumcodebreakpointsinaddrrange,iexdiserverenumdatabreakpointsinaddrrange,iexdiservergetbpsupport,iexdiservergeterrordescription,iexdiservergetexceptiondescriptionlist,iexdiservergetlastexception,iexdiservergetnbcodebpavail,iexdiservergetnbdatabpavail,iexdiservergetrunstatus,iexdiservergettargetinfo,iexdiserverhalt,iexdiserverioctl,iexdiserverreadphysicalmemoryorperiphio,iexdiserverreadvirtualmemory,iexdiserverreboot,iexdiserverrun,iexdiserverstartnotifyingmemchg,iexdiserverstartnotifyingrunchg,iexdiserverstopnotifyingmemchg,iexdiserverstopnotifyingrunchg,iexdiserverwritephysicalmemoryorperiphio,iexdiserverwritevirtualmemory,iexdishxcontextgetcontext,iexdishxcontextsetcontext,iexdix86contextgetcontext
exdi2.h	86	learn/windows-ce-5.0	exdi2.h.,exdi2.h	address_range,bp_kind,breakpoint_support_type2,code_bp_type,cpu_reg_struct,data_bp_type,debug_access_capabilities_struct2,exception_chance,exception_default_action_type2,exception_type2,global_target_info_struct2,halt_reason_code_type2,halt_reason_type2,iexdi2codebpgetattributes,iexdi2codebplockchanges,iexdi2codebpsetstate,iexdi2databpgetattributes,iexdi2databplockchanges,iexdi2databpsetstate,iexdi2enumcodebpclone,iexdi2enumcodebpdisableall,iexdi2enumcodebpenableall,iexdi2enumcodebpgetcount,iexdi2enumcodebpgetnext,iexdi2enumcodebplockchangesall,iexdi2enumcodebpnext,iexdi2enumcodebpreset,iexdi2enumcodebpskip,iexdi2enumdatabpclone,iexdi2enumdatabpdisableall,iexdi2enumdatabpenableall,iexdi2enumdatabpgetcount,iexdi2enumdatabpgetnext,iexdi2enumdatabplockchangesall,iexdi2enumdatabpnext,iexdi2enumdatabpreset,iexdi2enumdatabpskip,iexdi2oleautoserveraddcodebpole,iexdi2oleautoserveradddatabpole,iexdi2oleautoserverchangeexceptionactionole,iexdi2oleautoservercopymemole,iexdi2oleautoserverenablecodebp,iexdi2oleautoserverenabledatabp,iexdi2oleautoserverfillmemole,iexdi2oleautoservergetcodebpattributes,iexdi2oleautoservergetdatabpattributes,iexdi2oleautoservergeterrordescriptionole,iexdi2oleautoservergetexceptionaction,iexdi2oleautoservergetexceptioncode,iexdi2oleautoservergetexceptiondescription,iexdi2oleautoservergethaltreasons,iexdi2oleautoservergetlistofallcpureggroupnames,iexdi2oleautoservergetlistofallcpuregnameinagroup,iexdi2oleautoservergetlistofallcpuregnames,iexdi2oleautoservergetmemmapid,iexdi2oleautoservergetmemmapmaxaddrhi,iexdi2oleautoservergetmemmapmaxaddrlo,iexdi2oleautoservergetmemmapname,iexdi2oleautoservergetmemmapwidthusage,iexdi2oleautoservergetstdregaliasole,iexdi2oleautoserverlistallcodebp,iexdi2oleautoserverlistalldatabp,iexdi2oleautoserverlockunlockcodebpchanges,iexdi2oleautoserverlockunlockdatabpchanges,iexdi2oleautoserverreadmemole,iexdi2oleautoserverreadregbynameole,iexdi2oleautoserverregisternewembeddedbpopcodeole,iexdi2oleautoserversearchmemole,iexdi2oleautoserversinglestepole,iexdi2oleautoserverunregisterembeddedbpopcodeole,iexdi2oleautoserverwritememole,iexdi2oleautoserverwriteregbynameole,iexdi2oleeventsauthorizetargetrestartole,iexdi2oleeventsnotifycpuregchange,iexdi2oleeventsnotifyerrorstate,iexdi2oleeventsnotifyhalt,iexdi2oleeventsnotifymemorychangeole,iexdi2oleeventsnotifyreset,iexdi2oleeventsnotifyrun,linear_mem_map_type,mem_access_exclusion_range,mem_type2,memmap_description_type,misc_exdiaccess_service_info,run_status_type2,tristate_type
exdisp.h	66	learn/windows-embedded-ce-6.0	exdisp.h	commandstatechangeconstants,dwebbrowserevents2beforenavigate2,dwebbrowserevents2clienttohostwindow,dwebbrowserevents2commandstatechange,dwebbrowserevents2documentcomplete,dwebbrowserevents2downloadbegin,dwebbrowserevents2downloadcomplete,dwebbrowserevents2filedownload,dwebbrowserevents2navigatecomplete2,dwebbrowserevents2navigateerror,dwebbrowserevents2onquit,dwebbrowserevents2onstatusbar,dwebbrowserevents2onvisible,dwebbrowserevents2progresschange,dwebbrowserevents2propertychange,dwebbrowserevents2setsecurelockicon,dwebbrowserevents2titlechange,dwebbrowserevents2windowsetheight,dwebbrowserevents2windowsetleft,dwebbrowserevents2windowsetresizable,dwebbrowserevents2windowsettop,dwebbrowserevents2windowsetwidth,iwebbrowser2clienttowindow,iwebbrowser2execwb,iwebbrowser2get_application,iwebbrowser2get_busy,iwebbrowser2get_container,iwebbrowser2get_document,iwebbrowser2get_fullname,iwebbrowser2get_height,iwebbrowser2get_hwnd,iwebbrowser2get_left,iwebbrowser2get_locationname,iwebbrowser2get_locationurl,iwebbrowser2get_name,iwebbrowser2get_offline,iwebbrowser2get_parent,iwebbrowser2get_path,iwebbrowser2get_readystate,iwebbrowser2get_statusbar,iwebbrowser2get_top,iwebbrowser2get_toplevelcontainer,iwebbrowser2get_type,iwebbrowser2get_visible,iwebbrowser2get_width,iwebbrowser2getproperty,iwebbrowser2goback,iwebbrowser2goforward,iwebbrowser2gohome,iwebbrowser2gosearch,iwebbrowser2navigate,iwebbrowser2navigate2,iwebbrowser2put_height,iwebbrowser2put_left,iwebbrowser2put_offline,iwebbrowser2put_statusbar,iwebbrowser2put_top,iwebbrowser2put_visible,iwebbrowser2put_width,iwebbrowser2putproperty,iwebbrowser2querystatuswb,iwebbrowser2quit,iwebbrowser2refresh,iwebbrowser2refresh2,iwebbrowser2stop,securelockiconconstants
extapi.h	44	learn/windows-embedded-ce-6.0	extapi.h	line_currentlinechange,line_currentsystemchange,line_equipstatechange,line_gprsclass,line_gprsregisterstate,line_radiopresence,line_registerstate,line_ussd,linegeneralinfo,linegetcallbarringcaps,linegetcallbarringstate,linegetcallwaitingcaps,linegetcallwaitingstate,linegetcurrentaddressid,linegetcurrenthscsdstatus,linegetcurrentoperator,linegetcurrentsystemtype,linegetequipmentstate,linegetgeneralinfo,linegetgprsclass,linegethscsdcaps,linegethscsdstate,linegetmutestate,linegetnumbercalls,linegetoperatorstatus,linegetradiopresence,linegetregisterstatus,linegetsendcalleridstate,linegetussd,lineoperator,lineoperatorstatus,lineregister,linesendussd,linesetcallbarringpassword,linesetcallbarringstate,linesetcallwaitingstate,linesetcurrentaddressid,linesetequipmentstate,linesetgprsclass,linesethscsdstate,linesetmutestate,linesetpreferredoperator,linesetsendcalleridstate,lineunregister
externs.h	20	learn/windows-embedded-ce-6.0	externs.h	miniportcancelsendpackets,miniportcheckforhang,miniportdisableinterrupt,miniportenableinterrupt,miniporthalt,miniporthandleinterrupt,miniportinitialize,miniportisr,miniportqueryinformation,miniportreconfigure,miniportreset,miniportreturnpacket,miniportsend,miniportsendpackets,miniportsetinformation,miniportshutdown,miniportsynchronizeisr,miniporttimer,miniporttransferdata,miniportwansend
extfile.h, shlobj.h	1	learn/windows-embedded-ce-6.0,msdn-library/windows-mobile-6.5	extfile.h, shlobj.h	filechangeinfo
fileapi.h	47	win32/api/fileapi	fileapi.h	by_handle_file_information,comparefiletime,createdirectorya,createdirectoryw,createfilea,createfilew,deletefilea,deletefilew,filetimetolocalfiletime,findclose,findclosechangenotification,findfirstchangenotificationa,findfirstchangenotificationw,findfirstfilea,findfirstfileexa,findfirstfileexw,findfirstfilew,findnextchangenotification,findnextfilea,findnextfilew,flushfilebuffers,getdiskfreespaceexa,getdiskfreespaceexw,getfileattributesa,getfileattributesexa,getfileattributesexw,getfileattributesw,getfileinformationbyhandle,getfilesize,getfiletime,gettempfilenamea,gettempfilenamew,gettemppatha,gettemppathw,localfiletimetofiletime,lockfileex,readfile,removedirectorya,removedirectoryw,setendoffile,setfileattributesa,setfileattributesw,setfilepointer,setfiletime,unlockfileex,win32_file_attribute_data,writefile
float.h	2	learn/windows-ce-5.0	float.h.	_chgsign,_copysign
float.h, stdio.h, stdlib.h	1	learn/windows-ce-5.0	float.h, stdio.h, stdlib.h.	_statusfp
fls.h	3	learn/windows-embedded-ce-6.0	fls.h	flashlayoutsector,flashregion,reservedentry
fmd.h	33	learn/windows-embedded-ce-6.0	fmd.h	blocklockinfo,flashinfo,flashinfoex,fmd_deinit,fmd_eraseblock,fmd_getblockstatus,fmd_getinfo,fmd_getinfoex,fmd_init,fmd_oemiocontrol,fmd_powerdown,fmd_powerup,fmd_readsector,fmd_setblockstatus,fmd_writesector,fmdinfo,fmdinterface,ioctl_disk_delete_sectors,ioctl_fmd_get_info,ioctl_fmd_get_interface,ioctl_fmd_get_raw_block_size,ioctl_fmd_get_reserved_table,ioctl_fmd_get_xipmode,ioctl_fmd_lock_blocks,ioctl_fmd_raw_write_blocks,ioctl_fmd_read_reserved,ioctl_fmd_set_sectorsize,ioctl_fmd_set_xipmode,ioctl_fmd_unlock_blocks,ioctl_fmd_write_reserved,rawwriteblocksreq,reservedreq,sectorinfo
fontdrv.h	7	learn/windows-embedded-ce-6.0	fontdrv.h	fddestroyfont,fdgetfonttable,fdloadfontfile,fdqueryfont,fdqueryfontdata,fdqueryfontfile,fdunloadfontfile
formatdisk.h	3	learn/windows-embedded-ce-6.0	formatdisk.h	formatvolume,formatvolumeex,formatvolumeui
fsdmgr.h	81	learn/windows-embedded-ce-6.0	fsdmgr.h	cachedread,cachedwrite,cacheiocontrol,createcache,deletecache,filelockstate,filterhook,flushcache,fsd_buffer_info,fsd_disk_info,fsd_hookvolume,fsd_mountdisk,fsd_scatter_gather_info,fsd_scatter_gather_results,fsd_unhookvolume,fsd_unmountdisk,fsd_volume_info,fsdmgr_cachedread,fsdmgr_cachedwrite,fsdmgr_cacheiocontrol,fsdmgr_createcache,fsdmgr_createfilehandle,fsdmgr_createsearchhandle,fsdmgr_deletecache,fsdmgr_deregistervolume,fsdmgr_devicehandletohdsk,fsdmgr_diskiocontrol,fsdmgr_emptylockcontainer,fsdmgr_flushcache,fsdmgr_getdiskinfo,fsdmgr_getregistryflag,fsdmgr_getregistrystring,fsdmgr_getregistryvalue,fsdmgr_getvolumename,fsdmgr_invalidatecache,fsdmgr_readdisk,fsdmgr_readdiskex,fsdmgr_registervolume,fsdmgr_resizecache,fsdmgr_synccache,fsdmgr_writedisk,fsdmgr_writediskex,invalidatecache,myfsd_closefile,myfsd_closevolume,myfsd_createdirectoryw,myfsd_createfilew,myfsd_deleteandrenamefilew,myfsd_deletefilew,myfsd_deviceiocontrol,myfsd_findclose,myfsd_findfirstfilew,myfsd_findnextfilew,myfsd_flushfilebuffers,myfsd_fsiocontrol,myfsd_getdiskfreespacew,myfsd_getfileattributesw,myfsd_getfileinformationbyhandle,myfsd_getfilesize,myfsd_getfiletime,myfsd_getvolumeinfo,myfsd_lockfileex,myfsd_mountdisk,myfsd_movefilew,myfsd_notify,myfsd_readfile,myfsd_readfilescatter,myfsd_readfilewithseek,myfsd_removedirectoryw,myfsd_setendoffile,myfsd_setfileattributesw,myfsd_setfilepointer,myfsd_setfiletime,myfsd_unlockfileex,myfsd_unmountdisk,myfsd_writefile,myfsd_writefilegather,myfsd_writefilewithseek,pemptylockcontainer,resizecache,synccache
fsioctl.h	14	learn/windows-embedded-ce-6.0	fsioctl.h	ce_registry_info,file_allocated_range_buffer,file_copy_external,file_zero_data_information,fsctl_copy_external_complete,fsctl_copy_external_start,fsctl_get_compression,fsctl_get_registry_info,fsctl_query_allocated_ranges,fsctl_set_compression,fsctl_set_sparse,fsctl_set_zero_data,fsctl_user,fssctl_flush_buffers
fwapi.h	20	learn/windows-embedded-ce-6.0	fwapi.h	firewallcreaterule,firewalldeleterule,firewallenable,firewallenablerule,firewallgetrules,firewallloginit,firewalllogpacket,firewallloguninit,firewallrefresh,firewallsetinterface,fw_actions,fw_days,fw_directions,fw_ip_address,fw_log_entry,fw_rule,fw_rule_flags,hrule,isfirewallenabled,isinterfacefirewalled
gcacheview.hpp	4	learn/windows-embedded-ce-6.0	gcacheview.hpp	cacheview_tcomputeminwindowsize,cacheview_tgwecachesetsyscolors,cacheview_tinit,cacheview_tsystemmetrics
gdi.hpp	105	learn/windows-embedded-ce-6.0	gdi.hpp	gdi_getstretchbltmode_i,gdi_setstretchbltmode_i,gdiabortdoc_i,gdiaddfontresourcew_i,gdialphablend_i,gdibitblt_i,gdiceremovefontresource_i,gdicombinergn_i,gdicreatebitmap_i,gdicreatecompatiblebitmap_i,gdicreatecompatibledc_i,gdicreatedcw_i,gdicreatedibpatternbrushpt_i,gdicreatefontindirectw_i,gdicreatepalette_i,gdicreatepatternbrush_i,gdicreatepen_i,gdicreatepenindirect_i,gdicreatepermanentdibsection,gdicreaterectrgn_i,gdicreaterectrgnindirect_i,gdicreatesolidbrush_i,gdideletedc_i,gdideleteobject_i,gdidibbytewidth,gdidibsize,gdidrawedge_i,gdidrawfocusrect_i,gdidrawtextw_i,gdiellipse_i,gdienableeudc_i,gdienddoc_i,gdiendpage_i,gdienumdisplaymonitors_i,gdienumfontfamiliesexw_i,gdienumfontfamiliesw_i,gdienumfontsw_i,gdiexcludecliprect_i,gdiextescape_i,gdiexttextoutw_i,gdifillrect_i,gdifillrgn_i,gdigdisetobjectowner_i,gdigetbkcolor_i,gdigetbkmode_i,gdigetclipbox_i,gdigetcliprgn_i,gdigetcurrentobject_i,gdigetdevicecaps_i,gdigetmonitorinfo_i,gdigetnearestcolor_i,gdigetnearestpaletteindex_i,gdigetobjecttype_i,gdigetobjectw_i,gdigetoutlinetextmetricsw_i,gdigetpaletteentries_i,gdigetpixel_i,gdigetregiondata_i,gdigetrgnbox_i,gdigetsyscolorbrush_i,gdigetsystempaletteentries_i,gdigettextcharacterextra_i,gdigettextcolor_i,gdigettextextentexpointw_i,gdigettextfacew_i,gdigettextmetricsw_i,gdiintersectcliprect_i,gdiinvertrect_i,gdimaskblt_i,gdimonitorfrompoint_i,gdimonitorfromrect_i,gdimonitorfromwindow_i,gdioffsetrgn_i,gdipatblt_i,gdipolygon_i,gdipolyline_i,gdiptinregion_i,gdirealizepalette_i,gdirectangle_i,gdirectinregion_i,gdirectvisible_i,gdiremovefontresourcew_i,gdirestoredc_i,gdiroundrect_i,gdisavedc_i,gdiscrolldc_i,gdiselectcliprgn_i,gdiselectobject_i,gdiselectpalette_i,gdisetabortproc_i,gdisetbkcolor_i,gdisetbkmode_i,gdisetbrushorgex_i,gdisetpaletteentries_i,gdisetpixel_i,gdisetrectrgn_i,gdisetrop2_i,gdisettextcharacterextra_i,gdisettextcolor_i,gdisetviewportorgex_i,gdistartdocw_i,gdistartpage_i,gdistretchblt_i,gditranslatecharsetinfo_i,gditransparentimage_i
gdiplusenums.h	2	win32/api/gdiplusenums	gdiplusenums.h	encoderparametervaluetype,encodervalue
gdiplusheaders.h	1	win32/api/gdiplusheaders	gdiplusheaders.h	bitmap
gdiplusimaging.h	8	win32/api/gdiplusimaging	gdiplusimaging.h	bitmapdata,encoderparameter,encoderparameters,imagecodecflags,imagecodecinfo,imageflags,imagelockmode,propertyitem
gdipluspixelformats.h	1	win32/api/gdipluspixelformats	gdipluspixelformats.h	colorpalette
gdiplusstringformat.h	1	win32/api/gdiplusstringformat	gdiplusstringformat.h	stringformat
gdiplustypes.h	3	win32/api/gdiplustypes	gdiplustypes.h	point,rect,size
getdeviceuniqueid.h	1	learn/windows-embedded-ce-6.0	getdeviceuniqueid.h	getdeviceuniqueid
giisr.h	1	learn/windows-embedded-ce-6.0	giisr.h	giisr_info
gpe.h	17	chm/windows-ce-3.0,learn/windows-embedded-ce-6.0	gpe.h	contrastcontrol,getgpe,gpeallocsurface,gpebltcomplete,gpebltparms,gpebltprepare,gpeenabledriver,gpegetmodeinfo,gpeline,gpelineparms,gpemode,gpemovepointer,gpenummodes,gpesetmode,gpesetpointershape,gpesurfgpesurf,gpesurfinit
gpsapi.h	12	learn/windows-embedded-ce-6.0	gpsapi.h	gps_data_flags_,gps_device,gps_fix_quality,gps_fix_selection,gps_fix_type,gps_max_,gps_position,gps_valid_,gpsclosedevice,gpsgetdevicestate,gpsgetposition,gpsopendevice
gpsdev.h	5	learn/windows-embedded-ce-6.0	gpsdev.h	ioctl_gps_driver_get_location_v1,ioctl_gps_read_almanac,ioctl_gps_read_assisted,ioctl_gps_write_almanac,ioctl_gps_write_assisted
guiddef.h	1	win32/api/guiddef	guiddef.h	isequalguid
gwebypasscoredllthunk.hpp	60	learn/windows-embedded-ce-6.0	gwebypasscoredllthunk.hpp	createiconindirect_i,destroyicon_i,drawiconex_i,getforegroundwindow_i,gwebypasscoredllthunk_tbeginpaint_i,gwebypasscoredllthunk_tbringwindowtotop_i,gwebypasscoredllthunk_tchildwindowfrompoint_i,gwebypasscoredllthunk_tclienttoscreen_i,gwebypasscoredllthunk_tdefwindowprocw_i,gwebypasscoredllthunk_tdestroywindow_i,gwebypasscoredllthunk_tenablewindow_i,gwebypasscoredllthunk_tendpaint_i,gwebypasscoredllthunk_tenumpropsex_i,gwebypasscoredllthunk_tgetassociatedmenu_i,gwebypasscoredllthunk_tgetclasslongw_i,gwebypasscoredllthunk_tgetclassnamew_i,gwebypasscoredllthunk_tgetclientrect_i,gwebypasscoredllthunk_tgetdc_i,gwebypasscoredllthunk_tgetdcex_i,gwebypasscoredllthunk_tgetparent_i,gwebypasscoredllthunk_tgetprop_i,gwebypasscoredllthunk_tgetsbinfointernal,gwebypasscoredllthunk_tgetupdaterect_i,gwebypasscoredllthunk_tgetupdatergn_i,gwebypasscoredllthunk_tgetwindow_i,gwebypasscoredllthunk_tgetwindowdc_i,gwebypasscoredllthunk_tgetwindowlongw_i,gwebypasscoredllthunk_tgetwindowrect_i,gwebypasscoredllthunk_tgetwindowrgn_i,gwebypasscoredllthunk_tgetwindowtextlengthw_i,gwebypasscoredllthunk_tgetwindowtextw_i,gwebypasscoredllthunk_tgetwindowthreadprocessid_i,gwebypasscoredllthunk_tinvalidaterect_i,gwebypasscoredllthunk_tischild_i,gwebypasscoredllthunk_tiswindow_i,gwebypasscoredllthunk_tiswindowenabled_i,gwebypasscoredllthunk_tiswindowvisible_i,gwebypasscoredllthunk_tmovewindow_i,gwebypasscoredllthunk_trectangleanimation_i,gwebypasscoredllthunk_treleasedc_i,gwebypasscoredllthunk_tremoveprop_i,gwebypasscoredllthunk_tscreentoclient_i,gwebypasscoredllthunk_tscrollwindowex_i,gwebypasscoredllthunk_tsetassociatedmenu_i,gwebypasscoredllthunk_tsetclasslongw_i,gwebypasscoredllthunk_tsetparent_i,gwebypasscoredllthunk_tsetprop_i,gwebypasscoredllthunk_tsetwindowlongw_i,gwebypasscoredllthunk_tsetwindowpos_i,gwebypasscoredllthunk_tsetwindowrgn_i,gwebypasscoredllthunk_tsetwindowtextw_i,gwebypasscoredllthunk_tshowwindow_i,gwebypasscoredllthunk_tupdatewindow_i,gwebypasscoredllthunk_tvalidaterect_i,killtimer_i,loadiconw_i,sendmessagew_i,setforegroundwindow_i,settimer_i,stockobjecthandlesgetstockobject_i
halether.h	11	chm/windows-ce-3.0,learn/windows-embedded-ce-6.0	halether.h	ebootetherreaddata,ebootgetdhcpaddr,ebootinitethertransport,ebootwaitforhostconnect,edbg_addr,edbginit,oemethgetframe,oemethgetsecs,oemethisr,oemethqueryclientinfo,oemethsendframe
handleapi.h	2	win32/api/handleapi	handleapi.h	closehandle,duplicatehandle
headerview.hpp	3	learn/windows-embedded-ce-6.0	headerview.hpp	headerview_tcalcoffset,headerview_tdrawbuttonborder,headerview_theight
heapapi.h	9	win32/api/heapapi	heapapi.h	getprocessheap,heapalloc,heapcompact,heapcreate,heapdestroy,heapfree,heaprealloc,heapsize,heapvalidate
hiddi.h	11	learn/windows-embedded-ce-6.0	hiddi.h	hid_driver_settings,hid_funcs,hid_string_type,hiddeviceattach,hiddevicenotifications,lpget_interrupt_report,lpget_queue_size,lpget_report,lpget_string,lpset_queue_size,lpset_report
hidparse.h	1	learn/windows-embedded-ce-6.0	hidparse.h	hidp_preparsed_data
hidpddi.h	2	learn/windows-embedded-ce-6.0	hidpddi.h	hidp_freecollectiondescription,hidp_getcollectiondescription
hidpi.h	39	learn/windows-embedded-ce-6.0	hidpi.h	hidp_button_caps,hidp_caps,hidp_data,hidp_extended_attributes,hidp_getbuttoncaps,hidp_getbuttons,hidp_getbuttonsex,hidp_getcaps,hidp_getdata,hidp_getextendedattributes,hidp_getlinkcollectionnodes,hidp_getscaledusagevalue,hidp_getspecificbuttoncaps,hidp_getspecificvaluecaps,hidp_getusages,hidp_getusagesex,hidp_getusagevalue,hidp_getusagevaluearray,hidp_getvaluecaps,hidp_initializereportforid,hidp_issameusageandpage,hidp_keyboard_direction,hidp_link_collection_node,hidp_maxdatalistlength,hidp_maxusagelistlength,hidp_report_type,hidp_setbuttons,hidp_setdata,hidp_setscaledusagevalue,hidp_setusages,hidp_setusagevalue,hidp_setusagevaluearray,hidp_unknown_token,hidp_unsetbuttons,hidp_unsetusages,hidp_usageandpagelistdifference,hidp_usagelistdifference,hidp_value_caps,usage_and_page
httpext.h	11	chm/windows-ce-3.0,learn/windows-embedded-ce-6.0	httpext.h	extension_control_block,getextensionversion,getservervariable,hse_send_header_ex_info,hse_url_mapex_info,hse_version_info,httpextensionproc,readclient,serversupportfunction,terminateextension,writeclient
httpfilt.h	21	learn/windows-embedded-ce-6.0	httpfilt.h	addheader,addresponseheaders,allocmem,getfilterversion,getheader,getservervariable,http_filter_access_denied,http_filter_authent,http_filter_context,http_filter_log,http_filter_preproc_headers,http_filter_raw_data,http_filter_send_response,http_filter_url_map,http_filter_version,httpfilterproc,serversupportfunction,setheader,sf_req_type,terminatefilter,writeclient
iaccess.h	7	learn/windows-embedded-ce-6.0,win32/api/iaccess	iaccess.h	iaccesscontrol,iaccesscontrolgetallaccessrights,iaccesscontrolgrantaccessrights,iaccesscontrolisaccessallowed,iaccesscontrolrevokeaccessrights,iaccesscontrolsetaccessrights,iaccesscontrolsetowner
icm.h	1	win32/api/icm	icm.h	profile
icmpapi.h	10	chm/windows-ce-5.0/wcetcpip5/html,learn/windows-embedded-ce-6.0,win32/api/icmpapi	icmpapi.h,icmpapi.h.	icmp6createfile,icmp6parsereplies,icmp6sendecho2,icmp_echo_reply,icmpclosehandle,icmpcreatefile,icmpparsereplies,icmpsendecho,icmpsendecho2,ip_option_information
iexchangeclient.h, iexchangeclient.idl	39	learn/windows-embedded-ce-6.0	iexchangeclient.h, iexchangeclient.idl	contactssearchcriteria,exchangeclientrequeststatus,exchangeclientrequesttype,freebusycriteria,galsearchcriteria,iexchangeclientcancelpendingrequests,iexchangeclientcontactinformationgetdisplayname,iexchangeclientcontactinformationgetemailaddress,iexchangeclientcontactinformationgethomeaddress,iexchangeclientcontactinformationgethomephonenumber,iexchangeclientcontactinformationgetmobilephonenumber,iexchangeclientcontactinformationgetworkaddress,iexchangeclientcontactinformationgetworkphonenumber,iexchangeclientdataitemarraygetitemat,iexchangeclientdataitemarraygetitemcount,iexchangeclientfreebusyinformationgetdisplayname,iexchangeclientfreebusyinformationgetemailaddress,iexchangeclientfreebusyinformationgetfreebusydata,iexchangeclientgalsearchinformationgetalias,iexchangeclientgalsearchinformationgetdisplayname,iexchangeclientgalsearchinformationgetoffice,iexchangeclientgalsearchinformationgetphonenumber,iexchangeclientgalsearchinformationgetsmtpaddress,iexchangeclientgetserver,iexchangeclientinitialize,iexchangeclientrequestcallbackonrequestprogress,iexchangeclientrequestcallbackonshutdown,iexchangeclientrequestcancel,iexchangeclientrequestcontacts,iexchangeclientrequestfreebusydata,iexchangeclientrequestgalsearch,iexchangeclientrequestgetdataitemarray,iexchangeclientrequestgethttpstatus,iexchangeclientrequestgetstatus,iexchangeclientrequestgettype,iexchangeclientsetcredentials,iexchangeclientsetserver,iexchangeclientuninitialize,owaec_e_
ifdef.h	1	win32/api/ifdef	ifdef.h	if_oper_status
ifmib.h	2	win32/api/ifmib	ifmib.h	mib_ifrow,mib_iftable
iltiming.h	1	learn/windows-embedded-ce-6.0	iltiming.h	iltiming_message
imaging.h	92	learn/windows-embedded-ce-6.0	imaging.h	argb,bitmapdata,bufferdisposalflag,colorpalette,decoderinitflag,encoderparameter,encoderparameters,encoderparametervaluetype,encodervalue,ibasicbitmapopsadjustbrightness,ibasicbitmapopsadjustcontrast,ibasicbitmapopsadjustgamma,ibasicbitmapopsclone,ibasicbitmapopsflip,ibasicbitmapopsresize,ibasicbitmapopsrotate,ibitmapimagegetpalette,ibitmapimagegetpixelformatid,ibitmapimagegetsize,ibitmapimagelockbits,ibitmapimagesetpalette,ibitmapimageunlockbits,iimagedecoderbegindecode,iimagedecoderdecode,iimagedecoderenddecode,iimagedecodergetallpropertyitems,iimagedecodergetframecount,iimagedecodergetframedimensionscount,iimagedecodergetframedimensionslist,iimagedecodergetimageinfo,iimagedecodergetpropertycount,iimagedecodergetpropertyidlist,iimagedecodergetpropertyitem,iimagedecodergetpropertyitemsize,iimagedecodergetpropertysize,iimagedecodergetthumbnail,iimagedecoderinitdecoder,iimagedecoderquerydecoderparam,iimagedecoderremovepropertyitem,iimagedecoderselectactiveframe,iimagedecodersetdecoderparam,iimagedecodersetpropertyitem,iimagedecoderterminatedecoder,iimagedraw,iimageencodergetencoderparameterlist,iimageencodergetencoderparameterlistsize,iimageencodergetencodesink,iimageencoderinitencoder,iimageencodersetencoderparameters,iimageencodersetframedimension,iimageencoderterminateencoder,iimagegetimageinfo,iimagegetphysicaldimension,iimagegetthumbnail,iimagepushintosink,iimagesetimageflags,iimagesinkbeginsink,iimagesinkendsink,iimagesinkgetpixeldatabuffer,iimagesinkgetpropertybuffer,iimagesinkneedrawproperty,iimagesinkneedtransform,iimagesinkpushpixeldata,iimagesinkpushpropertyitems,iimagesinkpushrawdata,iimagesinkpushrawinfo,iimagesinkreleasepixeldatabuffer,iimagesinksetpalette,iimagingfactorycreatebitmapfrombuffer,iimagingfactorycreatebitmapfromimage,iimagingfactorycreateimagedecoder,iimagingfactorycreateimageencodertofile,iimagingfactorycreateimageencodertostream,iimagingfactorycreateimagefrombuffer,iimagingfactorycreateimagefromfile,iimagingfactorycreateimagefromstream,iimagingfactorycreatenewbitmap,iimagingfactorygetinstalleddecoders,iimagingfactorygetinstalledencoders,iimagingfactoryinstallimagecodec,iimagingfactoryuninstallimagecodec,imagecodecflags,imagecodecinfo,imageflags,imageinfo,imagelockmode,interpolationhint,makeargb,pixelformat,pixelformatid,propertyitem,sinkflags
imjpskin.h	70	learn/windows-embedded-ce-6.0	imjpskin.h	cimecuicandwindowcbottominfoareacbuttonadjustrect,cimecuicandwindowcbottominfoareacbuttonpaintbackground,cimecuicandwindowcbottominfoareacbuttonpainticon,cimecuicandwindowcbottominfoareagetmargins,cimecuicandwindowcbottominfoareagettextcolor,cimecuicandwindowcbottominfoareaisavailable,cimecuicandwindowcbottominfoareapaintbackground,cimecuicandwindowcbottominfoareausecandmenubutton,cimecuicandwindowcbottominfoareausecandnumtext,cimecuicandwindowcbottominfoareausesortbutton,cimecuicandwindowccandlistareagetmargins,cimecuicandwindowccandlistareaitemcreaterenderingmetrics,cimecuicandwindowccandlistareaitemfreerenderingmetrics,cimecuicandwindowccandlistareaitemgetsize,cimecuicandwindowccandlistareaitempaintbackground,cimecuicandwindowccandlistareaitempaintcandidatestring,cimecuicandwindowccandlistareaitempaintinlinecomment,cimecuicandwindowccandlistareaitemsetsize,cimecuicandwindowccandlistareapaintbackground,cimecuicandwindowccandlistareascrollbarisvisiblealways,cimecuicandwindowcnumbuttonadjustrect,cimecuicandwindowcnumbuttonpaintbackground,cimecuicandwindowcnumbuttonpainticon,cimecuicandwindowcreadingsareacbuttonadjustrect,cimecuicandwindowcreadingsareacbuttonpaintbackground,cimecuicandwindowcreadingsareacbuttonpaintbitmap,cimecuicandwindowcreadingsareacbuttonpainttext,cimecuicandwindowcreadingsareagetmargins,cimecuicandwindowcreadingsareagettextcolor,cimecuicandwindowcreadingsareaisavailable,cimecuicandwindowcreadingsareapaintbackground,cimecuicandwindowgethorizontaloffset,cimecuicandwindowgetmargins,cimecuicandwindowgetmaxheight,cimecuicandwindowgetmaxitems,cimecuicandwindowgetwndstyle,cimecuicandwindowgetwndstyleex,cimecuicandwindowishoveractionsupported,cimecuicandwindowpaintbackground,cimecuicandwindowusenumbuttons,cimecuidefcompwindowclosebuttonadjustrect,cimecuidefcompwindowclosebuttongetsize,cimecuidefcompwindowclosebuttonpaintbackground,cimecuidefcompwindowclosebuttonpaintbitmap,cimecuidefcompwindowcompareagetmargins,cimecuidefcompwindowgetmargins,cimecuidefcompwindowgettextcolor,cimecuidefcompwindowgetwndstyle,cimecuidefcompwindowgetwndstyleex,cimecuidefcompwindowishoveractionsupported,cimecuidefcompwindowpaintbackground,cimecuidefcompwindowpaintgripper,cimecuitoolbarbuttonadjustrect,cimecuitoolbarbuttonareagetmargins,cimecuitoolbarbuttonareagetseparator,cimecuitoolbarbuttongetsize,cimecuitoolbarbuttonpaintbackground,cimecuitoolbarbuttonpaintbitmap,cimecuitoolbarbuttonpainticon,cimecuitoolbargetmargins,cimecuitoolbargetwndstyle,cimecuitoolbargetwndstyleex,cimecuitoolbarishoveractionsupported,cimecuitoolbaronoffbuttonadjustrect,cimecuitoolbaronoffbuttongetsize,cimecuitoolbaronoffbuttonpaintbackground,cimecuitoolbaronoffbuttonpaintbitmap,cimecuitoolbarpaintbackground,cimecuitoolbarpaintgripper,margins
imm.h	158	learn/windows-embedded-ce-6.0,msdn-library/wcedevcon-99/wcesdkr,win32/api/imm	imm.h	candidateform,candidateinfo,candidatelist,compositionform,compositionstring,enumregisterwordproc,guideline,imc_closestatuswindow,imc_getcandidatepos,imc_getcompositionfont,imc_getcompositionwindow,imc_getconversionmode,imc_getopenstatus,imc_getsentencemode,imc_getstatuswindowpos,imc_openstatuswindow,imc_setcandidatepos,imc_setcompositionfont,imc_setcompositionwindow,imc_setconversionmode,imc_setopenstatus,imc_setsentencemode,imc_setstatuswindowpos,imecharposition,imemenuiteminfo,imemenuiteminfoa,imemenuiteminfow,immassociatecontext,immassociatecontextex,immconfigureime,immconfigureimea,immconfigureimew,immcreatecontext,immcreateimcc,immdestroycontext,immdestroyimcc,immdisableime,immenumregisterword,immenumregisterworda,immenumregisterwordw,immescape,immescapea,immescapew,immgeneratemessage,immgetcandidatelist,immgetcandidatelista,immgetcandidatelistcount,immgetcandidatelistcounta,immgetcandidatelistcountw,immgetcandidatelistw,immgetcandidatewindow,immgetcompositionfont,immgetcompositionfonta,immgetcompositionfontw,immgetcompositionstring,immgetcompositionstringa,immgetcompositionstringw,immgetcompositionwindow,immgetcontext,immgetconversionlist,immgetconversionlista,immgetconversionlistw,immgetconversionstatus,immgetdefaultimewnd,immgetdescription,immgetdescriptiona,immgetdescriptionw,immgetguideline,immgetguidelinea,immgetguidelinew,immgethotkey,immgetimcclockcount,immgetimccsize,immgetimclockcount,immgetimefilename,immgetimefilenamea,immgetimefilenamew,immgetimemenuitems,immgetimemenuitemsa,immgetimemenuitemsw,immgetopenstatus,immgetproperty,immgetregisterwordstyle,immgetregisterwordstylea,immgetregisterwordstylew,immgetstatuswindowpos,immgetvirtualkey,immisime,immisuimessage,immisuimessagea,immisuimessagew,immlockimc,immlockimcc,immnotifyime,immregisterword,immregisterworda,immregisterwordw,immreleasecontext,immresizeimcc,immsetcandidatewindow,immsetcompositionfont,immsetcompositionfonta,immsetcompositionfontw,immsetcompositionstring,immsetcompositionstringa,immsetcompositionstringw,immsetcompositionwindow,immsetconversionstatus,immsethotkey,immsetopenstatus,immsetstatuswindowpos,immsimulatehotkey,immsipanelstate,immunlockimc,immunlockimcc,immunregisterword,immunregisterworda,immunregisterwordw,imn_changecandidate,imn_closecandidate,imn_closestatuswindow,imn_guideline,imn_opencandidate,imn_openstatuswindow,imn_setcandidatepos,imn_setcompositionfont,imn_setcompositionwindow,imn_setconversionmode,imn_setopenstatus,imn_setsentencemode,imn_setstatuswindowpos,imr_candidateform,imr_compositionfont,imr_compositionform,imr_confirmreconvertstring,imr_documentfeed,imr_querycharposition,imr_reconvertstring,inputcontext,reconvertstring,registerword,registerworda,registerwordw,stylebuf,stylebufa,stylebufw,wm_ime_char,wm_ime_composition,wm_ime_compositionfull,wm_ime_control,wm_ime_endcomposition,wm_ime_keydown,wm_ime_keyup,wm_ime_notify,wm_ime_request,wm_ime_select,wm_ime_setcontext,wm_ime_startcomposition
immdev.h	70	win32/api/immdev	immdev.h	candidateform,candidatelist,compositionform,imecharposition,imemenuiteminfoa,imemenuiteminfow,immassociatecontext,immassociatecontextex,immconfigureimea,immconfigureimew,immcreatecontext,immdestroycontext,immdisableime,immenumregisterworda,immenumregisterwordw,immescapea,immescapew,immgetcandidatelista,immgetcandidatelistcounta,immgetcandidatelistcountw,immgetcandidatelistw,immgetcandidatewindow,immgetcompositionfonta,immgetcompositionfontw,immgetcompositionstringa,immgetcompositionstringw,immgetcompositionwindow,immgetcontext,immgetconversionlista,immgetconversionlistw,immgetconversionstatus,immgetdefaultimewnd,immgetdescriptiona,immgetdescriptionw,immgetguidelinea,immgetguidelinew,immgetimefilenamea,immgetimefilenamew,immgetimemenuitemsa,immgetimemenuitemsw,immgetopenstatus,immgetproperty,immgetregisterwordstylea,immgetregisterwordstylew,immgetstatuswindowpos,immgetvirtualkey,immisime,immisuimessagea,immisuimessagew,immnotifyime,immregisterworda,immregisterwordw,immreleasecontext,immsetcandidatewindow,immsetcompositionfonta,immsetcompositionfontw,immsetcompositionstringa,immsetcompositionstringw,immsetcompositionwindow,immsetconversionstatus,immsetopenstatus,immsetstatuswindowpos,immsimulatehotkey,immunregisterworda,immunregisterwordw,reconvertstring,registerworda,registerwordw,stylebufa,stylebufw
in6addr.h	1	win32/api/in6addr	in6addr.h	in6_addr
inaddr.h	1	win32/api/inaddr	inaddr.h	in_addr
interned.h	3	learn/windows-embedded-ce-6.0	interned.h	beforewindowopen,count,event
ioapiset.h	1	win32/api/ioapiset	ioapiset.h	deviceiocontrol
ipexport.h	5	chm/windows-ce-3.0,learn/windows-embedded-ce-6.0,win32/api/ipexport	ipexport.h	icmp_echo_reply,ip_adapter_index_map,ip_interface_info,ip_option_information,ip_unidirectional_adapter_address
iphlpapi.h	48	learn/windows-embedded-ce-6.0,win32/api/iphlpapi	iphlpapi.h	addipaddress,createipforwardentry,createipnetentry,createproxyarpentry,deleteipaddress,deleteipforwardentry,deleteipnetentry,deleteproxyarpentry,flushipnettable,getadapterindex,getadaptersaddresses,getadaptersinfo,getbestinterface,getbestinterfaceex,getbestroute,getfriendlyifindex,geticmpstatistics,geticmpstatisticsex,getifentry,getiftable,getinterfaceinfo,getipaddrtable,getipforwardtable,getipnettable,getipstatistics,getipstatisticsex,getnetworkparams,getnumberofinterfaces,getperadapterinfo,getrttandhopcount,gettcpstatistics,gettcpstatisticsex,gettcptable,getudpstatistics,getudpstatisticsex,getudptable,getunidirectionaladapterinfo,ipreleaseaddress,iprenewaddress,notifyaddrchange,notifyroutechange,sendarp,setifentry,setipforwardentry,setipnetentry,setipstatistics,setipttl,settcpentry
ipmib.h	7	win32/api/ipmib	ipmib.h	mib_icmp,mib_ipaddrtable,mib_ipforwardrow,mib_ipforwardtable,mib_ipnettable,mibicmpinfo,mibicmpstats
iprtrmib.h	20	learn/windows-embedded-ce-6.0,win32/api/iprtrmib	iprtrmib.h	mib_best_if,mib_icmp,mib_ifrow,mib_iftable,mib_ipaddrrow,mib_ipaddrtable,mib_ipforwardrow,mib_ipforwardtable,mib_ipnetrow,mib_ipnettable,mib_ipstats,mib_proxyarp,mib_tcprow,mib_tcpstats,mib_tcptable,mib_udprow,mib_udpstats,mib_udptable,mibicmpinfo,mibicmpstats
ipsec_api.h	8	learn/windows-embedded-ce-6.0	ipsec_api.h	ipsec_api_mode_info,ipsec_api_param,isipsecrunning,resetipsecmode,setipsecconfig,setipsecmode,startipsec,stopipsec
iptypes.h	15	learn/windows-embedded-ce-6.0,win32/api/iptypes	iptypes.h	fixed_info,if_oper_status,ip_adapter_addresses,ip_adapter_anycast_address,ip_adapter_info,ip_adapter_multicast_address,ip_adapter_prefix,ip_adapter_unicast_address,ip_addr_string,ip_address_string,ip_dad_state,ip_per_adapter_info,ip_prefix_origin,ip_suffix_origin,scope_level
kato.h	33	learn/windows-embedded-ce-6.0	kato.h	ckatobeginlevel,ckatobeginlevelv,ckatockato,ckatocomment,ckatocommentv,ckatoendlevel,ckatoendlevelv,ckatogetcurrentlevel,ckatogetitemdata,ckatogetverbositycount,ckatolog,ckatologv,ckatosendsystemdata,ckatosetitemdata,katobeginlevel,katocallback,katocallbackstruct,katocomment,katocreate,katodebug,katodestroy,katoendlevel,katoflush,katogetcurrentlevel,katogetdefaultobject,katogetitemdata,katogetserver,katogetverbositycount,katolog,katosendsystemdata,katosetcallback,katosetitemdata,katosetserver
kernel.h	4	learn/windows-embedded-ce-6.0	kernel.h	flushdcache,flushicache,klocalfiletimetofiletime,sc_gettickcount
keybd.h	3	learn/windows-embedded-ce-6.0,msdn-library/windows-mobile-6.5	keybd.h	kbdi_autorepeat_info,kbdi_vkey_to_unicode_info,key_state_flags
keybddr.h	16	learn/windows-embedded-ce-6.0	keybddr.h	pfn_keybd_driver_get_info,pfn_keybd_driver_init_states,pfn_keybd_driver_initialize,pfn_keybd_driver_initialize_ex,pfn_keybd_driver_map_virtual_key,pfn_keybd_driver_power_handler,pfn_keybd_driver_set_mode,pfn_keybd_driver_vkey_to_unicode,pfn_keybd_event_callback,pfn_keybd_event_callback_ex,pfn_layout_mgr_activate_keyboard_layout,pfn_layout_mgr_get_keyboard_layout,pfn_layout_mgr_get_keyboard_layout_list,pfn_layout_mgr_get_keyboard_layout_name,pfn_layout_mgr_get_keyboard_type,pfn_layout_mgr_load_keyboard_layout
keybdpdd.h	5	learn/windows-embedded-ce-6.0	keybdpdd.h	keybd_pdd,pfn_keybd_event,pfn_keybd_pdd_entry,pfn_keybd_pdd_power_handler,pfn_keybd_pdd_toggle_lights
kfuncs.h	11	chm/windows-ce-3.0,learn/windows-embedded-ce-6.0	kfuncs.h	cegetcallertrust,cegetcurrenttrust,debugbreak,getcurrentprocess,getcurrentprocessid,getcurrentthread,getcurrentthreadid,kerneliocontrol,resetevent,setevent,waitforapiready
kitl.h	15	learn/windows-embedded-ce-6.0	kitl.h	kitlgettranxmlparams,kitlloadtransportlib,kitlsettranparam,kitltransport,kitlunloadtransportlib,oemkitlgetsecs,oemkitlinit,pfn_decode,pfn_enableint,pfn_encode,pfn_getdevcfg,pfn_kitltimercb,pfn_recvframe,pfn_sendframe,pfn_sethostcfg
kitlclnt.h	7	learn/windows-embedded-ce-6.0	kitlclnt.h	kitldeinitlibrary,kitlderegisterclient,kitlinitlibrary,kitlrecv,kitlregisterclient,kitlsend,kitlwaitforsvcconnect
kitltran.h	14	learn/windows-embedded-ce-6.0	kitltran.h	pfn_enumproc,trancreate,trandeinitlibrary,trandelete,tranenumknowndevice,trangethostcfg,trangetinfo,trangetxmlparams,traninitlibrary,tranportinfostruct_deleted,tranrecv,transend,transetdevcfg,transetparam
koreanimeui.h	18	learn/windows-embedded-ce-6.0	koreanimeui.h	ikoreanimeuigetcandwndpos,ikoreanimeuigetcompositionfont,ikoreanimeuigetcompwndpos,ikoreanimeuigetstatuswndpos,ikoreanimeuiinitializeuiwindows,ikoreanimeuiredrawcandwnd,ikoreanimeuiredrawcompwnd,ikoreanimeuiredrawstatuswnd,ikoreanimeuisetcanddata,ikoreanimeuisetcandwndpos,ikoreanimeuisetcompdata,ikoreanimeuisetcompwndpos,ikoreanimeuisetstatusdata,ikoreanimeuisetstatuswndpos,ikoreanimeuishowhidecandwnd,ikoreanimeuishowhidecompwnd,ikoreanimeuishowhidestatuswnd,ikoreanimeuiuninitializeuiwindows
kwin32.h	1	learn/windows-embedded-ce-6.0	kwin32.h	oemiocontrol
lap.h	16	chm/windows-ce-5.0/wcelass5/html,learn/windows-embedded-ce-6.0	lap.h,lap.h.	createenrollmentconfigdialog,deinitlap,initlap,lapcancelverifysequence,lapcreateenrollmentconfigdialog,lapdisplaycodeword,lapdisplayprewipe,laplockoutuser,lassclose,lassgetresult,lassgetvalue,verifyuser,verifyuserasync,verifyuserstart,verifyuserstop,verifyusertotop
lass.h	2	chm/windows-ce-5.0/wcelass5/html,learn/windows-embedded-ce-6.0	lass.h.,lass.h	lassreloadconfig,verifyuser
led_drvr.h	4	learn/windows-embedded-ce-6.0	led_drvr.h	nleddrivergetdeviceinfo,nleddriverinitialize,nleddriverpowerdown,nleddriversetdevice
lfapi.h	22	learn/windows-embedded-ce-6.0	lfapi.h	location_report_802_11,location_report_address,location_report_base,location_report_building,location_report_latlong,location_service_state,locationclose,locationgetplugininfoforreport,locationgetprovidersinfo,locationgetreport,locationgetresolversinfo,locationgetservicestate,locationopen,locationpluginclose,locationpluginioctl,locationpluginopen,locationregisterforreport,locationunregisterforreport,plugin_information,plugin_state,provider_information,resolver_information
lfplugin.h	19	learn/windows-embedded-ce-6.0	lfplugin.h	newproviderreport,newresolverreport,provider_control_block,providergetlocation,providerinitialize,providerioctlcall,providerioctlclose,providerioctlopen,providerstop,providerunavailable,provideruninitialize,resolver_control_block,resolvergetlocation,resolverinitialize,resolverioctlcall,resolverioctlclose,resolverioctlopen,resolverstop,resolveruninitialize
libloaderapi.h	16	win32/api/libloaderapi	libloaderapi.h	disablethreadlibrarycalls,findresourcew,freelibrary,freelibraryandexitthread,getmodulefilenamea,getmodulefilenamew,getmodulehandlea,getmodulehandlew,getprocaddress,loadlibrarya,loadlibraryexa,loadlibraryexw,loadlibraryw,loadresource,lockresource,sizeofresource
listboxview.hpp	6	learn/windows-embedded-ce-6.0	listboxview.hpp	listboxview_tdrawbackground,listboxview_tdrawfocus,listboxview_tdrawselection,listboxview_titemheight,listboxview_ttextcolor,listboxview_ttopcoordinate
lmapibuf.h	1	win32/api/lmapibuf	lmapibuf.h	netapibufferfree
loadauth.h	1	learn/windows-embedded-ce-6.0	loadauth.h	win_certificate
lockmgr.h	5	learn/windows-ce-5.0,learn/windows-embedded-ce-6.0	lockmgr.h,lockmgr.h.	fsdmgr_acquirefilelock,fsdmgr_installfilelock,fsdmgr_removefilelockex,fsdmgr_testfilelock,fsdmgr_testfilelockex
lockmgrhelp.h	3	learn/windows-ce-5.0,learn/windows-embedded-ce-6.0	lockmgrhelp.h.,lockmgrhelp.h	fsdmgr_closefilelockstate,fsdmgr_openfilelockstate,fsdmgr_removefilelock
lockmgrtypes.h	2	learn/windows-ce-5.0,learn/windows-embedded-ce-6.0	lockmgrtypes.h,lockmgrtypes.h.	pacquirefilelockstate,preleasefilelockstate
malloc.h	2	learn/windows-ce-5.0	malloc.h.	_alloca,calloc
malloc.h, stdio.h, string.h	1	learn/windows-ce-5.0	malloc.h, stdio.h, string.h.	_strdup
marshal.hpp	3	learn/windows-embedded-ce-6.0	marshal.hpp	asynchronousbuffer_t,duplicatedbuffer_t,marshalledbuffer_t
mediaobj.h	46	win32/api/mediaobj	mediaobj.h	dmo_media_type,dmo_output_data_buffer,idmoqualitycontrol,idmoqualitycontrolgetstatus,idmoqualitycontrolsetnow,idmoqualitycontrolsetstatus,idmovideooutputoptimizations,idmovideooutputoptimizationsgetcurrentoperationmode,idmovideooutputoptimizationsgetcurrentsamplerequirements,idmovideooutputoptimizationsqueryoperationmodepreferences,idmovideooutputoptimizationssetoperationmode,ienumdmo,ienumdmoclone,ienumdmonext,ienumdmoreset,ienumdmoskip,imediabuffer,imediabuffergetbufferandlength,imediabuffergetmaxlength,imediabuffersetlength,imediaobject,imediaobjectallocatestreamingresources,imediaobjectdiscontinuity,imediaobjectflush,imediaobjectfreestreamingresources,imediaobjectgetinputcurrenttype,imediaobjectgetinputmaxlatency,imediaobjectgetinputsizeinfo,imediaobjectgetinputstatus,imediaobjectgetinputstreaminfo,imediaobjectgetinputtype,imediaobjectgetoutputcurrenttype,imediaobjectgetoutputsizeinfo,imediaobjectgetoutputstreaminfo,imediaobjectgetoutputtype,imediaobjectgetstreamcount,imediaobjectinplace,imediaobjectinplaceclone,imediaobjectinplacegetlatency,imediaobjectinplaceprocess,imediaobjectlock,imediaobjectprocessinput,imediaobjectprocessoutput,imediaobjectsetinputmaxlatency,imediaobjectsetinputtype,imediaobjectsetoutputtype
mediaqueryengine.hpp	46	learn/windows-embedded-ce-6.0	mediaqueryengine.hpp	devicestatus_e,item_attribute_e,mediaitem_tgetitemattribute,mediaitem_tiscontainer,mediaitem_tisrestricted,mediaitem_tisvalid,mediaitem_toemextensionupnpitemattribute,mediaitembatch_tgetmediaitem,mediaitembatch_tisvalid,mediaitembatch_ttotalitems,mediaquery_tbatchsize,mediaquery_tcurrentitemoffset,mediaquery_tgetnextbatch,mediaquery_tisvalid,mediaquery_ttotalitems,mediaqueryengine_tactiveservername,mediaqueryengine_tactiveserverudn,mediaqueryengine_taddsink,mediaqueryengine_tcreatenewquery,mediaqueryengine_tinitialize,mediaqueryengine_tknownmediaservers,mediaqueryengine_toemextensionupnpbrowsechildren,mediaqueryengine_toemextensionupnpquery,mediaqueryengine_tregistercontentupdatecallback,mediaqueryengine_tremovesink,mediaqueryengine_tstart,mediaqueryengine_tstate,mediaqueryengine_tstop,mediaqueryengine_tuninitialize,mediaqueryengine_tunregistercontentupdatecallback,mediaqueryengine_twaitforactiveserver,mediatype_e,queryenginestate_e,queryparams_tqueryparams_t,querysinkevent_e,searchby_e,serverinfo_tactivate,serverinfo_tdevicestatus,serverinfo_tfriendlydevicename,serverinfo_tisvalid,serverinfo_tmodelnumber,serverinfo_tuniquedevicename,serverinfocollection_tgetserverinfo,serverinfocollection_tisvalid,serverinfocollection_ttotalservers,sortby_e
mem_arm.h	1	learn/windows-embedded-ce-6.0	mem_arm.h	oemarmcachemode
memoryapi.h	14	win32/api/memoryapi	memoryapi.h	createfilemappingw,flushviewoffile,mapviewoffile,readprocessmemory,unmapviewoffile,virtualalloc,virtualallocex,virtualfree,virtualfreeex,virtualprotect,virtualprotectex,virtualquery,virtualqueryex,writeprocessmemory
menuview.hpp	17	learn/windows-embedded-ce-6.0	menuview.hpp	menuview_tcascadearrowwidth,menuview_tcolumncomputewidth,menuview_tdrawcascadearrow,menuview_tdrawcheckmark,menuview_tdrawcolumnbreak,menuview_tdrawscrollarrows,menuview_tdrawseparator,menuview_tdrawstring,menuview_terasebackground,menuview_tmenubarfont,menuview_tnotpopupstringitemcomputesize,menuview_tpopupmenufont,menuview_tpopupstringitemcomputesize,menuview_tscrollarrowheight,menuview_tseparatoritemcomputesize,menuview_tsetupcolors,menuview_tsinglecolumncomputewidth
minwinbase.h	17	win32/api/minwinbase	minwinbase.h	create_process_debug_info,create_thread_debug_info,debug_event,exception_debug_info,exit_process_debug_info,exit_thread_debug_info,filetime,findex_info_levels,findex_search_ops,get_fileex_info_levels,load_dll_debug_info,output_debug_string_info,overlapped,systemtime,unload_dll_debug_info,win32_find_dataa,win32_find_dataw
mkfuncs.h	3	chm/windows-ce-3.0,learn/windows-embedded-ce-6.0	mkfuncs.h	exitprocess,registerdirectmethods,virtualsetattributesex
mlang.h, mlang.idl	93	learn/windows-embedded-ce-6.0	mlang.h, mlang.idl	conversion,convertinetmultibytetounicode,convertinetstring,convertinetunicodetomultibyte,detectencodinginfo,ienumcodepagenext,ienumcodepagereset,ienumcodepageskip,ienumrfc1766next,ienumrfc1766reset,ienumrfc1766skip,ienumscriptclone,ienumscriptnext,ienumscriptreset,ienumscriptskip,imlangcodepagescodepagestocodepage,imlangcodepagescodepagetocodepages,imlangcodepagesgetcharcodepages,imlangcodepagesgetstrcodepages,imlangconvertcharsetdoconversion,imlangconvertcharsetdoconversionfromunicode,imlangconvertcharsetdoconversiontounicode,imlangconvertcharsetgetdestinationcodepage,imlangconvertcharsetgetproperty,imlangconvertcharsetgetsourcecodepage,imlangconvertcharsetinitialize,imlangfontlink2codepagetoscriptid,imlangfontlink2getfontcodepages,imlangfontlink2getfontunicoderanges,imlangfontlink2getscriptfontinfo,imlangfontlink2mapfont,imlangfontlink2releasefont,imlangfontlink2resetfontmapping,imlangfontlinkgetfontcodepages,imlangfontlinkmapfont,imlangfontlinkreleasefont,imlangfontlinkresetfontmapping,imlanglinebreakconsolebreaklinea,imlanglinebreakconsolebreaklinew,imultilanguage2convertstring,imultilanguage2convertstringfromunicode,imultilanguage2convertstringfromunicodeex,imultilanguage2convertstringinistream,imultilanguage2convertstringtounicode,imultilanguage2convertstringtounicodeex,imultilanguage2createconvertcharset,imultilanguage2detectcodepageinistream,imultilanguage2detectinputcodepage,imultilanguage2enumcodepages,imultilanguage2enumrfc1766,imultilanguage2enumscripts,imultilanguage2getcharsetinfo,imultilanguage2getcodepagedescription,imultilanguage2getcodepageinfo,imultilanguage2getfamilycodepage,imultilanguage2getlcidfromrfc1766,imultilanguage2getnumberofcodepageinfo,imultilanguage2getnumberofscripts,imultilanguage2getrfc1766fromlcid,imultilanguage2getrfc1766info,imultilanguage2isconvertible,imultilanguage2setmimedbsource,imultilanguage3detectoutboundcodepage,imultilanguage3detectoutboundcodepageinistream,imultilanguageconvertstring,imultilanguageconvertstringfromunicode,imultilanguageconvertstringtounicode,imultilanguagecreateconvertcharset,imultilanguageenumcodepages,imultilanguageenumrfc1766,imultilanguagegetcharsetinfo,imultilanguagegetcodepageinfo,imultilanguagegetfamilycodepage,imultilanguagegetlcidfromrfc1766,imultilanguagegetnumberofcodepageinfo,imultilanguagegetrfc1766fromlcid,imultilanguagegetrfc1766info,imultilanguageisconvertible,isconvertinetstringavailable,lcidtorfc1766,mimecontf,mimecpinfo,mimecsetinfo,mlconvchar,mlcp,mldetectcp,multilanguage,rfc1766info,rfc1766tolcid,scriptcontf,scriptfontcontf,scriptinfo,unicoderange
mmddk.h	47	learn/windows-embedded-ce-6.0	mmddk.h	mixeropendesc,mxdm_close,mxdm_getcontroldetails,mxdm_getdevcaps,mxdm_getlinecontrols,mxdm_getlineinfo,mxdm_getnumdevs,mxdm_init,mxdm_open,mxdm_setcontroldetails,waveopendesc,waveoutextcaps,wavepropinfo,widm_addbuffer,widm_close,widm_getdevcaps,widm_getnumdevs,widm_getpos,widm_getprop,widm_open,widm_prepare,widm_reset,widm_setprop,widm_start,widm_stop,widm_unprepare,wodm_breakloop,wodm_close,wodm_getdevcaps,wodm_getextdevcaps,wodm_getnumdevs,wodm_getpitch,wodm_getplaybackrate,wodm_getpos,wodm_getprop,wodm_getvolume,wodm_open,wodm_pause,wodm_prepare,wodm_reset,wodm_restart,wodm_setpitch,wodm_setplaybackrate,wodm_setprop,wodm_setvolume,wodm_unprepare,wodm_write
mmeapi.h	84	win32/api/mmeapi	mmeapi.h	mixercaps,mixercapsa,mixercapsw,mixerclose,mixercontrol,mixercontrola,mixercontroldetails,mixercontroldetails_boolean,mixercontroldetails_listtext,mixercontroldetails_listtexta,mixercontroldetails_listtextw,mixercontroldetails_signed,mixercontroldetails_unsigned,mixercontrolw,mixergetcontroldetails,mixergetcontroldetailsa,mixergetcontroldetailsw,mixergetdevcaps,mixergetdevcapsa,mixergetdevcapsw,mixergetid,mixergetlinecontrols,mixergetlinecontrolsa,mixergetlinecontrolsw,mixergetlineinfo,mixergetlineinfoa,mixergetlineinfow,mixergetnumdevs,mixerline,mixerlinea,mixerlinecontrols,mixerlinecontrolsa,mixerlinecontrolsw,mixerlinew,mixermessage,mixeropen,mixersetcontroldetails,waveformatex,wavehdr,waveinaddbuffer,waveincaps,waveincapsa,waveincapsw,waveinclose,waveingetdevcaps,waveingetdevcapsa,waveingetdevcapsw,waveingeterrortext,waveingetid,waveingetnumdevs,waveingetposition,waveinmessage,waveinopen,waveinprepareheader,waveinreset,waveinstart,waveinstop,waveinunprepareheader,waveoutbreakloop,waveoutcaps,waveoutcapsa,waveoutcapsw,waveoutclose,waveoutgetdevcaps,waveoutgetdevcapsa,waveoutgetdevcapsw,waveoutgeterrortext,waveoutgetid,waveoutgetnumdevs,waveoutgetpitch,waveoutgetplaybackrate,waveoutgetposition,waveoutgetvolume,waveoutmessage,waveoutopen,waveoutpause,waveoutprepareheader,waveoutreset,waveoutrestart,waveoutsetpitch,waveoutsetplaybackrate,waveoutsetvolume,waveoutunprepareheader,waveoutwrite
mmreg.h	1	win32/api/mmreg	mmreg.h	waveformatex
mmstream.h	20	win32/api/mmstream	mmstream.h	imediastreamallocatesample,imediastreamcreatesharedsample,imediastreamgetinformation,imediastreamgetmultimediastream,imediastreamsendendofstream,imediastreamsetsameformat,imultimediastreamenummediastreams,imultimediastreamgetduration,imultimediastreamgetendofstreameventhandle,imultimediastreamgetinformation,imultimediastreamgetmediastream,imultimediastreamgetstate,imultimediastreamgettime,imultimediastreamseek,imultimediastreamsetstate,istreamsamplecompletionstatus,istreamsamplegetmediastream,istreamsamplegetsampletimes,istreamsamplesetsampletimes,istreamsampleupdate
mmsystem.h	94	chm/windows-ce-3.0,learn/windows-embedded-ce-6.0	mmsystem.h	audiogainclass,mixercaps,mixerclose,mixercontrol,mixercontroldetails,mixercontroldetails_boolean,mixercontroldetails_listtext,mixercontroldetails_signed,mixercontroldetails_unsigned,mixergetcontroldetails,mixergetdevcaps,mixergetid,mixergetlinecontrols,mixergetlineinfo,mixergetnumdevs,mixerline,mixerlinecontrols,mixermessage,mixeropen,mixersetcontroldetails,mm_mixm_control_change,mm_mixm_line_change,mm_wim_close,mm_wim_data,mm_wim_open,mm_wom_attenuated,mm_wom_close,mm_wom_done,mm_wom_open,mmtime,playsound,sndplaysound,streamprops,timebeginperiod,timecaps,timeendperiod,timegetdevcaps,timegethardwarefrequency,timegetsystemtime,timegettime,timegettimesinceinterrupt,timekillevent,timesetevent,waveformatex,wavehdr,waveinaddbuffer,waveincaps,waveinclose,waveingetdevcaps,waveingeterrortext,waveingetid,waveingetnumdevs,waveingetposition,waveingetproperty,waveinmessage,waveinopen,waveinprepareheader,waveinproc,waveinreset,waveinsetproperty,waveinstart,waveinstop,waveinunprepareheader,waveoutbreakloop,waveoutcaps,waveoutclose,waveoutgetdevcaps,waveoutgeterrortext,waveoutgetid,waveoutgetnumdevs,waveoutgetpitch,waveoutgetplaybackrate,waveoutgetposition,waveoutgetproperty,waveoutgetvolume,waveoutmessage,waveoutopen,waveoutpause,waveoutprepareheader,waveoutproc,waveoutreset,waveoutrestart,waveoutsetpitch,waveoutsetplaybackrate,waveoutsetproperty,waveoutsetvolume,waveoutunprepareheader,waveoutwrite,wim_close,wim_data,wim_open,wom_close,wom_done,wom_open
mpconfig.h	14	win32/api/mpconfig	mpconfig.h	imixerpinconfig2getoverlaysurfacecolorcontrols,imixerpinconfig2setoverlaysurfacecolorcontrols,imixerpinconfiggetaspectratiomode,imixerpinconfiggetblendingparameter,imixerpinconfiggetcolorkey,imixerpinconfiggetrelativeposition,imixerpinconfiggetstreamtransparent,imixerpinconfiggetzorder,imixerpinconfigsetaspectratiomode,imixerpinconfigsetblendingparameter,imixerpinconfigsetcolorkey,imixerpinconfigsetrelativeposition,imixerpinconfigsetstreamtransparent,imixerpinconfigsetzorder
mpeg2structs.h	1	win32/api/mpeg2structs	mpeg2structs.h	section
mq.h	61	learn/windows-embedded-ce-6.0	mq.h	apropid,apropvar,astatus,mqclosecursor,mqclosequeue,mqcreatecursor,mqcreatequeue,mqdeletequeue,mqfreememory,mqgetmachineproperties,mqgetqueueproperties,mqhandletoformatname,mqmsgprops,mqopenqueue,mqpathnametoformatname,mqpropvariant,mqqmprops,mqqueueprops,mqreceivemessage,mqsendmessage,mqsetqueueproperties,propid_m_acknowledge,propid_m_admin_queue,propid_m_admin_queue_len,propid_m_appspecific,propid_m_arrivedtime,propid_m_auth_level,propid_m_body,propid_m_body_size,propid_m_body_type,propid_m_class,propid_m_correlationid,propid_m_delivery,propid_m_dest_queue,propid_m_dest_queue_len,propid_m_extension,propid_m_extension_len,propid_m_journal,propid_m_label,propid_m_label_len,propid_m_msgid,propid_m_priority,propid_m_resp_queue,propid_m_resp_queue_len,propid_m_senttime,propid_m_src_machine_id,propid_m_time_to_be_received,propid_m_time_to_reach_queue,propid_m_trace,propid_m_version,propid_q_authenticate,propid_q_create_time,propid_q_journal,propid_q_journal_quota,propid_q_label,propid_q_modify_time,propid_q_pathname,propid_q_priv_level,propid_q_quota,propid_q_transaction,propid_qm_machine_id
mqmgmt.h	2	learn/windows-embedded-ce-6.0	mqmgmt.h	mqmgmtaction,mqmgmtgetinfo
mqoai.h	63	learn/windows-embedded-ce-6.0	mqoai.h	msmqapplication,msmqeventarrived,msmqeventarrivederror,msmqmessageack,msmqmessageadminqueueinfo,msmqmessageappspecific,msmqmessagearrivedtime,msmqmessageauthlevel,msmqmessagebody,msmqmessageclass,msmqmessagecorrelationid,msmqmessagedelivery,msmqmessagedestinationqueueinfo,msmqmessageencryptalgorithm,msmqmessagehashalgorithm,msmqmessageisauthenticated,msmqmessagejournal,msmqmessagelabel,msmqmessagemaxtimetoreachqueue,msmqmessagemaxtimetoreceive,msmqmessagepriority,msmqmessageprivlevel,msmqmessageresponsequeueinfo,msmqmessagesendercertificate,msmqmessagesenderid,msmqmessagesenderidtype,msmqmessagesenttime,msmqmessagesourcemachineguid,msmqmessagetrace,msmqquery,msmqqueueaccess,msmqqueueclose,msmqqueueenablenotification,msmqqueuehandle,msmqqueueinfoauthenticate,msmqqueueinfobasepriority,msmqqueueinfocreate,msmqqueueinfocreatetime,msmqqueueinfoformatname,msmqqueueinfoistransactional,msmqqueueinfoisworldreadable,msmqqueueinfojournal,msmqqueueinfojournalquota,msmqqueueinfolabel,msmqqueueinfomodifytime,msmqqueueinfoopen,msmqqueueinfopathname,msmqqueueinfoprivlevel,msmqqueueinfoqueueguid,msmqqueueinfoquota,msmqqueueinforefresh,msmqqueueinfos,msmqqueueinfoservicetypeguid,msmqqueueinfoupdate,msmqqueueisopen,msmqqueuepeek,msmqqueuepeekcurrent,msmqqueuepeeknext,msmqqueuequeueinfo,msmqqueuereceive,msmqqueuereceivecurrent,msmqqueuereset,msmqqueuesharemode
msacmdrv.h	24	learn/windows-embedded-ce-6.0	msacmdrv.h	acmdm_driver_about,acmdm_driver_details,acmdm_driver_notify,acmdm_filter_details,acmdm_filtertag_details,acmdm_format_details,acmdm_format_suggest,acmdm_formattag_details,acmdm_hardware_wave_caps_input,acmdm_hardware_wave_caps_output,acmdm_stream_close,acmdm_stream_convert,acmdm_stream_open,acmdm_stream_prepare,acmdm_stream_reset,acmdm_stream_size,acmdm_stream_unprepare,acmdrvformatsuggest,acmdrvopendesc,acmdrvstreamheader,acmdrvstreaminstance,acmdrvstreamsize,drv_close,drv_open
msgqueue.h	9	learn/windows-embedded-ce-6.0	msgqueue.h	closemsgqueue,createmsgqueue,getmsgqueueinfo,msgqueueinfo,msgqueueoptions,openmsgqueue,readmsgqueue,readmsgqueueex,writemsgqueue
mshtmcid.h	9	learn/windows-embedded-ce-6.0	mshtmcid.h	idm_blockdirltr,idm_blockdirrtl,idm_dynsrcplay,idm_dynsrcstop,idm_redo,idm_strikethrough,idm_subscript,idm_superscript,idm_undo
mshtmhst.h, mshtmhst.idl	4	learn/windows-embedded-ce-6.0	mshtmhst.h, mshtmhst.idl	getfilename,nvfocus_direction,showinternalmessage,showprompt
mshtmhst.idl, mshtml.h	11	learn/windows-embedded-ce-6.0	mshtmhst.idl, mshtml.h	iolecontrolnavigation2activaterect,iolecontrolnavigation2advisesinknavigateoutcontrol,iolecontrolnavigation2advisesinkonfocusrectchange,iolecontrolnavigation2advisesinkonnavigationstatuschange,iolecontrolnavigation2advisesinkonrectschange,iolecontrolnavigation2deactivaterect,iolecontrolnavigation2getcontrolnavigationcapabilities,iolecontrolnavigation2getcurrentrectindex,iolecontrolnavigation2getnavigationrectcount,iolecontrolnavigation2getnavigationrects,iolecontrolnavigation2navigateincontrol
msime.h	71	learn/windows-embedded-ce-6.0,win32/api/msime	msime.h	createifedictionaryinstance,createiimeipointinstance,ifedictionaryclose,ifedictionarycreate,ifedictionaryexistword,ifedictionarygetheader,ifedictionarygetpostable,ifedictionarygetwords,ifedictionarynextwords,ifedictionaryopen,ifedictionaryregisterword,iimeipoint2controlime,iimeipoint2deletecompstring,iimeipoint2getallcompositioninfo,iimeipoint2initialize,iimeipoint2insertimeitem,iimeipoint2insertstringex,iimeipoint2replacecompstring,iimeipoint2selectipcandidate,iimeipoint2updatecontext,iimeipointnotifysinkgeneratemessage,iimeipointnotifysinkisreadinghalfkana,iimeipointnotifysinksetcandidateselection,iimeipointnotifysinksetcandidatestr,iimeipointnotifysinksetcompositionattr,iimeipointnotifysinksetcompositionclause,iimeipointnotifysinksetcompositionreadattr,iimeipointnotifysinksetcompositionreadclause,iimeipointnotifysinksetcompositionreadstr,iimeipointnotifysinksetcompositionstr,iimeipointnotifysinksetcursorpos,iimeipointnotifysinksetdeltapos,iimeipointnotifysinksetresultclause,iimeipointnotifysinksetresultreadclause,iimeipointnotifysinksetresultreadstr,iimeipointnotifysinksetresultstr,iimeipointnotifysinksettargetclause,imeshf,imewrd,ipcandidate,ipctrl_caretbackspace,ipctrl_caretbottom,ipctrl_caretdelete,ipctrl_caretleft,ipctrl_caretright,ipctrl_caretset,ipctrl_carettop,ipctrl_clearall,ipctrl_convertall,ipctrl_determinall,ipctrl_getconversionmode,ipctrl_geterror,ipctrl_insertfullspace,ipctrl_inserthalfspace,ipctrl_insertspace,ipctrl_jpn_bunlendec,ipctrl_jpn_bunleninc,ipctrl_jpn_crsrleft,ipctrl_jpn_crsrright,ipctrl_jpn_undobunsetsu,ipctrl_jpn_undoclr,ipctrl_makecandidate,ipctrl_offime,ipctrl_onime,ipctrl_phrasedelete,ipctrl_preconversion,ipctrl_reloadcfg,ipctrl_selectcandidate,ipctrl_setconversionmode,ipctrl_setshiftstate,postbl
msimeui.h	1	learn/windows-embedded-ce-6.0	msimeui.h	imegetuiclassname
mspyime.h	3	learn/windows-embedded-ce-6.0	mspyime.h	cleareudpcontent,getpinyintype,setpinyintype
msr.h	2	learn/windows-embedded-ce-6.0	msr.h	nkrdmsr,nkwrmsr
mssoap.h	48	learn/windows-embedded-ce-6.0	mssoap.h	enumsoapmappersfind,enumsoapmappersnext,enumsoapmappersreset,enumsoapmappersskip,enumwsdloperationsfind,enumwsdloperationsnext,enumwsdloperationsreset,enumwsdloperationsskip,enumwsdlportsfind,enumwsdlportsnext,enumwsdlportsreset,enumwsdlportsskip,enumwsdlservicefind,enumwsdlservicenext,enumwsdlservicereset,enumwsdlserviceskip,isoapclientdetail,isoapclientfaultactor,isoapclientfaultcode,isoapclientfaultstring,isoapconnectorconnect,isoapconnectorreset,isoaperrordetail,isoaperrorfaultactor,isoaperrorfaultcode,isoaperrorfaultstring,isoapreaderfault,isoapreaderfaultactor,isoapreaderfaultcode,isoapreaderfaultstring,isoapreaderload,isoapreaderloadxml,isoapreadersoapaction,isoapserializerinit,isoapserverinit,isoaptypemapperinit,property,soapmapperelementname,soapmapperencoding,soapmappersave,wsdloperationload,wsdloperationname,wsdloperationsave,wsdloperationsoapaction,wsdlportname,wsdlreaderload,wsdlreadersetproperty,wsdlservicename
mstcpip.h	1	win32/api/mstcpip	mstcpip.h	assert
mstsax.h, mstsax.idl	99	learn/windows-embedded-ce-6.0	mstsax.h, mstsax.idl	imsrdpclientadvancedsettingsget_acceleratorpassthrough,imsrdpclientadvancedsettingsget_bitmapcachesize,imsrdpclientadvancedsettingsget_bitmappersistence,imsrdpclientadvancedsettingsget_bitmapvirtualcache16bppsize,imsrdpclientadvancedsettingsget_bitmapvirtualcache24bppsize,imsrdpclientadvancedsettingsget_bitmapvirtualcachesize,imsrdpclientadvancedsettingsget_connecttoserverconsole,imsrdpclientadvancedsettingsget_dedicatedterminal,imsrdpclientadvancedsettingsget_disablectrlaltdel,imsrdpclientadvancedsettingsget_displayconnectionbar,imsrdpclientadvancedsettingsget_doubleclickdetect,imsrdpclientadvancedsettingsget_enablemouse,imsrdpclientadvancedsettingsget_enablewindowskey,imsrdpclientadvancedsettingsget_grabfocusonconnect,imsrdpclientadvancedsettingsget_hotkeyaltesc,imsrdpclientadvancedsettingsget_hotkeyaltshifttab,imsrdpclientadvancedsettingsget_hotkeyaltspace,imsrdpclientadvancedsettingsget_hotkeyalttab,imsrdpclientadvancedsettingsget_hotkeyctrlaltdel,imsrdpclientadvancedsettingsget_hotkeyctrlesc,imsrdpclientadvancedsettingsget_hotkeyfullscreen,imsrdpclientadvancedsettingsget_inputeventsatonce,imsrdpclientadvancedsettingsget_keepaliveinterval,imsrdpclientadvancedsettingsget_keyboardfunctionkey,imsrdpclientadvancedsettingsget_keyboardsubtype,imsrdpclientadvancedsettingsget_keyboardtype,imsrdpclientadvancedsettingsget_maxeventcount,imsrdpclientadvancedsettingsget_maximizeshell,imsrdpclientadvancedsettingsget_mininputsendinterval,imsrdpclientadvancedsettingsget_minutestoidletimeout,imsrdpclientadvancedsettingsget_numbitmapcaches,imsrdpclientadvancedsettingsget_orderdrawthreshold,imsrdpclientadvancedsettingsget_overallconnectiontimeout,imsrdpclientadvancedsettingsget_performanceflags,imsrdpclientadvancedsettingsget_pinconnectionbar,imsrdpclientadvancedsettingsget_rdpdrclipcleantempdirstring,imsrdpclientadvancedsettingsget_rdpdrclippasteinfostring,imsrdpclientadvancedsettingsget_rdpdrlocalprintingdocname,imsrdpclientadvancedsettingsget_rdpport,imsrdpclientadvancedsettingsget_redirectports,imsrdpclientadvancedsettingsget_redirectprinters,imsrdpclientadvancedsettingsget_redirectsmartcards,imsrdpclientadvancedsettingsget_scalebitmapcachesbybpp,imsrdpclientadvancedsettingsget_shadowbitmap,imsrdpclientadvancedsettingsget_shutdowntimeout,imsrdpclientadvancedsettingsget_singleconnectiontimeout,imsrdpclientadvancedsettingsget_smartsizing,imsrdpclientadvancedsettingsget_smoothscroll,imsrdpclientadvancedsettingsput_acceleratorpassthrough,imsrdpclientadvancedsettingsput_bitmapcachesize,imsrdpclientadvancedsettingsput_bitmappersistence,imsrdpclientadvancedsettingsput_bitmapvirtualcache16bppsize,imsrdpclientadvancedsettingsput_bitmapvirtualcache24bppsize,imsrdpclientadvancedsettingsput_bitmapvirtualcachesize,imsrdpclientadvancedsettingsput_cleartextpassword,imsrdpclientadvancedsettingsput_connecttoserverconsole,imsrdpclientadvancedsettingsput_connectwithendpoint,imsrdpclientadvancedsettingsput_dedicatedterminal,imsrdpclientadvancedsettingsput_disablectrlaltdel,imsrdpclientadvancedsettingsput_displayconnectionbar,imsrdpclientadvancedsettingsput_doubleclickdetect,imsrdpclientadvancedsettingsput_enablemouse,imsrdpclientadvancedsettingsput_enablewindowskey,imsrdpclientadvancedsettingsput_grabfocusonconnect,imsrdpclientadvancedsettingsput_hotkeyaltesc,imsrdpclientadvancedsettingsput_hotkeyaltshifttab,imsrdpclientadvancedsettingsput_hotkeyaltspace,imsrdpclientadvancedsettingsput_hotkeyalttab,imsrdpclientadvancedsettingsput_hotkeyctrlaltdel,imsrdpclientadvancedsettingsput_hotkeyctrlesc,imsrdpclientadvancedsettingsput_hotkeyfullscreen,imsrdpclientadvancedsettingsput_inputeventsatonce,imsrdpclientadvancedsettingsput_keepaliveinterval,imsrdpclientadvancedsettingsput_keyboardfunctionkey,imsrdpclientadvancedsettingsput_keyboardsubtype,imsrdpclientadvancedsettingsput_keyboardtype,imsrdpclientadvancedsettingsput_maxeventcount,imsrdpclientadvancedsettingsput_maximizeshell,imsrdpclientadvancedsettingsput_mininputsendinterval,imsrdpclientadvancedsettingsput_minutestoidletimeout,imsrdpclientadvancedsettingsput_numbitmapcaches,imsrdpclientadvancedsettingsput_orderdrawthreshold,imsrdpclientadvancedsettingsput_overallconnectiontimeout,imsrdpclientadvancedsettingsput_performanceflags,imsrdpclientadvancedsettingsput_persistcachedirectory,imsrdpclientadvancedsettingsput_pinconnectionbar,imsrdpclientadvancedsettingsput_rdpdrclipcleantempdirstring,imsrdpclientadvancedsettingsput_rdpdrclippasteinfostring,imsrdpclientadvancedsettingsput_rdpdrlocalprintingdocname,imsrdpclientadvancedsettingsput_rdpport,imsrdpclientadvancedsettingsput_redirectports,imsrdpclientadvancedsettingsput_redirectprinters,imsrdpclientadvancedsettingsput_redirectsmartcards,imsrdpclientadvancedsettingsput_scalebitmapcachesbybpp,imsrdpclientadvancedsettingsput_shadowbitmap,imsrdpclientadvancedsettingsput_shutdowntimeout,imsrdpclientadvancedsettingsput_singleconnectiontimeout,imsrdpclientadvancedsettingsput_smartsizing,imsrdpclientadvancedsettingsput_smoothscroll
mswsock.h	1	win32/api/mswsock	mswsock.h	transmit_file_buffers
msxml2.h, msxml2.idl	120	learn/windows-embedded-ce-6.0	msxml2.h, msxml2.idl	domdocument,domdocumentgetelementsbytagname,domdocumentonreadystatechange,domdocumentreadystate,domdocumenturl,isaxattributesgetindexfromname,isaxattributesgetindexfromqname,isaxattributesgetlength,isaxattributesgetlocalname,isaxattributesgetqname,isaxattributesgettype,isaxattributesgettypefromname,isaxattributesgettypefromqname,isaxattributesgeturi,isaxattributesgetvalue,isaxattributesgetvaluefromname,isaxattributesgetvaluefromqname,isaxcontenthandlercharacters,isaxcontenthandlerenddocument,isaxcontenthandlerendelement,isaxcontenthandlerendprefixmapping,isaxcontenthandlerignorablewhitespace,isaxcontenthandlerprocessinginstruction,isaxcontenthandlerputdocumentlocator,isaxcontenthandlerskippedentity,isaxcontenthandlerstartdocument,isaxcontenthandlerstartprefixmapping,isaxdeclhandlerelementdecl,isaxdeclhandlerexternalentitydecl,isaxdeclhandlerinternalentitydecl,isaxdtdhandlernotationdecl,isaxentityresolverresolveentity,isaxerrorhandlererror,isaxerrorhandlerfatalerror,isaxerrorhandlerignorablewarning,isaxlexicalhandlercomment,isaxlexicalhandlerendcdata,isaxlexicalhandlerenddtd,isaxlexicalhandlerendentity,isaxlexicalhandlerstartcdata,isaxlexicalhandlerstartdtd,isaxlexicalhandlerstartentity,isaxlocatorgetcolumnnumber,isaxlocatorgetlinenumber,isaxlocatorgetpublicid,isaxlocatorgetsystemid,isaxxmlfiltergetparent,isaxxmlfilterputparent,isaxxmlreadergetbaseurl,isaxxmlreadergetcontenthandler,isaxxmlreadergetdtdhandler,isaxxmlreadergetentityresolver,isaxxmlreadergeterrorhandler,isaxxmlreadergetfeature,isaxxmlreadergetproperty,isaxxmlreadergetsecurebaseurl,isaxxmlreaderparse,isaxxmlreaderparseurl,isaxxmlreaderputbaseurl,isaxxmlreaderputcontenthandler,isaxxmlreaderputdtdhandler,isaxxmlreaderputentityresolver,isaxxmlreaderputerrorhandler,isaxxmlreaderputfeature,isaxxmlreaderputproperty,isaxxmlreaderputsecurebaseurl,ixmldomattribute,ixmldomattributename,ixmldomcdatasection,ixmldomcharacterdata,ixmldomcharacterdatadata,ixmldomcharacterdatalength,ixmldomcomment,ixmldomdocument2,ixmldomdocument2getproperty,ixmldomdocumentfragment,ixmldomdocumenttype,ixmldomdocumenttypename,ixmldomelementgetelementsbytagname,ixmldomentity,ixmldomentitypublicid,ixmldomentityreference,ixmldomentitysystemid,ixmldomimplementation,ixmldomnamednodemapitem,ixmldomnamednodemaplength,ixmldomnamednodemapnextnode,ixmldomnamednodemapreset,ixmldomnode,ixmldomnodelist,ixmldomnodelistitem,ixmldomnodelistlength,ixmldomnodelistnextnode,ixmldomnodelistreset,ixmldomnodenamespaceuri,ixmldomnotation,ixmldomnotationpublicid,ixmldomnotationsystemid,ixmldomparseerror,ixmldomparseerrorurl,ixmldomprocessinginstruction,ixmldomprocessinginstructiondata,ixmldomselectiongetproperty,ixmldomtext,ixmlhttprequestabort,ixmlhttprequestgetallresponseheaders,ixmlhttprequestgetresponseheader,ixmlhttprequestonreadystatechange,ixmlhttprequestopen,ixmlhttprequestreadystate,ixmlhttprequestresponsebody,ixmlhttprequestresponsestream,ixmlhttprequestresponsetext,ixmlhttprequestresponsexml,ixmlhttprequestsend,ixmlhttprequestsetrequestheader,ixmlhttprequeststatus,ixmlhttprequeststatustext,xmlschemacacheixmlschemacollectionlength,xmlschemacacheixmlschemacollectionnamespaceuri
natedit.h	20	learn/windows-embedded-ce-6.0	natedit.h	createhandler,createticket,datahandler,deletehandler,deleteticket,disassociatesession,editorderegister,editorinitialize,editsession,ip_nat_direction,ip_nat_register_editor,ip_nat_session_mapping_statistics,iprcvbuf,logconnectioncreation,logconnectiondeletion,logdroppedpacket,loginit,queryinfosession,registereditor,timeoutsession
nclientview.hpp	16	learn/windows-embedded-ce-6.0	nclientview.hpp	nchittestcode,nonclientview_tboundingrect,nonclientview_tboundpoint,nonclientview_tcalccaptionrect,nonclientview_tcalcclientrectwithhorzscrollbars,nonclientview_tcalcclientrectwithnoscrollbars,nonclientview_tcalcclientrectwithvertscrollbars,nonclientview_tdoeshorzscrollbarfit,nonclientview_tdoesvertscrollbarfit,nonclientview_tdohittest,nonclientview_tdopaint,nonclientview_tdrawborder,nonclientview_tdrawframecontrol,nonclientview_texposeddrawframecontrol,nonclientview_twidgetrect,widgetid
ndis.h	355	learn/windows-embedded-ce-6.0	ndis.h	driverentry,eth_copy_network_address,ioctl_ndis_bind_adapter,ioctl_ndis_deregister_adapter,ioctl_ndis_get_adapter_bindings,ioctl_ndis_get_adapter_names,ioctl_ndis_get_protocol_names,ioctl_ndis_load_miniport,ioctl_ndis_rebind_adapter,ioctl_ndis_register_adapter,ioctl_ndis_unbind_adapter,mediaspecificinformation,ndis_buffer,ndis_buffer_linkage,ndis_buffer_to_span_pages,ndis_configuration_parameter,ndis_encapsulation_format,ndis_error_code,ndis_get_original_packet,ndis_get_packet_cancel_id,ndis_get_packet_header_size,ndis_get_packet_media_specific_info,ndis_get_packet_protocol_type,ndis_get_packet_status,ndis_get_packet_time_received,ndis_get_packet_time_sent,ndis_get_packet_time_to_send,ndis_handle,ndis_init_function,ndis_interface_type,ndis_interrupt_mode,ndis_mac_fragment,ndis_mac_line_down,ndis_mac_line_up,ndis_miniport_characteristics,ndis_oid,ndis_oob_data_from_packet,ndis_packet,ndis_packet_extension,ndis_packet_extension_from_packet,ndis_packet_oob_data,ndis_packet_stack,ndis_parameter_type,ndis_per_packet_info_from_packet,ndis_physical_address,ndis_physical_address_const,ndis_proc,ndis_protocol_characteristics,ndis_request,ndis_set_original_packet,ndis_set_packet_cancel_id,ndis_set_packet_header_size,ndis_set_packet_media_specific_info,ndis_set_packet_status,ndis_set_packet_time_received,ndis_set_packet_time_sent,ndis_set_packet_time_to_send,ndis_status,ndis_string,ndis_task_offload,ndis_task_offload_header,ndis_task_tcp_ip_checksum,ndis_task_tcp_large_send,ndis_tcp_ip_checksum_packet_info,ndis_wan_compress_info,ndis_wan_get_comp_info,ndis_wan_get_link_info,ndis_wan_get_stats_info,ndis_wan_info,ndis_wan_line_down,ndis_wan_line_up,ndis_wan_packet,ndis_wan_set_comp_info,ndis_wan_set_link_info,ndis_wlan_bssid,ndis_work_item,ndisacquirereadwritelock,ndisacquirespinlock,ndisadjustbufferlength,ndisallocatebuffer,ndisallocatebufferpool,ndisallocatefromnpagedlookasidelist,ndisallocatememory,ndisallocatememorywithtag,ndisallocatepacket,ndisallocatepacketpool,ndisallocatepacketpoolex,ndisallocatespinlock,ndisansistringtounicodestring,ndisbindprotocolstoadapter,ndisbufferlength,ndisbuffervirtualaddress,ndisbuffervirtualaddresssafe,ndiscancelsendpackets,ndiscanceltimer,ndischainbufferatback,ndischainbufferatfront,ndiscloseadapter,ndiscloseconfiguration,ndisclosefile,ndiscompletebindadapter,ndiscompletepnpevent,ndiscompleteunbindadapter,ndiscopybuffer,ndiscopyfrompackettopacket,ndiscopylookaheaddata,ndiscreatelookaheadbufferfromsharedmemory,ndisdeletenpagedlookasidelist,ndisderegisteradapter,ndisderegisterprotocol,ndisdestroylookaheadbufferfromsharedmemory,ndisdpracquirespinlock,ndisdprallocatepacket,ndisdprallocatepacketnoninterlocked,ndisdprfreepacket,ndisdprfreepacketnoninterlocked,ndisdprreleasespinlock,ndisequalansistring,ndisequalmemory,ndisequalstring,ndisequalunicodestring,ndisfillmemory,ndisflushbuffer,ndisfreebuffer,ndisfreebufferpool,ndisfreeevent,ndisfreememory,ndisfreepacket,ndisfreepacketpool,ndisfreereadwritelock,ndisfreespinlock,ndisfreestring,ndisfreetonpagedlookasidelist,ndisgeneratepartialcancelid,ndisgetadapterbindings,ndisgetadapternames,ndisgetcachefillsize,ndisgetcurrentsystemtime,ndisgetdriverhandle,ndisgetfirstbufferfrompacket,ndisgetfirstbufferfrompacketsafe,ndisgetnextbuffer,ndisgetpacketcancelid,ndisgetpacketflags,ndisgetphysicaladdresshigh,ndisgetphysicaladdresslow,ndisgetpoolfrompacket,ndisgetprotocolnames,ndisgetreceivedpacket,ndisgetsystemuptime,ndisgetversion,ndisimassociateminiport,ndisimcancelinitializedeviceinstance,ndisimcopysendcompleteperpacketinfo,ndisimcopysendperpacketinfo,ndisimdeinitializedeviceinstance,ndisimderegisterlayeredminiport,ndisimgetbindingcontext,ndisimgetcurrentpacketstack,ndisimgetdevicecontext,ndisiminitializedeviceinstance,ndisiminitializedeviceinstanceex,ndisimnotifypnpevent,ndisimqueueminiportcallback,ndisimregisterlayeredminiport,ndisimswitchtominiport,ndisinitansistring,ndisinitializeevent,ndisinitializelisthead,ndisinitializenpagedlookasidelist,ndisinitializereadwritelock,ndisinitializestring,ndisinitializetimer,ndisinitializeworkitem,ndisinitunicodestring,ndisinterlockedaddulong,ndisinterlockeddecrement,ndisinterlockedincrement,ndisinterlockedinsertheadlist,ndisinterlockedinserttaillist,ndisinterlockedremoveheadlist,ndismallocatemapregisters,ndismallocatesharedmemory,ndismapfile,ndismcanceltimer,ndismcloselog,ndismcompletebufferphysicalmapping,ndismcreatelog,ndismderegisteradaptershutdownhandler,ndismderegisterinterrupt,ndismderegisterioportrange,ndismethindicatereceive,ndismethindicatereceivecomplete,ndismflushlog,ndismfreemapregisters,ndismfreesharedmemory,ndismindicatereceivepacket,ndismindicatestatus,ndismindicatestatuscomplete,ndisminitializetimer,ndisminitializewrapper,ndismmapiospace,ndismovefrommappedmemory,ndismovemappedmemory,ndismovememory,ndismovetomappedmemory,ndismpciassignresources,ndismpromoteminiport,ndismqueryadapterinstancename,ndismqueryadapterresources,ndismqueryinformationcomplete,ndismrebindprotocolstoadapter,ndismregisteradaptershutdownhandler,ndismregisterinterrupt,ndismregisterioportrange,ndismregisterminiport,ndismregisterunloadhandler,ndismremoveminiport,ndismresetcomplete,ndismsendcomplete,ndismsendresourcesavailable,ndismsetattributes,ndismsetattributesex,ndismsetinformationcomplete,ndismsetminiportsecondary,ndismsetperiodictimer,ndismsettimer,ndismsleep,ndismstartbufferphysicalmapping,ndismsynchronizewithinterrupt,ndismtransferdatacomplete,ndismtrindicatereceive,ndismtrindicatereceivecomplete,ndismunmapiospace,ndismupdatesharedmemory,ndismwanindicatereceive,ndismwanindicatereceivecomplete,ndismwansendcomplete,ndismwritelogdata,ndisopenadapter,ndisopenconfiguration,ndisopenconfigurationkeybyindex,ndisopenconfigurationkeybyname,ndisopenfile,ndisopenprotocolconfiguration,ndispacketpoolusage,ndispacketsize,ndisprintstring,ndisqueryadapterinstancename,ndisquerybuffer,ndisquerybufferoffset,ndisquerybuffersafe,ndisquerypacket,ndisquerypendingiocount,ndisrawreadportbufferuchar,ndisrawreadportbufferulong,ndisrawreadportbufferushort,ndisrawreadportuchar,ndisrawreadportulong,ndisrawreadportushort,ndisrawwriteportbufferuchar,ndisrawwriteportbufferulong,ndisrawwriteportbufferushort,ndisrawwriteportuchar,ndisrawwriteportulong,ndisrawwriteportushort,ndisreadconfiguration,ndisreadnetworkaddress,ndisreadpcislotinformation,ndisreadpcmciaattributememory,ndisreadportuchar,ndisreadportulong,ndisreadportushort,ndisreadregisteruchar,ndisreadregisterulong,ndisreadregisterushort,ndisrebindprotocolstoadapter,ndisrecalculatepacketcounts,ndisreenumerateprotocolbindings,ndisregisteradapter,ndisregisterprotocol,ndisreinitializepacket,ndisreleasereadwritelock,ndisreleasespinlock,ndisrequest,ndisreset,ndisresetevent,ndisretrieveulong,ndisreturnpackets,ndisscheduleworkitem,ndissend,ndissendpackets,ndissetevent,ndissetpacketcancelid,ndissetpacketflags,ndissetpacketpoolprotocolid,ndissetphysicaladdresshigh,ndissetphysicaladdresslow,ndissettimer,ndisstallexecution,ndisstoreulong,ndissystemprocessorcount,ndisterminatewrapper,ndistransferdata,ndisunbindprotocolsfromadapter,ndisunchainbufferatback,ndisunchainbufferatfront,ndisunicodestringtoansistring,ndisunmapfile,ndisupcaseunicodestring,ndiswaitevent,ndiswriteconfiguration,ndiswriteerrorlogentry,ndiswritepcislotinformation,ndiswritepcmciaattributememory,ndiswriteportuchar,ndiswriteportulong,ndiswriteportushort,ndiswriteregisteruchar,ndiswriteregisterulong,ndiswriteregisterushort,ndiszeromappedmemory,ndiszeromemory,network_address,network_address_list,oid_wan_get_comp_info,oid_wan_get_info,oid_wan_get_link_info,oid_wan_get_stats_info,oid_wan_line_count,oid_wan_set_comp_info,oid_wan_set_link_info,protocolbindadapter,protocolcloseadaptercomplete,protocolopenadaptercomplete,protocolpnpevent,protocolreceive,protocolreceivecomplete,protocolreceivepacket,protocolrequestcomplete,protocolresetcomplete,protocolsendcomplete,protocolstatus,protocolstatuscomplete,protocoltransferdatacomplete,protocolunbindadapter,tr_compare_network_addresses,tr_copy_network_address,tr_is_broadcast,tr_is_functional,tr_is_group,tr_is_not_directed,tr_is_source_routing,transport_header_offset,xxx_init
ndistapi.h	1	learn/windows-embedded-ce-6.0	ndistapi.h	ndis_tapi_event
ndistapi.h, ntddndis.h	69	learn/windows-embedded-ce-6.0	ndistapi.h, ntddndis.h	ndis_tapi_accept,ndis_tapi_answer,ndis_tapi_close,ndis_tapi_close_call,ndis_tapi_conditional_media_detection,ndis_tapi_config_dialog,ndis_tapi_dev_specific,ndis_tapi_dial,ndis_tapi_drop,ndis_tapi_get_address_caps,ndis_tapi_get_address_id,ndis_tapi_get_address_status,ndis_tapi_get_call_address_id,ndis_tapi_get_call_info,ndis_tapi_get_call_status,ndis_tapi_get_dev_caps,ndis_tapi_get_dev_config,ndis_tapi_get_extension_id,ndis_tapi_get_id,ndis_tapi_get_line_dev_status,ndis_tapi_make_call,ndis_tapi_negotiate_ext_version,ndis_tapi_open,ndis_tapi_provider_initialize,ndis_tapi_provider_shutdown,ndis_tapi_secure_call,ndis_tapi_select_ext_version,ndis_tapi_send_user_user_info,ndis_tapi_set_app_specific,ndis_tapi_set_call_params,ndis_tapi_set_default_media_detection,ndis_tapi_set_dev_config,ndis_tapi_set_media_mode,ndis_tapi_set_status_messages,oid_tapi_accept,oid_tapi_answer,oid_tapi_close,oid_tapi_close_call,oid_tapi_conditional_media_detection,oid_tapi_config_dialog,oid_tapi_dev_specific,oid_tapi_dial,oid_tapi_drop,oid_tapi_get_address_caps,oid_tapi_get_address_id,oid_tapi_get_address_status,oid_tapi_get_call_address_id,oid_tapi_get_call_info,oid_tapi_get_call_status,oid_tapi_get_dev_caps,oid_tapi_get_dev_config,oid_tapi_get_extension_id,oid_tapi_get_id,oid_tapi_get_line_dev_status,oid_tapi_make_call,oid_tapi_negotiate_ext_version,oid_tapi_open,oid_tapi_provider_initialize,oid_tapi_provider_shutdown,oid_tapi_secure_call,oid_tapi_select_ext_version,oid_tapi_send_user_user_info,oid_tapi_set_app_specific,oid_tapi_set_call_params,oid_tapi_set_default_media_detection,oid_tapi_set_dev_config,oid_tapi_set_media_mode,oid_tapi_set_status_messages,var_string
netui.h	25	learn/windows-embedded-ce-6.0	netui.h	adapteripproperties,addconnect_dlgparams,checkandwaitforgwe,closeusernamepassworddialog,connectiondialog,createscandevice,disconnectdialog,getdrivername,getdrivernameparms,getipaddress,getnetstring,getnewpassword,getnewpasswordex,getresourcepassword,getusernamepassword,getusernamepasswordex,lineconfigdata,lineconfigedit,linetranslatedialog,netmsgbox,netui_newpwd,netui_respwd,netui_userpwd,registeripclass,unregisteripclass
new.h	2	learn/windows-ce-5.0	new.h.	_set_new_handler,_set_new_mode
newmenu.h	6	learn/windows-ce-5.0,learn/windows-embedded-ce-6.0	newmenu.h	nmn_getappregkey,nmn_getpropertybag,nmn_invokecommand,nmn_newbuttonupdated,nmn_newmenudestroy,nmnewmenu
nkarm.h	1	learn/windows-embedded-ce-6.0	nkarm.h	ceprocessortype
nkglobal.h	1	learn/windows-embedded-ce-6.0	nkglobal.h	nkglobal
nkintr.h	33	learn/windows-embedded-ce-6.0	nkintr.h	cesetpoweronevent,hookinterrupt,interrupts_enable,interrupts_off,interrupts_on,kcomparefiletime,kfiletimetosystemtime,ksystemtimetofiletime,lpreaddebugbytefunc,lpwritedebugbytefunc,lpwritedebugstringfunc,memory_section,nkcallintchain,nkissysintrvalid,oemcleardebugcommerror,oemenumextensiondram,oemgetextensiondram,oemgetrealtime,oeminit,oeminitdebugserial,oeminterruptdisable,oeminterruptdone,oeminterruptenable,oempoweroff,oemreaddebugbyte,oemsetalarmtime,oemsetrealtime,oemwritedebugbyte,oemwritedebugled,oemwritedebugstring,pnkenumextensiondram,setinterruptevent,unhookinterrupt
nled.h	5	learn/windows-embedded-ce-6.0	nled.h	nled_count_info,nled_settings_info,nled_supports_info,nledgetdeviceinfo,nledsetdevice
notify.h	13	learn/windows-embedded-ce-6.0	notify.h	ce_notification_info_header,ce_notification_trigger,ce_user_notification,ceclearusernotification,ceeventhasoccurred,cegetusernotification,cegetusernotificationhandles,cegetusernotificationpreferences,cehandleappnotifications,cerunappatevent,cerunappattime,cesetusernotification,cesetusernotificationex
nspapi.h	14	win32/api/nspapi	nspapi.h	blob,csaddr_info,ns_service_infoa,ns_service_infow,protocol_infoa,protocol_infow,service_address,service_addresses,service_infoa,service_infow,service_type_info_absa,service_type_info_absw,service_type_value_absa,service_type_value_absw
ntddndis.h	131	learn/windows-embedded-ce-6.0	ntddndis.h	ioctl_ndis_get_log_data,ndis_802_11_antenna,ndis_802_11_authentication_mode,ndis_802_11_bssid_list,ndis_802_11_configuration,ndis_802_11_configuration_fh,ndis_802_11_fragmentation_threshold,ndis_802_11_key_index,ndis_802_11_lsm_mode,ndis_802_11_lsm_parameters,ndis_802_11_mac_address,ndis_802_11_network_infrastructure,ndis_802_11_network_type,ndis_802_11_network_type_list,ndis_802_11_power_mode,ndis_802_11_privacy_filter,ndis_802_11_radio_power_state,ndis_802_11_rates,ndis_802_11_reload_defaults,ndis_802_11_rssi,ndis_802_11_rts_threshold,ndis_802_11_ssid,ndis_802_11_statistics,ndis_802_11_tx_power_level,ndis_802_11_wep,ndis_802_11_wep_status,ndis_802_5_ring_state,ndis_medium,ndis_pm_packet_pattern,ndis_pm_wake_up_capabilities,ndis_pnp_capabilities,ndis_wan_medium_subtype,oid_802_11_add_wep,oid_802_11_authentication_mode,oid_802_11_bssid,oid_802_11_bssid_list,oid_802_11_bssid_list_scan,oid_802_11_configuration,oid_802_11_desired_rates,oid_802_11_disassociate,oid_802_11_fragmentation_threshold,oid_802_11_infrastructure_mode,oid_802_11_latency_sensitive_mode,oid_802_11_network_type_in_use,oid_802_11_network_types_supported,oid_802_11_number_of_antennas,oid_802_11_power_mode,oid_802_11_privacy_filter,oid_802_11_radio_power_state,oid_802_11_reload_defaults,oid_802_11_remove_wep,oid_802_11_rssi,oid_802_11_rssi_trigger,oid_802_11_rts_threshold,oid_802_11_rx_antenna_selected,oid_802_11_ssid,oid_802_11_statistics,oid_802_11_supported_rates,oid_802_11_tx_antenna_selected,oid_802_11_tx_power_level,oid_802_11_wep_status,oid_802_3_current_address,oid_802_3_mac_options,oid_802_3_maximum_list_size,oid_802_3_multicast_list,oid_802_3_permanent_address,oid_802_3_rcv_error_alignment,oid_802_3_rcv_overrun,oid_802_3_xmit_deferred,oid_802_3_xmit_heartbeat_failure,oid_802_3_xmit_late_collisions,oid_802_3_xmit_max_collisions,oid_802_3_xmit_more_collisions,oid_802_3_xmit_one_collision,oid_802_3_xmit_times_crs_lost,oid_802_3_xmit_underrun,oid_802_5_current_address,oid_802_5_current_functional,oid_802_5_current_group,oid_802_5_current_ring_state,oid_802_5_current_ring_status,oid_802_5_last_open_status,oid_802_5_permanent_address,oid_gen_current_lookahead,oid_gen_current_packet_filter,oid_gen_driver_version,oid_gen_hardware_status,oid_gen_link_speed,oid_gen_mac_options,oid_gen_maximum_frame_size,oid_gen_maximum_lookahead,oid_gen_maximum_send_packets,oid_gen_maximum_total_size,oid_gen_media_connect_status,oid_gen_media_in_use,oid_gen_media_supported,oid_gen_network_layer_addresses,oid_gen_physical_medium,oid_gen_protocol_options,oid_gen_receive_block_size,oid_gen_receive_buffer_space,oid_gen_transmit_block_size,oid_gen_transmit_buffer_space,oid_gen_transport_header_offset,oid_gen_vendor_description,oid_gen_vendor_id,oid_irda_extra_rcv_bofs,oid_irda_link_speed,oid_irda_max_receive_window_size,oid_irda_max_send_window_size,oid_irda_media_busy,oid_irda_rate_sniff,oid_irda_reacquire_hw_resources,oid_irda_receiving,oid_irda_release_hw_resources,oid_irda_supported_speeds,oid_irda_turnaround_time,oid_pnp_add_wake_up_pattern,oid_pnp_capabilities,oid_pnp_enable_wake_up,oid_pnp_query_power,oid_pnp_remove_wake_up_pattern,oid_pnp_set_power,oid_pnp_wake_up_error,oid_pnp_wake_up_ok,oid_pnp_wake_up_pattern_list,oid_wan_current_address,oid_wan_header_format,oid_wan_medium_subtype,oid_wan_permanent_address,oid_wan_protocol_type
ntddndis.h, nuiouser.h	10	learn/windows-embedded-ce-6.0	ntddndis.h, nuiouser.h	ioctl_cancel_read,ioctl_ndisuio_cancel_notification,ioctl_ndisuio_nic_statistics,ioctl_ndisuio_open_device,ioctl_ndisuio_open_write_device,ioctl_ndisuio_query_binding,ioctl_ndisuio_query_oid_value,ioctl_ndisuio_request_notification,ioctl_ndisuio_set_ether_type,ioctl_ndisuio_set_oid_value
ntdef.h	2	win32/api/ntdef	ntdef.h	containing_record,string
ntlmssp.h	10	learn/windows-embedded-ce-6.0	ntlmssp.h	ntlmaddgroup,ntlmaddusertogroup,ntlmdeleteuser,ntlmenumgroups,ntlmenumuser,ntlmgetgrouplist,ntlmgetuserlist,ntlmremovegroup,ntlmremoveuserfromgroup,ntlmsetuserinfo
nuiouser.h	7	learn/windows-embedded-ce-6.0	nuiouser.h	ndisuio_device_notification,ndisuio_open_context,ndisuio_query_binding,ndisuio_query_oid,ndisuio_request_notification,ndisuio_set_oid,nic_statistics
oaidl.h	165	learn/windows-embedded-ce-6.0,win32/api/oaidl	oaidl.h	arraydesc,bindptr,callconv,currency,custdata,custdataitem,desckind,dispid,dispparams,elemdesc,excepinfo,freepropvariantarray,funcdesc,funcflags,funckind,icreateerrorinfo,icreateerrorinfosetdescription,icreateerrorinfosetguid,icreateerrorinfosethelpcontext,icreateerrorinfosethelpfile,icreateerrorinfosetsource,icreatetypeinfo,icreatetypeinfo2,icreatetypeinfo2deletefuncdesc,icreatetypeinfo2deletefuncdescbymemid,icreatetypeinfo2deleteimpltype,icreatetypeinfo2deletevardesc,icreatetypeinfo2deletevardescbymemid,icreatetypeinfo2setcustdata,icreatetypeinfo2setfunccustdata,icreatetypeinfo2setfunchelpstringcontext,icreatetypeinfo2sethelpstringcontext,icreatetypeinfo2setimpltypecustdata,icreatetypeinfo2setname,icreatetypeinfo2setparamcustdata,icreatetypeinfo2setvarcustdata,icreatetypeinfo2setvarhelpstringcontext,icreatetypeinfoaddfuncdesc,icreatetypeinfoaddimpltype,icreatetypeinfoaddreftypeinfo,icreatetypeinfoaddvardesc,icreatetypeinfodefinefuncasdllentry,icreatetypeinfolayout,icreatetypeinfosetalignment,icreatetypeinfosetdocstring,icreatetypeinfosetfuncandparamnames,icreatetypeinfosetfuncdocstring,icreatetypeinfosetfunchelpcontext,icreatetypeinfosetguid,icreatetypeinfosethelpcontext,icreatetypeinfosetimpltypeflags,icreatetypeinfosetmops,icreatetypeinfosettypedescalias,icreatetypeinfosettypeflags,icreatetypeinfosetvardocstring,icreatetypeinfosetvarhelpcontext,icreatetypeinfosetvarname,icreatetypeinfosetversion,icreatetypelib,icreatetypelib2,icreatetypelib2deletetypeinfo,icreatetypelib2setcustdata,icreatetypelib2sethelpstringcontext,icreatetypelib2sethelpstringdll,icreatetypelibcreatetypeinfo,icreatetypelibsetguid,icreatetypelibsethelpcontext,icreatetypelibsethelpfilename,icreatetypelibsetlcid,icreatetypelibsetlibflags,icreatetypelibsetname,icreatetypelibsetversion,idispatch,idispatchgetidsofnames,idispatchgettypeinfo,idispatchgettypeinfocount,idispatchinvoke,idldesc,ienumvariant,ienumvariantclone,ienumvariantnext,ienumvariantreset,ienumvariantskip,ierrorinfo,ierrorinfogetdescription,ierrorinfogetguid,ierrorinfogethelpcontext,ierrorinfogethelpfile,ierrorinfogetsource,ierrorlogadderror,invokekind,ipropertybagread,ipropertybagwrite,isupporterrorinfo,isupporterrorinfointerfacesupportserrorinfo,itypecomp,itypecompbind,itypecompbindtype,itypeinfo,itypeinfo2,itypeinfo2getallcustdata,itypeinfo2getallfunccustdata,itypeinfo2getallimpltypecustdata,itypeinfo2getallparamcustdata,itypeinfo2getallvarcustdata,itypeinfo2getcustdata,itypeinfo2getdocumentation2,itypeinfo2getfunccustdata,itypeinfo2getfuncindexofmemid,itypeinfo2getimpltypecustdata,itypeinfo2getparamcustdata,itypeinfo2gettypeflags,itypeinfo2gettypekind,itypeinfo2getvarcustdata,itypeinfo2getvarindexofmemid,itypeinfoaddressofmember,itypeinfocreateinstance,itypeinfogetcontainingtypelib,itypeinfogetdllentry,itypeinfogetdocumentation,itypeinfogetfuncdesc,itypeinfogetidsofnames,itypeinfogetimpltypeflags,itypeinfogetmops,itypeinfogetnames,itypeinfogetreftypeinfo,itypeinfogetreftypeofimpltype,itypeinfogettypeattr,itypeinfogettypecomp,itypeinfogetvardesc,itypeinfoinvoke,itypeinforeleasefuncdesc,itypeinforeleasetypeattr,itypeinforeleasevardesc,itypelib,itypelib2,itypelib2getallcustdata,itypelib2getcustdata,itypelib2getdocumentation2,itypelib2getlibstatistics,itypelibfindname,itypelibgetdocumentation,itypelibgetlibattr,itypelibgettypecomp,itypelibgettypeinfo,itypelibgettypeinfocount,itypelibgettypeinfoofguid,itypelibgettypeinfotype,itypelibisname,itypelibreleasetlibattr,paramdesc,propvariant,propvariantclear,propvariantcopy,safearray,safearraybound,syskind,tlibattr,typeattr,typedesc,typeflags,typekind,vardesc,varkind,vartype
oaidl.h, oaidl.idl	117	learn/windows-embedded-ce-6.0	oaidl.h, oaidl.idl	icreateerrorinfosetdescription,icreateerrorinfosetguid,icreateerrorinfosethelpcontext,icreateerrorinfosethelpfile,icreateerrorinfosetsource,icreatetypeinfo2deletefuncdesc,icreatetypeinfo2deletefuncdescbymemid,icreatetypeinfo2deleteimpltype,icreatetypeinfo2deletevardesc,icreatetypeinfo2deletevardescbymemid,icreatetypeinfo2setcustdata,icreatetypeinfo2setfunccustdata,icreatetypeinfo2setfunchelpstringcontext,icreatetypeinfo2sethelpstringcontext,icreatetypeinfo2setimpltypecustdata,icreatetypeinfo2setname,icreatetypeinfo2setparamcustdata,icreatetypeinfo2setvarcustdata,icreatetypeinfo2setvarhelpstringcontext,icreatetypeinfoaddfuncdesc,icreatetypeinfoaddimpltype,icreatetypeinfoaddreftypeinfo,icreatetypeinfoaddvardesc,icreatetypeinfodefinefuncasdllentry,icreatetypeinfolayout,icreatetypeinfosetalignment,icreatetypeinfosetdocstring,icreatetypeinfosetfuncandparamnames,icreatetypeinfosetfuncdocstring,icreatetypeinfosetfunchelpcontext,icreatetypeinfosetguid,icreatetypeinfosethelpcontext,icreatetypeinfosetimpltypeflags,icreatetypeinfosetmops,icreatetypeinfosettypedescalias,icreatetypeinfosettypeflags,icreatetypeinfosetvardocstring,icreatetypeinfosetvarhelpcontext,icreatetypeinfosetvarname,icreatetypeinfosetversion,icreatetypelib2deletetypeinfo,icreatetypelib2setcustdata,icreatetypelib2sethelpstringcontext,icreatetypelib2sethelpstringdll,icreatetypelibcreatetypeinfo,icreatetypelibsetguid,icreatetypelibsethelpcontext,icreatetypelibsethelpfilename,icreatetypelibsetlcid,icreatetypelibsetlibflags,icreatetypelibsetname,icreatetypelibsetversion,idispatchgetidsofnames,idispatchgettypeinfo,idispatchgettypeinfocount,idispatchinvoke,ienumvariantclone,ienumvariantnext,ienumvariantreset,ienumvariantskip,ierrorinfogetdescription,ierrorinfogetguid,ierrorinfogethelpcontext,ierrorinfogethelpfile,ierrorinfogetsource,ierrorlogadderror,isupporterrorinfointerfacesupportserrorinfo,itypecompbind,itypecompbindtype,itypeinfo2getallcustdata,itypeinfo2getallfunccustdata,itypeinfo2getallimpltypecustdata,itypeinfo2getallparamcustdata,itypeinfo2getallvarcustdata,itypeinfo2getcustdata,itypeinfo2getdocumentation2,itypeinfo2getfunccustdata,itypeinfo2getfuncindexofmemid,itypeinfo2getimpltypecustdata,itypeinfo2getparamcustdata,itypeinfo2gettypeflags,itypeinfo2gettypekind,itypeinfo2getvarcustdata,itypeinfo2getvarindexofmemid,itypeinfoaddressofmember,itypeinfocreateinstance,itypeinfogetcontainingtypelib,itypeinfogetdllentry,itypeinfogetdocumentation,itypeinfogetfuncdesc,itypeinfogetidsofnames,itypeinfogetimpltypeflags,itypeinfogetmops,itypeinfogetnames,itypeinfogetreftypeinfo,itypeinfogetreftypeofimpltype,itypeinfogettypeattr,itypeinfogettypecomp,itypeinfogetvardesc,itypeinfoinvoke,itypeinforeleasefuncdesc,itypeinforeleasetypeattr,itypeinforeleasevardesc,itypelib2getallcustdata,itypelib2getcustdata,itypelib2getdocumentation2,itypelib2getlibstatistics,itypelibfindname,itypelibgetdocumentation,itypelibgetlibattr,itypelibgettypecomp,itypelibgettypeinfo,itypelibgettypeinfocount,itypelibgettypeinfoofguid,itypelibgettypeinfotype,itypelibisname,itypelibreleasetlibattr
oal_args.h	2	learn/windows-embedded-ce-6.0	oal_args.h	oal_args_header,oalargsquery
oal_cache.h	16	learn/windows-embedded-ce-6.0	oal_cache.h	g_oalcacheinfo,oal_cache_info,oalcacheglobalsinit,oalcleandcache,oalcleandcachelines,oalcleardtlb,oalcleardtlbentry,oalclearitlb,oalclearitlbentry,oalcleartlb,oalcleartlbentry,oalflushdcache,oalflushdcachelines,oalflushicache,oalflushicachelines,oalioctlhalgetcacheinfo
oal_ilt.h	3	learn/windows-embedded-ce-6.0	oal_ilt.h	g_oalilt,oal_ilt_state,oalioctlhaliltiming
oal_intr.h	20	learn/windows-embedded-ce-6.0	oal_intr.h	bspintractiveirq,bspintrdisableirq,bspintrdoneirq,bspintrenableirq,bspintrinit,bspintrrequestirqs,oalintrdisableirqs,oalintrdoneirqs,oalintrenableirqs,oalintrinit,oalintrmapinit,oalintrreleasesysintr,oalintrrequestirqs,oalintrrequestsysintr,oalintrstatictranslate,oalintrtranslateirq,oalintrtranslatesysintr,oalioctlhalreleasesysintr,oalioctlhalrequestirq,oalioctlhalrequestsysintr
oal_io.h	44	learn/windows-embedded-ce-6.0	oal_io.h	clrport16,clrport32,clrport8,clrreg16,clrreg32,clrreg8,inport16,inport32,inport8,inreg16,inreg32,inreg8,ioctl_oal_buspoweroff,ioctl_oal_buspoweron,ioctl_oal_readbusdata,ioctl_oal_transbusaddress,ioctl_oal_transsysaddress,ioctl_oal_writebusdata,maskport16,maskport32,maskport8,maskreg16,maskreg32,maskreg8,oal_ddk_params,oaliobuspoweroff,oaliobuspoweron,oalioctlhalddkcall,oalioreadbusdata,oaliotransbusaddress,oaliotranssystemaddress,oaliowritebusdata,outport16,outport32,outport8,outreg16,outreg32,outreg8,setport16,setport32,setport8,setreg16,setreg32,setreg8
oal_ioctl.h	20	learn/windows-embedded-ce-6.0	oal_ioctl.h	g_oalioctlclockspeed,g_oalioctlinstructionset,g_oalioctlplatformoem,g_oalioctlplatformtype,g_oalioctlprocessorcore,g_oalioctlprocessorname,g_oalioctlprocessorvendor,g_oalioctltable,oal_ioctl_handler,oalioctlhalddi,oalioctlhalgetdeviceid,oalioctlhalgetdeviceinfo,oalioctlhalgethwentropy,oalioctlhalgetrandomseed,oalioctlhalgetregsecurekeys,oalioctlhalgetuuid,oalioctlhalinitregistry,oalioctlhalreboot,oalioctlhalupdatemode,oalioctlprocessorinfo
oal_kitl.h	44	learn/windows-embedded-ce-6.0	oal_kitl.h	g_oalkitlbuffer,kitl_serial_info,oal_kitl_args,oal_kitl_device,oal_kitl_eth_driver,oal_kitl_flags,oal_kitl_serial_driver,oal_kitl_type,oal_kitleth_current_packet_filter,oal_kitleth_deinit,oal_kitleth_disable_ints,oal_kitleth_enable_ints,oal_kitleth_get_frame,oal_kitleth_init,oal_kitleth_init_dmabuffer,oal_kitleth_multicast_list,oal_kitleth_power_off,oal_kitleth_power_on,oal_kitleth_send_frame,oal_kitlserial_deinit,oal_kitlserial_disable_ints,oal_kitlserial_enable_ints,oal_kitlserial_flow_control,oal_kitlserial_init,oal_kitlserial_power_off,oal_kitlserial_power_on,oal_kitlserial_recv,oal_kitlserial_send,oal_kitlserial_sendcomplete,oalioctlvbridge,oalkitlcreatename,oalkitldevicename,oalkitldevicetype,oalkitlfinddevice,oalkitlgetdevloc,oalkitlinit,oalkitlinitregistry,oalkitliptostring,oalkitlmactostring,oalkitlpoweroff,oalkitlpoweron,oalkitlstringtoip,oalkitlstringtomac,oemkitlstartup
oal_log.h	11	learn/windows-embedded-ce-6.0	oal_log.h	g_oallogmask,oalled,oallog,oallogprintf,oallogserial,oallogsetzones,oallogv,oalmask,oalmsg,oalmsgs,oalzone
oal_memory.h	8	learn/windows-embedded-ce-6.0	oal_memory.h	g_oaladdresstable,oal_address_table,oalcatoua,oalpatoca,oalpatoua,oalpatova,oaluatoca,oalvatopa
oal_pci.h	18	learn/windows-embedded-ce-6.0	oal_pci.h	oal_pci_location,oalpcicfgread,oalpcicfgwrite,oalpciconfig,oalpcidump,oalpcidumpconfig,oalpcifindnextid,oalpcigetheadertype,oalpcigetid,oalpcigetinterruptpin,oalpcigetmbar,oalpcigetsecbusnum,oalpcigetsubbusnum,oalpciinit,oalpcipoweroff,oalpcipoweron,oalpciregisterasused,oalpcitransbusaddress
oal_timer.h	17	learn/windows-embedded-ce-6.0	oal_timer.h	g_oaltimer,oal_timer_state,oalcpuidle,oalgettickcount,oalstall,oaltimercountssincesystick,oaltimergetcompare,oaltimergetcount,oaltimerinit,oaltimerinitcount,oaltimerintrhandler,oaltimerqueryperformancecounter,oaltimerqueryperformancefrequency,oaltimerrecharge,oaltimersetcompare,oaltimerupdate,oaltimerupdaterescheduletime
oaldma.h	21	learn/windows-embedded-ce-6.0	oaldma.h	ce_dma_adapter,ce_dma_buffer_block,device_dma_requirement_info,dma_status_code,dmaallocatechannel,dmacanceltransfer,dmaclosebuffer,dmaclosetransfer,dmaflushblockbuffer,dmafreechannel,dmagetadapter,dmagetbufferphysaddr,dmagetcontexts,dmagetstatus,dmaissuemultibuffertransfer,dmaissuerawtransfer,dmaissuetransfer,dmaopenbuffer,dmarawtransfercontrol,dmastarttransfer,dmatransferonblocks
oalintr.h	1	learn/windows-embedded-ce-6.0	oalintr.h	perfcountfreq
obex.h	5	learn/windows-embedded-ce-6.0	obex.h	ipropertybagenumclone,ipropertybagenumnext,ipropertybagenumreset,ipropertybagenumskip,obex_event
obex.h, obex.idl	48	learn/windows-embedded-ce-6.0	obex.h, obex.idl	ideviceenumclone,ideviceenumnext,ideviceenumreset,ideviceenumskip,iheadercollectionaddappparams,iheadercollectionaddbody,iheadercollectionaddbyte,iheadercollectionaddbytearray,iheadercollectionaddconnectionid,iheadercollectionaddcount,iheadercollectionadddescription,iheadercollectionaddendofbody,iheadercollectionaddhttp,iheadercollectionaddlength,iheadercollectionaddlong,iheadercollectionaddname,iheadercollectionaddobjectclass,iheadercollectionaddtarget,iheadercollectionaddtime,iheadercollectionaddtimeold,iheadercollectionaddtype,iheadercollectionaddunicodestring,iheadercollectionaddwho,iheadercollectionenumheaders,iheadercollectionremove,iheadercollectionremoveall,iheaderenumclone,iheaderenumnext,iheaderenumreset,inbox_event_data,iobexbindtodevice,iobexdeviceabort,iobexdeviceconnect,iobexdevicedisconnect,iobexdeviceenumproperties,iobexdeviceget,iobexdeviceput,iobexdevicesetpassword,iobexdevicesetpath,iobexenumdevices,iobexenumtransports,iobexinitialize,iobexshutdown,iobexsinknotify,iobexstartdeviceenum,iobexstopdeviceenum,obex_header,obex_request
obexserver.h	4	learn/windows-embedded-ce-6.0	obexserver.h	obexcommand,obextransaction,servercallback,servicecallback
objbase.h	89	learn/windows-embedded-ce-6.0,win32/api/objbase	objbase.h	bindmoniker,clsidfromprogid,clsidfromstring,coaddrefserverprocess,cocopyproxy,cocreatefreethreadedmarshaler,cocreateguid,cocreateinstance,cocreateinstanceex,codisconnectobject,cofiletimenow,cofreealllibraries,cofreelibrary,cofreeunusedlibraries,cofreeunusedlibrariesex,cogetcallcontext,cogetclassobject,cogetcurrentprocess,cogetinstancefromfile,cogetinstancefromistorage,cogetinterfaceandreleasestream,cogetmalloc,cogetmarshalsizemax,cogetobject,cogetpsclsid,cogetstandardmarshal,cogettreatasclass,coimpersonateclient,coinitialize,coinitializeex,coinitializesecurity,coishandlerconnected,coisole1class,coloadlibrary,colockobjectexternal,comarshalhresult,comarshalinterface,comarshalinterthreadinterfaceinstream,coqueryauthenticationservices,coqueryclientblanket,coqueryproxyblanket,coregisterchannelhook,coregisterclassobject,coregistermallocspy,coregistermessagefilter,coregisterpsclsid,coregistersurrogate,coreleasemarshaldata,coreleaseserverprocess,coresumeclassobjects,coreverttoself,corevokeclassobject,corevokemallocspy,cosetproxyblanket,cosuspendclassobjects,coswitchcallcontext,cotaskmemalloc,cotaskmemfree,cotaskmemrealloc,cotreatasclass,couninitialize,counmarshalhresult,counmarshalinterface,createantimoniker,createbindctx,createclassmoniker,createfilemoniker,creategenericcomposite,createitemmoniker,createpointermoniker,dllcanunloadnow,dllgetclassobject,getclassfile,getrunningobjecttable,iidfromstring,isequalguid,mkparsedisplayname,monikercommonprefixwith,monikerrelativepathto,progidfromclsid,stgcreatedocfile,stgcreatedocfileonilockbytes,stgm,stgopenstorage,stgopenstorageonilockbytes,stringfromclsid,stringfromguid2,stringfromiid,updatedcomsettings
objidl.h	224	learn/windows-embedded-ce-6.0,win32/api/objidl	objidl.h	advf,bind_flags,bind_opts,bind_opts2,coserverinfo,datadir,dvtargetdevice,formatetc,iadvisesink,iadvisesinkonclose,iadvisesinkondatachange,iadvisesinkonrename,iadvisesinkonsave,iadvisesinkonviewchange,ibindctx,ibindctxenumobjectparam,ibindctxgetbindoptions,ibindctxgetobjectparam,ibindctxgetrunningobjecttable,ibindctxregisterobjectbound,ibindctxregisterobjectparam,ibindctxreleaseboundobjects,ibindctxrevokeobjectbound,ibindctxrevokeobjectparam,ibindctxsetbindoptions,iclassactivator,iclassactivatorgetclassobject,iclientsecurity,iclientsecuritycopyproxy,iclientsecurityqueryblanket,iclientsecuritysetblanket,idataobject,idataobjectdadvise,idataobjectdunadvise,idataobjectenumdadvise,idataobjectenumformatetc,idataobjectgetcanonicalformatetc,idataobjectgetdata,idataobjectgetdatahere,idataobjectquerygetdata,idataobjectsetdata,ienumformatetc,ienumformatetcclone,ienumformatetcnext,ienumformatetcreset,ienumformatetcskip,ienummoniker,ienummonikerclone,ienummonikernext,ienummonikerreset,ienummonikerskip,ienumstatdata,ienumstatdataclone,ienumstatdatanext,ienumstatdatareset,ienumstatdataskip,ienumstatstg,ienumstatstgclone,ienumstatstgnext,ienumstatstgreset,ienumstatstgskip,ienumstring,ienumstringclone,ienumstringnext,ienumstringreset,ienumstringskip,ienumunknown,iexternalconnection,iexternalconnectionaddconnection,iexternalconnectionreleaseconnection,ifilllockbytes,ifilllockbytesfillappend,ifilllockbytesfillat,ifilllockbytessetfillsize,ifilllockbytesterminate,iglobalinterfacetable,iglobalinterfacetablegetinterfacefromglobal,iglobalinterfacetableregisterinterfaceinglobal,iglobalinterfacetablerevokeinterfacefromglobal,ilockbytes,ilockbytesflush,ilockbyteslockregion,ilockbytesreadat,ilockbytessetsize,ilockbytesstat,ilockbytesunlockregion,ilockbyteswriteat,imalloc,imallocalloc,imallocdidalloc,imallocfree,imallocgetsize,imallocheapminimize,imallocrealloc,imallocspy,imallocspypostalloc,imallocspypostdidalloc,imallocspypostfree,imallocspypostgetsize,imallocspypostheapminimize,imallocspypostrealloc,imallocspyprealloc,imallocspypredidalloc,imallocspyprefree,imallocspypregetsize,imallocspypreheapminimize,imallocspyprerealloc,imarshal,imarshaldisconnectobject,imarshalgetmarshalsizemax,imarshalgetunmarshalclass,imarshalmarshalinterface,imarshalreleasemarshaldata,imarshalunmarshalinterface,imessagefilter,imessagefilterhandleincomingcall,imessagefiltermessagepending,imessagefilterretryrejectedcall,imoniker,imonikerbindtoobject,imonikerbindtostorage,imonikercommonprefixwith,imonikercomposewith,imonikerenum,imonikergetdisplayname,imonikergettimeoflastchange,imonikerhash,imonikerinverse,imonikerisequal,imonikerisrunning,imonikerissystemmoniker,imonikerparsedisplayname,imonikerreduce,imonikerrelativepathto,imultiqi,imultiqiquerymultipleinterfaces,interfaceinfo,ipersist,ipersistfile,ipersistfilegetcurfile,ipersistfileisdirty,ipersistfileload,ipersistfilesave,ipersistfilesavecompleted,ipersistgetclassid,ipersiststorage,ipersiststoragehandsoffstorage,ipersiststorageinitnew,ipersiststorageisdirty,ipersiststorageload,ipersiststoragesave,ipersiststoragesavecompleted,ipersiststream,ipersiststreamgetsizemax,ipersiststreamisdirty,ipersiststreamload,ipersiststreamsave,iprogressnotify,iprogressnotifyonprogress,irootstorage,irootstorageswitchtofile,irotdata,irotdatagetcomparisondata,irunnableobject,irunnableobjectgetrunningclass,irunnableobjectisrunning,irunnableobjectlockrunning,irunnableobjectrun,irunnableobjectsetcontainedobject,irunningobjecttable,irunningobjecttableenumrunning,irunningobjecttablegetobject,irunningobjecttablegettimeoflastchange,irunningobjecttableisrunning,irunningobjecttablenotechangetime,irunningobjecttableregister,irunningobjecttablerevoke,isequentialstream,isequentialstreamread,isequentialstreamwrite,iserversecurity,iserversecurityimpersonateclient,iserversecurityisimpersonating,iserversecurityqueryblanket,iserversecurityreverttoself,istdmarshalinfo,istdmarshalinfogetclassforhandler,istorage,istoragecommit,istoragecopyto,istoragecreatestorage,istoragecreatestream,istoragedestroyelement,istorageenumelements,istoragemoveelementto,istorageopenstorage,istorageopenstream,istoragerenameelement,istoragerevert,istoragesetclass,istoragesetelementtimes,istoragesetstatebits,istoragestat,istream,istreamclone,istreamcommit,istreamcopyto,istreamlockregion,istreamrevert,istreamseek,istreamsetsize,istreamstat,istreamunlockregion,isurrogate,isurrogatefreesurrogate,isurrogateloaddllserver,mkrreduce,mksys,multi_qi,sole_authentication_service,statdata,statstg,stgmedium,tymed
objidl.h, objidl.idl	175	learn/windows-embedded-ce-6.0	objidl.h, objidl.idl	iadvisesinkonclose,iadvisesinkondatachange,iadvisesinkonrename,iadvisesinkonsave,iadvisesinkonviewchange,ibindctxenumobjectparam,ibindctxgetbindoptions,ibindctxgetobjectparam,ibindctxgetrunningobjecttable,ibindctxregisterobjectbound,ibindctxregisterobjectparam,ibindctxreleaseboundobjects,ibindctxrevokeobjectbound,ibindctxrevokeobjectparam,ibindctxsetbindoptions,iclassactivatorgetclassobject,iclientsecuritycopyproxy,iclientsecurityqueryblanket,iclientsecuritysetblanket,idataobjectdadvise,idataobjectdunadvise,idataobjectenumdadvise,idataobjectenumformatetc,idataobjectgetcanonicalformatetc,idataobjectgetdata,idataobjectgetdatahere,idataobjectquerygetdata,idataobjectsetdata,ienumformatetcclone,ienumformatetcnext,ienumformatetcreset,ienumformatetcskip,ienummonikerclone,ienummonikernext,ienummonikerreset,ienummonikerskip,ienumstatdataclone,ienumstatdatanext,ienumstatdatareset,ienumstatdataskip,ienumstatstgclone,ienumstatstgnext,ienumstatstgreset,ienumstatstgskip,ienumstringclone,ienumstringnext,ienumstringreset,ienumstringskip,ienumunknown,iexternalconnectionaddconnection,iexternalconnectionreleaseconnection,ifilllockbytesfillappend,ifilllockbytesfillat,ifilllockbytessetfillsize,ifilllockbytesterminate,iglobalinterfacetablegetinterfacefromglobal,iglobalinterfacetableregisterinterfaceinglobal,iglobalinterfacetablerevokeinterfacefromglobal,ilockbytesflush,ilockbyteslockregion,ilockbytesreadat,ilockbytessetsize,ilockbytesstat,ilockbytesunlockregion,ilockbyteswriteat,imallocalloc,imallocdidalloc,imallocfree,imallocgetsize,imallocheapminimize,imallocrealloc,imallocspypostalloc,imallocspypostdidalloc,imallocspypostfree,imallocspypostgetsize,imallocspypostheapminimize,imallocspypostrealloc,imallocspyprealloc,imallocspypredidalloc,imallocspyprefree,imallocspypregetsize,imallocspypreheapminimize,imallocspyprerealloc,imarshaldisconnectobject,imarshalgetmarshalsizemax,imarshalgetunmarshalclass,imarshalmarshalinterface,imarshalreleasemarshaldata,imarshalunmarshalinterface,imessagefilterhandleincomingcall,imessagefiltermessagepending,imessagefilterretryrejectedcall,imonikerbindtoobject,imonikerbindtostorage,imonikercommonprefixwith,imonikercomposewith,imonikerenum,imonikergetdisplayname,imonikergettimeoflastchange,imonikerhash,imonikerinverse,imonikerisequal,imonikerisrunning,imonikerissystemmoniker,imonikerparsedisplayname,imonikerreduce,imonikerrelativepathto,imultiqiquerymultipleinterfaces,ioleitemcontainergetobject,ioleitemcontainergetobjectstorage,ioleitemcontainerisrunning,ipersistfilegetcurfile,ipersistfileisdirty,ipersistfileload,ipersistfilesave,ipersistfilesavecompleted,ipersistgetclassid,ipersiststoragehandsoffstorage,ipersiststorageinitnew,ipersiststorageisdirty,ipersiststorageload,ipersiststoragesave,ipersiststoragesavecompleted,ipersiststreamgetsizemax,ipersiststreamisdirty,ipersiststreamload,ipersiststreamsave,iprogressnotifyonprogress,irootstorageswitchtofile,irotdatagetcomparisondata,irunnableobjectgetrunningclass,irunnableobjectisrunning,irunnableobjectlockrunning,irunnableobjectrun,irunnableobjectsetcontainedobject,irunningobjecttableenumrunning,irunningobjecttablegetobject,irunningobjecttablegettimeoflastchange,irunningobjecttableisrunning,irunningobjecttablenotechangetime,irunningobjecttableregister,irunningobjecttablerevoke,isequentialstreamread,isequentialstreamwrite,iserversecurityimpersonateclient,iserversecurityisimpersonating,iserversecurityqueryblanket,iserversecurityreverttoself,istdmarshalinfogetclassforhandler,istoragecommit,istoragecopyto,istoragecreatestorage,istoragecreatestream,istoragedestroyelement,istorageenumelements,istoragemoveelementto,istorageopenstorage,istorageopenstream,istoragerenameelement,istoragerevert,istoragesetclass,istoragesetelementtimes,istoragesetstatebits,istoragestat,istreamclone,istreamcommit,istreamcopyto,istreamlockregion,istreamread,istreamrevert,istreamseek,istreamsetsize,istreamstat,istreamunlockregion,istreamwrite
objidl.idl	3	learn/windows-embedded-ce-6.0	objidl.idl	bind_flags,isurrogatefreesurrogate,isurrogateloaddllserver
objidlbase.h	41	win32/api/objidlbase	objidlbase.h	coserverinfo,iclientsecuritycopyproxy,iclientsecurityqueryblanket,iclientsecuritysetblanket,ienumstring,ienumstringclone,ienumstringnext,ienumstringreset,ienumstringskip,ienumunknown,iexternalconnection,iexternalconnectionaddconnection,iexternalconnectionreleaseconnection,iglobalinterfacetablegetinterfacefromglobal,iglobalinterfacetableregisterinterfaceinglobal,iglobalinterfacetablerevokeinterfacefromglobal,imalloc,imallocdidalloc,imallocfree,imallocgetsize,imallocheapminimize,imallocrealloc,imarshal,imarshaldisconnectobject,imarshalmarshalinterface,imarshalreleasemarshaldata,imarshalunmarshalinterface,imultiqi,imultiqiquerymultipleinterfaces,iserversecurity,iserversecurityimpersonateclient,iserversecurityisimpersonating,iserversecurityqueryblanket,iserversecurityreverttoself,istdmarshalinfo,istdmarshalinfogetclassforhandler,isurrogate,isurrogatefreesurrogate,isurrogateloaddllserver,multi_qi,sole_authentication_service
objsafe.h, objsafe.idl	2	learn/windows-embedded-ce-6.0	objsafe.h, objsafe.idl	iobjectsafetygetinterfacesafetyoptions,iobjectsafetysetinterfacesafetyoptions
ocidl.h	63	learn/windows-ce-5.0,learn/windows-embedded-ce-6.0,win32/api/ocidl	ocidl.h,ocidl.h.	cauuid,connectdata,controlinfo,dvaspect2,dvaspectinfo,dvaspectinfoflag,dvextentinfo,dvextentmode,hitresult,iclassfactory2,iclassfactory2createinstancelic,iclassfactory2getlicinfo,iclassfactory2requestlickey,iconnectionpoint,iconnectionpointadvise,iconnectionpointcontainer,iconnectionpointcontainerenumconnectionpoints,iconnectionpointcontainerfindconnectionpoint,iconnectionpointenumconnections,iconnectionpointgetconnectioninterface,iconnectionpointgetconnectionpointcontainer,iconnectionpointunadvise,ienumconnectionpoints,ienumconnectionpointsclone,ienumconnectionpointsnext,ienumconnectionpointsreset,ienumconnectionpointsskip,ienumconnections,ienumconnectionsclone,ienumconnectionsnext,ienumconnectionsreset,ienumconnectionsskip,iolecontrolsite,iolecontrolsitegetextendedcontrol,iolecontrolsitelockinplaceactive,iolecontrolsiteoncontrolinfochanged,iolecontrolsiteonfocus,iolecontrolsiteshowpropertyframe,iolecontrolsitetransformcoords,iolecontrolsitetranslateaccelerator,ipersistpropertybaginitnew,ipersistpropertybagload,ipersistpropertybagsave,ipersiststreaminit,ipersiststreaminitgetsizemax,ipersiststreaminitinitnew,ipersiststreaminitisdirty,ipersiststreaminitload,ipersiststreaminitsave,iprovideclassinfo,iprovideclassinfo2,iprovideclassinfo2getguid,iprovideclassinfogetclassinfo,ispecifypropertypagesgetpages,iviewobjectex,iviewobjectexgetnaturalextent,iviewobjectexgetrect,iviewobjectexgetviewstatus,iviewobjectexqueryhitpoint,iviewobjectexqueryhitrect,licinfo,readystate,viewstatus
ocidl.h, ocidl.idl	37	learn/windows-embedded-ce-6.0	ocidl.h, ocidl.idl	iclassfactory2createinstancelic,iclassfactory2getlicinfo,iclassfactory2requestlickey,iclassfactorycreateinstance,iclassfactorylockserver,iconnectionpointadvise,iconnectionpointcontainerenumconnectionpoints,iconnectionpointcontainerfindconnectionpoint,iconnectionpointenumconnections,iconnectionpointgetconnectioninterface,iconnectionpointgetconnectionpointcontainer,iconnectionpointunadvise,ienumconnectionpointsclone,ienumconnectionpointsnext,ienumconnectionpointsreset,ienumconnectionpointsskip,ienumconnectionsclone,ienumconnectionsnext,ienumconnectionsreset,ienumconnectionsskip,ipersistpropertybaginitnew,ipersistpropertybagload,ipersistpropertybagsave,ipersiststreaminitgetsizemax,ipersiststreaminitinitnew,ipersiststreaminitisdirty,ipersiststreaminitload,ipersiststreaminitsave,ipropertybagread,ipropertybagwrite,iprovideclassinfo2getguid,iprovideclassinfogetclassinfo,iviewobjectexgetnaturalextent,iviewobjectexgetrect,iviewobjectexgetviewstatus,iviewobjectexqueryhitpoint,iviewobjectexqueryhitrect
oem_settings.h	8	learn/windows-embedded-ce-6.0	oem_settings.h	getauxtabinfo,initialize,oemhelpproc,oemprocxxx,rdp_tab_info,settabdisparea,tscsettingsread,tscsettingswrite
oemglobal.h	2	learn/windows-embedded-ce-6.0	oemglobal.h	oemglobal,pfnsetmemoryattributes
oemwake.h	6	learn/windows-embedded-ce-6.0	oemwake.h	oemclearintsources,oemgetwakeupsource,oemindicateintsource,oempowermanagerinit,oemresetwakeupsource,oemsetwakeupsource
ole.h	4	win32/api/ole	ole.h	olecreate,oledraw,oleloadfromstream,olesavetostream
ole2.h	17	learn/windows-embedded-ce-6.0,win32/api/ole2	ole2.h	createoleadviseholder,createstreamonhglobal,gethglobalfromstream,olecreate,oledraw,oleisrunning,oleloadfromstream,olerun,olesave,olesavetostream,olesetcontainedobject,olesetmenudescriptor,readclassstg,readclassstm,releasestgmedium,writeclassstg,writeclassstm
oleauto.h	228	learn/windows-embedded-ce-6.0,win32/api/oleauto	oleauto.h	bstrfromvector,createerrorinfo,createtypelib2,dispgetidsofnames,dispgetparam,dispinvoke,dispparams,geterrorinfo,loadregtypelib,loadtypelib,memberid,methoddata,oabuildversion,paramdata,registertypelib,safearrayaccessdata,safearrayallocdata,safearrayallocdescriptor,safearraycopy,safearraycopydata,safearraycreate,safearraycreatevector,safearraydestroy,safearraydestroydata,safearraydestroydescriptor,safearraygetdim,safearraygetelement,safearraygetelemsize,safearraygetlbound,safearraygetubound,safearraylock,safearrayptrofindex,safearrayputelement,safearrayredim,safearrayunaccessdata,safearrayunlock,seterrorinfo,sysallocstring,sysallocstringbytelen,sysallocstringlen,sysfreestring,sysreallocstring,sysreallocstringlen,sysstringbytelen,sysstringlen,systemtimetovarianttime,unregistertypelib,varboolfromcy,varboolfromdate,varboolfromdec,varboolfromdisp,varboolfromi1,varboolfromi2,varboolfromi4,varboolfromr4,varboolfromr8,varboolfromstr,varboolfromui1,varboolfromui2,varboolfromui4,varbstrfrombool,varbstrfromcy,varbstrfromdate,varbstrfromdec,varbstrfromdisp,varbstrfromi1,varbstrfromi2,varbstrfromi4,varbstrfromr4,varbstrfromr8,varbstrfromui1,varbstrfromui2,varbstrfromui4,varcyfrombool,varcyfromdate,varcyfromdec,varcyfromdisp,varcyfromi1,varcyfromi2,varcyfromi4,varcyfromr4,varcyfromr8,varcyfromstr,varcyfromui1,varcyfromui2,varcyfromui4,vardatefrombool,vardatefromcy,vardatefromdec,vardatefromdisp,vardatefromi1,vardatefromi2,vardatefromi4,vardatefromr4,vardatefromr8,vardatefromstr,vardatefromudate,vardatefromui1,vardatefromui2,vardatefromui4,vardecfrombool,vardecfromcy,vardecfromdate,vardecfromdisp,vardecfromi1,vardecfromi2,vardecfromi4,vardecfromr4,vardecfromr8,vardecfromstr,vardecfromui1,vardecfromui2,vardecfromui4,vari1frombool,vari1fromcy,vari1fromdate,vari1fromdec,vari1fromdisp,vari1fromi2,vari1fromi4,vari1fromr4,vari1fromr8,vari1fromstr,vari1fromui1,vari1fromui2,vari1fromui4,vari2frombool,vari2fromcy,vari2fromdate,vari2fromdec,vari2fromdisp,vari2fromi1,vari2fromi4,vari2fromr4,vari2fromr8,vari2fromstr,vari2fromui1,vari2fromui2,vari2fromui4,vari4frombool,vari4fromcy,vari4fromdate,vari4fromdec,vari4fromdisp,vari4fromi1,vari4fromi2,vari4fromr4,vari4fromr8,vari4fromstr,vari4fromui1,vari4fromui2,vari4fromui4,variantchangetype,variantchangetypeex,variantclear,variantcopy,variantcopyind,variantinit,varianttimetosystemtime,varnumfromparsenum,varparsenumfromstr,varr4frombool,varr4fromcy,varr4fromdate,varr4fromdec,varr4fromdisp,varr4fromi1,varr4fromi2,varr4fromi4,varr4fromr8,varr4fromstr,varr4fromui1,varr4fromui2,varr4fromui4,varr8frombool,varr8fromcy,varr8fromdate,varr8fromdec,varr8fromdisp,varr8fromi1,varr8fromi2,varr8fromi4,varr8fromr4,varr8fromstr,varr8fromui1,varr8fromui2,varr8fromui4,varudatefromdate,varui1frombool,varui1fromcy,varui1fromdate,varui1fromdec,varui1fromdisp,varui1fromi1,varui1fromi2,varui1fromi4,varui1fromr4,varui1fromr8,varui1fromstr,varui1fromui2,varui1fromui4,varui2frombool,varui2fromcy,varui2fromdate,varui2fromdec,varui2fromdisp,varui2fromi1,varui2fromi2,varui2fromi4,varui2fromr4,varui2fromr8,varui2fromstr,varui2fromui1,varui2fromui4,varui4frombool,varui4fromcy,varui4fromdate,varui4fromdec,varui4fromdisp,varui4fromi1,varui4fromi2,varui4fromi4,varui4fromr4,varui4fromr8,varui4fromstr,varui4fromui1,varui4fromui2,vectorfrombstr
olectl.h	4	win32/api/olectl	olectl.h	dllregisterserver,dllunregisterserver,olecreatefontindirect,olecreatepropertyframe
oleidl.h	96	learn/windows-ce-5.0,win32/api/oleidl	oleidl.h,oleidl.h.	idroptarget,idroptargetdragenter,idroptargetdragleave,idroptargetdragover,idroptargetdrop,ienumoleverb,ienumoleverbclone,ienumoleverbnext,ienumoleverbreset,ienumoleverbskip,ioleadviseholder,ioleadviseholderadvise,ioleadviseholderenumadvise,ioleadviseholdersendonclose,ioleadviseholdersendonrename,ioleadviseholdersendonsave,ioleadviseholderunadvise,ioleclientsite,ioleclientsitegetcontainer,ioleclientsitegetmoniker,ioleclientsiteonshowwindow,ioleclientsiterequestnewobjectlayout,ioleclientsitesaveobject,ioleclientsiteshowobject,iolecontainer,iolecontainerenumobjects,iolecontainerlockcontainer,ioleinplacesite,ioleinplacesitecaninplaceactivate,ioleinplacesitedeactivateandundo,ioleinplacesitediscardundostate,ioleinplacesitegetwindowcontext,ioleinplacesiteoninplaceactivate,ioleinplacesiteoninplacedeactivate,ioleinplacesiteonposrectchange,ioleinplacesiteonuiactivate,ioleinplacesiteonuideactivate,ioleinplacesitescroll,ioleitemcontainer,ioleitemcontainergetobject,ioleitemcontainergetobjectstorage,ioleitemcontainerisrunning,iolelink,iolelinkbindifrunning,iolelinkbindtosource,iolelinkgetboundsource,iolelinkgetsourcedisplayname,iolelinkgetsourcemoniker,iolelinkgetupdateoptions,iolelinksetsourcedisplayname,iolelinksetsourcemoniker,iolelinksetupdateoptions,iolelinkunbindsource,iolelinkupdate,ioleobject,ioleobjectadvise,ioleobjectclose,ioleobjectdoverb,ioleobjectenumadvise,ioleobjectenumverbs,ioleobjectgetclientsite,ioleobjectgetclipboarddata,ioleobjectgetextent,ioleobjectgetmiscstatus,ioleobjectgetmoniker,ioleobjectgetuserclassid,ioleobjectgetusertype,ioleobjectinitfromdata,ioleobjectisuptodate,ioleobjectsetclientsite,ioleobjectsetcolorscheme,ioleobjectsetextent,ioleobjectsethostnames,ioleobjectsetmoniker,ioleobjectunadvise,ioleobjectupdate,iolewindow,iolewindowcontextsensitivehelp,iolewindowgetwindow,iparsedisplayname,iparsedisplaynameparsedisplayname,iviewobject,iviewobject2,iviewobject2getextent,iviewobjectdraw,iviewobjectfreeze,iviewobjectgetadvise,iviewobjectgetcolorset,iviewobjectsetadvise,iviewobjectunfreeze,olegetmoniker,olelinkbind,oleupdate,oleverb,oleverbattrib,olewhichmk
oomui.h	12	learn/windows-embedded-ce-6.0	oomui.h	oomui_createnotrespondingwindow,oomui_createoomwindow,oomui_fshowoomwindow,oomui_initialize,oomui_notrespondingwndproc,oomui_onshow,oomui_oomwndproc,oomui_setwindowsinfo,oomuicallback_closewindow,oomuicallback_iscritical,oomuicallback_nonclientpaint,windowinfo
osaxs.h	1	learn/unclassified	osaxs.h.	osaxssetimagename
p2p.h	20	chm/windows-ce-5.0/wcep2p5/html,learn/windows-ce-5.0,win32/api/p2p	p2p.h.,p2p.h	peer_address,peer_connection_flags_tag,peer_data,peer_name_pair_tag,peer_record_change_type_tag,peercreatepeername,peerendenumeration,peerenumgroups,peerenumidentities,peerfreedata,peergetitemcount,peergetnextitem,peeridentitycreate,peeridentitydelete,peeridentityexport,peeridentitygetcryptkey,peeridentitygetfriendlyname,peeridentitygetxml,peeridentityimport,peeridentitysetfriendlyname
partdrv.h	19	learn/windows-embedded-ce-6.0	partdrv.h	pd_closepartition,pd_closestore,pd_createpartition,pd_deletepartition,pd_deviceiocontrol,pd_findpartitionclose,pd_findpartitionnext,pd_findpartitionstart,pd_formatpartition,pd_formatstore,pd_getpartitioninfo,pd_getstoreinfo,pd_isstoreformatted,pd_openpartition,pd_openstore,pd_partinfo,pd_renamepartition,pd_setpartitionattrs,pd_storeinfo
pchannel.h	2	learn/windows-embedded-ce-6.0,win32/api/pchannel	pchannel.h	channel_def,channel_pdu_header
pcibus.h	1	learn/windows-embedded-ce-6.0	pcibus.h	pci_dev_info
pcireg.h	5	learn/windows-embedded-ce-6.0	pcireg.h	busdata_parms,pci_reg_info,pci_reg_list,pciinitinfo,pcireg
pcirsrc.h	1	learn/windows-embedded-ce-6.0	pcirsrc.h	pci_rsrc
pcommctr.h	2	learn/windows-embedded-ce-6.0	pcommctr.h	dpa_fastgetptr,dpa_getptr
pegdser.h	25	learn/windows-embedded-ce-6.0	pegdser.h	ioctl_serial_clr_dtr,ioctl_serial_clr_rts,ioctl_serial_disable_ir,ioctl_serial_enable_ir,ioctl_serial_get_commstatus,ioctl_serial_get_dcb,ioctl_serial_get_modemstatus,ioctl_serial_get_properties,ioctl_serial_get_timeouts,ioctl_serial_get_wait_mask,ioctl_serial_immediate_char,ioctl_serial_purge,ioctl_serial_set_break_off,ioctl_serial_set_break_on,ioctl_serial_set_dcb,ioctl_serial_set_dtr,ioctl_serial_set_queue_size,ioctl_serial_set_rts,ioctl_serial_set_timeouts,ioctl_serial_set_wait_mask,ioctl_serial_set_xoff,ioctl_serial_set_xon,ioctl_serial_wait_on_mask,serial_dev_status,serial_queue_sizes
phoneapi.hpp	5	learn/windows-embedded-ce-6.0	phoneapi.hpp	ph_makephonecall_parameters,phmakephonecall,phonhookdialing,phprocessprovisionxml,phvalidateprovisionxml
physicsengine.h, pwinuser.h	6	learn/windows-embedded-ce-6.0	physicsengine.h, pwinuser.h	createphysicsengine,destroyphysicsengine,physicsengineinit,physicsenginestate,queryphysicsengine,setphysicsengineusertime
pimstore.h	342	chm/windows-ce-3.0,learn/windows-embedded-ce-6.0	pimstore.h	cepimcommand,iappointmentcancel,iappointmentclearrecurrencepattern,iappointmentcopy,iappointmentdelete,iappointmentdisplay,iappointmentget_alldayevent,iappointmentget_application,iappointmentget_body,iappointmentget_bodyink,iappointmentget_busystatus,iappointmentget_categories,iappointmentget_duration,iappointmentget_end,iappointmentget_isrecurring,iappointmentget_location,iappointmentget_meetingstatus,iappointmentget_oid,iappointmentget_recipients,iappointmentget_reminderminutesbeforestart,iappointmentget_reminderoptions,iappointmentget_reminderset,iappointmentget_remindersoundfile,iappointmentget_sensitivity,iappointmentget_start,iappointmentget_subject,iappointmentgetrecurrencepattern,iappointmentput_alldayevent,iappointmentput_body,iappointmentput_bodyink,iappointmentput_busystatus,iappointmentput_categories,iappointmentput_duration,iappointmentput_end,iappointmentput_location,iappointmentput_reminderminutesbeforestart,iappointmentput_reminderoptions,iappointmentput_reminderset,iappointmentput_remindersoundfile,iappointmentput_sensitivity,iappointmentput_start,iappointmentput_subject,iappointmentsave,iappointmentsend,iappointmentunknown,icitycopy,icitydelete,icitydisplay,icityget_airportcode,icityget_application,icityget_areacode,icityget_country,icityget_countryphonecode,icityget_inrom,icityget_latitude,icityget_longitude,icityget_name,icityget_timezoneindex,icityput_airportcode,icityput_areacode,icityput_country,icityput_countryphonecode,icityput_latitude,icityput_longitude,icityput_name,icityput_timezoneindex,icitysave,icityunknown,icontactcopy,icontactdelete,icontactdisplay,icontactget_anniversary,icontactget_application,icontactget_assistantname,icontactget_assistanttelephonenumber,icontactget_birthday,icontactget_body,icontactget_bodyink,icontactget_business2telephonenumber,icontactget_businessaddresscity,icontactget_businessaddresscountry,icontactget_businessaddresspostalcode,icontactget_businessaddressstate,icontactget_businessaddressstreet,icontactget_businessfaxnumber,icontactget_businesstelephonenumber,icontactget_cartelephonenumber,icontactget_categories,icontactget_children,icontactget_companyname,icontactget_department,icontactget_email1address,icontactget_email2address,icontactget_email3address,icontactget_fileas,icontactget_firstname,icontactget_home2telephonenumber,icontactget_homeaddresscity,icontactget_homeaddresscountry,icontactget_homeaddresspostalcode,icontactget_homeaddressstate,icontactget_homeaddressstreet,icontactget_homefaxnumber,icontactget_hometelephonenumber,icontactget_jobtitle,icontactget_lastname,icontactget_middlename,icontactget_mobiletelephonenumber,icontactget_officelocation,icontactget_oid,icontactget_otheraddresscity,icontactget_otheraddresscountry,icontactget_otheraddresspostalcode,icontactget_otheraddressstate,icontactget_otheraddressstreet,icontactget_pagernumber,icontactget_radiotelephonenumber,icontactget_spouse,icontactget_suffix,icontactget_title,icontactget_webpage,icontactget_yomicompanyname,icontactget_yomifirstname,icontactget_yomilastname,icontactput_anniversary,icontactput_assistantname,icontactput_assistanttelephonenumber,icontactput_birthday,icontactput_body,icontactput_bodyink,icontactput_business2telephonenumber,icontactput_businessaddresscity,icontactput_businessaddresscountry,icontactput_businessaddresspostalcode,icontactput_businessaddressstate,icontactput_businessaddressstreet,icontactput_businessfaxnumber,icontactput_businesstelephonenumber,icontactput_cartelephonenumber,icontactput_categories,icontactput_children,icontactput_companyname,icontactput_department,icontactput_email1address,icontactput_email2address,icontactput_email3address,icontactput_fileas,icontactput_firstname,icontactput_home2telephonenumber,icontactput_homeaddresscity,icontactput_homeaddresscountry,icontactput_homeaddresspostalcode,icontactput_homeaddressstate,icontactput_homeaddressstreet,icontactput_homefaxnumber,icontactput_hometelephonenumber,icontactput_jobtitle,icontactput_lastname,icontactput_middlename,icontactput_mobiletelephonenumber,icontactput_officelocation,icontactput_otheraddresscity,icontactput_otheraddresscountry,icontactput_otheraddresspostalcode,icontactput_otheraddressstate,icontactput_otheraddressstreet,icontactput_pagernumber,icontactput_radiotelephonenumber,icontactput_spouse,icontactput_suffix,icontactput_title,icontactput_webpage,icontactput_yomicompanyname,icontactput_yomifirstname,icontactput_yomilastname,icontactsave,icontactunknown,iexceptionget_application,iexceptionget_appointmentitem,iexceptionget_deleted,iexceptionget_originaldate,iexceptionsget__newenum,iexceptionsget_application,iexceptionsget_count,iexceptionsitem,iexceptionsunknown,iexceptionunknown,ifolderadditemtoinfraredfolder,ifolderget_application,ifolderget_defaultitemtype,ifolderget_items,ifolderreceivefrominfrared,ifoldersendtoinfrared,ifolderunknown,ipolitemssetcolumns,ipolitemsunknown,ipolrecipientresolve,ipolrecipientunknown,ipoutlookapp,ipoutlookappcreateitem,ipoutlookappget_application,ipoutlookappget_currentcityindex,ipoutlookappget_homecity,ipoutlookappget_outlookcompatible,ipoutlookappget_version,ipoutlookappget_visitingcity,ipoutlookappgetdefaultfolder,ipoutlookappgetitemfromoid,ipoutlookappgettimezonefromindex,ipoutlookappgettimezoneinformationfromindex,ipoutlookapplogoff,ipoutlookapplogon,ipoutlookappput_currentcityindex,ipoutlookappput_homecity,ipoutlookappput_visitingcity,ipoutlookappreceivefrominfrared,ipoutlookappsysfreestring,ipoutlookappsystemtimetovarianttime,ipoutlookappvarianttimetosystemtime,ipoutlookitemcollectionadd,ipoutlookitemcollectionfind,ipoutlookitemcollectionfindnext,ipoutlookitemcollectionget__newenum,ipoutlookitemcollectionget_application,ipoutlookitemcollectionget_count,ipoutlookitemcollectionget_includerecurrences,ipoutlookitemcollectionitem,ipoutlookitemcollectionput_includerecurrences,ipoutlookitemcollectionremove,ipoutlookitemcollectionrestrict,ipoutlookitemcollectionsort,ipoutlookitemcollectionunknown,irecipientget_address,irecipientget_application,irecipientget_name,irecipientput_address,irecipientsadd,irecipientsget__newenum,irecipientsget_application,irecipientsget_count,irecipientsitem,irecipientsremove,irecipientsunknown,irecipientunknown,irecurrencepatternget_application,irecurrencepatternget_dayofmonth,irecurrencepatternget_dayofweekmask,irecurrencepatternget_duration,irecurrencepatternget_endtime,irecurrencepatternget_exceptions,irecurrencepatternget_instance,irecurrencepatternget_interval,irecurrencepatternget_monthofyear,irecurrencepatternget_noenddate,irecurrencepatternget_occurrences,irecurrencepatternget_patternenddate,irecurrencepatternget_patternstartdate,irecurrencepatternget_recurrencetype,irecurrencepatternget_starttime,irecurrencepatterngetoccurrence,irecurrencepatternput_dayofmonth,irecurrencepatternput_dayofweekmask,irecurrencepatternput_duration,irecurrencepatternput_endtime,irecurrencepatternput_instance,irecurrencepatternput_interval,irecurrencepatternput_monthofyear,irecurrencepatternput_noenddate,irecurrencepatternput_occurrences,irecurrencepatternput_patternenddate,irecurrencepatternput_patternstartdate,irecurrencepatternput_recurrencetype,irecurrencepatternput_starttime,irecurrencepatternunknown,itaskclearrecurrencepattern,itaskcopy,itaskdelete,itaskdisplay,itaskget_application,itaskget_body,itaskget_bodyink,itaskget_categories,itaskget_complete,itaskget_datecompleted,itaskget_duedate,itaskget_importance,itaskget_isrecurring,itaskget_oid,itaskget_reminderoptions,itaskget_reminderset,itaskget_remindersoundfile,itaskget_remindertime,itaskget_sensitivity,itaskget_startdate,itaskget_subject,itaskget_teamtask,itaskgetrecurrencepattern,itaskput_body,itaskput_bodyink,itaskput_categories,itaskput_complete,itaskput_duedate,itaskput_importance,itaskput_reminderoptions,itaskput_reminderset,itaskput_remindersoundfile,itaskput_remindertime,itaskput_sensitivity,itaskput_startdate,itaskput_subject,itaskput_teamtask,itasksave,itaskskiprecurrence,itaskunknown,itimezoneget_application,itimezoneget_bias,itimezoneget_daylightbias,itimezoneget_daylightdate,itimezoneget_daylightdayofweekmask,itimezoneget_daylightinstance,itimezoneget_daylightmonthofyear,itimezoneget_daylightname,itimezoneget_isdaylightabsolutedate,itimezoneget_isstandardabsolutedate,itimezoneget_standardbias,itimezoneget_standarddate,itimezoneget_standarddayofweekmask,itimezoneget_standardinstance,itimezoneget_standardmonthofyear,itimezoneget_standardname,itimezoneget_supportsdst,itimezoneunknown,olbusystatus,olcurrentcity,oldaysofweek,oldefaultfolders,olimportance,olitemtype,olmeetingstatus,olrecurrencetype,olreminderoptions,olsensitivity
pkfuncs.h	192	learn/windows-embedded-ce-6.0	pkfuncs.h	allocphysmem,cacheinfo,cacherangeflush,cachesync,callsnapshot,callsnapshot3,callsnapshotex,capturedumpfileondevice,ceallocasynchronousbuffer,ceallocduplicatebuffer,cecalluserproc,ceclosecallerbuffer,ceflushasynchronousbuffer,cefreeasynchronousbuffer,cefreeduplicatebuffer,cegetcacheinfo,cegetrandomseed,cegetrawtime,cegetrawtimeoffset,ceimpersonatecurrentprocess,celogexporttable,celogimporttable,ceopencallerbuffer,ceremoteheapcreate,ceremoteheaptranslatepointer,cesetmemoryattributes,cevirtualsharedalloc,createapihandle,createapiset,createstaticmapping,createwatchdogtimer,deletestaticmapping,device_id,device_location,device_psl_notify,drwatsonclear,drwatsonflush,drwatsongetsize,drwatsonreaddata,drwatsonwritedata,forcepageout,forwarddeviceiocontrol,freeintchainhandler,freephysmem,getcallerprocess,getcallervmprocessid,getcurrentpermissions,getdirectcallerprocessid,geteventdata,getownerprocess,getstdiopathw,getthreadcallstack,interruptdisable,interruptdone,interruptinitialize,interruptmask,ioctl_celog_deregister,ioctl_celog_getdesktopzone,ioctl_celog_import,ioctl_celog_register,ioctl_celog_reportzonechange,ioctl_hal_authenticate_device,ioctl_hal_ddk_call,ioctl_hal_disable_wake,ioctl_hal_enable_wake,ioctl_hal_get_cache_info,ioctl_hal_get_device_info,ioctl_hal_get_deviceid,ioctl_hal_get_hive_clean_flag,ioctl_hal_get_hive_ram_region,ioctl_hal_get_hwentropy,ioctl_hal_get_image_signed_state,ioctl_hal_get_ip_addr,ioctl_hal_get_pool_parameters,ioctl_hal_get_random_seed,ioctl_hal_get_rndis_macaddr,ioctl_hal_get_uuid,ioctl_hal_get_wake_source,ioctl_hal_getregsecurekeys,ioctl_hal_iltiming,ioctl_hal_init_rtc,ioctl_hal_initregistry,ioctl_hal_oem_profiler,ioctl_hal_postinit,ioctl_hal_presuspend,ioctl_hal_query_device_settings,ioctl_hal_query_displaysettings,ioctl_hal_query_format_partition,ioctl_hal_reboot,ioctl_hal_release_sysintr,ioctl_hal_request_irq,ioctl_hal_request_sysintr,ioctl_hal_save_hive_ram_region,ioctl_hal_set_device_info,ioctl_hal_translate_irq,ioctl_hal_whql_test_mode,ioctl_klib_get_pool_state,ioctl_klib_getalarmresolution,ioctl_processor_information,ioctl_psl_notify,ioctl_set_kernel_comm_dev,ioctl_vbridge_802_3_multicast_list,ioctl_vbridge_current_packet_filter,ioctl_vbridge_get_ethernet_mac,ioctl_vbridge_get_rx_packet,ioctl_vbridge_get_rx_packet_complete,ioctl_vbridge_get_tx_packet,ioctl_vbridge_get_tx_packet_complete,ioctl_vbridge_shared_ethernet,ioctl_vbridge_wild_card,ioctl_vbridge_wild_card_reset_buffer,ioctl_vbridge_wild_card_vb_initialized,iscelogenabled,iscelogstatus,iscelogzoneenabled,isinpwrhdlr,isnamedeventsignaled,kd_bpinfo,kd_exception_info,kd_ioctl_clear_cbp,kd_ioctl_clear_dbp,kd_ioctl_dmpgen_end,kd_ioctl_dmpgen_start,kd_ioctl_enum_cbp,kd_ioctl_enum_dbp,kd_ioctl_init,kd_ioctl_jit_notif,kd_ioctl_kernel_continue,kd_ioctl_kernel_halt,kd_ioctl_map_exception,kd_ioctl_memory_inaccessible,kd_ioctl_query_cbp,kd_ioctl_query_dbp,kd_ioctl_reset,kd_ioctl_set_cbp,kd_ioctl_set_dbp,kerneliocontrol,kernellibiocontrol,kliballocsharemem,klibfreesharemem,klibunalignedaccessenable,loaddriver,loadintchainhandler,loadkernellibrary,lockpages,mapcallerptr,mapptrtoprocess,nkcreatestaticmapping,nkdeletestaticmapping,nkforcecleanboot,nkpagepoolparameters,nkpagepoolstate,nkregclosekey,nkregcreatekeyex,nkregopenkeyex,nkregqueryvalueex,nkregsetvalueex,nksetdataaborthandler,nkvirtualsetattributes,oemkdiocontrol,openwatchdogtimer,pageoutmodule,pagepoolparameters,pagepoolstate,pfnapierrhandler,physical_basic_information,poweroffsystem,processor_info,readregistryfromoem,refreshwatchdogtimer,registerapiset,setapierrorhandler,setcleanrebootflag,setdbgzone,seteventdata,setjitdebuggerpath,setkmode,setoomevent,setprocpermissions,setstdiopathw,setstorequeuebase,sleeptilltick,startwatchdogtimer,stopwatchdogtimer,unlockpages,unmapptr,virtualalloccopyex,virtualcopy,virtualcopyex,virtualsetattributes,virtualsetpageflags,writeregistrytooem
playlist.h	16	learn/windows-embedded-ce-6.0	playlist.h	iamplaylistgetflags,iamplaylistgetitem,iamplaylistgetitemcount,iamplaylistgetnamedevent,iamplaylistgetrepeatinfo,iamplaylistitemgetflags,iamplaylistitemgetlinkurl,iamplaylistitemgetscanduration,iamplaylistitemgetsourcecount,iamplaylistitemgetsourceduration,iamplaylistitemgetsourceendmarker,iamplaylistitemgetsourceendmarkername,iamplaylistitemgetsourcestart,iamplaylistitemgetsourcestartmarker,iamplaylistitemgetsourcestartmarkername,iamplaylistitemgetsourceurl
pm.h	5	learn/windows-embedded-ce-6.0	pm.h	ioctl_power_capabilities,ioctl_power_get,ioctl_power_query,ioctl_power_set,ioctl_register_power_relationship
pnp.h	1	learn/windows-embedded-ce-6.0	pnp.h	devdetail
pnrpdef.h	4	chm/windows-ce-5.0/wcep2p5/html,learn/windows-ce-5.0,win32/api/pnrpdef	pnrpdef.h.,pnrpdef.h	pnrp_cloud_flags,pnrp_cloud_id,pnrp_cloud_state,pnrp_resolve_criteria
pnrpns.h	3	chm/windows-ce-5.0/wcep2p5/html,learn/windows-ce-5.0,win32/api/pnrpns	pnrpns.h.,pnrpns.h	pnrp_cloud_id,pnrpcloudinfo,pnrpinfo
prnport.h	5	learn/windows-embedded-ce-6.0	prnport.h	getprinterinfo,printerclose,printeropen,printersend,reportprinterstatus
processenv.h	2	win32/api/processenv	processenv.h	getcommandlinea,getcommandlinew
processthreadsapi.h	32	win32/api/processthreadsapi	processthreadsapi.h	createprocessa,createprocessw,createthread,exitprocess,exitthread,flushinstructioncache,getcurrentprocess,getcurrentprocessid,getcurrentthread,getcurrentthreadid,getexitcodeprocess,getexitcodethread,getprocessversion,getthreadcontext,getthreadpriority,getthreadtimes,isprocessorfeaturepresent,openprocess,openthread,process_information,resumethread,setthreadcontext,setthreadpriority,startupinfoa,startupinfow,suspendthread,terminateprocess,terminatethread,tlsalloc,tlsfree,tlsgetvalue,tlssetvalue
profileapi.h	2	win32/api/profileapi	profileapi.h	queryperformancecounter,queryperformancefrequency
profiler.h	9	learn/windows-embedded-ce-6.0	profiler.h	oemprofilerdata,oemprofiletimerdisable,oemprofiletimerenable,profilecapturestatus,profilercontrol,profilerhitex,profilestart,profilestartex,profilestop
progressview.hpp	2	learn/windows-embedded-ce-6.0	progressview.hpp	progressbarview_tdraw,progressbarview_tsetborder
propidl.h	4	win32/api/propidl	propidl.h	freepropvariantarray,propvariant,propvariantclear,propvariantcopy
propidlbase.h	1	win32/api/propidlbase	propidlbase.h	propvariant
proxy.h	2	learn/windows-embedded-ce-6.0	proxy.h	store_executecommand,store_iscommandsupported
prsht.h	36	learn/windows-embedded-ce-6.0,win32/api/prsht	prsht.h	createpropertysheetpage,createpropertysheetpagea,createpropertysheetpagew,destroypropertysheetpage,propertysheet,propertysheeta,propertysheetw,propsheet_addpage,propsheet_apply,propsheet_canceltoclose,propsheet_changed,propsheet_getcurrentpagehwnd,propsheet_gettabcontrol,propsheet_isdialogmessage,propsheet_pressbutton,propsheet_querysiblings,propsheet_rebootsystem,propsheet_removepage,propsheet_restartwindows,propsheet_setcursel,propsheet_setcurselbyid,propsheet_setfinishtext,propsheet_settitle,propsheet_setwizbuttons,propsheet_unchanged,propsheetheader,propsheetpage,propsheetpageproc,propsheetproc,pshnotify,psn_apply,psn_help,psn_killactive,psn_querycancel,psn_reset,psn_setactive
psapi.h	3	learn/windows-embedded-ce-6.0,win32/api/psapi	psapi.h	cesetprocessversion,getmoduleinformation,moduleinfo
pwinbase.h	3	learn/windows-embedded-ce-6.0	pwinbase.h	filesystempowerfunction,getpasswordstatus,setpasswordstatus
pwindbas.h	19	learn/windows-embedded-ce-6.0	pwindbas.h	cechangedatabaselcid,ceclearreplchangebitsex,cegetreplchangebitsex,cegetreplchangemask,cegetreplotherbitsex,ceregisterreplnotification,cesetreplchangebitsex,cesetreplchangemask,cesetreplotherbitsex,getoidsearchid,replchangeinfo,replchangesyncsettings,replcheckpoint,replclosesync,replfindnextchange,replgetoidstatus,replgetsyncstate,replopensync,setsystemmemorydivision
pwingdi.h	2	learn/windows-embedded-ce-6.0	pwingdi.h	contrastcmdinputparm,video_power_management
pwinreg.h	17	learn/windows-ce-net-4x,learn/windows-embedded-ce-6.0	pwinreg.h	cegenrandom,getuserdirectory,hiveraminfo,hiveramregion,readgenericdata,readregdata,regcopyfile,registryoperation,regreplacekey,regrestorefile,regsavekey,regsecurekey,regsecurekeylist,setcurrentuser,setuserdata,writegenericdata,writeregdata
pwinuser.h	32	learn/windows-embedded-ce-6.0	pwinuser.h	animatemessageinfo,batterygetlifetimeinfo,batterynotifyoftimechange,closegestureinfohandle,disablegestures,enablegestures,gesture,gestureinfo,gesturemetrics,get_foreground_info,getanimatemessageinfo,getasyncshiftflags,getforegroundinfo,getforegroundkeyboardlayouthandle,getforegroundkeyboardtarget,getgestureextraarguments,getgestureinfo,getwindowautogesture,gwespoweroffsystem,immgetconversionstatusforeground,keybdgetdeviceinfo,notifywinusersystem,querygestures,registerdesktop,registergesture,registertaskbar,registertaskbarex,setwindowautogesture,touchcalibrate,waginfo,wm_gesture,wm_syscopydata
pwinuser.h, XamlRuntime.h	1	learn/windows-embedded-ce-6.0	pwinuser.h, XamlRuntime.h	xrgestureeventargs
pwinuser.h, winuser.h	1	learn/windows-embedded-ce-6.0	pwinuser.h, winuser.h	drawicon
qnetwork.h	21	win32/api/qnetwork	qnetwork.h	amextendedseekingcapabilities,iamextendedseekingget_currentmarker,iamextendedseekingget_exseekcapabilities,iamextendedseekingget_markercount,iamextendedseekingget_playbackspeed,iamextendedseekinggetmarkername,iamextendedseekinggetmarkertime,iamextendedseekingput_playbackspeed,iammediacontentget_authorname,iammediacontentget_baseurl,iammediacontentget_copyright,iammediacontentget_description,iammediacontentget_logoiconurl,iammediacontentget_logourl,iammediacontentget_moreinfobannerimage,iammediacontentget_moreinfobannerurl,iammediacontentget_moreinfotext,iammediacontentget_moreinfourl,iammediacontentget_rating,iammediacontentget_title,iammediacontentget_watermarkurl
rapi.h	84	learn/windows-ce-5.0,learn/windows-embedded-ce-6.0,msdn-library/techshelps/CEGUIDE/devdoc/good/wince	rapi.h	cecheckpassword,ceclosehandle,cecopyfile,cecreatedatabase,cecreatedatabaseex,cecreatedirectory,cecreatefile,cecreateprocess,cedeletedatabase,cedeletedatabaseex,cedeletefile,cedeleterecord,ceenumdbvolumes,cefindalldatabases,cefindallfiles,cefindclose,cefindfirstdatabase,cefindfirstdatabaseex,cefindfirstfile,cefindnextdatabase,cefindnextdatabaseex,cefindnextfile,ceflushdbvol,cegetclassname,cegetdesktopdevicecaps,cegetdiskfreespaceex,cegetfileattributes,cegetfilesize,cegetfiletime,cegetlasterror,cegetstoreinformation,cegetsysteminfo,cegetsystemmetrics,cegetsystempowerstatusex,cegettemppath,cegetversionex,cegetwindow,cegetwindowlong,cegetwindowtext,ceglobalmemorystatus,cemountdbvol,cemovefile,ceoidgetinfo,ceoidgetinfoex,ceopendatabase,ceopendatabaseex,cequeryinstructionset,cerapigeterror,cerapiinit,cerapiinitex,cerapiinvoke,cerapiuninit,cereadfile,cereadrecordprops,cereadrecordpropsex,ceregclosekey,ceregcreatekeyex,ceregdeletekey,ceregdeletevalue,ceregenumkeyex,ceregenumvalue,ceregopenkeyex,ceregqueryinfokey,ceregqueryvalueex,ceregsetvalueex,ceremovedirectory,ceseekdatabase,cesetdatabaseinfo,cesetdatabaseinfoex,cesetendoffile,cesetfileattributes,cesetfilepointer,cesetfiletime,ceshcreateshortcut,ceshgetshortcuttarget,cesyncstart,cesyncstop,ceunmountdbvol,cewritefile,cewriterecordprops,irapistream,irapistreamgetrapistat,irapistreamsetrapistat,rapiext
rapi.h, shlobj.h	1	learn/windows-embedded-ce-6.0	rapi.h, shlobj.h	cegetspecialfolderpath
rapi2.h	95	learn/windows-embedded-ce-6.0	rapi2.h	irapidesktopadvise,irapidesktopenumdevices,irapidesktopfinddevice,irapidesktopunadvise,irapidevicecreatesession,irapidevicegetconnectioninfo,irapidevicegetconnectstat,irapidevicegetdeviceinfo,irapienumdevicesclone,irapienumdevicesgetcount,irapienumdevicesnext,irapienumdevicesreset,irapienumdevicesskip,irapisessioncecheckpassword,irapisessionceclosehandle,irapisessioncecopyfile,irapisessioncecreatedatabase,irapisessioncecreatedatabaseex,irapisessioncecreatedirectory,irapisessioncecreatefile,irapisessioncecreateprocess,irapisessioncedeletedatabase,irapisessioncedeletedatabaseex,irapisessioncedeletefile,irapisessioncedeleterecord,irapisessionceenumdbvolumes,irapisessioncefindalldatabases,irapisessioncefindallfiles,irapisessioncefindclose,irapisessioncefindfirstdatabase,irapisessioncefindfirstdatabaseex,irapisessioncefindfirstfile,irapisessioncefindnextdatabase,irapisessioncefindnextdatabaseex,irapisessioncefindnextfile,irapisessionceflushdbvol,irapisessioncegetclassname,irapisessioncegetdesktopdevicecaps,irapisessioncegetdiskfreespaceex,irapisessioncegetfileattributes,irapisessioncegetfilesize,irapisessioncegetfiletime,irapisessioncegetlasterror,irapisessioncegetstoreinformation,irapisessioncegetsysteminfo,irapisessioncegetsystemmetrics,irapisessioncegetsystempowerstatusex,irapisessioncegettemppath,irapisessioncegetversionex,irapisessioncegetwindow,irapisessioncegetwindowlong,irapisessioncegetwindowtext,irapisessionceglobalmemorystatus,irapisessioncemountdbvol,irapisessioncemovefile,irapisessionceoidgetinfo,irapisessionceoidgetinfoex,irapisessionceopendatabase,irapisessionceopendatabaseex,irapisessioncequeryinstructionset,irapisessioncerapifreebuffer,irapisessioncerapigeterror,irapisessioncerapiinit,irapisessioncerapiinvoke,irapisessioncerapiuninit,irapisessioncereadfile,irapisessioncereadrecordprops,irapisessioncereadrecordpropsex,irapisessionceregclosekey,irapisessionceregcreatekeyex,irapisessionceregdeletekey,irapisessionceregdeletevalue,irapisessionceregenumkeyex,irapisessionceregenumvalue,irapisessionceregopenkeyex,irapisessionceregqueryinfokey,irapisessionceregqueryvalueex,irapisessionceregsetvalueex,irapisessionceremovedirectory,irapisessionceseekdatabase,irapisessioncesetdatabaseinfo,irapisessioncesetdatabaseinfoex,irapisessioncesetendoffile,irapisessioncesetfileattributes,irapisessioncesetfilepointer,irapisessioncesetfiletime,irapisessionceshcreateshortcut,irapisessionceshgetshortcuttarget,irapisessioncesyncstart,irapisessioncesyncstop,irapisessionceunmountdbvol,irapisessioncewritefile,irapisessioncewriterecordprops,irapisinkondeviceconnected,irapisinkondevicedisconnected
rapi2.h, shlobj.h	1	learn/windows-embedded-ce-6.0	rapi2.h, shlobj.h	irapisessioncegetspecialfolderpath
rapitypes.h	25	learn/windows-ce-5.0,learn/windows-embedded-ce-6.0	rapitypes.h	ce_find_data,ceblob,cedb_find_data,cedbaseinfo,cedirinfo,cefileinfo,ceguid,cenotification,cenotifyrequest,ceoidinfo,ceosversioninfo,cepropval,cerecordinfo,cevalunion,rapi_connectioninfo,rapi_connectiontype,rapi_device_platform,rapi_deviceinfo,rapi_devicestatus,rapi_getdeviceopcode,rapiinit,rapistreamflag,sortorderspec,store_information,system_power_status_ex
rapitypes2.h	6	learn/windows-embedded-ce-6.0	rapitypes2.h	rapi_connectioninfo,rapi_connectiontype,rapi_deviceinfo,rapi_devicestatus,rapi_getdeviceopcode,rapideviceid
ras.h	77	learn/windows-embedded-ce-6.0,win32/api/ras	ras.h	ras_stats,rascntl_server_ipv6_net_prefix,rascntl_serverconnection,rascntl_serverline,rascntl_serverstatus,rascntl_serverusercredentials,rascntlenum,rasconn,rasconnstate,rasconnstatus,rasdeleteentry,rasdeleteentrya,rasdeleteentryw,rasdevconfigdialogedit,rasdevinfo,rasdial,rasdiala,rasdialparams,rasdialw,rasentry,rasentryname,rasenumconnections,rasenumconnectionsa,rasenumconnectionsw,rasenumdevices,rasenumdevicesa,rasenumdevicesw,rasenumentries,rasenumentriesa,rasenumentriesw,rasfreebuffer,rasgetbuffer,rasgetconnectstatus,rasgetconnectstatusa,rasgetconnectstatusw,rasgetdispphonenum,rasgeteapconnectiondata,rasgeteapuserdata,rasgeteapuserdataa,rasgeteapuserdataw,rasgetentrydialparams,rasgetentrydialparamsa,rasgetentrydialparamsw,rasgetentryproperties,rasgetentrypropertiesa,rasgetentrypropertiesw,rasgetlinkstatistics,rasgetprojectioninfo,rasgetprojectioninfoa,rasgetprojectioninfow,rashangup,rashangupa,rashangupw,rasiocontrol,rasipaddr,raspppip,raspppipv6,rasprojection,rasreceivebuffer,rasrenameentry,rasrenameentrya,rasrenameentryw,rasretrievebuffer,rassendbuffer,rasseteapconnectiondata,rasseteapuserdata,rasseteapuserdataa,rasseteapuserdataw,rassetentrydialparams,rassetentrydialparamsa,rassetentrydialparamsw,rassetentryproperties,rassetentrypropertiesa,rassetentrypropertiesw,rasvalidateentryname,rasvalidateentrynamea,rasvalidateentrynamew
raseapif.h	16	learn/windows-embedded-ce-6.0,win32/api/raseapif	raseapif.h	ppp_eap_action,ppp_eap_info,ppp_eap_input,ppp_eap_output,ppp_eap_packet,ras_auth_attribute,ras_auth_attribute_type,raseapbegin,raseapend,raseapfreememory,raseapgetidentity,raseapgetinfo,raseapinitialize,raseapinvokeconfigui,raseapinvokeinteractiveui,raseapmakemessage
rebarview.hpp	3	learn/windows-embedded-ce-6.0	rebarview.hpp	rebarview_tdrawgripper,rebarview_tinitspacingvalues,rebarview_tsetedgebordertype
recog.h	16	learn/windows-embedded-ce-6.0	recog.h	hwxalcpriority,hwxalcvalid,hwxconfig,hwxcreate,hwxdestroy,hwxendinput,hwxgetresults,hwxguide,hwxinput,hwxprocess,hwxresults,hwxresultsavailable,hwxsetabort,hwxsetcontext,hwxsetguide,hwxsetpartial
regext.h	16	learn/windows-embedded-ce-6.0	regext.h	notificationcondition,notifymsgqueuepacket,reg_comparisontype,registrybatchnotification,registryclosenotification,registrydeletevalue,registrygetdword,registrygetstring,registrynotifyapp,registrynotifycallback,registrynotifymsgqueue,registrynotifywindow,registrysetdword,registrysetstring,registrystopnotification,registrytestexchangedword
remoteui.h, remoteui.idl	20	learn/windows-embedded-ce-6.0	remoteui.h, remoteui.idl	iremoteui_arrayaddvalue,iremoteui_arrayfindfirstvar,iremoteui_arrayfindnextvar,iremoteui_arraygetname,iremoteui_arraygetvalue,iremoteuimoduleget,iremoteuimoduleinit,iremoteuimodulemodulename,iremoteuimoduleneedhttpdrestart,iremoteuimoduleneednetworkrestart,iremoteuimoduleput,iremoteuimodulereset,ivariablecontaineraddarray,ivariablecontaineraddvalue,ivariablecontainerfindfirstarray,ivariablecontainerfindfirstvar,ivariablecontainerfindnextarray,ivariablecontainerfindnextvar,ivariablecontainergetarray,ivariablecontainergetvalue
replfilt.h	26	learn/windows-embedded-ce-6.0	replfilt.h	cff_convertinfo,cff_convertoptions,cff_destinationfile,cff_sourcefile,icefilefilterfilteroptions,icefilefilterformatmessage,icefilefilternextconvertfile,icefilefilteroptionssetfilteroptions,icefilefiltersiteclosedestinationfile,icefilefiltersiteclosesourcefile,icefilefiltersiteopendestinationfile,icefilefiltersiteopensourcefile,icefilefiltersitereportloss,icefilefiltersitereportprogress,ipegasusfilefilterfilteroptions,ipegasusfilefilterformatmessage,ipegasusfilefilternextconvertfile,ipegasusfilefiltersiteclosedestinationfile,ipegasusfilefiltersiteclosesourcefile,ipegasusfilefiltersiteopendestinationfile,ipegasusfilefiltersiteopensourcefile,ipegasusfilefiltersitereportloss,ipegasusfilefiltersitereportprogress,pff_convertinfo,pff_destinationfile,pff_sourcefile
richedit.h	1	win32/api/richedit	richedit.h	nmhdr
ril.h	244	learn/windows-embedded-ce-6.0	ril.h	ril3gqosprofile,ril_addcallforwarding,ril_addpreferredoperator,ril_answer,ril_cancelsupservicedatasession,ril_changecallbarringpassword,ril_changelockingpassword,ril_clearccbsregistration,ril_deinitialize,ril_deletegprscontext,ril_deleteminimumqualityofservice,ril_deletemsg,ril_deletephonebookentry,ril_deleterequestedqualityofservice,ril_devspecific,ril_dial,ril_disablenotifications,ril_enablenotifications,ril_entergprsdatamode,ril_fetchsimtoolkitcmd,ril_getalloperatorslist,ril_getatr,ril_getaudiodevices,ril_getaudiogain,ril_getaudiomuting,ril_getbearerserviceoptions,ril_getcallbarringstatus,ril_getcalleridsettings,ril_getcallforwardingsettings,ril_getcallwaitingsettings,ril_getccbsstatus,ril_getcellbroadcastmsgconfig,ril_getcelltowerinfo,ril_getclosedgroupsettings,ril_getcurrentaddressid,ril_getcurrentoperator,ril_getcurrentprivacystatus,ril_getcurrentsystemtype,ril_getdatacompression,ril_getdevcaps,ril_getdialedidsettings,ril_getdriverversion,ril_getequipmentinfo,ril_getequipmentstate,ril_geterrorcorrection,ril_getgprsaddress,ril_getgprsattached,ril_getgprsclass,ril_getgprscontextactivatedlist,ril_getgprscontextlist,ril_getgprsregistrationstatus,ril_gethideconnectedidsettings,ril_gethideidsettings,ril_gethscsdcallsettings,ril_gethscsdoptions,ril_getlockingstatus,ril_getminimumqualityofservicelist,ril_getmosmsservice,ril_getmsgconfig,ril_getmsgserviceoptions,ril_getoperatorlist,ril_getpacketbytecount,ril_getphonebookoptions,ril_getphonelockedstate,ril_getpreferredoperatorlist,ril_getpreferredprivacymode,ril_getradiopresence,ril_getregistrationstatus,ril_getrequestedqualityofservicelist,ril_getrlpoptions,ril_getroamingmode,ril_getserialporthandle,ril_getserialporthandlefromcontextid,ril_getserialportstatistics,ril_getsignalquality,ril_getsimrecordstatus,ril_getsimtoolkitprofile,ril_getsubscribernumbers,ril_getsystemtime,ril_getuseridentity,ril_gprsanswer,ril_hangup,ril_initialize,ril_initializeemergency,ril_logeventtoradio,ril_managecalls,ril_ndis_receivepacketdone,ril_ndis_sendpacket,ril_ndis_setgprscontextactivated,ril_readmsg,ril_readphonebookentries,ril_registeronnetwork,ril_removecallforwarding,ril_removepreferredoperator,ril_resetpacketbytecount,ril_sendakey,ril_senddtmf,ril_sendflash,ril_sendmsg,ril_sendmsgacknowledgement,ril_sendrestrictedsimcmd,ril_sendsimcmd,ril_sendsimtoolkitcmdresponse,ril_sendsimtoolkitenvelopecmd,ril_sendsimtoolkiteventdownload,ril_sendstoredmsg,ril_sendsupservicedata,ril_setaudiodevices,ril_setaudiogain,ril_setaudiomuting,ril_setbearerserviceoptions,ril_setcallbarringstatus,ril_setcalleridstatus,ril_setcallforwardingstatus,ril_setcallwaitingstatus,ril_setcellbroadcastmsgconfig,ril_setclosedgroupsettings,ril_setcostinfo,ril_setcurrentaddressid,ril_setdatacompression,ril_setdialedidstatus,ril_setdtmfmonitoring,ril_setequipmentstate,ril_seterrorcorrection,ril_setgprsattached,ril_setgprsclass,ril_setgprscontext,ril_setgprscontextactivated,ril_sethideconnectedidstatus,ril_sethideidstatus,ril_sethscsdoptions,ril_setlockingstatus,ril_setminimumqualityofservice,ril_setmosmsservice,ril_setmsgconfig,ril_setmsgserviceoptions,ril_setphonebookoptions,ril_setpreferredprivacymode,ril_setrequestedqualityofservice,ril_setrlpoptions,ril_setroamingmode,ril_setsimtoolkitprofile,ril_terminatesimtoolkitsession,ril_transfercall,ril_unlockphone,ril_unregisterfromnetwork,ril_writemsg,ril_writephonebookentry,riladdress,rilatrinfo,rilaudiodeviceinfo,rilbearersvcinfo,rilbytecounter,rilcalleridsettings,rilcallforwardingsettings,rilcallhscsdinfo,rilcallinfo,rilcalltypecallback,rilcallwaitinginfo,rilcapsbarringpwdlength,rilcapsbearersvc,rilcapsdatacompression,rilcapsdial,rilcapserrorcorrection,rilcapshscsd,rilcapslockingpwdlength,rilcapsmsgmemorylocations,rilcapspbentrylength,rilcapsrlp,rilcbmsgconfig,rilcelltowerinfo,rilclosedgroupsettings,rilconnectinfo,rilcostinfo,rildatacompinfo,rildialedidsettings,rildialinfo,rilemlpppriority,rilentergprsdatamode,rilequipmentinfo,rilequipmentstate,rilerrorcorrectioninfo,rilgaininfo,rilgprsanswer,rilgprscontext,rilgprscontextactivated,rilgprscontextcaps,rilgprsprotocolcaps,rilgprsqosprofile,rilgprsqosprofilecaps,rilhideconnectedidsettings,rilhideidsettings,rilhscsdinfo,rillocationinfo,rilmessage,rilmessage_in_sim,rilmessageinfo,rilmsgconfig,rilmsgdcs,rilmsgserviceinfo,rilmsgstorageinfo,rilmultiplecallsettings,rilnchindication,rilndisbuffer,rilndisgprscontext,rilndisipconfig,rilndisipv6addr,rilndispacket,rilndisreceivecallback,rilndisstatus,rilndisstatuscallback,rilndistransmitcallback,rilnitzinfo,rilnotifycallback,riloperatorinfo,riloperatornames,rilpdppacketsupportcaps,rilphonebookentry,rilphonebookinfo,rilprotocolmode,rilrange,rilremotepartyinfo,rilresultcallback,rilringinfo,rilrlpinfo,rilsecondarypdpcontext,rilserialportstats,rilserviceinfo,rilsignalquality,rilsimcmdparameters,rilsimrecordstatus,rilsimresponse,rilsimtoolkitcmd,rilsimtoolkiteventcaps,rilsimtoolkitnotifycaps,rilsimtoolkitrsp,rilsubaddress,rilsubscriberinfo,rilsupservicedata,riltrafficflowtemplate,rilvgcstalkeraccessinfo,rilvgcsuplinkinfo,rilvgcsvbscallinfo,rilvgcsvbsstateattr
rndis.h	23	learn/windows-embedded-ce-6.0	rndis.h	remote_ndis_halt_msg,remote_ndis_indicate_status_msg,remote_ndis_initialize_cmplt,remote_ndis_initialize_msg,remote_ndis_keepalive_cmplt,remote_ndis_keepalive_msg,remote_ndis_packet_msg,remote_ndis_query_cmplt,remote_ndis_query_msg,remote_ndis_reset_cmplt,remote_ndis_reset_msg,remote_ndis_set_cmplt,remote_ndis_set_msg,rndis_class_id,rndis_diagnostic_info,rndis_medium,rndis_oid,rndis_oobd,rndis_packet,rndis_pdd_characteristics,rndis_per_packet_info,rndis_request_id,rndis_status
rndismini.h	17	learn/windows-embedded-ce-6.0	rndismini.h	data_wrapper,gethandler,indicaterndispacketcompletehandler,mddallocdatawrapper,mddallocmem,mdddisconnect,mddfreedatawrapper,mddfreemem,mddindicaterndismessage,mddindicaterndispacket,mddsendrndispacketcomplete,pdddeinit,pddinit,pfn_pdd_isr,sendrndismessagehandler,sendrndispackethandler,sethandler
romldr.h	4	learn/windows-embedded-ce-6.0	romldr.h	oemromchain,romhdr,xipchain_entry,xipchain_info
routprot.h	2	learn/windows-embedded-ce-6.0,win32/api/routprot	routprot.h	message,mib_best_if
rpcdce.h	1	learn/windows-embedded-ce-6.0	rpcdce.h	sec_winnt_auth_identity
rtccore.h	52	learn/windows-embedded-ce-6.0	rtccore.h	oahwnd,rtc_ace_scope,rtc_answer_mode,rtc_audio_device,rtc_buddy_event_type,rtc_buddy_subscription_type,rtc_client_event_type,rtc_dtmf,rtc_event,rtc_group_event_type,rtc_listen_mode,rtc_media_event_reason,rtc_media_event_type,rtc_messaging_event_type,rtc_messaging_user_status,rtc_offer_watcher_mode,rtc_participant_state,rtc_port_type,rtc_presence_property,rtc_presence_status,rtc_privacy_mode,rtc_profile_event_type,rtc_provider_uri,rtc_registration_state,rtc_reinvite_state,rtc_ring_type,rtc_roaming_event_type,rtc_security_level,rtc_security_type,rtc_session_refer_status,rtc_session_state,rtc_session_type,rtc_t120_applet,rtc_terminate_reason,rtc_user_search_column,rtc_user_search_preference,rtc_video_device,rtc_watcher_event_type,rtc_watcher_match_mode,rtc_watcher_state,rtcau_,rtccs_,rtcef_,rtcff_,rtcif_,rtcmt_,rtcrf_,rtcrmf_,rtcsi_,rtcsp_,rtcsp_privacy_,rtctr_
rtccore.h, rtccore.idl	345	learn/windows-embedded-ce-6.0	rtccore.h, rtccore.idl	irtcbuddy2enumerategroups,irtcbuddy2enumeratepresencedevices,irtcbuddy2groups,irtcbuddy2presencedevices,irtcbuddy2presenceproperty,irtcbuddy2profile,irtcbuddy2refresh,irtcbuddy2subscriptiontype,irtcbuddyevent2eventtype,irtcbuddyevent2statuscode,irtcbuddyevent2statustext,irtcbuddyeventbuddy,irtcbuddygroupaddbuddy,irtcbuddygroupbuddies,irtcbuddygroupdata,irtcbuddygroupenumeratebuddies,irtcbuddygroupeventbuddy,irtcbuddygroupeventeventtype,irtcbuddygroupeventgroup,irtcbuddygroupeventstatuscode,irtcbuddygroupname,irtcbuddygroupprofile,irtcbuddygroupremovebuddy,irtcbuddynotes,irtcbuddystatus,irtcclient2allowedports,irtcclient2answermode,irtcclient2clientcurver,irtcclient2clientname,irtcclient2createsessionwithdescription,irtcclient2initializeex,irtcclient2invoketuningwizardex,irtcclient2preferredsecuritylevel,irtcclient2setsessiondescriptionmanager,irtcclient2version,irtcclientactivemedia,irtcclientaudiomuted,irtcclientcreatesession,irtcclienteventclient,irtcclienteventeventtype,irtcclienteventfilter,irtcclientinitialize,irtcclientinvoketuningwizard,irtcclientist120appletrunning,irtcclientistuned,irtcclientivideowindow,irtcclientlistenforincomingsessions,irtcclientlocalusername,irtcclientlocaluseruri,irtcclientmaxbitrate,irtcclientmediacapabilities,irtcclientnetworkaddresses,irtcclientnetworkquality,irtcclientplayring,irtcclientportmanagementgetportrange,irtcclientportmanagementstartlistenaddressandport,irtcclientportmanagementstoplistenaddressandport,irtcclientpreferredaudiodevice,irtcclientpreferredmediatypes,irtcclientpreferredvideodevice,irtcclientpreferredvolume,irtcclientprepareforshutdown,irtcclientpresence2addbuddyex,irtcclientpresence2addgroup,irtcclientpresence2addwatcherex,irtcclientpresence2disablepresence,irtcclientpresence2enablepresenceex,irtcclientpresence2enumerategroups,irtcclientpresence2getlocalpresenceinfo,irtcclientpresence2getpresencedata,irtcclientpresence2group,irtcclientpresence2groups,irtcclientpresence2presenceproperty,irtcclientpresence2removegroup,irtcclientpresence2setpresencedata,irtcclientpresence2watcherex,irtcclientpresenceaddbuddy,irtcclientpresenceaddwatcher,irtcclientpresencebuddies,irtcclientpresencebuddy,irtcclientpresenceenablepresence,irtcclientpresenceenumeratebuddies,irtcclientpresenceenumeratewatchers,irtcclientpresenceexport,irtcclientpresenceimport,irtcclientpresenceofferwatchermode,irtcclientpresenceprivacymode,irtcclientpresenceremovebuddy,irtcclientpresenceremovewatcher,irtcclientpresencesetlocalpresenceinfo,irtcclientpresencewatcher,irtcclientpresencewatchers,irtcclientprovisioning2enableprofileex,irtcclientprovisioningcreateprofile,irtcclientprovisioningdisableprofile,irtcclientprovisioningenableprofile,irtcclientprovisioningenumerateprofiles,irtcclientprovisioninggetprofile,irtcclientprovisioningprofiles,irtcclientprovisioningsessioncapabilities,irtcclientsenddtmf,irtcclientsetpreferredmediatypes,irtcclientshutdown,irtcclientstartt120applet,irtcclientstopt120applets,irtcclientsubscriber2allowdialognotifications,irtcclientsubscriber2createidlesubscription,irtcclientsubscriber2registerunsolicitednotification,irtcclienttemporalspatialtradeoff,irtcclientvolume,irtccollection_newenum,irtccollectioncount,irtccollectionitem,irtcenumbuddiesclone,irtcenumbuddiesnext,irtcenumbuddiesreset,irtcenumbuddiesskip,irtcenumgroupsclone,irtcenumgroupsnext,irtcenumgroupsreset,irtcenumgroupsskip,irtcenumparticipantsclone,irtcenumparticipantsnext,irtcenumparticipantsreset,irtcenumparticipantsskip,irtcenumpresencedevicesclone,irtcenumpresencedevicesnext,irtcenumpresencedevicesreset,irtcenumpresencedevicesskip,irtcenumprofilesclone,irtcenumprofilesnext,irtcenumprofilesreset,irtcenumprofilesskip,irtcenumusersearchresultsclone,irtcenumusersearchresultsnext,irtcenumusersearchresultsreset,irtcenumusersearchresultsskip,irtcenumwatchersclone,irtcenumwatchersnext,irtcenumwatchersreset,irtcenumwatchersskip,irtceventnotificationevent,irtcinfoeventinfo,irtcinfoeventinfoheader,irtcinfoeventparticipant,irtcinfoeventsession,irtcintensityeventdirection,irtcintensityeventlevel,irtcintensityeventmax,irtcintensityeventmin,irtcmediaeventeventreason,irtcmediaeventeventtype,irtcmediaeventmediatype,irtcmediarequesteventaccept,irtcmediarequesteventcurrentmedia,irtcmediarequesteventproposedmedia,irtcmediarequesteventreject,irtcmediarequesteventremotepreferredsecuritylevel,irtcmediarequesteventsession,irtcmediarequesteventstate,irtcmessagingeventeventtype,irtcmessagingeventmessage,irtcmessagingeventmessageheader,irtcmessagingeventparticipant,irtcmessagingeventsession,irtcmessagingeventuserstatus,irtcparticipant2get_deviceid,irtcparticipant2get_federationflag,irtcparticipantname,irtcparticipantremovable,irtcparticipantsession,irtcparticipantstate,irtcparticipantstatechangeeventparticipant,irtcparticipantstatechangeeventstate,irtcparticipantstatechangeeventstatuscode,irtcparticipantuseruri,irtcportmanager2updateremoteaddressex,irtcportmanager3getmappingex,irtcportmanager3releasemappingex,irtcportmanager3updateremoteaddressex2,irtcportmanagergetmapping,irtcportmanagerreleasemapping,irtcportmanagerupdateremoteaddress,irtcpresencecontactdata,irtcpresencecontactname,irtcpresencecontactpersistent,irtcpresencecontactpresentityuri,irtcpresencedataeventgetpresencedata,irtcpresencedataeventstatuscode,irtcpresencedataeventstatustext,irtcpresencedevice2get_deviceid,irtcpresencedevicegetpresencedata,irtcpresencedevicenotes,irtcpresencedevicepresenceproperty,irtcpresencedevicestatus,irtcpresencepropertyeventpresenceproperty,irtcpresencepropertyeventstatuscode,irtcpresencepropertyeventstatustext,irtcpresencepropertyeventvalue,irtcpresencestatuseventgetlocalpresenceinfo,irtcpresencestatuseventstatuscode,irtcpresencestatuseventstatustext,irtcprofile2allowedauth,irtcprofile2realm,irtcprofile3getserver,irtcprofileclientbanner,irtcprofileclientcurver,irtcprofileclientdata,irtcprofileclientminver,irtcprofileclientname,irtcprofileclientupdateuri,irtcprofileevent2eventtype,irtcprofileeventcookie,irtcprofileeventprofile,irtcprofileeventstatuscode,irtcprofilekey,irtcprofilename,irtcprofileportmanagementsetportmanager,irtcprofileproviderdata,irtcprofileprovidername,irtcprofileprovideruri,irtcprofilesessioncapabilities,irtcprofilesetcredentials,irtcprofilestate,irtcprofileuseraccount,irtcprofileusername,irtcprofileuseruri,irtcprofilexml,irtcregistrationstatechangeeventprofile,irtcregistrationstatechangeeventstate,irtcregistrationstatechangeeventstatuscode,irtcregistrationstatechangeeventstatustext,irtcreinviteeventaccept,irtcreinviteeventgetremotesessiondescription,irtcreinviteeventreject,irtcreinviteeventsession,irtcreinviteeventstate,irtcroamingeventeventtype,irtcroamingeventprofile,irtcroamingeventstatuscode,irtcroamingeventstatustext,irtcsession2answerwithsessiondescription,irtcsession2issecurityenabled,irtcsession2preferredsecuritylevel,irtcsession2reinvitewithsessiondescription,irtcsession2sendinfo,irtcsession3addparticipantex,irtcsessionaddparticipant,irtcsessionaddstream,irtcsessionanswer,irtcsessioncallcontrol2parksession,irtcsessioncallcontrol2replacesession,irtcsessioncallcontrol2retrieve,irtcsessioncallcontrolforward,irtcsessioncallcontrolhold,irtcsessioncallcontrolisreferred,irtcsessioncallcontrolrefer,irtcsessioncallcontrolrefercookie,irtcsessioncallcontrolreferredbyuri,irtcsessioncallcontrolunhold,irtcsessioncanaddparticipants,irtcsessionclient,irtcsessionconsultantreferredeventaccept,irtcsessionconsultantreferredeventreferredbyuri,irtcsessionconsultantreferredeventrefertosessioninfo,irtcsessionconsultantreferredeventrefertouri,irtcsessionconsultantreferredeventreject,irtcsessionconsultantreferredeventsession,irtcsessionconsultantreferredeventsetreferredsessionstate,irtcsessiondescriptionmanagerevaluatesessiondescription,irtcsessionencryptionkey,irtcsessionenumerateparticipants,irtcsessionnextredirecteduser,irtcsessionnotificationeventaccept,irtcsessionnotificationeventreject,irtcsessionnotificationeventsession,irtcsessionoperationcompleteevent2getremotesessiondescription,irtcsessionoperationcompleteevent2participant,irtcsessionoperationcompleteeventcookie,irtcsessionoperationcompleteeventsession,irtcsessionoperationcompleteeventstatuscode,irtcsessionoperationcompleteeventstatustext,irtcsessionparticipants,irtcsessionportmanagementsetportmanager,irtcsessionprofile,irtcsessionredirect,irtcsessionredirectedusername,irtcsessionredirecteduseruri,irtcsessionreferredeventaccept,irtcsessionreferredeventrefercookie,irtcsessionreferredeventreferredbyuri,irtcsessionreferredeventrefertouri,irtcsessionreferredeventreject,irtcsessionreferredeventsession,irtcsessionreferredeventsetreferredsessionstate,irtcsessionreferstatuseventreferstatus,irtcsessionreferstatuseventsession,irtcsessionreferstatuseventstatuscode,irtcsessionreferstatuseventstatustext,irtcsessionremoveparticipant,irtcsessionremovestream,irtcsessionsendmessage,irtcsessionsendmessagestatus,irtcsessionstate,irtcsessionstatechangeevent2getremotesessiondescription,irtcsessionstatechangeevent2isforked,irtcsessionstatechangeevent2mediatypes,irtcsessionstatechangeevent2remotepreferredsecuritylevel,irtcsessionstatechangeevent3replacedsession,irtcsessionstatechangeeventsession,irtcsessionstatechangeeventstate,irtcsessionstatechangeeventstatuscode,irtcsessionstatechangeeventstatustext,irtcsessionterminate,irtcsessiontype,irtcsipeventgetsipmessage,irtcsipmessagegetfirstheader,irtcsipmessagegetheader,irtcsipmessagegetmessagebody,irtcsipmessagegetmessagetext,irtcsipmessagegetrequestline,irtcsipobjectgetadditionalheadervalues,irtcsipobjectsetadditionalheadervalues,irtcsubscription2start,irtcunsolicitednotificationeventsubscription,irtcusersearchcreatequery,irtcusersearchexecutesearch,irtcusersearchquerysearchdomain,irtcusersearchquerysearchpreference,irtcusersearchquerysearchterm,irtcusersearchquerysearchterms,irtcusersearchresultseventcookie,irtcusersearchresultseventenumerateresults,irtcusersearchresultseventmoreavailable,irtcusersearchresultseventprofile,irtcusersearchresultseventquery,irtcusersearchresultseventresults,irtcusersearchresultseventstatuscode,irtcusersearchresultvalue,irtcwatcher2profile,irtcwatcher2scope,irtcwatcherevent2eventtype,irtcwatcherevent2statuscode,irtcwatchereventwatcher,irtcwatcherstate
rtccore.idl	33	learn/windows-embedded-ce-6.0	rtccore.idl	irtcclientsipprivacyget_sipprivacytype,irtcclientsipprivacyput_sipprivacytype,irtcclientsubscribercreatesubscription,irtcintensityevent2get_participant,irtcmediaevent2get_participant,irtcparticipant3get_activemedia,irtcparticipant3get_audiomuted,irtcparticipant3get_ivideowindow,irtcparticipant3get_sendvideostopped,irtcparticipant3get_volume,irtcparticipant3put_audiomuted,irtcparticipant3put_sendvideostopped,irtcparticipant3put_volume,irtcparticipant3reinvitewithdescription,irtcparticipant3senddtmf,irtcreinviteevent2get_participant,irtcsessionsipprivacyget_sipprivacytype,irtcsessionsipprivacyput_sipprivacytype,irtcsubscriptionget_acceptedcontenttype,irtcsubscriptionget_eventpackage,irtcsubscriptionget_profile,irtcsubscriptionget_subscriptionstate,irtcsubscriptionnotificationeventaccept,irtcsubscriptionnotificationeventget_subscription,irtcsubscriptionnotificationeventgetnotificationdata,irtcsubscriptionnotificationeventreject,irtcsubscriptionresubscribe,irtcsubscriptionstatechangeeventget_statuscode,irtcsubscriptionstatechangeeventget_statustext,irtcsubscriptionstatechangeeventget_subscription,irtcsubscriptionstatechangeeventget_subscriptionstate,irtcsubscriptionunsubscribe,rtc_subscription_state
rtccore.idl, rtcerr.h	6	learn/windows-embedded-ce-6.0	rtccore.idl, rtcerr.h	irtcunsolicitedsubscriptionacceptedcontenttype,irtcunsolicitedsubscriptiondisable,irtcunsolicitedsubscriptionenable,irtcunsolicitedsubscriptioneventpackage,irtcunsolicitedsubscriptionisenabled,irtcunsolicitedsubscriptionunregister
rtcerr.h	2	learn/windows-embedded-ce-6.0	rtcerr.h	rtc_e_,rtc_s_
rules.h	1	learn/windows-embedded-ce-6.0	rules.h	fw_rule_masks
sapi.h, sapi.idl	284	chm/windows-ce-5.0/wcesapi5/html,learn/windows-ce-5.0,learn/windows-ce-net-4x,learn/windows-embedded-ce-6.0	sapi.h, sapi.idl,sapi.h, sapi.idl.	ienumspobjecttokens,ienumspobjecttokensclone,ienumspobjecttokensgetcount,ienumspobjecttokensitem,ienumspobjecttokensnext,ienumspobjecttokensreset,ienumspobjecttokensskip,ispaudioeventhandle,ispaudiogetbufferinfo,ispaudiogetbuffernotifysize,ispaudiogetdefaultformat,ispaudiogetstatus,ispaudiosetbufferinfo,ispaudiosetbuffernotifysize,ispaudiosetformat,ispaudiosetstate,ispcontainerlexiconaddlexicon,ispdatakey,ispdatakeycreatekey,ispdatakeydeletekey,ispdatakeydeletevalue,ispdatakeyenumkeys,ispdatakeyenumvalues,ispdatakeygetdata,ispdatakeygetdword,ispdatakeygetstringvalue,ispdatakeyopenkey,ispdatakeysetdata,ispdatakeysetdword,ispdatakeysetstringvalue,ispeventsinkaddevents,ispeventsinkgeteventinterest,ispeventsourcegetevents,ispeventsourcegetinfo,ispeventsourcesetinterest,ispgrammarbuilderaddresource,ispgrammarbuilderaddruletransition,ispgrammarbuilderaddwordtransition,ispgrammarbuilderclearrule,ispgrammarbuildercommit,ispgrammarbuildercreatenewstate,ispgrammarbuildergetrule,ispgrammarbuilderresetgrammar,isplexiconaddpronunciation,isplexicongetgeneration,isplexicongetgenerationchange,isplexicongetpronunciations,isplexicongetwords,isplexiconremovepronunciation,ispmmsysaudiogetdeviceid,ispmmsysaudiogetlineid,ispmmsysaudiogetmmhandle,ispmmsysaudioread,ispmmsysaudiosetdeviceid,ispmmsysaudiosetlineid,ispmmsysaudiowrite,ispnotifycallbacknotifycallback,ispnotifysinknotify,ispnotifysourcegetnotifyeventhandle,ispnotifysourcesetnotifycallbackfunction,ispnotifysourcesetnotifycallbackinterface,ispnotifysourcesetnotifysink,ispnotifysourcesetnotifywin32event,ispnotifysourcesetnotifywindowmessage,ispnotifysourcewaitfornotifyevent,ispnotifytranslatorgeteventhandle,ispnotifytranslatorinitcallback,ispnotifytranslatorinitspnotifycallback,ispnotifytranslatorinitwin32event,ispnotifytranslatorinitwindowmessage,ispnotifytranslatorwait,ispobjecttoken,ispobjecttokencategory,ispobjecttokencategoryenumtokens,ispobjecttokencategorygetdatakey,ispobjecttokencategorygetdefaulttokenid,ispobjecttokencategorygetid,ispobjecttokencategorysetdefaulttokenid,ispobjecttokencategorysetid,ispobjecttokencreateinstance,ispobjecttokendisplayui,ispobjecttokengetcategory,ispobjecttokengetid,ispobjecttokengetstoragefilename,ispobjecttokeninit,ispobjecttokeninitinitfromdatakey,ispobjecttokenisuisupported,ispobjecttokenmatchesattributes,ispobjecttokenremove,ispobjecttokenremovestoragefilename,ispobjecttokensetid,ispobjectwithtoken,ispobjectwithtokengetobjecttoken,ispobjectwithtokensetobjecttoken,ispphoneconverteridtophone,ispphoneconverterphonetoid,ispphrasealtcommit,ispphrasealtgetaltinfo,ispphrasebuilderaddelements,ispphrasebuilderaddproperties,ispphrasebuilderaddreplacements,ispphrasebuilderaddrules,ispphrasebuilderinitfromphrase,ispphrasebuilderinitfromserializedphrase,ispphrasediscard,ispphrasegetphrase,ispphrasegetserializedphrase,ispphrasegettext,isprecocontextbookmark,isprecocontextcreategrammar,isprecocontextdeserializeresult,isprecocontextgetaudiooptions,isprecocontextgetcontextstate,isprecocontextgetmaxalternates,isprecocontextgetrecognizer,isprecocontextgetstatus,isprecocontextgetvoice,isprecocontextgetvoicepurgeevent,isprecocontextpause,isprecocontextresume,isprecocontextsetadaptationdata,isprecocontextsetaudiooptions,isprecocontextsetcontextstate,isprecocontextsetmaxalternates,isprecocontextsetvoice,isprecocontextsetvoicepurgeevent,isprecognizercreaterecocontext,isprecognizerdisplayui,isprecognizeremulaterecognition,isprecognizergetformat,isprecognizergetinputobjecttoken,isprecognizergetinputstream,isprecognizergetrecognizer,isprecognizergetrecoprofile,isprecognizergetrecostate,isprecognizergetstatus,isprecognizerissharedinstance,isprecognizerisuisupported,isprecognizersetinput,isprecognizersetrecognizer,isprecognizersetrecoprofile,isprecognizersetrecostate,isprecogrammargetgrammarid,isprecogrammargetgrammarstate,isprecogrammargetrecocontext,isprecogrammarispronounceable,isprecogrammarloadcmdfromfile,isprecogrammarloadcmdfrommemory,isprecogrammarloadcmdfromproprietarygrammar,isprecogrammarloadcmdfromresource,isprecogrammarloaddictation,isprecogrammarsavecmd,isprecogrammarsetdictationstate,isprecogrammarsetgrammarstate,isprecogrammarsetruleidstate,isprecogrammarsetrulestate,isprecogrammarsettextselection,isprecogrammarsetwordsequencedata,isprecogrammarunloaddictation,isprecoresultgetalternates,isprecoresultgetaudio,isprecoresultgetrecocontext,isprecoresultgetresulttimes,isprecoresultscaleaudio,isprecoresultserialize,isprecoresultspeakaudio,ispregdatakey,ispregdatakeysetkey,ispresourcemanager,ispresourcemanagergetobject,ispresourcemanagersetobject,ispstreambindtofile,ispstreamclose,ispstreamformatconvertergetbasestream,ispstreamformatconverterresetseekposition,ispstreamformatconverterscalebasetoconvertedoffset,ispstreamformatconverterscaleconvertedtobaseoffset,ispstreamformatconvertersetbasestream,ispstreamformatconvertersetformat,ispstreamformatgetformat,ispstreamgetbasestream,ispstreamsetbasestream,isptranscriptappendtranscript,isptranscriptgettranscript,ispvoicedisplayui,ispvoicegetalertboundary,ispvoicegetoutputobjecttoken,ispvoicegetoutputstream,ispvoicegetpriority,ispvoicegetrate,ispvoicegetstatus,ispvoicegetsyncspeaktimeout,ispvoicegetvoice,ispvoicegetvolume,ispvoiceisuisupported,ispvoicepause,ispvoiceresume,ispvoicesetalertboundary,ispvoicesetoutput,ispvoicesetpriority,ispvoicesetrate,ispvoicesetsyncspeaktimeout,ispvoicesetvoice,ispvoicesetvolume,ispvoiceskip,ispvoicespeak,ispvoicespeakcompleteevent,ispvoicespeakstream,ispvoicewaituntildone,sp_max_pron_length,sp_max_word_length,spaudiobufferinfo,spaudiooptions,spaudiostate,spaudiostatus,spbinarygrammar,spbookmarkoptions,spcontextstate,spdatakeylocation,spdisplayattributes,speakflags,spendsrstreamflags,spevent,speventenum,speventlparamtype,speventsourceinfo,spfei,spfilemode,spgrammarstate,spgrammarwordtype,spinterference,splexicontype,sploadoptions,spparseinfo,sppartofspeech,sppathentry,spphrase,spphrasealt,spphrasealtrequest,spphraseelement,spphraseproperty,spphrasereplacement,spphraserng,spphraserule,sppropertyinfo,sprecocontextstatus,sprecoeventflags,sprecognizerstatus,sprecoresultinfo,sprecoresulttimes,sprecostate,spruleentry,sprulestate,sprunstate,spserializedevent,spserializedevent64,spserializedphrase,spserializedresult,spstateinfo,spstreamformat,sptextselectioninfo,sptmthreadinfo,sptransitionentry,sptransitionproperty,spvactions,spvaluetype,spvcontext,spvfeature,spvisemes,spvlimits,spvoicestatus,spvpitch,spvpriority,spvstate,spvtextfrag,spwaveformattype,spword,spwordentry,spwordlist,spwordpronounceable,spwordpronunciation,spwordpronunciationlist,spwordtype,waveformatex
sapiddk.h	1	learn/windows-embedded-ce-6.0	sapiddk.h	isptaskexecute
sapiddk.h, sapiddk.idl	106	chm/windows-ce-5.0/wcesapi5/html,learn/windows-ce-5.0,learn/windows-ce-net-4x,learn/windows-embedded-ce-6.0	sapiddk.h, sapiddk.idl,sapiddk.h, sapiddk.idl.	_ispprivateenginecallcallengine,_ispprivateenginecallcallengineex,ispcfginterpreterinitgrammar,ispcfginterpreterinterpret,ispcfginterpretersiteaddproperty,ispcfginterpretersiteaddtextreplacement,ispcfginterpretersitegetresourcevalue,isperrorlogadderror,ispgramcompbackendinitfrombinarygrammar,ispgramcompbackendsetsaveobjects,ispgrammarcompilercompilestream,ispitnprocessoritnphrase,ispitnprocessorloaditngrammar,ispobjecttokenenumbuilderaddtokens,ispobjecttokenenumbuilderaddtokensfromdatakey,ispobjecttokenenumbuilderaddtokensfromtokenenum,ispobjecttokenenumbuildersetattribs,ispobjecttokenenumbuildersort,ispsralternatescommit,ispsralternatesgetalternates,ispsrenginegetinputaudioformat,ispsrenginegetpropertynum,ispsrenginegetpropertystring,ispsrengineispronounceable,ispsrengineloadproprietarygrammar,ispsrengineloadslm,ispsrengineoncreategrammar,ispsrengineoncreaterecocontext,ispsrengineondeletegrammar,ispsrengineondeleterecocontext,ispsrengineprivatecall,ispsrengineprivatecallex,ispsrenginerecognizestream,ispsrenginerulenotify,ispsrenginesetadaptationdata,ispsrenginesetcontextstate,ispsrenginesetgrammarstate,ispsrenginesetpropertynum,ispsrenginesetpropertystring,ispsrenginesetproprietaryruleidstate,ispsrenginesetproprietaryrulestate,ispsrenginesetrecoprofile,ispsrenginesetsite,ispsrenginesetslmstate,ispsrenginesettextselection,ispsrenginesetwordsequencedata,ispsrenginesiteaddevent,ispsrenginesitedataavailable,ispsrenginesitegetcontextmaxalternates,ispsrenginesitegetmaxalternates,ispsrenginesitegetresource,ispsrenginesitegetruleinfo,ispsrenginesitegetstateinfo,ispsrenginesitegettransitionproperty,ispsrenginesitegetwordinfo,ispsrenginesiteisalternate,ispsrenginesiteparsefromtransitions,ispsrenginesiteread,ispsrenginesiterecognition,ispsrenginesitesetbuffernotifysize,ispsrenginesitesetruleclientcontext,ispsrenginesitesetwordclientcontext,ispsrenginesitesynchronize,ispsrenginesiteupdaterecopos,ispsrengineunloadproprietarygrammar,ispsrengineunloadslm,ispsrenginewordnotify,isptask,isptaskexecute,isptaskmanagercreatereoccurringtask,isptaskmanagercreatethreadcontrol,isptaskmanagergetthreadpoolinfo,isptaskmanagerqueuetask,isptaskmanagersetthreadpoolinfo,isptaskmanagerterminatetask,isptaskmanagerterminatetaskgroup,ispthreadcontrolexitthreadevent,ispthreadcontrolnotifyevent,ispthreadcontrolstartthread,ispthreadcontrolterminatethread,ispthreadcontrolthreadcompleteevent,ispthreadcontrolthreadhandle,ispthreadcontrolthreadid,ispthreadcontrolwaitforthreaddone,ispthreadcontrolwindowhandle,ispthreadtaskinitthread,ispthreadtaskthreadproc,ispthreadtaskwindowmessage,isptokenuidisplayui,isptokenuiisuisupported,ispttsenginegetoutputformat,ispttsenginesite,ispttsenginesitecompleteskip,ispttsenginesitegetactions,ispttsenginesitegetrate,ispttsenginesitegetskipinfo,ispttsenginesitegetvolume,ispttsenginesitewrite,ispttsenginespeak,sppropsrc,spresulttype,spruleinfoopt,sptransitiontype,spvesactions,spvskiptype,spwordinfoopt
scandisk.h	4	learn/windows-embedded-ce-6.0	scandisk.h	scan_options,scanvolume,scanvolumeex,scanvolumeui
schannel.h	3	win32/api/schannel	schannel.h	schannel_cred,secpkgcontext_connectioninfo,secpkgcontext_issuerlistinfoex
schnlsp.h	8	learn/windows-embedded-ce-6.0	schnlsp.h	schannel_cred,secpkgcontext_connectioninfo,secpkgcontext_issuerlistinfoex,secpkgcontext_masterkeyinfo,secpkgcontext_protoinfo,secpkgcred_cipherstrengths,secpkgcred_supportedalgs,secpkgcred_supportedprotocols
scrollview.hpp	7	learn/windows-embedded-ce-6.0	scrollview.hpp	scroll_state,scrollbarinfointernal,scrollbarview_tdrawscrollbar,scrollbarview_tgetscrollrects,scrollbarview_tgetthumbpixel,scrollbarview_tscrollhittest,scrollbarview_ttrackthumb
sdcard.h	5	learn/windows-embedded-ce-6.0	sdcard.h	build_io_rw_direct_arg,build_io_rw_extended_arg,sd_bus_request_response,sd_bus_request_status,sd_debug_instantiate_zones
sdcardddk.h	46	learn/windows-embedded-ce-6.0	sdcardddk.h	function_power_state,phys_buff_list,sd_bus_request,sd_card_interface,sd_card_interface_ex,sd_card_switch_function,sd_command_response,sd_data_transfer_clocks,sd_fs_type,sd_host_alloc_free_dma_buffer,sd_host_block_capability,sd_info_type,sd_interface_mode,sd_interface_mode_ex,sd_io_function_enable_info,sd_io_transfer_type,sd_parsed_register_cid,sd_parsed_register_csd,sd_response_type,sd_set_feature_type,sd_slot_event_type,sd_transfer_class,sdallocatefrommemlist,sdbusrequest,sdbusrequestex,sdbusrequestresponse,sdcancelbusrequest,sdcard_client_registration_info,sdcard_device_type,sdcardinfoquery,sdcreatememorylist,sddeletememlist,sdfreebusrequest,sdfreetomemlist,sdgetdevicehandle,sdgettuple,sdio_card_info,sdioconnectinterrupt,sdiodisconnectinterrupt,sdoutputbuffer,sdperformsafecopy,sdreadwriteregistersdirect,sdregisterclient,sdsetcardfeature,sdsynchronousbusrequest,sdsynchronousbusrequestex
sdhcd.h	11	learn/windows-embedded-ce-6.0	sdhcd.h	sdhcdallocatecontext,sdhcddeinitializehclib,sdhcddeletecontext,sdhcdderegisterhostcontroller,sdhcdgetandlockcurrentrequest,sdhcdindicatebusrequestcomplete,sdhcdindicateslotstatechange,sdhcdinitializehclib,sdhcdpowerupdown,sdhcdregisterhostcontroller,sdhcdunlockrequest
sdmem.h	2	learn/windows-embedded-ce-6.0	sdmem.h	sddeinitializecardlib,sdinitializecardlib
secext.h	3	win32/api/secext	secext.h	extended_name_format,getusernameexa,getusernameexw
security.h, sspi.h	15	learn/windows-embedded-ce-6.0	security.h, sspi.h	acceptsecuritycontext,acquirecredentialshandle,applycontroltoken,completeauthtoken,deletesecuritycontext,enumeratesecuritypackages,freecontextbuffer,freecredentialshandle,initializesecuritycontext,initsecurityinterface,makesignature,querycontextattributes,querycredentialsattributes,querysecuritypackageinfo,verifysignature
serhw.h	37	learn/windows-embedded-ce-6.0	serhw.h	device_list,getserialobject,hw_vtbl,hwclearbreak,hwcleardtr,hwclearrts,hwclose,hwdeinit,hwdisableir,hwenableir,hwgetcommproperties,hwgetintrtype,hwgetmodemstatus,hwgetrxbuffersize,hwgetrxstart,hwgetstatus,hwinit,hwioctl,hwlineintrhandler,hwmodemintrhandler,hwobj,hwopen,hwotherintrhandler,hwpostinit,hwpoweroff,hwpoweron,hwpurgecomm,hwputbytes,hwreset,hwrxintrhandler,hwsetbreak,hwsetcommtimeouts,hwsetdcb,hwsetdtr,hwsetrts,hwtxintrhandler,hwxmitcomchar
service.h	30	learn/windows-embedded-ce-6.0	service.h	activateservice,deregisterservice,enumservices,getservicehandle,ioctl_service_callback_functions,ioctl_service_command_line_params,ioctl_service_connection,ioctl_service_console,ioctl_service_control,ioctl_service_debug,ioctl_service_deregister_sockaddr,ioctl_service_install,ioctl_service_notify_addr_change,ioctl_service_query_can_deinit,ioctl_service_refresh,ioctl_service_register_sockaddr,ioctl_service_start,ioctl_service_started,ioctl_service_status,ioctl_service_stop,ioctl_service_uninstall,ioctl_service_unload,registerservice,serviceaddport,servicecloseport,serviceenuminfo,serviceiocontrol,servicesexecallbackfunctions,servicesexecommandlineparams,serviceunbindports
settingsapi.hpp	15	learn/windows-embedded-ce-6.0	settingsapi.hpp	authenticationresult_e,ph_authenticate_user_parameters,phactivevolumemode,phauthenticateuser,phcancelauthenticationrequest,phgetactivevolume,phgetsetting,phgetvolumesetting,phreadpin,phsetactivevolume,phsetting,phsetvalue,phsetvolume,phvolumesetting,phwritepin
shellapi.h	38	learn/windows-ce-5.0,learn/windows-embedded-ce-6.0,msdn-library/windows-mobile-6.5,win32/api/shellapi	shellapi.h	extracticona,extracticonex,extracticonexa,extracticonexw,extracticonw,notifyicondata,notifyicondataa,notifyicondataw,shaddtorecentdocs,shcreateshortcut,shcreateshortcutex,shell_notifyicon,shell_notifyicona,shell_notifyiconw,shellexecuteex,shellexecuteexa,shellexecuteexw,shellexecuteinfo,shellexecuteinfoa,shellexecuteinfow,shfileinfo,shfileinfoa,shfileinfow,shfileoperation,shfileoperationa,shfileoperationw,shfileopstruct,shfileopstructa,shfileopstructw,shgetfileinfo,shgetfileinfoa,shgetfileinfow,shgetpathfromidlist,shgetshortcuttarget,shgetspecialfolderpath,shloaddibitmap,shshowoutofmemory,sipstate
shellcb.h	2	learn/windows-embedded-ce-6.0	shellcb.h	shellcallbacks,shellregistercallbacks
shellsdk.h	2	learn/windows-ce-5.0,learn/windows-embedded-ce-6.0,msdn-library/windows-mobile-6.5	shellsdk.h	shfullscreen,shinitdialog
shintr.h	15	learn/windows-ce-5.0,learn/windows-ce-net-4x,learn/windows-embedded-ce-6.0	shintr.h.,shintr.h	__fmac,__movca,__prefetch,_convolve,_dot3dvw0,_dot3dvw1,_dot4dv,_loadmatrix,_multiply4dm,_savematrix,_xdmultmatrix,_xdxform3dv,_xdxform4dv,_xform3dv,_xform4dv
shlobj.h	15	learn/windows-ce-5.0,learn/windows-embedded-ce-6.0	shlobj.h	bffm_enableok,bffm_initialized,bffm_selchanged,bffm_setselection,bffm_setstatustext,bffm_validatefailed,browsecallbackproc,browseinfo,itemidlist,shbindtoparent,shbrowseforfolder,shgetdesktopfolder,shgetmalloc,shgetspecialfolderlocation,wm_filechangeinfo
shlobj.h, commctrl.h	1	learn/windows-ce-5.0	shlobj.h, commctrl.h	shgetdocumentsfolder
shlobj_core.h	16	win32/api/shlobj_core	shlobj_core.h	browseinfoa,browseinfow,shaddtorecentdocs,shbindtoparent,shbrowseforfoldera,shbrowseforfolderw,shchangenotifyderegister,shchangenotifyentry,shchangenotifyregister,shgetdesktopfolder,shgetmalloc,shgetpathfromidlista,shgetpathfromidlistw,shgetspecialfolderlocation,shgetspecialfolderpatha,shgetspecialfolderpathw
shlwapi.h	3	learn/windows-embedded-ce-6.0,win32/api/shlwapi	shlwapi.h	strrettobuf,strrettobufa,strrettobufw
shobjidl.h	1	win32/api/shobjidl	shobjidl.h	overlapped
shobjidl.h, shobjidl.idl	31	learn/windows-embedded-ce-6.0	shobjidl.h, shobjidl.idl	idroptargetdragenter,idroptargetdragleave,idroptargetdragover,idroptargetdrop,ipersistfolderinitialize,ishellfolderbindtoobject,ishellfoldercompareids,ishellfoldercreateviewobject,ishellfolderenumobjects,ishellfoldergetattributesof,ishellfoldergetdisplaynameof,ishellfoldergetuiobjectof,ishellfolderparsedisplayname,ishellviewaddpropertysheetpages,ishellviewcreateviewwindow,ishellviewdestroyviewwindow,ishellviewenablemodeless,ishellviewgetcurrentinfo,ishellviewgetitemobject,ishellviewrefresh,ishellviewsaveviewstate,ishellviewselectitem,ishellviewtranslateaccelerator,ishellviewuiactivate,itaskbarlist2markfullscreenwindow,itaskbarlistactivatetab,itaskbarlistaddtab,itaskbarlistdeletetab,itaskbarlisthrinit,itaskbarlistsetactivealt,shgno
shobjidl.idl, Shobjvidl.h	1	learn/windows-embedded-ce-6.0	shobjidl.idl, Shobjvidl.h	ishellfoldersetnameof
shobjidl_core.h	32	win32/api/shobjidl_core	shobjidl_core.h	ipersistfolder,ipersistfolderinitialize,ishellfolder,ishellfolderbindtoobject,ishellfoldercompareids,ishellfoldercreateviewobject,ishellfolderenumobjects,ishellfoldergetattributesof,ishellfoldergetdisplaynameof,ishellfoldergetuiobjectof,ishellfolderparsedisplayname,ishellfoldersetnameof,ishellview,ishellviewaddpropertysheetpages,ishellviewcreateviewwindow,ishellviewdestroyviewwindow,ishellviewenablemodeless,ishellviewgetcurrentinfo,ishellviewgetitemobject,ishellviewrefresh,ishellviewsaveviewstate,ishellviewselectitem,ishellviewtranslateaccelerator,ishellviewuiactivate,itaskbarlist,itaskbarlist2,itaskbarlist2markfullscreenwindow,itaskbarlistactivatetab,itaskbarlistaddtab,itaskbarlistdeletetab,itaskbarlisthrinit,itaskbarlistsetactivealt
shtypes.h	5	learn/windows-embedded-ce-6.0,win32/api/shtypes	shtypes.h	itemidlist,logfonta,logfontw,shitemid,strret
sideshow.h	42	learn/windows-ce-5.0	sideshow.h	sideshowmgr_findfirstitem,sideshowmgr_finditemclose,sideshowmgr_findnextitem,sideshowmgr_forceconnect,sideshowmgr_forcedisconnect,sideshowmgr_getavailableusernames,sideshowmgr_getcurrentcachesize,sideshowmgr_getgadgetcount,sideshowmgr_getgadgetinfo,sideshowmgr_getgadgetinfosizes,sideshowmgr_getgadgetorder,sideshowmgr_getguidsfromgadgetid,sideshowmgr_getitemdata,sideshowmgr_getitemdatasize,sideshowmgr_getitemdatasizetimeout,sideshowmgr_getnotificationinfo,sideshowmgr_getnotificationinfosizes,sideshowmgr_getsizeofavailableusernames,sideshowmgr_isservicerunning,sideshowmgr_sendapplicationevent,sideshowmgr_setmaximumcachesize,sideshowmgr_start,sideshowmgr_stop,sideshowmgr_userchangerequest,sideshowmgr_userchangerequestcch,wm_sideshow_add_gadget,wm_sideshow_add_notification,wm_sideshow_cache_item_added,wm_sideshow_cache_item_deleted,wm_sideshow_cache_item_updated,wm_sideshow_cache_items_cleared,wm_sideshow_connected,wm_sideshow_connection_result,wm_sideshow_delete_all_gadgets,wm_sideshow_delete_all_notifications,wm_sideshow_delete_gadget,wm_sideshow_delete_notification,wm_sideshow_disconnected,wm_sideshow_select_user,wm_sideshow_service_stopping,wm_sideshow_set_gadget_order,wm_sideshow_user_changed
simmgr.h	37	learn/windows-embedded-ce-6.0	simmgr.h	simcallback,simcaps,simchangelockingpassword,simdeinitialize,simdeletemessage,simdeletephonebookentry,simfilerefresh,simgetdevcaps,simgetlockingstatus,simgetphonebookcapabilities,simgetphonebookstatus,simgetphonelockedstate,simgetrecordinfo,simgetsmsstoragestatus,siminitialize,simlockingpwdlength,simmessage,simmessagechange,simpbechange,simphonebookadditionalnumber,simphonebookcaps,simphonebookemailaddress,simphonebookentry,simphonebookentryex,simreadmessage,simreadphonebookentries,simreadphonebookentry,simreadphonebooktag,simreadrecord,simrecordinfo,simsetlockingstatus,simunlockphone,simwritemessage,simwritephonebookentry,simwritephonebookentryex,simwritephonebooktag,simwriterecord
simtkit.h	24	learn/windows-embedded-ce-6.0	simtkit.h	simcall,simclosechannel,simeventlist,simfilereference,simlanguage,simlaunchbrowser,simlocalinfo,simmenu,simmenuitem,simopenchannel,simreceivedata,simrunatcmd,simsenddata,simsenddtmf,simsms,simtext,simtkitrspclosechannel,simtkitrspitem,simtkitrsppollinterval,simtkitrspreceivedata,simtkitrspsenddata,simtkitrsptext,simtone,simussd
sip.h	34	learn/windows-embedded-ce-6.0,msdn-library/windows-mobile-6.5	sip.h	iimcallback2sendalternatives2,iimcallback2sendcharevents,iimcallback2sendstring,iimcallback2sendvirtualkey,iimcallback2setiminfo,iimcallbackexsendalternatives,iimcallbacksendcharevents,iimcallbacksendstring,iimcallbacksendvirtualkey,iimcallbacksetiminfo,iinputmethod2deselect,iinputmethod2getimdata,iinputmethod2getinfo,iinputmethod2hiding,iinputmethod2receivesipinfo,iinputmethod2registercallback,iinputmethod2registercallback2,iinputmethod2select,iinputmethod2setimdata,iinputmethod2setimmactivecontext,iinputmethod2showing,iinputmethod2useroptionsdlg,iinputmethoddeselect,iinputmethodgetimdata,iinputmethodgetinfo,iinputmethodhiding,iinputmethodreceivesipinfo,iinputmethodregistercallback,iinputmethodselect,iinputmethodsetimdata,iinputmethodshowing,iinputmethoduseroptionsdlg,iminfo,lmdata
sipapi.h	11	learn/windows-embedded-ce-6.0,msdn-library/windows-mobile-6.5	sipapi.h	imenuminfo,sipenumim,sipgetcurrentim,sipgetinfo,sipinfo,sipregisternotification,sipsetcurrentim,sipsetdefaultrect,sipsetinfo,sipshowim,sipstatus
smbconfig.h	5	learn/windows-embedded-ce-6.0	smbconfig.h	add_share,change_acl,del_share,list_connected_users,queryamounttransfered
smcce.h	1	learn/windows-embedded-ce-6.0	smcce.h	os_dep_data
smclib.h	27	learn/windows-embedded-ce-6.0	smclib.h	mapntstatustowinerror,rdf_card_eject,rdf_card_power,rdf_card_tracking,rdf_ioctl_vendor,rdf_reader_swallow,rdf_set_protocol,rdf_transmit,scard_card_capabilities,scard_reader_capabilities,scard_vendor_attr,smartcard_extension,smartcardcreatelink,smartcarddeletelink,smartcarddevicecontrol,smartcardexit,smartcardinitialize,smartcardlockdevice,smartcardrawreply,smartcardrawrequest,smartcardt0reply,smartcardt0request,smartcardt1reply,smartcardt1request,smartcardunlockdevice,smartcardupdatecardcapabilities,t1_data
sms.h	36	learn/windows-embedded-ce-6.0	sms.h	broadcast_provider_specific_data,broadcast_provider_specific_geographical_scope,notification_provider_specific_data,notification_provider_specific_indicator_type,notification_provider_specific_msg_waiting_type,provider_specific_message_class,provider_specific_replace_option,raw_provider_specific_data,sms_address,sms_address_type,sms_broadcast_ranges,sms_data_encoding,sms_range,sms_status_information,smsclearmessagenotification,smsclose,smsgetbroadcastmsgranges,smsgetmessagesize,smsgetmessagestatus,smsgetphonenumber,smsgetsmsc,smsgettime,smsopen,smsreadmessage,smsregistrationdata,smssendmessage,smssetbroadcastmsgranges,smssetmessagenotification,smssetsmsc,status_provider_specific_data,text_provider_specific_data,text_provider_specific_priority_type,wcmp_provider_specific_data,wcmp_provider_specific_message_type,wdp_provider_specific_data,wdp_provider_specific_port_addressing
snmp.h	39	learn/windows-embedded-ce-6.0,win32/api/snmp	snmp.h	asnany,asncounter64,asnobjectidentifier,asnoctetstring,snmpextensionclose,snmpextensioninit,snmpextensioninitex,snmpextensionquery,snmpextensionqueryex,snmpextensiontrap,snmpsvcgetuptime,snmpsvcsetloglevel,snmpsvcsetlogtype,snmputilasnanycpy,snmputilasnanyfree,snmputildbgprint,snmputilidstoa,snmputilidstow,snmputilmemalloc,snmputilmemfree,snmputilmemrealloc,snmputiloctetscmp,snmputiloctetscpy,snmputiloctetsfree,snmputiloctetsncmp,snmputiloidappend,snmputiloidcmp,snmputiloidcpy,snmputiloidfree,snmputiloidncmp,snmputiloidtoa,snmputiloidtow,snmputilprinttostrasnany,snmputilvarbindcpy,snmputilvarbindfree,snmputilvarbindlistcpy,snmputilvarbindlistfree,snmpvarbind,snmpvarbindlist
snmpexts.h	3	learn/windows-embedded-ce-6.0	snmpexts.h	snmptfxclose,snmptfxopen,snmptfxquery
socksv2.h	17	learn/windows-embedded-ce-6.0	socksv2.h	cs_socketcallback,ss_getpowerentry,ss_getsocket,ss_getwindow,ss_inquiresocket,ss_inquirewindow,ss_power_entry,ss_resetsocket,ss_setsocket,ss_setwindow,ss_socket_info,ss_socket_service,ss_socket_state,ss_translatebusaddr,ss_translatesystemaddr,ss_window_info,ss_window_state
sphelper.h	26	learn/windows-embedded-ce-6.0	sphelper.h	spbindtofile,spclearevent,spconvertstreamformatenum,spcreatebestobject,spcreatedefaultobjectfromcategoryid,spcreatenewtoken,spcreatenewtokenex,spcreateobjectfromsubtoken,spcreateobjectfromtoken,spcreateobjectfromtokenid,spcreatephoneconverter,spenumtokens,speventserializesize,spfindbesttoken,spgetcategoryfromid,spgetdefaulttokenfromcategoryid,spgetdefaulttokenidfromcategoryid,spgetdescription,spgetsubtokenfromtoken,spgettokenfromid,spgetuserdefaultuilanguage,spinitevent,spsetcommontokendata,spsetdefaulttokenforcategoryid,spsetdefaulttokenidforcategoryid,spsetdescription
sspi.h	52	learn/windows-embedded-ce-6.0,win32/api/sspi	sspi.h	acceptsecuritycontext,acquirecredentialshandlea,acquirecredentialshandlew,applycontroltoken,completeauthtoken,decryptmessage,deletesecuritycontext,encryptmessage,enumeratesecuritypackagesa,enumeratesecuritypackagesw,freecontextbuffer,freecredentialshandle,initializesecuritycontexta,initializesecuritycontextw,initsecurityinterfacea,initsecurityinterfacew,makesignature,querycontextattributesa,querycontextattributesw,querycredentialsattributesa,querycredentialsattributesw,querysecuritypackageinfoa,querysecuritypackageinfow,sealmessage,secbuffer,secbufferdesc,secpkgcontext_authority,secpkgcontext_authoritya,secpkgcontext_authorityw,secpkgcontext_dceinfo,secpkgcontext_keyinfo,secpkgcontext_keyinfoa,secpkgcontext_keyinfow,secpkgcontext_lifespan,secpkgcontext_names,secpkgcontext_namesa,secpkgcontext_namesw,secpkgcontext_protoinfoa,secpkgcontext_protoinfow,secpkgcontext_sizes,secpkgcontext_streamsizes,secpkgcredentials_names,secpkgcredentials_namesa,secpkgcredentials_namesw,secpkginfo,secpkginfoa,secpkginfow,securityfunctiontable,securityfunctiontablea,securityfunctiontablew,unsealmessage,verifysignature
startui.h	6	learn/windows-embedded-ce-6.0	startui.h	startup_destroydialogcallback,startup_dlgproc,startup_initialize,startup_poweroffwhilestartupactivenotification,startup_poweronnotification,startup_wantstartupscreen
statctlview.hpp	4	learn/windows-embedded-ce-6.0	statctlview.hpp	staticcontroltype,staticcontrolview_tdrawstaticimage,staticcontrolview_tdrawstatictext,staticcontrolview_tresizerecttoimage
stdarg.h, stdlib.h, wtypes.h	4	learn/windows-ce-5.0	stdarg.h, stdlib.h, wtypes.h.	_vsnprintf,vfprintf,vprintf,vsprintf
stdio.h, stdlib.h	5	learn/windows-ce-5.0	stdio.h, stdlib.h.	_wfdopen,_wtoi,sprintf,sscanf,wcstombs
stdio.h, string.h	23	learn/windows-ce-5.0	stdio.h, string.h.	_stricmp,_strlwr,_strnicmp,_strnset,_strrev,_strset,_strupr,strcat,strchr,strcmp,strcpy,strcspn,strncat,strncmp,strncpy,strpbrk,strrchr,strspn,strstr,strtok,strtol,wcstod,wcstoul
stdlib.h	93	learn/windows-ce-5.0,learn/windows-embedded-ce-6.0	stdlib.h.,stdlib.h	__isascii,__regsize,__security_init_cookie,_cabs,_ecvt,_fcvt,_fileno,_finite,_flushall,_fpclass,_fpieee_flt,_fpreset,_gcvt,_hypot,_isctype,_isnan,_itoa,_j0,_logb,_lrotl,_ltoa,_memccpy,_memicmp,_msize,_nextafter,_rotl,_scalb,_setmode,_y0,abs,acos,asin,atan,atof,ceil,clearerr,cos,div,exp,fabs,fclose,feof,ferror,fflush,fgetc,fgetpos,fgets,floor,fmod,fopen,fprintf,fputc,fputs,fread,free,frexp,fscanf,fseek,fsetpos,ftell,fwrite,getchar,gets,isalnum,isalpha,iscntrl,isdigit,isgraph,islower,isprint,ispunct,isspace,isupper,isxdigit,labs,ldexp,ldiv,log,longjmp,malloc,mbstowcs,modf,pow,printf,putchar,puts,rand,realloc,scanf,setjmp,sin,sqrt,srand
stdlib.h, stdio.h	1	learn/windows-ce-5.0	stdlib.h, stdio.h.	_ultoa
stlib.h, string.h	1	learn/windows-ce-5.0	stlib.h, string.h.	_swab
storemgr.h	27	learn/windows-embedded-ce-6.0	storemgr.h	ce_volume_info,cegetvolumeinfo,createpartition,createpartitionex,deletepartition,dismountpartition,dismountstore,findclosepartition,findclosestore,findfirstpartition,findfirststore,findnextpartition,findnextstore,formatpartition,formatpartitionex,formatstore,getpartitioninfo,getstoreinfo,mountpartition,openpartition,openstore,partinfo,renamepartition,setpartitionattributes,storagecontext,storagedeviceinfo,storeinfo
stressutils.h	12	learn/windows-embedded-ce-6.0	stressutils.h	getrunningmodulecount,initializestressutils,iteration_info,log,logall,logcomment,logex,logfail,logverbose,logwarn1,logwarn2,module_params
string.h	1	learn/windows-ce-5.0	string.h.	tan
stringapiset.h	6	win32/api/stringapiset	stringapiset.h	comparestringw,foldstringw,getstringtypeexw,getstringtypew,multibytetowidechar,widechartomultibyte
strmif.h	271	learn/windows-ce-5.0,learn/windows-embedded-ce-6.0,win32/api/strmif	strmif.h,strmif.h.	_am_filter_misc_flags,allocator_properties,am_media_type,am_sample2_properties,am_stream_info,am_stream_info_flags,analogvideostandard,audio_stream_config_caps,cameracontrolflags,cameracontrolproperty,colorkey,compressioncaps,ddcolorkey,filter_info,filter_state,iambuffernegotiationgetallocatorproperties,iambuffernegotiationsuggestallocatorproperties,iamcameracontrolget,iamcameracontrolgetrange,iamcameracontrolset,iamdevmemoryallocatoralloc,iamdevmemoryallocatorcheckmemory,iamdevmemoryallocatorfree,iamdevmemoryallocatorgetdevmemoryobject,iamdevmemoryallocatorgetinfo,iamdevmemorycontrolgetdevid,iamdevmemorycontrolquerywritesync,iamdevmemorycontrolwritesync,iamdroppedframesgetaverageframesize,iamdroppedframesgetdroppedinfo,iamdroppedframesgetnumdropped,iamdroppedframesgetnumnotdropped,iamfiltermiscflagsgetmiscflags,iamoviesetupregister,iamoviesetupunregister,iamstreamconfiggetformat,iamstreamconfiggetnumberofcapabilities,iamstreamconfiggetstreamcaps,iamstreamconfigsetformat,iamstreamcontrolgetinfo,iamstreamcontrolstartat,iamstreamcontrolstopat,iamstreamselectcount,iamstreamselectenable,iamstreamselectinfo,iamtunerchannelminmax,iamtunerget_channel,iamtunerget_countrycode,iamtunerget_mode,iamtunerget_tuningspace,iamtunergetavailablemodes,iamtunerlogon,iamtunerlogout,iamtunerput_channel,iamtunerput_countrycode,iamtunerput_mode,iamtunerput_tuningspace,iamtunerregisternotificationcallback,iamtunersignalpresent,iamtunerunregisternotificationcallback,iamtvtunerautotune,iamtvtunerget_audiofrequency,iamtvtunerget_availabletvformats,iamtvtunerget_connectinput,iamtvtunerget_inputtype,iamtvtunerget_numinputconnections,iamtvtunerget_tvformat,iamtvtunerget_videofrequency,iamtvtunerput_connectinput,iamtvtunerput_inputtype,iamtvtunerstoreautotune,iamvideocompressionget_keyframerate,iamvideocompressionget_pframesperkeyframe,iamvideocompressionget_quality,iamvideocompressionget_windowsize,iamvideocompressiongetinfo,iamvideocompressionoverrideframesize,iamvideocompressionoverridekeyframe,iamvideocompressionput_keyframerate,iamvideocompressionput_pframesperkeyframe,iamvideocompressionput_quality,iamvideocompressionput_windowsize,iamvideocontrolgetcaps,iamvideocontrolgetcurrentactualframerate,iamvideocontrolgetframeratelist,iamvideocontrolgetmaxavailableframerate,iamvideocontrolgetmode,iamvideocontrolsetmode,iamvideoprocampget,iamvideoprocampgetrange,iamvideoprocampset,iasyncreaderbeginflush,iasyncreaderendflush,iasyncreaderlength,iasyncreaderrequest,iasyncreaderrequestallocator,iasyncreadersyncread,iasyncreadersyncreadaligned,iasyncreaderwaitfornext,ibasefilterenumpins,ibasefilterfindpin,ibasefilterjoinfiltergraph,ibasefilterqueryfilterinfo,ibasefilterqueryvendorinfo,icapturegraphbuilder2controlstream,icapturegraphbuilder2findinterface,icapturegraphbuilder2findpin,icapturegraphbuilder2getfiltergraph,icapturegraphbuilder2renderstream,icapturegraphbuilder2setfiltergraph,icapturegraphbuilder2setoutputfilename,idistributornotifynotifygraphchange,idistributornotifypause,idistributornotifyrun,idistributornotifysetsyncsource,idistributornotifystop,ienumfiltersclone,ienumfiltersnext,ienumfiltersreset,ienumfiltersskip,ienummediatypesclone,ienummediatypesnext,ienummediatypesreset,ienummediatypesskip,ienumpinsclone,ienumpinsnext,ienumpinsreset,ienumpinsskip,ienumregfiltersclone,ienumregfiltersnext,ienumregfiltersreset,ienumregfiltersskip,ifilesinkfilter2getmode,ifilesinkfilter2setmode,ifilesinkfiltergetcurfile,ifilesinkfiltersetfilename,ifilesourcefiltergetcurfile,ifilesourcefilterload,ifiltergraph2addsourcefilterformoniker,ifiltergraph2reconnectex,ifiltergraphaddfilter,ifiltergraphconnectdirect,ifiltergraphdisconnect,ifiltergraphenumfilters,ifiltergraphfindfilterbyname,ifiltergraphreconnect,ifiltergraphremovefilter,ifiltergraphsetdefaultsyncsource,ifiltermapper2createcategory,ifiltermapper2enummatchingfilters,ifiltermapper2registerfilter,ifiltermapper2unregisterfilter,ifiltermapperenummatchingfilters,ifiltermapperregisterfilter,ifiltermapperregisterfilterinstance,ifiltermapperregisterpin,ifiltermapperregisterpintype,ifiltermapperunregisterfilter,ifiltermapperunregisterfilterinstance,ifiltermapperunregisterpin,igraphbuilderaddsourcefilter,igraphbuilderconnect,igraphbuilderrender,igraphbuilderrenderfile,igraphbuildersetlogfile,igraphversionqueryversion,imediaeventsinknotify,imediafiltergetstate,imediafiltergetsyncsource,imediafilterpause,imediafilterrun,imediafiltersetsyncsource,imediafilterstop,imediasample2getproperties,imediasample2setproperties,imediasamplegetactualdatalength,imediasamplegetmediatime,imediasamplegetmediatype,imediasamplegetpointer,imediasamplegetsize,imediasamplegettime,imediasampleisdiscontinuity,imediasampleispreroll,imediasampleissyncpoint,imediasamplesetactualdatalength,imediasamplesetdiscontinuity,imediasamplesetmediatime,imediasamplesetmediatype,imediasamplesetpreroll,imediasamplesetsyncpoint,imediasamplesettime,imediaseekingcheckcapabilities,imediaseekingconverttimeformat,imediaseekinggetavailable,imediaseekinggetcapabilities,imediaseekinggetcurrentposition,imediaseekinggetduration,imediaseekinggetpositions,imediaseekinggetpreroll,imediaseekinggetrate,imediaseekinggetstopposition,imediaseekinggettimeformat,imediaseekingisformatsupported,imediaseekingisusingtimeformat,imediaseekingquerypreferredformat,imediaseekingsetpositions,imediaseekingsetrate,imediaseekingsettimeformat,imemallocatorcommit,imemallocatordecommit,imemallocatorgetbuffer,imemallocatorgetproperties,imemallocatorreleasebuffer,imemallocatorsetproperties,imeminputpingetallocator,imeminputpingetallocatorrequirements,imeminputpinnotifyallocator,imeminputpinreceive,imeminputpinreceivecanblock,imeminputpinreceivemultiple,ioverlayadvise,ioverlaygetcliplist,ioverlaygetcolorkey,ioverlaygetdefaultcolorkey,ioverlaygetpalette,ioverlaygetvideoposition,ioverlaygetwindowhandle,ioverlaynotifyonclipchange,ioverlaynotifyoncolorkeychange,ioverlaynotifyonpalettechange,ioverlaynotifyonpositionchange,ioverlaysetcolorkey,ioverlaysetpalette,ioverlayunadvise,ipinbeginflush,ipinconnect,ipinconnectedto,ipinconnectionmediatype,ipindisconnect,ipinendflush,ipinendofstream,ipinenummediatypes,ipinnewsegment,ipinqueryaccept,ipinquerydirection,ipinqueryid,ipinqueryinternalconnections,ipinquerypininfo,ipinreceiveconnection,iqualitycontrolnotify,iqualitycontrolsetsink,ireferenceclockadviseperiodic,ireferenceclockadvisetime,ireferenceclockgettime,ireferenceclockunadvise,iseekingpassthruinit,pin_direction,pin_info,quality,qualitymessagetype,regfilter2,regfilterpins,regfilterpins2,regpinmedium,regpintypes,timecode,timecode_sample,video_stream_config_caps,videocontrolflags,videoprocampflags,videoprocampproperty
strsafe.h	90	learn/windows-ce-5.0,learn/windows-embedded-ce-6.0,win32/api/strsafe	strsafe.h,strsafe.h.	stringcbcat,stringcbcata,stringcbcatex,stringcbcatexa,stringcbcatexw,stringcbcatn,stringcbcatna,stringcbcatnex,stringcbcatnexa,stringcbcatnexw,stringcbcatnw,stringcbcatw,stringcbcopy,stringcbcopya,stringcbcopyex,stringcbcopyexa,stringcbcopyexw,stringcbcopyn,stringcbcopyna,stringcbcopynex,stringcbcopynexa,stringcbcopynexw,stringcbcopynw,stringcbcopyw,stringcbgets,stringcbgetsa,stringcbgetsex,stringcbgetsexa,stringcbgetsexw,stringcbgetsw,stringcblength,stringcblengtha,stringcblengthw,stringcbprintf,stringcbprintfa,stringcbprintfex,stringcbprintfexa,stringcbprintfexw,stringcbprintfw,stringcbvprintf,stringcbvprintfa,stringcbvprintfex,stringcbvprintfexa,stringcbvprintfexw,stringcbvprintfw,stringcchcat,stringcchcata,stringcchcatex,stringcchcatexa,stringcchcatexw,stringcchcatn,stringcchcatna,stringcchcatnex,stringcchcatnexa,stringcchcatnexw,stringcchcatnw,stringcchcatw,stringcchcopy,stringcchcopya,stringcchcopyex,stringcchcopyexa,stringcchcopyexw,stringcchcopyn,stringcchcopyna,stringcchcopynex,stringcchcopynexa,stringcchcopynexw,stringcchcopynw,stringcchcopyw,stringcchgets,stringcchgetsa,stringcchgetsex,stringcchgetsexa,stringcchgetsexw,stringcchgetsw,stringcchlength,stringcchlengtha,stringcchlengthw,stringcchprintf,stringcchprintfa,stringcchprintfex,stringcchprintfexa,stringcchprintfexw,stringcchprintfw,stringcchvprintf,stringcchvprintfa,stringcchvprintfex,stringcchvprintfexa,stringcchvprintfexw,stringcchvprintfw
synchapi.h	19	win32/api/synchapi	synchapi.h	createeventa,createeventw,createmutexa,createmutexw,createsemaphorew,deletecriticalsection,entercriticalsection,initializecriticalsection,leavecriticalsection,openeventa,openeventw,releasemutex,releasesemaphore,resetevent,setevent,sleep,tryentercriticalsection,waitformultipleobjects,waitforsingleobject
sysinfoapi.h	10	win32/api/sysinfoapi	sysinfoapi.h	getlocaltime,getsysteminfo,getsystemtime,getsystemtimeasfiletime,gettickcount,getversionexa,getversionexw,setlocaltime,setsystemtime,system_info
tabview.hpp	1	learn/windows-embedded-ce-6.0	tabview.hpp	tabview_tdraw
tapi.h	281	learn/windows-embedded-ce-6.0,win32/api/tapi	tapi.h	line_addressstate,line_appnewcall,line_callinfo,line_callstate,line_close,line_create,line_devspecific,line_gatherdigits,line_generate,line_linedevstate,line_monitordigits,line_monitormedia,line_newcall,line_remove,line_reply,lineaccept,lineaddprovider,lineaddprovidera,lineaddproviderw,lineaddrcapflags,lineaddresscaps,lineaddressmode,lineaddresssharing,lineaddressstate,lineaddressstatus,lineaddresstype,lineaddrfeature,lineaddtoconference,lineanswer,lineanswermode,linebearermode,lineblindtransfer,lineblindtransfera,lineblindtransferw,linebusymode,linecallbackfunc,linecallcomplcond,linecallcomplmode,linecallfeature,linecallfeature2,linecallinfo,linecallinfostate,linecalllist,linecallorigin,linecallparamflags,linecallparams,linecallpartyid,linecallprivilege,linecallreason,linecallselect,linecallstate,linecallstatus,linecalltreatment,linecalltreatmententry,lineclose,linecompletetransfer,lineconfigdialogedit,lineconfigdialogedita,lineconfigdialogeditw,lineconnectedmode,linedeallocatecall,linedevcapflags,linedevcaps,linedevspecific,linedevstate,linedevstatus,linedevstatusflags,linedial,linediala,linedialparams,linedialtonemode,linedialw,linedigitmode,linedisconnectmode,linedrop,lineerr,lineextensionid,linefeature,lineforward,lineforwarda,lineforwardlist,lineforwardmode,lineforwardw,linegatherterm,linegeneratedigits,linegeneratedigitsa,linegeneratedigitsw,linegenerateterm,linegeneratetone,linegetaddresscaps,linegetaddresscapsa,linegetaddresscapsw,linegetaddressid,linegetaddressida,linegetaddressidw,linegetaddressstatus,linegetaddressstatusa,linegetaddressstatusw,linegetapppriority,linegetappprioritya,linegetapppriorityw,linegetcallinfo,linegetcallinfoa,linegetcallinfow,linegetcallstatus,linegetconfrelatedcalls,linegetdevcaps,linegetdevcapsa,linegetdevcapsw,linegetdevconfig,linegetdevconfiga,linegetdevconfigw,linegeticon,linegeticona,linegeticonw,linegetid,linegetida,linegetidw,linegetlinedevstatus,linegetlinedevstatusa,linegetlinedevstatusw,linegetmessage,linegetnewcalls,linegetnumrings,linegetproviderlist,linegetproviderlista,linegetproviderlistw,linegetstatusmessages,linegettranslatecaps,linegettranslatecapsa,linegettranslatecapsw,linehandoff,linehandoffa,linehandoffw,linehold,lineinitialize,lineinitializeex,lineinitializeexa,lineinitializeexoption,lineinitializeexparams,lineinitializeexw,linelocationentry,linelocationoption,linemakecall,linemakecalla,linemakecallw,linemediacontrol,linemediamode,linemessage,linemonitordigits,linemonitormedia,linenegotiateapiversion,linenegotiateextversion,lineofferingmode,lineopen,lineopena,lineopenoption,lineopenw,lineparkmode,linepickup,linepickupa,linepickupw,lineprepareaddtoconference,lineprepareaddtoconferencea,lineprepareaddtoconferencew,lineproviderentry,lineproviderlist,lineredirect,lineredirecta,lineredirectw,linereleaseuseruserinfo,lineremovefromconf,lineremovefromconference,lineroammode,linesenduseruserinfo,linesetapppriority,linesetappprioritya,linesetapppriorityw,linesetcallparams,linesetcallprivilege,linesetcurrentlocation,linesetdevconfig,linesetdevconfiga,linesetdevconfigw,linesetmediamode,linesetnumrings,linesetstatusmessages,linesetterminal,linesettolllist,linesettolllista,linesettolllistw,linesetupconference,linesetupconferencea,linesetupconferencew,linesetuptransfer,linesetuptransfera,linesetuptransferw,lineshutdown,linespecialinfo,lineswaphold,linetermdev,linetermmode,linetermsharing,linetolllistoption,linetonemode,linetransfermode,linetranslateaddress,linetranslateaddressa,linetranslateaddressw,linetranslatecaps,linetranslatedialog,linetranslatedialoga,linetranslatedialogw,linetranslateoption,linetranslateoutput,linetranslateresult,lineunhold,phone_button,phone_close,phone_create,phone_devspecific,phone_remove,phone_reply,phone_state,phonebuttonmode,phonebuttonstate,phonecallbackfunc,phonecaps,phoneclose,phoneconfigdialog,phoneconfigdialoga,phoneconfigdialogw,phonedevspecific,phoneerr,phoneextensionid,phonefeature,phonegetdevcaps,phonegetdevcapsa,phonegetdevcapsw,phonegetgain,phonegethookswitch,phonegeticon,phonegeticona,phonegeticonw,phonegetid,phonegetida,phonegetidw,phonegetmessage,phonegetring,phonegetstatus,phonegetstatusa,phonegetstatusmessages,phonegetstatusw,phonegetvolume,phonehookswitchdev,phonehookswitchmode,phoneinitializeex,phoneinitializeexa,phoneinitializeexoption,phoneinitializeexparams,phoneinitializeexw,phonelampmode,phonemessage,phonenegotiateapiversion,phonenegotiateextversion,phoneopen,phoneprivilege,phonesetgain,phonesethookswitch,phonesetring,phonesetstatusmessages,phonesetvolume,phoneshutdown,phonestate,phonestatus,phonestatusflags,stringformat,tapirequestmakecall,tapirequestmakecalla,tapirequestmakecallw,varstring
tapicomn.h	83	learn/windows-embedded-ce-6.0	tapicomn.h	async_completion,lineevent,phoneevent,tspi_lineaccept,tspi_lineaddtoconference,tspi_lineanswer,tspi_lineblindtransfer,tspi_lineclose,tspi_lineclosecall,tspi_linecompletetransfer,tspi_lineconditionalmediadetection,tspi_lineconfigdialogedit,tspi_linedevspecific,tspi_linedial,tspi_linedrop,tspi_lineforward,tspi_linegeneratedigits,tspi_linegeneratetone,tspi_linegetaddresscaps,tspi_linegetaddressid,tspi_linegetaddressstatus,tspi_linegetcalladdressid,tspi_linegetcallinfo,tspi_linegetcallstatus,tspi_linegetdevcaps,tspi_linegetdevconfig,tspi_linegetextensionid,tspi_linegeticon,tspi_linegetid,tspi_linegetlinedevstatus,tspi_linegetnumaddressids,tspi_linehold,tspi_linemakecall,tspi_linemonitordigits,tspi_linemonitormedia,tspi_linenegotiateextversion,tspi_linenegotiatetspiversion,tspi_lineopen,tspi_linepickup,tspi_lineprepareaddtoconference,tspi_lineredirect,tspi_linereleaseuseruserinfo,tspi_lineremovefromconference,tspi_linesenduseruserinfo,tspi_linesetcallparams,tspi_linesetdefaultmediadetection,tspi_linesetdevconfig,tspi_linesetmediamode,tspi_linesetstatusmessages,tspi_linesetterminal,tspi_linesetupconference,tspi_linesetuptransfer,tspi_lineswaphold,tspi_lineunhold,tspi_phoneclose,tspi_phoneconfigdialog,tspi_phonedevspecific,tspi_phonegetdevcaps,tspi_phonegetextensionid,tspi_phonegetgain,tspi_phonegethookswitch,tspi_phonegeticon,tspi_phonegetid,tspi_phonegetring,tspi_phonegetstatus,tspi_phonegetvolume,tspi_phonenegotiateextversion,tspi_phonenegotiatetspiversion,tspi_phoneopen,tspi_phoneselectextversion,tspi_phonesetgain,tspi_phonesethookswitch,tspi_phonesetring,tspi_phonesetstatusmessages,tspi_phonesetvolume,tspi_providercreatelinedevice,tspi_providercreatephonedevice,tspi_providerenumdevices,tspi_providerinit,tspi_providerinstall,tspi_providerremove,tspi_providerremovedevice,tspi_providershutdown
tchddi.h	15	learn/windows-embedded-ce-6.0	tchddi.h	enumtouchpanelsampleflags,touch_panel_sample_flags,touchpanelcalibrateapoint,touchpaneldisable,touchpanelenable,touchpanelgetdevicecaps,touchpanelinitializecursor,touchpanelpowerhandler,touchpanelreadcalibrationabort,touchpanelreadcalibrationpoint,touchpanelsetcalibration,touchpanelsetmode,tpdc_calibration_point,tpdc_calibration_point_count,tpdc_sample_rate
tchddsi.h	8	learn/windows-embedded-ce-6.0	tchddsi.h	ddsitouchpanelattach,ddsitouchpaneldetach,ddsitouchpaneldisable,ddsitouchpanelenable,ddsitouchpanelgetdevicecaps,ddsitouchpanelgetpoint,ddsitouchpanelpowerhandler,ddsitouchpanelsetmode
tcpmib.h	1	win32/api/tcpmib	tcpmib.h	mib_tcptable
timeapi.h	6	win32/api/timeapi	timeapi.h	timebeginperiod,timecaps,timeendperiod,timegetdevcaps,timegetsystemtime,timegettime
timezoneapi.h	5	win32/api/timezoneapi	timezoneapi.h	filetimetosystemtime,gettimezoneinformation,settimezoneinformation,systemtimetofiletime,time_zone_information
tlhelp32.h	24	learn/windows-embedded-ce-6.0,win32/api/tlhelp32	tlhelp32.h	closetoolhelp32snapshot,createtoolhelp32snapshot,heap32first,heap32listfirst,heap32listnext,heap32next,heapentry32,heaplist32,module32first,module32firstw,module32next,module32nextw,moduleentry32,moduleentry32w,process32first,process32firstw,process32next,process32nextw,processentry32,processentry32w,thread32first,thread32next,threadentry32,toolhelp32readprocessmemory
tlhelp32.h, toolhelp.h	1	learn/windows-embedded-ce-6.0	tlhelp32.h, toolhelp.h	createtoolhelp32snapshot
toolbarview.hpp	7	learn/windows-embedded-ce-6.0	toolbarview.hpp	bitmaptype,toolbarview_tcalcoffset,toolbarview_tdrawbuttonborder,toolbarview_tdrawdropdownarrow,toolbarview_tfacerect,toolbarview_tinitializebuttonslopvalue,toolbarview_tloadsystembitmap
trackbarview.hpp	4	learn/windows-embedded-ce-6.0	trackbarview.hpp	trackbarview_tdrawchannel,trackbarview_tdrawfocus,trackbarview_tdrawthumb,trackbarview_tdrawtics
tsp.h	8	learn/windows-embedded-ce-6.0	tsp.h	caller_id_options,cellbearerinfo,celldatacompinfo,celldevconfig,cellgprsconnectioninfo,cellgprsqossettings,cellradiolinkinfo,linecallparamsdevspecific
tspi.h	82	win32/api/tspi	tspi.h	async_completion,lineevent,phoneevent,tspi_lineaccept,tspi_lineaddtoconference,tspi_lineanswer,tspi_lineblindtransfer,tspi_lineclose,tspi_lineclosecall,tspi_linecompletetransfer,tspi_lineconditionalmediadetection,tspi_lineconfigdialogedit,tspi_linedevspecific,tspi_linedial,tspi_linedrop,tspi_lineforward,tspi_linegeneratedigits,tspi_linegeneratetone,tspi_linegetaddresscaps,tspi_linegetaddressid,tspi_linegetaddressstatus,tspi_linegetcalladdressid,tspi_linegetcallinfo,tspi_linegetcallstatus,tspi_linegetdevcaps,tspi_linegetdevconfig,tspi_linegetextensionid,tspi_linegeticon,tspi_linegetid,tspi_linegetlinedevstatus,tspi_linegetnumaddressids,tspi_linehold,tspi_linemakecall,tspi_linemonitordigits,tspi_linemonitormedia,tspi_linenegotiateextversion,tspi_linenegotiatetspiversion,tspi_lineopen,tspi_linepickup,tspi_lineprepareaddtoconference,tspi_lineredirect,tspi_linereleaseuseruserinfo,tspi_lineremovefromconference,tspi_linesenduseruserinfo,tspi_linesetcallparams,tspi_linesetdefaultmediadetection,tspi_linesetdevconfig,tspi_linesetmediamode,tspi_linesetstatusmessages,tspi_linesetterminal,tspi_linesetupconference,tspi_linesetuptransfer,tspi_lineswaphold,tspi_lineunhold,tspi_phoneclose,tspi_phoneconfigdialog,tspi_phonedevspecific,tspi_phonegetdevcaps,tspi_phonegetextensionid,tspi_phonegetgain,tspi_phonegethookswitch,tspi_phonegeticon,tspi_phonegetid,tspi_phonegetring,tspi_phonegetstatus,tspi_phonegetvolume,tspi_phonenegotiateextversion,tspi_phonenegotiatetspiversion,tspi_phoneopen,tspi_phoneselectextversion,tspi_phonesetgain,tspi_phonesethookswitch,tspi_phonesetring,tspi_phonesetstatusmessages,tspi_phonesetvolume,tspi_providercreatelinedevice,tspi_providercreatephonedevice,tspi_providerenumdevices,tspi_providerinit,tspi_providerinstall,tspi_providerremove,tspi_providershutdown
tuple.h	3	learn/windows-embedded-ce-6.0	tuple.h	parsed_cftable,parsed_config,power_descr
tux.h	24	learn/windows-embedded-ce-6.0	tux.h	function_table_entry,shellproc,spm_begin_group,spm_begin_test,spm_end_group,spm_end_test,spm_exception,spm_load_dll,spm_register,spm_shell_info,spm_start_script,spm_stop_script,spm_unload_dll,sps_begin_test,sps_end_test,sps_exception,sps_load_dll,sps_register,sps_shell_info,testproc,tpm_execute,tpm_query_thread_count,tps_execute,tps_query_thread_count
tvout.h	1	learn/windows-embedded-ce-6.0,win32/api/tvout	tvout.h	videoparameters
udpmib.h	3	win32/api/udpmib	udpmib.h	mib_udprow,mib_udpstats,mib_udptable
uiproxy.h	1	learn/windows-embedded-ce-6.0	uiproxy.h	pfn_uientrypoint
unimodem.h	3	learn/windows-embedded-ce-6.0	unimodem.h	phonecaps,unimdm_chg_devcfg,unimodem_info
unknwn.h	7	win32/api/unknwn	unknwn.h	iclassfactory,iclassfactorycreateinstance,iclassfactorylockserver,iunknown,iunknownaddref,iunknownqueryinterface,iunknownrelease
unknwn.h, unknwn.idl	3	learn/windows-embedded-ce-6.0	unknwn.h, unknwn.idl	iunknownaddref,iunknownqueryinterface,iunknownrelease
unknwnbase.h	2	win32/api/unknwnbase	unknwnbase.h	iclassfactory,iclassfactorylockserver
updownview.hpp	3	learn/windows-embedded-ce-6.0	updownview.hpp	updownview_thorzdrawsettings,updownview_tsetsunkenborder,updownview_tvertdrawsettings
upnp.h	60	learn/windows-embedded-ce-6.0,win32/api/upnp	upnp.h	iupnpdescriptiondocument,iupnpdescriptiondocumentabort,iupnpdescriptiondocumentcallback,iupnpdescriptiondocumentcallbackloadcomplete,iupnpdescriptiondocumentdevicebyudn,iupnpdescriptiondocumentload,iupnpdescriptiondocumentloadasync,iupnpdescriptiondocumentloadresult,iupnpdescriptiondocumentreadystate,iupnpdescriptiondocumentrootdevice,iupnpdevice,iupnpdevicechildren,iupnpdevicedescription,iupnpdevicedocumentaccess,iupnpdevicedocumentaccessgetdocumenturl,iupnpdevicefinder,iupnpdevicefindercallback,iupnpdevicefindercallbackdeviceadded,iupnpdevicefindercallbackdeviceremoved,iupnpdevicefindercallbacksearchcomplete,iupnpdevicefindercancelasyncfind,iupnpdevicefindercreateasyncfind,iupnpdevicefinderfindbytype,iupnpdevicefinderfindbyudn,iupnpdevicefinderstartasyncfind,iupnpdevicefriendlyname,iupnpdevicehaschildren,iupnpdeviceiconurl,iupnpdeviceisrootdevice,iupnpdevicemanufacturername,iupnpdevicemanufacturerurl,iupnpdevicemodelname,iupnpdevicemodelnumber,iupnpdevicemodelurl,iupnpdeviceparentdevice,iupnpdevicepresentationurl,iupnpdevicerootdevice,iupnpdevices,iupnpdevices_newenum,iupnpdevicescount,iupnpdeviceserialnumber,iupnpdeviceservices,iupnpdevicesitem,iupnpdevicetype,iupnpdeviceuniquedevicename,iupnpdeviceupc,iupnpservice,iupnpserviceaddcallback,iupnpservicecallback,iupnpservicecallbackserviceinstancedied,iupnpservicecallbackstatevariablechanged,iupnpserviceid,iupnpserviceinvokeaction,iupnpservicelasttransportstatus,iupnpservicequerystatevariable,iupnpservices,iupnpservices_newenum,iupnpservicescount,iupnpserviceservicetypeidentifier,iupnpservicesitem
upnpdevapi.h	16	learn/windows-embedded-ce-6.0	upnpdevapi.h	pupnpcallback,upnpadddevice,upnpcb_id,upnpdeviceinfo,upnpgetscpdpath,upnpgetudn,upnpparam,upnppublishdevice,upnpremovedevice,upnpservicecontrol,upnpsetcontrolresponse,upnpseterrorresponse,upnpsetrawcontrolresponse,upnpsubmitpropertyevent,upnpsubscription,upnpunpublishdevice
upnphost.h	17	learn/windows-embedded-ce-6.0,win32/api/upnphost	upnphost.h	iupnpdevicecontrol,iupnpdevicecontrolgetserviceobject,iupnpdevicecontrolinitialize,iupnpeventsink,iupnpeventsinkonstatechanged,iupnpeventsinkonstatechangedsafe,iupnpeventsource,iupnpeventsourceadvise,iupnpeventsourceunadvise,iupnpregistrar,iupnpregistrargetuniquedevicename,iupnpregistrarregisterdevice,iupnpregistrarregisterrunningdevice,iupnpregistrarunregisterdevice,iupnpreregistrar,iupnpreregistrarreregisterdevice,iupnpreregistrarreregisterrunningdevice
urlmon.h	4	learn/windows-embedded-ce-6.0,win32/api/urlmon	urlmon.h	cointernetcreatesecuritymanager,cointernetcreatezonemanager,createasyncbindctx,createformatenumerator
urlmon.h, urlmon.idl	141	learn/windows-embedded-ce-6.0	urlmon.h, urlmon.idl	bindf,bindinfo,bindinfo_options,bindinfof,bindstatus,bindstring,bindverb,bscf,cogetclassobjectfromurl,cointernetcombineurl,cointernetgetprotocolflags,cointernetgetsecurityurl,cointernetgetsession,cointernetparseurl,cointernetqueryinfo,copybindinfo,copystgmedium,createasyncbindctx,createasyncbindctxex,createformatenumerator,createurlmoniker,createurlmonikerex,findmediatype,findmediatypeclass,findmimefromdata,getclassfileormime,hit_logging_info,iasyncmoniker,iauthenticateauthenticate,ibindhostcreatemoniker,ibindhostmonikerbindtoobject,ibindhostmonikerbindtostorage,ibindingabort,ibindinggetbindresult,ibindinggetpriority,ibindingresume,ibindstatuscallbackgetbindinfo,ibindstatuscallbackgetpriority,ibindstatuscallbackondataavailable,ibindstatuscallbackonobjectavailable,ibindstatuscallbackonprogress,ibindstatuscallbackonstartbinding,ibindstatuscallbackonstopbinding,ihttpnegotiatebeginningtransaction,ihttpnegotiateonresponse,ihttpsecurityonsecurityproblem,iinternet,iinternetbindinfogetbindinfo,iinternetbindinfogetbindstring,iinternethostsecuritymanagergetsecurityid,iinternethostsecuritymanagerprocessurlaction,iinternethostsecuritymanagerquerycustompolicy,iinternetprioritygetpriority,iinternetprioritysetpriority,iinternetprotocolinfocombineurl,iinternetprotocolinfocompareurl,iinternetprotocolinfoparseurl,iinternetprotocolinfoqueryinfo,iinternetprotocollockrequest,iinternetprotocolread,iinternetprotocolrootabort,iinternetprotocolrootcontinue,iinternetprotocolrootstart,iinternetprotocolrootterminate,iinternetprotocolseek,iinternetprotocolsinkreportdata,iinternetprotocolsinkreportprogress,iinternetprotocolsinkreportresult,iinternetprotocolsinkstackablecommitswitch,iinternetprotocolsinkstackablerollbackswitch,iinternetprotocolsinkstackableswitchsink,iinternetprotocolsinkswitch,iinternetprotocolunlockrequest,iinternetsecuritymanagergetsecurityid,iinternetsecuritymanagergetsecuritysite,iinternetsecuritymanagergetzonemappings,iinternetsecuritymanagermapurltozone,iinternetsecuritymanagerprocessurlaction,iinternetsecuritymanagerquerycustompolicy,iinternetsecuritymanagersetsecuritysite,iinternetsecuritymanagersetzonemapping,iinternetsecuritymgrsiteenablemodeless,iinternetsecuritymgrsitegetwindow,iinternetsessionregistermimefilter,iinternetsessionregisternamespace,iinternetsessionunregistermimefilter,iinternetsessionunregisternamespace,iinternetzonemanagercreatezoneenumerator,iinternetzonemanagerdestroyzoneenumerator,iinternetzonemanagergetzoneactionpolicy,iinternetzonemanagergetzoneat,iinternetzonemanagergetzoneattributes,iinternetzonemanagergetzonecustompolicy,iinternetzonemanagersetzoneactionpolicy,iinternetzonemanagersetzoneattributes,iinternetzonemanagersetzonecustompolicy,imonikerpropputproperty,ipersistmonikergetclassid,ipersistmonikergetcurmoniker,ipersistmonikerisdirty,ipersistmonikerload,ipersistmonikersave,ipersistmonikersavecompleted,isasyncmoniker,isloggingenabled,isvalidurl,iwindowforbindinguigetwindow,iwininethttpinfoqueryinfo,iwininetinfoqueryoption,mkparsedisplaynameex,monikerproperty,obtainuseragentstring,parseaction,pi_flags,protocoldata,protocolfilterdata,psuaction,puaf,queryoption,registerbindstatuscallback,registerformatenumerator,registermediatypeclass,registermediatypes,releasebindinfo,revokebindstatuscallback,revokeformatenumerator,szm_flags,url_encoding,urldownloadtocachefile,urldownloadtofile,urlmkgetsessionoption,urlmksetsessionoption,urlopenblockingstream,urlopenpullstream,urlopenstream,urltemplate,urlzone,urlzonereg,writehitlogging,zaflags,zoneattributes
urlmonui.h	0	learn/windows-embedded-ce-6.0	urlmonui.h	
usb100.h	6	chm/windows-ce-3.0,learn/windows-embedded-ce-6.0	usb100.h	usb_configuration_descriptor,usb_device,usb_device_descriptor,usb_endpoint,usb_endpoint_descriptor,usb_interface
usbclient.h	19	learn/windows-embedded-ce-6.0	usbclient.h	aborttransfer,acquireremovelock,clearorsetfeature,closetransferhandle,defaulttransfercomplete,getsetkeyvalues,getstatus,gettransferstatus,initializeremovelock,issuebulktransfer,issueinterrupttransfer,issuevendortransfer,reg_value_descr,releaseremovelock,releaseremovelockandwait,remove_lock,resetbulkendpoint,resetdefaultendpoint,resetpipe
usbdi.h	51	learn/windows-embedded-ce-6.0	usbdi.h	lpabort_pipe_transfers,lpabort_transfer,lpclear_feature,lpclose_pipe,lpclose_transfer,lpdevice_notify_routine,lpdisable_device,lpfind_interface,lpget_descriptor,lpget_device_info,lpget_frame_length,lpget_frame_number,lpget_interface,lpget_isoch_results,lpget_status,lpget_transfer_status,lpget_usbd_version,lpis_default_pipe_halted,lpis_pipe_halted,lpis_transfer_complete,lpissue_bulk_transfer,lpissue_control_transfer,lpissue_interrupt_transfer,lpissue_isoch_transfer,lpissue_vendor_transfer,lpload_generic_interface_driver,lpopen_client_registry_key,lpopen_pipe,lpregister_client_driver_id,lpregister_client_settings,lpregister_notification_routine,lprelease_frame_length_control,lpreset_default_pipe,lpreset_pipe,lpresume_device,lpset_descriptor,lpset_feature,lpset_frame_length,lpset_interface,lpsuspend_device,lpsync_frame,lptake_frame_length_control,lptranslate_string_descr,lpun_register_client_driver_id,lpun_register_client_settings,lpun_register_notification_routine,usb_driver_settings,usb_funcs,usbdeviceattach,usbinstalldriver,usbuninstalldriver
usbfntypes.h	2	learn/windows-embedded-ce-6.0	usbfntypes.h	ufngetregistryinfo,ufngetsystemserialnumber
usbmsc.h	2	learn/windows-embedded-ce-6.0	usbmsc.h	transport_command,transport_data
usbtypes.h	6	learn/windows-embedded-ce-6.0	usbtypes.h	lptransfer_notify_routine,usb_configuration,usb_device,usb_endpoint,usb_interface,usb_interface_descriptor
usp10.h	45	learn/windows-embedded-ce-6.0,win32/api/usp10	usp10.h	goffset,script_analysis,script_cache,script_control,script_digitsubstitute,script_fontproperties,script_item,script_justify,script_logattr,script_properties,script_state,script_string_analysis,script_tabdef,script_visattr,scriptapplydigitsubstitution,scriptapplylogicalwidth,scriptbreak,scriptcachegetheight,scriptcptox,scriptfreecache,scriptgetcmap,scriptgetfontproperties,scriptgetglyphabcwidth,scriptgetlogicalwidths,scriptgetproperties,scriptiscomplex,scriptitemize,scriptjustify,scriptlayout,scriptplace,scriptrecorddigitsubstitution,scriptshape,scriptstring_pcoutchars,scriptstring_plogattr,scriptstring_psize,scriptstringanalyse,scriptstringcptox,scriptstringfree,scriptstringgetlogicalwidths,scriptstringgetorder,scriptstringout,scriptstringvalidate,scriptstringxtocp,scripttextout,scriptxtocp
uxtheme.h	9	learn/windows-embedded-ce-6.0,win32/api/uxtheme	uxtheme.h	closethemedata,drawthemebackground,getthemebackgroundextent,getthemecolor,getthemefont,hittestthemebackground,isappthemed,margins,openthemedataex
verrsrc.h	1	win32/api/verrsrc	verrsrc.h	vs_fixedfileinfo
voipstoreerrorcodes.h	1	learn/windows-embedded-ce-6.0	voipstoreerrorcodes.h	voip_e_
vpconfig.h	15	win32/api/vpconfig	vpconfig.h	ivpbaseconfiggetconnectinfo,ivpbaseconfiggetmaxpixelrate,ivpbaseconfiggetoverlaysurface,ivpbaseconfiggetvideoformats,ivpbaseconfiggetvpdatainfo,ivpbaseconfiginformvpinputformats,ivpbaseconfigsetconnectinfo,ivpbaseconfigsetddsurfacekernelhandles,ivpbaseconfigsetdirectdrawkernelhandle,ivpbaseconfigsetinvertpolarity,ivpbaseconfigsetsurfaceparameters,ivpbaseconfigsetvideoformat,ivpbaseconfigsetvideoportid,ivpconfigisvpdecimationallowed,ivpconfigsetscalingfactors
vpnotify.h	3	win32/api/vpnotify	vpnotify.h	ivpbasenotifyrenegotiatevpparameters,ivpnotifygetdeinterlacemode,ivpnotifysetdeinterlacemode
vptype.h	3	win32/api/vptype	vptype.h	amvp_mode,amvpdatainfo,amvpsize
wap.h	19	learn/windows-embedded-ce-6.0	wap.h	wap_address,wap_address_type,wap_layer,wap_primitive_base,wap_primitive_id,wap_primitive_type,wapclose,wapgetnextprimitivesize,wapopen,wapping,wapread,wapsend,wdp_unitdata,wtp_abort,wtp_invoke,wtp_result,wtp_transaction_class_type,wtp_transaction_handle,wtp_transaction_security_level
waveddsi.h	21	learn/windows-embedded-ce-6.0	waveddsi.h	pdd_audiodeinitialize,pdd_audiogetinterrupttype,pdd_audioinitialize,pdd_audiomessage,pdd_audiopowerhandler,pdd_iocontrol,pdd_waveproc,wpdm_close,wpdm_continue,wpdm_endofdata,wpdm_getdevcaps,wpdm_getmixerval,wpdm_getvolume,wpdm_open,wpdm_pause,wpdm_restart,wpdm_setmixerval,wpdm_setvolume,wpdm_standby,wpdm_start,wpdm_stop
wavedev.h	2	learn/windows-embedded-ce-6.0	wavedev.h	acmdrv_message_params,mmdrv_message_params
wavemdd.h	10	learn/windows-embedded-ce-6.0	wavemdd.h	wav_close,wav_deinit,wav_init,wav_iocontrol,wav_open,wav_powerdown,wav_powerup,wav_read,wav_seek,wav_write
wdbgexts_ce.h	20	learn/windows-embedded-ce-6.0	wdbgexts_ce.h	checkcontrolc,disassm,dprintf,extstacktrace,getcontext,getdebuggerdata,getexpression,getsetsympath,getsymbol,ioctl,readcontrolspace,readiospace,readmemory,readphysical,setcontext,setthreadforoperation,stacktrace,writeiospace,writememory,writephysical
webproxy.h	7	learn/windows-embedded-ce-6.0	webproxy.h	proxy_http_information,proxy_http_request,proxyfilterhttprequest,proxyinitializefilter,proxynotifyaddrchange,proxysignalfilter,proxyuninitializefilter
webvw.h	68	learn/windows-ce-5.0	webvw.h	_dpiewebbrowserevents2beforenavigate2,_dpiewebbrowserevents2commandstatechange,_dpiewebbrowserevents2documentcomplete,_dpiewebbrowserevents2downloadbegin,_dpiewebbrowserevents2downloadcomplete,_dpiewebbrowserevents2navigatecomplete2,_dpiewebbrowserevents2newwindow2,_dpiewebbrowserevents2onfullscreen,_dpiewebbrowserevents2onmenubar,_dpiewebbrowserevents2onprogresschange,_dpiewebbrowserevents2onquit,_dpiewebbrowserevents2onstatusbar,_dpiewebbrowserevents2ontheatermode,_dpiewebbrowserevents2ontoolbar,_dpiewebbrowserevents2onvisible,_dpiewebbrowserevents2propertychange,_dpiewebbrowserevents2statustextchange,_dpiewebbrowserevents2titlechange,ibrowser2get_cleartypeenabled,ibrowser2get_fittowindow,ibrowser2get_layoutheight,ibrowser2get_layoutwidth,ibrowser2get_locationbaseurl,ibrowser2get_playsounds,ibrowser2get_scriptingenabled,ibrowser2get_showimages,ibrowser2get_zoomlevel,ibrowser2put_cleartypeenabled,ibrowser2put_fittowindow,ibrowser2put_locationbaseurl,ibrowser2put_playsounds,ibrowser2put_scriptingenabled,ibrowser2put_showimages,ibrowser2put_zoomlevel,ibrowser3addstyle,ibrowser3get_activexenabled,ibrowser3get_cancopy,ibrowser3get_contextmenuenabled,ibrowser3get_document,ibrowser3get_focusrectenabled,ibrowser3get_integralpaging,ibrowser3get_script,ibrowser3get_selectionenabled,ibrowser3get_superfittowindow,ibrowser3put_activexenabled,ibrowser3put_contextmenuenabled,ibrowser3put_focusrectenabled,ibrowser3put_integralpaging,ibrowser3put_selectionenabled,ibrowser3put_superfittowindow,ibrowserframenavigate,ibrowserget_busy,ibrowserget_cbrowserpointer,ibrowserget_isframe,ibrowserget_locationurl,ibrowserget_marginheight,ibrowserget_marginwidth,ibrowserget_scrollstyle,ibrowserget_selectedcodepage,ibrowserget_title,ibrowsernavigate,ibrowserput_isframe,ibrowserput_marginheight,ibrowserput_marginwidth,ibrowserput_scrollstyle,ibrowserput_selectedcodepage,ibrowserrefresh,ibrowserstop
wfmtmidi.h	5	learn/windows-embedded-ce-6.0	wfmtmidi.h	midi_message_freqgenoff,midi_message_freqgenon,midi_message_updatetempo,waveformat_midi,waveformat_midi_message
winbase.h	302	learn/windows-ce-5.0,learn/windows-embedded-ce-6.0,win32/api/winbase	winbase.h,winbase.h.	_interlockedcompareexchange,_interlockeddecrement,_interlockedexchange,_interlockedexchangeadd,_interlockedincrement,activatedevice,activatedeviceex,addvectoredexceptionhandler,advertiseinterface,by_handle_file_information,cefsiocontrol,cegenrandom,cegetcanonicalpathname,cegetfilenotificationinfo,cegetthreadpriority,cegetthreadquantum,ceheapcreate,ceresyncfilesys,cesetthreadpriority,cesetthreadquantum,cezeropointer,charlower,charlowerbuff,charnext,charprev,charupper,charupperbuff,clearcommbreak,clearcommerror,closehandle,commconfig,commprop,commtimeouts,comstat,context,continuedebugevent,convertthreadtofiber,copyfile,copyfilea,copyfileex,copyfileexa,copyfileexw,copyfilew,create_process_debug_info,create_thread_debug_info,createdirectory,createevent,createfiber,createfile,createfileformapping,createfilemapping,createfilemappinga,createmutex,createprocess,createsemaphore,createsemaphorea,createthread,dcb,deactivatedevice,debug_event,debugactiveprocess,debugactiveprocessstop,deleteandrenamefile,deletecriticalsection,deletefiber,deletefile,deregisterdevice,deviceiocontrol,devicesearchtype,devmgr_device_information,disablethreadlibrarycalls,dllmain,entercriticalsection,enumdeviceinterfaces,escapecommfunction,exception_debug_info,exit_process_debug_info,exit_thread_debug_info,exitthread,filetime,filetimetolocalfiletime,filetimetosystemtime,findclose,findclosechangenotification,findex_info_levels,findex_search_ops,findfirstchangenotification,findfirstdevice,findfirstfile,findfirstfileex,findnextchangenotification,findnextdevice,findnextfile,findresource,findresourcea,flushfilebuffers,flushinstructioncache,flushviewoffile,formatmessage,formatmessagea,formatmessagew,freelibrary,freelibraryandexitthread,get_fileex_info_levels,getcommandline,getcommmask,getcommmodemstatus,getcommproperties,getcommstate,getcommtimeouts,getcurrentfiber,getcurrentft,getdeviceinformationbydevicehandle,getdeviceinformationbyfilehandle,getdevicepowerstate,getdiskfreespaceex,getdllversion,getexitcodeprocess,getexitcodethread,getfiberdata,getfileattributes,getfileattributesex,getfileinformationbyhandle,getfilesize,getfiletime,getfileversioninfo,getfileversioninfosize,getidletime,getlasterror,getlocaltime,getmodulefilename,getmodulehandle,getprocaddress,getprocessheap,getprocessversion,getstoreinformation,getsysteminfo,getsystempowerstatusex,getsystempowerstatusex2,getsystemtime,getsystemtimeasfiletime,gettempfilename,gettemppath,getthreadcontext,getthreadpriority,getthreadtimes,gettickcount,gettimezoneinformation,getusernameex,getversionex,globaladdatoma,globaladdatomw,globaldeleteatom,globalfindatoma,globalfindatomw,globalmemorystatus,heapalloc,heapcompact,heapcreate,heapdestroy,heapfree,heaprealloc,heapsize,heapvalidate,inflaterect,initializecriticalsection,interlockedcompareexchangepointer,interlockeddecrement,interlockedexchange,interlockedexchangepointer,interlockedincrement,interlockedtestexchange,isbadcodeptr,isbadreadptr,isbadwriteptr,ischaralpha,ischaralphanumeric,ischarlower,ischarupper,isdebuggerpresent,isprocessorfeaturepresent,killtimer,leavecriticalsection,load_dll_debug_info,loadfsd,loadfsdex,loadlibrary,loadlibraryex,loadresource,loadstring,localalloc,localfiletimetofiletime,localfree,locallock,localrealloc,localsize,lockfileex,lockresource,makeintatom,mapviewoffile,memorystatus,messagebeep,movefile,movefilea,movefilew,msgwaitformultipleobjects,msgwaitformultipleobjectsex,muldiv,openevent,openprocess,openthread,osversioninfo,output_debug_string_info,outputdebugstring,overlapped,process_information,pulseevent,purgecomm,queryinstructionset,queryperformancecounter,queryperformancefrequency,raiseexception,random,readfile,readprocessmemory,registerdevice,releasemutex,releasesemaphore,removedirectory,removevectoredexceptionhandler,requestdevicenotifications,resourcecreatelist,resourcedestroylist,resourcemarkasshareable,resourcerelease,resourcerequest,resourcerequestex,resumethread,setcommbreak,setcommmask,setcommstate,setcommtimeouts,setdaylighttime,setendoffile,setfileattributes,setfilepointer,setfiletime,setlasterror,setlocaltime,setrect,setsystempowerstate,setsystemtime,setthreadcontext,setthreadpriority,settimezoneinformation,setupcomm,signalstarted,sizeofresource,sleep,stopdevicenotifications,store_information,suspendthread,switchtofiber,system_info,system_power_status_ex,system_power_status_ex2,systemtime,systemtimetofiletime,terminateprocess,terminatethread,time_zone_information,timerproc,tlsfree,tlsgetvalue,tlssetvalue,transmitcommchar,tryentercriticalsection,unload_dll_debug_info,unlockfileex,unmapviewoffile,vectoredhandler,verqueryvalue,virtualalloc,virtualallocex,virtualfree,virtualfreeex,virtualprotect,virtualprotectex,virtualquery,virtualqueryex,vs_fixedfileinfo,waitcommevent,waitfordebugevent,waitformultipleobjects,waitforsingleobject,win32_file_attribute_data,win32_find_data,winmain,writefile,writeprocessmemory,wsprintf,wvsprintf
winbase.h, windows.h	1	learn/windows-embedded-ce-6.0	winbase.h, windows.h	checkremotedebuggerpresent
winber.h	13	learn/windows-embedded-ce-6.0,win32/api/winber	winber.h	ber_alloc_t,ber_bvdup,ber_bvecfree,ber_bvfree,ber_first_element,ber_flatten,ber_free,ber_init,ber_next_element,ber_peek_tag,ber_printf,ber_scanf,ber_skip_tag
wincred.h	9	win32/api/wincred	wincred.h	creddeletea,creddeletew,credentiala,credentialw,credfree,credreada,credreadw,credwritea,credwritew
wincrypt.h	227	learn/windows-embedded-ce-6.0,win32/api/wincrypt	wincrypt.h	alg_id,blob,cert_access_description,cert_alt_name_entry,cert_alt_name_info,cert_authority_info_access,cert_authority_key_id2_info,cert_authority_key_id_info,cert_basic_constraints2_info,cert_basic_constraints_info,cert_chain_context,cert_chain_element,cert_chain_engine_config,cert_chain_para,cert_context,cert_extension,cert_id,cert_info,cert_issuer_serial_number,cert_key_attributes_info,cert_key_context,cert_key_usage_restriction_info,cert_keygen_request_info,cert_name_info,cert_policies_info,cert_policy_id,cert_policy_info,cert_policy_qualifier_info,cert_private_key_validity,cert_public_key_info,cert_rdn,cert_rdn_attr,cert_request_info,cert_signed_content_info,cert_simple_chain,cert_system_store_info,cert_system_store_relocate_para,cert_trust_list_info,cert_trust_status,cert_usage_match,certaddcertificatecontexttostore,certaddcertificatelinktostore,certaddencodedcertificatetostore,certaddenhancedkeyusageidentifier,certaddserializedelementtostore,certalgidtooid,certclosestore,certcomparecertificate,certcomparecertificatename,certcompareintegerblob,certcomparepublickeyinfo,certcontrolstore,certcreatecertificatecontext,certdeletecertificatefromstore,certduplicatecertificatechain,certduplicatecertificatecontext,certduplicatestore,certenumcertificatecontextproperties,certenumcertificatesinstore,certenumphysicalstore,certenumsystemstore,certenumsystemstorelocation,certfindattribute,certfindcertificateinstore,certfindextension,certfindrdnattr,certfreecertificatechain,certfreecertificatecontext,certgetcertificatechain,certgetcertificatecontextproperty,certgetenhancedkeyusage,certgetintendedkeyusage,certgetissuercertificatefromstore,certgetnamestring,certgetnamestringa,certgetnamestringw,certgetpublickeylength,certgetstoreproperty,certgetsubjectcertificatefromstore,certgetvalidusages,certisrdnattrsincertificatename,certnametostr,certnametostra,certnametostrw,certoidtoalgid,certopenstore,certopensystemstore,certopensystemstorea,certopensystemstorew,certrdnvaluetostr,certrdnvaluetostra,certrdnvaluetostrw,certremoveenhancedkeyusageidentifier,certsavestore,certserializecertificatestoreelement,certsetcertificatecontextproperty,certsetenhancedkeyusage,certsetstoreproperty,certstrtoname,certstrtonamea,certstrtonamew,certverifysubjectcertificatecontext,certverifytimevalidity,certverifyvaliditynesting,cmsg_cms_recipient_info,cmsg_cms_signer_info,cmsg_ctrl_add_signer_unauth_attr_para,cmsg_ctrl_decrypt_para,cmsg_ctrl_del_signer_unauth_attr_para,cmsg_ctrl_key_agree_decrypt_para,cmsg_ctrl_verify_signature_ex_para,cmsg_enveloped_encode_info,cmsg_hashed_encode_info,cmsg_key_trans_recipient_info,cmsg_mail_list_recipient_info,cmsg_signed_encode_info,cmsg_signer_encode_info,cmsg_signer_info,cmsg_stream_info,cpacquirecontext,crypt_algorithm_identifier,crypt_attribute,crypt_attributes,crypt_bit_blob,crypt_encode_para,crypt_key_prov_info,crypt_key_prov_param,crypt_oid_func_entry,crypt_oid_info,cryptacquirecertificateprivatekey,cryptacquirecontext,cryptacquirecontexta,cryptacquirecontextw,cryptcontextaddref,cryptcreatehash,cryptcreatekeyidentifierfromcsp,cryptdecodeobjectex,cryptdecrypt,cryptderivekey,cryptdestroyhash,cryptdestroykey,cryptduplicatehash,cryptduplicatekey,cryptencodeobjectex,cryptencrypt,cryptenumkeyidentifierproperties,cryptenumoidinfo,cryptenumproviders,cryptenumprovidersa,cryptenumprovidersw,cryptenumprovidertypes,cryptenumprovidertypesa,cryptenumprovidertypesw,cryptexportkey,cryptexportpublickeyinfoex,cryptfindcertificatekeyprovinfo,cryptfindlocalizedname,cryptfindoidinfo,cryptfreeoidfunctionaddress,cryptgenkey,cryptgenrandom,cryptgetdefaultoidfunctionaddress,cryptgetdefaultprovider,cryptgetdefaultprovidera,cryptgetdefaultproviderw,cryptgethashparam,cryptgetkeyidentifierproperty,cryptgetkeyparam,cryptgetoidfunctionaddress,cryptgetprovparam,cryptgetuserkey,crypthashcertificate,crypthashdata,crypthashpublickeyinfo,crypthashsessionkey,crypthashtobesigned,cryptimportkey,cryptimportpublickeyinfoex,cryptinitoidfunctionset,cryptinstalldefaultcontext,cryptinstalloidfunctionaddress,cryptmsgcalculateencodedlength,cryptmsgclose,cryptmsgcontrol,cryptmsgduplicate,cryptmsggetparam,cryptmsgopentodecode,cryptmsgopentoencode,cryptmsgupdate,cryptoapi_blob,cryptprotectdata,cryptreleasecontext,cryptsethashparam,cryptsetkeyidentifierproperty,cryptsetkeyparam,cryptsetprovider,cryptsetprovidera,cryptsetproviderex,cryptsetproviderexa,cryptsetproviderexw,cryptsetproviderw,cryptsetprovparam,cryptsignandencodecertificate,cryptsigncertificate,cryptsignhash,cryptsignhasha,cryptsignhashw,cryptuninstalldefaultcontext,cryptunprotectdata,cryptverifycertificatesignature,cryptverifysignature,cryptverifysignaturea,cryptverifysignaturew,ctl_usage,hcrypthash,hcryptkey,hcryptprov,hmac_info,pfxexportcertstoreex,pfximportcertstore,pfxispfxblob,pfxverifypassword,prov_enumalgs,prov_enumalgs_ex,publickeystruc,rsapubkey,vtableprovstruc
windbase.h	97	learn/windows-embedded-ce-6.0	windbase.h	by_handle_db_information,ceadddatabaseprops,ceaddsyncpartner,ceattachcustomtrackingdata,cebeginsyncsession,cebegintransaction,ceblob,cechangedatabaselcid,cecreatedatabase,cecreatedatabaseex,cecreatedatabaseex2,cecreatedatabasewithprops,cecreatesession,cedbaseinfo,cedbaseinfoex,cedeletedatabase,cedeletedatabaseex,cedeleterecord,cedirinfo,ceendsyncsession,ceendtransaction,ceenumdbvolumes,cefileinfo,cefindfirstdatabase,cefindfirstdatabaseex,cefindnextchangedrecord,cefindnextdatabase,cefindnextdatabaseex,ceflushdbvol,cefreenotification,cegetchangedrecordcnt,cegetchangedrecords,cegetcustomtrackingdata,cegetdatabaseprops,cegetdatabasesession,cegetdbinformationbyhandle,cegetpropchangeinfo,cegetrecordchangeinfo,cemarkrecord,cemountdbvol,cenotification,cenotifyrequest,ceoidgetinfo,ceoidgetinfoex,ceoidgetinfoex2,ceoidinfo,ceoidinfoex,ceopendatabase,ceopendatabaseex,ceopendatabaseex2,ceopendatabaseinsession,ceopenstream,cepropspec,cepropval,cepurgetrackingdata,cepurgetrackinggenerations,cereadrecordprops,cereadrecordpropsex,cerecordinfo,ceremovedatabaseprops,ceremovedatabasetracking,ceremovesyncpartner,ceseekdatabase,ceseekdatabaseex,cesetdatabaseinfo,cesetdatabaseinfoex,cesetdatabaseinfoex2,cesetsessionoption,cestreamread,cestreamsavechanges,cestreamseek,cestreamsetsize,cestreamwrite,cetrackdatabase,cetrackproperty,ceunmountdbvol,cevalunion,cevolumeoptions,cewriterecordprops,check_invalidguid,check_systemguid,checkpassword,create_invalidguid,create_systemguid,db_ceoid_changed,db_ceoid_created,db_ceoid_database_deleted,db_ceoid_directory_deleted,db_ceoid_file_deleted,db_ceoid_record_deleted,getpasswordactive,setpassword,setpasswordactive,sortorderspec,sortorderspecex,typefrompropid,wm_dbnotification
winddi.h	60	learn/windows-embedded-ce-6.0,win32/api/winddi	winddi.h	brushobj,brushobj_pvallocrbrush,brushobj_pvgetrbrush,clipobj,clipobj_benum,clipobj_cenumstart,devinfo,displayinit,drvanyblt,drvbitblt,drvcopybits,drvcreatedevicebitmap,drvdeletedevicebitmap,drvdisabledriver,drvdisablepdev,drvdisablesurface,drvenabledata,drvenabledriver,drvenablepdev,drvenablesurface,drvenddoc,drvescape,drvfillpath,drvgetmasks,drvgetmodes,drvgradientfill,drvmovepointer,drvpaint,drvpowerhandler,drvrealizebrush,drvrealizecolor,drvsetpalette,drvsetpointershape,drvstartdoc,drvstartpage,drvstrokepath,drvtextout,drvtransparentblt,drvunrealizecolor,engcallbacks,engcreatedevicebitmap,engcreatedevicesurface,engcreatepalette,engdeletesurface,fd_devicemetrics,fontobj,gdiinfo,glyphbits,glyphdata,ifimetrics,isequalguid,palobj_cgetcolors,pathobj,pathobj_benum,pathobj_venumstart,pathobj_vgetbounds,strobj,surfobj,xlateobj,xlateobj_cgetpalette
winddif.h	5	learn/windows-embedded-ce-6.0	winddif.h	drvtextout,fd_devicemetrics,fontobj,glyphbits,glyphdata
windef.h	5	learn/windows-embedded-ce-6.0,win32/api/windef	windef.h	point,points,rect,rectl,size
windev.h	2	learn/windows-embedded-ce-6.0	windev.h	ctl_code,isapiready
windns.h	32	learn/windows-embedded-ce-6.0,win32/api/windns	windns.h	dns_a_data,dns_aaaa_data,dns_atma_data,dns_header,dns_key_data,dns_loc_data,dns_message_buffer,dns_minfo_data,dns_mx_data,dns_null_data,dns_nxt_data,dns_ptr_data,dns_record,dns_record_flags,dns_rrset,dns_sig_data,dns_soa_data,dns_srv_data,dns_tkey_data,dns_tsig_data,dns_txt_data,dns_wins_data,dns_winsr_data,dns_wire_question,dns_wire_record,dns_wks_data,dnsmodifyrecordsinset_w,dnsquery_w,dnsrecordlistfree,dnsreplacerecordsetw,ip4_array,ip6_address
windnsdef.h	36	win32/api/windnsdef	windnsdef.h	dns_a_data,dns_aaaa_data,dns_atma_data,dns_header,dns_key_data,dns_loc_data,dns_message_buffer,dns_minfo_dataa,dns_minfo_dataw,dns_mx_dataa,dns_mx_dataw,dns_null_data,dns_nxt_dataa,dns_nxt_dataw,dns_ptr_dataa,dns_ptr_dataw,dns_record_flags,dns_recorda,dns_recordw,dns_sig_dataa,dns_sig_dataw,dns_soa_dataa,dns_soa_dataw,dns_srv_dataa,dns_srv_dataw,dns_tkey_dataa,dns_tkey_dataw,dns_tsig_dataa,dns_tsig_dataw,dns_txt_dataa,dns_txt_dataw,dns_wins_data,dns_winsr_dataa,dns_winsr_dataw,dns_wks_data,ip6_address
windot11.h	101	learn/windows-embedded-ce-6.0	windot11.h	oid_dot11_ap_join_request,oid_dot11_atim_window,oid_dot11_beacon_period,oid_dot11_cca_mode_supported,oid_dot11_cca_watchdog_count_max,oid_dot11_cca_watchdog_count_min,oid_dot11_cca_watchdog_timer_max,oid_dot11_cca_watchdog_timer_min,oid_dot11_cf_pollable,oid_dot11_cfp_max_duration,oid_dot11_cfp_period,oid_dot11_channel_agility_enabled,oid_dot11_channel_agility_present,oid_dot11_counters_entry,oid_dot11_country_string,oid_dot11_current_cca_mode,oid_dot11_current_channel,oid_dot11_current_channel_number,oid_dot11_current_dwell_time,oid_dot11_current_frequency,oid_dot11_current_index,oid_dot11_current_offload_capability,oid_dot11_current_operation_mode,oid_dot11_current_optional_capability,oid_dot11_current_packet_filter,oid_dot11_current_pattern,oid_dot11_current_phy_type,oid_dot11_current_reg_domain,oid_dot11_current_rx_antenna,oid_dot11_current_set,oid_dot11_current_tx_antenna,oid_dot11_current_tx_power_level,oid_dot11_default_wep_offload,oid_dot11_default_wep_upload,oid_dot11_diversity_selection_rx,oid_dot11_diversity_support,oid_dot11_dsss_ofdm_option_enabled,oid_dot11_dsss_ofdm_option_implemented,oid_dot11_dtim_period,oid_dot11_ed_threshold,oid_dot11_ehcc_capability_enabled,oid_dot11_ehcc_capability_implemented,oid_dot11_ehcc_number_of_channels_family_index,oid_dot11_ehcc_prime_radix,oid_dot11_erp_pbcc_option_enabled,oid_dot11_erp_pbcc_option_implemented,oid_dot11_fragmentation_threshold,oid_dot11_frequency_bands_supported,oid_dot11_hop_algorithm_adopted,oid_dot11_hop_modulus,oid_dot11_hop_offset,oid_dot11_hop_time,oid_dot11_hopping_pattern,oid_dot11_hr_cca_mode_supported,oid_dot11_join_request,oid_dot11_long_retry_limit,oid_dot11_mac_address,oid_dot11_max_dwell_time,oid_dot11_max_mac_address_states,oid_dot11_max_receive_lifetime,oid_dot11_max_transmit_msdu_lifetime,oid_dot11_medium_occupancy_limit,oid_dot11_mpdu_max_length,oid_dot11_multi_domain_capability,oid_dot11_multi_domain_capability_enabled,oid_dot11_multi_domain_capability_implemented,oid_dot11_nic_power_state,oid_dot11_nic_specific_extension,oid_dot11_number_of_hopping_sets,oid_dot11_offload_capability,oid_dot11_operation_mode_capability,oid_dot11_operational_rate_set,oid_dot11_optional_capability,oid_dot11_pbcc_option_implemented,oid_dot11_power_mgmt_mode,oid_dot11_random_table_flag,oid_dot11_recv_sensitivity_list,oid_dot11_reg_domains_support_value,oid_dot11_reset_request,oid_dot11_rf_usage,oid_dot11_rssi_range,oid_dot11_rts_threshold,oid_dot11_scan_request,oid_dot11_short_preamble_option_implemented,oid_dot11_short_retry_limit,oid_dot11_short_slot_time_option_enabled,oid_dot11_short_slot_time_option_implemented,oid_dot11_start_request,oid_dot11_station_id,oid_dot11_supported_data_rates_value,oid_dot11_supported_phy_types,oid_dot11_supported_power_levels,oid_dot11_supported_rx_antenna,oid_dot11_supported_tx_antenna,oid_dot11_temp_type,oid_dot11_ti_threshold,oid_dot11_update_ie,oid_dot11_wep_icv_error_count,oid_dot11_wep_offload,oid_dot11_wep_upload,oid_dot11_wpa_tsc
windows.h	260	learn/windows-ce-5.0,learn/windows-embedded-ce-6.0	windows.h,windows.h.	abc,addfontresource,alphablend,bitblt,bitmap,bitmapcoreheader,bitmapcoreinfo,bitmapfileheader,bitmapinfo,bitmapinfoheader,blendfunction,changedisplaysettingsex,checkdlgbutton,colorref,combinergn,comparefiletime,createbitmap,createcompatiblebitmap,createcompatibledc,createdc,createdibpatternbrushpt,createdibsection,createfontindirect,createpalette,createpatternbrush,createpen,createpenindirect,createrectrgn,createrectrgnindirect,createsolidbrush,deletedc,deleteobject,devmode,dibsection,display_device,drawedge,drawfocusrect,drawitemstruct,drawtext,duplicatehandle,ellipse,em_canundo,em_charfrompos,em_emptyundobuffer,em_fmtlines,em_getfirstvisibleline,em_getlimittext,em_getline,em_getlinecount,em_getmargins,em_getmodify,em_getpasswordchar,em_getrect,em_getsel,em_limittext,em_linefromchar,em_lineindex,em_linelength,em_linescroll,em_posfromchar,em_replacesel,em_scroll,em_scrollcaret,em_setlimittext,em_setmargins,em_setmodify,em_setpasswordchar,em_setreadonly,em_setrect,em_setrectnp,em_setsel,em_settabstops,em_undo,en_change,en_errspace,en_hscroll,en_killfocus,en_maxtext,en_setfocus,en_update,en_vscroll,enableeudc,enumdisplaydevices,enumdisplaymonitors,enumdisplaysettings,enumfontfamilies,enumfontfamproc,enumfonts,enumfontsproc,enumpropsex,enumuilanguages,enumuilanguagesproc,equalrgn,excludecliprect,exitprocess,extcreateregion,extended_name_format,extescape,exttextout,fiberproc,fillrect,fillrgn,getbkcolor,getbkmode,getbvalue,getcapture,getcharabcwidths,getcharabcwidthsi,getcharwidth32,getclipbox,getcliprgn,getcurrentobject,getcurrentpositionex,getdevicecaps,getdibcolortable,getdoubleclicktime,getfontdata,getgvalue,getlayout,getmessagequeuereadytimestamp,getmonitorinfo,getmousemovepoints,getnearestcolor,getnearestpaletteindex,getobject,getobjecttype,getoutlinetextmetrics,getpaletteentries,getpixel,getprop,getregiondata,getrgnbox,getrop2,getrvalue,getstockobject,getstretchbltmode,getsyscolorbrush,getsystemdefaultuilanguage,getsystemmemorydivision,getsystempaletteentries,gettextalign,gettextcolor,gettextextentexpoint,gettextextentpoint,gettextextentpoint32,gettextface,gettextmetrics,getuserdefaultuilanguage,getviewportextex,getviewportorgex,getwindowextex,getwindoworgex,globaladdatom,globaldeleteatom,globalfindatom,gradient_rect,gradientfill,interlockedcompareexchange,interlockedexchangeadd,intersectcliprect,invalidatergn,invertrect,isdlgbuttonchecked,lineto,loadanimatedcursor,logbrush,logpalette,logpen,makeintatom,makerop4,maskblt,messagebox,monitorenumproc,monitorfrompoint,monitorfromrect,monitorfromwindow,monitorinfo,monitorinfoex,mouse_event,movetoex,offsetrgn,offsetviewportorgex,outlinetextmetricw,paletteentry,paletteindex2bpp,palettergb,patblt,perf_counter_block,perf_counter_definition,perf_data_block,perf_instance_definition,perf_object_type,polygon,polyline,propenumprocex,ptinregion,realizepalette,rectangle,rectinregion,rectvisible,redrawwindow,releasecapture,removefontresource,removeprop,restoredc,rgb,rgbquad,rgbtriple,rgndata,rgndataheader,roundrect,savedc,scrolldc,selectcliprgn,selectobject,selectpalette,sendmessagetimeout,setbitmapbits,setbkcolor,setbkmode,setbrushorgex,setcapture,setdibcolortable,setdibitstodevice,setlayout,setpaletteentries,setpixel,setprop,setrectrgn,setrop2,setstretchbltmode,settextalign,settextcolor,setuserdefaultlcid,setuserdefaultuilanguage,setviewportorgex,setwindoworgex,shgetautorunpath,size,stretchblt,stretchdibits,transparentblt,transparentimage,trivertex,ttm_gettiptextcolor,validatergn,wm_capturechanged,wm_ctlcoloredit,wm_lbuttondblclk,wm_lbuttondown,wm_lbuttonup,wm_mbuttondown,wm_mbuttonup,wm_mousemove,wm_mousewheel,wm_palettechanged,wm_querynewpalette,wm_rbuttondown,wm_rbuttonup,wm_undo
windows.h, winnt.h	1	learn/windows-embedded-ce-6.0	windows.h, winnt.h	securezeromemory
windowsx.h	3	learn/windows-embedded-ce-6.0	windowsx.h	insetrect,mapwindowrect,setdlgmsgresult
wingdi.h	194	chm/windows-ce-5.0/wcefonts5/html,learn/windows-ce-5.0,learn/windows-embedded-ce-6.0,win32/api/wingdi	wingdi.h,wingdi.h.	abc,abortdoc,abortproc,addfontresourcea,addfontresourcew,alphablend,bitblt,bitmap,bitmapcoreheader,bitmapcoreinfo,bitmapfileheader,bitmapinfo,bitmapinfoheader,blendfunction,charsetinfo,combinergn,createbitmap,createcompatiblebitmap,createcompatibledc,createdca,createdcw,createdibpatternbrushpt,createdibsection,createfontindirecta,createfontindirectw,createpalette,createpatternbrush,createpen,createpenindirect,createrectrgn,createrectrgnindirect,createsolidbrush,deletedc,deleteobject,devicecapabilitiesa,devicecapabilitiesw,devmodea,devmodew,dibsection,display_devicea,display_devicew,dlgitemtemplateex,docinfo,docinfoa,docinfow,ellipse,enddoc,endpage,enumfontfamiliesa,enumfontfamiliesex,enumfontfamiliesexa,enumfontfamiliesexw,enumfontfamiliesw,enumfontsa,enumfontsw,enumlogfont,enumlogfonta,enumlogfontw,equalrgn,excludecliprect,extcreateregion,extescape,exttextouta,exttextoutw,fillrgn,fixed,fontsignature,gdiinfo,getbkcolor,getbkmode,getbvalue,getcharabcwidthsa,getcharabcwidthsi,getcharabcwidthsw,getcharwidth32a,getcharwidth32w,getclipbox,getcliprgn,getcurrentobject,getcurrentpositionex,getdevicecaps,getdibcolortable,getfontdata,getgvalue,getlayout,getnearestcolor,getnearestpaletteindex,getobject,getobjecta,getobjecttype,getobjectw,getoutlinetextmetricsa,getoutlinetextmetricsw,getpaletteentries,getpixel,getregiondata,getrgnbox,getrop2,getrvalue,getstockobject,getstretchbltmode,getsystempaletteentries,gettextalign,gettextcharacterextra,gettextcolor,gettextextentexpointa,gettextextentexpointw,gettextextentpoint32a,gettextextentpoint32w,gettextextentpointa,gettextextentpointw,gettextfacea,gettextfacew,gettextmetrics,gettextmetricsa,gettextmetricsw,getviewportextex,getviewportorgex,getwindowextex,getwindoworgex,gradient_rect,gradientfill,intersectcliprect,lineto,logbrush,logfont,logfonta,logfontw,logpalette,logpen,makerop4,maskblt,metafilepict,movetoex,newtextmetric,newtextmetrica,newtextmetricw,offsetrgn,offsetviewportorgex,outlinetextmetricw,paletteentry,paletteindex,palettergb,patblt,polygon,polyline,ptinregion,realizepalette,rectangle,rectinregion,rectvisible,removefontresourcea,removefontresourcew,restoredc,rgb,rgbquad,rgbtriple,rgndata,rgndataheader,roundrect,savedc,selectcliprgn,selectobject,selectpalette,setabortproc,setbitmapbits,setbkcolor,setbkmode,setbrushorgex,setdibcolortable,setdibitstodevice,setlayout,setpaletteentries,setpixel,setrectrgn,setrop2,setstretchbltmode,settextalign,settextcharacterextra,settextcolor,setviewportorgex,setwindoworgex,startdoc,startdoca,startdocw,startpage,stretchblt,stretchdibits,textmetric,textmetrica,textmetricw,translatecharsetinfo,transparentblt,trivertex
winhttp.h	2	win32/api/winhttp	winhttp.h	http_version_info,url_components
wininet.h	223	learn/windows-embedded-ce-6.0,win32/api/wininet	wininet.h	commiturlcacheentry,commiturlcacheentrya,commiturlcacheentryw,createurlcacheentry,createurlcacheentrya,createurlcacheentryw,createurlcachegroup,deleteurlcacheentry,deleteurlcacheentrya,deleteurlcacheentryw,deleteurlcachegroup,findcloseurlcache,findfirsturlcacheentrya,findfirsturlcacheentryex,findfirsturlcacheentryexa,findfirsturlcacheentryexw,findfirsturlcacheentryw,findfirsturlcachegroup,findnexturlcacheentry,findnexturlcacheentrya,findnexturlcacheentryex,findnexturlcacheentryexa,findnexturlcacheentryexw,findnexturlcacheentryw,findnexturlcachegroup,ftpcommand,ftpcommanda,ftpcommandw,ftpcreatedirectory,ftpcreatedirectorya,ftpcreatedirectoryw,ftpdeletefile,ftpdeletefilea,ftpdeletefilew,ftpfindfirstfile,ftpfindfirstfilea,ftpfindfirstfilew,ftpgetcurrentdirectory,ftpgetcurrentdirectorya,ftpgetcurrentdirectoryw,ftpgetfile,ftpgetfilea,ftpgetfileex,ftpgetfilesize,ftpgetfilew,ftpopenfile,ftpopenfilea,ftpopenfilew,ftpputfile,ftpputfilea,ftpputfileex,ftpputfilew,ftpremovedirectory,ftpremovedirectorya,ftpremovedirectoryw,ftprenamefile,ftprenamefilea,ftprenamefilew,ftpsetcurrentdirectory,ftpsetcurrentdirectorya,ftpsetcurrentdirectoryw,geturlcacheentryinfo,geturlcacheentryinfoa,geturlcacheentryinfoex,geturlcacheentryinfoexa,geturlcacheentryinfoexw,geturlcacheentryinfow,geturlcachegroupattribute,geturlcachegroupattributea,geturlcachegroupattributew,http_version_info,httpaddrequestheaders,httpaddrequestheadersa,httpaddrequestheadersw,httpendrequest,httpendrequesta,httpendrequestw,httpopenrequest,httpopenrequesta,httpopenrequestw,httpqueryinfo,httpqueryinfoa,httpqueryinfow,httpsendrequest,httpsendrequesta,httpsendrequestex,httpsendrequestexa,httpsendrequestexw,httpsendrequestw,internet_async_result,internet_auth_notify_data,internet_buffers,internet_buffersa,internet_buffersw,internet_cache_entry_info,internet_cache_entry_infoa,internet_cache_entry_infow,internet_cache_timestamps,internet_certificate_info,internet_connected_info,internet_per_conn_option,internet_per_conn_option_list,internet_per_conn_option_lista,internet_per_conn_option_listw,internet_per_conn_optiona,internet_per_conn_optionw,internet_proxy_info,internet_scheme,internet_status_callback,internet_version_info,internetattemptconnect,internetcanonicalizeurl,internetcanonicalizeurla,internetcanonicalizeurlw,internetcheckconnection,internetcheckconnectiona,internetcheckconnectionw,internetclearallpersitecookiedecisions,internetclosehandle,internetcombineurl,internetcombineurla,internetcombineurlw,internetconfirmzonecrossing,internetconfirmzonecrossinga,internetconfirmzonecrossingw,internetconnect,internetconnecta,internetconnectw,internetcookiestate,internetcrackurl,internetcrackurla,internetcrackurlw,internetcreateurl,internetcreateurla,internetcreateurlw,internetenumpersitecookiedecisiona,internetenumpersitecookiedecisionw,interneterrordlg,internetfindnextfile,internetfindnextfilea,internetfindnextfilew,internetgetconnectedstate,internetgetconnectedstateex,internetgetconnectedstateexa,internetgetconnectedstateexw,internetgetcookie,internetgetcookiea,internetgetcookiew,internetgetlastresponseinfo,internetgetlastresponseinfoa,internetgetlastresponseinfow,internetgetpersitecookiedecisiona,internetgetpersitecookiedecisionw,internetgoonline,internetgoonlinea,internetgoonlinew,internetlockrequestfile,internetopen,internetopena,internetopenurl,internetopenurla,internetopenurlw,internetopenw,internetquerydataavailable,internetqueryoption,internetqueryoptiona,internetqueryoptionw,internetreadfile,internetreadfileex,internetreadfileexa,internetreadfileexw,internetsetcookie,internetsetcookiea,internetsetcookieex,internetsetcookieexa,internetsetcookieexw,internetsetcookiew,internetsetfilepointer,internetsetoption,internetsetoptiona,internetsetoptionex,internetsetoptionexa,internetsetoptionexw,internetsetoptionw,internetsetpersitecookiedecisiona,internetsetpersitecookiedecisionw,internetsetstatuscallback,internetsetstatuscallbacka,internetsetstatuscallbackw,internettimefromsystemtime,internettimefromsystemtimea,internettimefromsystemtimew,internettimetosystemtime,internettimetosystemtimea,internettimetosystemtimew,internetunlockrequestfile,internetwritefile,privacygetzonepreferencew,privacysetzonepreferencew,readurlcacheentrystream,retrieveurlcacheentryfile,retrieveurlcacheentryfilea,retrieveurlcacheentryfilew,retrieveurlcacheentrystream,retrieveurlcacheentrystreama,retrieveurlcacheentrystreamw,seturlcacheconfiginfo,seturlcacheentrygroup,seturlcacheentrygroupa,seturlcacheentrygroupw,seturlcacheentryinfo,seturlcacheentryinfoa,seturlcacheentryinfow,seturlcachegroupattribute,seturlcachegroupattributea,seturlcachegroupattributew,unlockurlcacheentryfile,unlockurlcacheentryfilea,unlockurlcacheentryfilew,unlockurlcacheentrystream,url_components,url_componentsa,url_componentsw
winineti.h	11	win32/api/winineti	winineti.h	internetenumpersitecookiedecisiona,internetenumpersitecookiedecisionw,internetgetconnectedstate,internetgetconnectedstateex,internetgetconnectedstateexa,internetgetconnectedstateexw,internetgoonline,internetgoonlinea,internetgoonlinew,privacygetzonepreferencew,privacysetzonepreferencew
wininetui.h	0	learn/windows-embedded-ce-6.0	wininetui.h	
winioctl.h	7	win32/api/winioctl	winioctl.h	file_allocated_range_buffer,file_zero_data_information,fsctl_get_compression,fsctl_query_allocated_ranges,fsctl_set_compression,fsctl_set_sparse,fsctl_set_zero_data
winldap.h	225	learn/windows-embedded-ce-6.0,win32/api/winldap	winldap.h	ber_bvfree,berelement,berval,cldap_open,cldap_opena,cldap_openw,dereferenceconnection,ldap,ldap_abandon,ldap_add,ldap_add_ext,ldap_add_ext_s,ldap_add_ext_sa,ldap_add_ext_sw,ldap_add_exta,ldap_add_extw,ldap_add_s,ldap_add_sa,ldap_add_sw,ldap_adda,ldap_addw,ldap_bind,ldap_bind_s,ldap_bind_sa,ldap_bind_sw,ldap_binda,ldap_bindw,ldap_check_filter,ldap_check_filtera,ldap_check_filterw,ldap_close_extended_op,ldap_compare,ldap_compare_ext,ldap_compare_ext_s,ldap_compare_ext_sa,ldap_compare_ext_sw,ldap_compare_exta,ldap_compare_extw,ldap_compare_s,ldap_compare_sa,ldap_compare_sw,ldap_comparea,ldap_comparew,ldap_connect,ldap_control_free,ldap_control_freea,ldap_control_freew,ldap_controls_free,ldap_controls_freea,ldap_controls_freew,ldap_count_entries,ldap_count_references,ldap_count_values,ldap_count_values_len,ldap_count_valuesa,ldap_count_valuesw,ldap_create_page_control,ldap_create_page_controla,ldap_create_page_controlw,ldap_create_sort_control,ldap_create_sort_controla,ldap_create_sort_controlw,ldap_delete,ldap_delete_ext,ldap_delete_ext_s,ldap_delete_ext_sa,ldap_delete_ext_sw,ldap_delete_exta,ldap_delete_extw,ldap_delete_s,ldap_delete_sa,ldap_delete_sw,ldap_deletea,ldap_deletew,ldap_dn2ufn,ldap_dn2ufna,ldap_dn2ufnw,ldap_err2string,ldap_err2stringa,ldap_err2stringw,ldap_escape_filter_element,ldap_escape_filter_elementa,ldap_escape_filter_elementw,ldap_explode_dn,ldap_explode_dna,ldap_explode_dnw,ldap_extended_operation,ldap_extended_operationa,ldap_extended_operationw,ldap_first_attribute,ldap_first_attributea,ldap_first_attributew,ldap_first_entry,ldap_first_reference,ldap_get_dn,ldap_get_dna,ldap_get_dnw,ldap_get_next_page,ldap_get_next_page_s,ldap_get_option,ldap_get_optionw,ldap_get_paged_count,ldap_get_values,ldap_get_values_len,ldap_get_values_lena,ldap_get_values_lenw,ldap_get_valuesa,ldap_get_valuesw,ldap_init,ldap_inita,ldap_initw,ldap_memfree,ldap_memfreea,ldap_memfreew,ldap_modify,ldap_modify_ext,ldap_modify_ext_s,ldap_modify_ext_sa,ldap_modify_ext_sw,ldap_modify_exta,ldap_modify_extw,ldap_modify_s,ldap_modify_sa,ldap_modify_sw,ldap_modifya,ldap_modifyw,ldap_msgfree,ldap_next_attribute,ldap_next_attributea,ldap_next_attributew,ldap_next_entry,ldap_next_reference,ldap_open,ldap_opena,ldap_openw,ldap_parse_extended_result,ldap_parse_extended_resulta,ldap_parse_extended_resultw,ldap_parse_page_control,ldap_parse_page_controla,ldap_parse_page_controlw,ldap_parse_reference,ldap_parse_referencea,ldap_parse_referencew,ldap_parse_result,ldap_parse_resulta,ldap_parse_resultw,ldap_parse_sort_control,ldap_parse_sort_controla,ldap_parse_sort_controlw,ldap_referral_callback,ldap_rename_ext,ldap_rename_ext_s,ldap_rename_ext_sa,ldap_rename_ext_sw,ldap_rename_exta,ldap_rename_extw,ldap_result,ldap_result2error,ldap_retcode,ldap_sasl_bind,ldap_sasl_bind_s,ldap_sasl_bind_sa,ldap_sasl_bind_sw,ldap_sasl_binda,ldap_sasl_bindw,ldap_search,ldap_search_abandon_page,ldap_search_ext,ldap_search_ext_s,ldap_search_ext_sa,ldap_search_ext_sw,ldap_search_exta,ldap_search_extw,ldap_search_init_page,ldap_search_init_pagea,ldap_search_init_pagew,ldap_search_s,ldap_search_sa,ldap_search_st,ldap_search_sta,ldap_search_stw,ldap_search_sw,ldap_searcha,ldap_searchw,ldap_set_option,ldap_set_optionw,ldap_simple_bind,ldap_simple_bind_s,ldap_simple_bind_sa,ldap_simple_bind_sw,ldap_simple_binda,ldap_simple_bindw,ldap_sslinit,ldap_sslinita,ldap_sslinitw,ldap_timeval,ldap_ufn2dn,ldap_ufn2dna,ldap_ufn2dnw,ldap_unbind,ldap_unbind_s,ldap_value_free,ldap_value_free_len,ldap_value_freea,ldap_value_freew,ldapcontrol,ldapcontrola,ldapcontrolw,ldapgetlasterror,ldapmaperrortowin32,ldapmessage,ldapmod,ldapmoda,ldapmodw,ldapsearch,ldapsortkey,ldapsortkeya,ldapsortkeyw,ldapunicodetoutf8,ldaputf8tounicode,notifyofnewconnection,queryclientcert,queryforconnection,verifyservercert
winnetwk.h	44	learn/windows-embedded-ce-6.0,win32/api/winnetwk	winnetwk.h	connectdlgstruct,connectdlgstructa,connectdlgstructw,discdlgstruct,discdlgstructa,discdlgstructw,netresource,netresourcea,netresourcew,remote_name_info,remote_name_infoa,remote_name_infow,universal_name_info,universal_name_infoa,universal_name_infow,wnetaddconnection3,wnetaddconnection3a,wnetaddconnection3w,wnetcancelconnection2,wnetcancelconnection2a,wnetcancelconnection2w,wnetcloseenum,wnetconnectiondialog1,wnetconnectiondialog1a,wnetconnectiondialog1w,wnetdisconnectdialog,wnetdisconnectdialog1,wnetdisconnectdialog1a,wnetdisconnectdialog1w,wnetenumresource,wnetenumresourcea,wnetenumresourcew,wnetgetconnection,wnetgetconnectiona,wnetgetconnectionw,wnetgetuniversalname,wnetgetuniversalnamea,wnetgetuniversalnamew,wnetgetuser,wnetgetusera,wnetgetuserw,wnetopenenum,wnetopenenuma,wnetopenenumw
winnls.h	69	learn/windows-embedded-ce-6.0,win32/api/winnls	winnls.h	comparestring,comparestringa,convertdefaultlocale,cpinfo,currencyfmt,currencyfmta,currencyfmtw,enumcalendarinfo,enumcalendarinfoa,enumcalendarinfoproc,enumcalendarinfow,enumcodepagesproc,enumdateformats,enumdateformatsa,enumdateformatsproc,enumdateformatsw,enumlocalesproc,enumsystemcodepages,enumsystemcodepagesa,enumsystemcodepagesw,enumsystemlocales,enumsystemlocalesa,enumsystemlocalesw,enumtimeformats,enumtimeformatsa,enumtimeformatsproc,enumtimeformatsw,enumuilanguagesa,enumuilanguagesw,foldstring,foldstringa,getacp,getcpinfo,getcurrencyformat,getcurrencyformata,getcurrencyformatw,getdateformat,getlocaleinfo,getlocaleinfoa,getlocaleinfow,getnumberformat,getnumberformata,getnumberformatw,getoemcp,getstringtypea,getstringtypeex,getstringtypew,getsystemdefaultlangid,getsystemdefaultlcid,getsystemdefaultuilanguage,gettimeformat,getuserdefaultlangid,getuserdefaultlcid,getuserdefaultuilanguage,isdbcsleadbyte,isdbcsleadbyteex,isvalidcodepage,isvalidlocale,lcmapstring,lcmapstringa,lcmapstringw,multibytetowidechar,numberfmt,numberfmta,numberfmtw,setlocaleinfo,setlocaleinfoa,setlocaleinfow,widechartomultibyte
winnt.h	39	learn/windows-ce-5.0,learn/windows-ce-net-4x,learn/windows-embedded-ce-6.0,msdn-library/techshelps/WCEDDK,win32/api/winnt	winnt.h,winnt.h.	__emul,__emulu,__ll_lshift,__ll_rshift,__ull_rshift,_disable,_enable,_image_alpha_runtime_function_entry,_image_ce_runtime_function_entry,_interlockedcompareexchange,_interlockeddecrement,_interlockedexchange,_interlockedexchangeadd,_interlockedincrement,containing_record,context,exception_pointers,exception_record,file_notify_information,getcurrentfiber,getfiberdata,image_data_directory,interlockedcompareexchange,interlockedcompareexchangepointer,interlockeddecrement,interlockedexchange,interlockedexchangeadd,interlockedexchangepointer,interlockedincrement,makelangid,makelcid,memory_basic_information,osversioninfoa,osversioninfow,pdata_eh,primarylangid,security_descriptor,sublangid,text
winperf.h	5	win32/api/winperf	winperf.h	perf_counter_block,perf_counter_definition,perf_data_block,perf_instance_definition,perf_object_type
winreg.h	41	learn/windows-embedded-ce-6.0,win32/api/winreg	winreg.h	cefindcloseregchange,cefindfirstregchange,cefindnextregchange,cereggetinfo,cereggetnotificationinfo,ceregtestsetvaluew,reg_notify_information,regclosekey,regcreatekeyex,regcreatekeyexa,regcreatekeyexw,regdeletekey,regdeletekeya,regdeletekeyw,regdeletevalue,regdeletevaluea,regdeletevaluew,regenumkeyex,regenumkeyexa,regenumkeyexw,regenumvalue,regenumvaluea,regenumvaluew,regflushkey,regnotifychangekeyvalue,regopenkeyex,regopenkeyexa,regopenkeyexw,regqueryinfokey,regqueryinfokeya,regqueryinfokeyw,regqueryvalueex,regqueryvalueexa,regqueryvalueexw,regreplacekeya,regreplacekeyw,regsavekeya,regsavekeyw,regsetvalueex,regsetvalueexa,regsetvalueexw
winscard.h	63	learn/windows-embedded-ce-6.0,win32/api/winscard	winscard.h	scard_atrmask,scard_io_request,scard_readerstate,scard_readerstatea,scard_readerstatew,scardbegintransaction,scardcancel,scardconnect,scardconnecta,scardconnectw,scardcontrol,scarddisconnect,scardendtransaction,scardestablishcontext,scardforgetcardtype,scardforgetcardtypea,scardforgetcardtypew,scardforgetreader,scardforgetreadera,scardforgetreaderw,scardfreememory,scardgetattrib,scardgetcardtypeprovidername,scardgetcardtypeprovidernamea,scardgetcardtypeprovidernamew,scardgetproviderid,scardgetproviderida,scardgetprovideridw,scardgetstatuschange,scardgetstatuschangea,scardgetstatuschangew,scardintroducecardtype,scardintroducecardtypea,scardintroducecardtypew,scardintroducereader,scardintroducereadera,scardintroducereaderw,scardisvalidcontext,scardlistcards,scardlistcardsa,scardlistcardsw,scardlistinterfaces,scardlistinterfacesa,scardlistinterfacesw,scardlistreaders,scardlistreadersa,scardlistreadersw,scardlocatecards,scardlocatecardsa,scardlocatecardsbyatr,scardlocatecardsbyatra,scardlocatecardsbyatrw,scardlocatecardsw,scardreconnect,scardreleasecontext,scardsetattrib,scardsetcardtypeprovidername,scardsetcardtypeprovidernamea,scardsetcardtypeprovidernamew,scardstatus,scardstatusa,scardstatusw,scardtransmit
winsmcrd.h	12	learn/windows-embedded-ce-6.0	winsmcrd.h	ioctl_smartcard_cancel_blocking,ioctl_smartcard_eject,ioctl_smartcard_get_attribute,ioctl_smartcard_get_state,ioctl_smartcard_is_absent,ioctl_smartcard_is_present,ioctl_smartcard_power,ioctl_smartcard_reset_events,ioctl_smartcard_set_attribute,ioctl_smartcard_set_protocol,ioctl_smartcard_swallow,ioctl_smartcard_transmit
winsock.h	35	win32/api/winsock	winsock.h	bind,closesocket,fd_set,gethostbyaddr,gethostbyname,gethostname,getpeername,getsockname,getsockopt,hostent,htonl,htons,inet_addr,inet_ntoa,ioctlsocket,linger,ntohl,ntohs,protoent,recv,recvfrom,sendto,servent,setsockopt,shutdown,sockaddr,sockaddr_in,timeval,transmit_file_buffers,wsaasyncselect,wsacleanup,wsadata,wsagetlasterror,wsasetlasterror,wsastartup
winsock2.h	123	learn/windows-embedded-ce-6.0,win32/api/winsock2	winsock2.h	_dscp_traffic_type,accept,afprotocols,bind,blob,closesocket,connect,csaddr_info,fd_set,gethostbyaddr,gethostbyname,gethostname,gethostnamew,getpeername,getsockname,getsockopt,hostent,htonl,htons,in_addr,inet_addr,inet_ntoa,ioctlsocket,linger,listen,ndis_packet_8021q_info,ns_service_info,ntohl,ntohs,protocol_info,protoent,recv,recvfrom,select,send,sendto,servent,service_address,service_addresses,service_info,service_type_info_abs,service_type_value_abs,sethostname,setsockopt,shutdown,sockaddr,sockaddr_in,sockaddr_irda,sockaddr_storage,socket,socket_address,timeval,transmit_file_buffers,wsaaccept,wsaaddresstostring,wsaaddresstostringa,wsaaddresstostringw,wsaasyncselect,wsabuf,wsacleanup,wsacloseevent,wsacompletion,wsaconnect,wsacreateevent,wsadata,wsaecomparator,wsaenumnamespaceproviders,wsaenumnamespaceprovidersa,wsaenumnamespaceprovidersw,wsaenumnetworkevents,wsaenumprotocols,wsaenumprotocolsa,wsaenumprotocolsw,wsaeventselect,wsagetlasterror,wsagetoverlappedresult,wsahtonl,wsahtons,wsaioctl,wsajoinleaf,wsalookupservicebegin,wsalookupservicebegina,wsalookupservicebeginw,wsalookupserviceend,wsalookupservicenext,wsalookupservicenexta,wsalookupservicenextw,wsanamespace_info,wsanamespace_infoa,wsanamespace_infow,wsanetworkevents,wsanspioctl,wsantohl,wsantohs,wsaoverlapped,wsaprotocol_info,wsaprotocol_infoa,wsaprotocol_infow,wsaprotocolchain,wsaqueryset,wsaqueryseta,wsaquerysetw,wsarecv,wsarecvfrom,wsaresetevent,wsasend,wsasendto,wsaserviceclassinfo,wsaserviceclassinfoa,wsaserviceclassinfow,wsasetevent,wsasetlasterror,wsasetservice,wsasetservicea,wsasetservicew,wsasocket,wsasocketa,wsasocketw,wsastartup,wsastringtoaddress,wsastringtoaddressa,wsastringtoaddressw,wsawaitformultipleevents
winsock2.h, ws2bth.h	2	learn/windows-embedded-ce-6.0	winsock2.h, ws2bth.h	getsockopt,setsockopt
winternl.h	1	win32/api/winternl	winternl.h	string
wintrust.h	1	win32/api/wintrust	wintrust.h	win_certificate
winuser.h	618	learn/windows-embedded-ce-6.0,msdn-library/windows-mobile-6.5,win32/api/winuser	winuser.h	accel,accesstimeout,activatekeyboardlayout,adjustwindowrectex,allkeys,appendmenu,appendmenua,appendmenuw,begindeferwindowpos,beginpaint,bm_click,bm_getcheck,bm_getstate,bm_setcheck,bm_setstate,bm_setstyle,bn_clicked,bn_killfocus,bn_setfocus,bringwindowtotop,callwindowproc,callwindowproca,callwindowprocw,cb_addstring,cb_deletestring,cb_findstring,cb_findstringexact,cb_getcomboboxinfo,cb_getcount,cb_getcursel,cb_getdroppedcontrolrect,cb_getdroppedstate,cb_getdroppedwidth,cb_geteditsel,cb_getextendedui,cb_gethorizontalextent,cb_getitemdata,cb_getitemheight,cb_getlbtext,cb_getlbtextlen,cb_getlocale,cb_gettopindex,cb_initstorage,cb_insertstring,cb_limittext,cb_resetcontent,cb_selectstring,cb_setcursel,cb_setdroppedwidth,cb_seteditsel,cb_setextendedui,cb_sethorizontalextent,cb_setitemdata,cb_setitemheight,cb_setlocale,cb_settopindex,cb_showdropdown,cbn_closeup,cbn_dblclk,cbn_dropdown,cbn_editchange,cbn_editupdate,cbn_errspace,cbn_killfocus,cbn_selchange,cbn_selendcancel,cbn_selendok,cbn_setfocus,cdm_setdefext,changedisplaysettingsexa,changedisplaysettingsexw,charlowera,charlowerbuffa,charlowerbuffw,charlowerw,charnexta,charnextw,charpreva,charprevw,charuppera,charupperbuffa,charupperbuffw,charupperw,checkdlgbutton,checkmenuitem,checkmenuradioitem,checkradiobutton,childwindowfrompoint,clienttoscreen,clipcursor,closeclipboard,closegestureinfohandle,comboboxinfo,copydatastruct,copyrect,countclipboardformats,createacceleratortable,createacceleratortablea,createacceleratortablew,createcaret,createcursor,createdialog,createdialoga,createdialogindirect,createdialogindirecta,createdialogindirectparam,createdialogindirectparama,createdialogindirectparamw,createdialogindirectw,createdialogparam,createdialogparama,createdialogparamw,createdialogw,createiconindirect,createmenu,createpopupmenu,createstruct,createstructa,createstructw,createwindow,createwindowa,createwindowex,createwindowexa,createwindowexw,createwindoww,defdlgproc,defdlgproca,defdlgprocw,deferwindowpos,defwindowproc,defwindowproca,defwindowprocw,deleteitemstruct,deletemenu,destroyacceleratortable,destroycaret,destroycursor,destroyicon,destroymenu,destroywindow,dialogbox,dialogboxa,dialogboxindirect,dialogboxindirecta,dialogboxindirectparam,dialogboxindirectparama,dialogboxindirectparamw,dialogboxindirectw,dialogboxparam,dialogboxparama,dialogboxparamw,dialogboxw,dispatchmessage,dispatchmessagea,dispatchmessagew,dlgitemtemplate,dlgtemplate,dlgtemplateex,dm_getdefid,dm_setdefid,drawedge,drawfocusrect,drawframecontrol,drawicon,drawiconex,drawitemstruct,drawmenubar,drawtext,drawtexta,drawtextw,emptyclipboard,enablehardwarekeyboard,enablemenuitem,enablewindow,enddeferwindowpos,enddialog,endpaint,enumclipboardformats,enumdisplaydevicesa,enumdisplaydevicesw,enumdisplaymonitors,enumdisplaysettingsa,enumdisplaysettingsw,enumpropsexa,enumpropsexw,enumwindows,enumwindowsproc,equalrect,fillrect,findwindow,findwindowa,findwindoww,gestureinfo,getactivewindow,getasynckeystate,getcapture,getcaretblinktime,getcaretpos,getclassinfo,getclassinfoa,getclassinfow,getclasslong,getclasslonga,getclasslongw,getclassname,getclassnamea,getclassnamew,getclientrect,getclipboarddata,getclipboarddataalloc,getclipboardformatname,getclipboardformatnamea,getclipboardformatnamew,getclipboardowner,getclipcursor,getcursor,getcursorpos,getdc,getdcex,getdesktopwindow,getdialogbaseunits,getdlgctrlid,getdlgitem,getdlgitemint,getdlgitemtext,getdlgitemtexta,getdlgitemtextw,getdoubleclicktime,getfocus,getforegroundwindow,getgestureinfo,geticoninfo,getkeyboardlayout,getkeyboardlayoutlist,getkeyboardlayoutname,getkeyboardlayoutnamea,getkeyboardlayoutnamew,getkeyboardstatus,getkeyboardtype,getkeystate,getmenuiteminfo,getmenuiteminfoa,getmenuiteminfow,getmessage,getmessagea,getmessagepos,getmessagesource,getmessagew,getmonitorinfoa,getmonitorinfow,getnextdlggroupitem,getnextdlgtabitem,getopenclipboardwindow,getparent,getpriorityclipboardformat,getpropa,getpropw,getqueuestatus,getscrollinfo,getsubmenu,getsyscolor,getsyscolorbrush,getsystemmenu,getsystemmetrics,getupdaterect,getupdatergn,getwindow,getwindowdc,getwindowlong,getwindowlonga,getwindowlongw,getwindowrect,getwindowrgn,getwindowtext,getwindowtexta,getwindowtextlength,getwindowtextlengtha,getwindowtextlengthw,getwindowtextw,getwindowthreadprocessid,hidecaret,highcontrast,highcontrasta,highcontrastw,iconinfo,inflaterect,input,insendmessage,insertmenu,insertmenua,insertmenuw,intersectrect,invalidaterect,invalidatergn,invertrect,ischaralphaa,ischaralphanumerica,ischaralphanumericw,ischaralphaw,ischarlowera,ischarlowerw,ischaruppera,ischarupperw,ischild,isclipboardformatavailable,isdialogmessage,isdialogmessagea,isdialogmessagew,isdlgbuttonchecked,isrectempty,iswindow,iswindowenabled,iswindowvisible,keybd_event,keybdinput,killtimer,lb_addstring,lb_deletestring,lb_findstring,lb_findstringexact,lb_getanchorindex,lb_getcaretindex,lb_getcount,lb_getcursel,lb_gethorizontalextent,lb_getitemdata,lb_getitemheight,lb_getitemrect,lb_getlocale,lb_getsel,lb_getselcount,lb_getselitems,lb_gettext,lb_gettextlen,lb_gettopindex,lb_initstorage,lb_insertstring,lb_itemfrompoint,lb_resetcontent,lb_selectstring,lb_selitemrange,lb_selitemrangeex,lb_setanchorindex,lb_setcaretindex,lb_setcolumnwidth,lb_setcursel,lb_sethorizontalextent,lb_setitemdata,lb_setitemheight,lb_setlocale,lb_setsel,lb_settabstops,lb_settopindex,lbn_dblclk,lbn_errspace,lbn_killfocus,lbn_selcancel,lbn_selchange,lbn_setfocus,loadaccelerators,loadacceleratorsa,loadacceleratorsw,loadbitmap,loadbitmapa,loadbitmapw,loadcursor,loadcursora,loadcursorw,loadicon,loadicona,loadiconw,loadimage,loadimagea,loadimagew,loadkeyboardlayout,loadkeyboardlayouta,loadkeyboardlayoutw,loadmenu,loadmenua,loadmenuw,loadstringa,loadstringw,makeintresource,makeintresourcea,makeintresourcew,makelparam,makelresult,makewparam,mapdialogrect,mapvirtualkey,mapvirtualkeya,mapvirtualkeyw,mapwindowpoints,measureitemstruct,menuiteminfo,menuiteminfoa,menuiteminfow,messagebeep,messagebox,messageboxa,messageboxw,monitorenumproc,monitorfrompoint,monitorfromrect,monitorfromwindow,monitorinfo,monitorinfoexa,monitorinfoexw,mouse_event,mouseinput,mousekeys,movewindow,msg,msgwaitformultipleobjects,msgwaitformultipleobjectsex,nmhdr,offsetrect,openclipboard,paintstruct,peekmessage,peekmessagea,peekmessagew,pointstopoint,postkeybdmessage,postmessage,postmessagea,postmessagew,postquitmessage,postthreadmessage,postthreadmessagea,postthreadmessagew,propenumprocexa,propenumprocexw,ptinrect,redrawwindow,registerclass,registerclassa,registerclassw,registerclipboardformat,registerclipboardformata,registerclipboardformatw,registerhotkey,registerwindowmessage,registerwindowmessagea,registerwindowmessagew,releasecapture,releasedc,removemenu,removepropa,removepropw,screentoclient,scrolldc,scrollinfo,scrollwindowex,senddlgitemmessage,senddlgitemmessagea,senddlgitemmessagew,sendinput,sendmessage,sendmessagea,sendmessagetimeouta,sendmessagetimeoutw,sendmessagew,sendnotifymessage,sendnotifymessagea,sendnotifymessagew,setactivewindow,setcapture,setcaretblinktime,setcaretpos,setclasslong,setclasslonga,setclasslongw,setclipboarddata,setcursor,setcursorpos,setdlgitemint,setdlgitemtext,setdlgitemtexta,setdlgitemtextw,setfocus,setforegroundwindow,setmenuiteminfo,setmenuiteminfoa,setmenuiteminfow,setparent,setpropa,setpropw,setrect,setrectempty,setscrollinfo,setscrollpos,setscrollrange,setsyscolors,settimer,setwindowlong,setwindowlonga,setwindowlongw,setwindowpos,setwindowrgn,setwindowtext,setwindowtexta,setwindowtextw,showcaret,showcursor,showwindow,soundsentry,soundsentrya,soundsentryw,stickykeys,stylestruct,subtractrect,systemidletimerreset,systemparametersinfo,systemparametersinfoa,systemparametersinfow,timerproc,tlsalloc,togglekeys,tpmparams,trackpopupmenu,trackpopupmenuex,translateaccelerator,translateacceleratora,translateacceleratorw,translatemessage,unionrect,unregisterclass,unregisterclassa,unregisterclassw,unregisterhotkey,updatewindow,validaterect,validatergn,windowfrompoint,windowinfo,windowpos,windowproc,winmain,wm_activate,wm_app,wm_cancelmode,wm_char,wm_clear,wm_close,wm_command,wm_contextmenu,wm_copy,wm_copydata,wm_create,wm_ctlcolorbtn,wm_ctlcolordlg,wm_ctlcolorlistbox,wm_ctlcolorscrollbar,wm_ctlcolorstatic,wm_cut,wm_deleteitem,wm_destroy,wm_drawitem,wm_enable,wm_entermenuloop,wm_erasebkgnd,wm_exitmenuloop,wm_fontchange,wm_getdlgcode,wm_getfont,wm_geticon,wm_gettext,wm_gettextlength,wm_help,wm_hibernate,wm_hotkey,wm_hscroll,wm_im_info,wm_initdialog,wm_initmenupopup,wm_keydown,wm_keyfirst,wm_keylast,wm_keyup,wm_killfocus,wm_measureitem,wm_menuchar,wm_move,wm_nextdlgctl,wm_notify,wm_paint,wm_paste,wm_quit,wm_rasdialevent,wm_renderallformats,wm_renderformat,wm_setcursor,wm_setfocus,wm_setfont,wm_seticon,wm_setredraw,wm_settext,wm_settingchange,wm_size,wm_stylechanged,wm_syschar,wm_syscolorchange,wm_syscommand,wm_sysdeadchar,wm_syskeydown,wm_syskeyup,wm_timer,wm_user,wm_vscroll,wm_windowposchanged,wndclass,wndclassa,wndclassw,wsprintfa,wsprintfw,wvsprintfa,wvsprintfw
winver.h	6	win32/api/winver	winver.h	getfileversioninfoa,getfileversioninfosizea,getfileversioninfosizew,getfileversioninfow,verqueryvaluea,verqueryvaluew
wmdrm10nd.h	3	learn/windows-embedded-ce-6.0	wmdrm10nd.h	drm_nd_deregisterfromservice,drm_nd_init,drm_nd_registerwithservice
wmp.h	93	win32/api/wmp	wmp.h	iwmpcontrols3get_currentpositiontimecode,iwmpcontrols3getlanguagename,iwmpcontrols3put_currentpositiontimecode,iwmpcontrolsfastforward,iwmpcontrolsfastreverse,iwmpcontrolsget_currentitem,iwmpcontrolsget_currentposition,iwmpcontrolsget_currentpositionstring,iwmpcontrolsget_isavailable,iwmpcontrolsnext,iwmpcontrolspause,iwmpcontrolsplay,iwmpcontrolsplayitem,iwmpcontrolsprevious,iwmpcontrolsput_currentitem,iwmpcontrolsput_currentposition,iwmpcontrolsstop,iwmpcoreclose,iwmpcoreget_controls,iwmpcoreget_currentmedia,iwmpcoreget_currentplaylist,iwmpcoreget_error,iwmpcoreget_openstate,iwmpcoreget_playstate,iwmpcoreget_settings,iwmpcoreget_status,iwmpcoreget_url,iwmpcoreget_versioninfo,iwmpcoreput_currentmedia,iwmpcoreput_url,iwmperrorclearerrorqueue,iwmperrorget_errorcount,iwmperrorget_item,iwmperroritemget_errorcode,iwmperroritemget_errordescription,iwmpeventsaudiolanguagechange,iwmpeventsbuffering,iwmpeventsclick,iwmpeventscurrentitemchange,iwmpeventscurrentplaylistchange,iwmpeventsdisconnect,iwmpeventsdoubleclick,iwmpeventsendofstream,iwmpeventserror,iwmpeventskeydown,iwmpeventskeypress,iwmpeventskeyup,iwmpeventsmarkerhit,iwmpeventsmousedown,iwmpeventsmousemove,iwmpeventsmouseup,iwmpeventsnewstream,iwmpeventsopenstatechange,iwmpeventsplaystatechange,iwmpeventspositionchange,iwmpeventsstatuschange,iwmpmediaget_attributecount,iwmpmediaget_duration,iwmpmediaget_durationstring,iwmpmediaget_imagesourceheight,iwmpmediaget_imagesourcewidth,iwmpmediaget_isidentical,iwmpmediaget_name,iwmpmediaget_sourceurl,iwmpmediagetattributename,iwmpmediagetiteminfo,iwmpplayerget_enablecontextmenu,iwmpplayerget_enabled,iwmpplayerget_fullscreen,iwmpplayerget_uimode,iwmpplayerput_enablecontextmenu,iwmpplayerput_enabled,iwmpplayerput_fullscreen,iwmpplayerput_uimode,iwmpplaylistget_attributecount,iwmpplaylistget_attributename,iwmpplaylistget_count,iwmpplaylistget_isidentical,iwmpplaylistget_item,iwmpplaylistget_name,iwmpplaylistgetiteminfo,iwmpsettings2get_defaultaudiolanguage,iwmpsettingsget_autostart,iwmpsettingsget_balance,iwmpsettingsget_enableerrordialogs,iwmpsettingsget_isavailable,iwmpsettingsget_mute,iwmpsettingsget_volume,iwmpsettingsput_autostart,iwmpsettingsput_balance,iwmpsettingsput_enableerrordialogs,iwmpsettingsput_mute,iwmpsettingsput_volume
wmsdkidl.h	4	win32/api/wmsdkidl	wmsdkidl.h	drm_minimum_output_protection_levels,drm_opl_output_ids,drm_play_opl,drm_video_output_protection_ids
ws2bth.h	9	learn/windows-embedded-ce-6.0,win32/api/ws2bth	ws2bth.h	bth_hold_mode,bth_local_version,bth_park_mode,bth_remote_name,bth_remote_version,bth_sniff_mode,bth_sockopt_security,bthinquiryresult,sockaddr_bth
ws2def.h	8	win32/api/ws2def	ws2def.h	addrinfoa,addrinfow,csaddr_info,scope_level,sockaddr,sockaddr_in,socket_address,wsabuf
ws2spi.h	57	learn/windows-embedded-ce-6.0,win32/api/ws2spi	ws2spi.h	nsp_routine,nspcleanup,nspgetserviceclassinfo,nspinstallserviceclass,nsplookupservicebegin,nsplookupserviceend,nsplookupservicenext,nspremoveserviceclass,nspsetservice,nspstartup,wpucloseevent,wpuclosesockethandle,wpucompleteoverlappedrequest,wpucreateevent,wpucreatesockethandle,wpufdisset,wpugetproviderpath,wpuqueryblockingcallback,wpuquerysockethandlecontext,wpuresetevent,wpusetevent,wsathreadid,wscdeinstallprovider,wscenumprotocols,wscinstallnamespace,wscinstallprovider,wscuninstallnamespace,wspaccept,wspaddresstostring,wspasyncselect,wspbind,wspcleanup,wspclosesocket,wspconnect,wspdata,wspduplicatesocket,wspenumnetworkevents,wspeventselect,wspgetoverlappedresult,wspgetpeername,wspgetsockname,wspgetsockopt,wspioctl,wspjoinleaf,wsplisten,wsprecv,wsprecvdisconnect,wsprecvfrom,wspselect,wspsend,wspsenddisconnect,wspsendto,wspsetsockopt,wspshutdown,wspsocket,wspstartup,wspstringtoaddress
ws2tcpip.h	9	learn/windows-embedded-ce-6.0,win32/api/ws2tcpip	ws2tcpip.h	addrinfo,freeaddrinfo,freeaddrinfow,getaddrinfo,getaddrinfow,getnameinfo,getnameinfow,in6_addr,sockaddr_in6
wsdapi.h	235	learn/windows-embedded-ce-6.0	wsdapi.h	iwsdaddressdeserialize,iwsdaddressserialize,iwsdasynccallbackasyncoperationcomplete,iwsdasyncresultabort,iwsdasyncresultgetasyncstate,iwsdasyncresultgetendpointproxy,iwsdasyncresultgetevent,iwsdasyncresulthascompleted,iwsdasyncresultsetcallback,iwsdasyncresultsetwaithandle,iwsdattachment,iwsddevicehostadddynamicservice,iwsddevicehostinit,iwsddevicehostnotifygetservice,iwsddevicehostregisterporttype,iwsddevicehostregisterservice,iwsddevicehostremovedynamicservice,iwsddevicehostretireservice,iwsddevicehostsetmetadata,iwsddevicehostsetservicediscoverable,iwsddevicehostsignalevent,iwsddevicehoststart,iwsddevicehoststop,iwsddevicehostterminate,iwsddeviceproxybegingetmetadata,iwsddeviceproxyendgetmetadata,iwsddeviceproxygetallmetadata,iwsddeviceproxygetendpointproxy,iwsddeviceproxygethostmetadata,iwsddeviceproxygetserviceproxybyid,iwsddeviceproxygetserviceproxybytype,iwsddeviceproxygetthisdevicemetadata,iwsddeviceproxygetthismodelmetadata,iwsddeviceproxyinit,iwsdendpointproxyabortasyncoperation,iwsdendpointproxygeterrorinfo,iwsdendpointproxygetfaultinfo,iwsdendpointproxyprocessfault,iwsdendpointproxysendonewayrequest,iwsdendpointproxysendtwowayrequest,iwsdendpointproxysendtwowayrequestasync,iwsdeventingstatussubscriptionended,iwsdeventingstatussubscriptionrenewalfailed,iwsdeventingstatussubscriptionrenewed,iwsdhttpaddressgetpath,iwsdhttpaddressgetsecure,iwsdhttpaddresssetpath,iwsdhttpaddresssetsecure,iwsdhttpmessageparametersclear,iwsdhttpmessageparametersgetcontext,iwsdhttpmessageparametersgetid,iwsdhttpmessageparametersgetinboundhttpheaders,iwsdhttpmessageparametersgetoutboundhttpheaders,iwsdhttpmessageparameterssetcontext,iwsdhttpmessageparameterssetid,iwsdhttpmessageparameterssetinboundhttpheaders,iwsdhttpmessageparameterssetoutboundhttpheaders,iwsdinboundattachmentclose,iwsdinboundattachmentread,iwsdiscoveredservicegetendpointreference,iwsdiscoveredservicegetextendeddiscoxml,iwsdiscoveredservicegetinstanceid,iwsdiscoveredservicegetlocalinterfaceguid,iwsdiscoveredservicegetlocaltransportaddress,iwsdiscoveredservicegetmetadataversion,iwsdiscoveredservicegetproberesolvetag,iwsdiscoveredservicegetremotetransportaddress,iwsdiscoveredservicegetscopes,iwsdiscoveredservicegettypes,iwsdiscoveredservicegetxaddrs,iwsdiscoveryproviderattach,iwsdiscoveryproviderdetach,iwsdiscoveryprovidergetxmlcontext,iwsdiscoveryprovidernotifyadd,iwsdiscoveryprovidernotifyremove,iwsdiscoveryprovidernotifysearchcomplete,iwsdiscoveryprovidernotifysearchfailed,iwsdiscoveryprovidersearchbyaddress,iwsdiscoveryprovidersearchbyid,iwsdiscoveryprovidersearchbytype,iwsdiscoveryprovidersetaddressfamily,iwsdiscoverypublishergetxmlcontext,iwsdiscoverypublishermatchprobe,iwsdiscoverypublishermatchprobeex,iwsdiscoverypublishermatchresolve,iwsdiscoverypublishermatchresolveex,iwsdiscoverypublishernotifyprobehandler,iwsdiscoverypublishernotifyresolvehandler,iwsdiscoverypublisherpublish,iwsdiscoverypublisherpublishex,iwsdiscoverypublisherregisternotificationsink,iwsdiscoverypublisherregisterscopematchingrule,iwsdiscoverypublishersetaddressfamily,iwsdiscoverypublisherunpublish,iwsdiscoverypublisherunregisternotificationsink,iwsdiscoverypublisherunregisterscopematchingrule,iwsdmessageparametersgetlocaladdress,iwsdmessageparametersgetlowerparameters,iwsdmessageparametersgetremoteaddress,iwsdmessageparameterssetlocaladdress,iwsdmessageparameterssetremoteaddress,iwsdmetadataexchangegetmetadata,iwsdoutboundattachmentabort,iwsdoutboundattachmentclose,iwsdoutboundattachmentwrite,iwsdscopematchingrulegetscoperule,iwsdscopematchingrulematchscopes,iwsdservicemessagingfaultrequest,iwsdservicemessagingsendresponse,iwsdserviceproxybegingetmetadata,iwsdserviceproxyendgetmetadata,iwsdserviceproxygetendpointproxy,iwsdserviceproxygetservicemetadata,iwsdserviceproxyseteventingstatuscallback,iwsdserviceproxysubscribetooperation,iwsdserviceproxyunsubscribetooperation,iwsdtransportaddressgetport,iwsdtransportaddressgettransportaddress,iwsdtransportaddressgettransportaddressex,iwsdtransportaddresssetport,iwsdtransportaddresssettransportaddress,iwsdudpaddressgetalias,iwsdudpaddressgetexclusive,iwsdudpaddressgetmessagetype,iwsdudpaddressgetsockaddr,iwsdudpaddressgetttl,iwsdudpaddresssetalias,iwsdudpaddresssetexclusive,iwsdudpaddresssetmessagetype,iwsdudpaddresssetsockaddr,iwsdudpaddresssetttl,iwsdudpmessageparametersgetretransmitparams,iwsdudpmessageparameterssetretransmitparams,iwsdxmlcontextaddnamespace,iwsdxmlcontextaddnametonamespace,iwsdxmlcontextsetnamespaces,iwsdxmlcontextsettypes,pwsd_soap_message_handler,requestbody_getstatus,requestbody_renew,requestbody_subscribe,requestbody_unsubscribe,responsebody_getmetadata,responsebody_getstatus,responsebody_renew,responsebody_subscribe,responsebody_subscriptionend,wsd_app_sequence,wsd_bye,wsd_datetime,wsd_duration,wsd_endpoint_reference,wsd_endpoint_reference_list,wsd_event,wsd_eventing_delivery_mode,wsd_eventing_delivery_mode_push,wsd_eventing_expires,wsd_eventing_filter,wsd_eventing_filter_action,wsd_handler_context,wsd_header_relatesto,wsd_hello,wsd_host_metadata,wsd_localized_string,wsd_localized_string_list,wsd_metadata_section,wsd_metadata_section_list,wsd_name_list,wsd_operation,wsd_port_type,wsd_probe,wsd_probe_match,wsd_probe_match_list,wsd_probe_matches,wsd_protocol_type,wsd_reference_parameters,wsd_reference_properties,wsd_relationship_metadata,wsd_resolve,wsd_resolve_match,wsd_resolve_matches,wsd_scopes,wsd_service_metadata,wsd_service_metadata_list,wsd_soap_fault,wsd_soap_fault_code,wsd_soap_fault_reason,wsd_soap_fault_subcode,wsd_soap_header,wsd_soap_message,wsd_stub_function,wsd_synchronous_response_context,wsd_this_device_metadata,wsd_this_model_metadata,wsd_unknown_lookup,wsd_uri_list,wsdallocatelinkedmemory,wsdattachlinkedmemory,wsdcreatedevicehost,wsdcreatedevicehostadvanced,wsdcreatedeviceproxy,wsdcreatedeviceproxyadvanced,wsdcreatediscoveryprovider,wsdcreatediscoverypublisher,wsdcreatehttpaddress,wsdcreatehttpmessageparameters,wsdcreateoutboundattachment,wsdcreateudpaddress,wsdcreateudpmessageparameters,wsddetachlinkedmemory,wsdeventtype,wsdfreelinkedmemory,wsdgeneratefault,wsdgeneratefaultex,wsdgetconfigurationoption,wsdregisternamespaces,wsdsetconfigurationoption,wsdudpmessagetype,wsdudpretransmitparams,wsdxml_attribute,wsdxml_element,wsdxml_element_list,wsdxml_name,wsdxml_namespace,wsdxml_node,wsdxml_prefix_mapping,wsdxml_text,wsdxml_type,wsdxmladdchild,wsdxmladdsibling,wsdxmlbuildanyforsingleelement,wsdxmlcleanupelement,wsdxmlcreatecontext,wsdxmlgetnamefrombuiltinnamespace,wsdxmlgetvaluefromany
wsdattachment.h	7	win32/api/wsdattachment	wsdattachment.h	iwsdattachment,iwsdinboundattachmentclose,iwsdinboundattachmentread,iwsdoutboundattachmentabort,iwsdoutboundattachmentclose,iwsdoutboundattachmentwrite,wsdcreateoutboundattachment
wsdbase.h	43	win32/api/wsdbase	wsdbase.h	iwsdaddressdeserialize,iwsdaddressserialize,iwsdhttpaddressgetpath,iwsdhttpaddressgetsecure,iwsdhttpaddresssetpath,iwsdhttpaddresssetsecure,iwsdhttpmessageparametersclear,iwsdhttpmessageparametersgetcontext,iwsdhttpmessageparametersgetid,iwsdhttpmessageparametersgetinboundhttpheaders,iwsdhttpmessageparametersgetoutboundhttpheaders,iwsdhttpmessageparameterssetcontext,iwsdhttpmessageparameterssetid,iwsdhttpmessageparameterssetinboundhttpheaders,iwsdhttpmessageparameterssetoutboundhttpheaders,iwsdmessageparametersgetlocaladdress,iwsdmessageparametersgetlowerparameters,iwsdmessageparametersgetremoteaddress,iwsdmessageparameterssetlocaladdress,iwsdmessageparameterssetremoteaddress,iwsdtransportaddressgetport,iwsdtransportaddressgettransportaddress,iwsdtransportaddressgettransportaddressex,iwsdtransportaddresssetport,iwsdtransportaddresssettransportaddress,iwsdudpaddressgetalias,iwsdudpaddressgetexclusive,iwsdudpaddressgetmessagetype,iwsdudpaddressgetsockaddr,iwsdudpaddressgetttl,iwsdudpaddresssetalias,iwsdudpaddresssetexclusive,iwsdudpaddresssetmessagetype,iwsdudpaddresssetsockaddr,iwsdudpaddresssetttl,iwsdudpmessageparametersgetretransmitparams,iwsdudpmessageparameterssetretransmitparams,wsdcreatehttpaddress,wsdcreatehttpmessageparameters,wsdcreateudpaddress,wsdcreateudpmessageparameters,wsdudpmessagetype,wsdudpretransmitparams
wsdclient.h	38	win32/api/wsdclient	wsdclient.h	iwsdasynccallbackasyncoperationcomplete,iwsdasyncresultabort,iwsdasyncresultgetasyncstate,iwsdasyncresultgetendpointproxy,iwsdasyncresultgetevent,iwsdasyncresulthascompleted,iwsdasyncresultsetcallback,iwsdasyncresultsetwaithandle,iwsddeviceproxybegingetmetadata,iwsddeviceproxyendgetmetadata,iwsddeviceproxygetallmetadata,iwsddeviceproxygetendpointproxy,iwsddeviceproxygethostmetadata,iwsddeviceproxygetserviceproxybyid,iwsddeviceproxygetserviceproxybytype,iwsddeviceproxygetthisdevicemetadata,iwsddeviceproxygetthismodelmetadata,iwsddeviceproxyinit,iwsdendpointproxyabortasyncoperation,iwsdendpointproxygeterrorinfo,iwsdendpointproxygetfaultinfo,iwsdendpointproxyprocessfault,iwsdendpointproxysendonewayrequest,iwsdendpointproxysendtwowayrequest,iwsdendpointproxysendtwowayrequestasync,iwsdeventingstatussubscriptionended,iwsdeventingstatussubscriptionrenewalfailed,iwsdeventingstatussubscriptionrenewed,iwsdmetadataexchangegetmetadata,iwsdserviceproxybegingetmetadata,iwsdserviceproxyendgetmetadata,iwsdserviceproxygetendpointproxy,iwsdserviceproxygetservicemetadata,iwsdserviceproxyseteventingstatuscallback,iwsdserviceproxysubscribetooperation,iwsdserviceproxyunsubscribetooperation,wsdcreatedeviceproxy,wsdcreatedeviceproxyadvanced
wsddisco.h	41	win32/api/wsddisco	wsddisco.h	iwsdiscoveredservicegetendpointreference,iwsdiscoveredservicegetextendeddiscoxml,iwsdiscoveredservicegetinstanceid,iwsdiscoveredservicegetlocalinterfaceguid,iwsdiscoveredservicegetlocaltransportaddress,iwsdiscoveredservicegetmetadataversion,iwsdiscoveredservicegetproberesolvetag,iwsdiscoveredservicegetremotetransportaddress,iwsdiscoveredservicegetscopes,iwsdiscoveredservicegettypes,iwsdiscoveredservicegetxaddrs,iwsdiscoveryproviderattach,iwsdiscoveryproviderdetach,iwsdiscoveryprovidergetxmlcontext,iwsdiscoveryprovidernotifyadd,iwsdiscoveryprovidernotifyremove,iwsdiscoveryprovidernotifysearchcomplete,iwsdiscoveryprovidernotifysearchfailed,iwsdiscoveryprovidersearchbyaddress,iwsdiscoveryprovidersearchbyid,iwsdiscoveryprovidersearchbytype,iwsdiscoveryprovidersetaddressfamily,iwsdiscoverypublishergetxmlcontext,iwsdiscoverypublishermatchprobe,iwsdiscoverypublishermatchprobeex,iwsdiscoverypublishermatchresolve,iwsdiscoverypublishermatchresolveex,iwsdiscoverypublishernotifyprobehandler,iwsdiscoverypublishernotifyresolvehandler,iwsdiscoverypublisherpublish,iwsdiscoverypublisherpublishex,iwsdiscoverypublisherregisternotificationsink,iwsdiscoverypublisherregisterscopematchingrule,iwsdiscoverypublishersetaddressfamily,iwsdiscoverypublisherunpublish,iwsdiscoverypublisherunregisternotificationsink,iwsdiscoverypublisherunregisterscopematchingrule,iwsdscopematchingrulegetscoperule,iwsdscopematchingrulematchscopes,wsdcreatediscoveryprovider,wsdcreatediscoverypublisher
wsdhost.h	17	win32/api/wsdhost	wsdhost.h	iwsddevicehostadddynamicservice,iwsddevicehostinit,iwsddevicehostnotifygetservice,iwsddevicehostregisterporttype,iwsddevicehostregisterservice,iwsddevicehostremovedynamicservice,iwsddevicehostretireservice,iwsddevicehostsetmetadata,iwsddevicehostsetservicediscoverable,iwsddevicehostsignalevent,iwsddevicehoststart,iwsddevicehoststop,iwsddevicehostterminate,iwsdservicemessagingfaultrequest,iwsdservicemessagingsendresponse,wsdcreatedevicehost,wsdcreatedevicehostadvanced
wsdtypes.h	58	win32/api/wsdtypes	wsdtypes.h	pwsd_soap_message_handler,requestbody_getstatus,requestbody_renew,requestbody_subscribe,requestbody_unsubscribe,responsebody_getmetadata,responsebody_getstatus,responsebody_renew,responsebody_subscribe,responsebody_subscriptionend,wsd_app_sequence,wsd_bye,wsd_endpoint_reference,wsd_endpoint_reference_list,wsd_event,wsd_eventing_delivery_mode,wsd_eventing_delivery_mode_push,wsd_eventing_expires,wsd_eventing_filter,wsd_eventing_filter_action,wsd_handler_context,wsd_header_relatesto,wsd_hello,wsd_host_metadata,wsd_localized_string,wsd_localized_string_list,wsd_metadata_section,wsd_metadata_section_list,wsd_name_list,wsd_operation,wsd_port_type,wsd_probe,wsd_probe_match,wsd_probe_match_list,wsd_probe_matches,wsd_protocol_type,wsd_reference_parameters,wsd_reference_properties,wsd_relationship_metadata,wsd_resolve,wsd_resolve_match,wsd_resolve_matches,wsd_scopes,wsd_service_metadata,wsd_service_metadata_list,wsd_soap_fault,wsd_soap_fault_code,wsd_soap_fault_reason,wsd_soap_fault_subcode,wsd_soap_header,wsd_soap_message,wsd_stub_function,wsd_synchronous_response_context,wsd_this_device_metadata,wsd_this_model_metadata,wsd_unknown_lookup,wsd_uri_list,wsdeventtype
wsdutil.h	13	win32/api/wsdutil	wsdutil.h	wsdallocatelinkedmemory,wsdattachlinkedmemory,wsddetachlinkedmemory,wsdfreelinkedmemory,wsdgeneratefault,wsdgeneratefaultex,wsdgetconfigurationoption,wsdsetconfigurationoption,wsdxmladdchild,wsdxmladdsibling,wsdxmlbuildanyforsingleelement,wsdxmlcleanupelement,wsdxmlgetvaluefromany
wsdxml.h	8	win32/api/wsdxml	wsdxml.h	iwsdxmlcontextaddnamespace,iwsdxmlcontextaddnametonamespace,iwsdxmlcontextsetnamespaces,iwsdxmlcontextsettypes,wsd_datetime,wsd_duration,wsdxmlcreatecontext,wsdxmlgetnamefrombuiltinnamespace
wsdxmldom.h	9	win32/api/wsdxmldom	wsdxmldom.h	wsdxml_attribute,wsdxml_element,wsdxml_element_list,wsdxml_name,wsdxml_namespace,wsdxml_node,wsdxml_prefix_mapping,wsdxml_text,wsdxml_type
wsipv6ok.h	4	win32/api/wsipv6ok	wsipv6ok.h	gethostbyaddr,gethostbyname,inet_addr,inet_ntoa
wtypes.h	6	learn/windows-embedded-ce-6.0,win32/api/wtypes	wtypes.h	clsctx,coauthidentity,coauthinfo,coserverinfo,dvaspect,stgc
wtypesbase.h	5	win32/api/wtypesbase	wtypesbase.h	blob,clsctx,coauthidentity,coauthinfo,security_attributes
wzcsapi.h	22	learn/windows-embedded-ce-6.0	wzcsapi.h	intf_80211_capability,intf_entry,intf_entry_ex,intf_key_entry,intfs_key_table,wzc_802_11_config_list,wzc_context,wzc_eapol_params,wzc_wlan_config,wzcdeleteintfobj,wzcdeleteintfobjex,wzcenumeapextensions,wzcenuminterfaces,wzcpassword2key,wzcquerycontext,wzcqueryinterface,wzcqueryinterfaceex,wzcrefreshinterface,wzcrefreshinterfaceex,wzcsetcontext,wzcsetinterface,wzcsetinterfaceex
xrcustomcontrol.h	1	learn/windows-embedded-ce-6.0	xrcustomcontrol.h	xrcustomusercontrolimplonloaded
