module	entities	sets	as_printed	entity_names
af_irda	1	win32/api/af_irda	af_irda	sockaddr_irda
amvideo	38	win32/api/amvideo	amvideo	bit_masks_match,bitmasks,colors,dibsize,header,idirectdrawvideocanuseoverlaystretch,idirectdrawvideocanusescanline,idirectdrawvideogetcaps,idirectdrawvideogetdirectdraw,idirectdrawvideogetemulatedcaps,idirectdrawvideogetfourcccodes,idirectdrawvideogetsurfacedesc,idirectdrawvideogetsurfacetype,idirectdrawvideogetswitches,idirectdrawvideosetdefault,idirectdrawvideosetdirectdraw,idirectdrawvideosetswitches,idirectdrawvideouseoverlaystretch,idirectdrawvideousescanline,idirectdrawvideousewhenfullscreen,idirectdrawvideowillusefullscreen,iqualpropget_avgframerate,iqualpropget_avgsyncoffset,iqualpropget_devsyncoffset,iqualpropget_framesdrawn,iqualpropget_framesdroppedinrenderer,iqualpropget_jitter,mpeg1_sequence_info,mpeg1videoinfo,palette_entries,palettised,reset_header,reset_masks,reset_palette,size_mpeg1videoinfo,truecolorinfo,videoinfo,videoinfoheader
audiomediatype	1	win32/api/audiomediatype	audiomediatype	createaudiomediatype
aviriff	1	win32/api/aviriff	aviriff	avimainheader
bthsdpdef	3	win32/api/bthsdpdef	bthsdpdef	sdpattributerange,sdpqueryuuid,sdpqueryuuidunion
cchannel	6	win32/api/cchannel	cchannel	channel_entry_points,virtualchannelclose,virtualchannelentry,virtualchannelinit,virtualchannelopen,virtualchannelwrite
combaseapi	63	win32/api/combaseapi	combaseapi	clsidfromprogid,clsidfromstring,coaddrefserverprocess,cocopyproxy,cocreatefreethreadedmarshaler,cocreateguid,cocreateinstance,cocreateinstanceex,codisconnectobject,cofiletimenow,cofreeunusedlibraries,cofreeunusedlibrariesex,cogetcallcontext,cogetcallertid,cogetclassobject,cogetcurrentlogicalthreadid,cogetcurrentprocess,cogetinterfaceandreleasestream,cogetmalloc,cogetmarshalsizemax,cogetpsclsid,cogetstandardmarshal,cogettreatasclass,coimpersonateclient,coinitializeex,coinitializesecurity,coishandlerconnected,colockobjectexternal,comarshalhresult,comarshalinterface,comarshalinterthreadinterfaceinstream,coqueryauthenticationservices,coqueryclientblanket,coqueryproxyblanket,coregisterclassobject,coregisterpsclsid,coregistersurrogate,coreleasemarshaldata,coreleaseserverprocess,coresumeclassobjects,coreverttoself,corevokeclassobject,cosetproxyblanket,cosuspendclassobjects,coswitchcallcontext,cotaskmemalloc,cotaskmemfree,cotaskmemrealloc,couninitialize,counmarshalhresult,counmarshalinterface,createstreamonhglobal,dllcanunloadnow,dllgetclassobject,freepropvariantarray,gethglobalfromstream,iidfromstring,progidfromclsid,propvariantclear,propvariantcopy,stringfromclsid,stringfromguid2,stringfromiid
comcat	14	win32/api/comcat	comcat	icatinformation,icatinformationenumcategories,icatinformationenumclassesofcategories,icatinformationenumimplcategoriesofclass,icatinformationenumreqcategoriesofclass,icatinformationgetcategorydesc,icatinformationisclassofcategories,icatregister,icatregisterregistercategories,icatregisterregisterclassimplcategories,icatregisterregisterclassreqcategories,icatregisterunregistercategories,icatregisterunregisterclassimplcategories,icatregisterunregisterclassreqcategories
coml2api	8	win32/api/coml2api	coml2api	readclassstg,readclassstm,stgcreatedocfile,stgcreatedocfileonilockbytes,stgopenstorage,stgopenstorageonilockbytes,writeclassstg,writeclassstm
commctrl	335	win32/api/commctrl	commctrl	animate_close,animate_create,animate_open,animate_openex,animate_play,animate_seek,animate_stop,createstatuswindowa,createstatuswindoww,createtoolbarex,createupdowncontrol,datetime_getmonthcal,datetime_getmonthcalcolor,datetime_getmonthcalfont,datetime_getrange,datetime_getsystemtime,datetime_setformat,datetime_setmonthcalcolor,datetime_setmonthcalfont,datetime_setrange,datetime_setsystemtime,drawstatustexta,drawstatustextw,forward_wm_notify,handle_wm_notify,hdhittestinfo,hditema,hditemw,hdlayout,header_createdragimage,header_deleteitem,header_getimagelist,header_getitem,header_getitemcount,header_getitemrect,header_getorderarray,header_insertitem,header_layout,header_ordertoindex,header_sethotdivider,header_setimagelist,header_setitem,header_setorderarray,imageinfo,imagelist_add,imagelist_addicon,imagelist_addmasked,imagelist_begindrag,imagelist_copy,imagelist_create,imagelist_destroy,imagelist_dragenter,imagelist_dragleave,imagelist_dragmove,imagelist_dragshownolock,imagelist_draw,imagelist_drawex,imagelist_drawindirect,imagelist_duplicate,imagelist_enddrag,imagelist_extracticon,imagelist_getbkcolor,imagelist_getdragimage,imagelist_geticon,imagelist_geticonsize,imagelist_getimagecount,imagelist_getimageinfo,imagelist_loadbitmap,imagelist_loadimagea,imagelist_loadimagew,imagelist_merge,imagelist_remove,imagelist_removeall,imagelist_replace,imagelist_replaceicon,imagelist_setbkcolor,imagelist_setdragcursorimage,imagelist_seticonsize,imagelist_setimagecount,imagelist_setoverlayimage,imagelistdrawparams,indextooverlaymask,indextostateimagemask,initcommoncontrols,initcommoncontrolsex,listview_approximateviewrect,listview_arrange,listview_createdragimage,listview_deleteallitems,listview_deletecolumn,listview_deleteitem,listview_editlabel,listview_enablegroupview,listview_ensurevisible,listview_finditem,listview_getbkcolor,listview_getbkimage,listview_getcallbackmask,listview_getcheckstate,listview_getcolumn,listview_getcolumnorderarray,listview_getcolumnwidth,listview_getcountperpage,listview_geteditcontrol,listview_getextendedlistviewstyle,listview_getgroupcount,listview_getgroupinfo,listview_getgroupinfobyindex,listview_getgroupmetrics,listview_getheader,listview_getimagelist,listview_getisearchstring,listview_getitem,listview_getitemcount,listview_getitemposition,listview_getitemrect,listview_getitemspacing,listview_getitemstate,listview_getitemtext,listview_getnextitem,listview_getnumberofworkareas,listview_getorigin,listview_getselectedcount,listview_getselectionmark,listview_getstringwidth,listview_getsubitemrect,listview_gettextbkcolor,listview_gettextcolor,listview_gettooltips,listview_gettopindex,listview_getviewrect,listview_getworkareas,listview_hasgroup,listview_hittest,listview_insertcolumn,listview_insertgroup,listview_insertgroupsorted,listview_insertitem,listview_isgroupviewenabled,listview_mapidtoindex,listview_mapindextoid,listview_movegroup,listview_moveitemtogroup,listview_redrawitems,listview_removeallgroups,listview_removegroup,listview_scroll,listview_setbkcolor,listview_setbkimage,listview_setcallbackmask,listview_setcolumn,listview_setcolumnorderarray,listview_setcolumnwidth,listview_setextendedlistviewstyle,listview_setextendedlistviewstyleex,listview_setgroupinfo,listview_setgroupmetrics,listview_seticonspacing,listview_setimagelist,listview_setinfotip,listview_setitem,listview_setitemcount,listview_setitemcountex,listview_setitemposition,listview_setitemposition32,listview_setitemstate,listview_setitemtext,listview_setselectionmark,listview_settextbkcolor,listview_settextcolor,listview_settooltips,listview_setworkareas,listview_sortgroups,listview_sortitems,listview_subitemhittest,listview_update,lvbkimagea,lvbkimagew,lvcolumna,lvcolumnw,lvfindinfoa,lvfindinfow,lvgroup,lvgroupmetrics,lvhittestinfo,lvinsertgroupsorted,lvitema,lvitemw,lvsetinfotip,mchittestinfo,monthcal_getcolor,monthcal_getcursel,monthcal_getfirstdayofweek,monthcal_getmaxselcount,monthcal_getmaxtodaywidth,monthcal_getminreqrect,monthcal_getmonthdelta,monthcal_getmonthrange,monthcal_getrange,monthcal_getselrange,monthcal_gettoday,monthcal_hittest,monthcal_setcolor,monthcal_setcursel,monthcal_setdaystate,monthcal_setfirstdayofweek,monthcal_setmaxselcount,monthcal_setmonthdelta,monthcal_setrange,monthcal_setselrange,monthcal_settoday,nmcustomdraw,nmdatetimechange,nmdatetimeformata,nmdatetimeformatquerya,nmdatetimeformatqueryw,nmdatetimeformatw,nmdatetimestringa,nmdatetimestringw,nmdatetimewmkeydowna,nmdatetimewmkeydownw,nmdaystate,nmhddispinfoa,nmhddispinfow,nmheadera,nmheaderw,nmkey,nmlistview,nmlvcachehint,nmlvcustomdraw,nmlvfinditema,nmlvfinditemw,nmlvgetinfotipa,nmlvgetinfotipw,nmlvkeydown,nmlvodstatechange,nmmouse,nmrbautosize,nmrebar,nmselchange,nmtckeydown,nmtoolbara,nmtoolbarw,nmttcustomdraw,nmttdispinfoa,nmttdispinfow,nmtvcustomdraw,nmtvkeydown,nmupdown,pbrange,rbhittestinfo,rebarbandinfoa,rebarbandinfow,rebarinfo,tabctrl_adjustrect,tabctrl_deleteallitems,tabctrl_deleteitem,tabctrl_deselectall,tabctrl_getcurfocus,tabctrl_getcursel,tabctrl_getextendedstyle,tabctrl_getimagelist,tabctrl_getitem,tabctrl_getitemcount,tabctrl_getitemrect,tabctrl_getrowcount,tabctrl_highlightitem,tabctrl_hittest,tabctrl_insertitem,tabctrl_removeimage,tabctrl_setcurfocus,tabctrl_setcursel,tabctrl_setextendedstyle,tabctrl_setimagelist,tabctrl_setitem,tabctrl_setitemextra,tabctrl_setitemsize,tabctrl_setmintabwidth,tabctrl_setpadding,tbaddbitmap,tbbutton,tbbuttoninfoa,tbbuttoninfow,tbreplacebitmap,tchittestinfo,tcitema,tcitemheadera,tcitemheaderw,tcitemw,treeview_createdragimage,treeview_deleteallitems,treeview_deleteitem,treeview_editlabel,treeview_endeditlabelnow,treeview_ensurevisible,treeview_expand,treeview_getchild,treeview_getcount,treeview_getdrophilight,treeview_geteditcontrol,treeview_getfirstvisible,treeview_getimagelist,treeview_getindent,treeview_getisearchstring,treeview_getitem,treeview_getitemrect,treeview_getnextitem,treeview_getnextsibling,treeview_getnextvisible,treeview_getparent,treeview_getprevsibling,treeview_getprevvisible,treeview_getroot,treeview_getselection,treeview_getvisiblecount,treeview_hittest,treeview_insertitem,treeview_select,treeview_selectdroptarget,treeview_selectitem,treeview_selectsetfirstvisible,treeview_setimagelist,treeview_setindent,treeview_setitem,treeview_sortchildren,treeview_sortchildrencb,tthittestinfoa,tthittestinfow,tvhittestinfo,tvinsertstructa,tvinsertstructw,tvitema,tvitemw,tvsortcb,udaccel
commdlg	20	win32/api/commdlg	commdlg	choosecolora,choosecolorw,choosefonta,choosefontw,commdlgextendederror,devnames,findreplacea,findreplacew,getopenfilenamea,getopenfilenamew,getsavefilenamea,getsavefilenamew,ofnotifya,ofnotifyw,openfilenamea,openfilenamew,pagesetupdlga,pagesetupdlgw,printdlga,printdlgw
commoncontrols	2	win32/api/commoncontrols	commoncontrols	imageinfo,imagelistdrawparams
control	102	win32/api/control	control	ibasicaudioget_balance,ibasicaudioget_volume,ibasicaudioput_balance,ibasicaudioput_volume,ibasicvideoget_avgtimeperframe,ibasicvideoget_biterrorrate,ibasicvideoget_bitrate,ibasicvideoget_destinationheight,ibasicvideoget_destinationleft,ibasicvideoget_destinationtop,ibasicvideoget_destinationwidth,ibasicvideoget_sourceheight,ibasicvideoget_sourceleft,ibasicvideoget_sourcetop,ibasicvideoget_sourcewidth,ibasicvideoget_videoheight,ibasicvideoget_videowidth,ibasicvideogetcurrentimage,ibasicvideogetdestinationposition,ibasicvideogetsourceposition,ibasicvideogetvideopaletteentries,ibasicvideogetvideosize,ibasicvideoisusingdefaultdestination,ibasicvideoisusingdefaultsource,ibasicvideoput_destinationheight,ibasicvideoput_destinationleft,ibasicvideoput_destinationtop,ibasicvideoput_destinationwidth,ibasicvideoput_sourceheight,ibasicvideoput_sourceleft,ibasicvideoput_sourcetop,ibasicvideoput_sourcewidth,ibasicvideosetdefaultdestinationposition,ibasicvideosetdefaultsourceposition,ibasicvideosetdestinationposition,ibasicvideosetsourceposition,imediacontroladdsourcefilter,imediacontrolgetstate,imediacontrolpause,imediacontrolrenderfile,imediacontrolrun,imediacontrolstop,imediacontrolstopwhenready,imediaeventcanceldefaulthandling,imediaeventexgetnotifyflags,imediaeventexsetnotifyflags,imediaeventexsetnotifywindow,imediaeventfreeeventparams,imediaeventgetevent,imediaeventgeteventhandle,imediaeventrestoredefaulthandling,imediaeventwaitforcompletion,imediapositioncanseekbackward,imediapositioncanseekforward,imediapositionget_currentposition,imediapositionget_duration,imediapositionget_prerolltime,imediapositionget_rate,imediapositionget_stoptime,imediapositionput_currentposition,imediapositionput_prerolltime,imediapositionput_rate,imediapositionput_stoptime,ivideowindowget_autoshow,ivideowindowget_backgroundpalette,ivideowindowget_bordercolor,ivideowindowget_caption,ivideowindowget_fullscreenmode,ivideowindowget_height,ivideowindowget_left,ivideowindowget_messagedrain,ivideowindowget_owner,ivideowindowget_top,ivideowindowget_visible,ivideowindowget_width,ivideowindowget_windowstate,ivideowindowget_windowstyle,ivideowindowget_windowstyleex,ivideowindowgetmaxidealimagesize,ivideowindowgetminidealimagesize,ivideowindowgetrestoreposition,ivideowindowgetwindowposition,ivideowindowhidecursor,ivideowindowiscursorhidden,ivideowindownotifyownermessage,ivideowindowput_autoshow,ivideowindowput_backgroundpalette,ivideowindowput_bordercolor,ivideowindowput_caption,ivideowindowput_fullscreenmode,ivideowindowput_height,ivideowindowput_left,ivideowindowput_messagedrain,ivideowindowput_owner,ivideowindowput_top,ivideowindowput_visible,ivideowindowput_width,ivideowindowput_windowstate,ivideowindowput_windowstyle,ivideowindowput_windowstyleex,ivideowindowsetwindowforeground,ivideowindowsetwindowposition
cpl	3	win32/api/cpl	cpl	cplinfo,newcplinfoa,newcplinfow
datetimeapi	4	win32/api/datetimeapi	datetimeapi	getdateformata,getdateformatw,gettimeformata,gettimeformatw
ddraw	33	win32/api/ddraw	ddraw	ddbltfx,ddcolorcontrol,ddcolorkey,ddgammaramp,ddoverlayfx,ddpixelformat,ddscaps,ddscaps2,ddsurfacedesc,ddsurfacedesc2,directdrawcreate,directdrawcreateclipper,directdrawenumeratea,directdrawenumerateexa,directdrawenumerateexw,directdrawenumeratew,idirectdrawclipper,idirectdrawclippergetcliplist,idirectdrawclippergethwnd,idirectdrawclipperinitialize,idirectdrawclipperiscliplistchanged,idirectdrawclippersetcliplist,idirectdrawclippersethwnd,idirectdrawcolorcontrol,idirectdrawcolorcontrolgetcolorcontrols,idirectdrawcolorcontrolsetcolorcontrols,idirectdrawgammacontrolgetgammaramp,idirectdrawgammacontrolsetgammaramp,idirectdrawpalette,idirectdrawpalettegetcaps,idirectdrawpalettegetentries,idirectdrawpaletteinitialize,idirectdrawpalettesetentries
ddrawi	2	win32/api/ddrawi	ddrawi	ddcorecaps,ddhal_waitforverticalblankdata
debugapi	9	win32/api/debugapi	debugapi	checkremotedebuggerpresent,continuedebugevent,debugactiveprocess,debugactiveprocessstop,debugbreak,isdebuggerpresent,outputdebugstringa,outputdebugstringw,waitfordebugevent
dimm	2	win32/api/dimm	dimm	logfonta,logfontw
dmodshow	1	win32/api/dmodshow	dmodshow	idmowrapperfilterinit
dmoimpl	5	win32/api/dmoimpl	dmoimpl	imediaobjectimplchecktypesset,imediaobjectimplinputtype,imediaobjectimplinputtypeset,imediaobjectimploutputtype,imediaobjectimploutputtypeset
dmoreg	8	win32/api/dmoreg	dmoreg	dmo_enum_flags,dmo_partial_mediatype,dmo_register_flags,dmoenum,dmogetname,dmogettypes,dmoregister,dmounregister
dmort	6	win32/api/dmort	dmort	mocopymediatype,mocreatemediatype,modeletemediatype,moduplicatemediatype,mofreemediatype,moinitmediatype
docobj	3	win32/api/docobj	docobj	icontinuecallback,icontinuecallbackfcontinue,icontinuecallbackfcontinueprinting
dpa_dsa	2	win32/api/dpa_dsa	dpa_dsa	dpa_fastgetptr,dpa_getptr
dpapi	2	win32/api/dpapi	dpapi	cryptprotectdata,cryptunprotectdata
dsgetdc	4	win32/api/dsgetdc	dsgetdc	domain_controller_infoa,domain_controller_infow,dsgetdcnamea,dsgetdcnamew
dsrole	3	win32/api/dsrole	dsrole	dsrole_primary_domain_info_basic,dsrolefreememory,dsrolegetprimarydomaininformation
dvdmedia	2	win32/api/dvdmedia	dvdmedia	mpeg2videoinfo,videoinfoheader2
dvp	4	win32/api/dvp	dvp	ddvideoportbandwidth,ddvideoportcaps,ddvideoportdesc,ddvideoportinfo
errhandlingapi	5	win32/api/errhandlingapi	errhandlingapi	addvectoredexceptionhandler,getlasterror,raiseexception,removevectoredexceptionhandler,setlasterror
errorrep	1	win32/api/errorrep	errorrep	reportfault
errors	2	win32/api/errors	errors	amgeterrortexta,amgeterrortextw
fileapi	47	win32/api/fileapi	fileapi	by_handle_file_information,comparefiletime,createdirectorya,createdirectoryw,createfilea,createfilew,deletefilea,deletefilew,filetimetolocalfiletime,findclose,findclosechangenotification,findfirstchangenotificationa,findfirstchangenotificationw,findfirstfilea,findfirstfileexa,findfirstfileexw,findfirstfilew,findnextchangenotification,findnextfilea,findnextfilew,flushfilebuffers,getdiskfreespaceexa,getdiskfreespaceexw,getfileattributesa,getfileattributesexa,getfileattributesexw,getfileattributesw,getfileinformationbyhandle,getfilesize,getfiletime,gettempfilenamea,gettempfilenamew,gettemppatha,gettemppathw,localfiletimetofiletime,lockfileex,readfile,removedirectorya,removedirectoryw,setendoffile,setfileattributesa,setfileattributesw,setfilepointer,setfiletime,unlockfileex,win32_file_attribute_data,writefile
gdiplusenums	2	win32/api/gdiplusenums	gdiplusenums	encoderparametervaluetype,encodervalue
gdiplusheaders	1	win32/api/gdiplusheaders	gdiplusheaders	bitmap
gdiplusimaging	8	win32/api/gdiplusimaging	gdiplusimaging	bitmapdata,encoderparameter,encoderparameters,imagecodecflags,imagecodecinfo,imageflags,imagelockmode,propertyitem
gdipluspixelformats	1	win32/api/gdipluspixelformats	gdipluspixelformats	colorpalette
gdiplusstringformat	1	win32/api/gdiplusstringformat	gdiplusstringformat	stringformat
gdiplustypes	3	win32/api/gdiplustypes	gdiplustypes	point,rect,size
guiddef	1	win32/api/guiddef	guiddef	isequalguid
handleapi	2	win32/api/handleapi	handleapi	closehandle,duplicatehandle
heapapi	9	win32/api/heapapi	heapapi	getprocessheap,heapalloc,heapcompact,heapcreate,heapdestroy,heapfree,heaprealloc,heapsize,heapvalidate
iaccess	7	win32/api/iaccess	iaccess	iaccesscontrol,iaccesscontrolgetallaccessrights,iaccesscontrolgrantaccessrights,iaccesscontrolisaccessallowed,iaccesscontrolrevokeaccessrights,iaccesscontrolsetaccessrights,iaccesscontrolsetowner
icm	1	win32/api/icm	icm	profile
icmpapi	8	win32/api/icmpapi	icmpapi	icmp6createfile,icmp6parsereplies,icmp6sendecho2,icmpclosehandle,icmpcreatefile,icmpparsereplies,icmpsendecho,icmpsendecho2
ifdef	1	win32/api/ifdef	ifdef	if_oper_status
ifmib	2	win32/api/ifmib	ifmib	mib_ifrow,mib_iftable
imm	70	win32/api/imm	imm	candidateform,candidatelist,compositionform,imecharposition,imemenuiteminfoa,imemenuiteminfow,immassociatecontext,immassociatecontextex,immconfigureimea,immconfigureimew,immcreatecontext,immdestroycontext,immdisableime,immenumregisterworda,immenumregisterwordw,immescapea,immescapew,immgetcandidatelista,immgetcandidatelistcounta,immgetcandidatelistcountw,immgetcandidatelistw,immgetcandidatewindow,immgetcompositionfonta,immgetcompositionfontw,immgetcompositionstringa,immgetcompositionstringw,immgetcompositionwindow,immgetcontext,immgetconversionlista,immgetconversionlistw,immgetconversionstatus,immgetdefaultimewnd,immgetdescriptiona,immgetdescriptionw,immgetguidelinea,immgetguidelinew,immgetimefilenamea,immgetimefilenamew,immgetimemenuitemsa,immgetimemenuitemsw,immgetopenstatus,immgetproperty,immgetregisterwordstylea,immgetregisterwordstylew,immgetstatuswindowpos,immgetvirtualkey,immisime,immisuimessagea,immisuimessagew,immnotifyime,immregisterworda,immregisterwordw,immreleasecontext,immsetcandidatewindow,immsetcompositionfonta,immsetcompositionfontw,immsetcompositionstringa,immsetcompositionstringw,immsetcompositionwindow,immsetconversionstatus,immsetopenstatus,immsetstatuswindowpos,immsimulatehotkey,immunregisterworda,immunregisterwordw,reconvertstring,registerworda,registerwordw,stylebufa,stylebufw
immdev	70	win32/api/immdev	immdev	candidateform,candidatelist,compositionform,imecharposition,imemenuiteminfoa,imemenuiteminfow,immassociatecontext,immassociatecontextex,immconfigureimea,immconfigureimew,immcreatecontext,immdestroycontext,immdisableime,immenumregisterworda,immenumregisterwordw,immescapea,immescapew,immgetcandidatelista,immgetcandidatelistcounta,immgetcandidatelistcountw,immgetcandidatelistw,immgetcandidatewindow,immgetcompositionfonta,immgetcompositionfontw,immgetcompositionstringa,immgetcompositionstringw,immgetcompositionwindow,immgetcontext,immgetconversionlista,immgetconversionlistw,immgetconversionstatus,immgetdefaultimewnd,immgetdescriptiona,immgetdescriptionw,immgetguidelinea,immgetguidelinew,immgetimefilenamea,immgetimefilenamew,immgetimemenuitemsa,immgetimemenuitemsw,immgetopenstatus,immgetproperty,immgetregisterwordstylea,immgetregisterwordstylew,immgetstatuswindowpos,immgetvirtualkey,immisime,immisuimessagea,immisuimessagew,immnotifyime,immregisterworda,immregisterwordw,immreleasecontext,immsetcandidatewindow,immsetcompositionfonta,immsetcompositionfontw,immsetcompositionstringa,immsetcompositionstringw,immsetcompositionwindow,immsetconversionstatus,immsetopenstatus,immsetstatuswindowpos,immsimulatehotkey,immunregisterworda,immunregisterwordw,reconvertstring,registerworda,registerwordw,stylebufa,stylebufw
in6addr	1	win32/api/in6addr	in6addr	in6_addr
inaddr	1	win32/api/inaddr	inaddr	in_addr
ioapiset	1	win32/api/ioapiset	ioapiset	deviceiocontrol
ipexport	5	win32/api/ipexport	ipexport	icmp_echo_reply,ip_adapter_index_map,ip_interface_info,ip_option_information,ip_unidirectional_adapter_address
iphlpapi	48	win32/api/iphlpapi	iphlpapi	addipaddress,createipforwardentry,createipnetentry,createproxyarpentry,deleteipaddress,deleteipforwardentry,deleteipnetentry,deleteproxyarpentry,flushipnettable,getadapterindex,getadaptersaddresses,getadaptersinfo,getbestinterface,getbestinterfaceex,getbestroute,getfriendlyifindex,geticmpstatistics,geticmpstatisticsex,getifentry,getiftable,getinterfaceinfo,getipaddrtable,getipforwardtable,getipnettable,getipstatistics,getipstatisticsex,getnetworkparams,getnumberofinterfaces,getperadapterinfo,getrttandhopcount,gettcpstatistics,gettcpstatisticsex,gettcptable,getudpstatistics,getudpstatisticsex,getudptable,getunidirectionaladapterinfo,ipreleaseaddress,iprenewaddress,notifyaddrchange,notifyroutechange,sendarp,setifentry,setipforwardentry,setipnetentry,setipstatistics,setipttl,settcpentry
ipmib	7	win32/api/ipmib	ipmib	mib_icmp,mib_ipaddrtable,mib_ipforwardrow,mib_ipforwardtable,mib_ipnettable,mibicmpinfo,mibicmpstats
iprtrmib	2	win32/api/iprtrmib	iprtrmib	mib_best_if,mib_proxyarp
iptypes	3	win32/api/iptypes	iptypes	ip_adapter_info,ip_addr_string,ip_address_string
libloaderapi	16	win32/api/libloaderapi	libloaderapi	disablethreadlibrarycalls,findresourcew,freelibrary,freelibraryandexitthread,getmodulefilenamea,getmodulefilenamew,getmodulehandlea,getmodulehandlew,getprocaddress,loadlibrarya,loadlibraryexa,loadlibraryexw,loadlibraryw,loadresource,lockresource,sizeofresource
lmapibuf	1	win32/api/lmapibuf	lmapibuf	netapibufferfree
mediaobj	46	win32/api/mediaobj	mediaobj	dmo_media_type,dmo_output_data_buffer,idmoqualitycontrol,idmoqualitycontrolgetstatus,idmoqualitycontrolsetnow,idmoqualitycontrolsetstatus,idmovideooutputoptimizations,idmovideooutputoptimizationsgetcurrentoperationmode,idmovideooutputoptimizationsgetcurrentsamplerequirements,idmovideooutputoptimizationsqueryoperationmodepreferences,idmovideooutputoptimizationssetoperationmode,ienumdmo,ienumdmoclone,ienumdmonext,ienumdmoreset,ienumdmoskip,imediabuffer,imediabuffergetbufferandlength,imediabuffergetmaxlength,imediabuffersetlength,imediaobject,imediaobjectallocatestreamingresources,imediaobjectdiscontinuity,imediaobjectflush,imediaobjectfreestreamingresources,imediaobjectgetinputcurrenttype,imediaobjectgetinputmaxlatency,imediaobjectgetinputsizeinfo,imediaobjectgetinputstatus,imediaobjectgetinputstreaminfo,imediaobjectgetinputtype,imediaobjectgetoutputcurrenttype,imediaobjectgetoutputsizeinfo,imediaobjectgetoutputstreaminfo,imediaobjectgetoutputtype,imediaobjectgetstreamcount,imediaobjectinplace,imediaobjectinplaceclone,imediaobjectinplacegetlatency,imediaobjectinplaceprocess,imediaobjectlock,imediaobjectprocessinput,imediaobjectprocessoutput,imediaobjectsetinputmaxlatency,imediaobjectsetinputtype,imediaobjectsetoutputtype
memoryapi	14	win32/api/memoryapi	memoryapi	createfilemappingw,flushviewoffile,mapviewoffile,readprocessmemory,unmapviewoffile,virtualalloc,virtualallocex,virtualfree,virtualfreeex,virtualprotect,virtualprotectex,virtualquery,virtualqueryex,writeprocessmemory
minwinbase	17	win32/api/minwinbase	minwinbase	create_process_debug_info,create_thread_debug_info,debug_event,exception_debug_info,exit_process_debug_info,exit_thread_debug_info,filetime,findex_info_levels,findex_search_ops,get_fileex_info_levels,load_dll_debug_info,output_debug_string_info,overlapped,systemtime,unload_dll_debug_info,win32_find_dataa,win32_find_dataw
mmeapi	84	win32/api/mmeapi	mmeapi	mixercaps,mixercapsa,mixercapsw,mixerclose,mixercontrol,mixercontrola,mixercontroldetails,mixercontroldetails_boolean,mixercontroldetails_listtext,mixercontroldetails_listtexta,mixercontroldetails_listtextw,mixercontroldetails_signed,mixercontroldetails_unsigned,mixercontrolw,mixergetcontroldetails,mixergetcontroldetailsa,mixergetcontroldetailsw,mixergetdevcaps,mixergetdevcapsa,mixergetdevcapsw,mixergetid,mixergetlinecontrols,mixergetlinecontrolsa,mixergetlinecontrolsw,mixergetlineinfo,mixergetlineinfoa,mixergetlineinfow,mixergetnumdevs,mixerline,mixerlinea,mixerlinecontrols,mixerlinecontrolsa,mixerlinecontrolsw,mixerlinew,mixermessage,mixeropen,mixersetcontroldetails,waveformatex,wavehdr,waveinaddbuffer,waveincaps,waveincapsa,waveincapsw,waveinclose,waveingetdevcaps,waveingetdevcapsa,waveingetdevcapsw,waveingeterrortext,waveingetid,waveingetnumdevs,waveingetposition,waveinmessage,waveinopen,waveinprepareheader,waveinreset,waveinstart,waveinstop,waveinunprepareheader,waveoutbreakloop,waveoutcaps,waveoutcapsa,waveoutcapsw,waveoutclose,waveoutgetdevcaps,waveoutgetdevcapsa,waveoutgetdevcapsw,waveoutgeterrortext,waveoutgetid,waveoutgetnumdevs,waveoutgetpitch,waveoutgetplaybackrate,waveoutgetposition,waveoutgetvolume,waveoutmessage,waveoutopen,waveoutpause,waveoutprepareheader,waveoutreset,waveoutrestart,waveoutsetpitch,waveoutsetplaybackrate,waveoutsetvolume,waveoutunprepareheader,waveoutwrite
mmreg	1	win32/api/mmreg	mmreg	waveformatex
mmstream	20	win32/api/mmstream	mmstream	imediastreamallocatesample,imediastreamcreatesharedsample,imediastreamgetinformation,imediastreamgetmultimediastream,imediastreamsendendofstream,imediastreamsetsameformat,imultimediastreamenummediastreams,imultimediastreamgetduration,imultimediastreamgetendofstreameventhandle,imultimediastreamgetinformation,imultimediastreamgetmediastream,imultimediastreamgetstate,imultimediastreamgettime,imultimediastreamseek,imultimediastreamsetstate,istreamsamplecompletionstatus,istreamsamplegetmediastream,istreamsamplegetsampletimes,istreamsamplesetsampletimes,istreamsampleupdate
mpconfig	14	win32/api/mpconfig	mpconfig	imixerpinconfig2getoverlaysurfacecolorcontrols,imixerpinconfig2setoverlaysurfacecolorcontrols,imixerpinconfiggetaspectratiomode,imixerpinconfiggetblendingparameter,imixerpinconfiggetcolorkey,imixerpinconfiggetrelativeposition,imixerpinconfiggetstreamtransparent,imixerpinconfiggetzorder,imixerpinconfigsetaspectratiomode,imixerpinconfigsetblendingparameter,imixerpinconfigsetcolorkey,imixerpinconfigsetrelativeposition,imixerpinconfigsetstreamtransparent,imixerpinconfigsetzorder
mpeg2structs	1	win32/api/mpeg2structs	mpeg2structs	section
msime	13	win32/api/msime	msime	createifedictionaryinstance,ifedictionaryclose,ifedictionarycreate,ifedictionaryexistword,ifedictionarygetheader,ifedictionarygetpostable,ifedictionarygetwords,ifedictionarynextwords,ifedictionaryopen,ifedictionaryregisterword,imeshf,imewrd,postbl
mstcpip	1	win32/api/mstcpip	mstcpip	assert
mswsock	1	win32/api/mswsock	mswsock	transmit_file_buffers
nspapi	14	win32/api/nspapi	nspapi	blob,csaddr_info,ns_service_infoa,ns_service_infow,protocol_infoa,protocol_infow,service_address,service_addresses,service_infoa,service_infow,service_type_info_absa,service_type_info_absw,service_type_value_absa,service_type_value_absw
ntdef	2	win32/api/ntdef	ntdef	containing_record,string
oaidl	156	win32/api/oaidl	oaidl	arraydesc,bindptr,callconv,custdata,custdataitem,desckind,dispparams,excepinfo,funcdesc,funcflags,funckind,icreateerrorinfo,icreateerrorinfosetdescription,icreateerrorinfosetguid,icreateerrorinfosethelpcontext,icreateerrorinfosethelpfile,icreateerrorinfosetsource,icreatetypeinfo,icreatetypeinfo2,icreatetypeinfo2deletefuncdesc,icreatetypeinfo2deletefuncdescbymemid,icreatetypeinfo2deleteimpltype,icreatetypeinfo2deletevardesc,icreatetypeinfo2deletevardescbymemid,icreatetypeinfo2setcustdata,icreatetypeinfo2setfunccustdata,icreatetypeinfo2setfunchelpstringcontext,icreatetypeinfo2sethelpstringcontext,icreatetypeinfo2setimpltypecustdata,icreatetypeinfo2setname,icreatetypeinfo2setparamcustdata,icreatetypeinfo2setvarcustdata,icreatetypeinfo2setvarhelpstringcontext,icreatetypeinfoaddfuncdesc,icreatetypeinfoaddimpltype,icreatetypeinfoaddreftypeinfo,icreatetypeinfoaddvardesc,icreatetypeinfodefinefuncasdllentry,icreatetypeinfolayout,icreatetypeinfosetalignment,icreatetypeinfosetdocstring,icreatetypeinfosetfuncandparamnames,icreatetypeinfosetfuncdocstring,icreatetypeinfosetfunchelpcontext,icreatetypeinfosetguid,icreatetypeinfosethelpcontext,icreatetypeinfosetimpltypeflags,icreatetypeinfosetmops,icreatetypeinfosettypedescalias,icreatetypeinfosettypeflags,icreatetypeinfosetvardocstring,icreatetypeinfosetvarhelpcontext,icreatetypeinfosetvarname,icreatetypeinfosetversion,icreatetypelib,icreatetypelib2,icreatetypelib2deletetypeinfo,icreatetypelib2setcustdata,icreatetypelib2sethelpstringcontext,icreatetypelib2sethelpstringdll,icreatetypelibcreatetypeinfo,icreatetypelibsetguid,icreatetypelibsethelpcontext,icreatetypelibsethelpfilename,icreatetypelibsetlcid,icreatetypelibsetlibflags,icreatetypelibsetname,icreatetypelibsetversion,idispatch,idispatchgetidsofnames,idispatchgettypeinfo,idispatchgettypeinfocount,idispatchinvoke,ienumvariant,ienumvariantclone,ienumvariantnext,ienumvariantreset,ienumvariantskip,ierrorinfo,ierrorinfogetdescription,ierrorinfogetguid,ierrorinfogethelpcontext,ierrorinfogethelpfile,ierrorinfogetsource,ierrorlogadderror,invokekind,ipropertybagread,ipropertybagwrite,isupporterrorinfo,isupporterrorinfointerfacesupportserrorinfo,itypecomp,itypecompbind,itypecompbindtype,itypeinfo,itypeinfo2,itypeinfo2getallcustdata,itypeinfo2getallfunccustdata,itypeinfo2getallimpltypecustdata,itypeinfo2getallparamcustdata,itypeinfo2getallvarcustdata,itypeinfo2getcustdata,itypeinfo2getdocumentation2,itypeinfo2getfunccustdata,itypeinfo2getfuncindexofmemid,itypeinfo2getimpltypecustdata,itypeinfo2getparamcustdata,itypeinfo2gettypeflags,itypeinfo2gettypekind,itypeinfo2getvarcustdata,itypeinfo2getvarindexofmemid,itypeinfoaddressofmember,itypeinfocreateinstance,itypeinfogetcontainingtypelib,itypeinfogetdllentry,itypeinfogetdocumentation,itypeinfogetfuncdesc,itypeinfogetidsofnames,itypeinfogetimpltypeflags,itypeinfogetmops,itypeinfogetnames,itypeinfogetreftypeinfo,itypeinfogetreftypeofimpltype,itypeinfogettypeattr,itypeinfogettypecomp,itypeinfogetvardesc,itypeinfoinvoke,itypeinforeleasefuncdesc,itypeinforeleasetypeattr,itypeinforeleasevardesc,itypelib,itypelib2,itypelib2getallcustdata,itypelib2getcustdata,itypelib2getdocumentation2,itypelib2getlibstatistics,itypelibfindname,itypelibgetdocumentation,itypelibgetlibattr,itypelibgettypecomp,itypelibgettypeinfo,itypelibgettypeinfocount,itypelibgettypeinfoofguid,itypelibgettypeinfotype,itypelibisname,itypelibreleasetlibattr,paramdesc,safearray,safearraybound,syskind,tlibattr,typeattr,typedesc,typeflags,typekind,vardesc,varkind
objbase	28	win32/api/objbase	objbase	bindmoniker,cofiletimenow,cofreealllibraries,cofreelibrary,cogetinstancefromfile,cogetinstancefromistorage,cogetobject,coinitialize,coisole1class,coloadlibrary,coregisterchannelhook,coregistermallocspy,coregistermessagefilter,corevokemallocspy,cotreatasclass,createantimoniker,createbindctx,createclassmoniker,createfilemoniker,creategenericcomposite,createitemmoniker,createpointermoniker,getclassfile,getrunningobjecttable,isequalguid,mkparsedisplayname,monikercommonprefixwith,monikerrelativepathto
objidl	222	win32/api/objidl	objidl	advf,bind_flags,bind_opts,coserverinfo,datadir,dvtargetdevice,formatetc,iadvisesink,iadvisesinkonclose,iadvisesinkondatachange,iadvisesinkonrename,iadvisesinkonsave,iadvisesinkonviewchange,ibindctx,ibindctxenumobjectparam,ibindctxgetbindoptions,ibindctxgetobjectparam,ibindctxgetrunningobjecttable,ibindctxregisterobjectbound,ibindctxregisterobjectparam,ibindctxreleaseboundobjects,ibindctxrevokeobjectbound,ibindctxrevokeobjectparam,ibindctxsetbindoptions,iclassactivator,iclassactivatorgetclassobject,iclientsecurity,iclientsecuritycopyproxy,iclientsecurityqueryblanket,iclientsecuritysetblanket,idataobject,idataobjectdadvise,idataobjectdunadvise,idataobjectenumdadvise,idataobjectenumformatetc,idataobjectgetcanonicalformatetc,idataobjectgetdata,idataobjectgetdatahere,idataobjectquerygetdata,idataobjectsetdata,ienumformatetc,ienumformatetcclone,ienumformatetcnext,ienumformatetcreset,ienumformatetcskip,ienummoniker,ienummonikerclone,ienummonikernext,ienummonikerreset,ienummonikerskip,ienumstatdata,ienumstatdataclone,ienumstatdatanext,ienumstatdatareset,ienumstatdataskip,ienumstatstg,ienumstatstgclone,ienumstatstgnext,ienumstatstgreset,ienumstatstgskip,ienumstring,ienumstringclone,ienumstringnext,ienumstringreset,ienumstringskip,ienumunknown,iexternalconnection,iexternalconnectionaddconnection,iexternalconnectionreleaseconnection,ifilllockbytes,ifilllockbytesfillappend,ifilllockbytesfillat,ifilllockbytessetfillsize,ifilllockbytesterminate,iglobalinterfacetable,iglobalinterfacetablegetinterfacefromglobal,iglobalinterfacetableregisterinterfaceinglobal,iglobalinterfacetablerevokeinterfacefromglobal,ilockbytes,ilockbytesflush,ilockbyteslockregion,ilockbytesreadat,ilockbytessetsize,ilockbytesstat,ilockbytesunlockregion,ilockbyteswriteat,imalloc,imallocalloc,imallocdidalloc,imallocfree,imallocgetsize,imallocheapminimize,imallocrealloc,imallocspy,imallocspypostalloc,imallocspypostdidalloc,imallocspypostfree,imallocspypostgetsize,imallocspypostheapminimize,imallocspypostrealloc,imallocspyprealloc,imallocspypredidalloc,imallocspyprefree,imallocspypregetsize,imallocspypreheapminimize,imallocspyprerealloc,imarshal,imarshaldisconnectobject,imarshalgetmarshalsizemax,imarshalgetunmarshalclass,imarshalmarshalinterface,imarshalreleasemarshaldata,imarshalunmarshalinterface,imessagefilter,imessagefilterhandleincomingcall,imessagefiltermessagepending,imessagefilterretryrejectedcall,imoniker,imonikerbindtoobject,imonikerbindtostorage,imonikercommonprefixwith,imonikercomposewith,imonikerenum,imonikergetdisplayname,imonikergettimeoflastchange,imonikerhash,imonikerinverse,imonikerisequal,imonikerisrunning,imonikerissystemmoniker,imonikerparsedisplayname,imonikerreduce,imonikerrelativepathto,imultiqi,imultiqiquerymultipleinterfaces,interfaceinfo,ipersist,ipersistfile,ipersistfilegetcurfile,ipersistfileisdirty,ipersistfileload,ipersistfilesave,ipersistfilesavecompleted,ipersistgetclassid,ipersiststorage,ipersiststoragehandsoffstorage,ipersiststorageinitnew,ipersiststorageisdirty,ipersiststorageload,ipersiststoragesave,ipersiststoragesavecompleted,ipersiststream,ipersiststreamgetsizemax,ipersiststreamisdirty,ipersiststreamload,ipersiststreamsave,iprogressnotify,iprogressnotifyonprogress,irootstorage,irootstorageswitchtofile,irotdata,irotdatagetcomparisondata,irunnableobject,irunnableobjectgetrunningclass,irunnableobjectisrunning,irunnableobjectlockrunning,irunnableobjectrun,irunnableobjectsetcontainedobject,irunningobjecttable,irunningobjecttableenumrunning,irunningobjecttablegetobject,irunningobjecttablegettimeoflastchange,irunningobjecttableisrunning,irunningobjecttablenotechangetime,irunningobjecttableregister,irunningobjecttablerevoke,isequentialstream,isequentialstreamread,isequentialstreamwrite,iserversecurity,iserversecurityimpersonateclient,iserversecurityisimpersonating,iserversecurityqueryblanket,iserversecurityreverttoself,istdmarshalinfo,istdmarshalinfogetclassforhandler,istorage,istoragecommit,istoragecopyto,istoragecreatestorage,istoragecreatestream,istoragedestroyelement,istorageenumelements,istoragemoveelementto,istorageopenstorage,istorageopenstream,istoragerenameelement,istoragerevert,istoragesetclass,istoragesetelementtimes,istoragesetstatebits,istoragestat,istream,istreamclone,istreamcommit,istreamcopyto,istreamlockregion,istreamrevert,istreamseek,istreamsetsize,istreamstat,istreamunlockregion,isurrogate,isurrogatefreesurrogate,isurrogateloaddllserver,mkrreduce,mksys,multi_qi,sole_authentication_service,statdata,statstg,tymed
objidlbase	41	win32/api/objidlbase	objidlbase	coserverinfo,iclientsecuritycopyproxy,iclientsecurityqueryblanket,iclientsecuritysetblanket,ienumstring,ienumstringclone,ienumstringnext,ienumstringreset,ienumstringskip,ienumunknown,iexternalconnection,iexternalconnectionaddconnection,iexternalconnectionreleaseconnection,iglobalinterfacetablegetinterfacefromglobal,iglobalinterfacetableregisterinterfaceinglobal,iglobalinterfacetablerevokeinterfacefromglobal,imalloc,imallocdidalloc,imallocfree,imallocgetsize,imallocheapminimize,imallocrealloc,imarshal,imarshaldisconnectobject,imarshalmarshalinterface,imarshalreleasemarshaldata,imarshalunmarshalinterface,imultiqi,imultiqiquerymultipleinterfaces,iserversecurity,iserversecurityimpersonateclient,iserversecurityisimpersonating,iserversecurityqueryblanket,iserversecurityreverttoself,istdmarshalinfo,istdmarshalinfogetclassforhandler,isurrogate,isurrogatefreesurrogate,isurrogateloaddllserver,multi_qi,sole_authentication_service
ocidl	62	win32/api/ocidl	ocidl	cauuid,connectdata,controlinfo,dvaspect2,dvaspectinfo,dvaspectinfoflag,dvextentinfo,dvextentmode,hitresult,iclassfactory2,iclassfactory2createinstancelic,iclassfactory2getlicinfo,iclassfactory2requestlickey,iconnectionpoint,iconnectionpointadvise,iconnectionpointcontainer,iconnectionpointcontainerenumconnectionpoints,iconnectionpointcontainerfindconnectionpoint,iconnectionpointenumconnections,iconnectionpointgetconnectioninterface,iconnectionpointgetconnectionpointcontainer,iconnectionpointunadvise,ienumconnectionpoints,ienumconnectionpointsclone,ienumconnectionpointsnext,ienumconnectionpointsreset,ienumconnectionpointsskip,ienumconnections,ienumconnectionsclone,ienumconnectionsnext,ienumconnectionsreset,ienumconnectionsskip,iolecontrolsitegetextendedcontrol,iolecontrolsitelockinplaceactive,iolecontrolsiteoncontrolinfochanged,iolecontrolsiteonfocus,iolecontrolsiteshowpropertyframe,iolecontrolsitetransformcoords,iolecontrolsitetranslateaccelerator,ipersistpropertybaginitnew,ipersistpropertybagload,ipersistpropertybagsave,ipersiststreaminit,ipersiststreaminitgetsizemax,ipersiststreaminitinitnew,ipersiststreaminitisdirty,ipersiststreaminitload,ipersiststreaminitsave,iprovideclassinfo,iprovideclassinfo2,iprovideclassinfo2getguid,iprovideclassinfogetclassinfo,ispecifypropertypagesgetpages,iviewobjectex,iviewobjectexgetnaturalextent,iviewobjectexgetrect,iviewobjectexgetviewstatus,iviewobjectexqueryhitpoint,iviewobjectexqueryhitrect,licinfo,readystate,viewstatus
ole	4	win32/api/ole	ole	olecreate,oledraw,oleloadfromstream,olesavetostream
ole2	11	win32/api/ole2	ole2	createoleadviseholder,olecreate,oledraw,oleisrunning,oleloadfromstream,olerun,olesave,olesavetostream,olesetcontainedobject,olesetmenudescriptor,releasestgmedium
oleauto	226	win32/api/oleauto	oleauto	bstrfromvector,createerrorinfo,createtypelib2,dispgetidsofnames,dispgetparam,dispinvoke,geterrorinfo,loadregtypelib,loadtypelib,methoddata,oabuildversion,paramdata,registertypelib,safearrayaccessdata,safearrayallocdata,safearrayallocdescriptor,safearraycopy,safearraycopydata,safearraycreate,safearraycreatevector,safearraydestroy,safearraydestroydata,safearraydestroydescriptor,safearraygetdim,safearraygetelement,safearraygetelemsize,safearraygetlbound,safearraygetubound,safearraylock,safearrayptrofindex,safearrayputelement,safearrayredim,safearrayunaccessdata,safearrayunlock,seterrorinfo,sysallocstring,sysallocstringbytelen,sysallocstringlen,sysfreestring,sysreallocstring,sysreallocstringlen,sysstringbytelen,sysstringlen,systemtimetovarianttime,unregistertypelib,varboolfromcy,varboolfromdate,varboolfromdec,varboolfromdisp,varboolfromi1,varboolfromi2,varboolfromi4,varboolfromr4,varboolfromr8,varboolfromstr,varboolfromui1,varboolfromui2,varboolfromui4,varbstrfrombool,varbstrfromcy,varbstrfromdate,varbstrfromdec,varbstrfromdisp,varbstrfromi1,varbstrfromi2,varbstrfromi4,varbstrfromr4,varbstrfromr8,varbstrfromui1,varbstrfromui2,varbstrfromui4,varcyfrombool,varcyfromdate,varcyfromdec,varcyfromdisp,varcyfromi1,varcyfromi2,varcyfromi4,varcyfromr4,varcyfromr8,varcyfromstr,varcyfromui1,varcyfromui2,varcyfromui4,vardatefrombool,vardatefromcy,vardatefromdec,vardatefromdisp,vardatefromi1,vardatefromi2,vardatefromi4,vardatefromr4,vardatefromr8,vardatefromstr,vardatefromudate,vardatefromui1,vardatefromui2,vardatefromui4,vardecfrombool,vardecfromcy,vardecfromdate,vardecfromdisp,vardecfromi1,vardecfromi2,vardecfromi4,vardecfromr4,vardecfromr8,vardecfromstr,vardecfromui1,vardecfromui2,vardecfromui4,vari1frombool,vari1fromcy,vari1fromdate,vari1fromdec,vari1fromdisp,vari1fromi2,vari1fromi4,vari1fromr4,vari1fromr8,vari1fromstr,vari1fromui1,vari1fromui2,vari1fromui4,vari2frombool,vari2fromcy,vari2fromdate,vari2fromdec,vari2fromdisp,vari2fromi1,vari2fromi4,vari2fromr4,vari2fromr8,vari2fromstr,vari2fromui1,vari2fromui2,vari2fromui4,vari4frombool,vari4fromcy,vari4fromdate,vari4fromdec,vari4fromdisp,vari4fromi1,vari4fromi2,vari4fromr4,vari4fromr8,vari4fromstr,vari4fromui1,vari4fromui2,vari4fromui4,variantchangetype,variantchangetypeex,variantclear,variantcopy,variantcopyind,variantinit,varianttimetosystemtime,varnumfromparsenum,varparsenumfromstr,varr4frombool,varr4fromcy,varr4fromdate,varr4fromdec,varr4fromdisp,varr4fromi1,varr4fromi2,varr4fromi4,varr4fromr8,varr4fromstr,varr4fromui1,varr4fromui2,varr4fromui4,varr8frombool,varr8fromcy,varr8fromdate,varr8fromdec,varr8fromdisp,varr8fromi1,varr8fromi2,varr8fromi4,varr8fromr4,varr8fromstr,varr8fromui1,varr8fromui2,varr8fromui4,varudatefromdate,varui1frombool,varui1fromcy,varui1fromdate,varui1fromdec,varui1fromdisp,varui1fromi1,varui1fromi2,varui1fromi4,varui1fromr4,varui1fromr8,varui1fromstr,varui1fromui2,varui1fromui4,varui2frombool,varui2fromcy,varui2fromdate,varui2fromdec,varui2fromdisp,varui2fromi1,varui2fromi2,varui2fromi4,varui2fromr4,varui2fromr8,varui2fromstr,varui2fromui1,varui2fromui4,varui4frombool,varui4fromcy,varui4fromdate,varui4fromdec,varui4fromdisp,varui4fromi1,varui4fromi2,varui4fromi4,varui4fromr4,varui4fromr8,varui4fromstr,varui4fromui1,varui4fromui2,vectorfrombstr
olectl	4	win32/api/olectl	olectl	dllregisterserver,dllunregisterserver,olecreatefontindirect,olecreatepropertyframe
oleidl	93	win32/api/oleidl	oleidl	idroptarget,idroptargetdragenter,idroptargetdragleave,idroptargetdragover,idroptargetdrop,ienumoleverb,ienumoleverbclone,ienumoleverbnext,ienumoleverbreset,ienumoleverbskip,ioleadviseholder,ioleadviseholderadvise,ioleadviseholderenumadvise,ioleadviseholdersendonclose,ioleadviseholdersendonrename,ioleadviseholdersendonsave,ioleadviseholderunadvise,ioleclientsite,ioleclientsitegetcontainer,ioleclientsitegetmoniker,ioleclientsiteonshowwindow,ioleclientsiterequestnewobjectlayout,ioleclientsitesaveobject,ioleclientsiteshowobject,iolecontainerenumobjects,iolecontainerlockcontainer,ioleinplacesitecaninplaceactivate,ioleinplacesitedeactivateandundo,ioleinplacesitediscardundostate,ioleinplacesitegetwindowcontext,ioleinplacesiteoninplaceactivate,ioleinplacesiteoninplacedeactivate,ioleinplacesiteonposrectchange,ioleinplacesiteonuiactivate,ioleinplacesiteonuideactivate,ioleinplacesitescroll,ioleitemcontainer,ioleitemcontainergetobject,ioleitemcontainergetobjectstorage,ioleitemcontainerisrunning,iolelink,iolelinkbindifrunning,iolelinkbindtosource,iolelinkgetboundsource,iolelinkgetsourcedisplayname,iolelinkgetsourcemoniker,iolelinkgetupdateoptions,iolelinksetsourcedisplayname,iolelinksetsourcemoniker,iolelinksetupdateoptions,iolelinkunbindsource,iolelinkupdate,ioleobject,ioleobjectadvise,ioleobjectclose,ioleobjectdoverb,ioleobjectenumadvise,ioleobjectenumverbs,ioleobjectgetclientsite,ioleobjectgetclipboarddata,ioleobjectgetextent,ioleobjectgetmiscstatus,ioleobjectgetmoniker,ioleobjectgetuserclassid,ioleobjectgetusertype,ioleobjectinitfromdata,ioleobjectisuptodate,ioleobjectsetclientsite,ioleobjectsetcolorscheme,ioleobjectsetextent,ioleobjectsethostnames,ioleobjectsetmoniker,ioleobjectunadvise,ioleobjectupdate,iolewindowcontextsensitivehelp,iolewindowgetwindow,iparsedisplayname,iparsedisplaynameparsedisplayname,iviewobject,iviewobject2,iviewobject2getextent,iviewobjectdraw,iviewobjectfreeze,iviewobjectgetadvise,iviewobjectgetcolorset,iviewobjectsetadvise,iviewobjectunfreeze,olegetmoniker,olelinkbind,oleupdate,oleverb,oleverbattrib,olewhichmk
p2p	17	win32/api/p2p	p2p	peer_address,peer_data,peercreatepeername,peerendenumeration,peerenumgroups,peerenumidentities,peerfreedata,peergetitemcount,peergetnextitem,peeridentitycreate,peeridentitydelete,peeridentityexport,peeridentitygetcryptkey,peeridentitygetfriendlyname,peeridentitygetxml,peeridentityimport,peeridentitysetfriendlyname
pchannel	1	win32/api/pchannel	pchannel	channel_pdu_header
pnrpdef	4	win32/api/pnrpdef	pnrpdef	pnrp_cloud_flags,pnrp_cloud_id,pnrp_cloud_state,pnrp_resolve_criteria
pnrpns	1	win32/api/pnrpns	pnrpns	pnrpcloudinfo
processenv	2	win32/api/processenv	processenv	getcommandlinea,getcommandlinew
processthreadsapi	32	win32/api/processthreadsapi	processthreadsapi	createprocessa,createprocessw,createthread,exitprocess,exitthread,flushinstructioncache,getcurrentprocess,getcurrentprocessid,getcurrentthread,getcurrentthreadid,getexitcodeprocess,getexitcodethread,getprocessversion,getthreadcontext,getthreadpriority,getthreadtimes,isprocessorfeaturepresent,openprocess,openthread,process_information,resumethread,setthreadcontext,setthreadpriority,startupinfoa,startupinfow,suspendthread,terminateprocess,terminatethread,tlsalloc,tlsfree,tlsgetvalue,tlssetvalue
profileapi	2	win32/api/profileapi	profileapi	queryperformancecounter,queryperformancefrequency
propidl	4	win32/api/propidl	propidl	freepropvariantarray,propvariant,propvariantclear,propvariantcopy
propidlbase	1	win32/api/propidlbase	propidlbase	propvariant
prsht	24	win32/api/prsht	prsht	createpropertysheetpagea,createpropertysheetpagew,destroypropertysheetpage,propertysheeta,propertysheetw,propsheet_addpage,propsheet_apply,propsheet_canceltoclose,propsheet_changed,propsheet_getcurrentpagehwnd,propsheet_gettabcontrol,propsheet_isdialogmessage,propsheet_pressbutton,propsheet_querysiblings,propsheet_rebootsystem,propsheet_removepage,propsheet_restartwindows,propsheet_setcursel,propsheet_setcurselbyid,propsheet_setfinishtext,propsheet_settitle,propsheet_setwizbuttons,propsheet_unchanged,pshnotify
psapi	2	win32/api/psapi	psapi	getmoduleinformation,moduleinfo
qnetwork	21	win32/api/qnetwork	qnetwork	amextendedseekingcapabilities,iamextendedseekingget_currentmarker,iamextendedseekingget_exseekcapabilities,iamextendedseekingget_markercount,iamextendedseekingget_playbackspeed,iamextendedseekinggetmarkername,iamextendedseekinggetmarkertime,iamextendedseekingput_playbackspeed,iammediacontentget_authorname,iammediacontentget_baseurl,iammediacontentget_copyright,iammediacontentget_description,iammediacontentget_logoiconurl,iammediacontentget_logourl,iammediacontentget_moreinfobannerimage,iammediacontentget_moreinfobannerurl,iammediacontentget_moreinfotext,iammediacontentget_moreinfourl,iammediacontentget_rating,iammediacontentget_title,iammediacontentget_watermarkurl
ras	34	win32/api/ras	ras	ras_stats,rasdeleteentrya,rasdeleteentryw,rasdiala,rasdialw,rasenumconnectionsa,rasenumconnectionsw,rasenumdevicesa,rasenumdevicesw,rasenumentriesa,rasenumentriesw,rasgetconnectstatusa,rasgetconnectstatusw,rasgeteapuserdataa,rasgeteapuserdataw,rasgetentrydialparamsa,rasgetentrydialparamsw,rasgetentrypropertiesa,rasgetentrypropertiesw,rasgetlinkstatistics,rasgetprojectioninfoa,rasgetprojectioninfow,rashangupa,rashangupw,rasrenameentrya,rasrenameentryw,rasseteapuserdataa,rasseteapuserdataw,rassetentrydialparamsa,rassetentrydialparamsw,rassetentrypropertiesa,rassetentrypropertiesw,rasvalidateentrynamea,rasvalidateentrynamew
raseapif	12	win32/api/raseapif	raseapif	ppp_eap_action,ppp_eap_info,ppp_eap_input,ppp_eap_output,ppp_eap_packet,ras_auth_attribute,ras_auth_attribute_type,raseapfreememory,raseapgetidentity,raseapgetinfo,raseapinvokeconfigui,raseapinvokeinteractiveui
richedit	1	win32/api/richedit	richedit	nmhdr
routprot	1	win32/api/routprot	routprot	message
schannel	3	win32/api/schannel	schannel	schannel_cred,secpkgcontext_connectioninfo,secpkgcontext_issuerlistinfoex
secext	3	win32/api/secext	secext	extended_name_format,getusernameexa,getusernameexw
shellapi	20	win32/api/shellapi	shellapi	extracticona,extracticonexa,extracticonexw,extracticonw,notifyicondataa,notifyicondataw,shell_notifyicona,shell_notifyiconw,shellexecuteexa,shellexecuteexw,shellexecuteinfoa,shellexecuteinfow,shfileinfoa,shfileinfow,shfileoperationa,shfileoperationw,shfileopstructa,shfileopstructw,shgetfileinfoa,shgetfileinfow
shlobj_core	16	win32/api/shlobj_core	shlobj_core	browseinfoa,browseinfow,shaddtorecentdocs,shbindtoparent,shbrowseforfoldera,shbrowseforfolderw,shchangenotifyderegister,shchangenotifyentry,shchangenotifyregister,shgetdesktopfolder,shgetmalloc,shgetpathfromidlista,shgetpathfromidlistw,shgetspecialfolderlocation,shgetspecialfolderpatha,shgetspecialfolderpathw
shlwapi	2	win32/api/shlwapi	shlwapi	strrettobufa,strrettobufw
shobjidl	1	win32/api/shobjidl	shobjidl	overlapped
shobjidl_core	32	win32/api/shobjidl_core	shobjidl_core	ipersistfolder,ipersistfolderinitialize,ishellfolder,ishellfolderbindtoobject,ishellfoldercompareids,ishellfoldercreateviewobject,ishellfolderenumobjects,ishellfoldergetattributesof,ishellfoldergetdisplaynameof,ishellfoldergetuiobjectof,ishellfolderparsedisplayname,ishellfoldersetnameof,ishellview,ishellviewaddpropertysheetpages,ishellviewcreateviewwindow,ishellviewdestroyviewwindow,ishellviewenablemodeless,ishellviewgetcurrentinfo,ishellviewgetitemobject,ishellviewrefresh,ishellviewsaveviewstate,ishellviewselectitem,ishellviewtranslateaccelerator,ishellviewuiactivate,itaskbarlist,itaskbarlist2,itaskbarlist2markfullscreenwindow,itaskbarlistactivatetab,itaskbarlistaddtab,itaskbarlistdeletetab,itaskbarlisthrinit,itaskbarlistsetactivealt
shtypes	5	win32/api/shtypes	shtypes	itemidlist,logfonta,logfontw,shitemid,strret
snmp	35	win32/api/snmp	snmp	asnany,asnobjectidentifier,asnoctetstring,snmpextensionclose,snmpextensioninit,snmpextensioninitex,snmpextensionquery,snmpextensionqueryex,snmpextensiontrap,snmpsvcgetuptime,snmpsvcsetloglevel,snmpsvcsetlogtype,snmputilasnanycpy,snmputilasnanyfree,snmputildbgprint,snmputilidstoa,snmputilmemalloc,snmputilmemfree,snmputilmemrealloc,snmputiloctetscmp,snmputiloctetscpy,snmputiloctetsfree,snmputiloctetsncmp,snmputiloidappend,snmputiloidcmp,snmputiloidcpy,snmputiloidfree,snmputiloidncmp,snmputiloidtoa,snmputilvarbindcpy,snmputilvarbindfree,snmputilvarbindlistcpy,snmputilvarbindlistfree,snmpvarbind,snmpvarbindlist
sspi	44	win32/api/sspi	sspi	acceptsecuritycontext,acquirecredentialshandlea,acquirecredentialshandlew,applycontroltoken,completeauthtoken,decryptmessage,deletesecuritycontext,encryptmessage,enumeratesecuritypackagesa,enumeratesecuritypackagesw,freecontextbuffer,freecredentialshandle,initializesecuritycontexta,initializesecuritycontextw,initsecurityinterfacea,initsecurityinterfacew,makesignature,querycontextattributesa,querycontextattributesw,querycredentialsattributesa,querycredentialsattributesw,querysecuritypackageinfoa,querysecuritypackageinfow,secbuffer,secbufferdesc,secpkgcontext_authoritya,secpkgcontext_authorityw,secpkgcontext_dceinfo,secpkgcontext_keyinfoa,secpkgcontext_keyinfow,secpkgcontext_lifespan,secpkgcontext_namesa,secpkgcontext_namesw,secpkgcontext_protoinfoa,secpkgcontext_protoinfow,secpkgcontext_sizes,secpkgcontext_streamsizes,secpkgcredentials_namesa,secpkgcredentials_namesw,secpkginfoa,secpkginfow,securityfunctiontablea,securityfunctiontablew,verifysignature
stringapiset	6	win32/api/stringapiset	stringapiset	comparestringw,foldstringw,getstringtypeexw,getstringtypew,multibytetowidechar,widechartomultibyte
strmif	271	win32/api/strmif	strmif	_am_filter_misc_flags,allocator_properties,am_media_type,am_sample2_properties,am_stream_info,am_stream_info_flags,analogvideostandard,audio_stream_config_caps,cameracontrolflags,cameracontrolproperty,colorkey,compressioncaps,ddcolorkey,filter_info,filter_state,iambuffernegotiationgetallocatorproperties,iambuffernegotiationsuggestallocatorproperties,iamcameracontrolget,iamcameracontrolgetrange,iamcameracontrolset,iamdevmemoryallocatoralloc,iamdevmemoryallocatorcheckmemory,iamdevmemoryallocatorfree,iamdevmemoryallocatorgetdevmemoryobject,iamdevmemoryallocatorgetinfo,iamdevmemorycontrolgetdevid,iamdevmemorycontrolquerywritesync,iamdevmemorycontrolwritesync,iamdroppedframesgetaverageframesize,iamdroppedframesgetdroppedinfo,iamdroppedframesgetnumdropped,iamdroppedframesgetnumnotdropped,iamfiltermiscflagsgetmiscflags,iamoviesetupregister,iamoviesetupunregister,iamstreamconfiggetformat,iamstreamconfiggetnumberofcapabilities,iamstreamconfiggetstreamcaps,iamstreamconfigsetformat,iamstreamcontrolgetinfo,iamstreamcontrolstartat,iamstreamcontrolstopat,iamstreamselectcount,iamstreamselectenable,iamstreamselectinfo,iamtunerchannelminmax,iamtunerget_channel,iamtunerget_countrycode,iamtunerget_mode,iamtunerget_tuningspace,iamtunergetavailablemodes,iamtunerlogon,iamtunerlogout,iamtunerput_channel,iamtunerput_countrycode,iamtunerput_mode,iamtunerput_tuningspace,iamtunerregisternotificationcallback,iamtunersignalpresent,iamtunerunregisternotificationcallback,iamtvtunerautotune,iamtvtunerget_audiofrequency,iamtvtunerget_availabletvformats,iamtvtunerget_connectinput,iamtvtunerget_inputtype,iamtvtunerget_numinputconnections,iamtvtunerget_tvformat,iamtvtunerget_videofrequency,iamtvtunerput_connectinput,iamtvtunerput_inputtype,iamtvtunerstoreautotune,iamvideocompressionget_keyframerate,iamvideocompressionget_pframesperkeyframe,iamvideocompressionget_quality,iamvideocompressionget_windowsize,iamvideocompressiongetinfo,iamvideocompressionoverrideframesize,iamvideocompressionoverridekeyframe,iamvideocompressionput_keyframerate,iamvideocompressionput_pframesperkeyframe,iamvideocompressionput_quality,iamvideocompressionput_windowsize,iamvideocontrolgetcaps,iamvideocontrolgetcurrentactualframerate,iamvideocontrolgetframeratelist,iamvideocontrolgetmaxavailableframerate,iamvideocontrolgetmode,iamvideocontrolsetmode,iamvideoprocampget,iamvideoprocampgetrange,iamvideoprocampset,iasyncreaderbeginflush,iasyncreaderendflush,iasyncreaderlength,iasyncreaderrequest,iasyncreaderrequestallocator,iasyncreadersyncread,iasyncreadersyncreadaligned,iasyncreaderwaitfornext,ibasefilterenumpins,ibasefilterfindpin,ibasefilterjoinfiltergraph,ibasefilterqueryfilterinfo,ibasefilterqueryvendorinfo,icapturegraphbuilder2controlstream,icapturegraphbuilder2findinterface,icapturegraphbuilder2findpin,icapturegraphbuilder2getfiltergraph,icapturegraphbuilder2renderstream,icapturegraphbuilder2setfiltergraph,icapturegraphbuilder2setoutputfilename,idistributornotifynotifygraphchange,idistributornotifypause,idistributornotifyrun,idistributornotifysetsyncsource,idistributornotifystop,ienumfiltersclone,ienumfiltersnext,ienumfiltersreset,ienumfiltersskip,ienummediatypesclone,ienummediatypesnext,ienummediatypesreset,ienummediatypesskip,ienumpinsclone,ienumpinsnext,ienumpinsreset,ienumpinsskip,ienumregfiltersclone,ienumregfiltersnext,ienumregfiltersreset,ienumregfiltersskip,ifilesinkfilter2getmode,ifilesinkfilter2setmode,ifilesinkfiltergetcurfile,ifilesinkfiltersetfilename,ifilesourcefiltergetcurfile,ifilesourcefilterload,ifiltergraph2addsourcefilterformoniker,ifiltergraph2reconnectex,ifiltergraphaddfilter,ifiltergraphconnectdirect,ifiltergraphdisconnect,ifiltergraphenumfilters,ifiltergraphfindfilterbyname,ifiltergraphreconnect,ifiltergraphremovefilter,ifiltergraphsetdefaultsyncsource,ifiltermapper2createcategory,ifiltermapper2enummatchingfilters,ifiltermapper2registerfilter,ifiltermapper2unregisterfilter,ifiltermapperenummatchingfilters,ifiltermapperregisterfilter,ifiltermapperregisterfilterinstance,ifiltermapperregisterpin,ifiltermapperregisterpintype,ifiltermapperunregisterfilter,ifiltermapperunregisterfilterinstance,ifiltermapperunregisterpin,igraphbuilderaddsourcefilter,igraphbuilderconnect,igraphbuilderrender,igraphbuilderrenderfile,igraphbuildersetlogfile,igraphversionqueryversion,imediaeventsinknotify,imediafiltergetstate,imediafiltergetsyncsource,imediafilterpause,imediafilterrun,imediafiltersetsyncsource,imediafilterstop,imediasample2getproperties,imediasample2setproperties,imediasamplegetactualdatalength,imediasamplegetmediatime,imediasamplegetmediatype,imediasamplegetpointer,imediasamplegetsize,imediasamplegettime,imediasampleisdiscontinuity,imediasampleispreroll,imediasampleissyncpoint,imediasamplesetactualdatalength,imediasamplesetdiscontinuity,imediasamplesetmediatime,imediasamplesetmediatype,imediasamplesetpreroll,imediasamplesetsyncpoint,imediasamplesettime,imediaseekingcheckcapabilities,imediaseekingconverttimeformat,imediaseekinggetavailable,imediaseekinggetcapabilities,imediaseekinggetcurrentposition,imediaseekinggetduration,imediaseekinggetpositions,imediaseekinggetpreroll,imediaseekinggetrate,imediaseekinggetstopposition,imediaseekinggettimeformat,imediaseekingisformatsupported,imediaseekingisusingtimeformat,imediaseekingquerypreferredformat,imediaseekingsetpositions,imediaseekingsetrate,imediaseekingsettimeformat,imemallocatorcommit,imemallocatordecommit,imemallocatorgetbuffer,imemallocatorgetproperties,imemallocatorreleasebuffer,imemallocatorsetproperties,imeminputpingetallocator,imeminputpingetallocatorrequirements,imeminputpinnotifyallocator,imeminputpinreceive,imeminputpinreceivecanblock,imeminputpinreceivemultiple,ioverlayadvise,ioverlaygetcliplist,ioverlaygetcolorkey,ioverlaygetdefaultcolorkey,ioverlaygetpalette,ioverlaygetvideoposition,ioverlaygetwindowhandle,ioverlaynotifyonclipchange,ioverlaynotifyoncolorkeychange,ioverlaynotifyonpalettechange,ioverlaynotifyonpositionchange,ioverlaysetcolorkey,ioverlaysetpalette,ioverlayunadvise,ipinbeginflush,ipinconnect,ipinconnectedto,ipinconnectionmediatype,ipindisconnect,ipinendflush,ipinendofstream,ipinenummediatypes,ipinnewsegment,ipinqueryaccept,ipinquerydirection,ipinqueryid,ipinqueryinternalconnections,ipinquerypininfo,ipinreceiveconnection,iqualitycontrolnotify,iqualitycontrolsetsink,ireferenceclockadviseperiodic,ireferenceclockadvisetime,ireferenceclockgettime,ireferenceclockunadvise,iseekingpassthruinit,pin_direction,pin_info,quality,qualitymessagetype,regfilter2,regfilterpins,regfilterpins2,regpinmedium,regpintypes,timecode,timecode_sample,video_stream_config_caps,videocontrolflags,videoprocampflags,videoprocampproperty
strsafe	60	win32/api/strsafe	strsafe	stringcbcata,stringcbcatexa,stringcbcatexw,stringcbcatna,stringcbcatnexa,stringcbcatnexw,stringcbcatnw,stringcbcatw,stringcbcopya,stringcbcopyexa,stringcbcopyexw,stringcbcopyna,stringcbcopynexa,stringcbcopynexw,stringcbcopynw,stringcbcopyw,stringcbgetsa,stringcbgetsexa,stringcbgetsexw,stringcbgetsw,stringcblengtha,stringcblengthw,stringcbprintfa,stringcbprintfexa,stringcbprintfexw,stringcbprintfw,stringcbvprintfa,stringcbvprintfexa,stringcbvprintfexw,stringcbvprintfw,stringcchcata,stringcchcatexa,stringcchcatexw,stringcchcatna,stringcchcatnexa,stringcchcatnexw,stringcchcatnw,stringcchcatw,stringcchcopya,stringcchcopyexa,stringcchcopyexw,stringcchcopyna,stringcchcopynexa,stringcchcopynexw,stringcchcopynw,stringcchcopyw,stringcchgetsa,stringcchgetsexa,stringcchgetsexw,stringcchgetsw,stringcchlengtha,stringcchlengthw,stringcchprintfa,stringcchprintfexa,stringcchprintfexw,stringcchprintfw,stringcchvprintfa,stringcchvprintfexa,stringcchvprintfexw,stringcchvprintfw
synchapi	19	win32/api/synchapi	synchapi	createeventa,createeventw,createmutexa,createmutexw,createsemaphorew,deletecriticalsection,entercriticalsection,initializecriticalsection,leavecriticalsection,openeventa,openeventw,releasemutex,releasesemaphore,resetevent,setevent,sleep,tryentercriticalsection,waitformultipleobjects,waitforsingleobject
sysinfoapi	10	win32/api/sysinfoapi	sysinfoapi	getlocaltime,getsysteminfo,getsystemtime,getsystemtimeasfiletime,gettickcount,getversionexa,getversionexw,setlocaltime,setsystemtime,system_info
tapi	191	win32/api/tapi	tapi	lineaccept,lineaddprovider,lineaddprovidera,lineaddproviderw,lineaddresscaps,lineaddressstatus,lineaddtoconference,lineanswer,lineblindtransfer,lineblindtransfera,lineblindtransferw,linecallinfo,linecalllist,linecallparams,linecallstatus,linecalltreatmententry,lineclose,linecompletetransfer,lineconfigdialogedit,lineconfigdialogedita,lineconfigdialogeditw,linedeallocatecall,linedevcaps,linedevspecific,linedevstatus,linedial,linediala,linedialparams,linedialw,linedrop,lineextensionid,lineforward,lineforwarda,lineforwardlist,lineforwardw,linegeneratedigits,linegeneratedigitsa,linegeneratedigitsw,linegeneratetone,linegetaddresscaps,linegetaddresscapsa,linegetaddresscapsw,linegetaddressid,linegetaddressida,linegetaddressidw,linegetaddressstatus,linegetaddressstatusa,linegetaddressstatusw,linegetapppriority,linegetappprioritya,linegetapppriorityw,linegetcallinfo,linegetcallinfoa,linegetcallinfow,linegetcallstatus,linegetconfrelatedcalls,linegetdevcaps,linegetdevcapsa,linegetdevcapsw,linegetdevconfig,linegetdevconfiga,linegetdevconfigw,linegeticon,linegeticona,linegeticonw,linegetid,linegetida,linegetidw,linegetlinedevstatus,linegetlinedevstatusa,linegetlinedevstatusw,linegetmessage,linegetnewcalls,linegetnumrings,linegetproviderlist,linegetproviderlista,linegetproviderlistw,linegetstatusmessages,linegettranslatecaps,linegettranslatecapsa,linegettranslatecapsw,linehandoff,linehandoffa,linehandoffw,linehold,lineinitialize,lineinitializeexa,lineinitializeexparams,lineinitializeexw,linelocationentry,linemakecall,linemakecalla,linemakecallw,linemessage,linemonitordigits,linemonitormedia,linenegotiateapiversion,linenegotiateextversion,lineopen,lineopena,lineopenw,linepickup,linepickupa,linepickupw,lineprepareaddtoconference,lineprepareaddtoconferencea,lineprepareaddtoconferencew,lineproviderentry,lineproviderlist,lineredirect,lineredirecta,lineredirectw,linereleaseuseruserinfo,lineremovefromconference,linesenduseruserinfo,linesetapppriority,linesetappprioritya,linesetapppriorityw,linesetcallparams,linesetcallprivilege,linesetcurrentlocation,linesetdevconfig,linesetdevconfiga,linesetdevconfigw,linesetmediamode,linesetnumrings,linesetstatusmessages,linesetterminal,linesettolllist,linesettolllista,linesettolllistw,linesetupconference,linesetupconferencea,linesetupconferencew,linesetuptransfer,linesetuptransfera,linesetuptransferw,lineshutdown,lineswaphold,linetranslateaddress,linetranslateaddressa,linetranslateaddressw,linetranslatecaps,linetranslatedialog,linetranslatedialoga,linetranslatedialogw,linetranslateoutput,lineunhold,phonecaps,phoneclose,phoneconfigdialog,phoneconfigdialoga,phoneconfigdialogw,phonedevspecific,phoneextensionid,phonegetdevcaps,phonegetdevcapsa,phonegetdevcapsw,phonegetgain,phonegethookswitch,phonegeticon,phonegeticona,phonegeticonw,phonegetid,phonegetida,phonegetidw,phonegetmessage,phonegetring,phonegetstatus,phonegetstatusa,phonegetstatusmessages,phonegetstatusw,phonegetvolume,phoneinitializeexa,phoneinitializeexparams,phoneinitializeexw,phonemessage,phonenegotiateapiversion,phonenegotiateextversion,phoneopen,phonesetgain,phonesethookswitch,phonesetring,phonesetstatusmessages,phonesetvolume,phoneshutdown,phonestatus,tapirequestmakecall,tapirequestmakecalla,tapirequestmakecallw,varstring
tcpmib	1	win32/api/tcpmib	tcpmib	mib_tcptable
timeapi	6	win32/api/timeapi	timeapi	timebeginperiod,timecaps,timeendperiod,timegetdevcaps,timegetsystemtime,timegettime
timezoneapi	5	win32/api/timezoneapi	timezoneapi	filetimetosystemtime,gettimezoneinformation,settimezoneinformation,systemtimetofiletime,time_zone_information
tlhelp32	23	win32/api/tlhelp32	tlhelp32	createtoolhelp32snapshot,heap32first,heap32listfirst,heap32listnext,heap32next,heapentry32,heaplist32,module32first,module32firstw,module32next,module32nextw,moduleentry32,moduleentry32w,process32first,process32firstw,process32next,process32nextw,processentry32,processentry32w,thread32first,thread32next,threadentry32,toolhelp32readprocessmemory
tspi	82	win32/api/tspi	tspi	async_completion,lineevent,phoneevent,tspi_lineaccept,tspi_lineaddtoconference,tspi_lineanswer,tspi_lineblindtransfer,tspi_lineclose,tspi_lineclosecall,tspi_linecompletetransfer,tspi_lineconditionalmediadetection,tspi_lineconfigdialogedit,tspi_linedevspecific,tspi_linedial,tspi_linedrop,tspi_lineforward,tspi_linegeneratedigits,tspi_linegeneratetone,tspi_linegetaddresscaps,tspi_linegetaddressid,tspi_linegetaddressstatus,tspi_linegetcalladdressid,tspi_linegetcallinfo,tspi_linegetcallstatus,tspi_linegetdevcaps,tspi_linegetdevconfig,tspi_linegetextensionid,tspi_linegeticon,tspi_linegetid,tspi_linegetlinedevstatus,tspi_linegetnumaddressids,tspi_linehold,tspi_linemakecall,tspi_linemonitordigits,tspi_linemonitormedia,tspi_linenegotiateextversion,tspi_linenegotiatetspiversion,tspi_lineopen,tspi_linepickup,tspi_lineprepareaddtoconference,tspi_lineredirect,tspi_linereleaseuseruserinfo,tspi_lineremovefromconference,tspi_linesenduseruserinfo,tspi_linesetcallparams,tspi_linesetdefaultmediadetection,tspi_linesetdevconfig,tspi_linesetmediamode,tspi_linesetstatusmessages,tspi_linesetterminal,tspi_linesetupconference,tspi_linesetuptransfer,tspi_lineswaphold,tspi_lineunhold,tspi_phoneclose,tspi_phoneconfigdialog,tspi_phonedevspecific,tspi_phonegetdevcaps,tspi_phonegetextensionid,tspi_phonegetgain,tspi_phonegethookswitch,tspi_phonegeticon,tspi_phonegetid,tspi_phonegetring,tspi_phonegetstatus,tspi_phonegetvolume,tspi_phonenegotiateextversion,tspi_phonenegotiatetspiversion,tspi_phoneopen,tspi_phoneselectextversion,tspi_phonesetgain,tspi_phonesethookswitch,tspi_phonesetring,tspi_phonesetstatusmessages,tspi_phonesetvolume,tspi_providercreatelinedevice,tspi_providercreatephonedevice,tspi_providerenumdevices,tspi_providerinit,tspi_providerinstall,tspi_providerremove,tspi_providershutdown
tvout	1	win32/api/tvout	tvout	videoparameters
udpmib	3	win32/api/udpmib	udpmib	mib_udprow,mib_udpstats,mib_udptable
unknwn	7	win32/api/unknwn	unknwn	iclassfactory,iclassfactorycreateinstance,iclassfactorylockserver,iunknown,iunknownaddref,iunknownqueryinterface,iunknownrelease
unknwnbase	2	win32/api/unknwnbase	unknwnbase	iclassfactory,iclassfactorylockserver
upnp	31	win32/api/upnp	upnp	iupnpdescriptiondocument,iupnpdescriptiondocumentabort,iupnpdescriptiondocumentcallback,iupnpdescriptiondocumentcallbackloadcomplete,iupnpdescriptiondocumentdevicebyudn,iupnpdescriptiondocumentload,iupnpdescriptiondocumentloadasync,iupnpdescriptiondocumentrootdevice,iupnpdevice,iupnpdevicedocumentaccess,iupnpdevicedocumentaccessgetdocumenturl,iupnpdevicefinder,iupnpdevicefindercallback,iupnpdevicefindercallbackdeviceadded,iupnpdevicefindercallbackdeviceremoved,iupnpdevicefindercallbacksearchcomplete,iupnpdevicefindercancelasyncfind,iupnpdevicefindercreateasyncfind,iupnpdevicefinderfindbytype,iupnpdevicefinderfindbyudn,iupnpdevicefinderstartasyncfind,iupnpdeviceiconurl,iupnpdevices,iupnpservice,iupnpserviceaddcallback,iupnpservicecallback,iupnpservicecallbackserviceinstancedied,iupnpservicecallbackstatevariablechanged,iupnpserviceinvokeaction,iupnpservicequerystatevariable,iupnpservices
upnphost	17	win32/api/upnphost	upnphost	iupnpdevicecontrol,iupnpdevicecontrolgetserviceobject,iupnpdevicecontrolinitialize,iupnpeventsink,iupnpeventsinkonstatechanged,iupnpeventsinkonstatechangedsafe,iupnpeventsource,iupnpeventsourceadvise,iupnpeventsourceunadvise,iupnpregistrar,iupnpregistrargetuniquedevicename,iupnpregistrarregisterdevice,iupnpregistrarregisterrunningdevice,iupnpregistrarunregisterdevice,iupnpreregistrar,iupnpreregistrarreregisterdevice,iupnpreregistrarreregisterrunningdevice
urlmon	2	win32/api/urlmon	urlmon	createasyncbindctx,createformatenumerator
usp10	43	win32/api/usp10	usp10	goffset,script_analysis,script_control,script_digitsubstitute,script_fontproperties,script_item,script_justify,script_logattr,script_properties,script_state,script_tabdef,script_visattr,scriptapplydigitsubstitution,scriptapplylogicalwidth,scriptbreak,scriptcachegetheight,scriptcptox,scriptfreecache,scriptgetcmap,scriptgetfontproperties,scriptgetglyphabcwidth,scriptgetlogicalwidths,scriptgetproperties,scriptiscomplex,scriptitemize,scriptjustify,scriptlayout,scriptplace,scriptrecorddigitsubstitution,scriptshape,scriptstring_pcoutchars,scriptstring_plogattr,scriptstring_psize,scriptstringanalyse,scriptstringcptox,scriptstringfree,scriptstringgetlogicalwidths,scriptstringgetorder,scriptstringout,scriptstringvalidate,scriptstringxtocp,scripttextout,scriptxtocp
uxtheme	9	win32/api/uxtheme	uxtheme	closethemedata,drawthemebackground,getthemebackgroundextent,getthemecolor,getthemefont,hittestthemebackground,isappthemed,margins,openthemedataex
verrsrc	1	win32/api/verrsrc	verrsrc	vs_fixedfileinfo
vpconfig	15	win32/api/vpconfig	vpconfig	ivpbaseconfiggetconnectinfo,ivpbaseconfiggetmaxpixelrate,ivpbaseconfiggetoverlaysurface,ivpbaseconfiggetvideoformats,ivpbaseconfiggetvpdatainfo,ivpbaseconfiginformvpinputformats,ivpbaseconfigsetconnectinfo,ivpbaseconfigsetddsurfacekernelhandles,ivpbaseconfigsetdirectdrawkernelhandle,ivpbaseconfigsetinvertpolarity,ivpbaseconfigsetsurfaceparameters,ivpbaseconfigsetvideoformat,ivpbaseconfigsetvideoportid,ivpconfigisvpdecimationallowed,ivpconfigsetscalingfactors
vpnotify	3	win32/api/vpnotify	vpnotify	ivpbasenotifyrenegotiatevpparameters,ivpnotifygetdeinterlacemode,ivpnotifysetdeinterlacemode
vptype	3	win32/api/vptype	vptype	amvp_mode,amvpdatainfo,amvpsize
winbase	65	win32/api/winbase	winbase	clearcommbreak,clearcommerror,commconfig,commprop,commtimeouts,comstat,convertthreadtofiber,copyfile,copyfilea,copyfileexa,copyfileexw,copyfilew,createdirectory,createfiber,createfilemappinga,createsemaphorea,dcb,deletefiber,deletefile,escapecommfunction,findresourcea,formatmessage,formatmessagea,formatmessagew,getcommmask,getcommmodemstatus,getcommproperties,getcommstate,getcommtimeouts,getdevicepowerstate,gettempfilename,getthreadcontext,globaladdatoma,globaladdatomw,globaldeleteatom,globalfindatoma,globalfindatomw,globalmemorystatus,isbadcodeptr,isbadreadptr,isbadwriteptr,localalloc,localfree,locallock,localrealloc,localsize,makeintatom,memorystatus,movefile,movefilea,movefilew,muldiv,pulseevent,purgecomm,setcommbreak,setcommmask,setcommstate,setcommtimeouts,setsystempowerstate,setthreadcontext,setupcomm,switchtofiber,transmitcommchar,waitcommevent,winmain
winber	13	win32/api/winber	winber	ber_alloc_t,ber_bvdup,ber_bvecfree,ber_bvfree,ber_first_element,ber_flatten,ber_free,ber_init,ber_next_element,ber_peek_tag,ber_printf,ber_scanf,ber_skip_tag
wincred	9	win32/api/wincred	wincred	creddeletea,creddeletew,credentiala,credentialw,credfree,credreada,credreadw,credwritea,credwritew
wincrypt	204	win32/api/wincrypt	wincrypt	cert_access_description,cert_alt_name_entry,cert_alt_name_info,cert_authority_info_access,cert_authority_key_id2_info,cert_authority_key_id_info,cert_basic_constraints2_info,cert_basic_constraints_info,cert_chain_context,cert_chain_element,cert_chain_engine_config,cert_chain_para,cert_context,cert_extension,cert_id,cert_info,cert_issuer_serial_number,cert_key_attributes_info,cert_key_context,cert_key_usage_restriction_info,cert_keygen_request_info,cert_name_info,cert_policies_info,cert_policy_id,cert_policy_info,cert_policy_qualifier_info,cert_private_key_validity,cert_public_key_info,cert_rdn,cert_rdn_attr,cert_request_info,cert_signed_content_info,cert_simple_chain,cert_system_store_info,cert_system_store_relocate_para,cert_trust_list_info,cert_trust_status,cert_usage_match,certaddcertificatecontexttostore,certaddcertificatelinktostore,certaddencodedcertificatetostore,certaddenhancedkeyusageidentifier,certaddserializedelementtostore,certalgidtooid,certclosestore,certcomparecertificate,certcomparecertificatename,certcompareintegerblob,certcomparepublickeyinfo,certcontrolstore,certcreatecertificatecontext,certdeletecertificatefromstore,certduplicatecertificatechain,certduplicatecertificatecontext,certduplicatestore,certenumcertificatecontextproperties,certenumcertificatesinstore,certenumphysicalstore,certenumsystemstore,certenumsystemstorelocation,certfindattribute,certfindcertificateinstore,certfindextension,certfindrdnattr,certfreecertificatechain,certfreecertificatecontext,certgetcertificatechain,certgetcertificatecontextproperty,certgetenhancedkeyusage,certgetintendedkeyusage,certgetissuercertificatefromstore,certgetnamestringa,certgetnamestringw,certgetpublickeylength,certgetstoreproperty,certgetsubjectcertificatefromstore,certgetvalidusages,certisrdnattrsincertificatename,certnametostra,certnametostrw,certoidtoalgid,certopenstore,certopensystemstorea,certopensystemstorew,certrdnvaluetostra,certrdnvaluetostrw,certremoveenhancedkeyusageidentifier,certsavestore,certserializecertificatestoreelement,certsetcertificatecontextproperty,certsetenhancedkeyusage,certsetstoreproperty,certstrtonamea,certstrtonamew,certverifysubjectcertificatecontext,certverifytimevalidity,certverifyvaliditynesting,cmsg_cms_recipient_info,cmsg_cms_signer_info,cmsg_ctrl_add_signer_unauth_attr_para,cmsg_ctrl_decrypt_para,cmsg_ctrl_del_signer_unauth_attr_para,cmsg_ctrl_key_agree_decrypt_para,cmsg_ctrl_verify_signature_ex_para,cmsg_enveloped_encode_info,cmsg_hashed_encode_info,cmsg_key_trans_recipient_info,cmsg_mail_list_recipient_info,cmsg_signed_encode_info,cmsg_signer_encode_info,cmsg_signer_info,cmsg_stream_info,crypt_algorithm_identifier,crypt_attribute,crypt_attributes,crypt_bit_blob,crypt_encode_para,crypt_key_prov_info,crypt_key_prov_param,crypt_oid_func_entry,crypt_oid_info,cryptacquirecertificateprivatekey,cryptacquirecontexta,cryptacquirecontextw,cryptcontextaddref,cryptcreatehash,cryptcreatekeyidentifierfromcsp,cryptdecodeobjectex,cryptdecrypt,cryptderivekey,cryptdestroyhash,cryptdestroykey,cryptduplicatehash,cryptduplicatekey,cryptencodeobjectex,cryptencrypt,cryptenumkeyidentifierproperties,cryptenumoidinfo,cryptenumprovidersa,cryptenumprovidersw,cryptenumprovidertypesa,cryptenumprovidertypesw,cryptexportkey,cryptexportpublickeyinfoex,cryptfindcertificatekeyprovinfo,cryptfindlocalizedname,cryptfindoidinfo,cryptfreeoidfunctionaddress,cryptgenkey,cryptgenrandom,cryptgetdefaultoidfunctionaddress,cryptgetdefaultprovidera,cryptgetdefaultproviderw,cryptgethashparam,cryptgetkeyidentifierproperty,cryptgetkeyparam,cryptgetoidfunctionaddress,cryptgetprovparam,cryptgetuserkey,crypthashcertificate,crypthashdata,crypthashpublickeyinfo,crypthashsessionkey,crypthashtobesigned,cryptimportkey,cryptimportpublickeyinfoex,cryptinitoidfunctionset,cryptinstalldefaultcontext,cryptinstalloidfunctionaddress,cryptmsgcalculateencodedlength,cryptmsgclose,cryptmsgcontrol,cryptmsgduplicate,cryptmsggetparam,cryptmsgopentodecode,cryptmsgopentoencode,cryptmsgupdate,cryptreleasecontext,cryptsethashparam,cryptsetkeyidentifierproperty,cryptsetkeyparam,cryptsetprovidera,cryptsetproviderexa,cryptsetproviderexw,cryptsetproviderw,cryptsetprovparam,cryptsignandencodecertificate,cryptsigncertificate,cryptsignhasha,cryptsignhashw,cryptuninstalldefaultcontext,cryptverifycertificatesignature,cryptverifysignaturea,cryptverifysignaturew,ctl_usage,hmac_info,pfxexportcertstoreex,pfximportcertstore,pfxispfxblob,pfxverifypassword,prov_enumalgs,prov_enumalgs_ex,publickeystruc,rsapubkey
winddi	53	win32/api/winddi	winddi	brushobj,brushobj_pvallocrbrush,brushobj_pvgetrbrush,clipobj,clipobj_benum,clipobj_cenumstart,devinfo,drvbitblt,drvcopybits,drvcreatedevicebitmap,drvdeletedevicebitmap,drvdisabledriver,drvdisablepdev,drvdisablesurface,drvenabledata,drvenabledriver,drvenablepdev,drvenablesurface,drvenddoc,drvescape,drvfillpath,drvgetmodes,drvgradientfill,drvmovepointer,drvpaint,drvrealizebrush,drvsetpalette,drvsetpointershape,drvstartdoc,drvstartpage,drvstrokepath,drvtextout,drvtransparentblt,engcreatedevicebitmap,engcreatedevicesurface,engcreatepalette,engdeletesurface,fd_devicemetrics,fontobj,gdiinfo,glyphbits,glyphdata,ifimetrics,isequalguid,palobj_cgetcolors,pathobj,pathobj_benum,pathobj_venumstart,pathobj_vgetbounds,strobj,surfobj,xlateobj,xlateobj_cgetpalette
windef	5	win32/api/windef	windef	point,points,rect,rectl,size
windns	8	win32/api/windns	windns	dns_rrset,dns_wire_question,dns_wire_record,dnsmodifyrecordsinset_w,dnsquery_w,dnsrecordlistfree,dnsreplacerecordsetw,ip4_array
windnsdef	36	win32/api/windnsdef	windnsdef	dns_a_data,dns_aaaa_data,dns_atma_data,dns_header,dns_key_data,dns_loc_data,dns_message_buffer,dns_minfo_dataa,dns_minfo_dataw,dns_mx_dataa,dns_mx_dataw,dns_null_data,dns_nxt_dataa,dns_nxt_dataw,dns_ptr_dataa,dns_ptr_dataw,dns_record_flags,dns_recorda,dns_recordw,dns_sig_dataa,dns_sig_dataw,dns_soa_dataa,dns_soa_dataw,dns_srv_dataa,dns_srv_dataw,dns_tkey_dataa,dns_tkey_dataw,dns_tsig_dataa,dns_tsig_dataw,dns_txt_dataa,dns_txt_dataw,dns_wins_data,dns_winsr_dataa,dns_winsr_dataw,dns_wks_data,ip6_address
wingdi	185	win32/api/wingdi	wingdi	abc,abortdoc,abortproc,addfontresourcea,addfontresourcew,alphablend,bitblt,bitmap,bitmapcoreheader,bitmapcoreinfo,bitmapfileheader,bitmapinfo,bitmapinfoheader,blendfunction,charsetinfo,combinergn,createbitmap,createcompatiblebitmap,createcompatibledc,createdca,createdcw,createdibpatternbrushpt,createdibsection,createfontindirecta,createfontindirectw,createpalette,createpatternbrush,createpen,createpenindirect,createrectrgn,createrectrgnindirect,createsolidbrush,deletedc,deleteobject,devicecapabilitiesa,devicecapabilitiesw,devmodea,devmodew,dibsection,display_devicea,display_devicew,docinfoa,docinfow,ellipse,enddoc,endpage,enumfontfamiliesa,enumfontfamiliesexa,enumfontfamiliesexw,enumfontfamiliesw,enumfontsa,enumfontsw,enumlogfonta,enumlogfontw,equalrgn,excludecliprect,extcreateregion,extescape,exttextouta,exttextoutw,fillrgn,fixed,fontsignature,getbkcolor,getbkmode,getbvalue,getcharabcwidthsa,getcharabcwidthsi,getcharabcwidthsw,getcharwidth32a,getcharwidth32w,getclipbox,getcliprgn,getcurrentobject,getcurrentpositionex,getdevicecaps,getdibcolortable,getfontdata,getgvalue,getlayout,getnearestcolor,getnearestpaletteindex,getobject,getobjecta,getobjecttype,getobjectw,getoutlinetextmetricsa,getoutlinetextmetricsw,getpaletteentries,getpixel,getregiondata,getrgnbox,getrop2,getrvalue,getstockobject,getstretchbltmode,getsystempaletteentries,gettextalign,gettextcharacterextra,gettextcolor,gettextextentexpointa,gettextextentexpointw,gettextextentpoint32a,gettextextentpoint32w,gettextextentpointa,gettextextentpointw,gettextfacea,gettextfacew,gettextmetrics,gettextmetricsa,gettextmetricsw,getviewportextex,getviewportorgex,getwindowextex,getwindoworgex,gradient_rect,gradientfill,intersectcliprect,lineto,logbrush,logfonta,logfontw,logpalette,logpen,makerop4,maskblt,metafilepict,movetoex,newtextmetrica,newtextmetricw,offsetrgn,offsetviewportorgex,outlinetextmetricw,paletteentry,paletteindex,palettergb,patblt,polygon,polyline,ptinregion,realizepalette,rectangle,rectinregion,rectvisible,removefontresourcea,removefontresourcew,restoredc,rgb,rgbquad,rgbtriple,rgndata,rgndataheader,roundrect,savedc,selectcliprgn,selectobject,selectpalette,setabortproc,setbitmapbits,setbkcolor,setbkmode,setbrushorgex,setdibcolortable,setdibitstodevice,setlayout,setpaletteentries,setpixel,setrectrgn,setrop2,setstretchbltmode,settextalign,settextcharacterextra,settextcolor,setviewportorgex,setwindoworgex,startdoca,startdocw,startpage,stretchblt,stretchdibits,textmetrica,textmetricw,translatecharsetinfo,transparentblt,trivertex
winhttp	2	win32/api/winhttp	winhttp	http_version_info,url_components
wininet	169	win32/api/wininet	wininet	commiturlcacheentrya,commiturlcacheentryw,createurlcacheentrya,createurlcacheentryw,createurlcachegroup,deleteurlcacheentry,deleteurlcacheentrya,deleteurlcacheentryw,deleteurlcachegroup,findcloseurlcache,findfirsturlcacheentrya,findfirsturlcacheentryexa,findfirsturlcacheentryexw,findfirsturlcacheentryw,findfirsturlcachegroup,findnexturlcacheentrya,findnexturlcacheentryexa,findnexturlcacheentryexw,findnexturlcacheentryw,findnexturlcachegroup,ftpcommanda,ftpcommandw,ftpcreatedirectorya,ftpcreatedirectoryw,ftpdeletefilea,ftpdeletefilew,ftpfindfirstfilea,ftpfindfirstfilew,ftpgetcurrentdirectorya,ftpgetcurrentdirectoryw,ftpgetfilea,ftpgetfilesize,ftpgetfilew,ftpopenfilea,ftpopenfilew,ftpputfilea,ftpputfilew,ftpremovedirectorya,ftpremovedirectoryw,ftprenamefilea,ftprenamefilew,ftpsetcurrentdirectorya,ftpsetcurrentdirectoryw,geturlcacheentryinfoa,geturlcacheentryinfoexa,geturlcacheentryinfoexw,geturlcacheentryinfow,geturlcachegroupattributea,geturlcachegroupattributew,http_version_info,httpaddrequestheadersa,httpaddrequestheadersw,httpendrequesta,httpendrequestw,httpopenrequesta,httpopenrequestw,httpqueryinfoa,httpqueryinfow,httpsendrequesta,httpsendrequestexa,httpsendrequestexw,httpsendrequestw,internet_async_result,internet_auth_notify_data,internet_buffersa,internet_buffersw,internet_cache_entry_infoa,internet_cache_entry_infow,internet_cache_timestamps,internet_certificate_info,internet_connected_info,internet_per_conn_option_lista,internet_per_conn_option_listw,internet_per_conn_optiona,internet_per_conn_optionw,internet_proxy_info,internet_scheme,internet_status_callback,internet_version_info,internetattemptconnect,internetcanonicalizeurla,internetcanonicalizeurlw,internetcheckconnectiona,internetcheckconnectionw,internetclearallpersitecookiedecisions,internetclosehandle,internetcombineurla,internetcombineurlw,internetconfirmzonecrossing,internetconfirmzonecrossinga,internetconfirmzonecrossingw,internetconnecta,internetconnectw,internetcookiestate,internetcrackurla,internetcrackurlw,internetcreateurla,internetcreateurlw,internetenumpersitecookiedecisiona,internetenumpersitecookiedecisionw,interneterrordlg,internetfindnextfilea,internetfindnextfilew,internetgetconnectedstate,internetgetconnectedstateex,internetgetconnectedstateexa,internetgetconnectedstateexw,internetgetcookiea,internetgetcookiew,internetgetlastresponseinfoa,internetgetlastresponseinfow,internetgetpersitecookiedecisiona,internetgetpersitecookiedecisionw,internetgoonline,internetgoonlinea,internetgoonlinew,internetlockrequestfile,internetopena,internetopenurla,internetopenurlw,internetopenw,internetquerydataavailable,internetqueryoptiona,internetqueryoptionw,internetreadfile,internetreadfileexa,internetreadfileexw,internetsetcookiea,internetsetcookieexa,internetsetcookieexw,internetsetcookiew,internetsetfilepointer,internetsetoptiona,internetsetoptionexa,internetsetoptionexw,internetsetoptionw,internetsetpersitecookiedecisiona,internetsetpersitecookiedecisionw,internetsetstatuscallback,internetsetstatuscallbacka,internetsetstatuscallbackw,internettimefromsystemtime,internettimefromsystemtimea,internettimefromsystemtimew,internettimetosystemtime,internettimetosystemtimea,internettimetosystemtimew,internetunlockrequestfile,internetwritefile,privacygetzonepreferencew,privacysetzonepreferencew,readurlcacheentrystream,retrieveurlcacheentryfilea,retrieveurlcacheentryfilew,retrieveurlcacheentrystreama,retrieveurlcacheentrystreamw,seturlcacheentrygroup,seturlcacheentrygroupa,seturlcacheentrygroupw,seturlcacheentryinfoa,seturlcacheentryinfow,seturlcachegroupattributea,seturlcachegroupattributew,unlockurlcacheentryfile,unlockurlcacheentryfilea,unlockurlcacheentryfilew,unlockurlcacheentrystream,url_componentsa,url_componentsw
winineti	11	win32/api/winineti	winineti	internetenumpersitecookiedecisiona,internetenumpersitecookiedecisionw,internetgetconnectedstate,internetgetconnectedstateex,internetgetconnectedstateexa,internetgetconnectedstateexw,internetgoonline,internetgoonlinea,internetgoonlinew,privacygetzonepreferencew,privacysetzonepreferencew
winioctl	7	win32/api/winioctl	winioctl	file_allocated_range_buffer,file_zero_data_information,fsctl_get_compression,fsctl_query_allocated_ranges,fsctl_set_compression,fsctl_set_sparse,fsctl_set_zero_data
winldap	212	win32/api/winldap	winldap	ber_bvfree,berelement,cldap_open,cldap_opena,cldap_openw,ldap,ldap_abandon,ldap_add,ldap_add_ext,ldap_add_ext_s,ldap_add_ext_sa,ldap_add_ext_sw,ldap_add_exta,ldap_add_extw,ldap_add_s,ldap_add_sa,ldap_add_sw,ldap_adda,ldap_addw,ldap_bind,ldap_bind_s,ldap_bind_sa,ldap_bind_sw,ldap_binda,ldap_bindw,ldap_check_filtera,ldap_check_filterw,ldap_close_extended_op,ldap_compare,ldap_compare_ext,ldap_compare_ext_s,ldap_compare_ext_sa,ldap_compare_ext_sw,ldap_compare_exta,ldap_compare_extw,ldap_compare_s,ldap_compare_sa,ldap_compare_sw,ldap_comparea,ldap_comparew,ldap_connect,ldap_control_free,ldap_control_freea,ldap_control_freew,ldap_controls_free,ldap_controls_freea,ldap_controls_freew,ldap_count_entries,ldap_count_references,ldap_count_values,ldap_count_values_len,ldap_count_valuesa,ldap_count_valuesw,ldap_create_page_control,ldap_create_page_controla,ldap_create_page_controlw,ldap_create_sort_control,ldap_create_sort_controla,ldap_create_sort_controlw,ldap_delete,ldap_delete_ext,ldap_delete_ext_s,ldap_delete_ext_sa,ldap_delete_ext_sw,ldap_delete_exta,ldap_delete_extw,ldap_delete_s,ldap_delete_sa,ldap_delete_sw,ldap_deletea,ldap_deletew,ldap_dn2ufn,ldap_dn2ufna,ldap_dn2ufnw,ldap_err2string,ldap_err2stringa,ldap_err2stringw,ldap_escape_filter_element,ldap_escape_filter_elementa,ldap_escape_filter_elementw,ldap_explode_dn,ldap_explode_dna,ldap_explode_dnw,ldap_extended_operation,ldap_extended_operationa,ldap_extended_operationw,ldap_first_attribute,ldap_first_attributea,ldap_first_attributew,ldap_first_entry,ldap_first_reference,ldap_get_dn,ldap_get_dna,ldap_get_dnw,ldap_get_next_page,ldap_get_next_page_s,ldap_get_option,ldap_get_optionw,ldap_get_paged_count,ldap_get_values,ldap_get_values_len,ldap_get_values_lena,ldap_get_values_lenw,ldap_get_valuesa,ldap_get_valuesw,ldap_init,ldap_inita,ldap_initw,ldap_memfree,ldap_memfreea,ldap_memfreew,ldap_modify,ldap_modify_ext,ldap_modify_ext_s,ldap_modify_ext_sa,ldap_modify_ext_sw,ldap_modify_exta,ldap_modify_extw,ldap_modify_s,ldap_modify_sa,ldap_modify_sw,ldap_modifya,ldap_modifyw,ldap_msgfree,ldap_next_attribute,ldap_next_attributea,ldap_next_attributew,ldap_next_entry,ldap_next_reference,ldap_open,ldap_opena,ldap_openw,ldap_parse_extended_resulta,ldap_parse_extended_resultw,ldap_parse_page_control,ldap_parse_page_controla,ldap_parse_page_controlw,ldap_parse_reference,ldap_parse_referencea,ldap_parse_referencew,ldap_parse_result,ldap_parse_resulta,ldap_parse_resultw,ldap_parse_sort_control,ldap_parse_sort_controla,ldap_parse_sort_controlw,ldap_referral_callback,ldap_rename_ext,ldap_rename_ext_s,ldap_rename_ext_sa,ldap_rename_ext_sw,ldap_rename_exta,ldap_rename_extw,ldap_result,ldap_result2error,ldap_sasl_bind_sa,ldap_sasl_bind_sw,ldap_sasl_binda,ldap_sasl_bindw,ldap_search,ldap_search_abandon_page,ldap_search_ext,ldap_search_ext_s,ldap_search_ext_sa,ldap_search_ext_sw,ldap_search_exta,ldap_search_extw,ldap_search_init_page,ldap_search_init_pagea,ldap_search_init_pagew,ldap_search_s,ldap_search_sa,ldap_search_st,ldap_search_sta,ldap_search_stw,ldap_search_sw,ldap_searcha,ldap_searchw,ldap_set_option,ldap_set_optionw,ldap_simple_bind,ldap_simple_bind_s,ldap_simple_bind_sa,ldap_simple_bind_sw,ldap_simple_binda,ldap_simple_bindw,ldap_sslinit,ldap_sslinita,ldap_sslinitw,ldap_timeval,ldap_ufn2dn,ldap_ufn2dna,ldap_ufn2dnw,ldap_unbind,ldap_unbind_s,ldap_value_free,ldap_value_free_len,ldap_value_freea,ldap_value_freew,ldapcontrola,ldapcontrolw,ldapgetlasterror,ldapmaperrortowin32,ldapmessage,ldapmoda,ldapmodw,ldapsortkeya,ldapsortkeyw,ldapunicodetoutf8,ldaputf8tounicode,queryclientcert,verifyservercert
winnetwk	30	win32/api/winnetwk	winnetwk	connectdlgstructa,connectdlgstructw,discdlgstructa,discdlgstructw,netresourcea,netresourcew,remote_name_infoa,remote_name_infow,universal_name_infoa,universal_name_infow,wnetaddconnection3a,wnetaddconnection3w,wnetcancelconnection2a,wnetcancelconnection2w,wnetcloseenum,wnetconnectiondialog1a,wnetconnectiondialog1w,wnetdisconnectdialog,wnetdisconnectdialog1a,wnetdisconnectdialog1w,wnetenumresourcea,wnetenumresourcew,wnetgetconnectiona,wnetgetconnectionw,wnetgetuniversalnamea,wnetgetuniversalnamew,wnetgetusera,wnetgetuserw,wnetopenenuma,wnetopenenumw
winnls	45	win32/api/winnls	winnls	comparestring,comparestringa,convertdefaultlocale,cpinfo,currencyfmta,currencyfmtw,enumcalendarinfoa,enumcalendarinfow,enumdateformatsa,enumdateformatsw,enumsystemcodepagesa,enumsystemcodepagesw,enumsystemlocalesa,enumsystemlocalesw,enumtimeformatsa,enumtimeformatsw,enumuilanguagesa,enumuilanguagesw,foldstringa,getacp,getcpinfo,getcurrencyformata,getcurrencyformatw,getlocaleinfoa,getlocaleinfow,getnumberformata,getnumberformatw,getoemcp,getstringtypea,getsystemdefaultlangid,getsystemdefaultlcid,getsystemdefaultuilanguage,getuserdefaultlangid,getuserdefaultlcid,getuserdefaultuilanguage,isdbcsleadbyte,isdbcsleadbyteex,isvalidcodepage,isvalidlocale,lcmapstringa,lcmapstringw,numberfmta,numberfmtw,setlocaleinfoa,setlocaleinfow
winnt	23	win32/api/winnt	winnt	context,exception_pointers,exception_record,file_notify_information,getcurrentfiber,getfiberdata,image_data_directory,interlockedcompareexchange,interlockedcompareexchangepointer,interlockeddecrement,interlockedexchange,interlockedexchangeadd,interlockedexchangepointer,interlockedincrement,makelangid,makelcid,memory_basic_information,osversioninfoa,osversioninfow,primarylangid,security_descriptor,sublangid,text
winperf	5	win32/api/winperf	winperf	perf_counter_block,perf_counter_definition,perf_data_block,perf_instance_definition,perf_object_type
winreg	25	win32/api/winreg	winreg	regclosekey,regcreatekeyexa,regcreatekeyexw,regdeletekeya,regdeletekeyw,regdeletevaluea,regdeletevaluew,regenumkeyexa,regenumkeyexw,regenumvaluea,regenumvaluew,regflushkey,regnotifychangekeyvalue,regopenkeyexa,regopenkeyexw,regqueryinfokeya,regqueryinfokeyw,regqueryvalueexa,regqueryvalueexw,regreplacekeya,regreplacekeyw,regsavekeya,regsavekeyw,regsetvalueexa,regsetvalueexw
winscard	46	win32/api/winscard	winscard	scard_atrmask,scard_readerstatea,scard_readerstatew,scardbegintransaction,scardcancel,scardconnecta,scardconnectw,scardcontrol,scarddisconnect,scardendtransaction,scardestablishcontext,scardforgetcardtypea,scardforgetcardtypew,scardforgetreadera,scardforgetreaderw,scardfreememory,scardgetattrib,scardgetcardtypeprovidernamea,scardgetcardtypeprovidernamew,scardgetproviderida,scardgetprovideridw,scardgetstatuschangea,scardgetstatuschangew,scardintroducecardtypea,scardintroducecardtypew,scardintroducereadera,scardintroducereaderw,scardisvalidcontext,scardlistcardsa,scardlistcardsw,scardlistinterfacesa,scardlistinterfacesw,scardlistreadersa,scardlistreadersw,scardlocatecardsa,scardlocatecardsbyatra,scardlocatecardsbyatrw,scardlocatecardsw,scardreconnect,scardreleasecontext,scardsetattrib,scardsetcardtypeprovidernamea,scardsetcardtypeprovidernamew,scardstatusa,scardstatusw,scardtransmit
winsock	35	win32/api/winsock	winsock	bind,closesocket,fd_set,gethostbyaddr,gethostbyname,gethostname,getpeername,getsockname,getsockopt,hostent,htonl,htons,inet_addr,inet_ntoa,ioctlsocket,linger,ntohl,ntohs,protoent,recv,recvfrom,sendto,servent,setsockopt,shutdown,sockaddr,sockaddr_in,timeval,transmit_file_buffers,wsaasyncselect,wsacleanup,wsadata,wsagetlasterror,wsasetlasterror,wsastartup
winsock2	93	win32/api/winsock2	winsock2	accept,afprotocols,bind,blob,closesocket,connect,fd_set,gethostbyaddr,gethostbyname,gethostname,gethostnamew,getpeername,getsockname,getsockopt,hostent,htonl,htons,in_addr,inet_addr,inet_ntoa,ioctlsocket,linger,listen,ntohl,ntohs,protoent,recv,recvfrom,select,send,sendto,servent,setsockopt,shutdown,socket,timeval,wsaaccept,wsaaddresstostringa,wsaaddresstostringw,wsaasyncselect,wsacleanup,wsacloseevent,wsacompletion,wsaconnect,wsacreateevent,wsadata,wsaecomparator,wsaenumnamespaceprovidersa,wsaenumnamespaceprovidersw,wsaenumnetworkevents,wsaenumprotocolsa,wsaenumprotocolsw,wsaeventselect,wsagetlasterror,wsagetoverlappedresult,wsahtonl,wsahtons,wsaioctl,wsajoinleaf,wsalookupservicebegina,wsalookupservicebeginw,wsalookupserviceend,wsalookupservicenexta,wsalookupservicenextw,wsanamespace_infoa,wsanamespace_infow,wsanetworkevents,wsanspioctl,wsantohl,wsantohs,wsaoverlapped,wsaprotocol_infoa,wsaprotocol_infow,wsaprotocolchain,wsaqueryseta,wsaquerysetw,wsarecv,wsarecvfrom,wsaresetevent,wsasend,wsasendto,wsaserviceclassinfoa,wsaserviceclassinfow,wsasetevent,wsasetlasterror,wsasetservicea,wsasetservicew,wsasocketa,wsasocketw,wsastartup,wsastringtoaddressa,wsastringtoaddressw,wsawaitformultipleevents
winternl	1	win32/api/winternl	winternl	string
wintrust	1	win32/api/wintrust	wintrust	win_certificate
winuser	378	win32/api/winuser	winuser	accel,accesstimeout,activatekeyboardlayout,adjustwindowrectex,appendmenua,appendmenuw,begindeferwindowpos,beginpaint,bringwindowtotop,callwindowproca,callwindowprocw,changedisplaysettingsexa,changedisplaysettingsexw,charlowera,charlowerbuffa,charlowerbuffw,charlowerw,charnexta,charnextw,charpreva,charprevw,charuppera,charupperbuffa,charupperbuffw,charupperw,checkdlgbutton,checkmenuitem,checkmenuradioitem,checkradiobutton,childwindowfrompoint,clienttoscreen,clipcursor,closeclipboard,closegestureinfohandle,comboboxinfo,copydatastruct,copyrect,countclipboardformats,createacceleratortablea,createacceleratortablew,createcaret,createcursor,createdialoga,createdialogindirecta,createdialogindirectparama,createdialogindirectparamw,createdialogindirectw,createdialogparama,createdialogparamw,createdialogw,createiconindirect,createmenu,createpopupmenu,createstructa,createstructw,createwindowa,createwindowexa,createwindowexw,createwindoww,defdlgproca,defdlgprocw,deferwindowpos,defwindowproca,defwindowprocw,deleteitemstruct,deletemenu,destroyacceleratortable,destroycaret,destroycursor,destroyicon,destroymenu,destroywindow,dialogboxa,dialogboxindirecta,dialogboxindirectparama,dialogboxindirectparamw,dialogboxindirectw,dialogboxparama,dialogboxparamw,dialogboxw,dispatchmessage,dispatchmessagea,dispatchmessagew,dlgitemtemplate,dlgtemplate,drawedge,drawfocusrect,drawframecontrol,drawicon,drawiconex,drawitemstruct,drawmenubar,drawtext,drawtexta,drawtextw,emptyclipboard,enablemenuitem,enablewindow,enddeferwindowpos,enddialog,endpaint,enumclipboardformats,enumdisplaydevicesa,enumdisplaydevicesw,enumdisplaymonitors,enumdisplaysettingsa,enumdisplaysettingsw,enumpropsexa,enumpropsexw,enumwindows,equalrect,fillrect,findwindowa,findwindoww,gestureinfo,getactivewindow,getasynckeystate,getcapture,getcaretblinktime,getcaretpos,getclassinfoa,getclassinfow,getclasslonga,getclasslongw,getclassname,getclassnamea,getclassnamew,getclientrect,getclipboarddata,getclipboardformatnamea,getclipboardformatnamew,getclipboardowner,getclipcursor,getcursor,getcursorpos,getdc,getdcex,getdesktopwindow,getdialogbaseunits,getdlgctrlid,getdlgitem,getdlgitemint,getdlgitemtexta,getdlgitemtextw,getdoubleclicktime,getfocus,getforegroundwindow,getgestureinfo,geticoninfo,getkeyboardlayout,getkeyboardlayoutlist,getkeyboardlayoutnamea,getkeyboardlayoutnamew,getkeyboardtype,getkeystate,getmenuiteminfoa,getmenuiteminfow,getmessage,getmessagea,getmessagepos,getmessagew,getmonitorinfoa,getmonitorinfow,getnextdlggroupitem,getnextdlgtabitem,getopenclipboardwindow,getparent,getpriorityclipboardformat,getpropa,getpropw,getqueuestatus,getscrollinfo,getsubmenu,getsyscolor,getsyscolorbrush,getsystemmenu,getsystemmetrics,getupdaterect,getupdatergn,getwindow,getwindowdc,getwindowlonga,getwindowlongw,getwindowrect,getwindowrgn,getwindowtexta,getwindowtextlengtha,getwindowtextlengthw,getwindowtextw,getwindowthreadprocessid,hidecaret,highcontrasta,highcontrastw,iconinfo,inflaterect,input,insendmessage,insertmenua,insertmenuw,intersectrect,invalidaterect,invalidatergn,invertrect,ischaralphaa,ischaralphanumerica,ischaralphanumericw,ischaralphaw,ischarlowera,ischarlowerw,ischaruppera,ischarupperw,ischild,isclipboardformatavailable,isdialogmessagea,isdialogmessagew,isdlgbuttonchecked,isrectempty,iswindow,iswindowenabled,iswindowvisible,keybd_event,keybdinput,killtimer,loadacceleratorsa,loadacceleratorsw,loadbitmapa,loadbitmapw,loadcursora,loadcursorw,loadicona,loadiconw,loadimagea,loadimagew,loadkeyboardlayouta,loadkeyboardlayoutw,loadmenua,loadmenuw,loadstringa,loadstringw,makeintresourcea,makeintresourcew,makelparam,makelresult,makewparam,mapdialogrect,mapvirtualkeya,mapvirtualkeyw,mapwindowpoints,measureitemstruct,menuiteminfoa,menuiteminfow,messagebeep,messagebox,messageboxa,messageboxw,monitorenumproc,monitorfrompoint,monitorfromrect,monitorfromwindow,monitorinfo,monitorinfoexa,monitorinfoexw,mouse_event,mouseinput,mousekeys,movewindow,msg,msgwaitformultipleobjects,msgwaitformultipleobjectsex,nmhdr,offsetrect,openclipboard,paintstruct,peekmessagea,peekmessagew,pointstopoint,postmessagea,postmessagew,postquitmessage,postthreadmessagea,postthreadmessagew,propenumprocexa,propenumprocexw,ptinrect,redrawwindow,registerclassa,registerclassw,registerclipboardformata,registerclipboardformatw,registerhotkey,registerwindowmessagea,registerwindowmessagew,releasecapture,releasedc,removemenu,removepropa,removepropw,screentoclient,scrolldc,scrollinfo,scrollwindowex,senddlgitemmessagea,senddlgitemmessagew,sendinput,sendmessage,sendmessagea,sendmessagetimeouta,sendmessagetimeoutw,sendmessagew,sendnotifymessagea,sendnotifymessagew,setactivewindow,setcapture,setcaretblinktime,setcaretpos,setclasslonga,setclasslongw,setclipboarddata,setcursor,setcursorpos,setdlgitemint,setdlgitemtexta,setdlgitemtextw,setfocus,setforegroundwindow,setmenuiteminfoa,setmenuiteminfow,setparent,setpropa,setpropw,setrect,setrectempty,setscrollinfo,setscrollpos,setscrollrange,setsyscolors,settimer,setwindowlonga,setwindowlongw,setwindowpos,setwindowrgn,setwindowtexta,setwindowtextw,showcaret,showcursor,showwindow,soundsentry,soundsentrya,soundsentryw,stickykeys,stylestruct,subtractrect,systemparametersinfoa,systemparametersinfow,timerproc,togglekeys,tpmparams,trackpopupmenu,trackpopupmenuex,translateacceleratora,translateacceleratorw,translatemessage,unionrect,unregisterclassa,unregisterclassw,unregisterhotkey,updatewindow,validaterect,validatergn,windowfrompoint,windowinfo,windowpos,wndclassa,wndclassw,wsprintfa,wsprintfw,wvsprintfa,wvsprintfw
winver	6	win32/api/winver	winver	getfileversioninfoa,getfileversioninfosizea,getfileversioninfosizew,getfileversioninfow,verqueryvaluea,verqueryvaluew
wmp	93	win32/api/wmp	wmp	iwmpcontrols3get_currentpositiontimecode,iwmpcontrols3getlanguagename,iwmpcontrols3put_currentpositiontimecode,iwmpcontrolsfastforward,iwmpcontrolsfastreverse,iwmpcontrolsget_currentitem,iwmpcontrolsget_currentposition,iwmpcontrolsget_currentpositionstring,iwmpcontrolsget_isavailable,iwmpcontrolsnext,iwmpcontrolspause,iwmpcontrolsplay,iwmpcontrolsplayitem,iwmpcontrolsprevious,iwmpcontrolsput_currentitem,iwmpcontrolsput_currentposition,iwmpcontrolsstop,iwmpcoreclose,iwmpcoreget_controls,iwmpcoreget_currentmedia,iwmpcoreget_currentplaylist,iwmpcoreget_error,iwmpcoreget_openstate,iwmpcoreget_playstate,iwmpcoreget_settings,iwmpcoreget_status,iwmpcoreget_url,iwmpcoreget_versioninfo,iwmpcoreput_currentmedia,iwmpcoreput_url,iwmperrorclearerrorqueue,iwmperrorget_errorcount,iwmperrorget_item,iwmperroritemget_errorcode,iwmperroritemget_errordescription,iwmpeventsaudiolanguagechange,iwmpeventsbuffering,iwmpeventsclick,iwmpeventscurrentitemchange,iwmpeventscurrentplaylistchange,iwmpeventsdisconnect,iwmpeventsdoubleclick,iwmpeventsendofstream,iwmpeventserror,iwmpeventskeydown,iwmpeventskeypress,iwmpeventskeyup,iwmpeventsmarkerhit,iwmpeventsmousedown,iwmpeventsmousemove,iwmpeventsmouseup,iwmpeventsnewstream,iwmpeventsopenstatechange,iwmpeventsplaystatechange,iwmpeventspositionchange,iwmpeventsstatuschange,iwmpmediaget_attributecount,iwmpmediaget_duration,iwmpmediaget_durationstring,iwmpmediaget_imagesourceheight,iwmpmediaget_imagesourcewidth,iwmpmediaget_isidentical,iwmpmediaget_name,iwmpmediaget_sourceurl,iwmpmediagetattributename,iwmpmediagetiteminfo,iwmpplayerget_enablecontextmenu,iwmpplayerget_enabled,iwmpplayerget_fullscreen,iwmpplayerget_uimode,iwmpplayerput_enablecontextmenu,iwmpplayerput_enabled,iwmpplayerput_fullscreen,iwmpplayerput_uimode,iwmpplaylistget_attributecount,iwmpplaylistget_attributename,iwmpplaylistget_count,iwmpplaylistget_isidentical,iwmpplaylistget_item,iwmpplaylistget_name,iwmpplaylistgetiteminfo,iwmpsettings2get_defaultaudiolanguage,iwmpsettingsget_autostart,iwmpsettingsget_balance,iwmpsettingsget_enableerrordialogs,iwmpsettingsget_isavailable,iwmpsettingsget_mute,iwmpsettingsget_volume,iwmpsettingsput_autostart,iwmpsettingsput_balance,iwmpsettingsput_enableerrordialogs,iwmpsettingsput_mute,iwmpsettingsput_volume
wmsdkidl	4	win32/api/wmsdkidl	wmsdkidl	drm_minimum_output_protection_levels,drm_opl_output_ids,drm_play_opl,drm_video_output_protection_ids
ws2bth	1	win32/api/ws2bth	ws2bth	sockaddr_bth
ws2def	8	win32/api/ws2def	ws2def	addrinfoa,addrinfow,csaddr_info,scope_level,sockaddr,sockaddr_in,socket_address,wsabuf
ws2spi	21	win32/api/ws2spi	ws2spi	nsp_routine,nspstartup,wpucloseevent,wpuclosesockethandle,wpucompleteoverlappedrequest,wpucreateevent,wpucreatesockethandle,wpufdisset,wpugetproviderpath,wpuqueryblockingcallback,wpuquerysockethandlecontext,wpuresetevent,wpusetevent,wsathreadid,wscdeinstallprovider,wscenumprotocols,wscinstallnamespace,wscinstallprovider,wscuninstallnamespace,wspdata,wspstartup
ws2tcpip	6	win32/api/ws2tcpip	ws2tcpip	freeaddrinfo,freeaddrinfow,getaddrinfo,getaddrinfow,getnameinfo,getnameinfow
wsdattachment	7	win32/api/wsdattachment	wsdattachment	iwsdattachment,iwsdinboundattachmentclose,iwsdinboundattachmentread,iwsdoutboundattachmentabort,iwsdoutboundattachmentclose,iwsdoutboundattachmentwrite,wsdcreateoutboundattachment
wsdbase	43	win32/api/wsdbase	wsdbase	iwsdaddressdeserialize,iwsdaddressserialize,iwsdhttpaddressgetpath,iwsdhttpaddressgetsecure,iwsdhttpaddresssetpath,iwsdhttpaddresssetsecure,iwsdhttpmessageparametersclear,iwsdhttpmessageparametersgetcontext,iwsdhttpmessageparametersgetid,iwsdhttpmessageparametersgetinboundhttpheaders,iwsdhttpmessageparametersgetoutboundhttpheaders,iwsdhttpmessageparameterssetcontext,iwsdhttpmessageparameterssetid,iwsdhttpmessageparameterssetinboundhttpheaders,iwsdhttpmessageparameterssetoutboundhttpheaders,iwsdmessageparametersgetlocaladdress,iwsdmessageparametersgetlowerparameters,iwsdmessageparametersgetremoteaddress,iwsdmessageparameterssetlocaladdress,iwsdmessageparameterssetremoteaddress,iwsdtransportaddressgetport,iwsdtransportaddressgettransportaddress,iwsdtransportaddressgettransportaddressex,iwsdtransportaddresssetport,iwsdtransportaddresssettransportaddress,iwsdudpaddressgetalias,iwsdudpaddressgetexclusive,iwsdudpaddressgetmessagetype,iwsdudpaddressgetsockaddr,iwsdudpaddressgetttl,iwsdudpaddresssetalias,iwsdudpaddresssetexclusive,iwsdudpaddresssetmessagetype,iwsdudpaddresssetsockaddr,iwsdudpaddresssetttl,iwsdudpmessageparametersgetretransmitparams,iwsdudpmessageparameterssetretransmitparams,wsdcreatehttpaddress,wsdcreatehttpmessageparameters,wsdcreateudpaddress,wsdcreateudpmessageparameters,wsdudpmessagetype,wsdudpretransmitparams
wsdclient	38	win32/api/wsdclient	wsdclient	iwsdasynccallbackasyncoperationcomplete,iwsdasyncresultabort,iwsdasyncresultgetasyncstate,iwsdasyncresultgetendpointproxy,iwsdasyncresultgetevent,iwsdasyncresulthascompleted,iwsdasyncresultsetcallback,iwsdasyncresultsetwaithandle,iwsddeviceproxybegingetmetadata,iwsddeviceproxyendgetmetadata,iwsddeviceproxygetallmetadata,iwsddeviceproxygetendpointproxy,iwsddeviceproxygethostmetadata,iwsddeviceproxygetserviceproxybyid,iwsddeviceproxygetserviceproxybytype,iwsddeviceproxygetthisdevicemetadata,iwsddeviceproxygetthismodelmetadata,iwsddeviceproxyinit,iwsdendpointproxyabortasyncoperation,iwsdendpointproxygeterrorinfo,iwsdendpointproxygetfaultinfo,iwsdendpointproxyprocessfault,iwsdendpointproxysendonewayrequest,iwsdendpointproxysendtwowayrequest,iwsdendpointproxysendtwowayrequestasync,iwsdeventingstatussubscriptionended,iwsdeventingstatussubscriptionrenewalfailed,iwsdeventingstatussubscriptionrenewed,iwsdmetadataexchangegetmetadata,iwsdserviceproxybegingetmetadata,iwsdserviceproxyendgetmetadata,iwsdserviceproxygetendpointproxy,iwsdserviceproxygetservicemetadata,iwsdserviceproxyseteventingstatuscallback,iwsdserviceproxysubscribetooperation,iwsdserviceproxyunsubscribetooperation,wsdcreatedeviceproxy,wsdcreatedeviceproxyadvanced
wsddisco	41	win32/api/wsddisco	wsddisco	iwsdiscoveredservicegetendpointreference,iwsdiscoveredservicegetextendeddiscoxml,iwsdiscoveredservicegetinstanceid,iwsdiscoveredservicegetlocalinterfaceguid,iwsdiscoveredservicegetlocaltransportaddress,iwsdiscoveredservicegetmetadataversion,iwsdiscoveredservicegetproberesolvetag,iwsdiscoveredservicegetremotetransportaddress,iwsdiscoveredservicegetscopes,iwsdiscoveredservicegettypes,iwsdiscoveredservicegetxaddrs,iwsdiscoveryproviderattach,iwsdiscoveryproviderdetach,iwsdiscoveryprovidergetxmlcontext,iwsdiscoveryprovidernotifyadd,iwsdiscoveryprovidernotifyremove,iwsdiscoveryprovidernotifysearchcomplete,iwsdiscoveryprovidernotifysearchfailed,iwsdiscoveryprovidersearchbyaddress,iwsdiscoveryprovidersearchbyid,iwsdiscoveryprovidersearchbytype,iwsdiscoveryprovidersetaddressfamily,iwsdiscoverypublishergetxmlcontext,iwsdiscoverypublishermatchprobe,iwsdiscoverypublishermatchprobeex,iwsdiscoverypublishermatchresolve,iwsdiscoverypublishermatchresolveex,iwsdiscoverypublishernotifyprobehandler,iwsdiscoverypublishernotifyresolvehandler,iwsdiscoverypublisherpublish,iwsdiscoverypublisherpublishex,iwsdiscoverypublisherregisternotificationsink,iwsdiscoverypublisherregisterscopematchingrule,iwsdiscoverypublishersetaddressfamily,iwsdiscoverypublisherunpublish,iwsdiscoverypublisherunregisternotificationsink,iwsdiscoverypublisherunregisterscopematchingrule,iwsdscopematchingrulegetscoperule,iwsdscopematchingrulematchscopes,wsdcreatediscoveryprovider,wsdcreatediscoverypublisher
wsdhost	17	win32/api/wsdhost	wsdhost	iwsddevicehostadddynamicservice,iwsddevicehostinit,iwsddevicehostnotifygetservice,iwsddevicehostregisterporttype,iwsddevicehostregisterservice,iwsddevicehostremovedynamicservice,iwsddevicehostretireservice,iwsddevicehostsetmetadata,iwsddevicehostsetservicediscoverable,iwsddevicehostsignalevent,iwsddevicehoststart,iwsddevicehoststop,iwsddevicehostterminate,iwsdservicemessagingfaultrequest,iwsdservicemessagingsendresponse,wsdcreatedevicehost,wsdcreatedevicehostadvanced
wsdtypes	58	win32/api/wsdtypes	wsdtypes	pwsd_soap_message_handler,requestbody_getstatus,requestbody_renew,requestbody_subscribe,requestbody_unsubscribe,responsebody_getmetadata,responsebody_getstatus,responsebody_renew,responsebody_subscribe,responsebody_subscriptionend,wsd_app_sequence,wsd_bye,wsd_endpoint_reference,wsd_endpoint_reference_list,wsd_event,wsd_eventing_delivery_mode,wsd_eventing_delivery_mode_push,wsd_eventing_expires,wsd_eventing_filter,wsd_eventing_filter_action,wsd_handler_context,wsd_header_relatesto,wsd_hello,wsd_host_metadata,wsd_localized_string,wsd_localized_string_list,wsd_metadata_section,wsd_metadata_section_list,wsd_name_list,wsd_operation,wsd_port_type,wsd_probe,wsd_probe_match,wsd_probe_match_list,wsd_probe_matches,wsd_protocol_type,wsd_reference_parameters,wsd_reference_properties,wsd_relationship_metadata,wsd_resolve,wsd_resolve_match,wsd_resolve_matches,wsd_scopes,wsd_service_metadata,wsd_service_metadata_list,wsd_soap_fault,wsd_soap_fault_code,wsd_soap_fault_reason,wsd_soap_fault_subcode,wsd_soap_header,wsd_soap_message,wsd_stub_function,wsd_synchronous_response_context,wsd_this_device_metadata,wsd_this_model_metadata,wsd_unknown_lookup,wsd_uri_list,wsdeventtype
wsdutil	13	win32/api/wsdutil	wsdutil	wsdallocatelinkedmemory,wsdattachlinkedmemory,wsddetachlinkedmemory,wsdfreelinkedmemory,wsdgeneratefault,wsdgeneratefaultex,wsdgetconfigurationoption,wsdsetconfigurationoption,wsdxmladdchild,wsdxmladdsibling,wsdxmlbuildanyforsingleelement,wsdxmlcleanupelement,wsdxmlgetvaluefromany
wsdxml	8	win32/api/wsdxml	wsdxml	iwsdxmlcontextaddnamespace,iwsdxmlcontextaddnametonamespace,iwsdxmlcontextsetnamespaces,iwsdxmlcontextsettypes,wsd_datetime,wsd_duration,wsdxmlcreatecontext,wsdxmlgetnamefrombuiltinnamespace
wsdxmldom	9	win32/api/wsdxmldom	wsdxmldom	wsdxml_attribute,wsdxml_element,wsdxml_element_list,wsdxml_name,wsdxml_namespace,wsdxml_node,wsdxml_prefix_mapping,wsdxml_text,wsdxml_type
wsipv6ok	4	win32/api/wsipv6ok	wsipv6ok	gethostbyaddr,gethostbyname,inet_addr,inet_ntoa
wtypes	2	win32/api/wtypes	wtypes	dvaspect,stgc
wtypesbase	5	win32/api/wtypesbase	wtypesbase	blob,clsctx,coauthidentity,coauthinfo,security_attributes
