entity	field	order	page
abc	abcA	1	corpus/win32/api/wingdi/ns-wingdi-abc.md
abc	abcB	2	corpus/win32/api/wingdi/ns-wingdi-abc.md
abc	abcC	3	corpus/win32/api/wingdi/ns-wingdi-abc.md
accel	fVirt	1	corpus/win32/api/winuser/ns-winuser-accel.md
accel	key	2	corpus/win32/api/winuser/ns-winuser-accel.md
accel	cmd	3	corpus/win32/api/winuser/ns-winuser-accel.md
accesstimeout	cbSize	1	corpus/win32/api/winuser/ns-winuser-accesstimeout.md
accesstimeout	dwFlags	2	corpus/win32/api/winuser/ns-winuser-accesstimeout.md
accesstimeout	iTimeOutMSec	3	corpus/win32/api/winuser/ns-winuser-accesstimeout.md
addrinfoa	ai_flags	1	corpus/win32/api/ws2def/ns-ws2def-addrinfoa.md
addrinfoa	ai_family	2	corpus/win32/api/ws2def/ns-ws2def-addrinfoa.md
addrinfoa	ai_socktype	3	corpus/win32/api/ws2def/ns-ws2def-addrinfoa.md
addrinfoa	ai_protocol	4	corpus/win32/api/ws2def/ns-ws2def-addrinfoa.md
addrinfoa	ai_addrlen	5	corpus/win32/api/ws2def/ns-ws2def-addrinfoa.md
addrinfoa	ai_canonname	6	corpus/win32/api/ws2def/ns-ws2def-addrinfoa.md
addrinfoa	ai_addr	7	corpus/win32/api/ws2def/ns-ws2def-addrinfoa.md
addrinfoa	ai_next	8	corpus/win32/api/ws2def/ns-ws2def-addrinfoa.md
addrinfow	ai_flags	1	corpus/win32/api/ws2def/ns-ws2def-addrinfow.md
addrinfow	ai_family	2	corpus/win32/api/ws2def/ns-ws2def-addrinfow.md
addrinfow	ai_socktype	3	corpus/win32/api/ws2def/ns-ws2def-addrinfow.md
addrinfow	ai_protocol	4	corpus/win32/api/ws2def/ns-ws2def-addrinfow.md
addrinfow	ai_addrlen	5	corpus/win32/api/ws2def/ns-ws2def-addrinfow.md
addrinfow	ai_canonname	6	corpus/win32/api/ws2def/ns-ws2def-addrinfow.md
addrinfow	ai_addr	7	corpus/win32/api/ws2def/ns-ws2def-addrinfow.md
addrinfow	ai_next	8	corpus/win32/api/ws2def/ns-ws2def-addrinfow.md
afprotocols	iAddressFamily	1	corpus/win32/api/winsock2/ns-winsock2-afprotocols.md
afprotocols	iProtocol	2	corpus/win32/api/winsock2/ns-winsock2-afprotocols.md
allocator_properties	cBuffers	1	corpus/win32/api/strmif/ns-strmif-allocator_properties.md
allocator_properties	cbBuffer	2	corpus/win32/api/strmif/ns-strmif-allocator_properties.md
allocator_properties	cbAlign	3	corpus/win32/api/strmif/ns-strmif-allocator_properties.md
allocator_properties	cbPrefix	4	corpus/win32/api/strmif/ns-strmif-allocator_properties.md
am_media_type	majortype	1	corpus/win32/api/strmif/ns-strmif-am_media_type.md
am_media_type	subtype	2	corpus/win32/api/strmif/ns-strmif-am_media_type.md
am_media_type	bFixedSizeSamples	3	corpus/win32/api/strmif/ns-strmif-am_media_type.md
am_media_type	bTemporalCompression	4	corpus/win32/api/strmif/ns-strmif-am_media_type.md
am_media_type	lSampleSize	5	corpus/win32/api/strmif/ns-strmif-am_media_type.md
am_media_type	formattype	6	corpus/win32/api/strmif/ns-strmif-am_media_type.md
am_media_type	pUnk	7	corpus/win32/api/strmif/ns-strmif-am_media_type.md
am_media_type	cbFormat	8	corpus/win32/api/strmif/ns-strmif-am_media_type.md
am_media_type	pbFormat	9	corpus/win32/api/strmif/ns-strmif-am_media_type.md
am_sample2_properties	cbData	1	corpus/win32/api/strmif/ns-strmif-am_sample2_properties.md
am_sample2_properties	dwTypeSpecificFlags	2	corpus/win32/api/strmif/ns-strmif-am_sample2_properties.md
am_sample2_properties	dwSampleFlags	3	corpus/win32/api/strmif/ns-strmif-am_sample2_properties.md
am_sample2_properties	lActual	4	corpus/win32/api/strmif/ns-strmif-am_sample2_properties.md
am_sample2_properties	tStart	5	corpus/win32/api/strmif/ns-strmif-am_sample2_properties.md
am_sample2_properties	tStop	6	corpus/win32/api/strmif/ns-strmif-am_sample2_properties.md
am_sample2_properties	dwStreamId	7	corpus/win32/api/strmif/ns-strmif-am_sample2_properties.md
am_sample2_properties	pMediaType	8	corpus/win32/api/strmif/ns-strmif-am_sample2_properties.md
am_sample2_properties	pbBuffer	9	corpus/win32/api/strmif/ns-strmif-am_sample2_properties.md
am_sample2_properties	cbBuffer	10	corpus/win32/api/strmif/ns-strmif-am_sample2_properties.md
am_stream_info	tStart	1	corpus/win32/api/strmif/ns-strmif-am_stream_info.md
am_stream_info	tStop	2	corpus/win32/api/strmif/ns-strmif-am_stream_info.md
am_stream_info	dwStartCookie	3	corpus/win32/api/strmif/ns-strmif-am_stream_info.md
am_stream_info	dwStopCookie	4	corpus/win32/api/strmif/ns-strmif-am_stream_info.md
am_stream_info	dwFlags	5	corpus/win32/api/strmif/ns-strmif-am_stream_info.md
amvp_mode	AMVP_MODE_WEAVE	1	corpus/win32/api/vptype/ne-vptype-amvp_mode.md
amvp_mode	AMVP_MODE_BOBINTERLEAVED	2	corpus/win32/api/vptype/ne-vptype-amvp_mode.md
amvp_mode	AMVP_MODE_BOBNONINTERLEAVED	3	corpus/win32/api/vptype/ne-vptype-amvp_mode.md
amvp_mode	AMVP_MODE_SKIPODD	4	corpus/win32/api/vptype/ne-vptype-amvp_mode.md
amvpdatainfo	dwSize	1	corpus/win32/api/vptype/ns-vptype-amvpdatainfo.md
amvpdatainfo	dwMicrosecondsPerField	2	corpus/win32/api/vptype/ns-vptype-amvpdatainfo.md
amvpdatainfo	amvpDimInfo	3	corpus/win32/api/vptype/ns-vptype-amvpdatainfo.md
amvpdatainfo	dwPictAspectRatioX	4	corpus/win32/api/vptype/ns-vptype-amvpdatainfo.md
amvpdatainfo	dwPictAspectRatioY	5	corpus/win32/api/vptype/ns-vptype-amvpdatainfo.md
amvpdatainfo	bEnableDoubleClock	6	corpus/win32/api/vptype/ns-vptype-amvpdatainfo.md
amvpdatainfo	bEnableVACT	7	corpus/win32/api/vptype/ns-vptype-amvpdatainfo.md
amvpdatainfo	bDataIsInterlaced	8	corpus/win32/api/vptype/ns-vptype-amvpdatainfo.md
amvpdatainfo	lHalfLinesOdd	9	corpus/win32/api/vptype/ns-vptype-amvpdatainfo.md
amvpdatainfo	bFieldPolarityInverted	10	corpus/win32/api/vptype/ns-vptype-amvpdatainfo.md
amvpdatainfo	dwNumLinesInVREF	11	corpus/win32/api/vptype/ns-vptype-amvpdatainfo.md
amvpdatainfo	lHalfLinesEven	12	corpus/win32/api/vptype/ns-vptype-amvpdatainfo.md
amvpdatainfo	dwReserved1	13	corpus/win32/api/vptype/ns-vptype-amvpdatainfo.md
amvpsize	dwWidth	1	corpus/win32/api/vptype/ns-vptype-amvpsize.md
amvpsize	dwHeight	2	corpus/win32/api/vptype/ns-vptype-amvpsize.md
analogvideostandard	AnalogVideoMask_MCE_NTSC	1	corpus/win32/api/strmif/ne-strmif-analogvideostandard.md
analogvideostandard	AnalogVideoMask_MCE_SECAM	2	corpus/win32/api/strmif/ne-strmif-analogvideostandard.md
arraydesc	tdescElem	1	corpus/win32/api/oaidl/ns-oaidl-arraydesc.md
arraydesc	cDims	2	corpus/win32/api/oaidl/ns-oaidl-arraydesc.md
arraydesc	rgbounds	3	corpus/win32/api/oaidl/ns-oaidl-arraydesc.md
asnany	asnType	1	corpus/win32/api/snmp/ns-snmp-asnany.md
asnany	asnValue	2	corpus/win32/api/snmp/ns-snmp-asnany.md
asnany	number	3	corpus/win32/api/snmp/ns-snmp-asnany.md
asnany	counter64	4	corpus/win32/api/snmp/ns-snmp-asnany.md
asnany	bits	5	corpus/win32/api/snmp/ns-snmp-asnany.md
asnany	sequence	6	corpus/win32/api/snmp/ns-snmp-asnany.md
asnany	counter	7	corpus/win32/api/snmp/ns-snmp-asnany.md
asnany	ticks	8	corpus/win32/api/snmp/ns-snmp-asnany.md
asnobjectidentifier	idLength	1	corpus/win32/api/snmp/ns-snmp-asnobjectidentifier.md
asnobjectidentifier	ids	2	corpus/win32/api/snmp/ns-snmp-asnobjectidentifier.md
asnoctetstring	stream	1	corpus/win32/api/snmp/ns-snmp-asnoctetstring.md
asnoctetstring	length	2	corpus/win32/api/snmp/ns-snmp-asnoctetstring.md
asnoctetstring	dynamic	3	corpus/win32/api/snmp/ns-snmp-asnoctetstring.md
audio_stream_config_caps	guid	1	corpus/win32/api/strmif/ns-strmif-audio_stream_config_caps.md
audio_stream_config_caps	MinimumChannels	2	corpus/win32/api/strmif/ns-strmif-audio_stream_config_caps.md
audio_stream_config_caps	MaximumChannels	3	corpus/win32/api/strmif/ns-strmif-audio_stream_config_caps.md
audio_stream_config_caps	ChannelsGranularity	4	corpus/win32/api/strmif/ns-strmif-audio_stream_config_caps.md
audio_stream_config_caps	MinimumBitsPerSample	5	corpus/win32/api/strmif/ns-strmif-audio_stream_config_caps.md
audio_stream_config_caps	MaximumBitsPerSample	6	corpus/win32/api/strmif/ns-strmif-audio_stream_config_caps.md
audio_stream_config_caps	BitsPerSampleGranularity	7	corpus/win32/api/strmif/ns-strmif-audio_stream_config_caps.md
audio_stream_config_caps	MinimumSampleFrequency	8	corpus/win32/api/strmif/ns-strmif-audio_stream_config_caps.md
audio_stream_config_caps	MaximumSampleFrequency	9	corpus/win32/api/strmif/ns-strmif-audio_stream_config_caps.md
audio_stream_config_caps	SampleFrequencyGranularity	10	corpus/win32/api/strmif/ns-strmif-audio_stream_config_caps.md
avimainheader	fcc	1	corpus/win32/api/aviriff/ns-aviriff-avimainheader.md
avimainheader	cb	2	corpus/win32/api/aviriff/ns-aviriff-avimainheader.md
avimainheader	dwMicroSecPerFrame	3	corpus/win32/api/aviriff/ns-aviriff-avimainheader.md
avimainheader	dwMaxBytesPerSec	4	corpus/win32/api/aviriff/ns-aviriff-avimainheader.md
avimainheader	dwPaddingGranularity	5	corpus/win32/api/aviriff/ns-aviriff-avimainheader.md
avimainheader	dwFlags	6	corpus/win32/api/aviriff/ns-aviriff-avimainheader.md
avimainheader	dwTotalFrames	7	corpus/win32/api/aviriff/ns-aviriff-avimainheader.md
avimainheader	dwInitialFrames	8	corpus/win32/api/aviriff/ns-aviriff-avimainheader.md
avimainheader	dwStreams	9	corpus/win32/api/aviriff/ns-aviriff-avimainheader.md
avimainheader	dwSuggestedBufferSize	10	corpus/win32/api/aviriff/ns-aviriff-avimainheader.md
avimainheader	dwWidth	11	corpus/win32/api/aviriff/ns-aviriff-avimainheader.md
avimainheader	dwHeight	12	corpus/win32/api/aviriff/ns-aviriff-avimainheader.md
avimainheader	dwReserved	13	corpus/win32/api/aviriff/ns-aviriff-avimainheader.md
berelement	opaque	1	corpus/win32/api/winldap/ns-winldap-berelement.md
bind_opts	cbStruct	1	corpus/win32/api/objidl/ns-objidl-bind_opts.md
bind_opts	grfFlags	2	corpus/win32/api/objidl/ns-objidl-bind_opts.md
bind_opts	grfMode	3	corpus/win32/api/objidl/ns-objidl-bind_opts.md
bind_opts	dwTickCountDeadline	4	corpus/win32/api/objidl/ns-objidl-bind_opts.md
bindptr	lpfuncdesc	1	corpus/win32/api/oaidl/ns-oaidl-bindptr.md
bindptr	lpvardesc	2	corpus/win32/api/oaidl/ns-oaidl-bindptr.md
bindptr	lptcomp	3	corpus/win32/api/oaidl/ns-oaidl-bindptr.md
bitmap	bmType	1	corpus/win32/api/wingdi/ns-wingdi-bitmap.md
bitmap	bmWidth	2	corpus/win32/api/wingdi/ns-wingdi-bitmap.md
bitmap	bmHeight	3	corpus/win32/api/wingdi/ns-wingdi-bitmap.md
bitmap	bmWidthBytes	4	corpus/win32/api/wingdi/ns-wingdi-bitmap.md
bitmap	bmPlanes	5	corpus/win32/api/wingdi/ns-wingdi-bitmap.md
bitmap	bmBitsPixel	6	corpus/win32/api/wingdi/ns-wingdi-bitmap.md
bitmap	bmBits	7	corpus/win32/api/wingdi/ns-wingdi-bitmap.md
bitmapcoreheader	bcSize	1	corpus/win32/api/wingdi/ns-wingdi-bitmapcoreheader.md
bitmapcoreheader	bcWidth	2	corpus/win32/api/wingdi/ns-wingdi-bitmapcoreheader.md
bitmapcoreheader	bcHeight	3	corpus/win32/api/wingdi/ns-wingdi-bitmapcoreheader.md
bitmapcoreheader	bcPlanes	4	corpus/win32/api/wingdi/ns-wingdi-bitmapcoreheader.md
bitmapcoreheader	bcBitCount	5	corpus/win32/api/wingdi/ns-wingdi-bitmapcoreheader.md
bitmapcoreinfo	bmciHeader	1	corpus/win32/api/wingdi/ns-wingdi-bitmapcoreinfo.md
bitmapcoreinfo	bmciColors	2	corpus/win32/api/wingdi/ns-wingdi-bitmapcoreinfo.md
bitmapfileheader	bfType	1	corpus/win32/api/wingdi/ns-wingdi-bitmapfileheader.md
bitmapfileheader	bfSize	2	corpus/win32/api/wingdi/ns-wingdi-bitmapfileheader.md
bitmapfileheader	bfReserved1	3	corpus/win32/api/wingdi/ns-wingdi-bitmapfileheader.md
bitmapfileheader	bfReserved2	4	corpus/win32/api/wingdi/ns-wingdi-bitmapfileheader.md
bitmapfileheader	bfOffBits	5	corpus/win32/api/wingdi/ns-wingdi-bitmapfileheader.md
bitmapinfo	bmiHeader	1	corpus/win32/api/wingdi/ns-wingdi-bitmapinfo.md
bitmapinfo	bmiColors	2	corpus/win32/api/wingdi/ns-wingdi-bitmapinfo.md
bitmapinfoheader	biSize	1	corpus/win32/api/wingdi/ns-wingdi-bitmapinfoheader.md
bitmapinfoheader	biWidth	2	corpus/win32/api/wingdi/ns-wingdi-bitmapinfoheader.md
bitmapinfoheader	biHeight	3	corpus/win32/api/wingdi/ns-wingdi-bitmapinfoheader.md
bitmapinfoheader	biPlanes	4	corpus/win32/api/wingdi/ns-wingdi-bitmapinfoheader.md
bitmapinfoheader	biBitCount	5	corpus/win32/api/wingdi/ns-wingdi-bitmapinfoheader.md
bitmapinfoheader	biCompression	6	corpus/win32/api/wingdi/ns-wingdi-bitmapinfoheader.md
bitmapinfoheader	biSizeImage	7	corpus/win32/api/wingdi/ns-wingdi-bitmapinfoheader.md
bitmapinfoheader	biXPelsPerMeter	8	corpus/win32/api/wingdi/ns-wingdi-bitmapinfoheader.md
bitmapinfoheader	biYPelsPerMeter	9	corpus/win32/api/wingdi/ns-wingdi-bitmapinfoheader.md
bitmapinfoheader	biClrUsed	10	corpus/win32/api/wingdi/ns-wingdi-bitmapinfoheader.md
bitmapinfoheader	biClrImportant	11	corpus/win32/api/wingdi/ns-wingdi-bitmapinfoheader.md
blendfunction	BlendOp	1	corpus/win32/api/wingdi/ns-wingdi-blendfunction.md
blendfunction	BlendFlags	2	corpus/win32/api/wingdi/ns-wingdi-blendfunction.md
blendfunction	SourceConstantAlpha	3	corpus/win32/api/wingdi/ns-wingdi-blendfunction.md
blendfunction	AlphaFormat	4	corpus/win32/api/wingdi/ns-wingdi-blendfunction.md
blob	cbSize	1	corpus/win32/api/nspapi/ns-nspapi-blob.md
blob	pBlobData	2	corpus/win32/api/nspapi/ns-nspapi-blob.md
browseinfoa	hwndOwner	1	corpus/win32/api/shlobj_core/ns-shlobj_core-browseinfoa.md
browseinfoa	pidlRoot	2	corpus/win32/api/shlobj_core/ns-shlobj_core-browseinfoa.md
browseinfoa	pszDisplayName	3	corpus/win32/api/shlobj_core/ns-shlobj_core-browseinfoa.md
browseinfoa	lpszTitle	4	corpus/win32/api/shlobj_core/ns-shlobj_core-browseinfoa.md
browseinfoa	ulFlags	5	corpus/win32/api/shlobj_core/ns-shlobj_core-browseinfoa.md
browseinfoa	lpfn	6	corpus/win32/api/shlobj_core/ns-shlobj_core-browseinfoa.md
browseinfoa	lParam	7	corpus/win32/api/shlobj_core/ns-shlobj_core-browseinfoa.md
browseinfoa	iImage	8	corpus/win32/api/shlobj_core/ns-shlobj_core-browseinfoa.md
browseinfow	hwndOwner	1	corpus/win32/api/shlobj_core/ns-shlobj_core-browseinfow.md
browseinfow	pidlRoot	2	corpus/win32/api/shlobj_core/ns-shlobj_core-browseinfow.md
browseinfow	pszDisplayName	3	corpus/win32/api/shlobj_core/ns-shlobj_core-browseinfow.md
browseinfow	lpszTitle	4	corpus/win32/api/shlobj_core/ns-shlobj_core-browseinfow.md
browseinfow	ulFlags	5	corpus/win32/api/shlobj_core/ns-shlobj_core-browseinfow.md
browseinfow	lpfn	6	corpus/win32/api/shlobj_core/ns-shlobj_core-browseinfow.md
browseinfow	lParam	7	corpus/win32/api/shlobj_core/ns-shlobj_core-browseinfow.md
browseinfow	iImage	8	corpus/win32/api/shlobj_core/ns-shlobj_core-browseinfow.md
brushobj	iSolidColor	1	corpus/win32/api/winddi/ns-winddi-brushobj.md
brushobj	pvRbrush	2	corpus/win32/api/winddi/ns-winddi-brushobj.md
brushobj	flColorType	3	corpus/win32/api/winddi/ns-winddi-brushobj.md
by_handle_file_information	dwFileAttributes	1	corpus/win32/api/fileapi/ns-fileapi-by_handle_file_information.md
by_handle_file_information	ftCreationTime	2	corpus/win32/api/fileapi/ns-fileapi-by_handle_file_information.md
by_handle_file_information	ftLastAccessTime	3	corpus/win32/api/fileapi/ns-fileapi-by_handle_file_information.md
by_handle_file_information	ftLastWriteTime	4	corpus/win32/api/fileapi/ns-fileapi-by_handle_file_information.md
by_handle_file_information	dwVolumeSerialNumber	5	corpus/win32/api/fileapi/ns-fileapi-by_handle_file_information.md
by_handle_file_information	nFileSizeHigh	6	corpus/win32/api/fileapi/ns-fileapi-by_handle_file_information.md
by_handle_file_information	nFileSizeLow	7	corpus/win32/api/fileapi/ns-fileapi-by_handle_file_information.md
by_handle_file_information	nNumberOfLinks	8	corpus/win32/api/fileapi/ns-fileapi-by_handle_file_information.md
by_handle_file_information	nFileIndexHigh	9	corpus/win32/api/fileapi/ns-fileapi-by_handle_file_information.md
by_handle_file_information	nFileIndexLow	10	corpus/win32/api/fileapi/ns-fileapi-by_handle_file_information.md
callconv	CC_MSCPASCAL	1	corpus/win32/api/oaidl/ne-oaidl-callconv.md
callconv	CC_MACPASCAL	2	corpus/win32/api/oaidl/ne-oaidl-callconv.md
callconv	CC_FPFASTCALL	3	corpus/win32/api/oaidl/ne-oaidl-callconv.md
callconv	CC_MPWCDECL	4	corpus/win32/api/oaidl/ne-oaidl-callconv.md
callconv	CC_MAX	5	corpus/win32/api/oaidl/ne-oaidl-callconv.md
cameracontrolproperty	CameraControl_Tilt	1	corpus/win32/api/strmif/ne-strmif-cameracontrolproperty.md
cameracontrolproperty	CameraControl_Roll	2	corpus/win32/api/strmif/ne-strmif-cameracontrolproperty.md
cameracontrolproperty	CameraControl_Zoom	3	corpus/win32/api/strmif/ne-strmif-cameracontrolproperty.md
cameracontrolproperty	CameraControl_Exposure	4	corpus/win32/api/strmif/ne-strmif-cameracontrolproperty.md
cameracontrolproperty	CameraControl_Iris	5	corpus/win32/api/strmif/ne-strmif-cameracontrolproperty.md
cameracontrolproperty	CameraControl_Focus	6	corpus/win32/api/strmif/ne-strmif-cameracontrolproperty.md
candidateform	dwIndex	1	corpus/win32/api/imm/ns-imm-candidateform.md
candidateform	dwStyle	2	corpus/win32/api/imm/ns-imm-candidateform.md
candidateform	ptCurrentPos	3	corpus/win32/api/imm/ns-imm-candidateform.md
candidateform	rcArea	4	corpus/win32/api/imm/ns-imm-candidateform.md
candidatelist	dwSize	1	corpus/win32/api/imm/ns-imm-candidatelist.md
candidatelist	dwStyle	2	corpus/win32/api/imm/ns-imm-candidatelist.md
candidatelist	dwCount	3	corpus/win32/api/imm/ns-imm-candidatelist.md
candidatelist	dwSelection	4	corpus/win32/api/imm/ns-imm-candidatelist.md
candidatelist	dwPageStart	5	corpus/win32/api/imm/ns-imm-candidatelist.md
candidatelist	dwPageSize	6	corpus/win32/api/imm/ns-imm-candidatelist.md
candidatelist	dwOffset	7	corpus/win32/api/imm/ns-imm-candidatelist.md
cauuid	cElems	1	corpus/win32/api/ocidl/ns-ocidl-cauuid.md
cauuid	pElems	2	corpus/win32/api/ocidl/ns-ocidl-cauuid.md
cert_access_description	pszAccessMethod	1	corpus/win32/api/wincrypt/ns-wincrypt-cert_access_description.md
cert_access_description	AccessLocation	2	corpus/win32/api/wincrypt/ns-wincrypt-cert_access_description.md
cert_alt_name_entry	dwAltNameChoice	1	corpus/win32/api/wincrypt/ns-wincrypt-cert_alt_name_entry.md
cert_alt_name_entry	DUMMYUNIONNAME	2	corpus/win32/api/wincrypt/ns-wincrypt-cert_alt_name_entry.md
cert_alt_name_info	cAltEntry	1	corpus/win32/api/wincrypt/ns-wincrypt-cert_alt_name_info.md
cert_alt_name_info	rgAltEntry	2	corpus/win32/api/wincrypt/ns-wincrypt-cert_alt_name_info.md
cert_authority_info_access	cAccDescr	1	corpus/win32/api/wincrypt/ns-wincrypt-cert_authority_info_access.md
cert_authority_info_access	rgAccDescr	2	corpus/win32/api/wincrypt/ns-wincrypt-cert_authority_info_access.md
cert_authority_key_id2_info	KeyId	1	corpus/win32/api/wincrypt/ns-wincrypt-cert_authority_key_id2_info.md
cert_authority_key_id2_info	AuthorityCertIssuer	2	corpus/win32/api/wincrypt/ns-wincrypt-cert_authority_key_id2_info.md
cert_authority_key_id2_info	AuthorityCertSerialNumber	3	corpus/win32/api/wincrypt/ns-wincrypt-cert_authority_key_id2_info.md
cert_authority_key_id_info	KeyId	1	corpus/win32/api/wincrypt/ns-wincrypt-cert_authority_key_id_info.md
cert_authority_key_id_info	CertIssuer	2	corpus/win32/api/wincrypt/ns-wincrypt-cert_authority_key_id_info.md
cert_authority_key_id_info	CertSerialNumber	3	corpus/win32/api/wincrypt/ns-wincrypt-cert_authority_key_id_info.md
cert_basic_constraints2_info	fCA	1	corpus/win32/api/wincrypt/ns-wincrypt-cert_basic_constraints2_info.md
cert_basic_constraints2_info	fPathLenConstraint	2	corpus/win32/api/wincrypt/ns-wincrypt-cert_basic_constraints2_info.md
cert_basic_constraints2_info	dwPathLenConstraint	3	corpus/win32/api/wincrypt/ns-wincrypt-cert_basic_constraints2_info.md
cert_basic_constraints_info	SubjectType	1	corpus/win32/api/wincrypt/ns-wincrypt-cert_basic_constraints_info.md
cert_basic_constraints_info	fPathLenConstraint	2	corpus/win32/api/wincrypt/ns-wincrypt-cert_basic_constraints_info.md
cert_basic_constraints_info	dwPathLenConstraint	3	corpus/win32/api/wincrypt/ns-wincrypt-cert_basic_constraints_info.md
cert_basic_constraints_info	cSubtreesConstraint	4	corpus/win32/api/wincrypt/ns-wincrypt-cert_basic_constraints_info.md
cert_basic_constraints_info	rgSubtreesConstraint	5	corpus/win32/api/wincrypt/ns-wincrypt-cert_basic_constraints_info.md
cert_chain_context	cbSize	1	corpus/win32/api/wincrypt/ns-wincrypt-cert_chain_context.md
cert_chain_context	TrustStatus	2	corpus/win32/api/wincrypt/ns-wincrypt-cert_chain_context.md
cert_chain_context	cChain	3	corpus/win32/api/wincrypt/ns-wincrypt-cert_chain_context.md
cert_chain_context	rgpChain	4	corpus/win32/api/wincrypt/ns-wincrypt-cert_chain_context.md
cert_chain_context	cLowerQualityChainContext	5	corpus/win32/api/wincrypt/ns-wincrypt-cert_chain_context.md
cert_chain_context	rgpLowerQualityChainContext	6	corpus/win32/api/wincrypt/ns-wincrypt-cert_chain_context.md
cert_chain_context	fHasRevocationFreshnessTime	7	corpus/win32/api/wincrypt/ns-wincrypt-cert_chain_context.md
cert_chain_context	dwRevocationFreshnessTime	8	corpus/win32/api/wincrypt/ns-wincrypt-cert_chain_context.md
cert_chain_context	dwCreateFlags	9	corpus/win32/api/wincrypt/ns-wincrypt-cert_chain_context.md
cert_chain_element	cbSize	1	corpus/win32/api/wincrypt/ns-wincrypt-cert_chain_element.md
cert_chain_element	pCertContext	2	corpus/win32/api/wincrypt/ns-wincrypt-cert_chain_element.md
cert_chain_element	TrustStatus	3	corpus/win32/api/wincrypt/ns-wincrypt-cert_chain_element.md
cert_chain_element	pRevocationInfo	4	corpus/win32/api/wincrypt/ns-wincrypt-cert_chain_element.md
cert_chain_element	pIssuanceUsage	5	corpus/win32/api/wincrypt/ns-wincrypt-cert_chain_element.md
cert_chain_element	pApplicationUsage	6	corpus/win32/api/wincrypt/ns-wincrypt-cert_chain_element.md
cert_chain_element	pwszExtendedErrorInfo	7	corpus/win32/api/wincrypt/ns-wincrypt-cert_chain_element.md
cert_chain_engine_config	cbSize	1	corpus/win32/api/wincrypt/ns-wincrypt-cert_chain_engine_config.md
cert_chain_engine_config	hRestrictedRoot	2	corpus/win32/api/wincrypt/ns-wincrypt-cert_chain_engine_config.md
cert_chain_engine_config	hRestrictedTrust	3	corpus/win32/api/wincrypt/ns-wincrypt-cert_chain_engine_config.md
cert_chain_engine_config	hRestrictedOther	4	corpus/win32/api/wincrypt/ns-wincrypt-cert_chain_engine_config.md
cert_chain_engine_config	cAdditionalStore	5	corpus/win32/api/wincrypt/ns-wincrypt-cert_chain_engine_config.md
cert_chain_engine_config	rghAdditionalStore	6	corpus/win32/api/wincrypt/ns-wincrypt-cert_chain_engine_config.md
cert_chain_engine_config	dwFlags	7	corpus/win32/api/wincrypt/ns-wincrypt-cert_chain_engine_config.md
cert_chain_engine_config	dwUrlRetrievalTimeout	8	corpus/win32/api/wincrypt/ns-wincrypt-cert_chain_engine_config.md
cert_chain_engine_config	MaximumCachedCertificates	9	corpus/win32/api/wincrypt/ns-wincrypt-cert_chain_engine_config.md
cert_chain_engine_config	CycleDetectionModulus	10	corpus/win32/api/wincrypt/ns-wincrypt-cert_chain_engine_config.md
cert_chain_engine_config	hExclusiveRoot	11	corpus/win32/api/wincrypt/ns-wincrypt-cert_chain_engine_config.md
cert_chain_engine_config	hExclusiveTrustedPeople	12	corpus/win32/api/wincrypt/ns-wincrypt-cert_chain_engine_config.md
cert_chain_engine_config	dwExclusiveFlags	13	corpus/win32/api/wincrypt/ns-wincrypt-cert_chain_engine_config.md
cert_chain_para	cbSize	1	corpus/win32/api/wincrypt/ns-wincrypt-cert_chain_para.md
cert_chain_para	RequestedUsage	2	corpus/win32/api/wincrypt/ns-wincrypt-cert_chain_para.md
cert_chain_para	RequestedIssuancePolicy	3	corpus/win32/api/wincrypt/ns-wincrypt-cert_chain_para.md
cert_chain_para	dwUrlRetrievalTimeout	4	corpus/win32/api/wincrypt/ns-wincrypt-cert_chain_para.md
cert_chain_para	fCheckRevocationFreshnessTime	5	corpus/win32/api/wincrypt/ns-wincrypt-cert_chain_para.md
cert_chain_para	dwRevocationFreshnessTime	6	corpus/win32/api/wincrypt/ns-wincrypt-cert_chain_para.md
cert_chain_para	pftCacheResync	7	corpus/win32/api/wincrypt/ns-wincrypt-cert_chain_para.md
cert_chain_para	pStrongSignPara	8	corpus/win32/api/wincrypt/ns-wincrypt-cert_chain_para.md
cert_chain_para	dwStrongSignFlags	9	corpus/win32/api/wincrypt/ns-wincrypt-cert_chain_para.md
cert_context	dwCertEncodingType	1	corpus/win32/api/wincrypt/ns-wincrypt-cert_context.md
cert_context	pbCertEncoded	2	corpus/win32/api/wincrypt/ns-wincrypt-cert_context.md
cert_context	cbCertEncoded	3	corpus/win32/api/wincrypt/ns-wincrypt-cert_context.md
cert_context	pCertInfo	4	corpus/win32/api/wincrypt/ns-wincrypt-cert_context.md
cert_context	hCertStore	5	corpus/win32/api/wincrypt/ns-wincrypt-cert_context.md
cert_extension	pszObjId	1	corpus/win32/api/wincrypt/ns-wincrypt-cert_extension.md
cert_extension	fCritical	2	corpus/win32/api/wincrypt/ns-wincrypt-cert_extension.md
cert_extension	Value	3	corpus/win32/api/wincrypt/ns-wincrypt-cert_extension.md
cert_id	dwIdChoice	1	corpus/win32/api/wincrypt/ns-wincrypt-cert_id.md
cert_id	DUMMYUNIONNAME	2	corpus/win32/api/wincrypt/ns-wincrypt-cert_id.md
cert_info	dwVersion	1	corpus/win32/api/wincrypt/ns-wincrypt-cert_info.md
cert_info	SerialNumber	2	corpus/win32/api/wincrypt/ns-wincrypt-cert_info.md
cert_info	SignatureAlgorithm	3	corpus/win32/api/wincrypt/ns-wincrypt-cert_info.md
cert_info	Issuer	4	corpus/win32/api/wincrypt/ns-wincrypt-cert_info.md
cert_info	NotBefore	5	corpus/win32/api/wincrypt/ns-wincrypt-cert_info.md
cert_info	NotAfter	6	corpus/win32/api/wincrypt/ns-wincrypt-cert_info.md
cert_info	Subject	7	corpus/win32/api/wincrypt/ns-wincrypt-cert_info.md
cert_info	SubjectPublicKeyInfo	8	corpus/win32/api/wincrypt/ns-wincrypt-cert_info.md
cert_info	IssuerUniqueId	9	corpus/win32/api/wincrypt/ns-wincrypt-cert_info.md
cert_info	SubjectUniqueId	10	corpus/win32/api/wincrypt/ns-wincrypt-cert_info.md
cert_info	cExtension	11	corpus/win32/api/wincrypt/ns-wincrypt-cert_info.md
cert_info	rgExtension	12	corpus/win32/api/wincrypt/ns-wincrypt-cert_info.md
cert_issuer_serial_number	Issuer	1	corpus/win32/api/wincrypt/ns-wincrypt-cert_issuer_serial_number.md
cert_issuer_serial_number	SerialNumber	2	corpus/win32/api/wincrypt/ns-wincrypt-cert_issuer_serial_number.md
cert_key_attributes_info	KeyId	1	corpus/win32/api/wincrypt/ns-wincrypt-cert_key_attributes_info.md
cert_key_attributes_info	IntendedKeyUsage	2	corpus/win32/api/wincrypt/ns-wincrypt-cert_key_attributes_info.md
cert_key_attributes_info	pPrivateKeyUsagePeriod	3	corpus/win32/api/wincrypt/ns-wincrypt-cert_key_attributes_info.md
cert_key_context	cbSize	1	corpus/win32/api/wincrypt/ns-wincrypt-cert_key_context.md
cert_key_context	DUMMYUNIONNAME	2	corpus/win32/api/wincrypt/ns-wincrypt-cert_key_context.md
cert_key_context	dwKeySpec	3	corpus/win32/api/wincrypt/ns-wincrypt-cert_key_context.md
cert_key_usage_restriction_info	cCertPolicyId	1	corpus/win32/api/wincrypt/ns-wincrypt-cert_key_usage_restriction_info.md
cert_key_usage_restriction_info	rgCertPolicyId	2	corpus/win32/api/wincrypt/ns-wincrypt-cert_key_usage_restriction_info.md
cert_key_usage_restriction_info	RestrictedKeyUsage	3	corpus/win32/api/wincrypt/ns-wincrypt-cert_key_usage_restriction_info.md
cert_keygen_request_info	dwVersion	1	corpus/win32/api/wincrypt/ns-wincrypt-cert_keygen_request_info.md
cert_keygen_request_info	SubjectPublicKeyInfo	2	corpus/win32/api/wincrypt/ns-wincrypt-cert_keygen_request_info.md
cert_keygen_request_info	pwszChallengeString	3	corpus/win32/api/wincrypt/ns-wincrypt-cert_keygen_request_info.md
cert_name_info	cRDN	1	corpus/win32/api/wincrypt/ns-wincrypt-cert_name_info.md
cert_name_info	rgRDN	2	corpus/win32/api/wincrypt/ns-wincrypt-cert_name_info.md
cert_policies_info	cPolicyInfo	1	corpus/win32/api/wincrypt/ns-wincrypt-cert_policies_info.md
cert_policies_info	rgPolicyInfo	2	corpus/win32/api/wincrypt/ns-wincrypt-cert_policies_info.md
cert_policy_id	cCertPolicyElementId	1	corpus/win32/api/wincrypt/ns-wincrypt-cert_policy_id.md
cert_policy_id	rgpszCertPolicyElementId	2	corpus/win32/api/wincrypt/ns-wincrypt-cert_policy_id.md
cert_policy_info	pszPolicyIdentifier	1	corpus/win32/api/wincrypt/ns-wincrypt-cert_policy_info.md
cert_policy_info	cPolicyQualifier	2	corpus/win32/api/wincrypt/ns-wincrypt-cert_policy_info.md
cert_policy_info	rgPolicyQualifier	3	corpus/win32/api/wincrypt/ns-wincrypt-cert_policy_info.md
cert_policy_qualifier_info	pszPolicyQualifierId	1	corpus/win32/api/wincrypt/ns-wincrypt-cert_policy_qualifier_info.md
cert_policy_qualifier_info	Qualifier	2	corpus/win32/api/wincrypt/ns-wincrypt-cert_policy_qualifier_info.md
cert_private_key_validity	NotBefore	1	corpus/win32/api/wincrypt/ns-wincrypt-cert_private_key_validity.md
cert_private_key_validity	NotAfter	2	corpus/win32/api/wincrypt/ns-wincrypt-cert_private_key_validity.md
cert_public_key_info	Algorithm	1	corpus/win32/api/wincrypt/ns-wincrypt-cert_public_key_info.md
cert_public_key_info	PublicKey	2	corpus/win32/api/wincrypt/ns-wincrypt-cert_public_key_info.md
cert_rdn	cRDNAttr	1	corpus/win32/api/wincrypt/ns-wincrypt-cert_rdn.md
cert_rdn	rgRDNAttr	2	corpus/win32/api/wincrypt/ns-wincrypt-cert_rdn.md
cert_rdn_attr	pszObjId	1	corpus/win32/api/wincrypt/ns-wincrypt-cert_rdn_attr.md
cert_rdn_attr	dwValueType	2	corpus/win32/api/wincrypt/ns-wincrypt-cert_rdn_attr.md
cert_rdn_attr	Value	3	corpus/win32/api/wincrypt/ns-wincrypt-cert_rdn_attr.md
cert_request_info	dwVersion	1	corpus/win32/api/wincrypt/ns-wincrypt-cert_request_info.md
cert_request_info	Subject	2	corpus/win32/api/wincrypt/ns-wincrypt-cert_request_info.md
cert_request_info	SubjectPublicKeyInfo	3	corpus/win32/api/wincrypt/ns-wincrypt-cert_request_info.md
cert_request_info	cAttribute	4	corpus/win32/api/wincrypt/ns-wincrypt-cert_request_info.md
cert_request_info	rgAttribute	5	corpus/win32/api/wincrypt/ns-wincrypt-cert_request_info.md
cert_signed_content_info	ToBeSigned	1	corpus/win32/api/wincrypt/ns-wincrypt-cert_signed_content_info.md
cert_signed_content_info	SignatureAlgorithm	2	corpus/win32/api/wincrypt/ns-wincrypt-cert_signed_content_info.md
cert_signed_content_info	Signature	3	corpus/win32/api/wincrypt/ns-wincrypt-cert_signed_content_info.md
cert_simple_chain	cbSize	1	corpus/win32/api/wincrypt/ns-wincrypt-cert_simple_chain.md
cert_simple_chain	TrustStatus	2	corpus/win32/api/wincrypt/ns-wincrypt-cert_simple_chain.md
cert_simple_chain	cElement	3	corpus/win32/api/wincrypt/ns-wincrypt-cert_simple_chain.md
cert_simple_chain	rgpElement	4	corpus/win32/api/wincrypt/ns-wincrypt-cert_simple_chain.md
cert_simple_chain	pTrustListInfo	5	corpus/win32/api/wincrypt/ns-wincrypt-cert_simple_chain.md
cert_simple_chain	fHasRevocationFreshnessTime	6	corpus/win32/api/wincrypt/ns-wincrypt-cert_simple_chain.md
cert_simple_chain	dwRevocationFreshnessTime	7	corpus/win32/api/wincrypt/ns-wincrypt-cert_simple_chain.md
cert_system_store_info	cbSize	1	corpus/win32/api/wincrypt/ns-wincrypt-cert_system_store_info.md
cert_system_store_relocate_para	DUMMYUNIONNAME	1	corpus/win32/api/wincrypt/ns-wincrypt-cert_system_store_relocate_para.md
cert_system_store_relocate_para	DUMMYUNIONNAME2	2	corpus/win32/api/wincrypt/ns-wincrypt-cert_system_store_relocate_para.md
cert_trust_list_info	cbSize	1	corpus/win32/api/wincrypt/ns-wincrypt-cert_trust_list_info.md
cert_trust_list_info	pCtlEntry	2	corpus/win32/api/wincrypt/ns-wincrypt-cert_trust_list_info.md
cert_trust_list_info	pCtlContext	3	corpus/win32/api/wincrypt/ns-wincrypt-cert_trust_list_info.md
cert_trust_status	dwErrorStatus	1	corpus/win32/api/wincrypt/ns-wincrypt-cert_trust_status.md
cert_trust_status	dwInfoStatus	2	corpus/win32/api/wincrypt/ns-wincrypt-cert_trust_status.md
cert_usage_match	dwType	1	corpus/win32/api/wincrypt/ns-wincrypt-cert_usage_match.md
cert_usage_match	Usage	2	corpus/win32/api/wincrypt/ns-wincrypt-cert_usage_match.md
channel_entry_points	cbSize	1	corpus/win32/api/cchannel/ns-cchannel-channel_entry_points.md
channel_entry_points	protocolVersion	2	corpus/win32/api/cchannel/ns-cchannel-channel_entry_points.md
channel_entry_points	pVirtualChannelInit	3	corpus/win32/api/cchannel/ns-cchannel-channel_entry_points.md
channel_entry_points	pVirtualChannelOpen	4	corpus/win32/api/cchannel/ns-cchannel-channel_entry_points.md
channel_entry_points	pVirtualChannelClose	5	corpus/win32/api/cchannel/ns-cchannel-channel_entry_points.md
channel_entry_points	pVirtualChannelWrite	6	corpus/win32/api/cchannel/ns-cchannel-channel_entry_points.md
channel_pdu_header	length	1	corpus/win32/api/pchannel/ns-pchannel-channel_pdu_header.md
channel_pdu_header	flags	2	corpus/win32/api/pchannel/ns-pchannel-channel_pdu_header.md
charsetinfo	ciCharset	1	corpus/win32/api/wingdi/ns-wingdi-charsetinfo.md
charsetinfo	ciACP	2	corpus/win32/api/wingdi/ns-wingdi-charsetinfo.md
charsetinfo	fs	3	corpus/win32/api/wingdi/ns-wingdi-charsetinfo.md
choosecolora	lStructSize	1	corpus/win32/api/commdlg/ns-commdlg-choosecolora.md
choosecolora	hwndOwner	2	corpus/win32/api/commdlg/ns-commdlg-choosecolora.md
choosecolora	hInstance	3	corpus/win32/api/commdlg/ns-commdlg-choosecolora.md
choosecolora	rgbResult	4	corpus/win32/api/commdlg/ns-commdlg-choosecolora.md
choosecolora	lpCustColors	5	corpus/win32/api/commdlg/ns-commdlg-choosecolora.md
choosecolora	Flags	6	corpus/win32/api/commdlg/ns-commdlg-choosecolora.md
choosecolora	lCustData	7	corpus/win32/api/commdlg/ns-commdlg-choosecolora.md
choosecolora	lpfnHook	8	corpus/win32/api/commdlg/ns-commdlg-choosecolora.md
choosecolora	lpTemplateName	9	corpus/win32/api/commdlg/ns-commdlg-choosecolora.md
choosecolora	lpEditInfo	10	corpus/win32/api/commdlg/ns-commdlg-choosecolora.md
choosecolorw	lStructSize	1	corpus/win32/api/commdlg/ns-commdlg-choosecolorw.md
choosecolorw	hwndOwner	2	corpus/win32/api/commdlg/ns-commdlg-choosecolorw.md
choosecolorw	hInstance	3	corpus/win32/api/commdlg/ns-commdlg-choosecolorw.md
choosecolorw	rgbResult	4	corpus/win32/api/commdlg/ns-commdlg-choosecolorw.md
choosecolorw	lpCustColors	5	corpus/win32/api/commdlg/ns-commdlg-choosecolorw.md
choosecolorw	Flags	6	corpus/win32/api/commdlg/ns-commdlg-choosecolorw.md
choosecolorw	lCustData	7	corpus/win32/api/commdlg/ns-commdlg-choosecolorw.md
choosecolorw	lpfnHook	8	corpus/win32/api/commdlg/ns-commdlg-choosecolorw.md
choosecolorw	lpTemplateName	9	corpus/win32/api/commdlg/ns-commdlg-choosecolorw.md
choosecolorw	lpEditInfo	10	corpus/win32/api/commdlg/ns-commdlg-choosecolorw.md
choosefonta	lStructSize	1	corpus/win32/api/commdlg/ns-commdlg-choosefonta.md
choosefonta	hwndOwner	2	corpus/win32/api/commdlg/ns-commdlg-choosefonta.md
choosefonta	hDC	3	corpus/win32/api/commdlg/ns-commdlg-choosefonta.md
choosefonta	lpLogFont	4	corpus/win32/api/commdlg/ns-commdlg-choosefonta.md
choosefonta	iPointSize	5	corpus/win32/api/commdlg/ns-commdlg-choosefonta.md
choosefonta	Flags	6	corpus/win32/api/commdlg/ns-commdlg-choosefonta.md
choosefonta	rgbColors	7	corpus/win32/api/commdlg/ns-commdlg-choosefonta.md
choosefonta	lCustData	8	corpus/win32/api/commdlg/ns-commdlg-choosefonta.md
choosefonta	lpfnHook	9	corpus/win32/api/commdlg/ns-commdlg-choosefonta.md
choosefonta	lpTemplateName	10	corpus/win32/api/commdlg/ns-commdlg-choosefonta.md
choosefonta	hInstance	11	corpus/win32/api/commdlg/ns-commdlg-choosefonta.md
choosefonta	lpszStyle	12	corpus/win32/api/commdlg/ns-commdlg-choosefonta.md
choosefonta	nFontType	13	corpus/win32/api/commdlg/ns-commdlg-choosefonta.md
choosefonta	nSizeMin	14	corpus/win32/api/commdlg/ns-commdlg-choosefonta.md
choosefonta	nSizeMax	15	corpus/win32/api/commdlg/ns-commdlg-choosefonta.md
choosefontw	lStructSize	1	corpus/win32/api/commdlg/ns-commdlg-choosefontw.md
choosefontw	hwndOwner	2	corpus/win32/api/commdlg/ns-commdlg-choosefontw.md
choosefontw	hDC	3	corpus/win32/api/commdlg/ns-commdlg-choosefontw.md
choosefontw	lpLogFont	4	corpus/win32/api/commdlg/ns-commdlg-choosefontw.md
choosefontw	iPointSize	5	corpus/win32/api/commdlg/ns-commdlg-choosefontw.md
choosefontw	Flags	6	corpus/win32/api/commdlg/ns-commdlg-choosefontw.md
choosefontw	rgbColors	7	corpus/win32/api/commdlg/ns-commdlg-choosefontw.md
choosefontw	lCustData	8	corpus/win32/api/commdlg/ns-commdlg-choosefontw.md
choosefontw	lpfnHook	9	corpus/win32/api/commdlg/ns-commdlg-choosefontw.md
choosefontw	lpTemplateName	10	corpus/win32/api/commdlg/ns-commdlg-choosefontw.md
choosefontw	hInstance	11	corpus/win32/api/commdlg/ns-commdlg-choosefontw.md
choosefontw	lpszStyle	12	corpus/win32/api/commdlg/ns-commdlg-choosefontw.md
choosefontw	nFontType	13	corpus/win32/api/commdlg/ns-commdlg-choosefontw.md
choosefontw	nSizeMin	14	corpus/win32/api/commdlg/ns-commdlg-choosefontw.md
choosefontw	nSizeMax	15	corpus/win32/api/commdlg/ns-commdlg-choosefontw.md
clipobj	iUniq	1	corpus/win32/api/winddi/ns-winddi-clipobj.md
clipobj	rclBounds	2	corpus/win32/api/winddi/ns-winddi-clipobj.md
clipobj	iDComplexity	3	corpus/win32/api/winddi/ns-winddi-clipobj.md
clipobj	iFComplexity	4	corpus/win32/api/winddi/ns-winddi-clipobj.md
clipobj	iMode	5	corpus/win32/api/winddi/ns-winddi-clipobj.md
clipobj	fjOptions	6	corpus/win32/api/winddi/ns-winddi-clipobj.md
clsctx	CLSCTX_ACTIVATE_32_BIT_SERVER	1	corpus/win32/api/wtypesbase/ne-wtypesbase-clsctx.md
cmsg_cms_recipient_info	dwRecipientChoice	1	corpus/win32/api/wincrypt/ns-wincrypt-cmsg_cms_recipient_info.md
cmsg_cms_recipient_info	DUMMYUNIONNAME	2	corpus/win32/api/wincrypt/ns-wincrypt-cmsg_cms_recipient_info.md
cmsg_cms_signer_info	dwVersion	1	corpus/win32/api/wincrypt/ns-wincrypt-cmsg_cms_signer_info.md
cmsg_cms_signer_info	SignerId	2	corpus/win32/api/wincrypt/ns-wincrypt-cmsg_cms_signer_info.md
cmsg_cms_signer_info	HashAlgorithm	3	corpus/win32/api/wincrypt/ns-wincrypt-cmsg_cms_signer_info.md
cmsg_cms_signer_info	HashEncryptionAlgorithm	4	corpus/win32/api/wincrypt/ns-wincrypt-cmsg_cms_signer_info.md
cmsg_cms_signer_info	EncryptedHash	5	corpus/win32/api/wincrypt/ns-wincrypt-cmsg_cms_signer_info.md
cmsg_cms_signer_info	AuthAttrs	6	corpus/win32/api/wincrypt/ns-wincrypt-cmsg_cms_signer_info.md
cmsg_cms_signer_info	UnauthAttrs	7	corpus/win32/api/wincrypt/ns-wincrypt-cmsg_cms_signer_info.md
cmsg_ctrl_add_signer_unauth_attr_para	cbSize	1	corpus/win32/api/wincrypt/ns-wincrypt-cmsg_ctrl_add_signer_unauth_attr_para.md
cmsg_ctrl_add_signer_unauth_attr_para	dwSignerIndex	2	corpus/win32/api/wincrypt/ns-wincrypt-cmsg_ctrl_add_signer_unauth_attr_para.md
cmsg_ctrl_add_signer_unauth_attr_para	blob	3	corpus/win32/api/wincrypt/ns-wincrypt-cmsg_ctrl_add_signer_unauth_attr_para.md
cmsg_ctrl_decrypt_para	cbSize	1	corpus/win32/api/wincrypt/ns-wincrypt-cmsg_ctrl_decrypt_para.md
cmsg_ctrl_decrypt_para	DUMMYUNIONNAME	2	corpus/win32/api/wincrypt/ns-wincrypt-cmsg_ctrl_decrypt_para.md
cmsg_ctrl_decrypt_para	dwKeySpec	3	corpus/win32/api/wincrypt/ns-wincrypt-cmsg_ctrl_decrypt_para.md
cmsg_ctrl_decrypt_para	dwRecipientIndex	4	corpus/win32/api/wincrypt/ns-wincrypt-cmsg_ctrl_decrypt_para.md
cmsg_ctrl_del_signer_unauth_attr_para	cbSize	1	corpus/win32/api/wincrypt/ns-wincrypt-cmsg_ctrl_del_signer_unauth_attr_para.md
cmsg_ctrl_del_signer_unauth_attr_para	dwSignerIndex	2	corpus/win32/api/wincrypt/ns-wincrypt-cmsg_ctrl_del_signer_unauth_attr_para.md
cmsg_ctrl_del_signer_unauth_attr_para	dwUnauthAttrIndex	3	corpus/win32/api/wincrypt/ns-wincrypt-cmsg_ctrl_del_signer_unauth_attr_para.md
cmsg_ctrl_key_agree_decrypt_para	cbSize	1	corpus/win32/api/wincrypt/ns-wincrypt-cmsg_ctrl_key_agree_decrypt_para.md
cmsg_ctrl_key_agree_decrypt_para	DUMMYUNIONNAME	2	corpus/win32/api/wincrypt/ns-wincrypt-cmsg_ctrl_key_agree_decrypt_para.md
cmsg_ctrl_key_agree_decrypt_para	dwKeySpec	3	corpus/win32/api/wincrypt/ns-wincrypt-cmsg_ctrl_key_agree_decrypt_para.md
cmsg_ctrl_key_agree_decrypt_para	pKeyAgree	4	corpus/win32/api/wincrypt/ns-wincrypt-cmsg_ctrl_key_agree_decrypt_para.md
cmsg_ctrl_key_agree_decrypt_para	dwRecipientIndex	5	corpus/win32/api/wincrypt/ns-wincrypt-cmsg_ctrl_key_agree_decrypt_para.md
cmsg_ctrl_key_agree_decrypt_para	dwRecipientEncryptedKeyIndex	6	corpus/win32/api/wincrypt/ns-wincrypt-cmsg_ctrl_key_agree_decrypt_para.md
cmsg_ctrl_key_agree_decrypt_para	OriginatorPublicKey	7	corpus/win32/api/wincrypt/ns-wincrypt-cmsg_ctrl_key_agree_decrypt_para.md
cmsg_ctrl_verify_signature_ex_para	cbSize	1	corpus/win32/api/wincrypt/ns-wincrypt-cmsg_ctrl_verify_signature_ex_para.md
cmsg_ctrl_verify_signature_ex_para	hCryptProv	2	corpus/win32/api/wincrypt/ns-wincrypt-cmsg_ctrl_verify_signature_ex_para.md
cmsg_ctrl_verify_signature_ex_para	dwSignerIndex	3	corpus/win32/api/wincrypt/ns-wincrypt-cmsg_ctrl_verify_signature_ex_para.md
cmsg_ctrl_verify_signature_ex_para	dwSignerType	4	corpus/win32/api/wincrypt/ns-wincrypt-cmsg_ctrl_verify_signature_ex_para.md
cmsg_ctrl_verify_signature_ex_para	pvSigner	5	corpus/win32/api/wincrypt/ns-wincrypt-cmsg_ctrl_verify_signature_ex_para.md
cmsg_enveloped_encode_info	cbSize	1	corpus/win32/api/wincrypt/ns-wincrypt-cmsg_enveloped_encode_info.md
cmsg_enveloped_encode_info	hCryptProv	2	corpus/win32/api/wincrypt/ns-wincrypt-cmsg_enveloped_encode_info.md
cmsg_enveloped_encode_info	ContentEncryptionAlgorithm	3	corpus/win32/api/wincrypt/ns-wincrypt-cmsg_enveloped_encode_info.md
cmsg_enveloped_encode_info	pvEncryptionAuxInfo	4	corpus/win32/api/wincrypt/ns-wincrypt-cmsg_enveloped_encode_info.md
cmsg_enveloped_encode_info	cRecipients	5	corpus/win32/api/wincrypt/ns-wincrypt-cmsg_enveloped_encode_info.md
cmsg_enveloped_encode_info	rgpRecipients	6	corpus/win32/api/wincrypt/ns-wincrypt-cmsg_enveloped_encode_info.md
cmsg_enveloped_encode_info	rgCmsRecipients	7	corpus/win32/api/wincrypt/ns-wincrypt-cmsg_enveloped_encode_info.md
cmsg_enveloped_encode_info	cCertEncoded	8	corpus/win32/api/wincrypt/ns-wincrypt-cmsg_enveloped_encode_info.md
cmsg_enveloped_encode_info	rgCertEncoded	9	corpus/win32/api/wincrypt/ns-wincrypt-cmsg_enveloped_encode_info.md
cmsg_enveloped_encode_info	cCrlEncoded	10	corpus/win32/api/wincrypt/ns-wincrypt-cmsg_enveloped_encode_info.md
cmsg_enveloped_encode_info	rgCrlEncoded	11	corpus/win32/api/wincrypt/ns-wincrypt-cmsg_enveloped_encode_info.md
cmsg_enveloped_encode_info	cAttrCertEncoded	12	corpus/win32/api/wincrypt/ns-wincrypt-cmsg_enveloped_encode_info.md
cmsg_enveloped_encode_info	rgAttrCertEncoded	13	corpus/win32/api/wincrypt/ns-wincrypt-cmsg_enveloped_encode_info.md
cmsg_enveloped_encode_info	cUnprotectedAttr	14	corpus/win32/api/wincrypt/ns-wincrypt-cmsg_enveloped_encode_info.md
cmsg_enveloped_encode_info	rgUnprotectedAttr	15	corpus/win32/api/wincrypt/ns-wincrypt-cmsg_enveloped_encode_info.md
cmsg_hashed_encode_info	cbSize	1	corpus/win32/api/wincrypt/ns-wincrypt-cmsg_hashed_encode_info.md
cmsg_hashed_encode_info	hCryptProv	2	corpus/win32/api/wincrypt/ns-wincrypt-cmsg_hashed_encode_info.md
cmsg_hashed_encode_info	HashAlgorithm	3	corpus/win32/api/wincrypt/ns-wincrypt-cmsg_hashed_encode_info.md
cmsg_hashed_encode_info	pvHashAuxInfo	4	corpus/win32/api/wincrypt/ns-wincrypt-cmsg_hashed_encode_info.md
cmsg_key_trans_recipient_info	dwVersion	1	corpus/win32/api/wincrypt/ns-wincrypt-cmsg_key_trans_recipient_info.md
cmsg_key_trans_recipient_info	RecipientId	2	corpus/win32/api/wincrypt/ns-wincrypt-cmsg_key_trans_recipient_info.md
cmsg_key_trans_recipient_info	KeyEncryptionAlgorithm	3	corpus/win32/api/wincrypt/ns-wincrypt-cmsg_key_trans_recipient_info.md
cmsg_key_trans_recipient_info	EncryptedKey	4	corpus/win32/api/wincrypt/ns-wincrypt-cmsg_key_trans_recipient_info.md
cmsg_mail_list_recipient_info	dwVersion	1	corpus/win32/api/wincrypt/ns-wincrypt-cmsg_mail_list_recipient_info.md
cmsg_mail_list_recipient_info	KeyId	2	corpus/win32/api/wincrypt/ns-wincrypt-cmsg_mail_list_recipient_info.md
cmsg_mail_list_recipient_info	KeyEncryptionAlgorithm	3	corpus/win32/api/wincrypt/ns-wincrypt-cmsg_mail_list_recipient_info.md
cmsg_mail_list_recipient_info	EncryptedKey	4	corpus/win32/api/wincrypt/ns-wincrypt-cmsg_mail_list_recipient_info.md
cmsg_mail_list_recipient_info	Date	5	corpus/win32/api/wincrypt/ns-wincrypt-cmsg_mail_list_recipient_info.md
cmsg_mail_list_recipient_info	pOtherAttr	6	corpus/win32/api/wincrypt/ns-wincrypt-cmsg_mail_list_recipient_info.md
cmsg_signed_encode_info	cbSize	1	corpus/win32/api/wincrypt/ns-wincrypt-cmsg_signed_encode_info.md
cmsg_signed_encode_info	cSigners	2	corpus/win32/api/wincrypt/ns-wincrypt-cmsg_signed_encode_info.md
cmsg_signed_encode_info	rgSigners	3	corpus/win32/api/wincrypt/ns-wincrypt-cmsg_signed_encode_info.md
cmsg_signed_encode_info	cCertEncoded	4	corpus/win32/api/wincrypt/ns-wincrypt-cmsg_signed_encode_info.md
cmsg_signed_encode_info	rgCertEncoded	5	corpus/win32/api/wincrypt/ns-wincrypt-cmsg_signed_encode_info.md
cmsg_signed_encode_info	cCrlEncoded	6	corpus/win32/api/wincrypt/ns-wincrypt-cmsg_signed_encode_info.md
cmsg_signed_encode_info	rgCrlEncoded	7	corpus/win32/api/wincrypt/ns-wincrypt-cmsg_signed_encode_info.md
cmsg_signed_encode_info	cAttrCertEncoded	8	corpus/win32/api/wincrypt/ns-wincrypt-cmsg_signed_encode_info.md
cmsg_signed_encode_info	rgAttrCertEncoded	9	corpus/win32/api/wincrypt/ns-wincrypt-cmsg_signed_encode_info.md
cmsg_signer_encode_info	cbSize	1	corpus/win32/api/wincrypt/ns-wincrypt-cmsg_signer_encode_info.md
cmsg_signer_encode_info	pCertInfo	2	corpus/win32/api/wincrypt/ns-wincrypt-cmsg_signer_encode_info.md
cmsg_signer_encode_info	DUMMYUNIONNAME	3	corpus/win32/api/wincrypt/ns-wincrypt-cmsg_signer_encode_info.md
cmsg_signer_encode_info	dwKeySpec	4	corpus/win32/api/wincrypt/ns-wincrypt-cmsg_signer_encode_info.md
cmsg_signer_encode_info	HashAlgorithm	5	corpus/win32/api/wincrypt/ns-wincrypt-cmsg_signer_encode_info.md
cmsg_signer_encode_info	pvHashAuxInfo	6	corpus/win32/api/wincrypt/ns-wincrypt-cmsg_signer_encode_info.md
cmsg_signer_encode_info	cAuthAttr	7	corpus/win32/api/wincrypt/ns-wincrypt-cmsg_signer_encode_info.md
cmsg_signer_encode_info	rgAuthAttr	8	corpus/win32/api/wincrypt/ns-wincrypt-cmsg_signer_encode_info.md
cmsg_signer_encode_info	cUnauthAttr	9	corpus/win32/api/wincrypt/ns-wincrypt-cmsg_signer_encode_info.md
cmsg_signer_encode_info	rgUnauthAttr	10	corpus/win32/api/wincrypt/ns-wincrypt-cmsg_signer_encode_info.md
cmsg_signer_encode_info	SignerId	11	corpus/win32/api/wincrypt/ns-wincrypt-cmsg_signer_encode_info.md
cmsg_signer_encode_info	HashEncryptionAlgorithm	12	corpus/win32/api/wincrypt/ns-wincrypt-cmsg_signer_encode_info.md
cmsg_signer_encode_info	pvHashEncryptionAuxInfo	13	corpus/win32/api/wincrypt/ns-wincrypt-cmsg_signer_encode_info.md
cmsg_signer_info	dwVersion	1	corpus/win32/api/wincrypt/ns-wincrypt-cmsg_signer_info.md
cmsg_signer_info	Issuer	2	corpus/win32/api/wincrypt/ns-wincrypt-cmsg_signer_info.md
cmsg_signer_info	SerialNumber	3	corpus/win32/api/wincrypt/ns-wincrypt-cmsg_signer_info.md
cmsg_signer_info	HashAlgorithm	4	corpus/win32/api/wincrypt/ns-wincrypt-cmsg_signer_info.md
cmsg_signer_info	HashEncryptionAlgorithm	5	corpus/win32/api/wincrypt/ns-wincrypt-cmsg_signer_info.md
cmsg_signer_info	EncryptedHash	6	corpus/win32/api/wincrypt/ns-wincrypt-cmsg_signer_info.md
cmsg_signer_info	AuthAttrs	7	corpus/win32/api/wincrypt/ns-wincrypt-cmsg_signer_info.md
cmsg_signer_info	UnauthAttrs	8	corpus/win32/api/wincrypt/ns-wincrypt-cmsg_signer_info.md
cmsg_stream_info	cbContent	1	corpus/win32/api/wincrypt/ns-wincrypt-cmsg_stream_info.md
cmsg_stream_info	pfnStreamOutput	2	corpus/win32/api/wincrypt/ns-wincrypt-cmsg_stream_info.md
cmsg_stream_info	pvArg	3	corpus/win32/api/wincrypt/ns-wincrypt-cmsg_stream_info.md
coauthidentity	User	1	corpus/win32/api/wtypesbase/ns-wtypesbase-coauthidentity.md
coauthidentity	UserLength	2	corpus/win32/api/wtypesbase/ns-wtypesbase-coauthidentity.md
coauthidentity	Domain	3	corpus/win32/api/wtypesbase/ns-wtypesbase-coauthidentity.md
coauthidentity	DomainLength	4	corpus/win32/api/wtypesbase/ns-wtypesbase-coauthidentity.md
coauthidentity	Password	5	corpus/win32/api/wtypesbase/ns-wtypesbase-coauthidentity.md
coauthidentity	PasswordLength	6	corpus/win32/api/wtypesbase/ns-wtypesbase-coauthidentity.md
coauthidentity	Flags	7	corpus/win32/api/wtypesbase/ns-wtypesbase-coauthidentity.md
coauthinfo	dwAuthnSvc	1	corpus/win32/api/wtypesbase/ns-wtypesbase-coauthinfo.md
coauthinfo	dwAuthzSvc	2	corpus/win32/api/wtypesbase/ns-wtypesbase-coauthinfo.md
coauthinfo	pwszServerPrincName	3	corpus/win32/api/wtypesbase/ns-wtypesbase-coauthinfo.md
coauthinfo	dwAuthnLevel	4	corpus/win32/api/wtypesbase/ns-wtypesbase-coauthinfo.md
coauthinfo	dwImpersonationLevel	5	corpus/win32/api/wtypesbase/ns-wtypesbase-coauthinfo.md
coauthinfo	pAuthIdentityData	6	corpus/win32/api/wtypesbase/ns-wtypesbase-coauthinfo.md
coauthinfo	dwCapabilities	7	corpus/win32/api/wtypesbase/ns-wtypesbase-coauthinfo.md
colorkey	KeyType	1	corpus/win32/api/strmif/ns-strmif-colorkey.md
colorkey	PaletteIndex	2	corpus/win32/api/strmif/ns-strmif-colorkey.md
colorkey	LowColorValue	3	corpus/win32/api/strmif/ns-strmif-colorkey.md
colorkey	HighColorValue	4	corpus/win32/api/strmif/ns-strmif-colorkey.md
colorpalette	Flags	1	corpus/win32/api/gdipluspixelformats/ns-gdipluspixelformats-colorpalette.md
colorpalette	Count	2	corpus/win32/api/gdipluspixelformats/ns-gdipluspixelformats-colorpalette.md
colorpalette	Entries	3	corpus/win32/api/gdipluspixelformats/ns-gdipluspixelformats-colorpalette.md
comboboxinfo	cbSize	1	corpus/win32/api/winuser/ns-winuser-comboboxinfo.md
comboboxinfo	rcItem	2	corpus/win32/api/winuser/ns-winuser-comboboxinfo.md
comboboxinfo	rcButton	3	corpus/win32/api/winuser/ns-winuser-comboboxinfo.md
comboboxinfo	stateButton	4	corpus/win32/api/winuser/ns-winuser-comboboxinfo.md
comboboxinfo	hwndCombo	5	corpus/win32/api/winuser/ns-winuser-comboboxinfo.md
comboboxinfo	hwndItem	6	corpus/win32/api/winuser/ns-winuser-comboboxinfo.md
comboboxinfo	hwndList	7	corpus/win32/api/winuser/ns-winuser-comboboxinfo.md
commconfig	dwSize	1	corpus/win32/api/winbase/ns-winbase-commconfig.md
commconfig	wVersion	2	corpus/win32/api/winbase/ns-winbase-commconfig.md
commconfig	wReserved	3	corpus/win32/api/winbase/ns-winbase-commconfig.md
commconfig	dcb	4	corpus/win32/api/winbase/ns-winbase-commconfig.md
commconfig	dwProviderSubType	5	corpus/win32/api/winbase/ns-winbase-commconfig.md
commconfig	dwProviderOffset	6	corpus/win32/api/winbase/ns-winbase-commconfig.md
commconfig	dwProviderSize	7	corpus/win32/api/winbase/ns-winbase-commconfig.md
commconfig	wcProviderData	8	corpus/win32/api/winbase/ns-winbase-commconfig.md
commprop	wPacketLength	1	corpus/win32/api/winbase/ns-winbase-commprop.md
commprop	wPacketVersion	2	corpus/win32/api/winbase/ns-winbase-commprop.md
commprop	dwServiceMask	3	corpus/win32/api/winbase/ns-winbase-commprop.md
commprop	dwReserved1	4	corpus/win32/api/winbase/ns-winbase-commprop.md
commprop	dwMaxTxQueue	5	corpus/win32/api/winbase/ns-winbase-commprop.md
commprop	dwMaxRxQueue	6	corpus/win32/api/winbase/ns-winbase-commprop.md
commprop	dwMaxBaud	7	corpus/win32/api/winbase/ns-winbase-commprop.md
commprop	dwProvSubType	8	corpus/win32/api/winbase/ns-winbase-commprop.md
commprop	dwProvCapabilities	9	corpus/win32/api/winbase/ns-winbase-commprop.md
commprop	dwSettableParams	10	corpus/win32/api/winbase/ns-winbase-commprop.md
commprop	dwSettableBaud	11	corpus/win32/api/winbase/ns-winbase-commprop.md
commprop	wSettableData	12	corpus/win32/api/winbase/ns-winbase-commprop.md
commprop	wSettableStopParity	13	corpus/win32/api/winbase/ns-winbase-commprop.md
commprop	dwCurrentTxQueue	14	corpus/win32/api/winbase/ns-winbase-commprop.md
commprop	dwCurrentRxQueue	15	corpus/win32/api/winbase/ns-winbase-commprop.md
commprop	dwProvSpec1	16	corpus/win32/api/winbase/ns-winbase-commprop.md
commprop	dwProvSpec2	17	corpus/win32/api/winbase/ns-winbase-commprop.md
commprop	wcProvChar	18	corpus/win32/api/winbase/ns-winbase-commprop.md
commtimeouts	ReadIntervalTimeout	1	corpus/win32/api/winbase/ns-winbase-commtimeouts.md
commtimeouts	ReadTotalTimeoutMultiplier	2	corpus/win32/api/winbase/ns-winbase-commtimeouts.md
commtimeouts	ReadTotalTimeoutConstant	3	corpus/win32/api/winbase/ns-winbase-commtimeouts.md
commtimeouts	WriteTotalTimeoutMultiplier	4	corpus/win32/api/winbase/ns-winbase-commtimeouts.md
commtimeouts	WriteTotalTimeoutConstant	5	corpus/win32/api/winbase/ns-winbase-commtimeouts.md
compositionform	dwStyle	1	corpus/win32/api/imm/ns-imm-compositionform.md
compositionform	ptCurrentPos	2	corpus/win32/api/imm/ns-imm-compositionform.md
compositionform	rcArea	3	corpus/win32/api/imm/ns-imm-compositionform.md
comstat	fCtsHold	1	corpus/win32/api/winbase/ns-winbase-comstat.md
comstat	fDsrHold	2	corpus/win32/api/winbase/ns-winbase-comstat.md
comstat	fRlsdHold	3	corpus/win32/api/winbase/ns-winbase-comstat.md
comstat	fXoffHold	4	corpus/win32/api/winbase/ns-winbase-comstat.md
comstat	fXoffSent	5	corpus/win32/api/winbase/ns-winbase-comstat.md
comstat	fEof	6	corpus/win32/api/winbase/ns-winbase-comstat.md
comstat	fTxim	7	corpus/win32/api/winbase/ns-winbase-comstat.md
comstat	fReserved	8	corpus/win32/api/winbase/ns-winbase-comstat.md
comstat	cbInQue	9	corpus/win32/api/winbase/ns-winbase-comstat.md
comstat	cbOutQue	10	corpus/win32/api/winbase/ns-winbase-comstat.md
connectdata	pUnk	1	corpus/win32/api/ocidl/ns-ocidl-connectdata.md
connectdata	dwCookie	2	corpus/win32/api/ocidl/ns-ocidl-connectdata.md
connectdlgstructa	cbStructure	1	corpus/win32/api/winnetwk/ns-winnetwk-connectdlgstructa.md
connectdlgstructa	hwndOwner	2	corpus/win32/api/winnetwk/ns-winnetwk-connectdlgstructa.md
connectdlgstructa	lpConnRes	3	corpus/win32/api/winnetwk/ns-winnetwk-connectdlgstructa.md
connectdlgstructa	dwFlags	4	corpus/win32/api/winnetwk/ns-winnetwk-connectdlgstructa.md
connectdlgstructa	dwDevNum	5	corpus/win32/api/winnetwk/ns-winnetwk-connectdlgstructa.md
connectdlgstructw	cbStructure	1	corpus/win32/api/winnetwk/ns-winnetwk-connectdlgstructw.md
connectdlgstructw	hwndOwner	2	corpus/win32/api/winnetwk/ns-winnetwk-connectdlgstructw.md
connectdlgstructw	lpConnRes	3	corpus/win32/api/winnetwk/ns-winnetwk-connectdlgstructw.md
connectdlgstructw	dwFlags	4	corpus/win32/api/winnetwk/ns-winnetwk-connectdlgstructw.md
connectdlgstructw	dwDevNum	5	corpus/win32/api/winnetwk/ns-winnetwk-connectdlgstructw.md
controlinfo	cb	1	corpus/win32/api/ocidl/ns-ocidl-controlinfo.md
controlinfo	hAccel	2	corpus/win32/api/ocidl/ns-ocidl-controlinfo.md
controlinfo	cAccel	3	corpus/win32/api/ocidl/ns-ocidl-controlinfo.md
controlinfo	dwFlags	4	corpus/win32/api/ocidl/ns-ocidl-controlinfo.md
copydatastruct	dwData	1	corpus/win32/api/winuser/ns-winuser-copydatastruct.md
copydatastruct	cbData	2	corpus/win32/api/winuser/ns-winuser-copydatastruct.md
copydatastruct	lpData	3	corpus/win32/api/winuser/ns-winuser-copydatastruct.md
coserverinfo	dwReserved1	1	corpus/win32/api/objidl/ns-objidl-coserverinfo.md
coserverinfo	pwszName	2	corpus/win32/api/objidl/ns-objidl-coserverinfo.md
coserverinfo	pAuthInfo	3	corpus/win32/api/objidl/ns-objidl-coserverinfo.md
coserverinfo	dwReserved2	4	corpus/win32/api/objidl/ns-objidl-coserverinfo.md
cpinfo	MaxCharSize	1	corpus/win32/api/winnls/ns-winnls-cpinfo.md
cpinfo	DefaultChar	2	corpus/win32/api/winnls/ns-winnls-cpinfo.md
cpinfo	LeadByte	3	corpus/win32/api/winnls/ns-winnls-cpinfo.md
cplinfo	idIcon	1	corpus/win32/api/cpl/ns-cpl-cplinfo.md
cplinfo	idName	2	corpus/win32/api/cpl/ns-cpl-cplinfo.md
cplinfo	idInfo	3	corpus/win32/api/cpl/ns-cpl-cplinfo.md
cplinfo	lData	4	corpus/win32/api/cpl/ns-cpl-cplinfo.md
create_process_debug_info	hFile	1	corpus/win32/api/minwinbase/ns-minwinbase-create_process_debug_info.md
create_process_debug_info	hProcess	2	corpus/win32/api/minwinbase/ns-minwinbase-create_process_debug_info.md
create_process_debug_info	hThread	3	corpus/win32/api/minwinbase/ns-minwinbase-create_process_debug_info.md
create_process_debug_info	lpBaseOfImage	4	corpus/win32/api/minwinbase/ns-minwinbase-create_process_debug_info.md
create_process_debug_info	dwDebugInfoFileOffset	5	corpus/win32/api/minwinbase/ns-minwinbase-create_process_debug_info.md
create_process_debug_info	nDebugInfoSize	6	corpus/win32/api/minwinbase/ns-minwinbase-create_process_debug_info.md
create_process_debug_info	lpThreadLocalBase	7	corpus/win32/api/minwinbase/ns-minwinbase-create_process_debug_info.md
create_process_debug_info	lpStartAddress	8	corpus/win32/api/minwinbase/ns-minwinbase-create_process_debug_info.md
create_process_debug_info	lpImageName	9	corpus/win32/api/minwinbase/ns-minwinbase-create_process_debug_info.md
create_process_debug_info	fUnicode	10	corpus/win32/api/minwinbase/ns-minwinbase-create_process_debug_info.md
create_thread_debug_info	hThread	1	corpus/win32/api/minwinbase/ns-minwinbase-create_thread_debug_info.md
create_thread_debug_info	lpThreadLocalBase	2	corpus/win32/api/minwinbase/ns-minwinbase-create_thread_debug_info.md
create_thread_debug_info	lpStartAddress	3	corpus/win32/api/minwinbase/ns-minwinbase-create_thread_debug_info.md
createstructa	lpCreateParams	1	corpus/win32/api/winuser/ns-winuser-createstructa.md
createstructa	hInstance	2	corpus/win32/api/winuser/ns-winuser-createstructa.md
createstructa	hMenu	3	corpus/win32/api/winuser/ns-winuser-createstructa.md
createstructa	hwndParent	4	corpus/win32/api/winuser/ns-winuser-createstructa.md
createstructa	cy	5	corpus/win32/api/winuser/ns-winuser-createstructa.md
createstructa	cx	6	corpus/win32/api/winuser/ns-winuser-createstructa.md
createstructa	y	7	corpus/win32/api/winuser/ns-winuser-createstructa.md
createstructa	x	8	corpus/win32/api/winuser/ns-winuser-createstructa.md
createstructa	style	9	corpus/win32/api/winuser/ns-winuser-createstructa.md
createstructa	lpszName	10	corpus/win32/api/winuser/ns-winuser-createstructa.md
createstructa	lpszClass	11	corpus/win32/api/winuser/ns-winuser-createstructa.md
createstructa	dwExStyle	12	corpus/win32/api/winuser/ns-winuser-createstructa.md
createstructw	lpCreateParams	1	corpus/win32/api/winuser/ns-winuser-createstructw.md
createstructw	hInstance	2	corpus/win32/api/winuser/ns-winuser-createstructw.md
createstructw	hMenu	3	corpus/win32/api/winuser/ns-winuser-createstructw.md
createstructw	hwndParent	4	corpus/win32/api/winuser/ns-winuser-createstructw.md
createstructw	cy	5	corpus/win32/api/winuser/ns-winuser-createstructw.md
createstructw	cx	6	corpus/win32/api/winuser/ns-winuser-createstructw.md
createstructw	y	7	corpus/win32/api/winuser/ns-winuser-createstructw.md
createstructw	x	8	corpus/win32/api/winuser/ns-winuser-createstructw.md
createstructw	style	9	corpus/win32/api/winuser/ns-winuser-createstructw.md
createstructw	lpszName	10	corpus/win32/api/winuser/ns-winuser-createstructw.md
createstructw	lpszClass	11	corpus/win32/api/winuser/ns-winuser-createstructw.md
createstructw	dwExStyle	12	corpus/win32/api/winuser/ns-winuser-createstructw.md
credentiala	Flags	1	corpus/win32/api/wincred/ns-wincred-credentiala.md
credentiala	Type	2	corpus/win32/api/wincred/ns-wincred-credentiala.md
credentiala	TargetName	3	corpus/win32/api/wincred/ns-wincred-credentiala.md
credentiala	Comment	4	corpus/win32/api/wincred/ns-wincred-credentiala.md
credentiala	LastWritten	5	corpus/win32/api/wincred/ns-wincred-credentiala.md
credentiala	CredentialBlobSize	6	corpus/win32/api/wincred/ns-wincred-credentiala.md
credentiala	CredentialBlob	7	corpus/win32/api/wincred/ns-wincred-credentiala.md
credentiala	Persist	8	corpus/win32/api/wincred/ns-wincred-credentiala.md
credentiala	AttributeCount	9	corpus/win32/api/wincred/ns-wincred-credentiala.md
credentiala	Attributes	10	corpus/win32/api/wincred/ns-wincred-credentiala.md
credentiala	TargetAlias	11	corpus/win32/api/wincred/ns-wincred-credentiala.md
credentiala	UserName	12	corpus/win32/api/wincred/ns-wincred-credentiala.md
credentialw	Flags	1	corpus/win32/api/wincred/ns-wincred-credentialw.md
credentialw	Type	2	corpus/win32/api/wincred/ns-wincred-credentialw.md
credentialw	TargetName	3	corpus/win32/api/wincred/ns-wincred-credentialw.md
credentialw	Comment	4	corpus/win32/api/wincred/ns-wincred-credentialw.md
credentialw	LastWritten	5	corpus/win32/api/wincred/ns-wincred-credentialw.md
credentialw	CredentialBlobSize	6	corpus/win32/api/wincred/ns-wincred-credentialw.md
credentialw	CredentialBlob	7	corpus/win32/api/wincred/ns-wincred-credentialw.md
credentialw	Persist	8	corpus/win32/api/wincred/ns-wincred-credentialw.md
credentialw	AttributeCount	9	corpus/win32/api/wincred/ns-wincred-credentialw.md
credentialw	Attributes	10	corpus/win32/api/wincred/ns-wincred-credentialw.md
credentialw	TargetAlias	11	corpus/win32/api/wincred/ns-wincred-credentialw.md
credentialw	UserName	12	corpus/win32/api/wincred/ns-wincred-credentialw.md
crypt_algorithm_identifier	pszObjId	1	corpus/win32/api/wincrypt/ns-wincrypt-crypt_algorithm_identifier.md
crypt_algorithm_identifier	Parameters	2	corpus/win32/api/wincrypt/ns-wincrypt-crypt_algorithm_identifier.md
crypt_attribute	pszObjId	1	corpus/win32/api/wincrypt/ns-wincrypt-crypt_attribute.md
crypt_attribute	cValue	2	corpus/win32/api/wincrypt/ns-wincrypt-crypt_attribute.md
crypt_attribute	rgValue	3	corpus/win32/api/wincrypt/ns-wincrypt-crypt_attribute.md
crypt_attributes	cAttr	1	corpus/win32/api/wincrypt/ns-wincrypt-crypt_attributes.md
crypt_attributes	rgAttr	2	corpus/win32/api/wincrypt/ns-wincrypt-crypt_attributes.md
crypt_bit_blob	cbData	1	corpus/win32/api/wincrypt/ns-wincrypt-crypt_bit_blob.md
crypt_bit_blob	pbData	2	corpus/win32/api/wincrypt/ns-wincrypt-crypt_bit_blob.md
crypt_bit_blob	cUnusedBits	3	corpus/win32/api/wincrypt/ns-wincrypt-crypt_bit_blob.md
crypt_encode_para	cbSize	1	corpus/win32/api/wincrypt/ns-wincrypt-crypt_encode_para.md
crypt_encode_para	pfnAlloc	2	corpus/win32/api/wincrypt/ns-wincrypt-crypt_encode_para.md
crypt_encode_para	pfnFree	3	corpus/win32/api/wincrypt/ns-wincrypt-crypt_encode_para.md
crypt_key_prov_info	pwszContainerName	1	corpus/win32/api/wincrypt/ns-wincrypt-crypt_key_prov_info.md
crypt_key_prov_info	pwszProvName	2	corpus/win32/api/wincrypt/ns-wincrypt-crypt_key_prov_info.md
crypt_key_prov_info	dwProvType	3	corpus/win32/api/wincrypt/ns-wincrypt-crypt_key_prov_info.md
crypt_key_prov_info	dwFlags	4	corpus/win32/api/wincrypt/ns-wincrypt-crypt_key_prov_info.md
crypt_key_prov_info	cProvParam	5	corpus/win32/api/wincrypt/ns-wincrypt-crypt_key_prov_info.md
crypt_key_prov_info	rgProvParam	6	corpus/win32/api/wincrypt/ns-wincrypt-crypt_key_prov_info.md
crypt_key_prov_info	dwKeySpec	7	corpus/win32/api/wincrypt/ns-wincrypt-crypt_key_prov_info.md
crypt_key_prov_param	dwParam	1	corpus/win32/api/wincrypt/ns-wincrypt-crypt_key_prov_param.md
crypt_key_prov_param	pbData	2	corpus/win32/api/wincrypt/ns-wincrypt-crypt_key_prov_param.md
crypt_key_prov_param	cbData	3	corpus/win32/api/wincrypt/ns-wincrypt-crypt_key_prov_param.md
crypt_key_prov_param	dwFlags	4	corpus/win32/api/wincrypt/ns-wincrypt-crypt_key_prov_param.md
crypt_oid_func_entry	pszOID	1	corpus/win32/api/wincrypt/ns-wincrypt-crypt_oid_func_entry.md
crypt_oid_func_entry	pvFuncAddr	2	corpus/win32/api/wincrypt/ns-wincrypt-crypt_oid_func_entry.md
crypt_oid_info	cbSize	1	corpus/win32/api/wincrypt/ns-wincrypt-crypt_oid_info.md
crypt_oid_info	pszOID	2	corpus/win32/api/wincrypt/ns-wincrypt-crypt_oid_info.md
crypt_oid_info	pwszName	3	corpus/win32/api/wincrypt/ns-wincrypt-crypt_oid_info.md
crypt_oid_info	dwGroupId	4	corpus/win32/api/wincrypt/ns-wincrypt-crypt_oid_info.md
crypt_oid_info	DUMMYUNIONNAME	5	corpus/win32/api/wincrypt/ns-wincrypt-crypt_oid_info.md
crypt_oid_info	ExtraInfo	6	corpus/win32/api/wincrypt/ns-wincrypt-crypt_oid_info.md
crypt_oid_info	pwszCNGAlgid	7	corpus/win32/api/wincrypt/ns-wincrypt-crypt_oid_info.md
crypt_oid_info	pwszCNGExtraAlgid	8	corpus/win32/api/wincrypt/ns-wincrypt-crypt_oid_info.md
csaddr_info	LocalAddr	1	corpus/win32/api/nspapi/ns-nspapi-csaddr_info.md
csaddr_info	RemoteAddr	2	corpus/win32/api/nspapi/ns-nspapi-csaddr_info.md
csaddr_info	iSocketType	3	corpus/win32/api/nspapi/ns-nspapi-csaddr_info.md
csaddr_info	iProtocol	4	corpus/win32/api/nspapi/ns-nspapi-csaddr_info.md
ctl_usage	cUsageIdentifier	1	corpus/win32/api/wincrypt/ns-wincrypt-ctl_usage.md
ctl_usage	rgpszUsageIdentifier	2	corpus/win32/api/wincrypt/ns-wincrypt-ctl_usage.md
currencyfmta	NumDigits	1	corpus/win32/api/winnls/ns-winnls-currencyfmta.md
currencyfmta	LeadingZero	2	corpus/win32/api/winnls/ns-winnls-currencyfmta.md
currencyfmta	Grouping	3	corpus/win32/api/winnls/ns-winnls-currencyfmta.md
currencyfmta	lpDecimalSep	4	corpus/win32/api/winnls/ns-winnls-currencyfmta.md
currencyfmta	lpThousandSep	5	corpus/win32/api/winnls/ns-winnls-currencyfmta.md
currencyfmta	NegativeOrder	6	corpus/win32/api/winnls/ns-winnls-currencyfmta.md
currencyfmta	PositiveOrder	7	corpus/win32/api/winnls/ns-winnls-currencyfmta.md
currencyfmta	lpCurrencySymbol	8	corpus/win32/api/winnls/ns-winnls-currencyfmta.md
currencyfmtw	NumDigits	1	corpus/win32/api/winnls/ns-winnls-currencyfmtw.md
currencyfmtw	LeadingZero	2	corpus/win32/api/winnls/ns-winnls-currencyfmtw.md
currencyfmtw	Grouping	3	corpus/win32/api/winnls/ns-winnls-currencyfmtw.md
currencyfmtw	lpDecimalSep	4	corpus/win32/api/winnls/ns-winnls-currencyfmtw.md
currencyfmtw	lpThousandSep	5	corpus/win32/api/winnls/ns-winnls-currencyfmtw.md
currencyfmtw	NegativeOrder	6	corpus/win32/api/winnls/ns-winnls-currencyfmtw.md
currencyfmtw	PositiveOrder	7	corpus/win32/api/winnls/ns-winnls-currencyfmtw.md
currencyfmtw	lpCurrencySymbol	8	corpus/win32/api/winnls/ns-winnls-currencyfmtw.md
custdata	cCustData	1	corpus/win32/api/oaidl/ns-oaidl-custdata.md
custdata	prgCustData	2	corpus/win32/api/oaidl/ns-oaidl-custdata.md
custdataitem	guid	1	corpus/win32/api/oaidl/ns-oaidl-custdataitem.md
custdataitem	varValue	2	corpus/win32/api/oaidl/ns-oaidl-custdataitem.md
dcb	DCBlength	1	corpus/win32/api/winbase/ns-winbase-dcb.md
dcb	BaudRate	2	corpus/win32/api/winbase/ns-winbase-dcb.md
dcb	fBinary	3	corpus/win32/api/winbase/ns-winbase-dcb.md
dcb	fParity	4	corpus/win32/api/winbase/ns-winbase-dcb.md
dcb	fOutxCtsFlow	5	corpus/win32/api/winbase/ns-winbase-dcb.md
dcb	fOutxDsrFlow	6	corpus/win32/api/winbase/ns-winbase-dcb.md
dcb	fDtrControl	7	corpus/win32/api/winbase/ns-winbase-dcb.md
dcb	fDsrSensitivity	8	corpus/win32/api/winbase/ns-winbase-dcb.md
dcb	fTXContinueOnXoff	9	corpus/win32/api/winbase/ns-winbase-dcb.md
dcb	fOutX	10	corpus/win32/api/winbase/ns-winbase-dcb.md
dcb	fInX	11	corpus/win32/api/winbase/ns-winbase-dcb.md
dcb	fErrorChar	12	corpus/win32/api/winbase/ns-winbase-dcb.md
dcb	fNull	13	corpus/win32/api/winbase/ns-winbase-dcb.md
dcb	fRtsControl	14	corpus/win32/api/winbase/ns-winbase-dcb.md
dcb	fAbortOnError	15	corpus/win32/api/winbase/ns-winbase-dcb.md
dcb	fDummy2	16	corpus/win32/api/winbase/ns-winbase-dcb.md
dcb	wReserved	17	corpus/win32/api/winbase/ns-winbase-dcb.md
dcb	XonLim	18	corpus/win32/api/winbase/ns-winbase-dcb.md
dcb	XoffLim	19	corpus/win32/api/winbase/ns-winbase-dcb.md
dcb	ByteSize	20	corpus/win32/api/winbase/ns-winbase-dcb.md
dcb	Parity	21	corpus/win32/api/winbase/ns-winbase-dcb.md
dcb	StopBits	22	corpus/win32/api/winbase/ns-winbase-dcb.md
dcb	XonChar	23	corpus/win32/api/winbase/ns-winbase-dcb.md
dcb	XoffChar	24	corpus/win32/api/winbase/ns-winbase-dcb.md
dcb	ErrorChar	25	corpus/win32/api/winbase/ns-winbase-dcb.md
dcb	EofChar	26	corpus/win32/api/winbase/ns-winbase-dcb.md
dcb	EvtChar	27	corpus/win32/api/winbase/ns-winbase-dcb.md
dcb	wReserved1	28	corpus/win32/api/winbase/ns-winbase-dcb.md
ddbltfx	dwSize	1	corpus/win32/api/ddraw/ns-ddraw-ddbltfx.md
ddbltfx	dwDDFX	2	corpus/win32/api/ddraw/ns-ddraw-ddbltfx.md
ddbltfx	dwROP	3	corpus/win32/api/ddraw/ns-ddraw-ddbltfx.md
ddbltfx	dwDDROP	4	corpus/win32/api/ddraw/ns-ddraw-ddbltfx.md
ddbltfx	dwRotationAngle	5	corpus/win32/api/ddraw/ns-ddraw-ddbltfx.md
ddbltfx	dwZBufferOpCode	6	corpus/win32/api/ddraw/ns-ddraw-ddbltfx.md
ddbltfx	dwZBufferLow	7	corpus/win32/api/ddraw/ns-ddraw-ddbltfx.md
ddbltfx	dwZBufferHigh	8	corpus/win32/api/ddraw/ns-ddraw-ddbltfx.md
ddbltfx	dwZBufferBaseDest	9	corpus/win32/api/ddraw/ns-ddraw-ddbltfx.md
ddbltfx	dwZDestConstBitDepth	10	corpus/win32/api/ddraw/ns-ddraw-ddbltfx.md
ddbltfx	dwZSrcConstBitDepth	11	corpus/win32/api/ddraw/ns-ddraw-ddbltfx.md
ddbltfx	dwAlphaEdgeBlendBitDepth	12	corpus/win32/api/ddraw/ns-ddraw-ddbltfx.md
ddbltfx	dwAlphaEdgeBlend	13	corpus/win32/api/ddraw/ns-ddraw-ddbltfx.md
ddbltfx	dwReserved	14	corpus/win32/api/ddraw/ns-ddraw-ddbltfx.md
ddbltfx	dwAlphaDestConstBitDepth	15	corpus/win32/api/ddraw/ns-ddraw-ddbltfx.md
ddbltfx	dwAlphaSrcConstBitDepth	16	corpus/win32/api/ddraw/ns-ddraw-ddbltfx.md
ddbltfx	DUMMYUNIONNAMEN	17	corpus/win32/api/ddraw/ns-ddraw-ddbltfx.md
ddbltfx	ddckDestColorkey	18	corpus/win32/api/ddraw/ns-ddraw-ddbltfx.md
ddbltfx	ddckSrcColorkey	19	corpus/win32/api/ddraw/ns-ddraw-ddbltfx.md
ddcolorcontrol	dwSize	1	corpus/win32/api/ddraw/ns-ddraw-ddcolorcontrol.md
ddcolorcontrol	dwFlags	2	corpus/win32/api/ddraw/ns-ddraw-ddcolorcontrol.md
ddcolorcontrol	lBrightness	3	corpus/win32/api/ddraw/ns-ddraw-ddcolorcontrol.md
ddcolorcontrol	lContrast	4	corpus/win32/api/ddraw/ns-ddraw-ddcolorcontrol.md
ddcolorcontrol	lHue	5	corpus/win32/api/ddraw/ns-ddraw-ddcolorcontrol.md
ddcolorcontrol	lSaturation	6	corpus/win32/api/ddraw/ns-ddraw-ddcolorcontrol.md
ddcolorcontrol	lSharpness	7	corpus/win32/api/ddraw/ns-ddraw-ddcolorcontrol.md
ddcolorcontrol	lGamma	8	corpus/win32/api/ddraw/ns-ddraw-ddcolorcontrol.md
ddcolorcontrol	lColorEnable	9	corpus/win32/api/ddraw/ns-ddraw-ddcolorcontrol.md
ddcolorcontrol	dwReserved1	10	corpus/win32/api/ddraw/ns-ddraw-ddcolorcontrol.md
ddcolorkey	dwColorSpaceLowValue	1	corpus/win32/api/ddraw/ns-ddraw-ddcolorkey.md
ddcolorkey	dwColorSpaceHighValue	2	corpus/win32/api/ddraw/ns-ddraw-ddcolorkey.md
ddcolorkey	dw1	3	corpus/win32/api/ddraw/ns-ddraw-ddcolorkey.md
ddcolorkey	dw2	4	corpus/win32/api/ddraw/ns-ddraw-ddcolorkey.md
ddcorecaps	dwSize	1	corpus/win32/api/ddrawi/ns-ddrawi-ddcorecaps.md
ddcorecaps	dwCaps	2	corpus/win32/api/ddrawi/ns-ddrawi-ddcorecaps.md
ddcorecaps	dwCaps2	3	corpus/win32/api/ddrawi/ns-ddrawi-ddcorecaps.md
ddcorecaps	dwCKeyCaps	4	corpus/win32/api/ddrawi/ns-ddrawi-ddcorecaps.md
ddcorecaps	dwFXCaps	5	corpus/win32/api/ddrawi/ns-ddrawi-ddcorecaps.md
ddcorecaps	dwFXAlphaCaps	6	corpus/win32/api/ddrawi/ns-ddrawi-ddcorecaps.md
ddcorecaps	dwPalCaps	7	corpus/win32/api/ddrawi/ns-ddrawi-ddcorecaps.md
ddcorecaps	dwSVCaps	8	corpus/win32/api/ddrawi/ns-ddrawi-ddcorecaps.md
ddcorecaps	dwAlphaBltConstBitDepths	9	corpus/win32/api/ddrawi/ns-ddrawi-ddcorecaps.md
ddcorecaps	dwAlphaBltPixelBitDepths	10	corpus/win32/api/ddrawi/ns-ddrawi-ddcorecaps.md
ddcorecaps	dwAlphaBltSurfaceBitDepths	11	corpus/win32/api/ddrawi/ns-ddrawi-ddcorecaps.md
ddcorecaps	dwAlphaOverlayConstBitDepths	12	corpus/win32/api/ddrawi/ns-ddrawi-ddcorecaps.md
ddcorecaps	dwAlphaOverlayPixelBitDepths	13	corpus/win32/api/ddrawi/ns-ddrawi-ddcorecaps.md
ddcorecaps	dwAlphaOverlaySurfaceBitDepths	14	corpus/win32/api/ddrawi/ns-ddrawi-ddcorecaps.md
ddcorecaps	dwZBufferBitDepths	15	corpus/win32/api/ddrawi/ns-ddrawi-ddcorecaps.md
ddcorecaps	dwVidMemTotal	16	corpus/win32/api/ddrawi/ns-ddrawi-ddcorecaps.md
ddcorecaps	dwVidMemFree	17	corpus/win32/api/ddrawi/ns-ddrawi-ddcorecaps.md
ddcorecaps	dwMaxVisibleOverlays	18	corpus/win32/api/ddrawi/ns-ddrawi-ddcorecaps.md
ddcorecaps	dwCurrVisibleOverlays	19	corpus/win32/api/ddrawi/ns-ddrawi-ddcorecaps.md
ddcorecaps	dwNumFourCCCodes	20	corpus/win32/api/ddrawi/ns-ddrawi-ddcorecaps.md
ddcorecaps	dwAlignBoundarySrc	21	corpus/win32/api/ddrawi/ns-ddrawi-ddcorecaps.md
ddcorecaps	dwAlignSizeSrc	22	corpus/win32/api/ddrawi/ns-ddrawi-ddcorecaps.md
ddcorecaps	dwAlignBoundaryDest	23	corpus/win32/api/ddrawi/ns-ddrawi-ddcorecaps.md
ddcorecaps	dwAlignSizeDest	24	corpus/win32/api/ddrawi/ns-ddrawi-ddcorecaps.md
ddcorecaps	dwAlignStrideAlign	25	corpus/win32/api/ddrawi/ns-ddrawi-ddcorecaps.md
ddcorecaps	dwRops	26	corpus/win32/api/ddrawi/ns-ddrawi-ddcorecaps.md
ddcorecaps	ddsCaps	27	corpus/win32/api/ddrawi/ns-ddrawi-ddcorecaps.md
ddcorecaps	dwMinOverlayStretch	28	corpus/win32/api/ddrawi/ns-ddrawi-ddcorecaps.md
ddcorecaps	dwMaxOverlayStretch	29	corpus/win32/api/ddrawi/ns-ddrawi-ddcorecaps.md
ddcorecaps	dwMinLiveVideoStretch	30	corpus/win32/api/ddrawi/ns-ddrawi-ddcorecaps.md
ddcorecaps	dwMaxLiveVideoStretch	31	corpus/win32/api/ddrawi/ns-ddrawi-ddcorecaps.md
ddcorecaps	dwMinHwCodecStretch	32	corpus/win32/api/ddrawi/ns-ddrawi-ddcorecaps.md
ddcorecaps	dwMaxHwCodecStretch	33	corpus/win32/api/ddrawi/ns-ddrawi-ddcorecaps.md
ddcorecaps	dwReserved1	34	corpus/win32/api/ddrawi/ns-ddrawi-ddcorecaps.md
ddcorecaps	dwReserved2	35	corpus/win32/api/ddrawi/ns-ddrawi-ddcorecaps.md
ddcorecaps	dwReserved3	36	corpus/win32/api/ddrawi/ns-ddrawi-ddcorecaps.md
ddcorecaps	dwSVBCaps	37	corpus/win32/api/ddrawi/ns-ddrawi-ddcorecaps.md
ddcorecaps	dwSVBCKeyCaps	38	corpus/win32/api/ddrawi/ns-ddrawi-ddcorecaps.md
ddcorecaps	dwSVBFXCaps	39	corpus/win32/api/ddrawi/ns-ddrawi-ddcorecaps.md
ddcorecaps	dwSVBRops	40	corpus/win32/api/ddrawi/ns-ddrawi-ddcorecaps.md
ddcorecaps	dwVSBCaps	41	corpus/win32/api/ddrawi/ns-ddrawi-ddcorecaps.md
ddcorecaps	dwVSBCKeyCaps	42	corpus/win32/api/ddrawi/ns-ddrawi-ddcorecaps.md
ddcorecaps	dwVSBFXCaps	43	corpus/win32/api/ddrawi/ns-ddrawi-ddcorecaps.md
ddcorecaps	dwVSBRops	44	corpus/win32/api/ddrawi/ns-ddrawi-ddcorecaps.md
ddcorecaps	dwSSBCaps	45	corpus/win32/api/ddrawi/ns-ddrawi-ddcorecaps.md
ddcorecaps	dwSSBCKeyCaps	46	corpus/win32/api/ddrawi/ns-ddrawi-ddcorecaps.md
ddcorecaps	dwSSBFXCaps	47	corpus/win32/api/ddrawi/ns-ddrawi-ddcorecaps.md
ddcorecaps	dwSSBRops	48	corpus/win32/api/ddrawi/ns-ddrawi-ddcorecaps.md
ddcorecaps	dwMaxVideoPorts	49	corpus/win32/api/ddrawi/ns-ddrawi-ddcorecaps.md
ddcorecaps	dwCurrVideoPorts	50	corpus/win32/api/ddrawi/ns-ddrawi-ddcorecaps.md
ddcorecaps	dwSVBCaps2	51	corpus/win32/api/ddrawi/ns-ddrawi-ddcorecaps.md
ddgammaramp	red	1	corpus/win32/api/ddraw/ns-ddraw-ddgammaramp.md
ddgammaramp	green	2	corpus/win32/api/ddraw/ns-ddraw-ddgammaramp.md
ddgammaramp	blue	3	corpus/win32/api/ddraw/ns-ddraw-ddgammaramp.md
ddhal_waitforverticalblankdata	lpDD	1	corpus/win32/api/ddrawi/ns-ddrawi-ddhal_waitforverticalblankdata.md
ddhal_waitforverticalblankdata	dwFlags	2	corpus/win32/api/ddrawi/ns-ddrawi-ddhal_waitforverticalblankdata.md
ddhal_waitforverticalblankdata	bIsInVB	3	corpus/win32/api/ddrawi/ns-ddrawi-ddhal_waitforverticalblankdata.md
ddhal_waitforverticalblankdata	hEvent	4	corpus/win32/api/ddrawi/ns-ddrawi-ddhal_waitforverticalblankdata.md
ddhal_waitforverticalblankdata	ddRVal	5	corpus/win32/api/ddrawi/ns-ddrawi-ddhal_waitforverticalblankdata.md
ddhal_waitforverticalblankdata	WaitForVerticalBlank	6	corpus/win32/api/ddrawi/ns-ddrawi-ddhal_waitforverticalblankdata.md
ddoverlayfx	dwSize	1	corpus/win32/api/ddraw/ns-ddraw-ddoverlayfx.md
ddoverlayfx	dwAlphaEdgeBlendBitDepth	2	corpus/win32/api/ddraw/ns-ddraw-ddoverlayfx.md
ddoverlayfx	dwAlphaEdgeBlend	3	corpus/win32/api/ddraw/ns-ddraw-ddoverlayfx.md
ddoverlayfx	dwReserved	4	corpus/win32/api/ddraw/ns-ddraw-ddoverlayfx.md
ddoverlayfx	dwAlphaDestConstBitDepth	5	corpus/win32/api/ddraw/ns-ddraw-ddoverlayfx.md
ddoverlayfx	dwAlphaSrcConstBitDepth	6	corpus/win32/api/ddraw/ns-ddraw-ddoverlayfx.md
ddoverlayfx	DUMMYUNIONNAMEN	7	corpus/win32/api/ddraw/ns-ddraw-ddoverlayfx.md
ddoverlayfx	dckDestColorkey	8	corpus/win32/api/ddraw/ns-ddraw-ddoverlayfx.md
ddoverlayfx	dckSrcColorkey	9	corpus/win32/api/ddraw/ns-ddraw-ddoverlayfx.md
ddoverlayfx	dwDDFX	10	corpus/win32/api/ddraw/ns-ddraw-ddoverlayfx.md
ddoverlayfx	dwFlags	11	corpus/win32/api/ddraw/ns-ddraw-ddoverlayfx.md
ddpixelformat	dwSize	1	corpus/win32/api/ddraw/ns-ddraw-ddpixelformat.md
ddpixelformat	dwFlags	2	corpus/win32/api/ddraw/ns-ddraw-ddpixelformat.md
ddpixelformat	dwFourCC	3	corpus/win32/api/ddraw/ns-ddraw-ddpixelformat.md
ddscaps	dwCaps	1	corpus/win32/api/ddraw/ns-ddraw-ddscaps.md
ddscaps2	dwCaps	1	corpus/win32/api/ddraw/ns-ddraw-ddscaps2.md
ddscaps2	dwCaps2	2	corpus/win32/api/ddraw/ns-ddraw-ddscaps2.md
ddscaps2	dwCaps3	3	corpus/win32/api/ddraw/ns-ddraw-ddscaps2.md
ddscaps2	DUMMYUNIONNAMEN	4	corpus/win32/api/ddraw/ns-ddraw-ddscaps2.md
ddsurfacedesc	dwSize	1	corpus/win32/api/ddraw/ns-ddraw-ddsurfacedesc.md
ddsurfacedesc	dwFlags	2	corpus/win32/api/ddraw/ns-ddraw-ddsurfacedesc.md
ddsurfacedesc	dwHeight	3	corpus/win32/api/ddraw/ns-ddraw-ddsurfacedesc.md
ddsurfacedesc	dwWidth	4	corpus/win32/api/ddraw/ns-ddraw-ddsurfacedesc.md
ddsurfacedesc	DUMMYUNIONNAMEN	5	corpus/win32/api/ddraw/ns-ddraw-ddsurfacedesc.md
ddsurfacedesc	dwBackBufferCount	6	corpus/win32/api/ddraw/ns-ddraw-ddsurfacedesc.md
ddsurfacedesc	dwAlphaBitDepth	7	corpus/win32/api/ddraw/ns-ddraw-ddsurfacedesc.md
ddsurfacedesc	dwReserved	8	corpus/win32/api/ddraw/ns-ddraw-ddsurfacedesc.md
ddsurfacedesc	lpSurface	9	corpus/win32/api/ddraw/ns-ddraw-ddsurfacedesc.md
ddsurfacedesc	ddckCKDestOverlay	10	corpus/win32/api/ddraw/ns-ddraw-ddsurfacedesc.md
ddsurfacedesc	ddckCKDestBlt	11	corpus/win32/api/ddraw/ns-ddraw-ddsurfacedesc.md
ddsurfacedesc	ddckCKSrcOverlay	12	corpus/win32/api/ddraw/ns-ddraw-ddsurfacedesc.md
ddsurfacedesc	ddckCKSrcBlt	13	corpus/win32/api/ddraw/ns-ddraw-ddsurfacedesc.md
ddsurfacedesc	ddpfPixelFormat	14	corpus/win32/api/ddraw/ns-ddraw-ddsurfacedesc.md
ddsurfacedesc	ddsCaps	15	corpus/win32/api/ddraw/ns-ddraw-ddsurfacedesc.md
ddsurfacedesc2	dwSize	1	corpus/win32/api/ddraw/ns-ddraw-ddsurfacedesc2.md
ddsurfacedesc2	dwFlags	2	corpus/win32/api/ddraw/ns-ddraw-ddsurfacedesc2.md
ddsurfacedesc2	dwHeight	3	corpus/win32/api/ddraw/ns-ddraw-ddsurfacedesc2.md
ddsurfacedesc2	dwWidth	4	corpus/win32/api/ddraw/ns-ddraw-ddsurfacedesc2.md
ddsurfacedesc2	DUMMYUNIONNAMEN	5	corpus/win32/api/ddraw/ns-ddraw-ddsurfacedesc2.md
ddsurfacedesc2	dwAlphaBitDepth	6	corpus/win32/api/ddraw/ns-ddraw-ddsurfacedesc2.md
ddsurfacedesc2	dwReserved	7	corpus/win32/api/ddraw/ns-ddraw-ddsurfacedesc2.md
ddsurfacedesc2	lpSurface	8	corpus/win32/api/ddraw/ns-ddraw-ddsurfacedesc2.md
ddsurfacedesc2	ddckCKDestBlt	9	corpus/win32/api/ddraw/ns-ddraw-ddsurfacedesc2.md
ddsurfacedesc2	ddckCKSrcOverlay	10	corpus/win32/api/ddraw/ns-ddraw-ddsurfacedesc2.md
ddsurfacedesc2	ddckCKSrcBlt	11	corpus/win32/api/ddraw/ns-ddraw-ddsurfacedesc2.md
ddsurfacedesc2	ddsCaps	12	corpus/win32/api/ddraw/ns-ddraw-ddsurfacedesc2.md
ddsurfacedesc2	dwTextureStage	13	corpus/win32/api/ddraw/ns-ddraw-ddsurfacedesc2.md
ddvideoportbandwidth	dwSize	1	corpus/win32/api/dvp/ns-dvp-ddvideoportbandwidth.md
ddvideoportbandwidth	dwCaps	2	corpus/win32/api/dvp/ns-dvp-ddvideoportbandwidth.md
ddvideoportbandwidth	dwOverlay	3	corpus/win32/api/dvp/ns-dvp-ddvideoportbandwidth.md
ddvideoportbandwidth	dwColorkey	4	corpus/win32/api/dvp/ns-dvp-ddvideoportbandwidth.md
ddvideoportbandwidth	dwYInterpolate	5	corpus/win32/api/dvp/ns-dvp-ddvideoportbandwidth.md
ddvideoportbandwidth	dwYInterpAndColorkey	6	corpus/win32/api/dvp/ns-dvp-ddvideoportbandwidth.md
ddvideoportbandwidth	dwReserved1	7	corpus/win32/api/dvp/ns-dvp-ddvideoportbandwidth.md
ddvideoportbandwidth	dwReserved2	8	corpus/win32/api/dvp/ns-dvp-ddvideoportbandwidth.md
ddvideoportcaps	dwSize	1	corpus/win32/api/dvp/ns-dvp-ddvideoportcaps.md
ddvideoportcaps	dwFlags	2	corpus/win32/api/dvp/ns-dvp-ddvideoportcaps.md
ddvideoportcaps	dwMaxWidth	3	corpus/win32/api/dvp/ns-dvp-ddvideoportcaps.md
ddvideoportcaps	dwMaxVBIWidth	4	corpus/win32/api/dvp/ns-dvp-ddvideoportcaps.md
ddvideoportcaps	dwMaxHeight	5	corpus/win32/api/dvp/ns-dvp-ddvideoportcaps.md
ddvideoportcaps	dwVideoPortID	6	corpus/win32/api/dvp/ns-dvp-ddvideoportcaps.md
ddvideoportcaps	dwCaps	7	corpus/win32/api/dvp/ns-dvp-ddvideoportcaps.md
ddvideoportcaps	dwFX	8	corpus/win32/api/dvp/ns-dvp-ddvideoportcaps.md
ddvideoportcaps	dwNumAutoFlipSurfaces	9	corpus/win32/api/dvp/ns-dvp-ddvideoportcaps.md
ddvideoportcaps	dwAlignVideoPortBoundary	10	corpus/win32/api/dvp/ns-dvp-ddvideoportcaps.md
ddvideoportcaps	dwAlignVideoPortPrescaleWidth	11	corpus/win32/api/dvp/ns-dvp-ddvideoportcaps.md
ddvideoportcaps	dwAlignVideoPortCropBoundary	12	corpus/win32/api/dvp/ns-dvp-ddvideoportcaps.md
ddvideoportcaps	dwAlignVideoPortCropWidth	13	corpus/win32/api/dvp/ns-dvp-ddvideoportcaps.md
ddvideoportcaps	dwPreshrinkXStep	14	corpus/win32/api/dvp/ns-dvp-ddvideoportcaps.md
ddvideoportcaps	dwPreshrinkYStep	15	corpus/win32/api/dvp/ns-dvp-ddvideoportcaps.md
ddvideoportcaps	dwNumVBIAutoFlipSurfaces	16	corpus/win32/api/dvp/ns-dvp-ddvideoportcaps.md
ddvideoportcaps	dwNumPreferredAutoflip	17	corpus/win32/api/dvp/ns-dvp-ddvideoportcaps.md
ddvideoportcaps	wNumFilterTapsX	18	corpus/win32/api/dvp/ns-dvp-ddvideoportcaps.md
ddvideoportcaps	wNumFilterTapsY	19	corpus/win32/api/dvp/ns-dvp-ddvideoportcaps.md
ddvideoportdesc	dwSize	1	corpus/win32/api/dvp/ns-dvp-ddvideoportdesc.md
ddvideoportdesc	dwFieldWidth	2	corpus/win32/api/dvp/ns-dvp-ddvideoportdesc.md
ddvideoportdesc	dwVBIWidth	3	corpus/win32/api/dvp/ns-dvp-ddvideoportdesc.md
ddvideoportdesc	dwFieldHeight	4	corpus/win32/api/dvp/ns-dvp-ddvideoportdesc.md
ddvideoportdesc	dwMicrosecondsPerField	5	corpus/win32/api/dvp/ns-dvp-ddvideoportdesc.md
ddvideoportdesc	dwMaxPixelsPerSecond	6	corpus/win32/api/dvp/ns-dvp-ddvideoportdesc.md
ddvideoportdesc	dwVideoPortID	7	corpus/win32/api/dvp/ns-dvp-ddvideoportdesc.md
ddvideoportdesc	dwReserved1	8	corpus/win32/api/dvp/ns-dvp-ddvideoportdesc.md
ddvideoportdesc	VideoPortType	9	corpus/win32/api/dvp/ns-dvp-ddvideoportdesc.md
ddvideoportdesc	dwReserved2	10	corpus/win32/api/dvp/ns-dvp-ddvideoportdesc.md
ddvideoportdesc	dwReserved3	11	corpus/win32/api/dvp/ns-dvp-ddvideoportdesc.md
ddvideoportinfo	dwSize	1	corpus/win32/api/dvp/ns-dvp-ddvideoportinfo.md
ddvideoportinfo	dwOriginX	2	corpus/win32/api/dvp/ns-dvp-ddvideoportinfo.md
ddvideoportinfo	dwOriginY	3	corpus/win32/api/dvp/ns-dvp-ddvideoportinfo.md
ddvideoportinfo	dwVPFlags	4	corpus/win32/api/dvp/ns-dvp-ddvideoportinfo.md
ddvideoportinfo	rCrop	5	corpus/win32/api/dvp/ns-dvp-ddvideoportinfo.md
ddvideoportinfo	dwPrescaleWidth	6	corpus/win32/api/dvp/ns-dvp-ddvideoportinfo.md
ddvideoportinfo	dwPrescaleHeight	7	corpus/win32/api/dvp/ns-dvp-ddvideoportinfo.md
ddvideoportinfo	lpddpfInputFormat	8	corpus/win32/api/dvp/ns-dvp-ddvideoportinfo.md
ddvideoportinfo	lpddpfVBIInputFormat	9	corpus/win32/api/dvp/ns-dvp-ddvideoportinfo.md
ddvideoportinfo	lpddpfVBIOutputFormat	10	corpus/win32/api/dvp/ns-dvp-ddvideoportinfo.md
ddvideoportinfo	dwVBIHeight	11	corpus/win32/api/dvp/ns-dvp-ddvideoportinfo.md
ddvideoportinfo	dwReserved1	12	corpus/win32/api/dvp/ns-dvp-ddvideoportinfo.md
ddvideoportinfo	dwReserved2	13	corpus/win32/api/dvp/ns-dvp-ddvideoportinfo.md
debug_event	dwDebugEventCode	1	corpus/win32/api/minwinbase/ns-minwinbase-debug_event.md
debug_event	dwProcessId	2	corpus/win32/api/minwinbase/ns-minwinbase-debug_event.md
debug_event	dwThreadId	3	corpus/win32/api/minwinbase/ns-minwinbase-debug_event.md
debug_event	u	4	corpus/win32/api/minwinbase/ns-minwinbase-debug_event.md
deleteitemstruct	CtlType	1	corpus/win32/api/winuser/ns-winuser-deleteitemstruct.md
deleteitemstruct	CtlID	2	corpus/win32/api/winuser/ns-winuser-deleteitemstruct.md
deleteitemstruct	itemID	3	corpus/win32/api/winuser/ns-winuser-deleteitemstruct.md
deleteitemstruct	hwndItem	4	corpus/win32/api/winuser/ns-winuser-deleteitemstruct.md
deleteitemstruct	itemData	5	corpus/win32/api/winuser/ns-winuser-deleteitemstruct.md
desckind	DESCKIND_FUNCDESC	1	corpus/win32/api/oaidl/ne-oaidl-desckind.md
desckind	DESCKIND_VARDESC	2	corpus/win32/api/oaidl/ne-oaidl-desckind.md
desckind	DESCKIND_TYPECOMP	3	corpus/win32/api/oaidl/ne-oaidl-desckind.md
desckind	DESCKIND_IMPLICITAPPOBJ	4	corpus/win32/api/oaidl/ne-oaidl-desckind.md
desckind	DESCKIND_MAX	5	corpus/win32/api/oaidl/ne-oaidl-desckind.md
devinfo	flGraphicsCaps	1	corpus/win32/api/winddi/ns-winddi-devinfo.md
devinfo	lfDefaultFont	2	corpus/win32/api/winddi/ns-winddi-devinfo.md
devinfo	lfAnsiVarFont	3	corpus/win32/api/winddi/ns-winddi-devinfo.md
devinfo	lfAnsiFixFont	4	corpus/win32/api/winddi/ns-winddi-devinfo.md
devinfo	cFonts	5	corpus/win32/api/winddi/ns-winddi-devinfo.md
devinfo	iDitherFormat	6	corpus/win32/api/winddi/ns-winddi-devinfo.md
devinfo	cxDither	7	corpus/win32/api/winddi/ns-winddi-devinfo.md
devinfo	hpalDefault	8	corpus/win32/api/winddi/ns-winddi-devinfo.md
devinfo	flGraphicsCaps2	9	corpus/win32/api/winddi/ns-winddi-devinfo.md
devmodea	dmDeviceName	1	corpus/win32/api/wingdi/ns-wingdi-devmodea.md
devmodea	dmSpecVersion	2	corpus/win32/api/wingdi/ns-wingdi-devmodea.md
devmodea	dmDriverVersion	3	corpus/win32/api/wingdi/ns-wingdi-devmodea.md
devmodea	dmSize	4	corpus/win32/api/wingdi/ns-wingdi-devmodea.md
devmodea	dmDriverExtra	5	corpus/win32/api/wingdi/ns-wingdi-devmodea.md
devmodea	dmFields	6	corpus/win32/api/wingdi/ns-wingdi-devmodea.md
devmodea	DUMMYUNIONNAME	7	corpus/win32/api/wingdi/ns-wingdi-devmodea.md
devmodea	dmColor	8	corpus/win32/api/wingdi/ns-wingdi-devmodea.md
devmodea	dmDuplex	9	corpus/win32/api/wingdi/ns-wingdi-devmodea.md
devmodea	dmYResolution	10	corpus/win32/api/wingdi/ns-wingdi-devmodea.md
devmodea	dmTTOption	11	corpus/win32/api/wingdi/ns-wingdi-devmodea.md
devmodea	dmCollate	12	corpus/win32/api/wingdi/ns-wingdi-devmodea.md
devmodea	dmFormName	13	corpus/win32/api/wingdi/ns-wingdi-devmodea.md
devmodea	dmLogPixels	14	corpus/win32/api/wingdi/ns-wingdi-devmodea.md
devmodea	dmBitsPerPel	15	corpus/win32/api/wingdi/ns-wingdi-devmodea.md
devmodea	dmPelsWidth	16	corpus/win32/api/wingdi/ns-wingdi-devmodea.md
devmodea	dmPelsHeight	17	corpus/win32/api/wingdi/ns-wingdi-devmodea.md
devmodea	DUMMYUNIONNAME2	18	corpus/win32/api/wingdi/ns-wingdi-devmodea.md
devmodea	dmDisplayFrequency	19	corpus/win32/api/wingdi/ns-wingdi-devmodea.md
devmodea	dmICMMethod	20	corpus/win32/api/wingdi/ns-wingdi-devmodea.md
devmodea	dmICMIntent	21	corpus/win32/api/wingdi/ns-wingdi-devmodea.md
devmodea	dmMediaType	22	corpus/win32/api/wingdi/ns-wingdi-devmodea.md
devmodea	dmDitherType	23	corpus/win32/api/wingdi/ns-wingdi-devmodea.md
devmodea	dmReserved1	24	corpus/win32/api/wingdi/ns-wingdi-devmodea.md
devmodea	dmReserved2	25	corpus/win32/api/wingdi/ns-wingdi-devmodea.md
devmodea	dmPanningWidth	26	corpus/win32/api/wingdi/ns-wingdi-devmodea.md
devmodea	dmPanningHeight	27	corpus/win32/api/wingdi/ns-wingdi-devmodea.md
devmodew	dmDeviceName	1	corpus/win32/api/wingdi/ns-wingdi-devmodew.md
devmodew	dmSpecVersion	2	corpus/win32/api/wingdi/ns-wingdi-devmodew.md
devmodew	dmDriverVersion	3	corpus/win32/api/wingdi/ns-wingdi-devmodew.md
devmodew	dmSize	4	corpus/win32/api/wingdi/ns-wingdi-devmodew.md
devmodew	dmDriverExtra	5	corpus/win32/api/wingdi/ns-wingdi-devmodew.md
devmodew	dmFields	6	corpus/win32/api/wingdi/ns-wingdi-devmodew.md
devmodew	DUMMYUNIONNAME	7	corpus/win32/api/wingdi/ns-wingdi-devmodew.md
devmodew	dmColor	8	corpus/win32/api/wingdi/ns-wingdi-devmodew.md
devmodew	dmDuplex	9	corpus/win32/api/wingdi/ns-wingdi-devmodew.md
devmodew	dmYResolution	10	corpus/win32/api/wingdi/ns-wingdi-devmodew.md
devmodew	dmTTOption	11	corpus/win32/api/wingdi/ns-wingdi-devmodew.md
devmodew	dmCollate	12	corpus/win32/api/wingdi/ns-wingdi-devmodew.md
devmodew	dmFormName	13	corpus/win32/api/wingdi/ns-wingdi-devmodew.md
devmodew	dmLogPixels	14	corpus/win32/api/wingdi/ns-wingdi-devmodew.md
devmodew	dmBitsPerPel	15	corpus/win32/api/wingdi/ns-wingdi-devmodew.md
devmodew	dmPelsWidth	16	corpus/win32/api/wingdi/ns-wingdi-devmodew.md
devmodew	dmPelsHeight	17	corpus/win32/api/wingdi/ns-wingdi-devmodew.md
devmodew	DUMMYUNIONNAME2	18	corpus/win32/api/wingdi/ns-wingdi-devmodew.md
devmodew	dmDisplayFrequency	19	corpus/win32/api/wingdi/ns-wingdi-devmodew.md
devmodew	dmICMMethod	20	corpus/win32/api/wingdi/ns-wingdi-devmodew.md
devmodew	dmICMIntent	21	corpus/win32/api/wingdi/ns-wingdi-devmodew.md
devmodew	dmMediaType	22	corpus/win32/api/wingdi/ns-wingdi-devmodew.md
devmodew	dmDitherType	23	corpus/win32/api/wingdi/ns-wingdi-devmodew.md
devmodew	dmReserved1	24	corpus/win32/api/wingdi/ns-wingdi-devmodew.md
devmodew	dmReserved2	25	corpus/win32/api/wingdi/ns-wingdi-devmodew.md
devmodew	dmPanningWidth	26	corpus/win32/api/wingdi/ns-wingdi-devmodew.md
devmodew	dmPanningHeight	27	corpus/win32/api/wingdi/ns-wingdi-devmodew.md
devnames	wDriverOffset	1	corpus/win32/api/commdlg/ns-commdlg-devnames.md
devnames	wDeviceOffset	2	corpus/win32/api/commdlg/ns-commdlg-devnames.md
devnames	wOutputOffset	3	corpus/win32/api/commdlg/ns-commdlg-devnames.md
devnames	wDefault	4	corpus/win32/api/commdlg/ns-commdlg-devnames.md
dibsection	dsBm	1	corpus/win32/api/wingdi/ns-wingdi-dibsection.md
dibsection	dsBmih	2	corpus/win32/api/wingdi/ns-wingdi-dibsection.md
dibsection	dsBitfields	3	corpus/win32/api/wingdi/ns-wingdi-dibsection.md
dibsection	dshSection	4	corpus/win32/api/wingdi/ns-wingdi-dibsection.md
dibsection	dsOffset	5	corpus/win32/api/wingdi/ns-wingdi-dibsection.md
discdlgstructa	cbStructure	1	corpus/win32/api/winnetwk/ns-winnetwk-discdlgstructa.md
discdlgstructa	hwndOwner	2	corpus/win32/api/winnetwk/ns-winnetwk-discdlgstructa.md
discdlgstructa	lpLocalName	3	corpus/win32/api/winnetwk/ns-winnetwk-discdlgstructa.md
discdlgstructa	lpRemoteName	4	corpus/win32/api/winnetwk/ns-winnetwk-discdlgstructa.md
discdlgstructa	dwFlags	5	corpus/win32/api/winnetwk/ns-winnetwk-discdlgstructa.md
discdlgstructw	cbStructure	1	corpus/win32/api/winnetwk/ns-winnetwk-discdlgstructw.md
discdlgstructw	hwndOwner	2	corpus/win32/api/winnetwk/ns-winnetwk-discdlgstructw.md
discdlgstructw	lpLocalName	3	corpus/win32/api/winnetwk/ns-winnetwk-discdlgstructw.md
discdlgstructw	lpRemoteName	4	corpus/win32/api/winnetwk/ns-winnetwk-discdlgstructw.md
discdlgstructw	dwFlags	5	corpus/win32/api/winnetwk/ns-winnetwk-discdlgstructw.md
display_devicea	cb	1	corpus/win32/api/wingdi/ns-wingdi-display_devicea.md
display_devicea	DeviceName	2	corpus/win32/api/wingdi/ns-wingdi-display_devicea.md
display_devicea	DeviceString	3	corpus/win32/api/wingdi/ns-wingdi-display_devicea.md
display_devicea	StateFlags	4	corpus/win32/api/wingdi/ns-wingdi-display_devicea.md
display_devicea	DeviceID	5	corpus/win32/api/wingdi/ns-wingdi-display_devicea.md
display_devicea	DeviceKey	6	corpus/win32/api/wingdi/ns-wingdi-display_devicea.md
display_devicew	cb	1	corpus/win32/api/wingdi/ns-wingdi-display_devicew.md
display_devicew	DeviceName	2	corpus/win32/api/wingdi/ns-wingdi-display_devicew.md
display_devicew	DeviceString	3	corpus/win32/api/wingdi/ns-wingdi-display_devicew.md
display_devicew	StateFlags	4	corpus/win32/api/wingdi/ns-wingdi-display_devicew.md
display_devicew	DeviceID	5	corpus/win32/api/wingdi/ns-wingdi-display_devicew.md
display_devicew	DeviceKey	6	corpus/win32/api/wingdi/ns-wingdi-display_devicew.md
dispparams	rgvarg	1	corpus/win32/api/oaidl/ns-oaidl-dispparams.md
dispparams	rgdispidNamedArgs	2	corpus/win32/api/oaidl/ns-oaidl-dispparams.md
dispparams	cArgs	3	corpus/win32/api/oaidl/ns-oaidl-dispparams.md
dispparams	cNamedArgs	4	corpus/win32/api/oaidl/ns-oaidl-dispparams.md
dlgitemtemplate	style	1	corpus/win32/api/winuser/ns-winuser-dlgitemtemplate.md
dlgitemtemplate	dwExtendedStyle	2	corpus/win32/api/winuser/ns-winuser-dlgitemtemplate.md
dlgitemtemplate	x	3	corpus/win32/api/winuser/ns-winuser-dlgitemtemplate.md
dlgitemtemplate	y	4	corpus/win32/api/winuser/ns-winuser-dlgitemtemplate.md
dlgitemtemplate	cx	5	corpus/win32/api/winuser/ns-winuser-dlgitemtemplate.md
dlgitemtemplate	cy	6	corpus/win32/api/winuser/ns-winuser-dlgitemtemplate.md
dlgitemtemplate	id	7	corpus/win32/api/winuser/ns-winuser-dlgitemtemplate.md
dlgtemplate	style	1	corpus/win32/api/winuser/ns-winuser-dlgtemplate.md
dlgtemplate	dwExtendedStyle	2	corpus/win32/api/winuser/ns-winuser-dlgtemplate.md
dlgtemplate	cdit	3	corpus/win32/api/winuser/ns-winuser-dlgtemplate.md
dlgtemplate	x	4	corpus/win32/api/winuser/ns-winuser-dlgtemplate.md
dlgtemplate	y	5	corpus/win32/api/winuser/ns-winuser-dlgtemplate.md
dlgtemplate	cx	6	corpus/win32/api/winuser/ns-winuser-dlgtemplate.md
dlgtemplate	cy	7	corpus/win32/api/winuser/ns-winuser-dlgtemplate.md
dmo_media_type	majortype	1	corpus/win32/api/mediaobj/ns-mediaobj-dmo_media_type.md
dmo_media_type	subtype	2	corpus/win32/api/mediaobj/ns-mediaobj-dmo_media_type.md
dmo_media_type	bFixedSizeSamples	3	corpus/win32/api/mediaobj/ns-mediaobj-dmo_media_type.md
dmo_media_type	bTemporalCompression	4	corpus/win32/api/mediaobj/ns-mediaobj-dmo_media_type.md
dmo_media_type	lSampleSize	5	corpus/win32/api/mediaobj/ns-mediaobj-dmo_media_type.md
dmo_media_type	formattype	6	corpus/win32/api/mediaobj/ns-mediaobj-dmo_media_type.md
dmo_media_type	pUnk	7	corpus/win32/api/mediaobj/ns-mediaobj-dmo_media_type.md
dmo_media_type	cbFormat	8	corpus/win32/api/mediaobj/ns-mediaobj-dmo_media_type.md
dmo_media_type	pbFormat	9	corpus/win32/api/mediaobj/ns-mediaobj-dmo_media_type.md
dmo_output_data_buffer	pBuffer	1	corpus/win32/api/mediaobj/ns-mediaobj-dmo_output_data_buffer.md
dmo_output_data_buffer	dwStatus	2	corpus/win32/api/mediaobj/ns-mediaobj-dmo_output_data_buffer.md
dmo_output_data_buffer	rtTimestamp	3	corpus/win32/api/mediaobj/ns-mediaobj-dmo_output_data_buffer.md
dmo_output_data_buffer	rtTimelength	4	corpus/win32/api/mediaobj/ns-mediaobj-dmo_output_data_buffer.md
dmo_partial_mediatype	type	1	corpus/win32/api/dmoreg/ns-dmoreg-dmo_partial_mediatype.md
dmo_partial_mediatype	subtype	2	corpus/win32/api/dmoreg/ns-dmoreg-dmo_partial_mediatype.md
dns_a_data	IpAddress	1	corpus/win32/api/windnsdef/ns-windnsdef-dns_a_data.md
dns_aaaa_data	Ip6Address	1	corpus/win32/api/windnsdef/ns-windnsdef-dns_aaaa_data.md
dns_atma_data	AddressType	1	corpus/win32/api/windnsdef/ns-windnsdef-dns_atma_data.md
dns_atma_data	Address	2	corpus/win32/api/windnsdef/ns-windnsdef-dns_atma_data.md
dns_header	Xid	1	corpus/win32/api/windnsdef/ns-windnsdef-dns_header.md
dns_header	RecursionDesired	2	corpus/win32/api/windnsdef/ns-windnsdef-dns_header.md
dns_header	Truncation	3	corpus/win32/api/windnsdef/ns-windnsdef-dns_header.md
dns_header	Authoritative	4	corpus/win32/api/windnsdef/ns-windnsdef-dns_header.md
dns_header	Opcode	5	corpus/win32/api/windnsdef/ns-windnsdef-dns_header.md
dns_header	IsResponse	6	corpus/win32/api/windnsdef/ns-windnsdef-dns_header.md
dns_header	ResponseCode	7	corpus/win32/api/windnsdef/ns-windnsdef-dns_header.md
dns_header	CheckingDisabled	8	corpus/win32/api/windnsdef/ns-windnsdef-dns_header.md
dns_header	AuthenticatedData	9	corpus/win32/api/windnsdef/ns-windnsdef-dns_header.md
dns_header	Reserved	10	corpus/win32/api/windnsdef/ns-windnsdef-dns_header.md
dns_header	RecursionAvailable	11	corpus/win32/api/windnsdef/ns-windnsdef-dns_header.md
dns_header	QuestionCount	12	corpus/win32/api/windnsdef/ns-windnsdef-dns_header.md
dns_header	AnswerCount	13	corpus/win32/api/windnsdef/ns-windnsdef-dns_header.md
dns_header	NameServerCount	14	corpus/win32/api/windnsdef/ns-windnsdef-dns_header.md
dns_header	AdditionalCount	15	corpus/win32/api/windnsdef/ns-windnsdef-dns_header.md
dns_key_data	wFlags	1	corpus/win32/api/windnsdef/ns-windnsdef-dns_key_data.md
dns_key_data	chProtocol	2	corpus/win32/api/windnsdef/ns-windnsdef-dns_key_data.md
dns_key_data	chAlgorithm	3	corpus/win32/api/windnsdef/ns-windnsdef-dns_key_data.md
dns_key_data	wKeyLength	4	corpus/win32/api/windnsdef/ns-windnsdef-dns_key_data.md
dns_key_data	wPad	5	corpus/win32/api/windnsdef/ns-windnsdef-dns_key_data.md
dns_key_data	size_is	6	corpus/win32/api/windnsdef/ns-windnsdef-dns_key_data.md
dns_key_data	Key	7	corpus/win32/api/windnsdef/ns-windnsdef-dns_key_data.md
dns_loc_data	wVersion	1	corpus/win32/api/windnsdef/ns-windnsdef-dns_loc_data.md
dns_loc_data	wSize	2	corpus/win32/api/windnsdef/ns-windnsdef-dns_loc_data.md
dns_loc_data	wHorPrec	3	corpus/win32/api/windnsdef/ns-windnsdef-dns_loc_data.md
dns_loc_data	wVerPrec	4	corpus/win32/api/windnsdef/ns-windnsdef-dns_loc_data.md
dns_loc_data	dwLatitude	5	corpus/win32/api/windnsdef/ns-windnsdef-dns_loc_data.md
dns_loc_data	dwLongitude	6	corpus/win32/api/windnsdef/ns-windnsdef-dns_loc_data.md
dns_loc_data	dwAltitude	7	corpus/win32/api/windnsdef/ns-windnsdef-dns_loc_data.md
dns_message_buffer	MessageHead	1	corpus/win32/api/windnsdef/ns-windnsdef-dns_message_buffer.md
dns_message_buffer	MessageBody	2	corpus/win32/api/windnsdef/ns-windnsdef-dns_message_buffer.md
dns_minfo_dataa	pNameMailbox	1	corpus/win32/api/windnsdef/ns-windnsdef-dns_minfo_dataa.md
dns_minfo_dataa	pNameErrorsMailbox	2	corpus/win32/api/windnsdef/ns-windnsdef-dns_minfo_dataa.md
dns_minfo_dataw	pNameMailbox	1	corpus/win32/api/windnsdef/ns-windnsdef-dns_minfo_dataw.md
dns_minfo_dataw	pNameErrorsMailbox	2	corpus/win32/api/windnsdef/ns-windnsdef-dns_minfo_dataw.md
dns_mx_dataa	pNameExchange	1	corpus/win32/api/windnsdef/ns-windnsdef-dns_mx_dataa.md
dns_mx_dataa	wPreference	2	corpus/win32/api/windnsdef/ns-windnsdef-dns_mx_dataa.md
dns_mx_dataa	Pad	3	corpus/win32/api/windnsdef/ns-windnsdef-dns_mx_dataa.md
dns_mx_dataw	pNameExchange	1	corpus/win32/api/windnsdef/ns-windnsdef-dns_mx_dataw.md
dns_mx_dataw	wPreference	2	corpus/win32/api/windnsdef/ns-windnsdef-dns_mx_dataw.md
dns_mx_dataw	Pad	3	corpus/win32/api/windnsdef/ns-windnsdef-dns_mx_dataw.md
dns_null_data	dwByteCount	1	corpus/win32/api/windnsdef/ns-windnsdef-dns_null_data.md
dns_null_data	size_is	2	corpus/win32/api/windnsdef/ns-windnsdef-dns_null_data.md
dns_null_data	Data	3	corpus/win32/api/windnsdef/ns-windnsdef-dns_null_data.md
dns_nxt_dataa	pNameNext	1	corpus/win32/api/windnsdef/ns-windnsdef-dns_nxt_dataa.md
dns_nxt_dataa	wNumTypes	2	corpus/win32/api/windnsdef/ns-windnsdef-dns_nxt_dataa.md
dns_nxt_dataa	size_is	3	corpus/win32/api/windnsdef/ns-windnsdef-dns_nxt_dataa.md
dns_nxt_dataa	wTypes	4	corpus/win32/api/windnsdef/ns-windnsdef-dns_nxt_dataa.md
dns_nxt_dataw	pNameNext	1	corpus/win32/api/windnsdef/ns-windnsdef-dns_nxt_dataw.md
dns_nxt_dataw	wNumTypes	2	corpus/win32/api/windnsdef/ns-windnsdef-dns_nxt_dataw.md
dns_nxt_dataw	size_is	3	corpus/win32/api/windnsdef/ns-windnsdef-dns_nxt_dataw.md
dns_nxt_dataw	wTypes	4	corpus/win32/api/windnsdef/ns-windnsdef-dns_nxt_dataw.md
dns_ptr_dataa	pNameHost	1	corpus/win32/api/windnsdef/ns-windnsdef-dns_ptr_dataa.md
dns_ptr_dataw	pNameHost	1	corpus/win32/api/windnsdef/ns-windnsdef-dns_ptr_dataw.md
dns_record_flags	Section	1	corpus/win32/api/windnsdef/ns-windnsdef-dns_record_flags.md
dns_record_flags	Delete	2	corpus/win32/api/windnsdef/ns-windnsdef-dns_record_flags.md
dns_record_flags	CharSet	3	corpus/win32/api/windnsdef/ns-windnsdef-dns_record_flags.md
dns_record_flags	Unused	4	corpus/win32/api/windnsdef/ns-windnsdef-dns_record_flags.md
dns_record_flags	Reserved	5	corpus/win32/api/windnsdef/ns-windnsdef-dns_record_flags.md
dns_recorda	pNext	1	corpus/win32/api/windnsdef/ns-windnsdef-dns_recorda.md
dns_recorda	pName	2	corpus/win32/api/windnsdef/ns-windnsdef-dns_recorda.md
dns_recorda	wType	3	corpus/win32/api/windnsdef/ns-windnsdef-dns_recorda.md
dns_recorda	wDataLength	4	corpus/win32/api/windnsdef/ns-windnsdef-dns_recorda.md
dns_recorda	Flags	5	corpus/win32/api/windnsdef/ns-windnsdef-dns_recorda.md
dns_recorda	dwTtl	6	corpus/win32/api/windnsdef/ns-windnsdef-dns_recorda.md
dns_recorda	dwReserved	7	corpus/win32/api/windnsdef/ns-windnsdef-dns_recorda.md
dns_recorda	Data	8	corpus/win32/api/windnsdef/ns-windnsdef-dns_recorda.md
dns_recordw	pNext	1	corpus/win32/api/windnsdef/ns-windnsdef-dns_recordw.md
dns_recordw	pName	2	corpus/win32/api/windnsdef/ns-windnsdef-dns_recordw.md
dns_recordw	wType	3	corpus/win32/api/windnsdef/ns-windnsdef-dns_recordw.md
dns_recordw	wDataLength	4	corpus/win32/api/windnsdef/ns-windnsdef-dns_recordw.md
dns_recordw	Flags	5	corpus/win32/api/windnsdef/ns-windnsdef-dns_recordw.md
dns_recordw	dwTtl	6	corpus/win32/api/windnsdef/ns-windnsdef-dns_recordw.md
dns_recordw	dwReserved	7	corpus/win32/api/windnsdef/ns-windnsdef-dns_recordw.md
dns_recordw	Data	8	corpus/win32/api/windnsdef/ns-windnsdef-dns_recordw.md
dns_rrset	pFirstRR	1	corpus/win32/api/windns/ns-windns-dns_rrset.md
dns_rrset	pLastRR	2	corpus/win32/api/windns/ns-windns-dns_rrset.md
dns_sig_dataa	wTypeCovered	1	corpus/win32/api/windnsdef/ns-windnsdef-dns_sig_dataa.md
dns_sig_dataa	chAlgorithm	2	corpus/win32/api/windnsdef/ns-windnsdef-dns_sig_dataa.md
dns_sig_dataa	chLabelCount	3	corpus/win32/api/windnsdef/ns-windnsdef-dns_sig_dataa.md
dns_sig_dataa	dwOriginalTtl	4	corpus/win32/api/windnsdef/ns-windnsdef-dns_sig_dataa.md
dns_sig_dataa	dwExpiration	5	corpus/win32/api/windnsdef/ns-windnsdef-dns_sig_dataa.md
dns_sig_dataa	dwTimeSigned	6	corpus/win32/api/windnsdef/ns-windnsdef-dns_sig_dataa.md
dns_sig_dataa	wKeyTag	7	corpus/win32/api/windnsdef/ns-windnsdef-dns_sig_dataa.md
dns_sig_dataa	wSignatureLength	8	corpus/win32/api/windnsdef/ns-windnsdef-dns_sig_dataa.md
dns_sig_dataa	size_is	9	corpus/win32/api/windnsdef/ns-windnsdef-dns_sig_dataa.md
dns_sig_dataa	Signature	10	corpus/win32/api/windnsdef/ns-windnsdef-dns_sig_dataa.md
dns_sig_dataw	wTypeCovered	1	corpus/win32/api/windnsdef/ns-windnsdef-dns_sig_dataw.md
dns_sig_dataw	chAlgorithm	2	corpus/win32/api/windnsdef/ns-windnsdef-dns_sig_dataw.md
dns_sig_dataw	chLabelCount	3	corpus/win32/api/windnsdef/ns-windnsdef-dns_sig_dataw.md
dns_sig_dataw	dwOriginalTtl	4	corpus/win32/api/windnsdef/ns-windnsdef-dns_sig_dataw.md
dns_sig_dataw	dwExpiration	5	corpus/win32/api/windnsdef/ns-windnsdef-dns_sig_dataw.md
dns_sig_dataw	dwTimeSigned	6	corpus/win32/api/windnsdef/ns-windnsdef-dns_sig_dataw.md
dns_sig_dataw	wKeyTag	7	corpus/win32/api/windnsdef/ns-windnsdef-dns_sig_dataw.md
dns_sig_dataw	wSignatureLength	8	corpus/win32/api/windnsdef/ns-windnsdef-dns_sig_dataw.md
dns_sig_dataw	size_is	9	corpus/win32/api/windnsdef/ns-windnsdef-dns_sig_dataw.md
dns_sig_dataw	Signature	10	corpus/win32/api/windnsdef/ns-windnsdef-dns_sig_dataw.md
dns_soa_dataa	pNamePrimaryServer	1	corpus/win32/api/windnsdef/ns-windnsdef-dns_soa_dataa.md
dns_soa_dataa	pNameAdministrator	2	corpus/win32/api/windnsdef/ns-windnsdef-dns_soa_dataa.md
dns_soa_dataa	dwSerialNo	3	corpus/win32/api/windnsdef/ns-windnsdef-dns_soa_dataa.md
dns_soa_dataa	dwRefresh	4	corpus/win32/api/windnsdef/ns-windnsdef-dns_soa_dataa.md
dns_soa_dataa	dwRetry	5	corpus/win32/api/windnsdef/ns-windnsdef-dns_soa_dataa.md
dns_soa_dataa	dwExpire	6	corpus/win32/api/windnsdef/ns-windnsdef-dns_soa_dataa.md
dns_soa_dataa	dwDefaultTtl	7	corpus/win32/api/windnsdef/ns-windnsdef-dns_soa_dataa.md
dns_soa_dataw	pNamePrimaryServer	1	corpus/win32/api/windnsdef/ns-windnsdef-dns_soa_dataw.md
dns_soa_dataw	pNameAdministrator	2	corpus/win32/api/windnsdef/ns-windnsdef-dns_soa_dataw.md
dns_soa_dataw	dwSerialNo	3	corpus/win32/api/windnsdef/ns-windnsdef-dns_soa_dataw.md
dns_soa_dataw	dwRefresh	4	corpus/win32/api/windnsdef/ns-windnsdef-dns_soa_dataw.md
dns_soa_dataw	dwRetry	5	corpus/win32/api/windnsdef/ns-windnsdef-dns_soa_dataw.md
dns_soa_dataw	dwExpire	6	corpus/win32/api/windnsdef/ns-windnsdef-dns_soa_dataw.md
dns_soa_dataw	dwDefaultTtl	7	corpus/win32/api/windnsdef/ns-windnsdef-dns_soa_dataw.md
dns_srv_dataa	pNameTarget	1	corpus/win32/api/windnsdef/ns-windnsdef-dns_srv_dataa.md
dns_srv_dataa	wPriority	2	corpus/win32/api/windnsdef/ns-windnsdef-dns_srv_dataa.md
dns_srv_dataa	wWeight	3	corpus/win32/api/windnsdef/ns-windnsdef-dns_srv_dataa.md
dns_srv_dataa	wPort	4	corpus/win32/api/windnsdef/ns-windnsdef-dns_srv_dataa.md
dns_srv_dataa	Pad	5	corpus/win32/api/windnsdef/ns-windnsdef-dns_srv_dataa.md
dns_srv_dataw	pNameTarget	1	corpus/win32/api/windnsdef/ns-windnsdef-dns_srv_dataw.md
dns_srv_dataw	wPriority	2	corpus/win32/api/windnsdef/ns-windnsdef-dns_srv_dataw.md
dns_srv_dataw	wWeight	3	corpus/win32/api/windnsdef/ns-windnsdef-dns_srv_dataw.md
dns_srv_dataw	wPort	4	corpus/win32/api/windnsdef/ns-windnsdef-dns_srv_dataw.md
dns_srv_dataw	Pad	5	corpus/win32/api/windnsdef/ns-windnsdef-dns_srv_dataw.md
dns_tkey_dataa	pNameAlgorithm	1	corpus/win32/api/windnsdef/ns-windnsdef-dns_tkey_dataa.md
dns_tkey_dataa	pAlgorithmPacket	2	corpus/win32/api/windnsdef/ns-windnsdef-dns_tkey_dataa.md
dns_tkey_dataa	pKey	3	corpus/win32/api/windnsdef/ns-windnsdef-dns_tkey_dataa.md
dns_tkey_dataa	pOtherData	4	corpus/win32/api/windnsdef/ns-windnsdef-dns_tkey_dataa.md
dns_tkey_dataa	dwCreateTime	5	corpus/win32/api/windnsdef/ns-windnsdef-dns_tkey_dataa.md
dns_tkey_dataa	dwExpireTime	6	corpus/win32/api/windnsdef/ns-windnsdef-dns_tkey_dataa.md
dns_tkey_dataa	wMode	7	corpus/win32/api/windnsdef/ns-windnsdef-dns_tkey_dataa.md
dns_tkey_dataa	wError	8	corpus/win32/api/windnsdef/ns-windnsdef-dns_tkey_dataa.md
dns_tkey_dataa	wKeyLength	9	corpus/win32/api/windnsdef/ns-windnsdef-dns_tkey_dataa.md
dns_tkey_dataa	wOtherLength	10	corpus/win32/api/windnsdef/ns-windnsdef-dns_tkey_dataa.md
dns_tkey_dataa	cAlgNameLength	11	corpus/win32/api/windnsdef/ns-windnsdef-dns_tkey_dataa.md
dns_tkey_dataa	bPacketPointers	12	corpus/win32/api/windnsdef/ns-windnsdef-dns_tkey_dataa.md
dns_tkey_dataw	pNameAlgorithm	1	corpus/win32/api/windnsdef/ns-windnsdef-dns_tkey_dataw.md
dns_tkey_dataw	pAlgorithmPacket	2	corpus/win32/api/windnsdef/ns-windnsdef-dns_tkey_dataw.md
dns_tkey_dataw	pKey	3	corpus/win32/api/windnsdef/ns-windnsdef-dns_tkey_dataw.md
dns_tkey_dataw	pOtherData	4	corpus/win32/api/windnsdef/ns-windnsdef-dns_tkey_dataw.md
dns_tkey_dataw	dwCreateTime	5	corpus/win32/api/windnsdef/ns-windnsdef-dns_tkey_dataw.md
dns_tkey_dataw	dwExpireTime	6	corpus/win32/api/windnsdef/ns-windnsdef-dns_tkey_dataw.md
dns_tkey_dataw	wMode	7	corpus/win32/api/windnsdef/ns-windnsdef-dns_tkey_dataw.md
dns_tkey_dataw	wError	8	corpus/win32/api/windnsdef/ns-windnsdef-dns_tkey_dataw.md
dns_tkey_dataw	wKeyLength	9	corpus/win32/api/windnsdef/ns-windnsdef-dns_tkey_dataw.md
dns_tkey_dataw	wOtherLength	10	corpus/win32/api/windnsdef/ns-windnsdef-dns_tkey_dataw.md
dns_tkey_dataw	cAlgNameLength	11	corpus/win32/api/windnsdef/ns-windnsdef-dns_tkey_dataw.md
dns_tkey_dataw	bPacketPointers	12	corpus/win32/api/windnsdef/ns-windnsdef-dns_tkey_dataw.md
dns_tsig_dataa	pNameAlgorithm	1	corpus/win32/api/windnsdef/ns-windnsdef-dns_tsig_dataa.md
dns_tsig_dataa	pAlgorithmPacket	2	corpus/win32/api/windnsdef/ns-windnsdef-dns_tsig_dataa.md
dns_tsig_dataa	pSignature	3	corpus/win32/api/windnsdef/ns-windnsdef-dns_tsig_dataa.md
dns_tsig_dataa	pOtherData	4	corpus/win32/api/windnsdef/ns-windnsdef-dns_tsig_dataa.md
dns_tsig_dataa	i64CreateTime	5	corpus/win32/api/windnsdef/ns-windnsdef-dns_tsig_dataa.md
dns_tsig_dataa	wFudgeTime	6	corpus/win32/api/windnsdef/ns-windnsdef-dns_tsig_dataa.md
dns_tsig_dataa	wOriginalXid	7	corpus/win32/api/windnsdef/ns-windnsdef-dns_tsig_dataa.md
dns_tsig_dataa	wError	8	corpus/win32/api/windnsdef/ns-windnsdef-dns_tsig_dataa.md
dns_tsig_dataa	wSigLength	9	corpus/win32/api/windnsdef/ns-windnsdef-dns_tsig_dataa.md
dns_tsig_dataa	wOtherLength	10	corpus/win32/api/windnsdef/ns-windnsdef-dns_tsig_dataa.md
dns_tsig_dataa	cAlgNameLength	11	corpus/win32/api/windnsdef/ns-windnsdef-dns_tsig_dataa.md
dns_tsig_dataa	bPacketPointers	12	corpus/win32/api/windnsdef/ns-windnsdef-dns_tsig_dataa.md
dns_tsig_dataw	pNameAlgorithm	1	corpus/win32/api/windnsdef/ns-windnsdef-dns_tsig_dataw.md
dns_tsig_dataw	pAlgorithmPacket	2	corpus/win32/api/windnsdef/ns-windnsdef-dns_tsig_dataw.md
dns_tsig_dataw	pSignature	3	corpus/win32/api/windnsdef/ns-windnsdef-dns_tsig_dataw.md
dns_tsig_dataw	pOtherData	4	corpus/win32/api/windnsdef/ns-windnsdef-dns_tsig_dataw.md
dns_tsig_dataw	i64CreateTime	5	corpus/win32/api/windnsdef/ns-windnsdef-dns_tsig_dataw.md
dns_tsig_dataw	wFudgeTime	6	corpus/win32/api/windnsdef/ns-windnsdef-dns_tsig_dataw.md
dns_tsig_dataw	wOriginalXid	7	corpus/win32/api/windnsdef/ns-windnsdef-dns_tsig_dataw.md
dns_tsig_dataw	wError	8	corpus/win32/api/windnsdef/ns-windnsdef-dns_tsig_dataw.md
dns_tsig_dataw	wSigLength	9	corpus/win32/api/windnsdef/ns-windnsdef-dns_tsig_dataw.md
dns_tsig_dataw	wOtherLength	10	corpus/win32/api/windnsdef/ns-windnsdef-dns_tsig_dataw.md
dns_tsig_dataw	cAlgNameLength	11	corpus/win32/api/windnsdef/ns-windnsdef-dns_tsig_dataw.md
dns_tsig_dataw	bPacketPointers	12	corpus/win32/api/windnsdef/ns-windnsdef-dns_tsig_dataw.md
dns_txt_dataa	dwStringCount	1	corpus/win32/api/windnsdef/ns-windnsdef-dns_txt_dataa.md
dns_txt_dataa	size_is	2	corpus/win32/api/windnsdef/ns-windnsdef-dns_txt_dataa.md
dns_txt_dataa	pStringArray	3	corpus/win32/api/windnsdef/ns-windnsdef-dns_txt_dataa.md
dns_txt_dataw	dwStringCount	1	corpus/win32/api/windnsdef/ns-windnsdef-dns_txt_dataw.md
dns_txt_dataw	size_is	2	corpus/win32/api/windnsdef/ns-windnsdef-dns_txt_dataw.md
dns_txt_dataw	pStringArray	3	corpus/win32/api/windnsdef/ns-windnsdef-dns_txt_dataw.md
dns_wins_data	dwMappingFlag	1	corpus/win32/api/windnsdef/ns-windnsdef-dns_wins_data.md
dns_wins_data	dwLookupTimeout	2	corpus/win32/api/windnsdef/ns-windnsdef-dns_wins_data.md
dns_wins_data	dwCacheTimeout	3	corpus/win32/api/windnsdef/ns-windnsdef-dns_wins_data.md
dns_wins_data	cWinsServerCount	4	corpus/win32/api/windnsdef/ns-windnsdef-dns_wins_data.md
dns_wins_data	WinsServers	5	corpus/win32/api/windnsdef/ns-windnsdef-dns_wins_data.md
dns_winsr_dataa	dwMappingFlag	1	corpus/win32/api/windnsdef/ns-windnsdef-dns_winsr_dataa.md
dns_winsr_dataa	dwLookupTimeout	2	corpus/win32/api/windnsdef/ns-windnsdef-dns_winsr_dataa.md
dns_winsr_dataa	dwCacheTimeout	3	corpus/win32/api/windnsdef/ns-windnsdef-dns_winsr_dataa.md
dns_winsr_dataa	pNameResultDomain	4	corpus/win32/api/windnsdef/ns-windnsdef-dns_winsr_dataa.md
dns_winsr_dataw	dwMappingFlag	1	corpus/win32/api/windnsdef/ns-windnsdef-dns_winsr_dataw.md
dns_winsr_dataw	dwLookupTimeout	2	corpus/win32/api/windnsdef/ns-windnsdef-dns_winsr_dataw.md
dns_winsr_dataw	dwCacheTimeout	3	corpus/win32/api/windnsdef/ns-windnsdef-dns_winsr_dataw.md
dns_winsr_dataw	pNameResultDomain	4	corpus/win32/api/windnsdef/ns-windnsdef-dns_winsr_dataw.md
dns_wire_question	QuestionType	1	corpus/win32/api/windns/ns-windns-dns_wire_question.md
dns_wire_question	QuestionClass	2	corpus/win32/api/windns/ns-windns-dns_wire_question.md
dns_wire_record	RecordType	1	corpus/win32/api/windns/ns-windns-dns_wire_record.md
dns_wire_record	RecordClass	2	corpus/win32/api/windns/ns-windns-dns_wire_record.md
dns_wire_record	TimeToLive	3	corpus/win32/api/windns/ns-windns-dns_wire_record.md
dns_wire_record	DataLength	4	corpus/win32/api/windns/ns-windns-dns_wire_record.md
dns_wks_data	IpAddress	1	corpus/win32/api/windnsdef/ns-windnsdef-dns_wks_data.md
dns_wks_data	chProtocol	2	corpus/win32/api/windnsdef/ns-windnsdef-dns_wks_data.md
dns_wks_data	BitMask	3	corpus/win32/api/windnsdef/ns-windnsdef-dns_wks_data.md
docinfoa	cbSize	1	corpus/win32/api/wingdi/ns-wingdi-docinfoa.md
docinfoa	lpszDocName	2	corpus/win32/api/wingdi/ns-wingdi-docinfoa.md
docinfoa	lpszOutput	3	corpus/win32/api/wingdi/ns-wingdi-docinfoa.md
docinfoa	lpszDatatype	4	corpus/win32/api/wingdi/ns-wingdi-docinfoa.md
docinfoa	fwType	5	corpus/win32/api/wingdi/ns-wingdi-docinfoa.md
docinfow	cbSize	1	corpus/win32/api/wingdi/ns-wingdi-docinfow.md
docinfow	lpszDocName	2	corpus/win32/api/wingdi/ns-wingdi-docinfow.md
docinfow	lpszOutput	3	corpus/win32/api/wingdi/ns-wingdi-docinfow.md
docinfow	lpszDatatype	4	corpus/win32/api/wingdi/ns-wingdi-docinfow.md
docinfow	fwType	5	corpus/win32/api/wingdi/ns-wingdi-docinfow.md
domain_controller_infoa	DomainControllerName	1	corpus/win32/api/dsgetdc/ns-dsgetdc-domain_controller_infoa.md
domain_controller_infoa	DomainControllerAddress	2	corpus/win32/api/dsgetdc/ns-dsgetdc-domain_controller_infoa.md
domain_controller_infoa	DomainControllerAddressType	3	corpus/win32/api/dsgetdc/ns-dsgetdc-domain_controller_infoa.md
domain_controller_infoa	DomainGuid	4	corpus/win32/api/dsgetdc/ns-dsgetdc-domain_controller_infoa.md
domain_controller_infoa	DomainName	5	corpus/win32/api/dsgetdc/ns-dsgetdc-domain_controller_infoa.md
domain_controller_infoa	DnsForestName	6	corpus/win32/api/dsgetdc/ns-dsgetdc-domain_controller_infoa.md
domain_controller_infoa	Flags	7	corpus/win32/api/dsgetdc/ns-dsgetdc-domain_controller_infoa.md
domain_controller_infoa	DcSiteName	8	corpus/win32/api/dsgetdc/ns-dsgetdc-domain_controller_infoa.md
domain_controller_infoa	ClientSiteName	9	corpus/win32/api/dsgetdc/ns-dsgetdc-domain_controller_infoa.md
domain_controller_infow	DomainControllerName	1	corpus/win32/api/dsgetdc/ns-dsgetdc-domain_controller_infow.md
domain_controller_infow	DomainControllerAddress	2	corpus/win32/api/dsgetdc/ns-dsgetdc-domain_controller_infow.md
domain_controller_infow	DomainControllerAddressType	3	corpus/win32/api/dsgetdc/ns-dsgetdc-domain_controller_infow.md
domain_controller_infow	DomainGuid	4	corpus/win32/api/dsgetdc/ns-dsgetdc-domain_controller_infow.md
domain_controller_infow	DomainName	5	corpus/win32/api/dsgetdc/ns-dsgetdc-domain_controller_infow.md
domain_controller_infow	DnsForestName	6	corpus/win32/api/dsgetdc/ns-dsgetdc-domain_controller_infow.md
domain_controller_infow	Flags	7	corpus/win32/api/dsgetdc/ns-dsgetdc-domain_controller_infow.md
domain_controller_infow	DcSiteName	8	corpus/win32/api/dsgetdc/ns-dsgetdc-domain_controller_infow.md
domain_controller_infow	ClientSiteName	9	corpus/win32/api/dsgetdc/ns-dsgetdc-domain_controller_infow.md
drawitemstruct	CtlType	1	corpus/win32/api/winuser/ns-winuser-drawitemstruct.md
drawitemstruct	CtlID	2	corpus/win32/api/winuser/ns-winuser-drawitemstruct.md
drawitemstruct	itemID	3	corpus/win32/api/winuser/ns-winuser-drawitemstruct.md
drawitemstruct	itemAction	4	corpus/win32/api/winuser/ns-winuser-drawitemstruct.md
drawitemstruct	itemState	5	corpus/win32/api/winuser/ns-winuser-drawitemstruct.md
drawitemstruct	hwndItem	6	corpus/win32/api/winuser/ns-winuser-drawitemstruct.md
drawitemstruct	hDC	7	corpus/win32/api/winuser/ns-winuser-drawitemstruct.md
drawitemstruct	rcItem	8	corpus/win32/api/winuser/ns-winuser-drawitemstruct.md
drawitemstruct	itemData	9	corpus/win32/api/winuser/ns-winuser-drawitemstruct.md
drm_minimum_output_protection_levels	wCompressedDigitalVideo	1	corpus/win32/api/wmsdkidl/ns-wmsdkidl-drm_minimum_output_protection_levels.md
drm_minimum_output_protection_levels	wUncompressedDigitalVideo	2	corpus/win32/api/wmsdkidl/ns-wmsdkidl-drm_minimum_output_protection_levels.md
drm_minimum_output_protection_levels	wAnalogVideo	3	corpus/win32/api/wmsdkidl/ns-wmsdkidl-drm_minimum_output_protection_levels.md
drm_minimum_output_protection_levels	wCompressedDigitalAudio	4	corpus/win32/api/wmsdkidl/ns-wmsdkidl-drm_minimum_output_protection_levels.md
drm_minimum_output_protection_levels	wUncompressedDigitalAudio	5	corpus/win32/api/wmsdkidl/ns-wmsdkidl-drm_minimum_output_protection_levels.md
drm_opl_output_ids	cIds	1	corpus/win32/api/wmsdkidl/ns-wmsdkidl-drm_opl_output_ids.md
drm_opl_output_ids	rgIds	2	corpus/win32/api/wmsdkidl/ns-wmsdkidl-drm_opl_output_ids.md
drm_play_opl	minOPL	1	corpus/win32/api/wmsdkidl/ns-wmsdkidl-drm_play_opl.md
drm_play_opl	oplIdReserved	2	corpus/win32/api/wmsdkidl/ns-wmsdkidl-drm_play_opl.md
drm_play_opl	vopi	3	corpus/win32/api/wmsdkidl/ns-wmsdkidl-drm_play_opl.md
drm_video_output_protection_ids	cEntries	1	corpus/win32/api/wmsdkidl/ns-wmsdkidl-drm_video_output_protection_ids.md
drm_video_output_protection_ids	rgVop	2	corpus/win32/api/wmsdkidl/ns-wmsdkidl-drm_video_output_protection_ids.md
drvenabledata	iDriverVersion	1	corpus/win32/api/winddi/ns-winddi-drvenabledata.md
drvenabledata	c	2	corpus/win32/api/winddi/ns-winddi-drvenabledata.md
drvenabledata	pdrvfn	3	corpus/win32/api/winddi/ns-winddi-drvenabledata.md
dsrole_primary_domain_info_basic	MachineRole	1	corpus/win32/api/dsrole/ns-dsrole-dsrole_primary_domain_info_basic.md
dsrole_primary_domain_info_basic	Flags	2	corpus/win32/api/dsrole/ns-dsrole-dsrole_primary_domain_info_basic.md
dsrole_primary_domain_info_basic	DomainNameFlat	3	corpus/win32/api/dsrole/ns-dsrole-dsrole_primary_domain_info_basic.md
dsrole_primary_domain_info_basic	DomainNameDns	4	corpus/win32/api/dsrole/ns-dsrole-dsrole_primary_domain_info_basic.md
dsrole_primary_domain_info_basic	DomainForestName	5	corpus/win32/api/dsrole/ns-dsrole-dsrole_primary_domain_info_basic.md
dsrole_primary_domain_info_basic	DomainGuid	6	corpus/win32/api/dsrole/ns-dsrole-dsrole_primary_domain_info_basic.md
dvaspectinfo	cb	1	corpus/win32/api/ocidl/ns-ocidl-dvaspectinfo.md
dvaspectinfo	dwFlags	2	corpus/win32/api/ocidl/ns-ocidl-dvaspectinfo.md
dvextentinfo	cb	1	corpus/win32/api/ocidl/ns-ocidl-dvextentinfo.md
dvextentinfo	dwExtentMode	2	corpus/win32/api/ocidl/ns-ocidl-dvextentinfo.md
dvextentinfo	sizelProposed	3	corpus/win32/api/ocidl/ns-ocidl-dvextentinfo.md
dvextentmode	DVEXTENT_INTEGRAL	1	corpus/win32/api/ocidl/ne-ocidl-dvextentmode.md
dvtargetdevice	tdSize	1	corpus/win32/api/objidl/ns-objidl-dvtargetdevice.md
dvtargetdevice	tdDriverNameOffset	2	corpus/win32/api/objidl/ns-objidl-dvtargetdevice.md
dvtargetdevice	tdDeviceNameOffset	3	corpus/win32/api/objidl/ns-objidl-dvtargetdevice.md
dvtargetdevice	tdPortNameOffset	4	corpus/win32/api/objidl/ns-objidl-dvtargetdevice.md
dvtargetdevice	tdExtDevmodeOffset	5	corpus/win32/api/objidl/ns-objidl-dvtargetdevice.md
dvtargetdevice	tdData	6	corpus/win32/api/objidl/ns-objidl-dvtargetdevice.md
encodervalue	EncoderValueColorTypeCMYK	1	corpus/win32/api/gdiplusenums/ne-gdiplusenums-encodervalue.md
encodervalue	EncoderValueColorTypeYCCK	2	corpus/win32/api/gdiplusenums/ne-gdiplusenums-encodervalue.md
encodervalue	EncoderValueCompressionLZW	3	corpus/win32/api/gdiplusenums/ne-gdiplusenums-encodervalue.md
encodervalue	EncoderValueCompressionCCITT3	4	corpus/win32/api/gdiplusenums/ne-gdiplusenums-encodervalue.md
encodervalue	EncoderValueCompressionCCITT4	5	corpus/win32/api/gdiplusenums/ne-gdiplusenums-encodervalue.md
encodervalue	EncoderValueCompressionRle	6	corpus/win32/api/gdiplusenums/ne-gdiplusenums-encodervalue.md
encodervalue	EncoderValueCompressionNone	7	corpus/win32/api/gdiplusenums/ne-gdiplusenums-encodervalue.md
encodervalue	EncoderValueScanMethodInterlaced	8	corpus/win32/api/gdiplusenums/ne-gdiplusenums-encodervalue.md
encodervalue	EncoderValueScanMethodNonInterlaced	9	corpus/win32/api/gdiplusenums/ne-gdiplusenums-encodervalue.md
encodervalue	EncoderValueVersionGif87	10	corpus/win32/api/gdiplusenums/ne-gdiplusenums-encodervalue.md
encodervalue	EncoderValueVersionGif89	11	corpus/win32/api/gdiplusenums/ne-gdiplusenums-encodervalue.md
encodervalue	EncoderValueRenderProgressive	12	corpus/win32/api/gdiplusenums/ne-gdiplusenums-encodervalue.md
encodervalue	EncoderValueRenderNonProgressive	13	corpus/win32/api/gdiplusenums/ne-gdiplusenums-encodervalue.md
encodervalue	EncoderValueTransformRotate90	14	corpus/win32/api/gdiplusenums/ne-gdiplusenums-encodervalue.md
encodervalue	EncoderValueTransformRotate180	15	corpus/win32/api/gdiplusenums/ne-gdiplusenums-encodervalue.md
encodervalue	EncoderValueTransformRotate270	16	corpus/win32/api/gdiplusenums/ne-gdiplusenums-encodervalue.md
encodervalue	EncoderValueTransformFlipHorizontal	17	corpus/win32/api/gdiplusenums/ne-gdiplusenums-encodervalue.md
encodervalue	EncoderValueTransformFlipVertical	18	corpus/win32/api/gdiplusenums/ne-gdiplusenums-encodervalue.md
encodervalue	EncoderValueMultiFrame	19	corpus/win32/api/gdiplusenums/ne-gdiplusenums-encodervalue.md
encodervalue	EncoderValueLastFrame	20	corpus/win32/api/gdiplusenums/ne-gdiplusenums-encodervalue.md
encodervalue	EncoderValueFlush	21	corpus/win32/api/gdiplusenums/ne-gdiplusenums-encodervalue.md
encodervalue	EncoderValueFrameDimensionTime	22	corpus/win32/api/gdiplusenums/ne-gdiplusenums-encodervalue.md
encodervalue	EncoderValueFrameDimensionResolution	23	corpus/win32/api/gdiplusenums/ne-gdiplusenums-encodervalue.md
encodervalue	EncoderValueFrameDimensionPage	24	corpus/win32/api/gdiplusenums/ne-gdiplusenums-encodervalue.md
encodervalue	EncoderValueColorTypeGray	25	corpus/win32/api/gdiplusenums/ne-gdiplusenums-encodervalue.md
enumlogfonta	elfLogFont	1	corpus/win32/api/wingdi/ns-wingdi-enumlogfonta.md
enumlogfonta	elfFullName	2	corpus/win32/api/wingdi/ns-wingdi-enumlogfonta.md
enumlogfonta	elfStyle	3	corpus/win32/api/wingdi/ns-wingdi-enumlogfonta.md
enumlogfontw	elfLogFont	1	corpus/win32/api/wingdi/ns-wingdi-enumlogfontw.md
enumlogfontw	elfFullName	2	corpus/win32/api/wingdi/ns-wingdi-enumlogfontw.md
enumlogfontw	elfStyle	3	corpus/win32/api/wingdi/ns-wingdi-enumlogfontw.md
excepinfo	wCode	1	corpus/win32/api/oaidl/ns-oaidl-excepinfo.md
excepinfo	wReserved	2	corpus/win32/api/oaidl/ns-oaidl-excepinfo.md
excepinfo	bstrSource	3	corpus/win32/api/oaidl/ns-oaidl-excepinfo.md
excepinfo	bstrDescription	4	corpus/win32/api/oaidl/ns-oaidl-excepinfo.md
excepinfo	bstrHelpFile	5	corpus/win32/api/oaidl/ns-oaidl-excepinfo.md
excepinfo	dwHelpContext	6	corpus/win32/api/oaidl/ns-oaidl-excepinfo.md
excepinfo	pvReserved	7	corpus/win32/api/oaidl/ns-oaidl-excepinfo.md
excepinfo	pfnDeferredFillIn	8	corpus/win32/api/oaidl/ns-oaidl-excepinfo.md
excepinfo	scode	9	corpus/win32/api/oaidl/ns-oaidl-excepinfo.md
exception_debug_info	ExceptionRecord	1	corpus/win32/api/minwinbase/ns-minwinbase-exception_debug_info.md
exception_debug_info	dwFirstChance	2	corpus/win32/api/minwinbase/ns-minwinbase-exception_debug_info.md
exception_pointers	ExceptionRecord	1	corpus/win32/api/winnt/ns-winnt-exception_pointers.md
exception_pointers	ContextRecord	2	corpus/win32/api/winnt/ns-winnt-exception_pointers.md
exception_record	ExceptionCode	1	corpus/win32/api/winnt/ns-winnt-exception_record.md
exception_record	ExceptionFlags	2	corpus/win32/api/winnt/ns-winnt-exception_record.md
exception_record	ExceptionRecord	3	corpus/win32/api/winnt/ns-winnt-exception_record.md
exception_record	ExceptionAddress	4	corpus/win32/api/winnt/ns-winnt-exception_record.md
exception_record	NumberParameters	5	corpus/win32/api/winnt/ns-winnt-exception_record.md
exception_record	ExceptionInformation	6	corpus/win32/api/winnt/ns-winnt-exception_record.md
exit_process_debug_info	dwExitCode	1	corpus/win32/api/minwinbase/ns-minwinbase-exit_process_debug_info.md
exit_thread_debug_info	dwExitCode	1	corpus/win32/api/minwinbase/ns-minwinbase-exit_thread_debug_info.md
fd_devicemetrics	flRealizedType	1	corpus/win32/api/winddi/ns-winddi-fd_devicemetrics.md
fd_devicemetrics	pteBase	2	corpus/win32/api/winddi/ns-winddi-fd_devicemetrics.md
fd_devicemetrics	pteSide	3	corpus/win32/api/winddi/ns-winddi-fd_devicemetrics.md
fd_devicemetrics	lD	4	corpus/win32/api/winddi/ns-winddi-fd_devicemetrics.md
fd_devicemetrics	fxMaxAscender	5	corpus/win32/api/winddi/ns-winddi-fd_devicemetrics.md
fd_devicemetrics	fxMaxDescender	6	corpus/win32/api/winddi/ns-winddi-fd_devicemetrics.md
fd_devicemetrics	ptlUnderline1	7	corpus/win32/api/winddi/ns-winddi-fd_devicemetrics.md
fd_devicemetrics	ptlStrikeOut	8	corpus/win32/api/winddi/ns-winddi-fd_devicemetrics.md
fd_devicemetrics	ptlULThickness	9	corpus/win32/api/winddi/ns-winddi-fd_devicemetrics.md
fd_devicemetrics	ptlSOThickness	10	corpus/win32/api/winddi/ns-winddi-fd_devicemetrics.md
fd_devicemetrics	cxMax	11	corpus/win32/api/winddi/ns-winddi-fd_devicemetrics.md
fd_devicemetrics	cyMax	12	corpus/win32/api/winddi/ns-winddi-fd_devicemetrics.md
fd_devicemetrics	cjGlyphMax	13	corpus/win32/api/winddi/ns-winddi-fd_devicemetrics.md
fd_devicemetrics	fdxQuantized	14	corpus/win32/api/winddi/ns-winddi-fd_devicemetrics.md
fd_devicemetrics	lNonLinearExtLeading	15	corpus/win32/api/winddi/ns-winddi-fd_devicemetrics.md
fd_devicemetrics	lNonLinearIntLeading	16	corpus/win32/api/winddi/ns-winddi-fd_devicemetrics.md
fd_devicemetrics	lNonLinearMaxCharWidth	17	corpus/win32/api/winddi/ns-winddi-fd_devicemetrics.md
fd_devicemetrics	lNonLinearAvgCharWidth	18	corpus/win32/api/winddi/ns-winddi-fd_devicemetrics.md
fd_devicemetrics	lMinA	19	corpus/win32/api/winddi/ns-winddi-fd_devicemetrics.md
fd_devicemetrics	lMinC	20	corpus/win32/api/winddi/ns-winddi-fd_devicemetrics.md
fd_devicemetrics	lMinD	21	corpus/win32/api/winddi/ns-winddi-fd_devicemetrics.md
fd_devicemetrics	alReserved	22	corpus/win32/api/winddi/ns-winddi-fd_devicemetrics.md
fd_set	fd_count	1	corpus/win32/api/winsock/ns-winsock-fd_set.md
fd_set	fd_array	2	corpus/win32/api/winsock/ns-winsock-fd_set.md
file_allocated_range_buffer	FileOffset	1	corpus/win32/api/winioctl/ns-winioctl-file_allocated_range_buffer.md
file_allocated_range_buffer	Length	2	corpus/win32/api/winioctl/ns-winioctl-file_allocated_range_buffer.md
file_notify_information	NextEntryOffset	1	corpus/win32/api/winnt/ns-winnt-file_notify_information.md
file_notify_information	Action	2	corpus/win32/api/winnt/ns-winnt-file_notify_information.md
file_notify_information	FileNameLength	3	corpus/win32/api/winnt/ns-winnt-file_notify_information.md
file_notify_information	FileName	4	corpus/win32/api/winnt/ns-winnt-file_notify_information.md
file_zero_data_information	FileOffset	1	corpus/win32/api/winioctl/ns-winioctl-file_zero_data_information.md
file_zero_data_information	BeyondFinalZero	2	corpus/win32/api/winioctl/ns-winioctl-file_zero_data_information.md
filetime	dwLowDateTime	1	corpus/win32/api/minwinbase/ns-minwinbase-filetime.md
filetime	dwHighDateTime	2	corpus/win32/api/minwinbase/ns-minwinbase-filetime.md
filter_info	achName	1	corpus/win32/api/strmif/ns-strmif-filter_info.md
filter_info	pGraph	2	corpus/win32/api/strmif/ns-strmif-filter_info.md
filter_state	State_Paused	1	corpus/win32/api/strmif/ne-strmif-filter_state.md
filter_state	State_Running	2	corpus/win32/api/strmif/ne-strmif-filter_state.md
findex_info_levels	FindExInfoStandard	1	corpus/win32/api/minwinbase/ne-minwinbase-findex_info_levels.md
findex_info_levels	FindExInfoBasic	2	corpus/win32/api/minwinbase/ne-minwinbase-findex_info_levels.md
findex_info_levels	FindExInfoMaxInfoLevel	3	corpus/win32/api/minwinbase/ne-minwinbase-findex_info_levels.md
findex_search_ops	FindExSearchNameMatch	1	corpus/win32/api/minwinbase/ne-minwinbase-findex_search_ops.md
findex_search_ops	FindExSearchLimitToDirectories	2	corpus/win32/api/minwinbase/ne-minwinbase-findex_search_ops.md
findex_search_ops	FindExSearchLimitToDevices	3	corpus/win32/api/minwinbase/ne-minwinbase-findex_search_ops.md
findex_search_ops	FindExSearchMaxSearchOp	4	corpus/win32/api/minwinbase/ne-minwinbase-findex_search_ops.md
findreplacea	lStructSize	1	corpus/win32/api/commdlg/ns-commdlg-findreplacea.md
findreplacea	hwndOwner	2	corpus/win32/api/commdlg/ns-commdlg-findreplacea.md
findreplacea	hInstance	3	corpus/win32/api/commdlg/ns-commdlg-findreplacea.md
findreplacea	Flags	4	corpus/win32/api/commdlg/ns-commdlg-findreplacea.md
findreplacea	lpstrFindWhat	5	corpus/win32/api/commdlg/ns-commdlg-findreplacea.md
findreplacea	lpstrReplaceWith	6	corpus/win32/api/commdlg/ns-commdlg-findreplacea.md
findreplacea	wFindWhatLen	7	corpus/win32/api/commdlg/ns-commdlg-findreplacea.md
findreplacea	wReplaceWithLen	8	corpus/win32/api/commdlg/ns-commdlg-findreplacea.md
findreplacea	lCustData	9	corpus/win32/api/commdlg/ns-commdlg-findreplacea.md
findreplacea	lpfnHook	10	corpus/win32/api/commdlg/ns-commdlg-findreplacea.md
findreplacea	lpTemplateName	11	corpus/win32/api/commdlg/ns-commdlg-findreplacea.md
findreplacew	lStructSize	1	corpus/win32/api/commdlg/ns-commdlg-findreplacew.md
findreplacew	hwndOwner	2	corpus/win32/api/commdlg/ns-commdlg-findreplacew.md
findreplacew	hInstance	3	corpus/win32/api/commdlg/ns-commdlg-findreplacew.md
findreplacew	Flags	4	corpus/win32/api/commdlg/ns-commdlg-findreplacew.md
findreplacew	lpstrFindWhat	5	corpus/win32/api/commdlg/ns-commdlg-findreplacew.md
findreplacew	lpstrReplaceWith	6	corpus/win32/api/commdlg/ns-commdlg-findreplacew.md
findreplacew	wFindWhatLen	7	corpus/win32/api/commdlg/ns-commdlg-findreplacew.md
findreplacew	wReplaceWithLen	8	corpus/win32/api/commdlg/ns-commdlg-findreplacew.md
findreplacew	lCustData	9	corpus/win32/api/commdlg/ns-commdlg-findreplacew.md
findreplacew	lpfnHook	10	corpus/win32/api/commdlg/ns-commdlg-findreplacew.md
findreplacew	lpTemplateName	11	corpus/win32/api/commdlg/ns-commdlg-findreplacew.md
fixed	value	1	corpus/win32/api/wingdi/ns-wingdi-fixed.md
fixed	fract	2	corpus/win32/api/wingdi/ns-wingdi-fixed.md
fontobj	iUniq	1	corpus/win32/api/winddi/ns-winddi-fontobj.md
fontobj	iFace	2	corpus/win32/api/winddi/ns-winddi-fontobj.md
fontobj	cxMax	3	corpus/win32/api/winddi/ns-winddi-fontobj.md
fontobj	flFontType	4	corpus/win32/api/winddi/ns-winddi-fontobj.md
fontobj	iTTUniq	5	corpus/win32/api/winddi/ns-winddi-fontobj.md
fontobj	iFile	6	corpus/win32/api/winddi/ns-winddi-fontobj.md
fontobj	sizLogResPpi	7	corpus/win32/api/winddi/ns-winddi-fontobj.md
fontobj	ulStyleSize	8	corpus/win32/api/winddi/ns-winddi-fontobj.md
fontobj	pvConsumer	9	corpus/win32/api/winddi/ns-winddi-fontobj.md
fontobj	pvProducer	10	corpus/win32/api/winddi/ns-winddi-fontobj.md
fontsignature	fsUsb	1	corpus/win32/api/wingdi/ns-wingdi-fontsignature.md
fontsignature	fsCsb	2	corpus/win32/api/wingdi/ns-wingdi-fontsignature.md
formatetc	cfFormat	1	corpus/win32/api/objidl/ns-objidl-formatetc.md
formatetc	ptd	2	corpus/win32/api/objidl/ns-objidl-formatetc.md
formatetc	dwAspect	3	corpus/win32/api/objidl/ns-objidl-formatetc.md
formatetc	lindex	4	corpus/win32/api/objidl/ns-objidl-formatetc.md
formatetc	tymed	5	corpus/win32/api/objidl/ns-objidl-formatetc.md
funcdesc	memid	1	corpus/win32/api/oaidl/ns-oaidl-funcdesc.md
funcdesc	lprgscode	2	corpus/win32/api/oaidl/ns-oaidl-funcdesc.md
funcdesc	lprgelemdescParam	3	corpus/win32/api/oaidl/ns-oaidl-funcdesc.md
funcdesc	funckind	4	corpus/win32/api/oaidl/ns-oaidl-funcdesc.md
funcdesc	invkind	5	corpus/win32/api/oaidl/ns-oaidl-funcdesc.md
funcdesc	callconv	6	corpus/win32/api/oaidl/ns-oaidl-funcdesc.md
funcdesc	cParams	7	corpus/win32/api/oaidl/ns-oaidl-funcdesc.md
funcdesc	cParamsOpt	8	corpus/win32/api/oaidl/ns-oaidl-funcdesc.md
funcdesc	oVft	9	corpus/win32/api/oaidl/ns-oaidl-funcdesc.md
funcdesc	cScodes	10	corpus/win32/api/oaidl/ns-oaidl-funcdesc.md
funcdesc	elemdescFunc	11	corpus/win32/api/oaidl/ns-oaidl-funcdesc.md
funcdesc	wFuncFlags	12	corpus/win32/api/oaidl/ns-oaidl-funcdesc.md
funckind	FUNC_PUREVIRTUAL	1	corpus/win32/api/oaidl/ne-oaidl-funckind.md
funckind	FUNC_NONVIRTUAL	2	corpus/win32/api/oaidl/ne-oaidl-funckind.md
funckind	FUNC_STATIC	3	corpus/win32/api/oaidl/ne-oaidl-funckind.md
funckind	FUNC_DISPATCH	4	corpus/win32/api/oaidl/ne-oaidl-funckind.md
gdiinfo	ulVersion	1	corpus/win32/api/winddi/ns-winddi-gdiinfo.md
gdiinfo	ulTechnology	2	corpus/win32/api/winddi/ns-winddi-gdiinfo.md
gdiinfo	ulHorzSize	3	corpus/win32/api/winddi/ns-winddi-gdiinfo.md
gdiinfo	ulVertSize	4	corpus/win32/api/winddi/ns-winddi-gdiinfo.md
gdiinfo	ulHorzRes	5	corpus/win32/api/winddi/ns-winddi-gdiinfo.md
gdiinfo	ulVertRes	6	corpus/win32/api/winddi/ns-winddi-gdiinfo.md
gdiinfo	cBitsPixel	7	corpus/win32/api/winddi/ns-winddi-gdiinfo.md
gdiinfo	cPlanes	8	corpus/win32/api/winddi/ns-winddi-gdiinfo.md
gdiinfo	ulNumColors	9	corpus/win32/api/winddi/ns-winddi-gdiinfo.md
gdiinfo	flRaster	10	corpus/win32/api/winddi/ns-winddi-gdiinfo.md
gdiinfo	ulLogPixelsX	11	corpus/win32/api/winddi/ns-winddi-gdiinfo.md
gdiinfo	ulLogPixelsY	12	corpus/win32/api/winddi/ns-winddi-gdiinfo.md
gdiinfo	flTextCaps	13	corpus/win32/api/winddi/ns-winddi-gdiinfo.md
gdiinfo	ulDACRed	14	corpus/win32/api/winddi/ns-winddi-gdiinfo.md
gdiinfo	ulDACBlue	15	corpus/win32/api/winddi/ns-winddi-gdiinfo.md
gdiinfo	ulAspectX	16	corpus/win32/api/winddi/ns-winddi-gdiinfo.md
gdiinfo	ulAspectY	17	corpus/win32/api/winddi/ns-winddi-gdiinfo.md
gdiinfo	ulAspectXY	18	corpus/win32/api/winddi/ns-winddi-gdiinfo.md
gdiinfo	xStyleStep	19	corpus/win32/api/winddi/ns-winddi-gdiinfo.md
gdiinfo	yStyleStep	20	corpus/win32/api/winddi/ns-winddi-gdiinfo.md
gdiinfo	denStyleStep	21	corpus/win32/api/winddi/ns-winddi-gdiinfo.md
gdiinfo	ptlPhysOffset	22	corpus/win32/api/winddi/ns-winddi-gdiinfo.md
gdiinfo	szlPhysSize	23	corpus/win32/api/winddi/ns-winddi-gdiinfo.md
gdiinfo	ulNumPalReg	24	corpus/win32/api/winddi/ns-winddi-gdiinfo.md
gdiinfo	ciDevice	25	corpus/win32/api/winddi/ns-winddi-gdiinfo.md
gdiinfo	ulDevicePelsDPI	26	corpus/win32/api/winddi/ns-winddi-gdiinfo.md
gdiinfo	ulPrimaryOrder	27	corpus/win32/api/winddi/ns-winddi-gdiinfo.md
gdiinfo	ulHTPatternSize	28	corpus/win32/api/winddi/ns-winddi-gdiinfo.md
gdiinfo	ulHTOutputFormat	29	corpus/win32/api/winddi/ns-winddi-gdiinfo.md
gdiinfo	flHTFlags	30	corpus/win32/api/winddi/ns-winddi-gdiinfo.md
gdiinfo	ulVRefresh	31	corpus/win32/api/winddi/ns-winddi-gdiinfo.md
gdiinfo	ulBltAlignment	32	corpus/win32/api/winddi/ns-winddi-gdiinfo.md
gdiinfo	ulPanningHorzRes	33	corpus/win32/api/winddi/ns-winddi-gdiinfo.md
gdiinfo	xPanningAlignment	34	corpus/win32/api/winddi/ns-winddi-gdiinfo.md
gdiinfo	cxHTPat	35	corpus/win32/api/winddi/ns-winddi-gdiinfo.md
gdiinfo	pHTPatA	36	corpus/win32/api/winddi/ns-winddi-gdiinfo.md
gdiinfo	pHTPatC	37	corpus/win32/api/winddi/ns-winddi-gdiinfo.md
gdiinfo	flShadeBlend	38	corpus/win32/api/winddi/ns-winddi-gdiinfo.md
gdiinfo	ulPhysicalPixelCharacteristics	39	corpus/win32/api/winddi/ns-winddi-gdiinfo.md
gdiinfo	ulPhysicalPixelGamma	40	corpus/win32/api/winddi/ns-winddi-gdiinfo.md
gestureinfo	cbSize	1	corpus/win32/api/winuser/ns-winuser-gestureinfo.md
gestureinfo	dwFlags	2	corpus/win32/api/winuser/ns-winuser-gestureinfo.md
gestureinfo	dwID	3	corpus/win32/api/winuser/ns-winuser-gestureinfo.md
gestureinfo	hwndTarget	4	corpus/win32/api/winuser/ns-winuser-gestureinfo.md
gestureinfo	ptsLocation	5	corpus/win32/api/winuser/ns-winuser-gestureinfo.md
gestureinfo	dwInstanceID	6	corpus/win32/api/winuser/ns-winuser-gestureinfo.md
gestureinfo	dwSequenceID	7	corpus/win32/api/winuser/ns-winuser-gestureinfo.md
gestureinfo	ullArguments	8	corpus/win32/api/winuser/ns-winuser-gestureinfo.md
gestureinfo	cbExtraArgs	9	corpus/win32/api/winuser/ns-winuser-gestureinfo.md
get_fileex_info_levels	GetFileExInfoStandard	1	corpus/win32/api/minwinbase/ne-minwinbase-get_fileex_info_levels.md
get_fileex_info_levels	GetFileExMaxInfoLevel	2	corpus/win32/api/minwinbase/ne-minwinbase-get_fileex_info_levels.md
glyphbits	ptlOrigin	1	corpus/win32/api/winddi/ns-winddi-glyphbits.md
glyphbits	sizlBitmap	2	corpus/win32/api/winddi/ns-winddi-glyphbits.md
glyphbits	aj	3	corpus/win32/api/winddi/ns-winddi-glyphbits.md
glyphdata	gdf	1	corpus/win32/api/winddi/ns-winddi-glyphdata.md
glyphdata	hg	2	corpus/win32/api/winddi/ns-winddi-glyphdata.md
glyphdata	fxD	3	corpus/win32/api/winddi/ns-winddi-glyphdata.md
glyphdata	fxA	4	corpus/win32/api/winddi/ns-winddi-glyphdata.md
glyphdata	fxAB	5	corpus/win32/api/winddi/ns-winddi-glyphdata.md
glyphdata	fxInkTop	6	corpus/win32/api/winddi/ns-winddi-glyphdata.md
glyphdata	fxInkBottom	7	corpus/win32/api/winddi/ns-winddi-glyphdata.md
glyphdata	rclInk	8	corpus/win32/api/winddi/ns-winddi-glyphdata.md
glyphdata	ptqD	9	corpus/win32/api/winddi/ns-winddi-glyphdata.md
goffset	du	1	corpus/win32/api/usp10/ns-usp10-goffset.md
goffset	dv	2	corpus/win32/api/usp10/ns-usp10-goffset.md
gradient_rect	UpperLeft	1	corpus/win32/api/wingdi/ns-wingdi-gradient_rect.md
gradient_rect	LowerRight	2	corpus/win32/api/wingdi/ns-wingdi-gradient_rect.md
hdhittestinfo	pt	1	corpus/win32/api/commctrl/ns-commctrl-hdhittestinfo.md
hdhittestinfo	flags	2	corpus/win32/api/commctrl/ns-commctrl-hdhittestinfo.md
hdhittestinfo	iItem	3	corpus/win32/api/commctrl/ns-commctrl-hdhittestinfo.md
hditema	mask	1	corpus/win32/api/commctrl/ns-commctrl-hditema.md
hditema	cxy	2	corpus/win32/api/commctrl/ns-commctrl-hditema.md
hditema	pszText	3	corpus/win32/api/commctrl/ns-commctrl-hditema.md
hditema	hbm	4	corpus/win32/api/commctrl/ns-commctrl-hditema.md
hditema	cchTextMax	5	corpus/win32/api/commctrl/ns-commctrl-hditema.md
hditema	fmt	6	corpus/win32/api/commctrl/ns-commctrl-hditema.md
hditema	lParam	7	corpus/win32/api/commctrl/ns-commctrl-hditema.md
hditema	iImage	8	corpus/win32/api/commctrl/ns-commctrl-hditema.md
hditema	iOrder	9	corpus/win32/api/commctrl/ns-commctrl-hditema.md
hditema	type	10	corpus/win32/api/commctrl/ns-commctrl-hditema.md
hditema	pvFilter	11	corpus/win32/api/commctrl/ns-commctrl-hditema.md
hditema	state	12	corpus/win32/api/commctrl/ns-commctrl-hditema.md
hditemw	mask	1	corpus/win32/api/commctrl/ns-commctrl-hditemw.md
hditemw	cxy	2	corpus/win32/api/commctrl/ns-commctrl-hditemw.md
hditemw	pszText	3	corpus/win32/api/commctrl/ns-commctrl-hditemw.md
hditemw	hbm	4	corpus/win32/api/commctrl/ns-commctrl-hditemw.md
hditemw	cchTextMax	5	corpus/win32/api/commctrl/ns-commctrl-hditemw.md
hditemw	fmt	6	corpus/win32/api/commctrl/ns-commctrl-hditemw.md
hditemw	lParam	7	corpus/win32/api/commctrl/ns-commctrl-hditemw.md
hditemw	iImage	8	corpus/win32/api/commctrl/ns-commctrl-hditemw.md
hditemw	iOrder	9	corpus/win32/api/commctrl/ns-commctrl-hditemw.md
hditemw	type	10	corpus/win32/api/commctrl/ns-commctrl-hditemw.md
hditemw	pvFilter	11	corpus/win32/api/commctrl/ns-commctrl-hditemw.md
hditemw	state	12	corpus/win32/api/commctrl/ns-commctrl-hditemw.md
hdlayout	prc	1	corpus/win32/api/commctrl/ns-commctrl-hdlayout.md
hdlayout	pwpos	2	corpus/win32/api/commctrl/ns-commctrl-hdlayout.md
heapentry32	dwSize	1	corpus/win32/api/tlhelp32/ns-tlhelp32-heapentry32.md
heapentry32	hHandle	2	corpus/win32/api/tlhelp32/ns-tlhelp32-heapentry32.md
heapentry32	dwAddress	3	corpus/win32/api/tlhelp32/ns-tlhelp32-heapentry32.md
heapentry32	dwBlockSize	4	corpus/win32/api/tlhelp32/ns-tlhelp32-heapentry32.md
heapentry32	dwFlags	5	corpus/win32/api/tlhelp32/ns-tlhelp32-heapentry32.md
heapentry32	dwLockCount	6	corpus/win32/api/tlhelp32/ns-tlhelp32-heapentry32.md
heapentry32	dwResvd	7	corpus/win32/api/tlhelp32/ns-tlhelp32-heapentry32.md
heapentry32	th32ProcessID	8	corpus/win32/api/tlhelp32/ns-tlhelp32-heapentry32.md
heapentry32	th32HeapID	9	corpus/win32/api/tlhelp32/ns-tlhelp32-heapentry32.md
heaplist32	dwSize	1	corpus/win32/api/tlhelp32/ns-tlhelp32-heaplist32.md
heaplist32	th32ProcessID	2	corpus/win32/api/tlhelp32/ns-tlhelp32-heaplist32.md
heaplist32	th32HeapID	3	corpus/win32/api/tlhelp32/ns-tlhelp32-heaplist32.md
heaplist32	dwFlags	4	corpus/win32/api/tlhelp32/ns-tlhelp32-heaplist32.md
highcontrasta	cbSize	1	corpus/win32/api/winuser/ns-winuser-highcontrasta.md
highcontrasta	dwFlags	2	corpus/win32/api/winuser/ns-winuser-highcontrasta.md
highcontrasta	lpszDefaultScheme	3	corpus/win32/api/winuser/ns-winuser-highcontrasta.md
highcontrastw	cbSize	1	corpus/win32/api/winuser/ns-winuser-highcontrastw.md
highcontrastw	dwFlags	2	corpus/win32/api/winuser/ns-winuser-highcontrastw.md
highcontrastw	lpszDefaultScheme	3	corpus/win32/api/winuser/ns-winuser-highcontrastw.md
hmac_info	HashAlgid	1	corpus/win32/api/wincrypt/ns-wincrypt-hmac_info.md
hmac_info	pbInnerString	2	corpus/win32/api/wincrypt/ns-wincrypt-hmac_info.md
hmac_info	cbInnerString	3	corpus/win32/api/wincrypt/ns-wincrypt-hmac_info.md
hmac_info	pbOuterString	4	corpus/win32/api/wincrypt/ns-wincrypt-hmac_info.md
hmac_info	cbOuterString	5	corpus/win32/api/wincrypt/ns-wincrypt-hmac_info.md
hostent	h_name	1	corpus/win32/api/winsock/ns-winsock-hostent.md
hostent	h_aliases	2	corpus/win32/api/winsock/ns-winsock-hostent.md
hostent	h_addrtype	3	corpus/win32/api/winsock/ns-winsock-hostent.md
hostent	h_length	4	corpus/win32/api/winsock/ns-winsock-hostent.md
hostent	h_addr_list	5	corpus/win32/api/winsock/ns-winsock-hostent.md
http_version_info	dwMajorVersion	1	corpus/win32/api/winhttp/ns-winhttp-http_version_info.md
http_version_info	dwMinorVersion	2	corpus/win32/api/winhttp/ns-winhttp-http_version_info.md
icmp_echo_reply	Address	1	corpus/win32/api/ipexport/ns-ipexport-icmp_echo_reply.md
icmp_echo_reply	Status	2	corpus/win32/api/ipexport/ns-ipexport-icmp_echo_reply.md
icmp_echo_reply	RoundTripTime	3	corpus/win32/api/ipexport/ns-ipexport-icmp_echo_reply.md
icmp_echo_reply	DataSize	4	corpus/win32/api/ipexport/ns-ipexport-icmp_echo_reply.md
icmp_echo_reply	Reserved	5	corpus/win32/api/ipexport/ns-ipexport-icmp_echo_reply.md
icmp_echo_reply	Data	6	corpus/win32/api/ipexport/ns-ipexport-icmp_echo_reply.md
icmp_echo_reply	Options	7	corpus/win32/api/ipexport/ns-ipexport-icmp_echo_reply.md
iconinfo	fIcon	1	corpus/win32/api/winuser/ns-winuser-iconinfo.md
iconinfo	xHotspot	2	corpus/win32/api/winuser/ns-winuser-iconinfo.md
iconinfo	yHotspot	3	corpus/win32/api/winuser/ns-winuser-iconinfo.md
iconinfo	hbmMask	4	corpus/win32/api/winuser/ns-winuser-iconinfo.md
iconinfo	hbmColor	5	corpus/win32/api/winuser/ns-winuser-iconinfo.md
if_oper_status	IfOperStatusDown	1	corpus/win32/api/ifdef/ne-ifdef-if_oper_status.md
if_oper_status	IfOperStatusTesting	2	corpus/win32/api/ifdef/ne-ifdef-if_oper_status.md
if_oper_status	IfOperStatusUnknown	3	corpus/win32/api/ifdef/ne-ifdef-if_oper_status.md
if_oper_status	IfOperStatusDormant	4	corpus/win32/api/ifdef/ne-ifdef-if_oper_status.md
if_oper_status	IfOperStatusNotPresent	5	corpus/win32/api/ifdef/ne-ifdef-if_oper_status.md
if_oper_status	IfOperStatusLowerLayerDown	6	corpus/win32/api/ifdef/ne-ifdef-if_oper_status.md
ifimetrics	cjThis	1	corpus/win32/api/winddi/ns-winddi-ifimetrics.md
ifimetrics	cjIfiExtra	2	corpus/win32/api/winddi/ns-winddi-ifimetrics.md
ifimetrics	dpwszFamilyName	3	corpus/win32/api/winddi/ns-winddi-ifimetrics.md
ifimetrics	dpwszStyleName	4	corpus/win32/api/winddi/ns-winddi-ifimetrics.md
ifimetrics	dpwszFaceName	5	corpus/win32/api/winddi/ns-winddi-ifimetrics.md
ifimetrics	dpwszUniqueName	6	corpus/win32/api/winddi/ns-winddi-ifimetrics.md
ifimetrics	dpFontSim	7	corpus/win32/api/winddi/ns-winddi-ifimetrics.md
ifimetrics	lEmbedId	8	corpus/win32/api/winddi/ns-winddi-ifimetrics.md
ifimetrics	lItalicAngle	9	corpus/win32/api/winddi/ns-winddi-ifimetrics.md
ifimetrics	lCharBias	10	corpus/win32/api/winddi/ns-winddi-ifimetrics.md
ifimetrics	dpCharSets	11	corpus/win32/api/winddi/ns-winddi-ifimetrics.md
ifimetrics	jWinCharSet	12	corpus/win32/api/winddi/ns-winddi-ifimetrics.md
ifimetrics	jWinPitchAndFamily	13	corpus/win32/api/winddi/ns-winddi-ifimetrics.md
ifimetrics	usWinWeight	14	corpus/win32/api/winddi/ns-winddi-ifimetrics.md
ifimetrics	flInfo	15	corpus/win32/api/winddi/ns-winddi-ifimetrics.md
ifimetrics	fsSelection	16	corpus/win32/api/winddi/ns-winddi-ifimetrics.md
ifimetrics	fsType	17	corpus/win32/api/winddi/ns-winddi-ifimetrics.md
ifimetrics	fwdUnitsPerEm	18	corpus/win32/api/winddi/ns-winddi-ifimetrics.md
ifimetrics	fwdLowestPPEm	19	corpus/win32/api/winddi/ns-winddi-ifimetrics.md
ifimetrics	fwdWinAscender	20	corpus/win32/api/winddi/ns-winddi-ifimetrics.md
ifimetrics	fwdWinDescender	21	corpus/win32/api/winddi/ns-winddi-ifimetrics.md
ifimetrics	fwdMacAscender	22	corpus/win32/api/winddi/ns-winddi-ifimetrics.md
ifimetrics	fwdMacDescender	23	corpus/win32/api/winddi/ns-winddi-ifimetrics.md
ifimetrics	fwdMacLineGap	24	corpus/win32/api/winddi/ns-winddi-ifimetrics.md
ifimetrics	fwdTypoAscender	25	corpus/win32/api/winddi/ns-winddi-ifimetrics.md
ifimetrics	fwdTypoDescender	26	corpus/win32/api/winddi/ns-winddi-ifimetrics.md
ifimetrics	fwdTypoLineGap	27	corpus/win32/api/winddi/ns-winddi-ifimetrics.md
ifimetrics	fwdAveCharWidth	28	corpus/win32/api/winddi/ns-winddi-ifimetrics.md
ifimetrics	fwdMaxCharInc	29	corpus/win32/api/winddi/ns-winddi-ifimetrics.md
ifimetrics	fwdCapHeight	30	corpus/win32/api/winddi/ns-winddi-ifimetrics.md
ifimetrics	fwdXHeight	31	corpus/win32/api/winddi/ns-winddi-ifimetrics.md
ifimetrics	fwdSubscriptXSize	32	corpus/win32/api/winddi/ns-winddi-ifimetrics.md
ifimetrics	fwdSubscriptYSize	33	corpus/win32/api/winddi/ns-winddi-ifimetrics.md
ifimetrics	fwdSubscriptXOffset	34	corpus/win32/api/winddi/ns-winddi-ifimetrics.md
ifimetrics	fwdSubscriptYOffset	35	corpus/win32/api/winddi/ns-winddi-ifimetrics.md
ifimetrics	fwdSuperscriptXSize	36	corpus/win32/api/winddi/ns-winddi-ifimetrics.md
ifimetrics	fwdSuperscriptYSize	37	corpus/win32/api/winddi/ns-winddi-ifimetrics.md
ifimetrics	fwdSuperscriptXOffset	38	corpus/win32/api/winddi/ns-winddi-ifimetrics.md
ifimetrics	fwdSuperscriptYOffset	39	corpus/win32/api/winddi/ns-winddi-ifimetrics.md
ifimetrics	fwdUnderscoreSize	40	corpus/win32/api/winddi/ns-winddi-ifimetrics.md
ifimetrics	fwdUnderscorePosition	41	corpus/win32/api/winddi/ns-winddi-ifimetrics.md
ifimetrics	fwdStrikeoutSize	42	corpus/win32/api/winddi/ns-winddi-ifimetrics.md
ifimetrics	fwdStrikeoutPosition	43	corpus/win32/api/winddi/ns-winddi-ifimetrics.md
ifimetrics	chFirstChar	44	corpus/win32/api/winddi/ns-winddi-ifimetrics.md
ifimetrics	chLastChar	45	corpus/win32/api/winddi/ns-winddi-ifimetrics.md
ifimetrics	chDefaultChar	46	corpus/win32/api/winddi/ns-winddi-ifimetrics.md
ifimetrics	chBreakChar	47	corpus/win32/api/winddi/ns-winddi-ifimetrics.md
ifimetrics	wcFirstChar	48	corpus/win32/api/winddi/ns-winddi-ifimetrics.md
ifimetrics	wcLastChar	49	corpus/win32/api/winddi/ns-winddi-ifimetrics.md
ifimetrics	wcDefaultChar	50	corpus/win32/api/winddi/ns-winddi-ifimetrics.md
ifimetrics	wcBreakChar	51	corpus/win32/api/winddi/ns-winddi-ifimetrics.md
ifimetrics	ptlBaseline	52	corpus/win32/api/winddi/ns-winddi-ifimetrics.md
ifimetrics	ptlAspect	53	corpus/win32/api/winddi/ns-winddi-ifimetrics.md
ifimetrics	ptlCaret	54	corpus/win32/api/winddi/ns-winddi-ifimetrics.md
ifimetrics	rclFontBox	55	corpus/win32/api/winddi/ns-winddi-ifimetrics.md
ifimetrics	achVendId	56	corpus/win32/api/winddi/ns-winddi-ifimetrics.md
ifimetrics	cKerningPairs	57	corpus/win32/api/winddi/ns-winddi-ifimetrics.md
ifimetrics	ulPanoseCulture	58	corpus/win32/api/winddi/ns-winddi-ifimetrics.md
ifimetrics	panose	59	corpus/win32/api/winddi/ns-winddi-ifimetrics.md
ifimetrics	Align	60	corpus/win32/api/winddi/ns-winddi-ifimetrics.md
image_data_directory	VirtualAddress	1	corpus/win32/api/winnt/ns-winnt-image_data_directory.md
image_data_directory	Size	2	corpus/win32/api/winnt/ns-winnt-image_data_directory.md
imageinfo	hbmImage	1	corpus/win32/api/commctrl/ns-commctrl-imageinfo.md
imageinfo	hbmMask	2	corpus/win32/api/commctrl/ns-commctrl-imageinfo.md
imageinfo	Unused1	3	corpus/win32/api/commctrl/ns-commctrl-imageinfo.md
imageinfo	Unused2	4	corpus/win32/api/commctrl/ns-commctrl-imageinfo.md
imageinfo	rcImage	5	corpus/win32/api/commctrl/ns-commctrl-imageinfo.md
imagelistdrawparams	cbSize	1	corpus/win32/api/commctrl/ns-commctrl-imagelistdrawparams.md
imagelistdrawparams	himl	2	corpus/win32/api/commctrl/ns-commctrl-imagelistdrawparams.md
imagelistdrawparams	i	3	corpus/win32/api/commctrl/ns-commctrl-imagelistdrawparams.md
imagelistdrawparams	hdcDst	4	corpus/win32/api/commctrl/ns-commctrl-imagelistdrawparams.md
imagelistdrawparams	x	5	corpus/win32/api/commctrl/ns-commctrl-imagelistdrawparams.md
imagelistdrawparams	y	6	corpus/win32/api/commctrl/ns-commctrl-imagelistdrawparams.md
imagelistdrawparams	cx	7	corpus/win32/api/commctrl/ns-commctrl-imagelistdrawparams.md
imagelistdrawparams	cy	8	corpus/win32/api/commctrl/ns-commctrl-imagelistdrawparams.md
imagelistdrawparams	xBitmap	9	corpus/win32/api/commctrl/ns-commctrl-imagelistdrawparams.md
imagelistdrawparams	yBitmap	10	corpus/win32/api/commctrl/ns-commctrl-imagelistdrawparams.md
imagelistdrawparams	rgbBk	11	corpus/win32/api/commctrl/ns-commctrl-imagelistdrawparams.md
imagelistdrawparams	rgbFg	12	corpus/win32/api/commctrl/ns-commctrl-imagelistdrawparams.md
imagelistdrawparams	fStyle	13	corpus/win32/api/commctrl/ns-commctrl-imagelistdrawparams.md
imagelistdrawparams	dwRop	14	corpus/win32/api/commctrl/ns-commctrl-imagelistdrawparams.md
imagelistdrawparams	fState	15	corpus/win32/api/commctrl/ns-commctrl-imagelistdrawparams.md
imagelistdrawparams	Frame	16	corpus/win32/api/commctrl/ns-commctrl-imagelistdrawparams.md
imagelistdrawparams	crEffect	17	corpus/win32/api/commctrl/ns-commctrl-imagelistdrawparams.md
imecharposition	dwSize	1	corpus/win32/api/imm/ns-imm-imecharposition.md
imecharposition	dwCharPos	2	corpus/win32/api/imm/ns-imm-imecharposition.md
imecharposition	pt	3	corpus/win32/api/imm/ns-imm-imecharposition.md
imecharposition	cLineHeight	4	corpus/win32/api/imm/ns-imm-imecharposition.md
imecharposition	rcDocument	5	corpus/win32/api/imm/ns-imm-imecharposition.md
imemenuiteminfoa	cbSize	1	corpus/win32/api/imm/ns-imm-imemenuiteminfoa.md
imemenuiteminfoa	fType	2	corpus/win32/api/imm/ns-imm-imemenuiteminfoa.md
imemenuiteminfoa	fState	3	corpus/win32/api/imm/ns-imm-imemenuiteminfoa.md
imemenuiteminfoa	wID	4	corpus/win32/api/imm/ns-imm-imemenuiteminfoa.md
imemenuiteminfoa	hbmpChecked	5	corpus/win32/api/imm/ns-imm-imemenuiteminfoa.md
imemenuiteminfoa	hbmpUnchecked	6	corpus/win32/api/imm/ns-imm-imemenuiteminfoa.md
imemenuiteminfoa	dwItemData	7	corpus/win32/api/imm/ns-imm-imemenuiteminfoa.md
imemenuiteminfoa	szString	8	corpus/win32/api/imm/ns-imm-imemenuiteminfoa.md
imemenuiteminfoa	hbmpItem	9	corpus/win32/api/imm/ns-imm-imemenuiteminfoa.md
imemenuiteminfow	cbSize	1	corpus/win32/api/imm/ns-imm-imemenuiteminfow.md
imemenuiteminfow	fType	2	corpus/win32/api/imm/ns-imm-imemenuiteminfow.md
imemenuiteminfow	fState	3	corpus/win32/api/imm/ns-imm-imemenuiteminfow.md
imemenuiteminfow	wID	4	corpus/win32/api/imm/ns-imm-imemenuiteminfow.md
imemenuiteminfow	hbmpChecked	5	corpus/win32/api/imm/ns-imm-imemenuiteminfow.md
imemenuiteminfow	hbmpUnchecked	6	corpus/win32/api/imm/ns-imm-imemenuiteminfow.md
imemenuiteminfow	dwItemData	7	corpus/win32/api/imm/ns-imm-imemenuiteminfow.md
imemenuiteminfow	szString	8	corpus/win32/api/imm/ns-imm-imemenuiteminfow.md
imemenuiteminfow	hbmpItem	9	corpus/win32/api/imm/ns-imm-imemenuiteminfow.md
imeshf	cbShf	1	corpus/win32/api/msime/ns-msime-imeshf.md
imeshf	verDic	2	corpus/win32/api/msime/ns-msime-imeshf.md
imeshf	szTitle	3	corpus/win32/api/msime/ns-msime-imeshf.md
imeshf	szDescription	4	corpus/win32/api/msime/ns-msime-imeshf.md
imeshf	szCopyright	5	corpus/win32/api/msime/ns-msime-imeshf.md
imewrd	pwchReading	1	corpus/win32/api/msime/ns-msime-imewrd.md
imewrd	pwchDisplay	2	corpus/win32/api/msime/ns-msime-imewrd.md
imewrd	ulPos	3	corpus/win32/api/msime/ns-msime-imewrd.md
imewrd	nPos1	4	corpus/win32/api/msime/ns-msime-imewrd.md
imewrd	nPos2	5	corpus/win32/api/msime/ns-msime-imewrd.md
imewrd	rgulAttrs	6	corpus/win32/api/msime/ns-msime-imewrd.md
imewrd	cbComment	7	corpus/win32/api/msime/ns-msime-imewrd.md
imewrd	uct	8	corpus/win32/api/msime/ns-msime-imewrd.md
imewrd	pvComment	9	corpus/win32/api/msime/ns-msime-imewrd.md
in6_addr	u	1	corpus/win32/api/in6addr/ns-in6addr-in6_addr.md
in_addr	S_un	1	corpus/win32/api/inaddr/ns-inaddr-in_addr.md
initcommoncontrolsex	dwSize	1	corpus/win32/api/commctrl/ns-commctrl-initcommoncontrolsex.md
initcommoncontrolsex	dwICC	2	corpus/win32/api/commctrl/ns-commctrl-initcommoncontrolsex.md
input	type	1	corpus/win32/api/winuser/ns-winuser-input.md
input	DUMMYUNIONNAME	2	corpus/win32/api/winuser/ns-winuser-input.md
interfaceinfo	pUnk	1	corpus/win32/api/objidl/ns-objidl-interfaceinfo.md
interfaceinfo	iid	2	corpus/win32/api/objidl/ns-objidl-interfaceinfo.md
interfaceinfo	wMethod	3	corpus/win32/api/objidl/ns-objidl-interfaceinfo.md
internet_async_result	dwResult	1	corpus/win32/api/wininet/ns-wininet-internet_async_result.md
internet_async_result	dwError	2	corpus/win32/api/wininet/ns-wininet-internet_async_result.md
internet_auth_notify_data	cbStruct	1	corpus/win32/api/wininet/ns-wininet-internet_auth_notify_data.md
internet_auth_notify_data	dwOptions	2	corpus/win32/api/wininet/ns-wininet-internet_auth_notify_data.md
internet_auth_notify_data	dwContext	3	corpus/win32/api/wininet/ns-wininet-internet_auth_notify_data.md
internet_buffersa	dwStructSize	1	corpus/win32/api/wininet/ns-wininet-internet_buffersa.md
internet_buffersa	Next	2	corpus/win32/api/wininet/ns-wininet-internet_buffersa.md
internet_buffersa	lpcszHeader	3	corpus/win32/api/wininet/ns-wininet-internet_buffersa.md
internet_buffersa	dwHeadersLength	4	corpus/win32/api/wininet/ns-wininet-internet_buffersa.md
internet_buffersa	dwHeadersTotal	5	corpus/win32/api/wininet/ns-wininet-internet_buffersa.md
internet_buffersa	lpvBuffer	6	corpus/win32/api/wininet/ns-wininet-internet_buffersa.md
internet_buffersa	dwBufferLength	7	corpus/win32/api/wininet/ns-wininet-internet_buffersa.md
internet_buffersa	dwBufferTotal	8	corpus/win32/api/wininet/ns-wininet-internet_buffersa.md
internet_buffersa	dwOffsetLow	9	corpus/win32/api/wininet/ns-wininet-internet_buffersa.md
internet_buffersa	dwOffsetHigh	10	corpus/win32/api/wininet/ns-wininet-internet_buffersa.md
internet_buffersw	dwStructSize	1	corpus/win32/api/wininet/ns-wininet-internet_buffersw.md
internet_buffersw	Next	2	corpus/win32/api/wininet/ns-wininet-internet_buffersw.md
internet_buffersw	lpcszHeader	3	corpus/win32/api/wininet/ns-wininet-internet_buffersw.md
internet_buffersw	dwHeadersLength	4	corpus/win32/api/wininet/ns-wininet-internet_buffersw.md
internet_buffersw	dwHeadersTotal	5	corpus/win32/api/wininet/ns-wininet-internet_buffersw.md
internet_buffersw	lpvBuffer	6	corpus/win32/api/wininet/ns-wininet-internet_buffersw.md
internet_buffersw	dwBufferLength	7	corpus/win32/api/wininet/ns-wininet-internet_buffersw.md
internet_buffersw	dwBufferTotal	8	corpus/win32/api/wininet/ns-wininet-internet_buffersw.md
internet_buffersw	dwOffsetLow	9	corpus/win32/api/wininet/ns-wininet-internet_buffersw.md
internet_buffersw	dwOffsetHigh	10	corpus/win32/api/wininet/ns-wininet-internet_buffersw.md
internet_cache_entry_infoa	dwStructSize	1	corpus/win32/api/wininet/ns-wininet-internet_cache_entry_infoa.md
internet_cache_entry_infoa	lpszSourceUrlName	2	corpus/win32/api/wininet/ns-wininet-internet_cache_entry_infoa.md
internet_cache_entry_infoa	lpszLocalFileName	3	corpus/win32/api/wininet/ns-wininet-internet_cache_entry_infoa.md
internet_cache_entry_infoa	CacheEntryType	4	corpus/win32/api/wininet/ns-wininet-internet_cache_entry_infoa.md
internet_cache_entry_infoa	dwUseCount	5	corpus/win32/api/wininet/ns-wininet-internet_cache_entry_infoa.md
internet_cache_entry_infoa	dwHitRate	6	corpus/win32/api/wininet/ns-wininet-internet_cache_entry_infoa.md
internet_cache_entry_infoa	dwSizeLow	7	corpus/win32/api/wininet/ns-wininet-internet_cache_entry_infoa.md
internet_cache_entry_infoa	dwSizeHigh	8	corpus/win32/api/wininet/ns-wininet-internet_cache_entry_infoa.md
internet_cache_entry_infoa	LastModifiedTime	9	corpus/win32/api/wininet/ns-wininet-internet_cache_entry_infoa.md
internet_cache_entry_infoa	ExpireTime	10	corpus/win32/api/wininet/ns-wininet-internet_cache_entry_infoa.md
internet_cache_entry_infoa	LastAccessTime	11	corpus/win32/api/wininet/ns-wininet-internet_cache_entry_infoa.md
internet_cache_entry_infoa	LastSyncTime	12	corpus/win32/api/wininet/ns-wininet-internet_cache_entry_infoa.md
internet_cache_entry_infoa	lpHeaderInfo	13	corpus/win32/api/wininet/ns-wininet-internet_cache_entry_infoa.md
internet_cache_entry_infoa	dwHeaderInfoSize	14	corpus/win32/api/wininet/ns-wininet-internet_cache_entry_infoa.md
internet_cache_entry_infoa	lpszFileExtension	15	corpus/win32/api/wininet/ns-wininet-internet_cache_entry_infoa.md
internet_cache_entry_infoa	dwReserved	16	corpus/win32/api/wininet/ns-wininet-internet_cache_entry_infoa.md
internet_cache_entry_infow	dwStructSize	1	corpus/win32/api/wininet/ns-wininet-internet_cache_entry_infow.md
internet_cache_entry_infow	lpszSourceUrlName	2	corpus/win32/api/wininet/ns-wininet-internet_cache_entry_infow.md
internet_cache_entry_infow	lpszLocalFileName	3	corpus/win32/api/wininet/ns-wininet-internet_cache_entry_infow.md
internet_cache_entry_infow	CacheEntryType	4	corpus/win32/api/wininet/ns-wininet-internet_cache_entry_infow.md
internet_cache_entry_infow	dwUseCount	5	corpus/win32/api/wininet/ns-wininet-internet_cache_entry_infow.md
internet_cache_entry_infow	dwHitRate	6	corpus/win32/api/wininet/ns-wininet-internet_cache_entry_infow.md
internet_cache_entry_infow	dwSizeLow	7	corpus/win32/api/wininet/ns-wininet-internet_cache_entry_infow.md
internet_cache_entry_infow	dwSizeHigh	8	corpus/win32/api/wininet/ns-wininet-internet_cache_entry_infow.md
internet_cache_entry_infow	LastModifiedTime	9	corpus/win32/api/wininet/ns-wininet-internet_cache_entry_infow.md
internet_cache_entry_infow	ExpireTime	10	corpus/win32/api/wininet/ns-wininet-internet_cache_entry_infow.md
internet_cache_entry_infow	LastAccessTime	11	corpus/win32/api/wininet/ns-wininet-internet_cache_entry_infow.md
internet_cache_entry_infow	LastSyncTime	12	corpus/win32/api/wininet/ns-wininet-internet_cache_entry_infow.md
internet_cache_entry_infow	lpHeaderInfo	13	corpus/win32/api/wininet/ns-wininet-internet_cache_entry_infow.md
internet_cache_entry_infow	dwHeaderInfoSize	14	corpus/win32/api/wininet/ns-wininet-internet_cache_entry_infow.md
internet_cache_entry_infow	lpszFileExtension	15	corpus/win32/api/wininet/ns-wininet-internet_cache_entry_infow.md
internet_cache_entry_infow	dwReserved	16	corpus/win32/api/wininet/ns-wininet-internet_cache_entry_infow.md
internet_cache_timestamps	ftExpires	1	corpus/win32/api/wininet/ns-wininet-internet_cache_timestamps.md
internet_cache_timestamps	ftLastModified	2	corpus/win32/api/wininet/ns-wininet-internet_cache_timestamps.md
internet_certificate_info	ftExpiry	1	corpus/win32/api/wininet/ns-wininet-internet_certificate_info.md
internet_certificate_info	ftStart	2	corpus/win32/api/wininet/ns-wininet-internet_certificate_info.md
internet_certificate_info	lpszSubjectInfo	3	corpus/win32/api/wininet/ns-wininet-internet_certificate_info.md
internet_certificate_info	lpszIssuerInfo	4	corpus/win32/api/wininet/ns-wininet-internet_certificate_info.md
internet_certificate_info	lpszProtocolName	5	corpus/win32/api/wininet/ns-wininet-internet_certificate_info.md
internet_certificate_info	lpszSignatureAlgName	6	corpus/win32/api/wininet/ns-wininet-internet_certificate_info.md
internet_certificate_info	lpszEncryptionAlgName	7	corpus/win32/api/wininet/ns-wininet-internet_certificate_info.md
internet_certificate_info	dwKeySize	8	corpus/win32/api/wininet/ns-wininet-internet_certificate_info.md
internet_connected_info	dwConnectedState	1	corpus/win32/api/wininet/ns-wininet-internet_connected_info.md
internet_connected_info	dwFlags	2	corpus/win32/api/wininet/ns-wininet-internet_connected_info.md
internet_per_conn_option_lista	dwSize	1	corpus/win32/api/wininet/ns-wininet-internet_per_conn_option_lista.md
internet_per_conn_option_lista	pszConnection	2	corpus/win32/api/wininet/ns-wininet-internet_per_conn_option_lista.md
internet_per_conn_option_lista	dwOptionCount	3	corpus/win32/api/wininet/ns-wininet-internet_per_conn_option_lista.md
internet_per_conn_option_lista	dwOptionError	4	corpus/win32/api/wininet/ns-wininet-internet_per_conn_option_lista.md
internet_per_conn_option_lista	pOptions	5	corpus/win32/api/wininet/ns-wininet-internet_per_conn_option_lista.md
internet_per_conn_option_listw	dwSize	1	corpus/win32/api/wininet/ns-wininet-internet_per_conn_option_listw.md
internet_per_conn_option_listw	pszConnection	2	corpus/win32/api/wininet/ns-wininet-internet_per_conn_option_listw.md
internet_per_conn_option_listw	dwOptionCount	3	corpus/win32/api/wininet/ns-wininet-internet_per_conn_option_listw.md
internet_per_conn_option_listw	dwOptionError	4	corpus/win32/api/wininet/ns-wininet-internet_per_conn_option_listw.md
internet_per_conn_option_listw	pOptions	5	corpus/win32/api/wininet/ns-wininet-internet_per_conn_option_listw.md
internet_per_conn_optiona	dwOption	1	corpus/win32/api/wininet/ns-wininet-internet_per_conn_optiona.md
internet_per_conn_optiona	Value	2	corpus/win32/api/wininet/ns-wininet-internet_per_conn_optiona.md
internet_per_conn_optiona	dwValue	3	corpus/win32/api/wininet/ns-wininet-internet_per_conn_optiona.md
internet_per_conn_optiona	ftValue	4	corpus/win32/api/wininet/ns-wininet-internet_per_conn_optiona.md
internet_per_conn_optionw	dwOption	1	corpus/win32/api/wininet/ns-wininet-internet_per_conn_optionw.md
internet_per_conn_optionw	Value	2	corpus/win32/api/wininet/ns-wininet-internet_per_conn_optionw.md
internet_per_conn_optionw	dwValue	3	corpus/win32/api/wininet/ns-wininet-internet_per_conn_optionw.md
internet_per_conn_optionw	ftValue	4	corpus/win32/api/wininet/ns-wininet-internet_per_conn_optionw.md
internet_proxy_info	dwAccessType	1	corpus/win32/api/wininet/ns-wininet-internet_proxy_info.md
internet_proxy_info	lpszProxy	2	corpus/win32/api/wininet/ns-wininet-internet_proxy_info.md
internet_proxy_info	lpszProxyBypass	3	corpus/win32/api/wininet/ns-wininet-internet_proxy_info.md
internet_scheme	INTERNET_SCHEME_FTP	1	corpus/win32/api/wininet/ne-wininet-internet_scheme.md
internet_scheme	INTERNET_SCHEME_GOPHER	2	corpus/win32/api/wininet/ne-wininet-internet_scheme.md
internet_scheme	INTERNET_SCHEME_HTTP	3	corpus/win32/api/wininet/ne-wininet-internet_scheme.md
internet_scheme	INTERNET_SCHEME_HTTPS	4	corpus/win32/api/wininet/ne-wininet-internet_scheme.md
internet_scheme	INTERNET_SCHEME_FILE	5	corpus/win32/api/wininet/ne-wininet-internet_scheme.md
internet_scheme	INTERNET_SCHEME_NEWS	6	corpus/win32/api/wininet/ne-wininet-internet_scheme.md
internet_scheme	INTERNET_SCHEME_MAILTO	7	corpus/win32/api/wininet/ne-wininet-internet_scheme.md
internet_scheme	INTERNET_SCHEME_SOCKS	8	corpus/win32/api/wininet/ne-wininet-internet_scheme.md
internet_scheme	INTERNET_SCHEME_JAVASCRIPT	9	corpus/win32/api/wininet/ne-wininet-internet_scheme.md
internet_scheme	INTERNET_SCHEME_VBSCRIPT	10	corpus/win32/api/wininet/ne-wininet-internet_scheme.md
internet_scheme	INTERNET_SCHEME_RES	11	corpus/win32/api/wininet/ne-wininet-internet_scheme.md
internet_scheme	INTERNET_SCHEME_FIRST	12	corpus/win32/api/wininet/ne-wininet-internet_scheme.md
internet_scheme	INTERNET_SCHEME_LAST	13	corpus/win32/api/wininet/ne-wininet-internet_scheme.md
internet_version_info	dwMajorVersion	1	corpus/win32/api/wininet/ns-wininet-internet_version_info.md
internet_version_info	dwMinorVersion	2	corpus/win32/api/wininet/ns-wininet-internet_version_info.md
internetcookiestate	COOKIE_STATE_MAX	1	corpus/win32/api/wininet/ne-wininet-internetcookiestate.md
ip4_array	AddrCount	1	corpus/win32/api/windns/ns-windns-ip4_array.md
ip4_array	AddrArray	2	corpus/win32/api/windns/ns-windns-ip4_array.md
ip6_address	IP6Qword	1	corpus/win32/api/windnsdef/ns-windnsdef-ip6_address.md
ip_adapter_index_map	Index	1	corpus/win32/api/ipexport/ns-ipexport-ip_adapter_index_map.md
ip_adapter_index_map	Name	2	corpus/win32/api/ipexport/ns-ipexport-ip_adapter_index_map.md
ip_adapter_info	Next	1	corpus/win32/api/iptypes/ns-iptypes-ip_adapter_info.md
ip_adapter_info	ComboIndex	2	corpus/win32/api/iptypes/ns-iptypes-ip_adapter_info.md
ip_adapter_info	AdapterName	3	corpus/win32/api/iptypes/ns-iptypes-ip_adapter_info.md
ip_adapter_info	Description	4	corpus/win32/api/iptypes/ns-iptypes-ip_adapter_info.md
ip_adapter_info	AddressLength	5	corpus/win32/api/iptypes/ns-iptypes-ip_adapter_info.md
ip_adapter_info	Address	6	corpus/win32/api/iptypes/ns-iptypes-ip_adapter_info.md
ip_adapter_info	Index	7	corpus/win32/api/iptypes/ns-iptypes-ip_adapter_info.md
ip_adapter_info	Type	8	corpus/win32/api/iptypes/ns-iptypes-ip_adapter_info.md
ip_adapter_info	DhcpEnabled	9	corpus/win32/api/iptypes/ns-iptypes-ip_adapter_info.md
ip_adapter_info	CurrentIpAddress	10	corpus/win32/api/iptypes/ns-iptypes-ip_adapter_info.md
ip_adapter_info	IpAddressList	11	corpus/win32/api/iptypes/ns-iptypes-ip_adapter_info.md
ip_adapter_info	GatewayList	12	corpus/win32/api/iptypes/ns-iptypes-ip_adapter_info.md
ip_adapter_info	DhcpServer	13	corpus/win32/api/iptypes/ns-iptypes-ip_adapter_info.md
ip_adapter_info	HaveWins	14	corpus/win32/api/iptypes/ns-iptypes-ip_adapter_info.md
ip_adapter_info	PrimaryWinsServer	15	corpus/win32/api/iptypes/ns-iptypes-ip_adapter_info.md
ip_adapter_info	SecondaryWinsServer	16	corpus/win32/api/iptypes/ns-iptypes-ip_adapter_info.md
ip_adapter_info	LeaseObtained	17	corpus/win32/api/iptypes/ns-iptypes-ip_adapter_info.md
ip_adapter_info	LeaseExpires	18	corpus/win32/api/iptypes/ns-iptypes-ip_adapter_info.md
ip_addr_string	Next	1	corpus/win32/api/iptypes/ns-iptypes-ip_addr_string.md
ip_addr_string	IpAddress	2	corpus/win32/api/iptypes/ns-iptypes-ip_addr_string.md
ip_addr_string	IpMask	3	corpus/win32/api/iptypes/ns-iptypes-ip_addr_string.md
ip_addr_string	Context	4	corpus/win32/api/iptypes/ns-iptypes-ip_addr_string.md
ip_address_string	String	1	corpus/win32/api/iptypes/ns-iptypes-ip_address_string.md
ip_interface_info	NumAdapters	1	corpus/win32/api/ipexport/ns-ipexport-ip_interface_info.md
ip_interface_info	Adapter	2	corpus/win32/api/ipexport/ns-ipexport-ip_interface_info.md
ip_option_information	Ttl	1	corpus/win32/api/ipexport/ns-ipexport-ip_option_information.md
ip_option_information	Tos	2	corpus/win32/api/ipexport/ns-ipexport-ip_option_information.md
ip_option_information	Flags	3	corpus/win32/api/ipexport/ns-ipexport-ip_option_information.md
ip_option_information	OptionsSize	4	corpus/win32/api/ipexport/ns-ipexport-ip_option_information.md
ip_option_information	OptionsData	5	corpus/win32/api/ipexport/ns-ipexport-ip_option_information.md
ip_unidirectional_adapter_address	NumAdapters	1	corpus/win32/api/ipexport/ns-ipexport-ip_unidirectional_adapter_address.md
ip_unidirectional_adapter_address	Address	2	corpus/win32/api/ipexport/ns-ipexport-ip_unidirectional_adapter_address.md
itemidlist	mkid	1	corpus/win32/api/shtypes/ns-shtypes-itemidlist.md
keybdinput	wVk	1	corpus/win32/api/winuser/ns-winuser-keybdinput.md
keybdinput	wScan	2	corpus/win32/api/winuser/ns-winuser-keybdinput.md
keybdinput	dwFlags	3	corpus/win32/api/winuser/ns-winuser-keybdinput.md
keybdinput	time	4	corpus/win32/api/winuser/ns-winuser-keybdinput.md
keybdinput	dwExtraInfo	5	corpus/win32/api/winuser/ns-winuser-keybdinput.md
ldap_referral_callback	SizeOfCallbacks	1	corpus/win32/api/winldap/ns-winldap-ldap_referral_callback.md
ldap_referral_callback	QueryForConnection	2	corpus/win32/api/winldap/ns-winldap-ldap_referral_callback.md
ldap_referral_callback	NotifyRoutine	3	corpus/win32/api/winldap/ns-winldap-ldap_referral_callback.md
ldap_referral_callback	DereferenceRoutine	4	corpus/win32/api/winldap/ns-winldap-ldap_referral_callback.md
ldap_timeval	tv_sec	1	corpus/win32/api/winldap/ns-winldap-ldap_timeval.md
ldap_timeval	tv_usec	2	corpus/win32/api/winldap/ns-winldap-ldap_timeval.md
ldapcontrola	ldctl_oid	1	corpus/win32/api/winldap/ns-winldap-ldapcontrola.md
ldapcontrola	ldctl_value	2	corpus/win32/api/winldap/ns-winldap-ldapcontrola.md
ldapcontrola	ldctl_iscritical	3	corpus/win32/api/winldap/ns-winldap-ldapcontrola.md
ldapcontrolw	ldctl_oid	1	corpus/win32/api/winldap/ns-winldap-ldapcontrolw.md
ldapcontrolw	ldctl_value	2	corpus/win32/api/winldap/ns-winldap-ldapcontrolw.md
ldapcontrolw	ldctl_iscritical	3	corpus/win32/api/winldap/ns-winldap-ldapcontrolw.md
ldapmoda	mod_op	1	corpus/win32/api/winldap/ns-winldap-ldapmoda.md
ldapmoda	mod_type	2	corpus/win32/api/winldap/ns-winldap-ldapmoda.md
ldapmoda	mod_vals	3	corpus/win32/api/winldap/ns-winldap-ldapmoda.md
ldapmodw	mod_op	1	corpus/win32/api/winldap/ns-winldap-ldapmodw.md
ldapmodw	mod_type	2	corpus/win32/api/winldap/ns-winldap-ldapmodw.md
ldapmodw	mod_vals	3	corpus/win32/api/winldap/ns-winldap-ldapmodw.md
ldapsortkeya	sk_attrtype	1	corpus/win32/api/winldap/ns-winldap-ldapsortkeya.md
ldapsortkeya	sk_matchruleoid	2	corpus/win32/api/winldap/ns-winldap-ldapsortkeya.md
ldapsortkeya	sk_reverseorder	3	corpus/win32/api/winldap/ns-winldap-ldapsortkeya.md
ldapsortkeyw	sk_attrtype	1	corpus/win32/api/winldap/ns-winldap-ldapsortkeyw.md
ldapsortkeyw	sk_matchruleoid	2	corpus/win32/api/winldap/ns-winldap-ldapsortkeyw.md
ldapsortkeyw	sk_reverseorder	3	corpus/win32/api/winldap/ns-winldap-ldapsortkeyw.md
licinfo	cbLicInfo	1	corpus/win32/api/ocidl/ns-ocidl-licinfo.md
licinfo	fRuntimeKeyAvail	2	corpus/win32/api/ocidl/ns-ocidl-licinfo.md
licinfo	fLicVerified	3	corpus/win32/api/ocidl/ns-ocidl-licinfo.md
lineaddresscaps	dwTotalSize	1	corpus/win32/api/tapi/ns-tapi-lineaddresscaps.md
lineaddresscaps	dwNeededSize	2	corpus/win32/api/tapi/ns-tapi-lineaddresscaps.md
lineaddresscaps	dwUsedSize	3	corpus/win32/api/tapi/ns-tapi-lineaddresscaps.md
lineaddresscaps	dwLineDeviceID	4	corpus/win32/api/tapi/ns-tapi-lineaddresscaps.md
lineaddresscaps	dwAddressSize	5	corpus/win32/api/tapi/ns-tapi-lineaddresscaps.md
lineaddresscaps	dwAddressOffset	6	corpus/win32/api/tapi/ns-tapi-lineaddresscaps.md
lineaddresscaps	dwDevSpecificSize	7	corpus/win32/api/tapi/ns-tapi-lineaddresscaps.md
lineaddresscaps	dwDevSpecificOffset	8	corpus/win32/api/tapi/ns-tapi-lineaddresscaps.md
lineaddresscaps	dwAddressSharing	9	corpus/win32/api/tapi/ns-tapi-lineaddresscaps.md
lineaddresscaps	dwAddressStates	10	corpus/win32/api/tapi/ns-tapi-lineaddresscaps.md
lineaddresscaps	dwCallInfoStates	11	corpus/win32/api/tapi/ns-tapi-lineaddresscaps.md
lineaddresscaps	dwCallerIDFlags	12	corpus/win32/api/tapi/ns-tapi-lineaddresscaps.md
lineaddresscaps	dwCalledIDFlags	13	corpus/win32/api/tapi/ns-tapi-lineaddresscaps.md
lineaddresscaps	dwConnectedIDFlags	14	corpus/win32/api/tapi/ns-tapi-lineaddresscaps.md
lineaddresscaps	dwRedirectionIDFlags	15	corpus/win32/api/tapi/ns-tapi-lineaddresscaps.md
lineaddresscaps	dwRedirectingIDFlags	16	corpus/win32/api/tapi/ns-tapi-lineaddresscaps.md
lineaddresscaps	dwCallStates	17	corpus/win32/api/tapi/ns-tapi-lineaddresscaps.md
lineaddresscaps	dwDialToneModes	18	corpus/win32/api/tapi/ns-tapi-lineaddresscaps.md
lineaddresscaps	dwBusyModes	19	corpus/win32/api/tapi/ns-tapi-lineaddresscaps.md
lineaddresscaps	dwSpecialInfo	20	corpus/win32/api/tapi/ns-tapi-lineaddresscaps.md
lineaddresscaps	dwDisconnectModes	21	corpus/win32/api/tapi/ns-tapi-lineaddresscaps.md
lineaddresscaps	dwMaxNumActiveCalls	22	corpus/win32/api/tapi/ns-tapi-lineaddresscaps.md
lineaddresscaps	dwMaxNumOnHoldCalls	23	corpus/win32/api/tapi/ns-tapi-lineaddresscaps.md
lineaddresscaps	dwMaxNumOnHoldPendingCalls	24	corpus/win32/api/tapi/ns-tapi-lineaddresscaps.md
lineaddresscaps	dwMaxNumConference	25	corpus/win32/api/tapi/ns-tapi-lineaddresscaps.md
lineaddresscaps	dwMaxNumTransConf	26	corpus/win32/api/tapi/ns-tapi-lineaddresscaps.md
lineaddresscaps	dwAddrCapFlags	27	corpus/win32/api/tapi/ns-tapi-lineaddresscaps.md
lineaddresscaps	dwCallFeatures	28	corpus/win32/api/tapi/ns-tapi-lineaddresscaps.md
lineaddresscaps	dwRemoveFromConfCaps	29	corpus/win32/api/tapi/ns-tapi-lineaddresscaps.md
lineaddresscaps	dwRemoveFromConfState	30	corpus/win32/api/tapi/ns-tapi-lineaddresscaps.md
lineaddresscaps	dwTransferModes	31	corpus/win32/api/tapi/ns-tapi-lineaddresscaps.md
lineaddresscaps	dwParkModes	32	corpus/win32/api/tapi/ns-tapi-lineaddresscaps.md
lineaddresscaps	dwForwardModes	33	corpus/win32/api/tapi/ns-tapi-lineaddresscaps.md
lineaddresscaps	dwMaxForwardEntries	34	corpus/win32/api/tapi/ns-tapi-lineaddresscaps.md
lineaddresscaps	dwMaxSpecificEntries	35	corpus/win32/api/tapi/ns-tapi-lineaddresscaps.md
lineaddresscaps	dwMinFwdNumRings	36	corpus/win32/api/tapi/ns-tapi-lineaddresscaps.md
lineaddresscaps	dwMaxFwdNumRings	37	corpus/win32/api/tapi/ns-tapi-lineaddresscaps.md
lineaddresscaps	dwMaxCallCompletions	38	corpus/win32/api/tapi/ns-tapi-lineaddresscaps.md
lineaddresscaps	dwCallCompletionConds	39	corpus/win32/api/tapi/ns-tapi-lineaddresscaps.md
lineaddresscaps	dwCallCompletionModes	40	corpus/win32/api/tapi/ns-tapi-lineaddresscaps.md
lineaddresscaps	dwNumCompletionMessages	41	corpus/win32/api/tapi/ns-tapi-lineaddresscaps.md
lineaddresscaps	dwCompletionMsgTextEntrySize	42	corpus/win32/api/tapi/ns-tapi-lineaddresscaps.md
lineaddresscaps	dwCompletionMsgTextSize	43	corpus/win32/api/tapi/ns-tapi-lineaddresscaps.md
lineaddresscaps	dwCompletionMsgTextOffset	44	corpus/win32/api/tapi/ns-tapi-lineaddresscaps.md
lineaddresscaps	dwAddressFeatures	45	corpus/win32/api/tapi/ns-tapi-lineaddresscaps.md
lineaddresscaps	dwPredictiveAutoTransferStates	46	corpus/win32/api/tapi/ns-tapi-lineaddresscaps.md
lineaddresscaps	dwNumCallTreatments	47	corpus/win32/api/tapi/ns-tapi-lineaddresscaps.md
lineaddresscaps	dwCallTreatmentListSize	48	corpus/win32/api/tapi/ns-tapi-lineaddresscaps.md
lineaddresscaps	dwCallTreatmentListOffset	49	corpus/win32/api/tapi/ns-tapi-lineaddresscaps.md
lineaddresscaps	dwDeviceClassesSize	50	corpus/win32/api/tapi/ns-tapi-lineaddresscaps.md
lineaddresscaps	dwDeviceClassesOffset	51	corpus/win32/api/tapi/ns-tapi-lineaddresscaps.md
lineaddresscaps	dwMaxCallDataSize	52	corpus/win32/api/tapi/ns-tapi-lineaddresscaps.md
lineaddresscaps	dwCallFeatures2	53	corpus/win32/api/tapi/ns-tapi-lineaddresscaps.md
lineaddresscaps	dwMaxNoAnswerTimeout	54	corpus/win32/api/tapi/ns-tapi-lineaddresscaps.md
lineaddresscaps	dwConnectedModes	55	corpus/win32/api/tapi/ns-tapi-lineaddresscaps.md
lineaddresscaps	dwOfferingModes	56	corpus/win32/api/tapi/ns-tapi-lineaddresscaps.md
lineaddresscaps	dwAvailableMediaModes	57	corpus/win32/api/tapi/ns-tapi-lineaddresscaps.md
lineaddressstatus	dwTotalSize	1	corpus/win32/api/tapi/ns-tapi-lineaddressstatus.md
lineaddressstatus	dwNeededSize	2	corpus/win32/api/tapi/ns-tapi-lineaddressstatus.md
lineaddressstatus	dwUsedSize	3	corpus/win32/api/tapi/ns-tapi-lineaddressstatus.md
lineaddressstatus	dwNumInUse	4	corpus/win32/api/tapi/ns-tapi-lineaddressstatus.md
lineaddressstatus	dwNumActiveCalls	5	corpus/win32/api/tapi/ns-tapi-lineaddressstatus.md
lineaddressstatus	dwNumOnHoldCalls	6	corpus/win32/api/tapi/ns-tapi-lineaddressstatus.md
lineaddressstatus	dwNumOnHoldPendCalls	7	corpus/win32/api/tapi/ns-tapi-lineaddressstatus.md
lineaddressstatus	dwAddressFeatures	8	corpus/win32/api/tapi/ns-tapi-lineaddressstatus.md
lineaddressstatus	dwNumRingsNoAnswer	9	corpus/win32/api/tapi/ns-tapi-lineaddressstatus.md
lineaddressstatus	dwForwardNumEntries	10	corpus/win32/api/tapi/ns-tapi-lineaddressstatus.md
lineaddressstatus	dwForwardSize	11	corpus/win32/api/tapi/ns-tapi-lineaddressstatus.md
lineaddressstatus	dwForwardOffset	12	corpus/win32/api/tapi/ns-tapi-lineaddressstatus.md
lineaddressstatus	dwTerminalModesSize	13	corpus/win32/api/tapi/ns-tapi-lineaddressstatus.md
lineaddressstatus	dwTerminalModesOffset	14	corpus/win32/api/tapi/ns-tapi-lineaddressstatus.md
lineaddressstatus	dwDevSpecificSize	15	corpus/win32/api/tapi/ns-tapi-lineaddressstatus.md
lineaddressstatus	dwDevSpecificOffset	16	corpus/win32/api/tapi/ns-tapi-lineaddressstatus.md
linecallinfo	dwTotalSize	1	corpus/win32/api/tapi/ns-tapi-linecallinfo.md
linecallinfo	dwNeededSize	2	corpus/win32/api/tapi/ns-tapi-linecallinfo.md
linecallinfo	dwUsedSize	3	corpus/win32/api/tapi/ns-tapi-linecallinfo.md
linecallinfo	hLine	4	corpus/win32/api/tapi/ns-tapi-linecallinfo.md
linecallinfo	dwLineDeviceID	5	corpus/win32/api/tapi/ns-tapi-linecallinfo.md
linecallinfo	dwAddressID	6	corpus/win32/api/tapi/ns-tapi-linecallinfo.md
linecallinfo	dwBearerMode	7	corpus/win32/api/tapi/ns-tapi-linecallinfo.md
linecallinfo	dwRate	8	corpus/win32/api/tapi/ns-tapi-linecallinfo.md
linecallinfo	dwMediaMode	9	corpus/win32/api/tapi/ns-tapi-linecallinfo.md
linecallinfo	dwAppSpecific	10	corpus/win32/api/tapi/ns-tapi-linecallinfo.md
linecallinfo	dwCallID	11	corpus/win32/api/tapi/ns-tapi-linecallinfo.md
linecallinfo	dwRelatedCallID	12	corpus/win32/api/tapi/ns-tapi-linecallinfo.md
linecallinfo	dwCallParamFlags	13	corpus/win32/api/tapi/ns-tapi-linecallinfo.md
linecallinfo	dwCallStates	14	corpus/win32/api/tapi/ns-tapi-linecallinfo.md
linecallinfo	dwMonitorDigitModes	15	corpus/win32/api/tapi/ns-tapi-linecallinfo.md
linecallinfo	dwMonitorMediaModes	16	corpus/win32/api/tapi/ns-tapi-linecallinfo.md
linecallinfo	DialParams	17	corpus/win32/api/tapi/ns-tapi-linecallinfo.md
linecallinfo	dwOrigin	18	corpus/win32/api/tapi/ns-tapi-linecallinfo.md
linecallinfo	dwReason	19	corpus/win32/api/tapi/ns-tapi-linecallinfo.md
linecallinfo	dwCompletionID	20	corpus/win32/api/tapi/ns-tapi-linecallinfo.md
linecallinfo	dwNumOwners	21	corpus/win32/api/tapi/ns-tapi-linecallinfo.md
linecallinfo	dwNumMonitors	22	corpus/win32/api/tapi/ns-tapi-linecallinfo.md
linecallinfo	dwCountryCode	23	corpus/win32/api/tapi/ns-tapi-linecallinfo.md
linecallinfo	dwTrunk	24	corpus/win32/api/tapi/ns-tapi-linecallinfo.md
linecallinfo	dwCallerIDFlags	25	corpus/win32/api/tapi/ns-tapi-linecallinfo.md
linecallinfo	dwCallerIDSize	26	corpus/win32/api/tapi/ns-tapi-linecallinfo.md
linecallinfo	dwCallerIDOffset	27	corpus/win32/api/tapi/ns-tapi-linecallinfo.md
linecallinfo	dwCallerIDNameSize	28	corpus/win32/api/tapi/ns-tapi-linecallinfo.md
linecallinfo	dwCallerIDNameOffset	29	corpus/win32/api/tapi/ns-tapi-linecallinfo.md
linecallinfo	dwCalledIDFlags	30	corpus/win32/api/tapi/ns-tapi-linecallinfo.md
linecallinfo	dwCalledIDSize	31	corpus/win32/api/tapi/ns-tapi-linecallinfo.md
linecallinfo	dwCalledIDOffset	32	corpus/win32/api/tapi/ns-tapi-linecallinfo.md
linecallinfo	dwCalledIDNameSize	33	corpus/win32/api/tapi/ns-tapi-linecallinfo.md
linecallinfo	dwCalledIDNameOffset	34	corpus/win32/api/tapi/ns-tapi-linecallinfo.md
linecallinfo	dwConnectedIDFlags	35	corpus/win32/api/tapi/ns-tapi-linecallinfo.md
linecallinfo	dwConnectedIDSize	36	corpus/win32/api/tapi/ns-tapi-linecallinfo.md
linecallinfo	dwConnectedIDOffset	37	corpus/win32/api/tapi/ns-tapi-linecallinfo.md
linecallinfo	dwConnectedIDNameSize	38	corpus/win32/api/tapi/ns-tapi-linecallinfo.md
linecallinfo	dwConnectedIDNameOffset	39	corpus/win32/api/tapi/ns-tapi-linecallinfo.md
linecallinfo	dwRedirectionIDFlags	40	corpus/win32/api/tapi/ns-tapi-linecallinfo.md
linecallinfo	dwRedirectionIDSize	41	corpus/win32/api/tapi/ns-tapi-linecallinfo.md
linecallinfo	dwRedirectionIDOffset	42	corpus/win32/api/tapi/ns-tapi-linecallinfo.md
linecallinfo	dwRedirectionIDNameSize	43	corpus/win32/api/tapi/ns-tapi-linecallinfo.md
linecallinfo	dwRedirectionIDNameOffset	44	corpus/win32/api/tapi/ns-tapi-linecallinfo.md
linecallinfo	dwRedirectingIDFlags	45	corpus/win32/api/tapi/ns-tapi-linecallinfo.md
linecallinfo	dwRedirectingIDSize	46	corpus/win32/api/tapi/ns-tapi-linecallinfo.md
linecallinfo	dwRedirectingIDOffset	47	corpus/win32/api/tapi/ns-tapi-linecallinfo.md
linecallinfo	dwRedirectingIDNameSize	48	corpus/win32/api/tapi/ns-tapi-linecallinfo.md
linecallinfo	dwRedirectingIDNameOffset	49	corpus/win32/api/tapi/ns-tapi-linecallinfo.md
linecallinfo	dwAppNameSize	50	corpus/win32/api/tapi/ns-tapi-linecallinfo.md
linecallinfo	dwAppNameOffset	51	corpus/win32/api/tapi/ns-tapi-linecallinfo.md
linecallinfo	dwDisplayableAddressSize	52	corpus/win32/api/tapi/ns-tapi-linecallinfo.md
linecallinfo	dwDisplayableAddressOffset	53	corpus/win32/api/tapi/ns-tapi-linecallinfo.md
linecallinfo	dwCalledPartySize	54	corpus/win32/api/tapi/ns-tapi-linecallinfo.md
linecallinfo	dwCalledPartyOffset	55	corpus/win32/api/tapi/ns-tapi-linecallinfo.md
linecallinfo	dwCommentSize	56	corpus/win32/api/tapi/ns-tapi-linecallinfo.md
linecallinfo	dwCommentOffset	57	corpus/win32/api/tapi/ns-tapi-linecallinfo.md
linecallinfo	dwDisplaySize	58	corpus/win32/api/tapi/ns-tapi-linecallinfo.md
linecallinfo	dwDisplayOffset	59	corpus/win32/api/tapi/ns-tapi-linecallinfo.md
linecallinfo	dwUserUserInfoSize	60	corpus/win32/api/tapi/ns-tapi-linecallinfo.md
linecallinfo	dwUserUserInfoOffset	61	corpus/win32/api/tapi/ns-tapi-linecallinfo.md
linecallinfo	dwHighLevelCompSize	62	corpus/win32/api/tapi/ns-tapi-linecallinfo.md
linecallinfo	dwHighLevelCompOffset	63	corpus/win32/api/tapi/ns-tapi-linecallinfo.md
linecallinfo	dwLowLevelCompSize	64	corpus/win32/api/tapi/ns-tapi-linecallinfo.md
linecallinfo	dwLowLevelCompOffset	65	corpus/win32/api/tapi/ns-tapi-linecallinfo.md
linecallinfo	dwChargingInfoSize	66	corpus/win32/api/tapi/ns-tapi-linecallinfo.md
linecallinfo	dwChargingInfoOffset	67	corpus/win32/api/tapi/ns-tapi-linecallinfo.md
linecallinfo	dwTerminalModesSize	68	corpus/win32/api/tapi/ns-tapi-linecallinfo.md
linecallinfo	dwTerminalModesOffset	69	corpus/win32/api/tapi/ns-tapi-linecallinfo.md
linecallinfo	dwDevSpecificSize	70	corpus/win32/api/tapi/ns-tapi-linecallinfo.md
linecallinfo	dwDevSpecificOffset	71	corpus/win32/api/tapi/ns-tapi-linecallinfo.md
linecallinfo	dwCallTreatment	72	corpus/win32/api/tapi/ns-tapi-linecallinfo.md
linecallinfo	dwCallDataSize	73	corpus/win32/api/tapi/ns-tapi-linecallinfo.md
linecallinfo	dwCallDataOffset	74	corpus/win32/api/tapi/ns-tapi-linecallinfo.md
linecallinfo	dwSendingFlowspecSize	75	corpus/win32/api/tapi/ns-tapi-linecallinfo.md
linecallinfo	dwSendingFlowspecOffset	76	corpus/win32/api/tapi/ns-tapi-linecallinfo.md
linecallinfo	dwReceivingFlowspecSize	77	corpus/win32/api/tapi/ns-tapi-linecallinfo.md
linecallinfo	dwReceivingFlowspecOffset	78	corpus/win32/api/tapi/ns-tapi-linecallinfo.md
linecallinfo	dwCallerIDAddressType	79	corpus/win32/api/tapi/ns-tapi-linecallinfo.md
linecallinfo	dwCalledIDAddressType	80	corpus/win32/api/tapi/ns-tapi-linecallinfo.md
linecallinfo	dwConnectedIDAddressType	81	corpus/win32/api/tapi/ns-tapi-linecallinfo.md
linecallinfo	dwRedirectionIDAddressType	82	corpus/win32/api/tapi/ns-tapi-linecallinfo.md
linecallinfo	dwRedirectingIDAddressType	83	corpus/win32/api/tapi/ns-tapi-linecallinfo.md
linecalllist	dwTotalSize	1	corpus/win32/api/tapi/ns-tapi-linecalllist.md
linecalllist	dwNeededSize	2	corpus/win32/api/tapi/ns-tapi-linecalllist.md
linecalllist	dwUsedSize	3	corpus/win32/api/tapi/ns-tapi-linecalllist.md
linecalllist	dwCallsNumEntries	4	corpus/win32/api/tapi/ns-tapi-linecalllist.md
linecalllist	dwCallsSize	5	corpus/win32/api/tapi/ns-tapi-linecalllist.md
linecalllist	dwCallsOffset	6	corpus/win32/api/tapi/ns-tapi-linecalllist.md
linecallparams	dwTotalSize	1	corpus/win32/api/tapi/ns-tapi-linecallparams.md
linecallparams	dwBearerMode	2	corpus/win32/api/tapi/ns-tapi-linecallparams.md
linecallparams	dwMinRate	3	corpus/win32/api/tapi/ns-tapi-linecallparams.md
linecallparams	dwMaxRate	4	corpus/win32/api/tapi/ns-tapi-linecallparams.md
linecallparams	dwMediaMode	5	corpus/win32/api/tapi/ns-tapi-linecallparams.md
linecallparams	dwCallParamFlags	6	corpus/win32/api/tapi/ns-tapi-linecallparams.md
linecallparams	dwAddressMode	7	corpus/win32/api/tapi/ns-tapi-linecallparams.md
linecallparams	dwAddressID	8	corpus/win32/api/tapi/ns-tapi-linecallparams.md
linecallparams	DialParams	9	corpus/win32/api/tapi/ns-tapi-linecallparams.md
linecallparams	dwOrigAddressSize	10	corpus/win32/api/tapi/ns-tapi-linecallparams.md
linecallparams	dwOrigAddressOffset	11	corpus/win32/api/tapi/ns-tapi-linecallparams.md
linecallparams	dwDisplayableAddressSize	12	corpus/win32/api/tapi/ns-tapi-linecallparams.md
linecallparams	dwDisplayableAddressOffset	13	corpus/win32/api/tapi/ns-tapi-linecallparams.md
linecallparams	dwCalledPartySize	14	corpus/win32/api/tapi/ns-tapi-linecallparams.md
linecallparams	dwCalledPartyOffset	15	corpus/win32/api/tapi/ns-tapi-linecallparams.md
linecallparams	dwCommentSize	16	corpus/win32/api/tapi/ns-tapi-linecallparams.md
linecallparams	dwCommentOffset	17	corpus/win32/api/tapi/ns-tapi-linecallparams.md
linecallparams	dwUserUserInfoSize	18	corpus/win32/api/tapi/ns-tapi-linecallparams.md
linecallparams	dwUserUserInfoOffset	19	corpus/win32/api/tapi/ns-tapi-linecallparams.md
linecallparams	dwHighLevelCompSize	20	corpus/win32/api/tapi/ns-tapi-linecallparams.md
linecallparams	dwHighLevelCompOffset	21	corpus/win32/api/tapi/ns-tapi-linecallparams.md
linecallparams	dwLowLevelCompSize	22	corpus/win32/api/tapi/ns-tapi-linecallparams.md
linecallparams	dwLowLevelCompOffset	23	corpus/win32/api/tapi/ns-tapi-linecallparams.md
linecallparams	dwDevSpecificSize	24	corpus/win32/api/tapi/ns-tapi-linecallparams.md
linecallparams	dwDevSpecificOffset	25	corpus/win32/api/tapi/ns-tapi-linecallparams.md
linecallparams	dwPredictiveAutoTransferStates	26	corpus/win32/api/tapi/ns-tapi-linecallparams.md
linecallparams	dwTargetAddressSize	27	corpus/win32/api/tapi/ns-tapi-linecallparams.md
linecallparams	dwTargetAddressOffset	28	corpus/win32/api/tapi/ns-tapi-linecallparams.md
linecallparams	dwSendingFlowspecSize	29	corpus/win32/api/tapi/ns-tapi-linecallparams.md
linecallparams	dwSendingFlowspecOffset	30	corpus/win32/api/tapi/ns-tapi-linecallparams.md
linecallparams	dwReceivingFlowspecSize	31	corpus/win32/api/tapi/ns-tapi-linecallparams.md
linecallparams	dwReceivingFlowspecOffset	32	corpus/win32/api/tapi/ns-tapi-linecallparams.md
linecallparams	dwDeviceClassSize	33	corpus/win32/api/tapi/ns-tapi-linecallparams.md
linecallparams	dwDeviceClassOffset	34	corpus/win32/api/tapi/ns-tapi-linecallparams.md
linecallparams	dwDeviceConfigSize	35	corpus/win32/api/tapi/ns-tapi-linecallparams.md
linecallparams	dwDeviceConfigOffset	36	corpus/win32/api/tapi/ns-tapi-linecallparams.md
linecallparams	dwCallDataSize	37	corpus/win32/api/tapi/ns-tapi-linecallparams.md
linecallparams	dwCallDataOffset	38	corpus/win32/api/tapi/ns-tapi-linecallparams.md
linecallparams	dwNoAnswerTimeout	39	corpus/win32/api/tapi/ns-tapi-linecallparams.md
linecallparams	dwCallingPartyIDSize	40	corpus/win32/api/tapi/ns-tapi-linecallparams.md
linecallparams	dwCallingPartyIDOffset	41	corpus/win32/api/tapi/ns-tapi-linecallparams.md
linecallparams	dwAddressType	42	corpus/win32/api/tapi/ns-tapi-linecallparams.md
linecallstatus	dwTotalSize	1	corpus/win32/api/tapi/ns-tapi-linecallstatus.md
linecallstatus	dwNeededSize	2	corpus/win32/api/tapi/ns-tapi-linecallstatus.md
linecallstatus	dwUsedSize	3	corpus/win32/api/tapi/ns-tapi-linecallstatus.md
linecallstatus	dwCallState	4	corpus/win32/api/tapi/ns-tapi-linecallstatus.md
linecallstatus	dwCallStateMode	5	corpus/win32/api/tapi/ns-tapi-linecallstatus.md
linecallstatus	dwCallPrivilege	6	corpus/win32/api/tapi/ns-tapi-linecallstatus.md
linecallstatus	dwCallFeatures	7	corpus/win32/api/tapi/ns-tapi-linecallstatus.md
linecallstatus	dwDevSpecificSize	8	corpus/win32/api/tapi/ns-tapi-linecallstatus.md
linecallstatus	dwDevSpecificOffset	9	corpus/win32/api/tapi/ns-tapi-linecallstatus.md
linecallstatus	dwCallFeatures2	10	corpus/win32/api/tapi/ns-tapi-linecallstatus.md
linecallstatus	tStateEntryTime	11	corpus/win32/api/tapi/ns-tapi-linecallstatus.md
linecalltreatmententry	dwCallTreatmentID	1	corpus/win32/api/tapi/ns-tapi-linecalltreatmententry.md
linecalltreatmententry	dwCallTreatmentNameSize	2	corpus/win32/api/tapi/ns-tapi-linecalltreatmententry.md
linecalltreatmententry	dwCallTreatmentNameOffset	3	corpus/win32/api/tapi/ns-tapi-linecalltreatmententry.md
linedevcaps	dwTotalSize	1	corpus/win32/api/tapi/ns-tapi-linedevcaps.md
linedevcaps	dwNeededSize	2	corpus/win32/api/tapi/ns-tapi-linedevcaps.md
linedevcaps	dwUsedSize	3	corpus/win32/api/tapi/ns-tapi-linedevcaps.md
linedevcaps	dwProviderInfoSize	4	corpus/win32/api/tapi/ns-tapi-linedevcaps.md
linedevcaps	dwProviderInfoOffset	5	corpus/win32/api/tapi/ns-tapi-linedevcaps.md
linedevcaps	dwSwitchInfoSize	6	corpus/win32/api/tapi/ns-tapi-linedevcaps.md
linedevcaps	dwSwitchInfoOffset	7	corpus/win32/api/tapi/ns-tapi-linedevcaps.md
linedevcaps	dwPermanentLineID	8	corpus/win32/api/tapi/ns-tapi-linedevcaps.md
linedevcaps	dwLineNameSize	9	corpus/win32/api/tapi/ns-tapi-linedevcaps.md
linedevcaps	dwLineNameOffset	10	corpus/win32/api/tapi/ns-tapi-linedevcaps.md
linedevcaps	dwStringFormat	11	corpus/win32/api/tapi/ns-tapi-linedevcaps.md
linedevcaps	dwAddressModes	12	corpus/win32/api/tapi/ns-tapi-linedevcaps.md
linedevcaps	dwNumAddresses	13	corpus/win32/api/tapi/ns-tapi-linedevcaps.md
linedevcaps	dwBearerModes	14	corpus/win32/api/tapi/ns-tapi-linedevcaps.md
linedevcaps	dwMaxRate	15	corpus/win32/api/tapi/ns-tapi-linedevcaps.md
linedevcaps	dwMediaModes	16	corpus/win32/api/tapi/ns-tapi-linedevcaps.md
linedevcaps	dwGenerateToneModes	17	corpus/win32/api/tapi/ns-tapi-linedevcaps.md
linedevcaps	dwGenerateToneMaxNumFreq	18	corpus/win32/api/tapi/ns-tapi-linedevcaps.md
linedevcaps	dwGenerateDigitModes	19	corpus/win32/api/tapi/ns-tapi-linedevcaps.md
linedevcaps	dwMonitorToneMaxNumFreq	20	corpus/win32/api/tapi/ns-tapi-linedevcaps.md
linedevcaps	dwMonitorToneMaxNumEntries	21	corpus/win32/api/tapi/ns-tapi-linedevcaps.md
linedevcaps	dwMonitorDigitModes	22	corpus/win32/api/tapi/ns-tapi-linedevcaps.md
linedevcaps	dwGatherDigitsMinTimeout	23	corpus/win32/api/tapi/ns-tapi-linedevcaps.md
linedevcaps	dwGatherDigitsMaxTimeout	24	corpus/win32/api/tapi/ns-tapi-linedevcaps.md
linedevcaps	dwMedCtlDigitMaxListSize	25	corpus/win32/api/tapi/ns-tapi-linedevcaps.md
linedevcaps	dwMedCtlMediaMaxListSize	26	corpus/win32/api/tapi/ns-tapi-linedevcaps.md
linedevcaps	dwMedCtlToneMaxListSize	27	corpus/win32/api/tapi/ns-tapi-linedevcaps.md
linedevcaps	dwMedCtlCallStateMaxListSize	28	corpus/win32/api/tapi/ns-tapi-linedevcaps.md
linedevcaps	dwDevCapFlags	29	corpus/win32/api/tapi/ns-tapi-linedevcaps.md
linedevcaps	dwMaxNumActiveCalls	30	corpus/win32/api/tapi/ns-tapi-linedevcaps.md
linedevcaps	dwAnswerMode	31	corpus/win32/api/tapi/ns-tapi-linedevcaps.md
linedevcaps	dwRingModes	32	corpus/win32/api/tapi/ns-tapi-linedevcaps.md
linedevcaps	dwLineStates	33	corpus/win32/api/tapi/ns-tapi-linedevcaps.md
linedevcaps	dwUUIAcceptSize	34	corpus/win32/api/tapi/ns-tapi-linedevcaps.md
linedevcaps	dwUUIAnswerSize	35	corpus/win32/api/tapi/ns-tapi-linedevcaps.md
linedevcaps	dwUUIMakeCallSize	36	corpus/win32/api/tapi/ns-tapi-linedevcaps.md
linedevcaps	dwUUIDropSize	37	corpus/win32/api/tapi/ns-tapi-linedevcaps.md
linedevcaps	dwUUISendUserUserInfoSize	38	corpus/win32/api/tapi/ns-tapi-linedevcaps.md
linedevcaps	dwUUICallInfoSize	39	corpus/win32/api/tapi/ns-tapi-linedevcaps.md
linedevcaps	MinDialParams	40	corpus/win32/api/tapi/ns-tapi-linedevcaps.md
linedevcaps	MaxDialParams	41	corpus/win32/api/tapi/ns-tapi-linedevcaps.md
linedevcaps	DefaultDialParams	42	corpus/win32/api/tapi/ns-tapi-linedevcaps.md
linedevcaps	dwNumTerminals	43	corpus/win32/api/tapi/ns-tapi-linedevcaps.md
linedevcaps	dwTerminalCapsSize	44	corpus/win32/api/tapi/ns-tapi-linedevcaps.md
linedevcaps	dwTerminalCapsOffset	45	corpus/win32/api/tapi/ns-tapi-linedevcaps.md
linedevcaps	dwTerminalTextEntrySize	46	corpus/win32/api/tapi/ns-tapi-linedevcaps.md
linedevcaps	dwTerminalTextSize	47	corpus/win32/api/tapi/ns-tapi-linedevcaps.md
linedevcaps	dwTerminalTextOffset	48	corpus/win32/api/tapi/ns-tapi-linedevcaps.md
linedevcaps	dwDevSpecificSize	49	corpus/win32/api/tapi/ns-tapi-linedevcaps.md
linedevcaps	dwDevSpecificOffset	50	corpus/win32/api/tapi/ns-tapi-linedevcaps.md
linedevcaps	dwLineFeatures	51	corpus/win32/api/tapi/ns-tapi-linedevcaps.md
linedevcaps	dwSettableDevStatus	52	corpus/win32/api/tapi/ns-tapi-linedevcaps.md
linedevcaps	dwDeviceClassesSize	53	corpus/win32/api/tapi/ns-tapi-linedevcaps.md
linedevcaps	dwDeviceClassesOffset	54	corpus/win32/api/tapi/ns-tapi-linedevcaps.md
linedevcaps	PermanentLineGuid	55	corpus/win32/api/tapi/ns-tapi-linedevcaps.md
linedevcaps	dwAddressTypes	56	corpus/win32/api/tapi/ns-tapi-linedevcaps.md
linedevcaps	ProtocolGuid	57	corpus/win32/api/tapi/ns-tapi-linedevcaps.md
linedevcaps	dwAvailableTracking	58	corpus/win32/api/tapi/ns-tapi-linedevcaps.md
linedevstatus	dwTotalSize	1	corpus/win32/api/tapi/ns-tapi-linedevstatus.md
linedevstatus	dwNeededSize	2	corpus/win32/api/tapi/ns-tapi-linedevstatus.md
linedevstatus	dwUsedSize	3	corpus/win32/api/tapi/ns-tapi-linedevstatus.md
linedevstatus	dwNumOpens	4	corpus/win32/api/tapi/ns-tapi-linedevstatus.md
linedevstatus	dwOpenMediaModes	5	corpus/win32/api/tapi/ns-tapi-linedevstatus.md
linedevstatus	dwNumActiveCalls	6	corpus/win32/api/tapi/ns-tapi-linedevstatus.md
linedevstatus	dwNumOnHoldCalls	7	corpus/win32/api/tapi/ns-tapi-linedevstatus.md
linedevstatus	dwNumOnHoldPendCalls	8	corpus/win32/api/tapi/ns-tapi-linedevstatus.md
linedevstatus	dwLineFeatures	9	corpus/win32/api/tapi/ns-tapi-linedevstatus.md
linedevstatus	dwNumCallCompletions	10	corpus/win32/api/tapi/ns-tapi-linedevstatus.md
linedevstatus	dwRingMode	11	corpus/win32/api/tapi/ns-tapi-linedevstatus.md
linedevstatus	dwSignalLevel	12	corpus/win32/api/tapi/ns-tapi-linedevstatus.md
linedevstatus	dwBatteryLevel	13	corpus/win32/api/tapi/ns-tapi-linedevstatus.md
linedevstatus	dwRoamMode	14	corpus/win32/api/tapi/ns-tapi-linedevstatus.md
linedevstatus	dwDevStatusFlags	15	corpus/win32/api/tapi/ns-tapi-linedevstatus.md
linedevstatus	dwTerminalModesSize	16	corpus/win32/api/tapi/ns-tapi-linedevstatus.md
linedevstatus	dwTerminalModesOffset	17	corpus/win32/api/tapi/ns-tapi-linedevstatus.md
linedevstatus	dwDevSpecificSize	18	corpus/win32/api/tapi/ns-tapi-linedevstatus.md
linedevstatus	dwDevSpecificOffset	19	corpus/win32/api/tapi/ns-tapi-linedevstatus.md
linedevstatus	dwAvailableMediaModes	20	corpus/win32/api/tapi/ns-tapi-linedevstatus.md
linedevstatus	dwAppInfoSize	21	corpus/win32/api/tapi/ns-tapi-linedevstatus.md
linedevstatus	dwAppInfoOffset	22	corpus/win32/api/tapi/ns-tapi-linedevstatus.md
linedialparams	dwDialPause	1	corpus/win32/api/tapi/ns-tapi-linedialparams.md
linedialparams	dwDialSpeed	2	corpus/win32/api/tapi/ns-tapi-linedialparams.md
linedialparams	dwDigitDuration	3	corpus/win32/api/tapi/ns-tapi-linedialparams.md
linedialparams	dwWaitForDialtone	4	corpus/win32/api/tapi/ns-tapi-linedialparams.md
lineextensionid	dwExtensionID0	1	corpus/win32/api/tapi/ns-tapi-lineextensionid.md
lineextensionid	dwExtensionID1	2	corpus/win32/api/tapi/ns-tapi-lineextensionid.md
lineextensionid	dwExtensionID2	3	corpus/win32/api/tapi/ns-tapi-lineextensionid.md
lineextensionid	dwExtensionID3	4	corpus/win32/api/tapi/ns-tapi-lineextensionid.md
lineforward	dwForwardMode	1	corpus/win32/api/tapi/ns-tapi-lineforward.md
lineforward	dwCallerAddressSize	2	corpus/win32/api/tapi/ns-tapi-lineforward.md
lineforward	dwCallerAddressOffset	3	corpus/win32/api/tapi/ns-tapi-lineforward.md
lineforward	dwDestCountryCode	4	corpus/win32/api/tapi/ns-tapi-lineforward.md
lineforward	dwDestAddressSize	5	corpus/win32/api/tapi/ns-tapi-lineforward.md
lineforward	dwDestAddressOffset	6	corpus/win32/api/tapi/ns-tapi-lineforward.md
lineforward	dwCallerAddressType	7	corpus/win32/api/tapi/ns-tapi-lineforward.md
lineforward	dwDestAddressType	8	corpus/win32/api/tapi/ns-tapi-lineforward.md
lineforwardlist	dwTotalSize	1	corpus/win32/api/tapi/ns-tapi-lineforwardlist.md
lineforwardlist	dwNumEntries	2	corpus/win32/api/tapi/ns-tapi-lineforwardlist.md
lineforwardlist	ForwardList	3	corpus/win32/api/tapi/ns-tapi-lineforwardlist.md
linegeneratetone	dwFrequency	1	corpus/win32/api/tapi/ns-tapi-linegeneratetone.md
linegeneratetone	dwCadenceOn	2	corpus/win32/api/tapi/ns-tapi-linegeneratetone.md
linegeneratetone	dwCadenceOff	3	corpus/win32/api/tapi/ns-tapi-linegeneratetone.md
linegeneratetone	dwVolume	4	corpus/win32/api/tapi/ns-tapi-linegeneratetone.md
lineinitializeexparams	dwTotalSize	1	corpus/win32/api/tapi/ns-tapi-lineinitializeexparams.md
lineinitializeexparams	dwNeededSize	2	corpus/win32/api/tapi/ns-tapi-lineinitializeexparams.md
lineinitializeexparams	dwUsedSize	3	corpus/win32/api/tapi/ns-tapi-lineinitializeexparams.md
lineinitializeexparams	dwOptions	4	corpus/win32/api/tapi/ns-tapi-lineinitializeexparams.md
lineinitializeexparams	Handles	5	corpus/win32/api/tapi/ns-tapi-lineinitializeexparams.md
lineinitializeexparams	dwCompletionKey	6	corpus/win32/api/tapi/ns-tapi-lineinitializeexparams.md
linelocationentry	dwPermanentLocationID	1	corpus/win32/api/tapi/ns-tapi-linelocationentry.md
linelocationentry	dwLocationNameSize	2	corpus/win32/api/tapi/ns-tapi-linelocationentry.md
linelocationentry	dwLocationNameOffset	3	corpus/win32/api/tapi/ns-tapi-linelocationentry.md
linelocationentry	dwCountryCode	4	corpus/win32/api/tapi/ns-tapi-linelocationentry.md
linelocationentry	dwCityCodeSize	5	corpus/win32/api/tapi/ns-tapi-linelocationentry.md
linelocationentry	dwCityCodeOffset	6	corpus/win32/api/tapi/ns-tapi-linelocationentry.md
linelocationentry	dwPreferredCardID	7	corpus/win32/api/tapi/ns-tapi-linelocationentry.md
linelocationentry	dwLocalAccessCodeSize	8	corpus/win32/api/tapi/ns-tapi-linelocationentry.md
linelocationentry	dwLocalAccessCodeOffset	9	corpus/win32/api/tapi/ns-tapi-linelocationentry.md
linelocationentry	dwLongDistanceAccessCodeSize	10	corpus/win32/api/tapi/ns-tapi-linelocationentry.md
linelocationentry	dwLongDistanceAccessCodeOffset	11	corpus/win32/api/tapi/ns-tapi-linelocationentry.md
linelocationentry	dwTollPrefixListSize	12	corpus/win32/api/tapi/ns-tapi-linelocationentry.md
linelocationentry	dwTollPrefixListOffset	13	corpus/win32/api/tapi/ns-tapi-linelocationentry.md
linelocationentry	dwCountryID	14	corpus/win32/api/tapi/ns-tapi-linelocationentry.md
linelocationentry	dwOptions	15	corpus/win32/api/tapi/ns-tapi-linelocationentry.md
linelocationentry	dwCancelCallWaitingSize	16	corpus/win32/api/tapi/ns-tapi-linelocationentry.md
linelocationentry	dwCancelCallWaitingOffset	17	corpus/win32/api/tapi/ns-tapi-linelocationentry.md
linemessage	hDevice	1	corpus/win32/api/tapi/ns-tapi-linemessage.md
linemessage	dwMessageID	2	corpus/win32/api/tapi/ns-tapi-linemessage.md
linemessage	dwCallbackInstance	3	corpus/win32/api/tapi/ns-tapi-linemessage.md
linemessage	dwParam1	4	corpus/win32/api/tapi/ns-tapi-linemessage.md
linemessage	dwParam2	5	corpus/win32/api/tapi/ns-tapi-linemessage.md
linemessage	dwParam3	6	corpus/win32/api/tapi/ns-tapi-linemessage.md
lineproviderentry	dwPermanentProviderID	1	corpus/win32/api/tapi/ns-tapi-lineproviderentry.md
lineproviderentry	dwProviderFilenameSize	2	corpus/win32/api/tapi/ns-tapi-lineproviderentry.md
lineproviderentry	dwProviderFilenameOffset	3	corpus/win32/api/tapi/ns-tapi-lineproviderentry.md
lineproviderlist	dwTotalSize	1	corpus/win32/api/tapi/ns-tapi-lineproviderlist.md
lineproviderlist	dwNeededSize	2	corpus/win32/api/tapi/ns-tapi-lineproviderlist.md
lineproviderlist	dwUsedSize	3	corpus/win32/api/tapi/ns-tapi-lineproviderlist.md
lineproviderlist	dwNumProviders	4	corpus/win32/api/tapi/ns-tapi-lineproviderlist.md
lineproviderlist	dwProviderListSize	5	corpus/win32/api/tapi/ns-tapi-lineproviderlist.md
lineproviderlist	dwProviderListOffset	6	corpus/win32/api/tapi/ns-tapi-lineproviderlist.md
linetranslatecaps	dwTotalSize	1	corpus/win32/api/tapi/ns-tapi-linetranslatecaps.md
linetranslatecaps	dwNeededSize	2	corpus/win32/api/tapi/ns-tapi-linetranslatecaps.md
linetranslatecaps	dwUsedSize	3	corpus/win32/api/tapi/ns-tapi-linetranslatecaps.md
linetranslatecaps	dwNumLocations	4	corpus/win32/api/tapi/ns-tapi-linetranslatecaps.md
linetranslatecaps	dwLocationListSize	5	corpus/win32/api/tapi/ns-tapi-linetranslatecaps.md
linetranslatecaps	dwLocationListOffset	6	corpus/win32/api/tapi/ns-tapi-linetranslatecaps.md
linetranslatecaps	dwCurrentLocationID	7	corpus/win32/api/tapi/ns-tapi-linetranslatecaps.md
linetranslatecaps	dwNumCards	8	corpus/win32/api/tapi/ns-tapi-linetranslatecaps.md
linetranslatecaps	dwCardListSize	9	corpus/win32/api/tapi/ns-tapi-linetranslatecaps.md
linetranslatecaps	dwCardListOffset	10	corpus/win32/api/tapi/ns-tapi-linetranslatecaps.md
linetranslatecaps	dwCurrentPreferredCardID	11	corpus/win32/api/tapi/ns-tapi-linetranslatecaps.md
linetranslateoutput	dwTotalSize	1	corpus/win32/api/tapi/ns-tapi-linetranslateoutput.md
linetranslateoutput	dwNeededSize	2	corpus/win32/api/tapi/ns-tapi-linetranslateoutput.md
linetranslateoutput	dwUsedSize	3	corpus/win32/api/tapi/ns-tapi-linetranslateoutput.md
linetranslateoutput	dwDialableStringSize	4	corpus/win32/api/tapi/ns-tapi-linetranslateoutput.md
linetranslateoutput	dwDialableStringOffset	5	corpus/win32/api/tapi/ns-tapi-linetranslateoutput.md
linetranslateoutput	dwDisplayableStringSize	6	corpus/win32/api/tapi/ns-tapi-linetranslateoutput.md
linetranslateoutput	dwDisplayableStringOffset	7	corpus/win32/api/tapi/ns-tapi-linetranslateoutput.md
linetranslateoutput	dwCurrentCountry	8	corpus/win32/api/tapi/ns-tapi-linetranslateoutput.md
linetranslateoutput	dwDestCountry	9	corpus/win32/api/tapi/ns-tapi-linetranslateoutput.md
linetranslateoutput	dwTranslateResults	10	corpus/win32/api/tapi/ns-tapi-linetranslateoutput.md
linger	l_onoff	1	corpus/win32/api/winsock/ns-winsock-linger.md
linger	l_linger	2	corpus/win32/api/winsock/ns-winsock-linger.md
load_dll_debug_info	hFile	1	corpus/win32/api/minwinbase/ns-minwinbase-load_dll_debug_info.md
load_dll_debug_info	lpBaseOfDll	2	corpus/win32/api/minwinbase/ns-minwinbase-load_dll_debug_info.md
load_dll_debug_info	dwDebugInfoFileOffset	3	corpus/win32/api/minwinbase/ns-minwinbase-load_dll_debug_info.md
load_dll_debug_info	nDebugInfoSize	4	corpus/win32/api/minwinbase/ns-minwinbase-load_dll_debug_info.md
load_dll_debug_info	lpImageName	5	corpus/win32/api/minwinbase/ns-minwinbase-load_dll_debug_info.md
load_dll_debug_info	fUnicode	6	corpus/win32/api/minwinbase/ns-minwinbase-load_dll_debug_info.md
logbrush	lbStyle	1	corpus/win32/api/wingdi/ns-wingdi-logbrush.md
logbrush	lbColor	2	corpus/win32/api/wingdi/ns-wingdi-logbrush.md
logbrush	lbHatch	3	corpus/win32/api/wingdi/ns-wingdi-logbrush.md
logfonta	lfHeight	1	corpus/win32/api/dimm/ns-dimm-logfonta.md
logfonta	lfWidth	2	corpus/win32/api/dimm/ns-dimm-logfonta.md
logfonta	lfEscapement	3	corpus/win32/api/dimm/ns-dimm-logfonta.md
logfonta	lfOrientation	4	corpus/win32/api/dimm/ns-dimm-logfonta.md
logfonta	lfWeight	5	corpus/win32/api/dimm/ns-dimm-logfonta.md
logfonta	lfItalic	6	corpus/win32/api/dimm/ns-dimm-logfonta.md
logfonta	lfUnderline	7	corpus/win32/api/dimm/ns-dimm-logfonta.md
logfonta	lfStrikeOut	8	corpus/win32/api/dimm/ns-dimm-logfonta.md
logfonta	lfCharSet	9	corpus/win32/api/dimm/ns-dimm-logfonta.md
logfonta	lfOutPrecision	10	corpus/win32/api/dimm/ns-dimm-logfonta.md
logfonta	lfClipPrecision	11	corpus/win32/api/dimm/ns-dimm-logfonta.md
logfonta	lfQuality	12	corpus/win32/api/dimm/ns-dimm-logfonta.md
logfonta	lfPitchAndFamily	13	corpus/win32/api/dimm/ns-dimm-logfonta.md
logfonta	lfFaceName	14	corpus/win32/api/dimm/ns-dimm-logfonta.md
logfontw	lfHeight	1	corpus/win32/api/dimm/ns-dimm-logfontw.md
logfontw	lfWidth	2	corpus/win32/api/dimm/ns-dimm-logfontw.md
logfontw	lfEscapement	3	corpus/win32/api/dimm/ns-dimm-logfontw.md
logfontw	lfOrientation	4	corpus/win32/api/dimm/ns-dimm-logfontw.md
logfontw	lfWeight	5	corpus/win32/api/dimm/ns-dimm-logfontw.md
logfontw	lfItalic	6	corpus/win32/api/dimm/ns-dimm-logfontw.md
logfontw	lfUnderline	7	corpus/win32/api/dimm/ns-dimm-logfontw.md
logfontw	lfStrikeOut	8	corpus/win32/api/dimm/ns-dimm-logfontw.md
logfontw	lfCharSet	9	corpus/win32/api/dimm/ns-dimm-logfontw.md
logfontw	lfOutPrecision	10	corpus/win32/api/dimm/ns-dimm-logfontw.md
logfontw	lfClipPrecision	11	corpus/win32/api/dimm/ns-dimm-logfontw.md
logfontw	lfQuality	12	corpus/win32/api/dimm/ns-dimm-logfontw.md
logfontw	lfPitchAndFamily	13	corpus/win32/api/dimm/ns-dimm-logfontw.md
logfontw	lfFaceName	14	corpus/win32/api/dimm/ns-dimm-logfontw.md
logpalette	palVersion	1	corpus/win32/api/wingdi/ns-wingdi-logpalette.md
logpalette	palNumEntries	2	corpus/win32/api/wingdi/ns-wingdi-logpalette.md
logpalette	palPalEntry	3	corpus/win32/api/wingdi/ns-wingdi-logpalette.md
logpen	lopnStyle	1	corpus/win32/api/wingdi/ns-wingdi-logpen.md
logpen	lopnWidth	2	corpus/win32/api/wingdi/ns-wingdi-logpen.md
logpen	lopnColor	3	corpus/win32/api/wingdi/ns-wingdi-logpen.md
lvbkimagea	ulFlags	1	corpus/win32/api/commctrl/ns-commctrl-lvbkimagea.md
lvbkimagea	hbm	2	corpus/win32/api/commctrl/ns-commctrl-lvbkimagea.md
lvbkimagea	pszImage	3	corpus/win32/api/commctrl/ns-commctrl-lvbkimagea.md
lvbkimagea	cchImageMax	4	corpus/win32/api/commctrl/ns-commctrl-lvbkimagea.md
lvbkimagea	xOffsetPercent	5	corpus/win32/api/commctrl/ns-commctrl-lvbkimagea.md
lvbkimagea	yOffsetPercent	6	corpus/win32/api/commctrl/ns-commctrl-lvbkimagea.md
lvbkimagew	ulFlags	1	corpus/win32/api/commctrl/ns-commctrl-lvbkimagew.md
lvbkimagew	hbm	2	corpus/win32/api/commctrl/ns-commctrl-lvbkimagew.md
lvbkimagew	pszImage	3	corpus/win32/api/commctrl/ns-commctrl-lvbkimagew.md
lvbkimagew	cchImageMax	4	corpus/win32/api/commctrl/ns-commctrl-lvbkimagew.md
lvbkimagew	xOffsetPercent	5	corpus/win32/api/commctrl/ns-commctrl-lvbkimagew.md
lvbkimagew	yOffsetPercent	6	corpus/win32/api/commctrl/ns-commctrl-lvbkimagew.md
lvcolumna	mask	1	corpus/win32/api/commctrl/ns-commctrl-lvcolumna.md
lvcolumna	fmt	2	corpus/win32/api/commctrl/ns-commctrl-lvcolumna.md
lvcolumna	cx	3	corpus/win32/api/commctrl/ns-commctrl-lvcolumna.md
lvcolumna	pszText	4	corpus/win32/api/commctrl/ns-commctrl-lvcolumna.md
lvcolumna	cchTextMax	5	corpus/win32/api/commctrl/ns-commctrl-lvcolumna.md
lvcolumna	iSubItem	6	corpus/win32/api/commctrl/ns-commctrl-lvcolumna.md
lvcolumna	iImage	7	corpus/win32/api/commctrl/ns-commctrl-lvcolumna.md
lvcolumna	iOrder	8	corpus/win32/api/commctrl/ns-commctrl-lvcolumna.md
lvcolumna	cxMin	9	corpus/win32/api/commctrl/ns-commctrl-lvcolumna.md
lvcolumna	cxDefault	10	corpus/win32/api/commctrl/ns-commctrl-lvcolumna.md
lvcolumna	cxIdeal	11	corpus/win32/api/commctrl/ns-commctrl-lvcolumna.md
lvcolumnw	mask	1	corpus/win32/api/commctrl/ns-commctrl-lvcolumnw.md
lvcolumnw	fmt	2	corpus/win32/api/commctrl/ns-commctrl-lvcolumnw.md
lvcolumnw	cx	3	corpus/win32/api/commctrl/ns-commctrl-lvcolumnw.md
lvcolumnw	pszText	4	corpus/win32/api/commctrl/ns-commctrl-lvcolumnw.md
lvcolumnw	cchTextMax	5	corpus/win32/api/commctrl/ns-commctrl-lvcolumnw.md
lvcolumnw	iSubItem	6	corpus/win32/api/commctrl/ns-commctrl-lvcolumnw.md
lvcolumnw	iImage	7	corpus/win32/api/commctrl/ns-commctrl-lvcolumnw.md
lvcolumnw	iOrder	8	corpus/win32/api/commctrl/ns-commctrl-lvcolumnw.md
lvcolumnw	cxMin	9	corpus/win32/api/commctrl/ns-commctrl-lvcolumnw.md
lvcolumnw	cxDefault	10	corpus/win32/api/commctrl/ns-commctrl-lvcolumnw.md
lvcolumnw	cxIdeal	11	corpus/win32/api/commctrl/ns-commctrl-lvcolumnw.md
lvfindinfoa	flags	1	corpus/win32/api/commctrl/ns-commctrl-lvfindinfoa.md
lvfindinfoa	psz	2	corpus/win32/api/commctrl/ns-commctrl-lvfindinfoa.md
lvfindinfoa	lParam	3	corpus/win32/api/commctrl/ns-commctrl-lvfindinfoa.md
lvfindinfoa	pt	4	corpus/win32/api/commctrl/ns-commctrl-lvfindinfoa.md
lvfindinfoa	vkDirection	5	corpus/win32/api/commctrl/ns-commctrl-lvfindinfoa.md
lvfindinfow	flags	1	corpus/win32/api/commctrl/ns-commctrl-lvfindinfow.md
lvfindinfow	psz	2	corpus/win32/api/commctrl/ns-commctrl-lvfindinfow.md
lvfindinfow	lParam	3	corpus/win32/api/commctrl/ns-commctrl-lvfindinfow.md
lvfindinfow	pt	4	corpus/win32/api/commctrl/ns-commctrl-lvfindinfow.md
lvfindinfow	vkDirection	5	corpus/win32/api/commctrl/ns-commctrl-lvfindinfow.md
lvgroup	cbSize	1	corpus/win32/api/commctrl/ns-commctrl-lvgroup.md
lvgroup	mask	2	corpus/win32/api/commctrl/ns-commctrl-lvgroup.md
lvgroup	pszHeader	3	corpus/win32/api/commctrl/ns-commctrl-lvgroup.md
lvgroup	cchHeader	4	corpus/win32/api/commctrl/ns-commctrl-lvgroup.md
lvgroup	pszFooter	5	corpus/win32/api/commctrl/ns-commctrl-lvgroup.md
lvgroup	cchFooter	6	corpus/win32/api/commctrl/ns-commctrl-lvgroup.md
lvgroup	iGroupId	7	corpus/win32/api/commctrl/ns-commctrl-lvgroup.md
lvgroup	stateMask	8	corpus/win32/api/commctrl/ns-commctrl-lvgroup.md
lvgroup	state	9	corpus/win32/api/commctrl/ns-commctrl-lvgroup.md
lvgroup	uAlign	10	corpus/win32/api/commctrl/ns-commctrl-lvgroup.md
lvgroup	pszSubtitle	11	corpus/win32/api/commctrl/ns-commctrl-lvgroup.md
lvgroup	cchSubtitle	12	corpus/win32/api/commctrl/ns-commctrl-lvgroup.md
lvgroup	pszTask	13	corpus/win32/api/commctrl/ns-commctrl-lvgroup.md
lvgroup	cchTask	14	corpus/win32/api/commctrl/ns-commctrl-lvgroup.md
lvgroup	pszDescriptionTop	15	corpus/win32/api/commctrl/ns-commctrl-lvgroup.md
lvgroup	cchDescriptionTop	16	corpus/win32/api/commctrl/ns-commctrl-lvgroup.md
lvgroup	pszDescriptionBottom	17	corpus/win32/api/commctrl/ns-commctrl-lvgroup.md
lvgroup	cchDescriptionBottom	18	corpus/win32/api/commctrl/ns-commctrl-lvgroup.md
lvgroup	iTitleImage	19	corpus/win32/api/commctrl/ns-commctrl-lvgroup.md
lvgroup	iExtendedImage	20	corpus/win32/api/commctrl/ns-commctrl-lvgroup.md
lvgroup	iFirstItem	21	corpus/win32/api/commctrl/ns-commctrl-lvgroup.md
lvgroup	cItems	22	corpus/win32/api/commctrl/ns-commctrl-lvgroup.md
lvgroup	pszSubsetTitle	23	corpus/win32/api/commctrl/ns-commctrl-lvgroup.md
lvgroup	cchSubsetTitle	24	corpus/win32/api/commctrl/ns-commctrl-lvgroup.md
lvgroupmetrics	cbSize	1	corpus/win32/api/commctrl/ns-commctrl-lvgroupmetrics.md
lvgroupmetrics	mask	2	corpus/win32/api/commctrl/ns-commctrl-lvgroupmetrics.md
lvgroupmetrics	Left	3	corpus/win32/api/commctrl/ns-commctrl-lvgroupmetrics.md
lvgroupmetrics	Top	4	corpus/win32/api/commctrl/ns-commctrl-lvgroupmetrics.md
lvgroupmetrics	Right	5	corpus/win32/api/commctrl/ns-commctrl-lvgroupmetrics.md
lvgroupmetrics	Bottom	6	corpus/win32/api/commctrl/ns-commctrl-lvgroupmetrics.md
lvgroupmetrics	crLeft	7	corpus/win32/api/commctrl/ns-commctrl-lvgroupmetrics.md
lvgroupmetrics	crTop	8	corpus/win32/api/commctrl/ns-commctrl-lvgroupmetrics.md
lvgroupmetrics	crRight	9	corpus/win32/api/commctrl/ns-commctrl-lvgroupmetrics.md
lvgroupmetrics	crBottom	10	corpus/win32/api/commctrl/ns-commctrl-lvgroupmetrics.md
lvgroupmetrics	crHeader	11	corpus/win32/api/commctrl/ns-commctrl-lvgroupmetrics.md
lvgroupmetrics	crFooter	12	corpus/win32/api/commctrl/ns-commctrl-lvgroupmetrics.md
lvhittestinfo	pt	1	corpus/win32/api/commctrl/ns-commctrl-lvhittestinfo.md
lvhittestinfo	flags	2	corpus/win32/api/commctrl/ns-commctrl-lvhittestinfo.md
lvhittestinfo	iItem	3	corpus/win32/api/commctrl/ns-commctrl-lvhittestinfo.md
lvhittestinfo	iSubItem	4	corpus/win32/api/commctrl/ns-commctrl-lvhittestinfo.md
lvhittestinfo	iGroup	5	corpus/win32/api/commctrl/ns-commctrl-lvhittestinfo.md
lvinsertgroupsorted	pfnGroupCompare	1	corpus/win32/api/commctrl/ns-commctrl-lvinsertgroupsorted.md
lvinsertgroupsorted	pvData	2	corpus/win32/api/commctrl/ns-commctrl-lvinsertgroupsorted.md
lvinsertgroupsorted	lvGroup	3	corpus/win32/api/commctrl/ns-commctrl-lvinsertgroupsorted.md
lvitema	mask	1	corpus/win32/api/commctrl/ns-commctrl-lvitema.md
lvitema	iItem	2	corpus/win32/api/commctrl/ns-commctrl-lvitema.md
lvitema	iSubItem	3	corpus/win32/api/commctrl/ns-commctrl-lvitema.md
lvitema	state	4	corpus/win32/api/commctrl/ns-commctrl-lvitema.md
lvitema	stateMask	5	corpus/win32/api/commctrl/ns-commctrl-lvitema.md
lvitema	pszText	6	corpus/win32/api/commctrl/ns-commctrl-lvitema.md
lvitema	cchTextMax	7	corpus/win32/api/commctrl/ns-commctrl-lvitema.md
lvitema	iImage	8	corpus/win32/api/commctrl/ns-commctrl-lvitema.md
lvitema	lParam	9	corpus/win32/api/commctrl/ns-commctrl-lvitema.md
lvitema	iIndent	10	corpus/win32/api/commctrl/ns-commctrl-lvitema.md
lvitema	iGroupId	11	corpus/win32/api/commctrl/ns-commctrl-lvitema.md
lvitema	cColumns	12	corpus/win32/api/commctrl/ns-commctrl-lvitema.md
lvitema	puColumns	13	corpus/win32/api/commctrl/ns-commctrl-lvitema.md
lvitema	piColFmt	14	corpus/win32/api/commctrl/ns-commctrl-lvitema.md
lvitema	iGroup	15	corpus/win32/api/commctrl/ns-commctrl-lvitema.md
lvitemw	mask	1	corpus/win32/api/commctrl/ns-commctrl-lvitemw.md
lvitemw	iItem	2	corpus/win32/api/commctrl/ns-commctrl-lvitemw.md
lvitemw	iSubItem	3	corpus/win32/api/commctrl/ns-commctrl-lvitemw.md
lvitemw	state	4	corpus/win32/api/commctrl/ns-commctrl-lvitemw.md
lvitemw	stateMask	5	corpus/win32/api/commctrl/ns-commctrl-lvitemw.md
lvitemw	pszText	6	corpus/win32/api/commctrl/ns-commctrl-lvitemw.md
lvitemw	cchTextMax	7	corpus/win32/api/commctrl/ns-commctrl-lvitemw.md
lvitemw	iImage	8	corpus/win32/api/commctrl/ns-commctrl-lvitemw.md
lvitemw	lParam	9	corpus/win32/api/commctrl/ns-commctrl-lvitemw.md
lvitemw	iIndent	10	corpus/win32/api/commctrl/ns-commctrl-lvitemw.md
lvitemw	iGroupId	11	corpus/win32/api/commctrl/ns-commctrl-lvitemw.md
lvitemw	cColumns	12	corpus/win32/api/commctrl/ns-commctrl-lvitemw.md
lvitemw	puColumns	13	corpus/win32/api/commctrl/ns-commctrl-lvitemw.md
lvitemw	piColFmt	14	corpus/win32/api/commctrl/ns-commctrl-lvitemw.md
lvitemw	iGroup	15	corpus/win32/api/commctrl/ns-commctrl-lvitemw.md
lvsetinfotip	cbSize	1	corpus/win32/api/commctrl/ns-commctrl-lvsetinfotip.md
lvsetinfotip	dwFlags	2	corpus/win32/api/commctrl/ns-commctrl-lvsetinfotip.md
lvsetinfotip	pszText	3	corpus/win32/api/commctrl/ns-commctrl-lvsetinfotip.md
lvsetinfotip	iItem	4	corpus/win32/api/commctrl/ns-commctrl-lvsetinfotip.md
lvsetinfotip	iSubItem	5	corpus/win32/api/commctrl/ns-commctrl-lvsetinfotip.md
margins	cxLeftWidth	1	corpus/win32/api/uxtheme/ns-uxtheme-margins.md
margins	cxRightWidth	2	corpus/win32/api/uxtheme/ns-uxtheme-margins.md
margins	cyTopHeight	3	corpus/win32/api/uxtheme/ns-uxtheme-margins.md
margins	cyBottomHeight	4	corpus/win32/api/uxtheme/ns-uxtheme-margins.md
mchittestinfo	cbSize	1	corpus/win32/api/commctrl/ns-commctrl-mchittestinfo.md
mchittestinfo	pt	2	corpus/win32/api/commctrl/ns-commctrl-mchittestinfo.md
mchittestinfo	uHit	3	corpus/win32/api/commctrl/ns-commctrl-mchittestinfo.md
mchittestinfo	st	4	corpus/win32/api/commctrl/ns-commctrl-mchittestinfo.md
mchittestinfo	rc	5	corpus/win32/api/commctrl/ns-commctrl-mchittestinfo.md
mchittestinfo	iOffset	6	corpus/win32/api/commctrl/ns-commctrl-mchittestinfo.md
mchittestinfo	iRow	7	corpus/win32/api/commctrl/ns-commctrl-mchittestinfo.md
mchittestinfo	iCol	8	corpus/win32/api/commctrl/ns-commctrl-mchittestinfo.md
measureitemstruct	CtlType	1	corpus/win32/api/winuser/ns-winuser-measureitemstruct.md
measureitemstruct	CtlID	2	corpus/win32/api/winuser/ns-winuser-measureitemstruct.md
measureitemstruct	itemID	3	corpus/win32/api/winuser/ns-winuser-measureitemstruct.md
measureitemstruct	itemWidth	4	corpus/win32/api/winuser/ns-winuser-measureitemstruct.md
measureitemstruct	itemHeight	5	corpus/win32/api/winuser/ns-winuser-measureitemstruct.md
measureitemstruct	itemData	6	corpus/win32/api/winuser/ns-winuser-measureitemstruct.md
memory_basic_information	BaseAddress	1	corpus/win32/api/winnt/ns-winnt-memory_basic_information.md
memory_basic_information	AllocationBase	2	corpus/win32/api/winnt/ns-winnt-memory_basic_information.md
memory_basic_information	AllocationProtect	3	corpus/win32/api/winnt/ns-winnt-memory_basic_information.md
memory_basic_information	RegionSize	4	corpus/win32/api/winnt/ns-winnt-memory_basic_information.md
memory_basic_information	State	5	corpus/win32/api/winnt/ns-winnt-memory_basic_information.md
memory_basic_information	Protect	6	corpus/win32/api/winnt/ns-winnt-memory_basic_information.md
memory_basic_information	Type	7	corpus/win32/api/winnt/ns-winnt-memory_basic_information.md
memorystatus	dwLength	1	corpus/win32/api/winbase/ns-winbase-memorystatus.md
memorystatus	dwMemoryLoad	2	corpus/win32/api/winbase/ns-winbase-memorystatus.md
memorystatus	dwTotalPhys	3	corpus/win32/api/winbase/ns-winbase-memorystatus.md
memorystatus	dwAvailPhys	4	corpus/win32/api/winbase/ns-winbase-memorystatus.md
memorystatus	dwTotalPageFile	5	corpus/win32/api/winbase/ns-winbase-memorystatus.md
memorystatus	dwAvailPageFile	6	corpus/win32/api/winbase/ns-winbase-memorystatus.md
memorystatus	dwTotalVirtual	7	corpus/win32/api/winbase/ns-winbase-memorystatus.md
memorystatus	dwAvailVirtual	8	corpus/win32/api/winbase/ns-winbase-memorystatus.md
menuiteminfoa	cbSize	1	corpus/win32/api/winuser/ns-winuser-menuiteminfoa.md
menuiteminfoa	fMask	2	corpus/win32/api/winuser/ns-winuser-menuiteminfoa.md
menuiteminfoa	fType	3	corpus/win32/api/winuser/ns-winuser-menuiteminfoa.md
menuiteminfoa	fState	4	corpus/win32/api/winuser/ns-winuser-menuiteminfoa.md
menuiteminfoa	wID	5	corpus/win32/api/winuser/ns-winuser-menuiteminfoa.md
menuiteminfoa	hSubMenu	6	corpus/win32/api/winuser/ns-winuser-menuiteminfoa.md
menuiteminfoa	hbmpChecked	7	corpus/win32/api/winuser/ns-winuser-menuiteminfoa.md
menuiteminfoa	hbmpUnchecked	8	corpus/win32/api/winuser/ns-winuser-menuiteminfoa.md
menuiteminfoa	dwItemData	9	corpus/win32/api/winuser/ns-winuser-menuiteminfoa.md
menuiteminfoa	dwTypeData	10	corpus/win32/api/winuser/ns-winuser-menuiteminfoa.md
menuiteminfoa	cch	11	corpus/win32/api/winuser/ns-winuser-menuiteminfoa.md
menuiteminfoa	hbmpItem	12	corpus/win32/api/winuser/ns-winuser-menuiteminfoa.md
menuiteminfow	cbSize	1	corpus/win32/api/winuser/ns-winuser-menuiteminfow.md
menuiteminfow	fMask	2	corpus/win32/api/winuser/ns-winuser-menuiteminfow.md
menuiteminfow	fType	3	corpus/win32/api/winuser/ns-winuser-menuiteminfow.md
menuiteminfow	fState	4	corpus/win32/api/winuser/ns-winuser-menuiteminfow.md
menuiteminfow	wID	5	corpus/win32/api/winuser/ns-winuser-menuiteminfow.md
menuiteminfow	hSubMenu	6	corpus/win32/api/winuser/ns-winuser-menuiteminfow.md
menuiteminfow	hbmpChecked	7	corpus/win32/api/winuser/ns-winuser-menuiteminfow.md
menuiteminfow	hbmpUnchecked	8	corpus/win32/api/winuser/ns-winuser-menuiteminfow.md
menuiteminfow	dwItemData	9	corpus/win32/api/winuser/ns-winuser-menuiteminfow.md
menuiteminfow	dwTypeData	10	corpus/win32/api/winuser/ns-winuser-menuiteminfow.md
menuiteminfow	cch	11	corpus/win32/api/winuser/ns-winuser-menuiteminfow.md
menuiteminfow	hbmpItem	12	corpus/win32/api/winuser/ns-winuser-menuiteminfow.md
message	UpdateCompleteMessage	1	corpus/win32/api/routprot/ns-routprot-message.md
message	InterfaceIndex	2	corpus/win32/api/routprot/ns-routprot-message.md
metafilepict	mm	1	corpus/win32/api/wingdi/ns-wingdi-metafilepict.md
metafilepict	xExt	2	corpus/win32/api/wingdi/ns-wingdi-metafilepict.md
metafilepict	yExt	3	corpus/win32/api/wingdi/ns-wingdi-metafilepict.md
metafilepict	hMF	4	corpus/win32/api/wingdi/ns-wingdi-metafilepict.md
methoddata	szName	1	corpus/win32/api/oleauto/ns-oleauto-methoddata.md
methoddata	ppdata	2	corpus/win32/api/oleauto/ns-oleauto-methoddata.md
methoddata	dispid	3	corpus/win32/api/oleauto/ns-oleauto-methoddata.md
methoddata	iMeth	4	corpus/win32/api/oleauto/ns-oleauto-methoddata.md
methoddata	cc	5	corpus/win32/api/oleauto/ns-oleauto-methoddata.md
methoddata	cArgs	6	corpus/win32/api/oleauto/ns-oleauto-methoddata.md
methoddata	wFlags	7	corpus/win32/api/oleauto/ns-oleauto-methoddata.md
methoddata	vtReturn	8	corpus/win32/api/oleauto/ns-oleauto-methoddata.md
mib_best_if	dwDestAddr	1	corpus/win32/api/iprtrmib/ns-iprtrmib-mib_best_if.md
mib_best_if	dwIfIndex	2	corpus/win32/api/iprtrmib/ns-iprtrmib-mib_best_if.md
mib_icmp	stats	1	corpus/win32/api/ipmib/ns-ipmib-mib_icmp.md
mib_ifrow	wszName	1	corpus/win32/api/ifmib/ns-ifmib-mib_ifrow.md
mib_ifrow	dwIndex	2	corpus/win32/api/ifmib/ns-ifmib-mib_ifrow.md
mib_ifrow	dwType	3	corpus/win32/api/ifmib/ns-ifmib-mib_ifrow.md
mib_ifrow	dwMtu	4	corpus/win32/api/ifmib/ns-ifmib-mib_ifrow.md
mib_ifrow	dwSpeed	5	corpus/win32/api/ifmib/ns-ifmib-mib_ifrow.md
mib_ifrow	dwPhysAddrLen	6	corpus/win32/api/ifmib/ns-ifmib-mib_ifrow.md
mib_ifrow	bPhysAddr	7	corpus/win32/api/ifmib/ns-ifmib-mib_ifrow.md
mib_ifrow	dwAdminStatus	8	corpus/win32/api/ifmib/ns-ifmib-mib_ifrow.md
mib_ifrow	dwOperStatus	9	corpus/win32/api/ifmib/ns-ifmib-mib_ifrow.md
mib_ifrow	dwLastChange	10	corpus/win32/api/ifmib/ns-ifmib-mib_ifrow.md
mib_ifrow	dwInOctets	11	corpus/win32/api/ifmib/ns-ifmib-mib_ifrow.md
mib_ifrow	dwInUcastPkts	12	corpus/win32/api/ifmib/ns-ifmib-mib_ifrow.md
mib_ifrow	dwInNUcastPkts	13	corpus/win32/api/ifmib/ns-ifmib-mib_ifrow.md
mib_ifrow	dwInDiscards	14	corpus/win32/api/ifmib/ns-ifmib-mib_ifrow.md
mib_ifrow	dwInErrors	15	corpus/win32/api/ifmib/ns-ifmib-mib_ifrow.md
mib_ifrow	dwInUnknownProtos	16	corpus/win32/api/ifmib/ns-ifmib-mib_ifrow.md
mib_ifrow	dwOutOctets	17	corpus/win32/api/ifmib/ns-ifmib-mib_ifrow.md
mib_ifrow	dwOutUcastPkts	18	corpus/win32/api/ifmib/ns-ifmib-mib_ifrow.md
mib_ifrow	dwOutNUcastPkts	19	corpus/win32/api/ifmib/ns-ifmib-mib_ifrow.md
mib_ifrow	dwOutDiscards	20	corpus/win32/api/ifmib/ns-ifmib-mib_ifrow.md
mib_ifrow	dwOutErrors	21	corpus/win32/api/ifmib/ns-ifmib-mib_ifrow.md
mib_ifrow	dwOutQLen	22	corpus/win32/api/ifmib/ns-ifmib-mib_ifrow.md
mib_ifrow	dwDescrLen	23	corpus/win32/api/ifmib/ns-ifmib-mib_ifrow.md
mib_ifrow	bDescr	24	corpus/win32/api/ifmib/ns-ifmib-mib_ifrow.md
mib_iftable	dwNumEntries	1	corpus/win32/api/ifmib/ns-ifmib-mib_iftable.md
mib_iftable	table	2	corpus/win32/api/ifmib/ns-ifmib-mib_iftable.md
mib_ipaddrtable	dwNumEntries	1	corpus/win32/api/ipmib/ns-ipmib-mib_ipaddrtable.md
mib_ipaddrtable	table	2	corpus/win32/api/ipmib/ns-ipmib-mib_ipaddrtable.md
mib_ipforwardrow	dwForwardDest	1	corpus/win32/api/ipmib/ns-ipmib-mib_ipforwardrow.md
mib_ipforwardrow	dwForwardMask	2	corpus/win32/api/ipmib/ns-ipmib-mib_ipforwardrow.md
mib_ipforwardrow	dwForwardPolicy	3	corpus/win32/api/ipmib/ns-ipmib-mib_ipforwardrow.md
mib_ipforwardrow	dwForwardNextHop	4	corpus/win32/api/ipmib/ns-ipmib-mib_ipforwardrow.md
mib_ipforwardrow	dwForwardIfIndex	5	corpus/win32/api/ipmib/ns-ipmib-mib_ipforwardrow.md
mib_ipforwardrow	dwForwardType	6	corpus/win32/api/ipmib/ns-ipmib-mib_ipforwardrow.md
mib_ipforwardrow	ForwardType	7	corpus/win32/api/ipmib/ns-ipmib-mib_ipforwardrow.md
mib_ipforwardrow	ForwardProto	8	corpus/win32/api/ipmib/ns-ipmib-mib_ipforwardrow.md
mib_ipforwardrow	dwForwardNextHopAS	9	corpus/win32/api/ipmib/ns-ipmib-mib_ipforwardrow.md
mib_ipforwardrow	dwForwardMetric1	10	corpus/win32/api/ipmib/ns-ipmib-mib_ipforwardrow.md
mib_ipforwardrow	dwForwardMetric2	11	corpus/win32/api/ipmib/ns-ipmib-mib_ipforwardrow.md
mib_ipforwardrow	dwForwardMetric3	12	corpus/win32/api/ipmib/ns-ipmib-mib_ipforwardrow.md
mib_ipforwardrow	dwForwardMetric4	13	corpus/win32/api/ipmib/ns-ipmib-mib_ipforwardrow.md
mib_ipforwardrow	dwForwardMetric5	14	corpus/win32/api/ipmib/ns-ipmib-mib_ipforwardrow.md
mib_ipforwardtable	dwNumEntries	1	corpus/win32/api/ipmib/ns-ipmib-mib_ipforwardtable.md
mib_ipforwardtable	table	2	corpus/win32/api/ipmib/ns-ipmib-mib_ipforwardtable.md
mib_ipnettable	dwNumEntries	1	corpus/win32/api/ipmib/ns-ipmib-mib_ipnettable.md
mib_ipnettable	table	2	corpus/win32/api/ipmib/ns-ipmib-mib_ipnettable.md
mib_proxyarp	dwAddress	1	corpus/win32/api/iprtrmib/ns-iprtrmib-mib_proxyarp.md
mib_proxyarp	dwMask	2	corpus/win32/api/iprtrmib/ns-iprtrmib-mib_proxyarp.md
mib_proxyarp	dwIfIndex	3	corpus/win32/api/iprtrmib/ns-iprtrmib-mib_proxyarp.md
mib_tcptable	dwNumEntries	1	corpus/win32/api/tcpmib/ns-tcpmib-mib_tcptable.md
mib_tcptable	table	2	corpus/win32/api/tcpmib/ns-tcpmib-mib_tcptable.md
mib_udprow	dwLocalAddr	1	corpus/win32/api/udpmib/ns-udpmib-mib_udprow.md
mib_udprow	dwLocalPort	2	corpus/win32/api/udpmib/ns-udpmib-mib_udprow.md
mib_udpstats	dwInDatagrams	1	corpus/win32/api/udpmib/ns-udpmib-mib_udpstats.md
mib_udpstats	dwNoPorts	2	corpus/win32/api/udpmib/ns-udpmib-mib_udpstats.md
mib_udpstats	dwInErrors	3	corpus/win32/api/udpmib/ns-udpmib-mib_udpstats.md
mib_udpstats	dwOutDatagrams	4	corpus/win32/api/udpmib/ns-udpmib-mib_udpstats.md
mib_udpstats	dwNumAddrs	5	corpus/win32/api/udpmib/ns-udpmib-mib_udpstats.md
mib_udptable	dwNumEntries	1	corpus/win32/api/udpmib/ns-udpmib-mib_udptable.md
mib_udptable	table	2	corpus/win32/api/udpmib/ns-udpmib-mib_udptable.md
mibicmpinfo	icmpInStats	1	corpus/win32/api/ipmib/ns-ipmib-mibicmpinfo.md
mibicmpinfo	icmpOutStats	2	corpus/win32/api/ipmib/ns-ipmib-mibicmpinfo.md
mibicmpstats	dwMsgs	1	corpus/win32/api/ipmib/ns-ipmib-mibicmpstats.md
mibicmpstats	dwErrors	2	corpus/win32/api/ipmib/ns-ipmib-mibicmpstats.md
mibicmpstats	dwDestUnreachs	3	corpus/win32/api/ipmib/ns-ipmib-mibicmpstats.md
mibicmpstats	dwTimeExcds	4	corpus/win32/api/ipmib/ns-ipmib-mibicmpstats.md
mibicmpstats	dwParmProbs	5	corpus/win32/api/ipmib/ns-ipmib-mibicmpstats.md
mibicmpstats	dwSrcQuenchs	6	corpus/win32/api/ipmib/ns-ipmib-mibicmpstats.md
mibicmpstats	dwRedirects	7	corpus/win32/api/ipmib/ns-ipmib-mibicmpstats.md
mibicmpstats	dwEchos	8	corpus/win32/api/ipmib/ns-ipmib-mibicmpstats.md
mibicmpstats	dwEchoReps	9	corpus/win32/api/ipmib/ns-ipmib-mibicmpstats.md
mibicmpstats	dwTimestamps	10	corpus/win32/api/ipmib/ns-ipmib-mibicmpstats.md
mibicmpstats	dwTimestampReps	11	corpus/win32/api/ipmib/ns-ipmib-mibicmpstats.md
mibicmpstats	dwAddrMasks	12	corpus/win32/api/ipmib/ns-ipmib-mibicmpstats.md
mibicmpstats	dwAddrMaskReps	13	corpus/win32/api/ipmib/ns-ipmib-mibicmpstats.md
mixercaps	wMid	1	corpus/win32/api/mmeapi/ns-mmeapi-mixercaps.md
mixercaps	wPid	2	corpus/win32/api/mmeapi/ns-mmeapi-mixercaps.md
mixercaps	vDriverVersion	3	corpus/win32/api/mmeapi/ns-mmeapi-mixercaps.md
mixercaps	szPname	4	corpus/win32/api/mmeapi/ns-mmeapi-mixercaps.md
mixercaps	fdwSupport	5	corpus/win32/api/mmeapi/ns-mmeapi-mixercaps.md
mixercaps	cDestinations	6	corpus/win32/api/mmeapi/ns-mmeapi-mixercaps.md
mixercapsa	wMid	1	corpus/win32/api/mmeapi/ns-mmeapi-mixercapsa.md
mixercapsa	wPid	2	corpus/win32/api/mmeapi/ns-mmeapi-mixercapsa.md
mixercapsa	vDriverVersion	3	corpus/win32/api/mmeapi/ns-mmeapi-mixercapsa.md
mixercapsa	szPname	4	corpus/win32/api/mmeapi/ns-mmeapi-mixercapsa.md
mixercapsa	fdwSupport	5	corpus/win32/api/mmeapi/ns-mmeapi-mixercapsa.md
mixercapsa	cDestinations	6	corpus/win32/api/mmeapi/ns-mmeapi-mixercapsa.md
mixercapsw	wMid	1	corpus/win32/api/mmeapi/ns-mmeapi-mixercapsw.md
mixercapsw	wPid	2	corpus/win32/api/mmeapi/ns-mmeapi-mixercapsw.md
mixercapsw	vDriverVersion	3	corpus/win32/api/mmeapi/ns-mmeapi-mixercapsw.md
mixercapsw	szPname	4	corpus/win32/api/mmeapi/ns-mmeapi-mixercapsw.md
mixercapsw	fdwSupport	5	corpus/win32/api/mmeapi/ns-mmeapi-mixercapsw.md
mixercapsw	cDestinations	6	corpus/win32/api/mmeapi/ns-mmeapi-mixercapsw.md
mixercontrol	cbStruct	1	corpus/win32/api/mmeapi/ns-mmeapi-mixercontrol.md
mixercontrol	dwControlID	2	corpus/win32/api/mmeapi/ns-mmeapi-mixercontrol.md
mixercontrol	dwControlType	3	corpus/win32/api/mmeapi/ns-mmeapi-mixercontrol.md
mixercontrol	fdwControl	4	corpus/win32/api/mmeapi/ns-mmeapi-mixercontrol.md
mixercontrol	cMultipleItems	5	corpus/win32/api/mmeapi/ns-mmeapi-mixercontrol.md
mixercontrol	szShortName	6	corpus/win32/api/mmeapi/ns-mmeapi-mixercontrol.md
mixercontrol	szName	7	corpus/win32/api/mmeapi/ns-mmeapi-mixercontrol.md
mixercontrol	Bounds	8	corpus/win32/api/mmeapi/ns-mmeapi-mixercontrol.md
mixercontrol	Metrics	9	corpus/win32/api/mmeapi/ns-mmeapi-mixercontrol.md
mixercontrola	cbStruct	1	corpus/win32/api/mmeapi/ns-mmeapi-mixercontrola.md
mixercontrola	dwControlID	2	corpus/win32/api/mmeapi/ns-mmeapi-mixercontrola.md
mixercontrola	dwControlType	3	corpus/win32/api/mmeapi/ns-mmeapi-mixercontrola.md
mixercontrola	fdwControl	4	corpus/win32/api/mmeapi/ns-mmeapi-mixercontrola.md
mixercontrola	cMultipleItems	5	corpus/win32/api/mmeapi/ns-mmeapi-mixercontrola.md
mixercontrola	szShortName	6	corpus/win32/api/mmeapi/ns-mmeapi-mixercontrola.md
mixercontrola	szName	7	corpus/win32/api/mmeapi/ns-mmeapi-mixercontrola.md
mixercontrola	Bounds	8	corpus/win32/api/mmeapi/ns-mmeapi-mixercontrola.md
mixercontrola	Metrics	9	corpus/win32/api/mmeapi/ns-mmeapi-mixercontrola.md
mixercontroldetails	cbStruct	1	corpus/win32/api/mmeapi/ns-mmeapi-mixercontroldetails.md
mixercontroldetails	dwControlID	2	corpus/win32/api/mmeapi/ns-mmeapi-mixercontroldetails.md
mixercontroldetails	cChannels	3	corpus/win32/api/mmeapi/ns-mmeapi-mixercontroldetails.md
mixercontroldetails	DUMMYUNIONNAME	4	corpus/win32/api/mmeapi/ns-mmeapi-mixercontroldetails.md
mixercontroldetails	cbDetails	5	corpus/win32/api/mmeapi/ns-mmeapi-mixercontroldetails.md
mixercontroldetails	paDetails	6	corpus/win32/api/mmeapi/ns-mmeapi-mixercontroldetails.md
mixercontroldetails_boolean	fValue	1	corpus/win32/api/mmeapi/ns-mmeapi-mixercontroldetails_boolean.md
mixercontroldetails_listtext	dwParam1	1	corpus/win32/api/mmeapi/ns-mmeapi-mixercontroldetails_listtext.md
mixercontroldetails_listtext	dwParam2	2	corpus/win32/api/mmeapi/ns-mmeapi-mixercontroldetails_listtext.md
mixercontroldetails_listtext	szName	3	corpus/win32/api/mmeapi/ns-mmeapi-mixercontroldetails_listtext.md
mixercontroldetails_listtexta	dwParam1	1	corpus/win32/api/mmeapi/ns-mmeapi-mixercontroldetails_listtexta.md
mixercontroldetails_listtexta	dwParam2	2	corpus/win32/api/mmeapi/ns-mmeapi-mixercontroldetails_listtexta.md
mixercontroldetails_listtexta	szName	3	corpus/win32/api/mmeapi/ns-mmeapi-mixercontroldetails_listtexta.md
mixercontroldetails_listtextw	dwParam1	1	corpus/win32/api/mmeapi/ns-mmeapi-mixercontroldetails_listtextw.md
mixercontroldetails_listtextw	dwParam2	2	corpus/win32/api/mmeapi/ns-mmeapi-mixercontroldetails_listtextw.md
mixercontroldetails_listtextw	szName	3	corpus/win32/api/mmeapi/ns-mmeapi-mixercontroldetails_listtextw.md
mixercontroldetails_signed	lValue	1	corpus/win32/api/mmeapi/ns-mmeapi-mixercontroldetails_signed.md
mixercontroldetails_unsigned	dwValue	1	corpus/win32/api/mmeapi/ns-mmeapi-mixercontroldetails_unsigned.md
mixercontrolw	cbStruct	1	corpus/win32/api/mmeapi/ns-mmeapi-mixercontrolw.md
mixercontrolw	dwControlID	2	corpus/win32/api/mmeapi/ns-mmeapi-mixercontrolw.md
mixercontrolw	dwControlType	3	corpus/win32/api/mmeapi/ns-mmeapi-mixercontrolw.md
mixercontrolw	fdwControl	4	corpus/win32/api/mmeapi/ns-mmeapi-mixercontrolw.md
mixercontrolw	cMultipleItems	5	corpus/win32/api/mmeapi/ns-mmeapi-mixercontrolw.md
mixercontrolw	szShortName	6	corpus/win32/api/mmeapi/ns-mmeapi-mixercontrolw.md
mixercontrolw	szName	7	corpus/win32/api/mmeapi/ns-mmeapi-mixercontrolw.md
mixercontrolw	Bounds	8	corpus/win32/api/mmeapi/ns-mmeapi-mixercontrolw.md
mixercontrolw	Metrics	9	corpus/win32/api/mmeapi/ns-mmeapi-mixercontrolw.md
mixerline	cbStruct	1	corpus/win32/api/mmeapi/ns-mmeapi-mixerline.md
mixerline	dwDestination	2	corpus/win32/api/mmeapi/ns-mmeapi-mixerline.md
mixerline	dwSource	3	corpus/win32/api/mmeapi/ns-mmeapi-mixerline.md
mixerline	dwLineID	4	corpus/win32/api/mmeapi/ns-mmeapi-mixerline.md
mixerline	fdwLine	5	corpus/win32/api/mmeapi/ns-mmeapi-mixerline.md
mixerline	dwUser	6	corpus/win32/api/mmeapi/ns-mmeapi-mixerline.md
mixerline	dwComponentType	7	corpus/win32/api/mmeapi/ns-mmeapi-mixerline.md
mixerline	cChannels	8	corpus/win32/api/mmeapi/ns-mmeapi-mixerline.md
mixerline	cConnections	9	corpus/win32/api/mmeapi/ns-mmeapi-mixerline.md
mixerline	cControls	10	corpus/win32/api/mmeapi/ns-mmeapi-mixerline.md
mixerline	szShortName	11	corpus/win32/api/mmeapi/ns-mmeapi-mixerline.md
mixerline	szName	12	corpus/win32/api/mmeapi/ns-mmeapi-mixerline.md
mixerline	Target	13	corpus/win32/api/mmeapi/ns-mmeapi-mixerline.md
mixerlinea	cbStruct	1	corpus/win32/api/mmeapi/ns-mmeapi-mixerlinea.md
mixerlinea	dwDestination	2	corpus/win32/api/mmeapi/ns-mmeapi-mixerlinea.md
mixerlinea	dwSource	3	corpus/win32/api/mmeapi/ns-mmeapi-mixerlinea.md
mixerlinea	dwLineID	4	corpus/win32/api/mmeapi/ns-mmeapi-mixerlinea.md
mixerlinea	fdwLine	5	corpus/win32/api/mmeapi/ns-mmeapi-mixerlinea.md
mixerlinea	dwUser	6	corpus/win32/api/mmeapi/ns-mmeapi-mixerlinea.md
mixerlinea	dwComponentType	7	corpus/win32/api/mmeapi/ns-mmeapi-mixerlinea.md
mixerlinea	cChannels	8	corpus/win32/api/mmeapi/ns-mmeapi-mixerlinea.md
mixerlinea	cConnections	9	corpus/win32/api/mmeapi/ns-mmeapi-mixerlinea.md
mixerlinea	cControls	10	corpus/win32/api/mmeapi/ns-mmeapi-mixerlinea.md
mixerlinea	szShortName	11	corpus/win32/api/mmeapi/ns-mmeapi-mixerlinea.md
mixerlinea	szName	12	corpus/win32/api/mmeapi/ns-mmeapi-mixerlinea.md
mixerlinea	Target	13	corpus/win32/api/mmeapi/ns-mmeapi-mixerlinea.md
mixerlinecontrols	cbStruct	1	corpus/win32/api/mmeapi/ns-mmeapi-mixerlinecontrols.md
mixerlinecontrols	dwLineID	2	corpus/win32/api/mmeapi/ns-mmeapi-mixerlinecontrols.md
mixerlinecontrols	dwControlID	3	corpus/win32/api/mmeapi/ns-mmeapi-mixerlinecontrols.md
mixerlinecontrols	dwControlType	4	corpus/win32/api/mmeapi/ns-mmeapi-mixerlinecontrols.md
mixerlinecontrols	cControls	5	corpus/win32/api/mmeapi/ns-mmeapi-mixerlinecontrols.md
mixerlinecontrols	cbmxctrl	6	corpus/win32/api/mmeapi/ns-mmeapi-mixerlinecontrols.md
mixerlinecontrols	pamxctrl	7	corpus/win32/api/mmeapi/ns-mmeapi-mixerlinecontrols.md
mixerlinecontrolsa	cbStruct	1	corpus/win32/api/mmeapi/ns-mmeapi-mixerlinecontrolsa.md
mixerlinecontrolsa	dwLineID	2	corpus/win32/api/mmeapi/ns-mmeapi-mixerlinecontrolsa.md
mixerlinecontrolsa	DUMMYUNIONNAME	3	corpus/win32/api/mmeapi/ns-mmeapi-mixerlinecontrolsa.md
mixerlinecontrolsa	cControls	4	corpus/win32/api/mmeapi/ns-mmeapi-mixerlinecontrolsa.md
mixerlinecontrolsa	cbmxctrl	5	corpus/win32/api/mmeapi/ns-mmeapi-mixerlinecontrolsa.md
mixerlinecontrolsa	pamxctrl	6	corpus/win32/api/mmeapi/ns-mmeapi-mixerlinecontrolsa.md
mixerlinecontrolsw	cbStruct	1	corpus/win32/api/mmeapi/ns-mmeapi-mixerlinecontrolsw.md
mixerlinecontrolsw	dwLineID	2	corpus/win32/api/mmeapi/ns-mmeapi-mixerlinecontrolsw.md
mixerlinecontrolsw	DUMMYUNIONNAME	3	corpus/win32/api/mmeapi/ns-mmeapi-mixerlinecontrolsw.md
mixerlinecontrolsw	cControls	4	corpus/win32/api/mmeapi/ns-mmeapi-mixerlinecontrolsw.md
mixerlinecontrolsw	cbmxctrl	5	corpus/win32/api/mmeapi/ns-mmeapi-mixerlinecontrolsw.md
mixerlinecontrolsw	pamxctrl	6	corpus/win32/api/mmeapi/ns-mmeapi-mixerlinecontrolsw.md
mixerlinew	cbStruct	1	corpus/win32/api/mmeapi/ns-mmeapi-mixerlinew.md
mixerlinew	dwDestination	2	corpus/win32/api/mmeapi/ns-mmeapi-mixerlinew.md
mixerlinew	dwSource	3	corpus/win32/api/mmeapi/ns-mmeapi-mixerlinew.md
mixerlinew	dwLineID	4	corpus/win32/api/mmeapi/ns-mmeapi-mixerlinew.md
mixerlinew	fdwLine	5	corpus/win32/api/mmeapi/ns-mmeapi-mixerlinew.md
mixerlinew	dwUser	6	corpus/win32/api/mmeapi/ns-mmeapi-mixerlinew.md
mixerlinew	dwComponentType	7	corpus/win32/api/mmeapi/ns-mmeapi-mixerlinew.md
mixerlinew	cChannels	8	corpus/win32/api/mmeapi/ns-mmeapi-mixerlinew.md
mixerlinew	cConnections	9	corpus/win32/api/mmeapi/ns-mmeapi-mixerlinew.md
mixerlinew	cControls	10	corpus/win32/api/mmeapi/ns-mmeapi-mixerlinew.md
mixerlinew	szShortName	11	corpus/win32/api/mmeapi/ns-mmeapi-mixerlinew.md
mixerlinew	szName	12	corpus/win32/api/mmeapi/ns-mmeapi-mixerlinew.md
mixerlinew	Target	13	corpus/win32/api/mmeapi/ns-mmeapi-mixerlinew.md
mkrreduce	MKRREDUCE_ONE	1	corpus/win32/api/objidl/ne-objidl-mkrreduce.md
mkrreduce	MKRREDUCE_TOUSER	2	corpus/win32/api/objidl/ne-objidl-mkrreduce.md
mkrreduce	MKRREDUCE_THROUGHUSER	3	corpus/win32/api/objidl/ne-objidl-mkrreduce.md
moduleentry32	dwSize	1	corpus/win32/api/tlhelp32/ns-tlhelp32-moduleentry32.md
moduleentry32	th32ModuleID	2	corpus/win32/api/tlhelp32/ns-tlhelp32-moduleentry32.md
moduleentry32	th32ProcessID	3	corpus/win32/api/tlhelp32/ns-tlhelp32-moduleentry32.md
moduleentry32	GlblcntUsage	4	corpus/win32/api/tlhelp32/ns-tlhelp32-moduleentry32.md
moduleentry32	ProccntUsage	5	corpus/win32/api/tlhelp32/ns-tlhelp32-moduleentry32.md
moduleentry32	modBaseAddr	6	corpus/win32/api/tlhelp32/ns-tlhelp32-moduleentry32.md
moduleentry32	modBaseSize	7	corpus/win32/api/tlhelp32/ns-tlhelp32-moduleentry32.md
moduleentry32	hModule	8	corpus/win32/api/tlhelp32/ns-tlhelp32-moduleentry32.md
moduleentry32	szModule	9	corpus/win32/api/tlhelp32/ns-tlhelp32-moduleentry32.md
moduleentry32	szExePath	10	corpus/win32/api/tlhelp32/ns-tlhelp32-moduleentry32.md
moduleentry32w	dwSize	1	corpus/win32/api/tlhelp32/ns-tlhelp32-moduleentry32w.md
moduleentry32w	th32ModuleID	2	corpus/win32/api/tlhelp32/ns-tlhelp32-moduleentry32w.md
moduleentry32w	th32ProcessID	3	corpus/win32/api/tlhelp32/ns-tlhelp32-moduleentry32w.md
moduleentry32w	GlblcntUsage	4	corpus/win32/api/tlhelp32/ns-tlhelp32-moduleentry32w.md
moduleentry32w	ProccntUsage	5	corpus/win32/api/tlhelp32/ns-tlhelp32-moduleentry32w.md
moduleentry32w	modBaseAddr	6	corpus/win32/api/tlhelp32/ns-tlhelp32-moduleentry32w.md
moduleentry32w	modBaseSize	7	corpus/win32/api/tlhelp32/ns-tlhelp32-moduleentry32w.md
moduleentry32w	hModule	8	corpus/win32/api/tlhelp32/ns-tlhelp32-moduleentry32w.md
moduleentry32w	szModule	9	corpus/win32/api/tlhelp32/ns-tlhelp32-moduleentry32w.md
moduleentry32w	szExePath	10	corpus/win32/api/tlhelp32/ns-tlhelp32-moduleentry32w.md
moduleinfo	lpBaseOfDll	1	corpus/win32/api/psapi/ns-psapi-moduleinfo.md
moduleinfo	SizeOfImage	2	corpus/win32/api/psapi/ns-psapi-moduleinfo.md
moduleinfo	EntryPoint	3	corpus/win32/api/psapi/ns-psapi-moduleinfo.md
monitorinfo	cbSize	1	corpus/win32/api/winuser/ns-winuser-monitorinfo.md
monitorinfo	rcMonitor	2	corpus/win32/api/winuser/ns-winuser-monitorinfo.md
monitorinfo	rcWork	3	corpus/win32/api/winuser/ns-winuser-monitorinfo.md
monitorinfo	dwFlags	4	corpus/win32/api/winuser/ns-winuser-monitorinfo.md
monitorinfoexa	szDevice	1	corpus/win32/api/winuser/ns-winuser-monitorinfoexa.md
monitorinfoexa	tagMONITORINFO	2	corpus/win32/api/winuser/ns-winuser-monitorinfoexa.md
monitorinfoexw	szDevice	1	corpus/win32/api/winuser/ns-winuser-monitorinfoexw.md
monitorinfoexw	tagMONITORINFO	2	corpus/win32/api/winuser/ns-winuser-monitorinfoexw.md
mouseinput	dx	1	corpus/win32/api/winuser/ns-winuser-mouseinput.md
mouseinput	dy	2	corpus/win32/api/winuser/ns-winuser-mouseinput.md
mouseinput	mouseData	3	corpus/win32/api/winuser/ns-winuser-mouseinput.md
mouseinput	dwFlags	4	corpus/win32/api/winuser/ns-winuser-mouseinput.md
mouseinput	time	5	corpus/win32/api/winuser/ns-winuser-mouseinput.md
mouseinput	dwExtraInfo	6	corpus/win32/api/winuser/ns-winuser-mouseinput.md
mousekeys	cbSize	1	corpus/win32/api/winuser/ns-winuser-mousekeys.md
mousekeys	dwFlags	2	corpus/win32/api/winuser/ns-winuser-mousekeys.md
mousekeys	iMaxSpeed	3	corpus/win32/api/winuser/ns-winuser-mousekeys.md
mousekeys	iTimeToMaxSpeed	4	corpus/win32/api/winuser/ns-winuser-mousekeys.md
mousekeys	iCtrlSpeed	5	corpus/win32/api/winuser/ns-winuser-mousekeys.md
mousekeys	dwReserved1	6	corpus/win32/api/winuser/ns-winuser-mousekeys.md
mousekeys	dwReserved2	7	corpus/win32/api/winuser/ns-winuser-mousekeys.md
mpeg1videoinfo	hdr	1	corpus/win32/api/amvideo/ns-amvideo-mpeg1videoinfo.md
mpeg1videoinfo	dwStartTimeCode	2	corpus/win32/api/amvideo/ns-amvideo-mpeg1videoinfo.md
mpeg1videoinfo	cbSequenceHeader	3	corpus/win32/api/amvideo/ns-amvideo-mpeg1videoinfo.md
mpeg1videoinfo	bSequenceHeader	4	corpus/win32/api/amvideo/ns-amvideo-mpeg1videoinfo.md
mpeg2videoinfo	hdr	1	corpus/win32/api/dvdmedia/ns-dvdmedia-mpeg2videoinfo.md
mpeg2videoinfo	dwStartTimeCode	2	corpus/win32/api/dvdmedia/ns-dvdmedia-mpeg2videoinfo.md
mpeg2videoinfo	cbSequenceHeader	3	corpus/win32/api/dvdmedia/ns-dvdmedia-mpeg2videoinfo.md
mpeg2videoinfo	dwProfile	4	corpus/win32/api/dvdmedia/ns-dvdmedia-mpeg2videoinfo.md
mpeg2videoinfo	dwLevel	5	corpus/win32/api/dvdmedia/ns-dvdmedia-mpeg2videoinfo.md
mpeg2videoinfo	dwFlags	6	corpus/win32/api/dvdmedia/ns-dvdmedia-mpeg2videoinfo.md
mpeg2videoinfo	dwSequenceHeader	7	corpus/win32/api/dvdmedia/ns-dvdmedia-mpeg2videoinfo.md
msg	hwnd	1	corpus/win32/api/winuser/ns-winuser-msg.md
msg	message	2	corpus/win32/api/winuser/ns-winuser-msg.md
msg	wParam	3	corpus/win32/api/winuser/ns-winuser-msg.md
msg	lParam	4	corpus/win32/api/winuser/ns-winuser-msg.md
msg	time	5	corpus/win32/api/winuser/ns-winuser-msg.md
msg	pt	6	corpus/win32/api/winuser/ns-winuser-msg.md
msg	lPrivate	7	corpus/win32/api/winuser/ns-winuser-msg.md
multi_qi	pIID	1	corpus/win32/api/objidl/ns-objidl-multi_qi.md
multi_qi	pItf	2	corpus/win32/api/objidl/ns-objidl-multi_qi.md
multi_qi	hr	3	corpus/win32/api/objidl/ns-objidl-multi_qi.md
netresourcea	dwScope	1	corpus/win32/api/winnetwk/ns-winnetwk-netresourcea.md
netresourcea	dwType	2	corpus/win32/api/winnetwk/ns-winnetwk-netresourcea.md
netresourcea	dwDisplayType	3	corpus/win32/api/winnetwk/ns-winnetwk-netresourcea.md
netresourcea	dwUsage	4	corpus/win32/api/winnetwk/ns-winnetwk-netresourcea.md
netresourcea	lpLocalName	5	corpus/win32/api/winnetwk/ns-winnetwk-netresourcea.md
netresourcea	lpRemoteName	6	corpus/win32/api/winnetwk/ns-winnetwk-netresourcea.md
netresourcea	lpComment	7	corpus/win32/api/winnetwk/ns-winnetwk-netresourcea.md
netresourcea	lpProvider	8	corpus/win32/api/winnetwk/ns-winnetwk-netresourcea.md
netresourcew	dwScope	1	corpus/win32/api/winnetwk/ns-winnetwk-netresourcew.md
netresourcew	dwType	2	corpus/win32/api/winnetwk/ns-winnetwk-netresourcew.md
netresourcew	dwDisplayType	3	corpus/win32/api/winnetwk/ns-winnetwk-netresourcew.md
netresourcew	dwUsage	4	corpus/win32/api/winnetwk/ns-winnetwk-netresourcew.md
netresourcew	lpLocalName	5	corpus/win32/api/winnetwk/ns-winnetwk-netresourcew.md
netresourcew	lpRemoteName	6	corpus/win32/api/winnetwk/ns-winnetwk-netresourcew.md
netresourcew	lpComment	7	corpus/win32/api/winnetwk/ns-winnetwk-netresourcew.md
netresourcew	lpProvider	8	corpus/win32/api/winnetwk/ns-winnetwk-netresourcew.md
newcplinfoa	dwSize	1	corpus/win32/api/cpl/ns-cpl-newcplinfoa.md
newcplinfoa	dwFlags	2	corpus/win32/api/cpl/ns-cpl-newcplinfoa.md
newcplinfoa	dwHelpContext	3	corpus/win32/api/cpl/ns-cpl-newcplinfoa.md
newcplinfoa	lData	4	corpus/win32/api/cpl/ns-cpl-newcplinfoa.md
newcplinfoa	hIcon	5	corpus/win32/api/cpl/ns-cpl-newcplinfoa.md
newcplinfoa	szName	6	corpus/win32/api/cpl/ns-cpl-newcplinfoa.md
newcplinfoa	szInfo	7	corpus/win32/api/cpl/ns-cpl-newcplinfoa.md
newcplinfoa	szHelpFile	8	corpus/win32/api/cpl/ns-cpl-newcplinfoa.md
newcplinfow	dwSize	1	corpus/win32/api/cpl/ns-cpl-newcplinfow.md
newcplinfow	dwFlags	2	corpus/win32/api/cpl/ns-cpl-newcplinfow.md
newcplinfow	dwHelpContext	3	corpus/win32/api/cpl/ns-cpl-newcplinfow.md
newcplinfow	lData	4	corpus/win32/api/cpl/ns-cpl-newcplinfow.md
newcplinfow	hIcon	5	corpus/win32/api/cpl/ns-cpl-newcplinfow.md
newcplinfow	szName	6	corpus/win32/api/cpl/ns-cpl-newcplinfow.md
newcplinfow	szInfo	7	corpus/win32/api/cpl/ns-cpl-newcplinfow.md
newcplinfow	szHelpFile	8	corpus/win32/api/cpl/ns-cpl-newcplinfow.md
newtextmetrica	tmHeight	1	corpus/win32/api/wingdi/ns-wingdi-newtextmetrica.md
newtextmetrica	tmAscent	2	corpus/win32/api/wingdi/ns-wingdi-newtextmetrica.md
newtextmetrica	tmDescent	3	corpus/win32/api/wingdi/ns-wingdi-newtextmetrica.md
newtextmetrica	tmInternalLeading	4	corpus/win32/api/wingdi/ns-wingdi-newtextmetrica.md
newtextmetrica	tmExternalLeading	5	corpus/win32/api/wingdi/ns-wingdi-newtextmetrica.md
newtextmetrica	tmAveCharWidth	6	corpus/win32/api/wingdi/ns-wingdi-newtextmetrica.md
newtextmetrica	tmMaxCharWidth	7	corpus/win32/api/wingdi/ns-wingdi-newtextmetrica.md
newtextmetrica	tmWeight	8	corpus/win32/api/wingdi/ns-wingdi-newtextmetrica.md
newtextmetrica	tmOverhang	9	corpus/win32/api/wingdi/ns-wingdi-newtextmetrica.md
newtextmetrica	tmDigitizedAspectX	10	corpus/win32/api/wingdi/ns-wingdi-newtextmetrica.md
newtextmetrica	tmDigitizedAspectY	11	corpus/win32/api/wingdi/ns-wingdi-newtextmetrica.md
newtextmetrica	tmFirstChar	12	corpus/win32/api/wingdi/ns-wingdi-newtextmetrica.md
newtextmetrica	tmLastChar	13	corpus/win32/api/wingdi/ns-wingdi-newtextmetrica.md
newtextmetrica	tmDefaultChar	14	corpus/win32/api/wingdi/ns-wingdi-newtextmetrica.md
newtextmetrica	tmBreakChar	15	corpus/win32/api/wingdi/ns-wingdi-newtextmetrica.md
newtextmetrica	tmItalic	16	corpus/win32/api/wingdi/ns-wingdi-newtextmetrica.md
newtextmetrica	tmUnderlined	17	corpus/win32/api/wingdi/ns-wingdi-newtextmetrica.md
newtextmetrica	tmStruckOut	18	corpus/win32/api/wingdi/ns-wingdi-newtextmetrica.md
newtextmetrica	tmPitchAndFamily	19	corpus/win32/api/wingdi/ns-wingdi-newtextmetrica.md
newtextmetrica	tmCharSet	20	corpus/win32/api/wingdi/ns-wingdi-newtextmetrica.md
newtextmetrica	ntmFlags	21	corpus/win32/api/wingdi/ns-wingdi-newtextmetrica.md
newtextmetrica	ntmSizeEM	22	corpus/win32/api/wingdi/ns-wingdi-newtextmetrica.md
newtextmetrica	ntmCellHeight	23	corpus/win32/api/wingdi/ns-wingdi-newtextmetrica.md
newtextmetrica	ntmAvgWidth	24	corpus/win32/api/wingdi/ns-wingdi-newtextmetrica.md
newtextmetricw	tmHeight	1	corpus/win32/api/wingdi/ns-wingdi-newtextmetricw.md
newtextmetricw	tmAscent	2	corpus/win32/api/wingdi/ns-wingdi-newtextmetricw.md
newtextmetricw	tmDescent	3	corpus/win32/api/wingdi/ns-wingdi-newtextmetricw.md
newtextmetricw	tmInternalLeading	4	corpus/win32/api/wingdi/ns-wingdi-newtextmetricw.md
newtextmetricw	tmExternalLeading	5	corpus/win32/api/wingdi/ns-wingdi-newtextmetricw.md
newtextmetricw	tmAveCharWidth	6	corpus/win32/api/wingdi/ns-wingdi-newtextmetricw.md
newtextmetricw	tmMaxCharWidth	7	corpus/win32/api/wingdi/ns-wingdi-newtextmetricw.md
newtextmetricw	tmWeight	8	corpus/win32/api/wingdi/ns-wingdi-newtextmetricw.md
newtextmetricw	tmOverhang	9	corpus/win32/api/wingdi/ns-wingdi-newtextmetricw.md
newtextmetricw	tmDigitizedAspectX	10	corpus/win32/api/wingdi/ns-wingdi-newtextmetricw.md
newtextmetricw	tmDigitizedAspectY	11	corpus/win32/api/wingdi/ns-wingdi-newtextmetricw.md
newtextmetricw	tmFirstChar	12	corpus/win32/api/wingdi/ns-wingdi-newtextmetricw.md
newtextmetricw	tmLastChar	13	corpus/win32/api/wingdi/ns-wingdi-newtextmetricw.md
newtextmetricw	tmDefaultChar	14	corpus/win32/api/wingdi/ns-wingdi-newtextmetricw.md
newtextmetricw	tmBreakChar	15	corpus/win32/api/wingdi/ns-wingdi-newtextmetricw.md
newtextmetricw	tmItalic	16	corpus/win32/api/wingdi/ns-wingdi-newtextmetricw.md
newtextmetricw	tmUnderlined	17	corpus/win32/api/wingdi/ns-wingdi-newtextmetricw.md
newtextmetricw	tmStruckOut	18	corpus/win32/api/wingdi/ns-wingdi-newtextmetricw.md
newtextmetricw	tmPitchAndFamily	19	corpus/win32/api/wingdi/ns-wingdi-newtextmetricw.md
newtextmetricw	tmCharSet	20	corpus/win32/api/wingdi/ns-wingdi-newtextmetricw.md
newtextmetricw	ntmFlags	21	corpus/win32/api/wingdi/ns-wingdi-newtextmetricw.md
newtextmetricw	ntmSizeEM	22	corpus/win32/api/wingdi/ns-wingdi-newtextmetricw.md
newtextmetricw	ntmCellHeight	23	corpus/win32/api/wingdi/ns-wingdi-newtextmetricw.md
newtextmetricw	ntmAvgWidth	24	corpus/win32/api/wingdi/ns-wingdi-newtextmetricw.md
nmcustomdraw	hdr	1	corpus/win32/api/commctrl/ns-commctrl-nmcustomdraw.md
nmcustomdraw	dwDrawStage	2	corpus/win32/api/commctrl/ns-commctrl-nmcustomdraw.md
nmcustomdraw	hdc	3	corpus/win32/api/commctrl/ns-commctrl-nmcustomdraw.md
nmcustomdraw	rc	4	corpus/win32/api/commctrl/ns-commctrl-nmcustomdraw.md
nmcustomdraw	dwItemSpec	5	corpus/win32/api/commctrl/ns-commctrl-nmcustomdraw.md
nmcustomdraw	uItemState	6	corpus/win32/api/commctrl/ns-commctrl-nmcustomdraw.md
nmcustomdraw	lItemlParam	7	corpus/win32/api/commctrl/ns-commctrl-nmcustomdraw.md
nmdatetimechange	nmhdr	1	corpus/win32/api/commctrl/ns-commctrl-nmdatetimechange.md
nmdatetimechange	dwFlags	2	corpus/win32/api/commctrl/ns-commctrl-nmdatetimechange.md
nmdatetimechange	st	3	corpus/win32/api/commctrl/ns-commctrl-nmdatetimechange.md
nmdatetimeformata	nmhdr	1	corpus/win32/api/commctrl/ns-commctrl-nmdatetimeformata.md
nmdatetimeformata	pszFormat	2	corpus/win32/api/commctrl/ns-commctrl-nmdatetimeformata.md
nmdatetimeformata	st	3	corpus/win32/api/commctrl/ns-commctrl-nmdatetimeformata.md
nmdatetimeformata	pszDisplay	4	corpus/win32/api/commctrl/ns-commctrl-nmdatetimeformata.md
nmdatetimeformata	szDisplay	5	corpus/win32/api/commctrl/ns-commctrl-nmdatetimeformata.md
nmdatetimeformatquerya	nmhdr	1	corpus/win32/api/commctrl/ns-commctrl-nmdatetimeformatquerya.md
nmdatetimeformatquerya	pszFormat	2	corpus/win32/api/commctrl/ns-commctrl-nmdatetimeformatquerya.md
nmdatetimeformatquerya	szMax	3	corpus/win32/api/commctrl/ns-commctrl-nmdatetimeformatquerya.md
nmdatetimeformatqueryw	nmhdr	1	corpus/win32/api/commctrl/ns-commctrl-nmdatetimeformatqueryw.md
nmdatetimeformatqueryw	pszFormat	2	corpus/win32/api/commctrl/ns-commctrl-nmdatetimeformatqueryw.md
nmdatetimeformatqueryw	szMax	3	corpus/win32/api/commctrl/ns-commctrl-nmdatetimeformatqueryw.md
nmdatetimeformatw	nmhdr	1	corpus/win32/api/commctrl/ns-commctrl-nmdatetimeformatw.md
nmdatetimeformatw	pszFormat	2	corpus/win32/api/commctrl/ns-commctrl-nmdatetimeformatw.md
nmdatetimeformatw	st	3	corpus/win32/api/commctrl/ns-commctrl-nmdatetimeformatw.md
nmdatetimeformatw	pszDisplay	4	corpus/win32/api/commctrl/ns-commctrl-nmdatetimeformatw.md
nmdatetimeformatw	szDisplay	5	corpus/win32/api/commctrl/ns-commctrl-nmdatetimeformatw.md
nmdatetimestringa	nmhdr	1	corpus/win32/api/commctrl/ns-commctrl-nmdatetimestringa.md
nmdatetimestringa	pszUserString	2	corpus/win32/api/commctrl/ns-commctrl-nmdatetimestringa.md
nmdatetimestringa	st	3	corpus/win32/api/commctrl/ns-commctrl-nmdatetimestringa.md
nmdatetimestringa	dwFlags	4	corpus/win32/api/commctrl/ns-commctrl-nmdatetimestringa.md
nmdatetimestringw	nmhdr	1	corpus/win32/api/commctrl/ns-commctrl-nmdatetimestringw.md
nmdatetimestringw	pszUserString	2	corpus/win32/api/commctrl/ns-commctrl-nmdatetimestringw.md
nmdatetimestringw	st	3	corpus/win32/api/commctrl/ns-commctrl-nmdatetimestringw.md
nmdatetimestringw	dwFlags	4	corpus/win32/api/commctrl/ns-commctrl-nmdatetimestringw.md
nmdatetimewmkeydowna	nmhdr	1	corpus/win32/api/commctrl/ns-commctrl-nmdatetimewmkeydowna.md
nmdatetimewmkeydowna	nVirtKey	2	corpus/win32/api/commctrl/ns-commctrl-nmdatetimewmkeydowna.md
nmdatetimewmkeydowna	pszFormat	3	corpus/win32/api/commctrl/ns-commctrl-nmdatetimewmkeydowna.md
nmdatetimewmkeydowna	st	4	corpus/win32/api/commctrl/ns-commctrl-nmdatetimewmkeydowna.md
nmdatetimewmkeydownw	nmhdr	1	corpus/win32/api/commctrl/ns-commctrl-nmdatetimewmkeydownw.md
nmdatetimewmkeydownw	nVirtKey	2	corpus/win32/api/commctrl/ns-commctrl-nmdatetimewmkeydownw.md
nmdatetimewmkeydownw	pszFormat	3	corpus/win32/api/commctrl/ns-commctrl-nmdatetimewmkeydownw.md
nmdatetimewmkeydownw	st	4	corpus/win32/api/commctrl/ns-commctrl-nmdatetimewmkeydownw.md
nmdaystate	nmhdr	1	corpus/win32/api/commctrl/ns-commctrl-nmdaystate.md
nmdaystate	stStart	2	corpus/win32/api/commctrl/ns-commctrl-nmdaystate.md
nmdaystate	cDayState	3	corpus/win32/api/commctrl/ns-commctrl-nmdaystate.md
nmdaystate	prgDayState	4	corpus/win32/api/commctrl/ns-commctrl-nmdaystate.md
nmhddispinfoa	hdr	1	corpus/win32/api/commctrl/ns-commctrl-nmhddispinfoa.md
nmhddispinfoa	iItem	2	corpus/win32/api/commctrl/ns-commctrl-nmhddispinfoa.md
nmhddispinfoa	mask	3	corpus/win32/api/commctrl/ns-commctrl-nmhddispinfoa.md
nmhddispinfoa	pszText	4	corpus/win32/api/commctrl/ns-commctrl-nmhddispinfoa.md
nmhddispinfoa	cchTextMax	5	corpus/win32/api/commctrl/ns-commctrl-nmhddispinfoa.md
nmhddispinfoa	iImage	6	corpus/win32/api/commctrl/ns-commctrl-nmhddispinfoa.md
nmhddispinfoa	lParam	7	corpus/win32/api/commctrl/ns-commctrl-nmhddispinfoa.md
nmhddispinfow	hdr	1	corpus/win32/api/commctrl/ns-commctrl-nmhddispinfow.md
nmhddispinfow	iItem	2	corpus/win32/api/commctrl/ns-commctrl-nmhddispinfow.md
nmhddispinfow	mask	3	corpus/win32/api/commctrl/ns-commctrl-nmhddispinfow.md
nmhddispinfow	pszText	4	corpus/win32/api/commctrl/ns-commctrl-nmhddispinfow.md
nmhddispinfow	cchTextMax	5	corpus/win32/api/commctrl/ns-commctrl-nmhddispinfow.md
nmhddispinfow	iImage	6	corpus/win32/api/commctrl/ns-commctrl-nmhddispinfow.md
nmhddispinfow	lParam	7	corpus/win32/api/commctrl/ns-commctrl-nmhddispinfow.md
nmhdr	hwndFrom	1	corpus/win32/api/richedit/ns-richedit-nmhdr.md
nmhdr	idFrom	2	corpus/win32/api/richedit/ns-richedit-nmhdr.md
nmhdr	code	3	corpus/win32/api/richedit/ns-richedit-nmhdr.md
nmheadera	hdr	1	corpus/win32/api/commctrl/ns-commctrl-nmheadera.md
nmheadera	iItem	2	corpus/win32/api/commctrl/ns-commctrl-nmheadera.md
nmheadera	iButton	3	corpus/win32/api/commctrl/ns-commctrl-nmheadera.md
nmheadera	pitem	4	corpus/win32/api/commctrl/ns-commctrl-nmheadera.md
nmheaderw	hdr	1	corpus/win32/api/commctrl/ns-commctrl-nmheaderw.md
nmheaderw	iItem	2	corpus/win32/api/commctrl/ns-commctrl-nmheaderw.md
nmheaderw	iButton	3	corpus/win32/api/commctrl/ns-commctrl-nmheaderw.md
nmheaderw	pitem	4	corpus/win32/api/commctrl/ns-commctrl-nmheaderw.md
nmkey	hdr	1	corpus/win32/api/commctrl/ns-commctrl-nmkey.md
nmkey	nVKey	2	corpus/win32/api/commctrl/ns-commctrl-nmkey.md
nmkey	uFlags	3	corpus/win32/api/commctrl/ns-commctrl-nmkey.md
nmlistview	hdr	1	corpus/win32/api/commctrl/ns-commctrl-nmlistview.md
nmlistview	iItem	2	corpus/win32/api/commctrl/ns-commctrl-nmlistview.md
nmlistview	iSubItem	3	corpus/win32/api/commctrl/ns-commctrl-nmlistview.md
nmlistview	uNewState	4	corpus/win32/api/commctrl/ns-commctrl-nmlistview.md
nmlistview	uOldState	5	corpus/win32/api/commctrl/ns-commctrl-nmlistview.md
nmlistview	uChanged	6	corpus/win32/api/commctrl/ns-commctrl-nmlistview.md
nmlistview	ptAction	7	corpus/win32/api/commctrl/ns-commctrl-nmlistview.md
nmlistview	lParam	8	corpus/win32/api/commctrl/ns-commctrl-nmlistview.md
nmlvcachehint	hdr	1	corpus/win32/api/commctrl/ns-commctrl-nmlvcachehint.md
nmlvcachehint	iFrom	2	corpus/win32/api/commctrl/ns-commctrl-nmlvcachehint.md
nmlvcachehint	iTo	3	corpus/win32/api/commctrl/ns-commctrl-nmlvcachehint.md
nmlvcustomdraw	nmcd	1	corpus/win32/api/commctrl/ns-commctrl-nmlvcustomdraw.md
nmlvcustomdraw	clrText	2	corpus/win32/api/commctrl/ns-commctrl-nmlvcustomdraw.md
nmlvcustomdraw	clrTextBk	3	corpus/win32/api/commctrl/ns-commctrl-nmlvcustomdraw.md
nmlvcustomdraw	iSubItem	4	corpus/win32/api/commctrl/ns-commctrl-nmlvcustomdraw.md
nmlvcustomdraw	dwItemType	5	corpus/win32/api/commctrl/ns-commctrl-nmlvcustomdraw.md
nmlvcustomdraw	clrFace	6	corpus/win32/api/commctrl/ns-commctrl-nmlvcustomdraw.md
nmlvcustomdraw	iIconEffect	7	corpus/win32/api/commctrl/ns-commctrl-nmlvcustomdraw.md
nmlvcustomdraw	iIconPhase	8	corpus/win32/api/commctrl/ns-commctrl-nmlvcustomdraw.md
nmlvcustomdraw	iPartId	9	corpus/win32/api/commctrl/ns-commctrl-nmlvcustomdraw.md
nmlvcustomdraw	iStateId	10	corpus/win32/api/commctrl/ns-commctrl-nmlvcustomdraw.md
nmlvcustomdraw	rcText	11	corpus/win32/api/commctrl/ns-commctrl-nmlvcustomdraw.md
nmlvcustomdraw	uAlign	12	corpus/win32/api/commctrl/ns-commctrl-nmlvcustomdraw.md
nmlvfinditema	hdr	1	corpus/win32/api/commctrl/ns-commctrl-nmlvfinditema.md
nmlvfinditema	iStart	2	corpus/win32/api/commctrl/ns-commctrl-nmlvfinditema.md
nmlvfinditema	lvfi	3	corpus/win32/api/commctrl/ns-commctrl-nmlvfinditema.md
nmlvfinditemw	hdr	1	corpus/win32/api/commctrl/ns-commctrl-nmlvfinditemw.md
nmlvfinditemw	iStart	2	corpus/win32/api/commctrl/ns-commctrl-nmlvfinditemw.md
nmlvfinditemw	lvfi	3	corpus/win32/api/commctrl/ns-commctrl-nmlvfinditemw.md
nmlvgetinfotipa	hdr	1	corpus/win32/api/commctrl/ns-commctrl-nmlvgetinfotipa.md
nmlvgetinfotipa	dwFlags	2	corpus/win32/api/commctrl/ns-commctrl-nmlvgetinfotipa.md
nmlvgetinfotipa	pszText	3	corpus/win32/api/commctrl/ns-commctrl-nmlvgetinfotipa.md
nmlvgetinfotipa	cchTextMax	4	corpus/win32/api/commctrl/ns-commctrl-nmlvgetinfotipa.md
nmlvgetinfotipa	iItem	5	corpus/win32/api/commctrl/ns-commctrl-nmlvgetinfotipa.md
nmlvgetinfotipa	iSubItem	6	corpus/win32/api/commctrl/ns-commctrl-nmlvgetinfotipa.md
nmlvgetinfotipa	lParam	7	corpus/win32/api/commctrl/ns-commctrl-nmlvgetinfotipa.md
nmlvgetinfotipw	hdr	1	corpus/win32/api/commctrl/ns-commctrl-nmlvgetinfotipw.md
nmlvgetinfotipw	dwFlags	2	corpus/win32/api/commctrl/ns-commctrl-nmlvgetinfotipw.md
nmlvgetinfotipw	pszText	3	corpus/win32/api/commctrl/ns-commctrl-nmlvgetinfotipw.md
nmlvgetinfotipw	cchTextMax	4	corpus/win32/api/commctrl/ns-commctrl-nmlvgetinfotipw.md
nmlvgetinfotipw	iItem	5	corpus/win32/api/commctrl/ns-commctrl-nmlvgetinfotipw.md
nmlvgetinfotipw	iSubItem	6	corpus/win32/api/commctrl/ns-commctrl-nmlvgetinfotipw.md
nmlvgetinfotipw	lParam	7	corpus/win32/api/commctrl/ns-commctrl-nmlvgetinfotipw.md
nmlvkeydown	hdr	1	corpus/win32/api/commctrl/ns-commctrl-nmlvkeydown.md
nmlvkeydown	wVKey	2	corpus/win32/api/commctrl/ns-commctrl-nmlvkeydown.md
nmlvkeydown	flags	3	corpus/win32/api/commctrl/ns-commctrl-nmlvkeydown.md
nmlvodstatechange	hdr	1	corpus/win32/api/commctrl/ns-commctrl-nmlvodstatechange.md
nmlvodstatechange	iFrom	2	corpus/win32/api/commctrl/ns-commctrl-nmlvodstatechange.md
nmlvodstatechange	iTo	3	corpus/win32/api/commctrl/ns-commctrl-nmlvodstatechange.md
nmlvodstatechange	uNewState	4	corpus/win32/api/commctrl/ns-commctrl-nmlvodstatechange.md
nmlvodstatechange	uOldState	5	corpus/win32/api/commctrl/ns-commctrl-nmlvodstatechange.md
nmmouse	hdr	1	corpus/win32/api/commctrl/ns-commctrl-nmmouse.md
nmmouse	dwItemSpec	2	corpus/win32/api/commctrl/ns-commctrl-nmmouse.md
nmmouse	dwItemData	3	corpus/win32/api/commctrl/ns-commctrl-nmmouse.md
nmmouse	pt	4	corpus/win32/api/commctrl/ns-commctrl-nmmouse.md
nmmouse	dwHitInfo	5	corpus/win32/api/commctrl/ns-commctrl-nmmouse.md
nmrbautosize	hdr	1	corpus/win32/api/commctrl/ns-commctrl-nmrbautosize.md
nmrbautosize	fChanged	2	corpus/win32/api/commctrl/ns-commctrl-nmrbautosize.md
nmrbautosize	rcTarget	3	corpus/win32/api/commctrl/ns-commctrl-nmrbautosize.md
nmrbautosize	rcActual	4	corpus/win32/api/commctrl/ns-commctrl-nmrbautosize.md
nmrebar	hdr	1	corpus/win32/api/commctrl/ns-commctrl-nmrebar.md
nmrebar	dwMask	2	corpus/win32/api/commctrl/ns-commctrl-nmrebar.md
nmrebar	uBand	3	corpus/win32/api/commctrl/ns-commctrl-nmrebar.md
nmrebar	fStyle	4	corpus/win32/api/commctrl/ns-commctrl-nmrebar.md
nmrebar	wID	5	corpus/win32/api/commctrl/ns-commctrl-nmrebar.md
nmrebar	lParam	6	corpus/win32/api/commctrl/ns-commctrl-nmrebar.md
nmselchange	nmhdr	1	corpus/win32/api/commctrl/ns-commctrl-nmselchange.md
nmselchange	stSelStart	2	corpus/win32/api/commctrl/ns-commctrl-nmselchange.md
nmselchange	stSelEnd	3	corpus/win32/api/commctrl/ns-commctrl-nmselchange.md
nmtckeydown	hdr	1	corpus/win32/api/commctrl/ns-commctrl-nmtckeydown.md
nmtckeydown	wVKey	2	corpus/win32/api/commctrl/ns-commctrl-nmtckeydown.md
nmtckeydown	flags	3	corpus/win32/api/commctrl/ns-commctrl-nmtckeydown.md
nmtoolbara	hdr	1	corpus/win32/api/commctrl/ns-commctrl-nmtoolbara.md
nmtoolbara	iItem	2	corpus/win32/api/commctrl/ns-commctrl-nmtoolbara.md
nmtoolbara	tbButton	3	corpus/win32/api/commctrl/ns-commctrl-nmtoolbara.md
nmtoolbara	cchText	4	corpus/win32/api/commctrl/ns-commctrl-nmtoolbara.md
nmtoolbara	pszText	5	corpus/win32/api/commctrl/ns-commctrl-nmtoolbara.md
nmtoolbara	rcButton	6	corpus/win32/api/commctrl/ns-commctrl-nmtoolbara.md
nmtoolbarw	hdr	1	corpus/win32/api/commctrl/ns-commctrl-nmtoolbarw.md
nmtoolbarw	iItem	2	corpus/win32/api/commctrl/ns-commctrl-nmtoolbarw.md
nmtoolbarw	tbButton	3	corpus/win32/api/commctrl/ns-commctrl-nmtoolbarw.md
nmtoolbarw	cchText	4	corpus/win32/api/commctrl/ns-commctrl-nmtoolbarw.md
nmtoolbarw	pszText	5	corpus/win32/api/commctrl/ns-commctrl-nmtoolbarw.md
nmtoolbarw	rcButton	6	corpus/win32/api/commctrl/ns-commctrl-nmtoolbarw.md
nmttcustomdraw	nmcd	1	corpus/win32/api/commctrl/ns-commctrl-nmttcustomdraw.md
nmttcustomdraw	uDrawFlags	2	corpus/win32/api/commctrl/ns-commctrl-nmttcustomdraw.md
nmttdispinfoa	hdr	1	corpus/win32/api/commctrl/ns-commctrl-nmttdispinfoa.md
nmttdispinfoa	lpszText	2	corpus/win32/api/commctrl/ns-commctrl-nmttdispinfoa.md
nmttdispinfoa	szText	3	corpus/win32/api/commctrl/ns-commctrl-nmttdispinfoa.md
nmttdispinfoa	hinst	4	corpus/win32/api/commctrl/ns-commctrl-nmttdispinfoa.md
nmttdispinfoa	uFlags	5	corpus/win32/api/commctrl/ns-commctrl-nmttdispinfoa.md
nmttdispinfoa	lParam	6	corpus/win32/api/commctrl/ns-commctrl-nmttdispinfoa.md
nmttdispinfow	hdr	1	corpus/win32/api/commctrl/ns-commctrl-nmttdispinfow.md
nmttdispinfow	lpszText	2	corpus/win32/api/commctrl/ns-commctrl-nmttdispinfow.md
nmttdispinfow	szText	3	corpus/win32/api/commctrl/ns-commctrl-nmttdispinfow.md
nmttdispinfow	hinst	4	corpus/win32/api/commctrl/ns-commctrl-nmttdispinfow.md
nmttdispinfow	uFlags	5	corpus/win32/api/commctrl/ns-commctrl-nmttdispinfow.md
nmttdispinfow	lParam	6	corpus/win32/api/commctrl/ns-commctrl-nmttdispinfow.md
nmtvcustomdraw	nmcd	1	corpus/win32/api/commctrl/ns-commctrl-nmtvcustomdraw.md
nmtvcustomdraw	clrText	2	corpus/win32/api/commctrl/ns-commctrl-nmtvcustomdraw.md
nmtvcustomdraw	clrTextBk	3	corpus/win32/api/commctrl/ns-commctrl-nmtvcustomdraw.md
nmtvcustomdraw	iLevel	4	corpus/win32/api/commctrl/ns-commctrl-nmtvcustomdraw.md
nmtvkeydown	hdr	1	corpus/win32/api/commctrl/ns-commctrl-nmtvkeydown.md
nmtvkeydown	wVKey	2	corpus/win32/api/commctrl/ns-commctrl-nmtvkeydown.md
nmtvkeydown	flags	3	corpus/win32/api/commctrl/ns-commctrl-nmtvkeydown.md
nmupdown	hdr	1	corpus/win32/api/commctrl/ns-commctrl-nmupdown.md
nmupdown	iPos	2	corpus/win32/api/commctrl/ns-commctrl-nmupdown.md
nmupdown	iDelta	3	corpus/win32/api/commctrl/ns-commctrl-nmupdown.md
notifyicondataa	cbSize	1	corpus/win32/api/shellapi/ns-shellapi-notifyicondataa.md
notifyicondataa	hWnd	2	corpus/win32/api/shellapi/ns-shellapi-notifyicondataa.md
notifyicondataa	uID	3	corpus/win32/api/shellapi/ns-shellapi-notifyicondataa.md
notifyicondataa	uFlags	4	corpus/win32/api/shellapi/ns-shellapi-notifyicondataa.md
notifyicondataa	uCallbackMessage	5	corpus/win32/api/shellapi/ns-shellapi-notifyicondataa.md
notifyicondataa	hIcon	6	corpus/win32/api/shellapi/ns-shellapi-notifyicondataa.md
notifyicondataa	szTip	7	corpus/win32/api/shellapi/ns-shellapi-notifyicondataa.md
notifyicondataa	dwState	8	corpus/win32/api/shellapi/ns-shellapi-notifyicondataa.md
notifyicondataa	dwStateMask	9	corpus/win32/api/shellapi/ns-shellapi-notifyicondataa.md
notifyicondataa	szInfo	10	corpus/win32/api/shellapi/ns-shellapi-notifyicondataa.md
notifyicondataa	DUMMYUNIONNAME	11	corpus/win32/api/shellapi/ns-shellapi-notifyicondataa.md
notifyicondataa	szInfoTitle	12	corpus/win32/api/shellapi/ns-shellapi-notifyicondataa.md
notifyicondataa	dwInfoFlags	13	corpus/win32/api/shellapi/ns-shellapi-notifyicondataa.md
notifyicondataa	guidItem	14	corpus/win32/api/shellapi/ns-shellapi-notifyicondataa.md
notifyicondataa	hBalloonIcon	15	corpus/win32/api/shellapi/ns-shellapi-notifyicondataa.md
notifyicondataw	cbSize	1	corpus/win32/api/shellapi/ns-shellapi-notifyicondataw.md
notifyicondataw	hWnd	2	corpus/win32/api/shellapi/ns-shellapi-notifyicondataw.md
notifyicondataw	uID	3	corpus/win32/api/shellapi/ns-shellapi-notifyicondataw.md
notifyicondataw	uFlags	4	corpus/win32/api/shellapi/ns-shellapi-notifyicondataw.md
notifyicondataw	uCallbackMessage	5	corpus/win32/api/shellapi/ns-shellapi-notifyicondataw.md
notifyicondataw	hIcon	6	corpus/win32/api/shellapi/ns-shellapi-notifyicondataw.md
notifyicondataw	szTip	7	corpus/win32/api/shellapi/ns-shellapi-notifyicondataw.md
notifyicondataw	dwState	8	corpus/win32/api/shellapi/ns-shellapi-notifyicondataw.md
notifyicondataw	dwStateMask	9	corpus/win32/api/shellapi/ns-shellapi-notifyicondataw.md
notifyicondataw	szInfo	10	corpus/win32/api/shellapi/ns-shellapi-notifyicondataw.md
notifyicondataw	DUMMYUNIONNAME	11	corpus/win32/api/shellapi/ns-shellapi-notifyicondataw.md
notifyicondataw	szInfoTitle	12	corpus/win32/api/shellapi/ns-shellapi-notifyicondataw.md
notifyicondataw	dwInfoFlags	13	corpus/win32/api/shellapi/ns-shellapi-notifyicondataw.md
notifyicondataw	guidItem	14	corpus/win32/api/shellapi/ns-shellapi-notifyicondataw.md
notifyicondataw	hBalloonIcon	15	corpus/win32/api/shellapi/ns-shellapi-notifyicondataw.md
ns_service_infoa	dwNameSpace	1	corpus/win32/api/nspapi/ns-nspapi-ns_service_infoa.md
ns_service_infoa	ServiceInfo	2	corpus/win32/api/nspapi/ns-nspapi-ns_service_infoa.md
ns_service_infow	dwNameSpace	1	corpus/win32/api/nspapi/ns-nspapi-ns_service_infow.md
ns_service_infow	ServiceInfo	2	corpus/win32/api/nspapi/ns-nspapi-ns_service_infow.md
nsp_routine	cbSize	1	corpus/win32/api/ws2spi/ns-ws2spi-nsp_routine.md
nsp_routine	dwMajorVersion	2	corpus/win32/api/ws2spi/ns-ws2spi-nsp_routine.md
nsp_routine	dwMinorVersion	3	corpus/win32/api/ws2spi/ns-ws2spi-nsp_routine.md
nsp_routine	NSPCleanup	4	corpus/win32/api/ws2spi/ns-ws2spi-nsp_routine.md
nsp_routine	NSPLookupServiceBegin	5	corpus/win32/api/ws2spi/ns-ws2spi-nsp_routine.md
nsp_routine	NSPLookupServiceNext	6	corpus/win32/api/ws2spi/ns-ws2spi-nsp_routine.md
nsp_routine	NSPLookupServiceEnd	7	corpus/win32/api/ws2spi/ns-ws2spi-nsp_routine.md
nsp_routine	NSPSetService	8	corpus/win32/api/ws2spi/ns-ws2spi-nsp_routine.md
nsp_routine	NSPInstallServiceClass	9	corpus/win32/api/ws2spi/ns-ws2spi-nsp_routine.md
nsp_routine	NSPRemoveServiceClass	10	corpus/win32/api/ws2spi/ns-ws2spi-nsp_routine.md
nsp_routine	NSPGetServiceClassInfo	11	corpus/win32/api/ws2spi/ns-ws2spi-nsp_routine.md
nsp_routine	NSPIoctl	12	corpus/win32/api/ws2spi/ns-ws2spi-nsp_routine.md
numberfmta	NumDigits	1	corpus/win32/api/winnls/ns-winnls-numberfmta.md
numberfmta	LeadingZero	2	corpus/win32/api/winnls/ns-winnls-numberfmta.md
numberfmta	Grouping	3	corpus/win32/api/winnls/ns-winnls-numberfmta.md
numberfmta	lpDecimalSep	4	corpus/win32/api/winnls/ns-winnls-numberfmta.md
numberfmta	lpThousandSep	5	corpus/win32/api/winnls/ns-winnls-numberfmta.md
numberfmta	NegativeOrder	6	corpus/win32/api/winnls/ns-winnls-numberfmta.md
numberfmtw	NumDigits	1	corpus/win32/api/winnls/ns-winnls-numberfmtw.md
numberfmtw	LeadingZero	2	corpus/win32/api/winnls/ns-winnls-numberfmtw.md
numberfmtw	Grouping	3	corpus/win32/api/winnls/ns-winnls-numberfmtw.md
numberfmtw	lpDecimalSep	4	corpus/win32/api/winnls/ns-winnls-numberfmtw.md
numberfmtw	lpThousandSep	5	corpus/win32/api/winnls/ns-winnls-numberfmtw.md
numberfmtw	NegativeOrder	6	corpus/win32/api/winnls/ns-winnls-numberfmtw.md
ofnotifya	hdr	1	corpus/win32/api/commdlg/ns-commdlg-ofnotifya.md
ofnotifya	lpOFN	2	corpus/win32/api/commdlg/ns-commdlg-ofnotifya.md
ofnotifya	pszFile	3	corpus/win32/api/commdlg/ns-commdlg-ofnotifya.md
ofnotifyw	hdr	1	corpus/win32/api/commdlg/ns-commdlg-ofnotifyw.md
ofnotifyw	lpOFN	2	corpus/win32/api/commdlg/ns-commdlg-ofnotifyw.md
ofnotifyw	pszFile	3	corpus/win32/api/commdlg/ns-commdlg-ofnotifyw.md
oleverb	lVerb	1	corpus/win32/api/oleidl/ns-oleidl-oleverb.md
oleverb	lpszVerbName	2	corpus/win32/api/oleidl/ns-oleidl-oleverb.md
oleverb	fuFlags	3	corpus/win32/api/oleidl/ns-oleidl-oleverb.md
oleverb	grfAttribs	4	corpus/win32/api/oleidl/ns-oleidl-oleverb.md
openfilenamea	lStructSize	1	corpus/win32/api/commdlg/ns-commdlg-openfilenamea.md
openfilenamea	hwndOwner	2	corpus/win32/api/commdlg/ns-commdlg-openfilenamea.md
openfilenamea	hInstance	3	corpus/win32/api/commdlg/ns-commdlg-openfilenamea.md
openfilenamea	lpstrFilter	4	corpus/win32/api/commdlg/ns-commdlg-openfilenamea.md
openfilenamea	lpstrCustomFilter	5	corpus/win32/api/commdlg/ns-commdlg-openfilenamea.md
openfilenamea	nMaxCustFilter	6	corpus/win32/api/commdlg/ns-commdlg-openfilenamea.md
openfilenamea	nFilterIndex	7	corpus/win32/api/commdlg/ns-commdlg-openfilenamea.md
openfilenamea	lpstrFile	8	corpus/win32/api/commdlg/ns-commdlg-openfilenamea.md
openfilenamea	nMaxFile	9	corpus/win32/api/commdlg/ns-commdlg-openfilenamea.md
openfilenamea	lpstrFileTitle	10	corpus/win32/api/commdlg/ns-commdlg-openfilenamea.md
openfilenamea	nMaxFileTitle	11	corpus/win32/api/commdlg/ns-commdlg-openfilenamea.md
openfilenamea	lpstrInitialDir	12	corpus/win32/api/commdlg/ns-commdlg-openfilenamea.md
openfilenamea	lpstrTitle	13	corpus/win32/api/commdlg/ns-commdlg-openfilenamea.md
openfilenamea	Flags	14	corpus/win32/api/commdlg/ns-commdlg-openfilenamea.md
openfilenamea	nFileOffset	15	corpus/win32/api/commdlg/ns-commdlg-openfilenamea.md
openfilenamea	nFileExtension	16	corpus/win32/api/commdlg/ns-commdlg-openfilenamea.md
openfilenamea	lpstrDefExt	17	corpus/win32/api/commdlg/ns-commdlg-openfilenamea.md
openfilenamea	lCustData	18	corpus/win32/api/commdlg/ns-commdlg-openfilenamea.md
openfilenamea	lpfnHook	19	corpus/win32/api/commdlg/ns-commdlg-openfilenamea.md
openfilenamea	lpTemplateName	20	corpus/win32/api/commdlg/ns-commdlg-openfilenamea.md
openfilenamea	lpEditInfo	21	corpus/win32/api/commdlg/ns-commdlg-openfilenamea.md
openfilenamea	lpstrPrompt	22	corpus/win32/api/commdlg/ns-commdlg-openfilenamea.md
openfilenamea	pvReserved	23	corpus/win32/api/commdlg/ns-commdlg-openfilenamea.md
openfilenamea	dwReserved	24	corpus/win32/api/commdlg/ns-commdlg-openfilenamea.md
openfilenamea	FlagsEx	25	corpus/win32/api/commdlg/ns-commdlg-openfilenamea.md
openfilenamew	lStructSize	1	corpus/win32/api/commdlg/ns-commdlg-openfilenamew.md
openfilenamew	hwndOwner	2	corpus/win32/api/commdlg/ns-commdlg-openfilenamew.md
openfilenamew	hInstance	3	corpus/win32/api/commdlg/ns-commdlg-openfilenamew.md
openfilenamew	lpstrFilter	4	corpus/win32/api/commdlg/ns-commdlg-openfilenamew.md
openfilenamew	lpstrCustomFilter	5	corpus/win32/api/commdlg/ns-commdlg-openfilenamew.md
openfilenamew	nMaxCustFilter	6	corpus/win32/api/commdlg/ns-commdlg-openfilenamew.md
openfilenamew	nFilterIndex	7	corpus/win32/api/commdlg/ns-commdlg-openfilenamew.md
openfilenamew	lpstrFile	8	corpus/win32/api/commdlg/ns-commdlg-openfilenamew.md
openfilenamew	nMaxFile	9	corpus/win32/api/commdlg/ns-commdlg-openfilenamew.md
openfilenamew	lpstrFileTitle	10	corpus/win32/api/commdlg/ns-commdlg-openfilenamew.md
openfilenamew	nMaxFileTitle	11	corpus/win32/api/commdlg/ns-commdlg-openfilenamew.md
openfilenamew	lpstrInitialDir	12	corpus/win32/api/commdlg/ns-commdlg-openfilenamew.md
openfilenamew	lpstrTitle	13	corpus/win32/api/commdlg/ns-commdlg-openfilenamew.md
openfilenamew	Flags	14	corpus/win32/api/commdlg/ns-commdlg-openfilenamew.md
openfilenamew	nFileOffset	15	corpus/win32/api/commdlg/ns-commdlg-openfilenamew.md
openfilenamew	nFileExtension	16	corpus/win32/api/commdlg/ns-commdlg-openfilenamew.md
openfilenamew	lpstrDefExt	17	corpus/win32/api/commdlg/ns-commdlg-openfilenamew.md
openfilenamew	lCustData	18	corpus/win32/api/commdlg/ns-commdlg-openfilenamew.md
openfilenamew	lpfnHook	19	corpus/win32/api/commdlg/ns-commdlg-openfilenamew.md
openfilenamew	lpTemplateName	20	corpus/win32/api/commdlg/ns-commdlg-openfilenamew.md
openfilenamew	lpEditInfo	21	corpus/win32/api/commdlg/ns-commdlg-openfilenamew.md
openfilenamew	lpstrPrompt	22	corpus/win32/api/commdlg/ns-commdlg-openfilenamew.md
openfilenamew	pvReserved	23	corpus/win32/api/commdlg/ns-commdlg-openfilenamew.md
openfilenamew	dwReserved	24	corpus/win32/api/commdlg/ns-commdlg-openfilenamew.md
openfilenamew	FlagsEx	25	corpus/win32/api/commdlg/ns-commdlg-openfilenamew.md
osversioninfoa	dwOSVersionInfoSize	1	corpus/win32/api/winnt/ns-winnt-osversioninfoa.md
osversioninfoa	dwMajorVersion	2	corpus/win32/api/winnt/ns-winnt-osversioninfoa.md
osversioninfoa	dwMinorVersion	3	corpus/win32/api/winnt/ns-winnt-osversioninfoa.md
osversioninfoa	dwBuildNumber	4	corpus/win32/api/winnt/ns-winnt-osversioninfoa.md
osversioninfoa	dwPlatformId	5	corpus/win32/api/winnt/ns-winnt-osversioninfoa.md
osversioninfoa	szCSDVersion	6	corpus/win32/api/winnt/ns-winnt-osversioninfoa.md
osversioninfow	dwOSVersionInfoSize	1	corpus/win32/api/winnt/ns-winnt-osversioninfow.md
osversioninfow	dwMajorVersion	2	corpus/win32/api/winnt/ns-winnt-osversioninfow.md
osversioninfow	dwMinorVersion	3	corpus/win32/api/winnt/ns-winnt-osversioninfow.md
osversioninfow	dwBuildNumber	4	corpus/win32/api/winnt/ns-winnt-osversioninfow.md
osversioninfow	dwPlatformId	5	corpus/win32/api/winnt/ns-winnt-osversioninfow.md
osversioninfow	szCSDVersion	6	corpus/win32/api/winnt/ns-winnt-osversioninfow.md
outlinetextmetricw	otmSize	1	corpus/win32/api/wingdi/ns-wingdi-outlinetextmetricw.md
outlinetextmetricw	otmTextMetrics	2	corpus/win32/api/wingdi/ns-wingdi-outlinetextmetricw.md
outlinetextmetricw	otmFiller	3	corpus/win32/api/wingdi/ns-wingdi-outlinetextmetricw.md
outlinetextmetricw	otmPanoseNumber	4	corpus/win32/api/wingdi/ns-wingdi-outlinetextmetricw.md
outlinetextmetricw	otmfsSelection	5	corpus/win32/api/wingdi/ns-wingdi-outlinetextmetricw.md
outlinetextmetricw	otmfsType	6	corpus/win32/api/wingdi/ns-wingdi-outlinetextmetricw.md
outlinetextmetricw	otmsCharSlopeRise	7	corpus/win32/api/wingdi/ns-wingdi-outlinetextmetricw.md
outlinetextmetricw	otmsCharSlopeRun	8	corpus/win32/api/wingdi/ns-wingdi-outlinetextmetricw.md
outlinetextmetricw	otmItalicAngle	9	corpus/win32/api/wingdi/ns-wingdi-outlinetextmetricw.md
outlinetextmetricw	otmEMSquare	10	corpus/win32/api/wingdi/ns-wingdi-outlinetextmetricw.md
outlinetextmetricw	otmAscent	11	corpus/win32/api/wingdi/ns-wingdi-outlinetextmetricw.md
outlinetextmetricw	otmDescent	12	corpus/win32/api/wingdi/ns-wingdi-outlinetextmetricw.md
outlinetextmetricw	otmLineGap	13	corpus/win32/api/wingdi/ns-wingdi-outlinetextmetricw.md
outlinetextmetricw	otmsCapEmHeight	14	corpus/win32/api/wingdi/ns-wingdi-outlinetextmetricw.md
outlinetextmetricw	otmsXHeight	15	corpus/win32/api/wingdi/ns-wingdi-outlinetextmetricw.md
outlinetextmetricw	otmrcFontBox	16	corpus/win32/api/wingdi/ns-wingdi-outlinetextmetricw.md
outlinetextmetricw	otmMacAscent	17	corpus/win32/api/wingdi/ns-wingdi-outlinetextmetricw.md
outlinetextmetricw	otmMacDescent	18	corpus/win32/api/wingdi/ns-wingdi-outlinetextmetricw.md
outlinetextmetricw	otmMacLineGap	19	corpus/win32/api/wingdi/ns-wingdi-outlinetextmetricw.md
outlinetextmetricw	otmusMinimumPPEM	20	corpus/win32/api/wingdi/ns-wingdi-outlinetextmetricw.md
outlinetextmetricw	otmptSubscriptSize	21	corpus/win32/api/wingdi/ns-wingdi-outlinetextmetricw.md
outlinetextmetricw	otmptSubscriptOffset	22	corpus/win32/api/wingdi/ns-wingdi-outlinetextmetricw.md
outlinetextmetricw	otmptSuperscriptSize	23	corpus/win32/api/wingdi/ns-wingdi-outlinetextmetricw.md
outlinetextmetricw	otmptSuperscriptOffset	24	corpus/win32/api/wingdi/ns-wingdi-outlinetextmetricw.md
outlinetextmetricw	otmsStrikeoutSize	25	corpus/win32/api/wingdi/ns-wingdi-outlinetextmetricw.md
outlinetextmetricw	otmsStrikeoutPosition	26	corpus/win32/api/wingdi/ns-wingdi-outlinetextmetricw.md
outlinetextmetricw	otmsUnderscoreSize	27	corpus/win32/api/wingdi/ns-wingdi-outlinetextmetricw.md
outlinetextmetricw	otmsUnderscorePosition	28	corpus/win32/api/wingdi/ns-wingdi-outlinetextmetricw.md
outlinetextmetricw	otmpFamilyName	29	corpus/win32/api/wingdi/ns-wingdi-outlinetextmetricw.md
outlinetextmetricw	otmpFaceName	30	corpus/win32/api/wingdi/ns-wingdi-outlinetextmetricw.md
outlinetextmetricw	otmpStyleName	31	corpus/win32/api/wingdi/ns-wingdi-outlinetextmetricw.md
outlinetextmetricw	otmpFullName	32	corpus/win32/api/wingdi/ns-wingdi-outlinetextmetricw.md
output_debug_string_info	lpDebugStringData	1	corpus/win32/api/minwinbase/ns-minwinbase-output_debug_string_info.md
output_debug_string_info	fUnicode	2	corpus/win32/api/minwinbase/ns-minwinbase-output_debug_string_info.md
output_debug_string_info	nDebugStringLength	3	corpus/win32/api/minwinbase/ns-minwinbase-output_debug_string_info.md
overlapped	Internal	1	corpus/win32/api/minwinbase/ns-minwinbase-overlapped.md
overlapped	InternalHigh	2	corpus/win32/api/minwinbase/ns-minwinbase-overlapped.md
overlapped	DUMMYUNIONNAME	3	corpus/win32/api/minwinbase/ns-minwinbase-overlapped.md
overlapped	hEvent	4	corpus/win32/api/minwinbase/ns-minwinbase-overlapped.md
overlapped	Offset	5	corpus/win32/api/minwinbase/ns-minwinbase-overlapped.md
overlapped	OffsetHigh	6	corpus/win32/api/minwinbase/ns-minwinbase-overlapped.md
overlapped	Pointer	7	corpus/win32/api/minwinbase/ns-minwinbase-overlapped.md
pagesetupdlga	lStructSize	1	corpus/win32/api/commdlg/ns-commdlg-pagesetupdlga.md
pagesetupdlga	hwndOwner	2	corpus/win32/api/commdlg/ns-commdlg-pagesetupdlga.md
pagesetupdlga	hDevMode	3	corpus/win32/api/commdlg/ns-commdlg-pagesetupdlga.md
pagesetupdlga	hDevNames	4	corpus/win32/api/commdlg/ns-commdlg-pagesetupdlga.md
pagesetupdlga	Flags	5	corpus/win32/api/commdlg/ns-commdlg-pagesetupdlga.md
pagesetupdlga	ptPaperSize	6	corpus/win32/api/commdlg/ns-commdlg-pagesetupdlga.md
pagesetupdlga	rtMinMargin	7	corpus/win32/api/commdlg/ns-commdlg-pagesetupdlga.md
pagesetupdlga	rtMargin	8	corpus/win32/api/commdlg/ns-commdlg-pagesetupdlga.md
pagesetupdlga	hInstance	9	corpus/win32/api/commdlg/ns-commdlg-pagesetupdlga.md
pagesetupdlga	lCustData	10	corpus/win32/api/commdlg/ns-commdlg-pagesetupdlga.md
pagesetupdlga	lpfnPageSetupHook	11	corpus/win32/api/commdlg/ns-commdlg-pagesetupdlga.md
pagesetupdlga	lpfnPagePaintHook	12	corpus/win32/api/commdlg/ns-commdlg-pagesetupdlga.md
pagesetupdlga	lpPageSetupTemplateName	13	corpus/win32/api/commdlg/ns-commdlg-pagesetupdlga.md
pagesetupdlga	hPageSetupTemplate	14	corpus/win32/api/commdlg/ns-commdlg-pagesetupdlga.md
pagesetupdlgw	lStructSize	1	corpus/win32/api/commdlg/ns-commdlg-pagesetupdlgw.md
pagesetupdlgw	hwndOwner	2	corpus/win32/api/commdlg/ns-commdlg-pagesetupdlgw.md
pagesetupdlgw	hDevMode	3	corpus/win32/api/commdlg/ns-commdlg-pagesetupdlgw.md
pagesetupdlgw	hDevNames	4	corpus/win32/api/commdlg/ns-commdlg-pagesetupdlgw.md
pagesetupdlgw	Flags	5	corpus/win32/api/commdlg/ns-commdlg-pagesetupdlgw.md
pagesetupdlgw	ptPaperSize	6	corpus/win32/api/commdlg/ns-commdlg-pagesetupdlgw.md
pagesetupdlgw	rtMinMargin	7	corpus/win32/api/commdlg/ns-commdlg-pagesetupdlgw.md
pagesetupdlgw	rtMargin	8	corpus/win32/api/commdlg/ns-commdlg-pagesetupdlgw.md
pagesetupdlgw	hInstance	9	corpus/win32/api/commdlg/ns-commdlg-pagesetupdlgw.md
pagesetupdlgw	lCustData	10	corpus/win32/api/commdlg/ns-commdlg-pagesetupdlgw.md
pagesetupdlgw	lpfnPageSetupHook	11	corpus/win32/api/commdlg/ns-commdlg-pagesetupdlgw.md
pagesetupdlgw	lpfnPagePaintHook	12	corpus/win32/api/commdlg/ns-commdlg-pagesetupdlgw.md
pagesetupdlgw	lpPageSetupTemplateName	13	corpus/win32/api/commdlg/ns-commdlg-pagesetupdlgw.md
pagesetupdlgw	hPageSetupTemplate	14	corpus/win32/api/commdlg/ns-commdlg-pagesetupdlgw.md
paintstruct	hdc	1	corpus/win32/api/winuser/ns-winuser-paintstruct.md
paintstruct	fErase	2	corpus/win32/api/winuser/ns-winuser-paintstruct.md
paintstruct	rcPaint	3	corpus/win32/api/winuser/ns-winuser-paintstruct.md
paintstruct	fRestore	4	corpus/win32/api/winuser/ns-winuser-paintstruct.md
paintstruct	fIncUpdate	5	corpus/win32/api/winuser/ns-winuser-paintstruct.md
paintstruct	rgbReserved	6	corpus/win32/api/winuser/ns-winuser-paintstruct.md
paletteentry	peRed	1	corpus/win32/api/wingdi/ns-wingdi-paletteentry.md
paletteentry	peGreen	2	corpus/win32/api/wingdi/ns-wingdi-paletteentry.md
paletteentry	peBlue	3	corpus/win32/api/wingdi/ns-wingdi-paletteentry.md
paletteentry	peFlags	4	corpus/win32/api/wingdi/ns-wingdi-paletteentry.md
paramdata	szName	1	corpus/win32/api/oleauto/ns-oleauto-paramdata.md
paramdata	vt	2	corpus/win32/api/oleauto/ns-oleauto-paramdata.md
paramdesc	pparamdescex	1	corpus/win32/api/oaidl/ns-oaidl-paramdesc.md
paramdesc	wParamFlags	2	corpus/win32/api/oaidl/ns-oaidl-paramdesc.md
pathobj	fl	1	corpus/win32/api/winddi/ns-winddi-pathobj.md
pathobj	cCurves	2	corpus/win32/api/winddi/ns-winddi-pathobj.md
pbrange	iLow	1	corpus/win32/api/commctrl/ns-commctrl-pbrange.md
pbrange	iHigh	2	corpus/win32/api/commctrl/ns-commctrl-pbrange.md
peer_address	dwSize	1	corpus/win32/api/p2p/ns-p2p-peer_address.md
peer_address	sin6	2	corpus/win32/api/p2p/ns-p2p-peer_address.md
peer_data	cbData	1	corpus/win32/api/p2p/ns-p2p-peer_data.md
peer_data	pbData	2	corpus/win32/api/p2p/ns-p2p-peer_data.md
perf_counter_block	ByteLength	1	corpus/win32/api/winperf/ns-winperf-perf_counter_block.md
perf_counter_definition	ByteLength	1	corpus/win32/api/winperf/ns-winperf-perf_counter_definition.md
perf_counter_definition	CounterNameTitleIndex	2	corpus/win32/api/winperf/ns-winperf-perf_counter_definition.md
perf_counter_definition	CounterNameTitle	3	corpus/win32/api/winperf/ns-winperf-perf_counter_definition.md
perf_counter_definition	CounterHelpTitleIndex	4	corpus/win32/api/winperf/ns-winperf-perf_counter_definition.md
perf_counter_definition	CounterHelpTitle	5	corpus/win32/api/winperf/ns-winperf-perf_counter_definition.md
perf_counter_definition	DefaultScale	6	corpus/win32/api/winperf/ns-winperf-perf_counter_definition.md
perf_counter_definition	DetailLevel	7	corpus/win32/api/winperf/ns-winperf-perf_counter_definition.md
perf_counter_definition	CounterType	8	corpus/win32/api/winperf/ns-winperf-perf_counter_definition.md
perf_counter_definition	CounterSize	9	corpus/win32/api/winperf/ns-winperf-perf_counter_definition.md
perf_counter_definition	CounterOffset	10	corpus/win32/api/winperf/ns-winperf-perf_counter_definition.md
perf_data_block	Signature	1	corpus/win32/api/winperf/ns-winperf-perf_data_block.md
perf_data_block	LittleEndian	2	corpus/win32/api/winperf/ns-winperf-perf_data_block.md
perf_data_block	Version	3	corpus/win32/api/winperf/ns-winperf-perf_data_block.md
perf_data_block	Revision	4	corpus/win32/api/winperf/ns-winperf-perf_data_block.md
perf_data_block	TotalByteLength	5	corpus/win32/api/winperf/ns-winperf-perf_data_block.md
perf_data_block	HeaderLength	6	corpus/win32/api/winperf/ns-winperf-perf_data_block.md
perf_data_block	NumObjectTypes	7	corpus/win32/api/winperf/ns-winperf-perf_data_block.md
perf_data_block	DefaultObject	8	corpus/win32/api/winperf/ns-winperf-perf_data_block.md
perf_data_block	SystemTime	9	corpus/win32/api/winperf/ns-winperf-perf_data_block.md
perf_data_block	PerfTime	10	corpus/win32/api/winperf/ns-winperf-perf_data_block.md
perf_data_block	PerfFreq	11	corpus/win32/api/winperf/ns-winperf-perf_data_block.md
perf_data_block	PerfTime100nSec	12	corpus/win32/api/winperf/ns-winperf-perf_data_block.md
perf_data_block	SystemNameLength	13	corpus/win32/api/winperf/ns-winperf-perf_data_block.md
perf_data_block	SystemNameOffset	14	corpus/win32/api/winperf/ns-winperf-perf_data_block.md
perf_instance_definition	ByteLength	1	corpus/win32/api/winperf/ns-winperf-perf_instance_definition.md
perf_instance_definition	ParentObjectTitleIndex	2	corpus/win32/api/winperf/ns-winperf-perf_instance_definition.md
perf_instance_definition	ParentObjectInstance	3	corpus/win32/api/winperf/ns-winperf-perf_instance_definition.md
perf_instance_definition	UniqueID	4	corpus/win32/api/winperf/ns-winperf-perf_instance_definition.md
perf_instance_definition	NameOffset	5	corpus/win32/api/winperf/ns-winperf-perf_instance_definition.md
perf_instance_definition	NameLength	6	corpus/win32/api/winperf/ns-winperf-perf_instance_definition.md
perf_object_type	TotalByteLength	1	corpus/win32/api/winperf/ns-winperf-perf_object_type.md
perf_object_type	DefinitionLength	2	corpus/win32/api/winperf/ns-winperf-perf_object_type.md
perf_object_type	HeaderLength	3	corpus/win32/api/winperf/ns-winperf-perf_object_type.md
perf_object_type	ObjectNameTitleIndex	4	corpus/win32/api/winperf/ns-winperf-perf_object_type.md
perf_object_type	ObjectNameTitle	5	corpus/win32/api/winperf/ns-winperf-perf_object_type.md
perf_object_type	ObjectHelpTitleIndex	6	corpus/win32/api/winperf/ns-winperf-perf_object_type.md
perf_object_type	ObjectHelpTitle	7	corpus/win32/api/winperf/ns-winperf-perf_object_type.md
perf_object_type	DetailLevel	8	corpus/win32/api/winperf/ns-winperf-perf_object_type.md
perf_object_type	NumCounters	9	corpus/win32/api/winperf/ns-winperf-perf_object_type.md
perf_object_type	DefaultCounter	10	corpus/win32/api/winperf/ns-winperf-perf_object_type.md
perf_object_type	NumInstances	11	corpus/win32/api/winperf/ns-winperf-perf_object_type.md
perf_object_type	CodePage	12	corpus/win32/api/winperf/ns-winperf-perf_object_type.md
perf_object_type	PerfTime	13	corpus/win32/api/winperf/ns-winperf-perf_object_type.md
perf_object_type	PerfFreq	14	corpus/win32/api/winperf/ns-winperf-perf_object_type.md
phonecaps	dwTotalSize	1	corpus/win32/api/tapi/ns-tapi-phonecaps.md
phonecaps	dwNeededSize	2	corpus/win32/api/tapi/ns-tapi-phonecaps.md
phonecaps	dwUsedSize	3	corpus/win32/api/tapi/ns-tapi-phonecaps.md
phonecaps	dwProviderInfoSize	4	corpus/win32/api/tapi/ns-tapi-phonecaps.md
phonecaps	dwProviderInfoOffset	5	corpus/win32/api/tapi/ns-tapi-phonecaps.md
phonecaps	dwPhoneInfoSize	6	corpus/win32/api/tapi/ns-tapi-phonecaps.md
phonecaps	dwPhoneInfoOffset	7	corpus/win32/api/tapi/ns-tapi-phonecaps.md
phonecaps	dwPermanentPhoneID	8	corpus/win32/api/tapi/ns-tapi-phonecaps.md
phonecaps	dwPhoneNameSize	9	corpus/win32/api/tapi/ns-tapi-phonecaps.md
phonecaps	dwPhoneNameOffset	10	corpus/win32/api/tapi/ns-tapi-phonecaps.md
phonecaps	dwStringFormat	11	corpus/win32/api/tapi/ns-tapi-phonecaps.md
phonecaps	dwPhoneStates	12	corpus/win32/api/tapi/ns-tapi-phonecaps.md
phonecaps	dwHookSwitchDevs	13	corpus/win32/api/tapi/ns-tapi-phonecaps.md
phonecaps	dwHandsetHookSwitchModes	14	corpus/win32/api/tapi/ns-tapi-phonecaps.md
phonecaps	dwSpeakerHookSwitchModes	15	corpus/win32/api/tapi/ns-tapi-phonecaps.md
phonecaps	dwHeadsetHookSwitchModes	16	corpus/win32/api/tapi/ns-tapi-phonecaps.md
phonecaps	dwVolumeFlags	17	corpus/win32/api/tapi/ns-tapi-phonecaps.md
phonecaps	dwGainFlags	18	corpus/win32/api/tapi/ns-tapi-phonecaps.md
phonecaps	dwDisplayNumRows	19	corpus/win32/api/tapi/ns-tapi-phonecaps.md
phonecaps	dwDisplayNumColumns	20	corpus/win32/api/tapi/ns-tapi-phonecaps.md
phonecaps	dwNumRingModes	21	corpus/win32/api/tapi/ns-tapi-phonecaps.md
phonecaps	dwNumButtonLamps	22	corpus/win32/api/tapi/ns-tapi-phonecaps.md
phonecaps	dwButtonModesSize	23	corpus/win32/api/tapi/ns-tapi-phonecaps.md
phonecaps	dwButtonModesOffset	24	corpus/win32/api/tapi/ns-tapi-phonecaps.md
phonecaps	dwButtonFunctionsSize	25	corpus/win32/api/tapi/ns-tapi-phonecaps.md
phonecaps	dwButtonFunctionsOffset	26	corpus/win32/api/tapi/ns-tapi-phonecaps.md
phonecaps	dwLampModesSize	27	corpus/win32/api/tapi/ns-tapi-phonecaps.md
phonecaps	dwLampModesOffset	28	corpus/win32/api/tapi/ns-tapi-phonecaps.md
phonecaps	dwNumSetData	29	corpus/win32/api/tapi/ns-tapi-phonecaps.md
phonecaps	dwSetDataSize	30	corpus/win32/api/tapi/ns-tapi-phonecaps.md
phonecaps	dwSetDataOffset	31	corpus/win32/api/tapi/ns-tapi-phonecaps.md
phonecaps	dwNumGetData	32	corpus/win32/api/tapi/ns-tapi-phonecaps.md
phonecaps	dwGetDataSize	33	corpus/win32/api/tapi/ns-tapi-phonecaps.md
phonecaps	dwGetDataOffset	34	corpus/win32/api/tapi/ns-tapi-phonecaps.md
phonecaps	dwDevSpecificSize	35	corpus/win32/api/tapi/ns-tapi-phonecaps.md
phonecaps	dwDevSpecificOffset	36	corpus/win32/api/tapi/ns-tapi-phonecaps.md
phonecaps	dwDeviceClassesSize	37	corpus/win32/api/tapi/ns-tapi-phonecaps.md
phonecaps	dwDeviceClassesOffset	38	corpus/win32/api/tapi/ns-tapi-phonecaps.md
phonecaps	dwPhoneFeatures	39	corpus/win32/api/tapi/ns-tapi-phonecaps.md
phonecaps	dwSettableHandsetHookSwitchModes	40	corpus/win32/api/tapi/ns-tapi-phonecaps.md
phonecaps	dwSettableSpeakerHookSwitchModes	41	corpus/win32/api/tapi/ns-tapi-phonecaps.md
phonecaps	dwSettableHeadsetHookSwitchModes	42	corpus/win32/api/tapi/ns-tapi-phonecaps.md
phonecaps	dwMonitoredHandsetHookSwitchModes	43	corpus/win32/api/tapi/ns-tapi-phonecaps.md
phonecaps	dwMonitoredSpeakerHookSwitchModes	44	corpus/win32/api/tapi/ns-tapi-phonecaps.md
phonecaps	dwMonitoredHeadsetHookSwitchModes	45	corpus/win32/api/tapi/ns-tapi-phonecaps.md
phonecaps	PermanentPhoneGuid	46	corpus/win32/api/tapi/ns-tapi-phonecaps.md
phoneextensionid	dwExtensionID0	1	corpus/win32/api/tapi/ns-tapi-phoneextensionid.md
phoneextensionid	dwExtensionID1	2	corpus/win32/api/tapi/ns-tapi-phoneextensionid.md
phoneextensionid	dwExtensionID2	3	corpus/win32/api/tapi/ns-tapi-phoneextensionid.md
phoneextensionid	dwExtensionID3	4	corpus/win32/api/tapi/ns-tapi-phoneextensionid.md
phoneinitializeexparams	dwTotalSize	1	corpus/win32/api/tapi/ns-tapi-phoneinitializeexparams.md
phoneinitializeexparams	dwNeededSize	2	corpus/win32/api/tapi/ns-tapi-phoneinitializeexparams.md
phoneinitializeexparams	dwUsedSize	3	corpus/win32/api/tapi/ns-tapi-phoneinitializeexparams.md
phoneinitializeexparams	dwOptions	4	corpus/win32/api/tapi/ns-tapi-phoneinitializeexparams.md
phoneinitializeexparams	Handles	5	corpus/win32/api/tapi/ns-tapi-phoneinitializeexparams.md
phoneinitializeexparams	dwCompletionKey	6	corpus/win32/api/tapi/ns-tapi-phoneinitializeexparams.md
phonemessage	hDevice	1	corpus/win32/api/tapi/ns-tapi-phonemessage.md
phonemessage	dwMessageID	2	corpus/win32/api/tapi/ns-tapi-phonemessage.md
phonemessage	dwCallbackInstance	3	corpus/win32/api/tapi/ns-tapi-phonemessage.md
phonemessage	dwParam1	4	corpus/win32/api/tapi/ns-tapi-phonemessage.md
phonemessage	dwParam2	5	corpus/win32/api/tapi/ns-tapi-phonemessage.md
phonemessage	dwParam3	6	corpus/win32/api/tapi/ns-tapi-phonemessage.md
phonestatus	dwTotalSize	1	corpus/win32/api/tapi/ns-tapi-phonestatus.md
phonestatus	dwNeededSize	2	corpus/win32/api/tapi/ns-tapi-phonestatus.md
phonestatus	dwUsedSize	3	corpus/win32/api/tapi/ns-tapi-phonestatus.md
phonestatus	dwStatusFlags	4	corpus/win32/api/tapi/ns-tapi-phonestatus.md
phonestatus	dwNumOwners	5	corpus/win32/api/tapi/ns-tapi-phonestatus.md
phonestatus	dwNumMonitors	6	corpus/win32/api/tapi/ns-tapi-phonestatus.md
phonestatus	dwRingMode	7	corpus/win32/api/tapi/ns-tapi-phonestatus.md
phonestatus	dwRingVolume	8	corpus/win32/api/tapi/ns-tapi-phonestatus.md
phonestatus	dwHandsetHookSwitchMode	9	corpus/win32/api/tapi/ns-tapi-phonestatus.md
phonestatus	dwHandsetVolume	10	corpus/win32/api/tapi/ns-tapi-phonestatus.md
phonestatus	dwHandsetGain	11	corpus/win32/api/tapi/ns-tapi-phonestatus.md
phonestatus	dwSpeakerHookSwitchMode	12	corpus/win32/api/tapi/ns-tapi-phonestatus.md
phonestatus	dwSpeakerVolume	13	corpus/win32/api/tapi/ns-tapi-phonestatus.md
phonestatus	dwSpeakerGain	14	corpus/win32/api/tapi/ns-tapi-phonestatus.md
phonestatus	dwHeadsetHookSwitchMode	15	corpus/win32/api/tapi/ns-tapi-phonestatus.md
phonestatus	dwHeadsetVolume	16	corpus/win32/api/tapi/ns-tapi-phonestatus.md
phonestatus	dwHeadsetGain	17	corpus/win32/api/tapi/ns-tapi-phonestatus.md
phonestatus	dwDisplaySize	18	corpus/win32/api/tapi/ns-tapi-phonestatus.md
phonestatus	dwDisplayOffset	19	corpus/win32/api/tapi/ns-tapi-phonestatus.md
phonestatus	dwLampModesSize	20	corpus/win32/api/tapi/ns-tapi-phonestatus.md
phonestatus	dwLampModesOffset	21	corpus/win32/api/tapi/ns-tapi-phonestatus.md
phonestatus	dwOwnerNameSize	22	corpus/win32/api/tapi/ns-tapi-phonestatus.md
phonestatus	dwOwnerNameOffset	23	corpus/win32/api/tapi/ns-tapi-phonestatus.md
phonestatus	dwDevSpecificSize	24	corpus/win32/api/tapi/ns-tapi-phonestatus.md
phonestatus	dwDevSpecificOffset	25	corpus/win32/api/tapi/ns-tapi-phonestatus.md
phonestatus	dwPhoneFeatures	26	corpus/win32/api/tapi/ns-tapi-phonestatus.md
pin_direction	PINDIR_OUTPUT	1	corpus/win32/api/strmif/ne-strmif-pin_direction.md
pin_info	pFilter	1	corpus/win32/api/strmif/ns-strmif-pin_info.md
pin_info	dir	2	corpus/win32/api/strmif/ns-strmif-pin_info.md
pin_info	achName	3	corpus/win32/api/strmif/ns-strmif-pin_info.md
pnrp_cloud_id	AddressFamily	1	corpus/win32/api/pnrpdef/ns-pnrpdef-pnrp_cloud_id.md
pnrp_cloud_id	Scope	2	corpus/win32/api/pnrpdef/ns-pnrpdef-pnrp_cloud_id.md
pnrp_cloud_id	ScopeId	3	corpus/win32/api/pnrpdef/ns-pnrpdef-pnrp_cloud_id.md
pnrp_resolve_criteria	PNRP_RESOLVE_CRITERIA_NEAREST_PEER_NAME	1	corpus/win32/api/pnrpdef/ne-pnrpdef-pnrp_resolve_criteria.md
pnrpcloudinfo	dwSize	1	corpus/win32/api/pnrpns/ns-pnrpns-pnrpcloudinfo.md
pnrpcloudinfo	Cloud	2	corpus/win32/api/pnrpns/ns-pnrpns-pnrpcloudinfo.md
pnrpcloudinfo	enCloudState	3	corpus/win32/api/pnrpns/ns-pnrpns-pnrpcloudinfo.md
pnrpcloudinfo	enCloudFlags	4	corpus/win32/api/pnrpns/ns-pnrpns-pnrpcloudinfo.md
point	x	1	corpus/win32/api/windef/ns-windef-point.md
point	y	2	corpus/win32/api/windef/ns-windef-point.md
points	y	1	corpus/win32/api/windef/ns-windef-points.md
points	x	2	corpus/win32/api/windef/ns-windef-points.md
postbl	nPos	1	corpus/win32/api/msime/ns-msime-postbl.md
postbl	szName	2	corpus/win32/api/msime/ns-msime-postbl.md
ppp_eap_action	EAPACTION_NoAction	1	corpus/win32/api/raseapif/ne-raseapif-ppp_eap_action.md
ppp_eap_action	EAPACTION_Authenticate	2	corpus/win32/api/raseapif/ne-raseapif-ppp_eap_action.md
ppp_eap_action	EAPACTION_Done	3	corpus/win32/api/raseapif/ne-raseapif-ppp_eap_action.md
ppp_eap_action	EAPACTION_SendAndDone	4	corpus/win32/api/raseapif/ne-raseapif-ppp_eap_action.md
ppp_eap_action	EAPACTION_Send	5	corpus/win32/api/raseapif/ne-raseapif-ppp_eap_action.md
ppp_eap_action	EAPACTION_SendWithTimeout	6	corpus/win32/api/raseapif/ne-raseapif-ppp_eap_action.md
ppp_eap_action	EAPACTION_SendWithTimeoutInteractive	7	corpus/win32/api/raseapif/ne-raseapif-ppp_eap_action.md
ppp_eap_action	EAPACTION_IndicateTLV	8	corpus/win32/api/raseapif/ne-raseapif-ppp_eap_action.md
ppp_eap_action	EAPACTION_IndicateIdentity	9	corpus/win32/api/raseapif/ne-raseapif-ppp_eap_action.md
ppp_eap_info	dwSizeInBytes	1	corpus/win32/api/raseapif/ns-raseapif-ppp_eap_info.md
ppp_eap_info	dwEapTypeId	2	corpus/win32/api/raseapif/ns-raseapif-ppp_eap_info.md
ppp_eap_info	RasEapInitialize	3	corpus/win32/api/raseapif/ns-raseapif-ppp_eap_info.md
ppp_eap_info	RasEapBegin	4	corpus/win32/api/raseapif/ns-raseapif-ppp_eap_info.md
ppp_eap_info	RasEapEnd	5	corpus/win32/api/raseapif/ns-raseapif-ppp_eap_info.md
ppp_eap_info	RasEapMakeMessage	6	corpus/win32/api/raseapif/ns-raseapif-ppp_eap_info.md
ppp_eap_input	dwSizeInBytes	1	corpus/win32/api/raseapif/ns-raseapif-ppp_eap_input.md
ppp_eap_input	fFlags	2	corpus/win32/api/raseapif/ns-raseapif-ppp_eap_input.md
ppp_eap_input	fAuthenticator	3	corpus/win32/api/raseapif/ns-raseapif-ppp_eap_input.md
ppp_eap_input	pwszIdentity	4	corpus/win32/api/raseapif/ns-raseapif-ppp_eap_input.md
ppp_eap_input	pwszPassword	5	corpus/win32/api/raseapif/ns-raseapif-ppp_eap_input.md
ppp_eap_input	bInitialId	6	corpus/win32/api/raseapif/ns-raseapif-ppp_eap_input.md
ppp_eap_input	pUserAttributes	7	corpus/win32/api/raseapif/ns-raseapif-ppp_eap_input.md
ppp_eap_input	fAuthenticationComplete	8	corpus/win32/api/raseapif/ns-raseapif-ppp_eap_input.md
ppp_eap_input	dwAuthResultCode	9	corpus/win32/api/raseapif/ns-raseapif-ppp_eap_input.md
ppp_eap_input	hTokenImpersonateUser	10	corpus/win32/api/raseapif/ns-raseapif-ppp_eap_input.md
ppp_eap_input	fSuccessPacketReceived	11	corpus/win32/api/raseapif/ns-raseapif-ppp_eap_input.md
ppp_eap_input	fDataReceivedFromInteractiveUI	12	corpus/win32/api/raseapif/ns-raseapif-ppp_eap_input.md
ppp_eap_input	pDataFromInteractiveUI	13	corpus/win32/api/raseapif/ns-raseapif-ppp_eap_input.md
ppp_eap_input	dwSizeOfDataFromInteractiveUI	14	corpus/win32/api/raseapif/ns-raseapif-ppp_eap_input.md
ppp_eap_input	pConnectionData	15	corpus/win32/api/raseapif/ns-raseapif-ppp_eap_input.md
ppp_eap_input	dwSizeOfConnectionData	16	corpus/win32/api/raseapif/ns-raseapif-ppp_eap_input.md
ppp_eap_input	pUserData	17	corpus/win32/api/raseapif/ns-raseapif-ppp_eap_input.md
ppp_eap_input	dwSizeOfUserData	18	corpus/win32/api/raseapif/ns-raseapif-ppp_eap_input.md
ppp_eap_input	hReserved	19	corpus/win32/api/raseapif/ns-raseapif-ppp_eap_input.md
ppp_eap_input	guidConnectionId	20	corpus/win32/api/raseapif/ns-raseapif-ppp_eap_input.md
ppp_eap_output	dwSizeInBytes	1	corpus/win32/api/raseapif/ns-raseapif-ppp_eap_output.md
ppp_eap_output	Action	2	corpus/win32/api/raseapif/ns-raseapif-ppp_eap_output.md
ppp_eap_output	dwAuthResultCode	3	corpus/win32/api/raseapif/ns-raseapif-ppp_eap_output.md
ppp_eap_output	pUserAttributes	4	corpus/win32/api/raseapif/ns-raseapif-ppp_eap_output.md
ppp_eap_output	fInvokeInteractiveUI	5	corpus/win32/api/raseapif/ns-raseapif-ppp_eap_output.md
ppp_eap_output	pUIContextData	6	corpus/win32/api/raseapif/ns-raseapif-ppp_eap_output.md
ppp_eap_output	dwSizeOfUIContextData	7	corpus/win32/api/raseapif/ns-raseapif-ppp_eap_output.md
ppp_eap_output	fSaveConnectionData	8	corpus/win32/api/raseapif/ns-raseapif-ppp_eap_output.md
ppp_eap_output	pConnectionData	9	corpus/win32/api/raseapif/ns-raseapif-ppp_eap_output.md
ppp_eap_output	dwSizeOfConnectionData	10	corpus/win32/api/raseapif/ns-raseapif-ppp_eap_output.md
ppp_eap_output	fSaveUserData	11	corpus/win32/api/raseapif/ns-raseapif-ppp_eap_output.md
ppp_eap_output	pUserData	12	corpus/win32/api/raseapif/ns-raseapif-ppp_eap_output.md
ppp_eap_output	dwSizeOfUserData	13	corpus/win32/api/raseapif/ns-raseapif-ppp_eap_output.md
ppp_eap_output	pNgcKerbTicket	14	corpus/win32/api/raseapif/ns-raseapif-ppp_eap_output.md
ppp_eap_packet	Code	1	corpus/win32/api/raseapif/ns-raseapif-ppp_eap_packet.md
ppp_eap_packet	Id	2	corpus/win32/api/raseapif/ns-raseapif-ppp_eap_packet.md
ppp_eap_packet	Length	3	corpus/win32/api/raseapif/ns-raseapif-ppp_eap_packet.md
ppp_eap_packet	Data	4	corpus/win32/api/raseapif/ns-raseapif-ppp_eap_packet.md
printdlga	lStructSize	1	corpus/win32/api/commdlg/ns-commdlg-printdlga.md
printdlga	hwndOwner	2	corpus/win32/api/commdlg/ns-commdlg-printdlga.md
printdlga	hDevMode	3	corpus/win32/api/commdlg/ns-commdlg-printdlga.md
printdlga	hDevNames	4	corpus/win32/api/commdlg/ns-commdlg-printdlga.md
printdlga	hDC	5	corpus/win32/api/commdlg/ns-commdlg-printdlga.md
printdlga	Flags	6	corpus/win32/api/commdlg/ns-commdlg-printdlga.md
printdlga	nFromPage	7	corpus/win32/api/commdlg/ns-commdlg-printdlga.md
printdlga	nToPage	8	corpus/win32/api/commdlg/ns-commdlg-printdlga.md
printdlga	nMinPage	9	corpus/win32/api/commdlg/ns-commdlg-printdlga.md
printdlga	nMaxPage	10	corpus/win32/api/commdlg/ns-commdlg-printdlga.md
printdlga	nCopies	11	corpus/win32/api/commdlg/ns-commdlg-printdlga.md
printdlga	hInstance	12	corpus/win32/api/commdlg/ns-commdlg-printdlga.md
printdlga	lCustData	13	corpus/win32/api/commdlg/ns-commdlg-printdlga.md
printdlga	lpfnPrintHook	14	corpus/win32/api/commdlg/ns-commdlg-printdlga.md
printdlga	lpfnSetupHook	15	corpus/win32/api/commdlg/ns-commdlg-printdlga.md
printdlga	lpPrintTemplateName	16	corpus/win32/api/commdlg/ns-commdlg-printdlga.md
printdlga	lpSetupTemplateName	17	corpus/win32/api/commdlg/ns-commdlg-printdlga.md
printdlga	hPrintTemplate	18	corpus/win32/api/commdlg/ns-commdlg-printdlga.md
printdlga	hSetupTemplate	19	corpus/win32/api/commdlg/ns-commdlg-printdlga.md
printdlgw	lStructSize	1	corpus/win32/api/commdlg/ns-commdlg-printdlgw.md
printdlgw	hwndOwner	2	corpus/win32/api/commdlg/ns-commdlg-printdlgw.md
printdlgw	hDevMode	3	corpus/win32/api/commdlg/ns-commdlg-printdlgw.md
printdlgw	hDevNames	4	corpus/win32/api/commdlg/ns-commdlg-printdlgw.md
printdlgw	hDC	5	corpus/win32/api/commdlg/ns-commdlg-printdlgw.md
printdlgw	Flags	6	corpus/win32/api/commdlg/ns-commdlg-printdlgw.md
printdlgw	nFromPage	7	corpus/win32/api/commdlg/ns-commdlg-printdlgw.md
printdlgw	nToPage	8	corpus/win32/api/commdlg/ns-commdlg-printdlgw.md
printdlgw	nMinPage	9	corpus/win32/api/commdlg/ns-commdlg-printdlgw.md
printdlgw	nMaxPage	10	corpus/win32/api/commdlg/ns-commdlg-printdlgw.md
printdlgw	nCopies	11	corpus/win32/api/commdlg/ns-commdlg-printdlgw.md
printdlgw	hInstance	12	corpus/win32/api/commdlg/ns-commdlg-printdlgw.md
printdlgw	lCustData	13	corpus/win32/api/commdlg/ns-commdlg-printdlgw.md
printdlgw	lpfnPrintHook	14	corpus/win32/api/commdlg/ns-commdlg-printdlgw.md
printdlgw	lpfnSetupHook	15	corpus/win32/api/commdlg/ns-commdlg-printdlgw.md
printdlgw	lpPrintTemplateName	16	corpus/win32/api/commdlg/ns-commdlg-printdlgw.md
printdlgw	lpSetupTemplateName	17	corpus/win32/api/commdlg/ns-commdlg-printdlgw.md
printdlgw	hPrintTemplate	18	corpus/win32/api/commdlg/ns-commdlg-printdlgw.md
printdlgw	hSetupTemplate	19	corpus/win32/api/commdlg/ns-commdlg-printdlgw.md
process_information	hProcess	1	corpus/win32/api/processthreadsapi/ns-processthreadsapi-process_information.md
process_information	hThread	2	corpus/win32/api/processthreadsapi/ns-processthreadsapi-process_information.md
process_information	dwProcessId	3	corpus/win32/api/processthreadsapi/ns-processthreadsapi-process_information.md
process_information	dwThreadId	4	corpus/win32/api/processthreadsapi/ns-processthreadsapi-process_information.md
processentry32	dwSize	1	corpus/win32/api/tlhelp32/ns-tlhelp32-processentry32.md
processentry32	cntUsage	2	corpus/win32/api/tlhelp32/ns-tlhelp32-processentry32.md
processentry32	th32ProcessID	3	corpus/win32/api/tlhelp32/ns-tlhelp32-processentry32.md
processentry32	th32DefaultHeapID	4	corpus/win32/api/tlhelp32/ns-tlhelp32-processentry32.md
processentry32	th32ModuleID	5	corpus/win32/api/tlhelp32/ns-tlhelp32-processentry32.md
processentry32	cntThreads	6	corpus/win32/api/tlhelp32/ns-tlhelp32-processentry32.md
processentry32	th32ParentProcessID	7	corpus/win32/api/tlhelp32/ns-tlhelp32-processentry32.md
processentry32	pcPriClassBase	8	corpus/win32/api/tlhelp32/ns-tlhelp32-processentry32.md
processentry32	dwFlags	9	corpus/win32/api/tlhelp32/ns-tlhelp32-processentry32.md
processentry32	szExeFile	10	corpus/win32/api/tlhelp32/ns-tlhelp32-processentry32.md
processentry32w	dwSize	1	corpus/win32/api/tlhelp32/ns-tlhelp32-processentry32w.md
processentry32w	cntUsage	2	corpus/win32/api/tlhelp32/ns-tlhelp32-processentry32w.md
processentry32w	th32ProcessID	3	corpus/win32/api/tlhelp32/ns-tlhelp32-processentry32w.md
processentry32w	th32DefaultHeapID	4	corpus/win32/api/tlhelp32/ns-tlhelp32-processentry32w.md
processentry32w	th32ModuleID	5	corpus/win32/api/tlhelp32/ns-tlhelp32-processentry32w.md
processentry32w	cntThreads	6	corpus/win32/api/tlhelp32/ns-tlhelp32-processentry32w.md
processentry32w	th32ParentProcessID	7	corpus/win32/api/tlhelp32/ns-tlhelp32-processentry32w.md
processentry32w	pcPriClassBase	8	corpus/win32/api/tlhelp32/ns-tlhelp32-processentry32w.md
processentry32w	dwFlags	9	corpus/win32/api/tlhelp32/ns-tlhelp32-processentry32w.md
processentry32w	szExeFile	10	corpus/win32/api/tlhelp32/ns-tlhelp32-processentry32w.md
profile	dwType	1	corpus/win32/api/icm/ns-icm-profile.md
profile	pProfileData	2	corpus/win32/api/icm/ns-icm-profile.md
profile	cbDataSize	3	corpus/win32/api/icm/ns-icm-profile.md
propvariant	tag_inner_PROPVARIANT	1	corpus/win32/api/propidl/ns-propidl-propvariant.md
propvariant	decVal	2	corpus/win32/api/propidl/ns-propidl-propvariant.md
protocol_infoa	dwServiceFlags	1	corpus/win32/api/nspapi/ns-nspapi-protocol_infoa.md
protocol_infoa	iAddressFamily	2	corpus/win32/api/nspapi/ns-nspapi-protocol_infoa.md
protocol_infoa	iMaxSockAddr	3	corpus/win32/api/nspapi/ns-nspapi-protocol_infoa.md
protocol_infoa	iMinSockAddr	4	corpus/win32/api/nspapi/ns-nspapi-protocol_infoa.md
protocol_infoa	iSocketType	5	corpus/win32/api/nspapi/ns-nspapi-protocol_infoa.md
protocol_infoa	iProtocol	6	corpus/win32/api/nspapi/ns-nspapi-protocol_infoa.md
protocol_infoa	dwMessageSize	7	corpus/win32/api/nspapi/ns-nspapi-protocol_infoa.md
protocol_infoa	lpProtocol	8	corpus/win32/api/nspapi/ns-nspapi-protocol_infoa.md
protocol_infow	dwServiceFlags	1	corpus/win32/api/nspapi/ns-nspapi-protocol_infow.md
protocol_infow	iAddressFamily	2	corpus/win32/api/nspapi/ns-nspapi-protocol_infow.md
protocol_infow	iMaxSockAddr	3	corpus/win32/api/nspapi/ns-nspapi-protocol_infow.md
protocol_infow	iMinSockAddr	4	corpus/win32/api/nspapi/ns-nspapi-protocol_infow.md
protocol_infow	iSocketType	5	corpus/win32/api/nspapi/ns-nspapi-protocol_infow.md
protocol_infow	iProtocol	6	corpus/win32/api/nspapi/ns-nspapi-protocol_infow.md
protocol_infow	dwMessageSize	7	corpus/win32/api/nspapi/ns-nspapi-protocol_infow.md
protocol_infow	lpProtocol	8	corpus/win32/api/nspapi/ns-nspapi-protocol_infow.md
protoent	p_name	1	corpus/win32/api/winsock/ns-winsock-protoent.md
protoent	p_aliases	2	corpus/win32/api/winsock/ns-winsock-protoent.md
protoent	p_proto	3	corpus/win32/api/winsock/ns-winsock-protoent.md
prov_enumalgs	aiAlgid	1	corpus/win32/api/wincrypt/ns-wincrypt-prov_enumalgs.md
prov_enumalgs	dwBitLen	2	corpus/win32/api/wincrypt/ns-wincrypt-prov_enumalgs.md
prov_enumalgs	dwNameLen	3	corpus/win32/api/wincrypt/ns-wincrypt-prov_enumalgs.md
prov_enumalgs	szName	4	corpus/win32/api/wincrypt/ns-wincrypt-prov_enumalgs.md
prov_enumalgs_ex	aiAlgid	1	corpus/win32/api/wincrypt/ns-wincrypt-prov_enumalgs_ex.md
prov_enumalgs_ex	dwDefaultLen	2	corpus/win32/api/wincrypt/ns-wincrypt-prov_enumalgs_ex.md
prov_enumalgs_ex	dwMinLen	3	corpus/win32/api/wincrypt/ns-wincrypt-prov_enumalgs_ex.md
prov_enumalgs_ex	dwMaxLen	4	corpus/win32/api/wincrypt/ns-wincrypt-prov_enumalgs_ex.md
prov_enumalgs_ex	dwProtocols	5	corpus/win32/api/wincrypt/ns-wincrypt-prov_enumalgs_ex.md
prov_enumalgs_ex	dwNameLen	6	corpus/win32/api/wincrypt/ns-wincrypt-prov_enumalgs_ex.md
prov_enumalgs_ex	szName	7	corpus/win32/api/wincrypt/ns-wincrypt-prov_enumalgs_ex.md
prov_enumalgs_ex	dwLongNameLen	8	corpus/win32/api/wincrypt/ns-wincrypt-prov_enumalgs_ex.md
prov_enumalgs_ex	szLongName	9	corpus/win32/api/wincrypt/ns-wincrypt-prov_enumalgs_ex.md
pshnotify	hdr	1	corpus/win32/api/prsht/ns-prsht-pshnotify.md
pshnotify	lParam	2	corpus/win32/api/prsht/ns-prsht-pshnotify.md
publickeystruc	bType	1	corpus/win32/api/wincrypt/ns-wincrypt-publickeystruc.md
publickeystruc	bVersion	2	corpus/win32/api/wincrypt/ns-wincrypt-publickeystruc.md
publickeystruc	reserved	3	corpus/win32/api/wincrypt/ns-wincrypt-publickeystruc.md
publickeystruc	aiKeyAlg	4	corpus/win32/api/wincrypt/ns-wincrypt-publickeystruc.md
quality	Type	1	corpus/win32/api/strmif/ns-strmif-quality.md
quality	Proportion	2	corpus/win32/api/strmif/ns-strmif-quality.md
quality	Late	3	corpus/win32/api/strmif/ns-strmif-quality.md
quality	TimeStamp	4	corpus/win32/api/strmif/ns-strmif-quality.md
qualitymessagetype	Flood	1	corpus/win32/api/strmif/ne-strmif-qualitymessagetype.md
ras_auth_attribute	raaType	1	corpus/win32/api/raseapif/ns-raseapif-ras_auth_attribute.md
ras_auth_attribute	dwLength	2	corpus/win32/api/raseapif/ns-raseapif-ras_auth_attribute.md
ras_auth_attribute	Value	3	corpus/win32/api/raseapif/ns-raseapif-ras_auth_attribute.md
ras_auth_attribute_type	raatUserName	1	corpus/win32/api/raseapif/ne-raseapif-ras_auth_attribute_type.md
ras_auth_attribute_type	raatUserPassword	2	corpus/win32/api/raseapif/ne-raseapif-ras_auth_attribute_type.md
ras_auth_attribute_type	raatMD5CHAPPassword	3	corpus/win32/api/raseapif/ne-raseapif-ras_auth_attribute_type.md
ras_auth_attribute_type	raatNASIPAddress	4	corpus/win32/api/raseapif/ne-raseapif-ras_auth_attribute_type.md
ras_auth_attribute_type	raatNASPort	5	corpus/win32/api/raseapif/ne-raseapif-ras_auth_attribute_type.md
ras_auth_attribute_type	raatServiceType	6	corpus/win32/api/raseapif/ne-raseapif-ras_auth_attribute_type.md
ras_auth_attribute_type	raatFramedProtocol	7	corpus/win32/api/raseapif/ne-raseapif-ras_auth_attribute_type.md
ras_auth_attribute_type	raatFramedIPAddress	8	corpus/win32/api/raseapif/ne-raseapif-ras_auth_attribute_type.md
ras_auth_attribute_type	raatFramedIPNetmask	9	corpus/win32/api/raseapif/ne-raseapif-ras_auth_attribute_type.md
ras_auth_attribute_type	raatFilterId	10	corpus/win32/api/raseapif/ne-raseapif-ras_auth_attribute_type.md
ras_auth_attribute_type	raatFramedMTU	11	corpus/win32/api/raseapif/ne-raseapif-ras_auth_attribute_type.md
ras_auth_attribute_type	raatFramedCompression	12	corpus/win32/api/raseapif/ne-raseapif-ras_auth_attribute_type.md
ras_auth_attribute_type	raatLoginIPHost	13	corpus/win32/api/raseapif/ne-raseapif-ras_auth_attribute_type.md
ras_auth_attribute_type	raatLoginService	14	corpus/win32/api/raseapif/ne-raseapif-ras_auth_attribute_type.md
ras_auth_attribute_type	raatLoginTCPPort	15	corpus/win32/api/raseapif/ne-raseapif-ras_auth_attribute_type.md
ras_auth_attribute_type	raatUnassigned17	16	corpus/win32/api/raseapif/ne-raseapif-ras_auth_attribute_type.md
ras_auth_attribute_type	raatReplyMessage	17	corpus/win32/api/raseapif/ne-raseapif-ras_auth_attribute_type.md
ras_auth_attribute_type	raatCallbackNumber	18	corpus/win32/api/raseapif/ne-raseapif-ras_auth_attribute_type.md
ras_auth_attribute_type	raatUnassigned21	19	corpus/win32/api/raseapif/ne-raseapif-ras_auth_attribute_type.md
ras_auth_attribute_type	raatFramedRoute	20	corpus/win32/api/raseapif/ne-raseapif-ras_auth_attribute_type.md
ras_auth_attribute_type	raatFramedIPXNetwork	21	corpus/win32/api/raseapif/ne-raseapif-ras_auth_attribute_type.md
ras_auth_attribute_type	raatState	22	corpus/win32/api/raseapif/ne-raseapif-ras_auth_attribute_type.md
ras_auth_attribute_type	raatClass	23	corpus/win32/api/raseapif/ne-raseapif-ras_auth_attribute_type.md
ras_auth_attribute_type	raatVendorSpecific	24	corpus/win32/api/raseapif/ne-raseapif-ras_auth_attribute_type.md
ras_auth_attribute_type	raatSessionTimeout	25	corpus/win32/api/raseapif/ne-raseapif-ras_auth_attribute_type.md
ras_auth_attribute_type	raatIdleTimeout	26	corpus/win32/api/raseapif/ne-raseapif-ras_auth_attribute_type.md
ras_auth_attribute_type	raatTerminationAction	27	corpus/win32/api/raseapif/ne-raseapif-ras_auth_attribute_type.md
ras_auth_attribute_type	raatCallingStationId	28	corpus/win32/api/raseapif/ne-raseapif-ras_auth_attribute_type.md
ras_auth_attribute_type	raatNASIdentifier	29	corpus/win32/api/raseapif/ne-raseapif-ras_auth_attribute_type.md
ras_auth_attribute_type	raatProxyState	30	corpus/win32/api/raseapif/ne-raseapif-ras_auth_attribute_type.md
ras_auth_attribute_type	raatLoginLATService	31	corpus/win32/api/raseapif/ne-raseapif-ras_auth_attribute_type.md
ras_auth_attribute_type	raatLoginLATNode	32	corpus/win32/api/raseapif/ne-raseapif-ras_auth_attribute_type.md
ras_auth_attribute_type	raatLoginLATGroup	33	corpus/win32/api/raseapif/ne-raseapif-ras_auth_attribute_type.md
ras_auth_attribute_type	raatFramedAppleTalkLink	34	corpus/win32/api/raseapif/ne-raseapif-ras_auth_attribute_type.md
ras_auth_attribute_type	raatFramedAppleTalkNetwork	35	corpus/win32/api/raseapif/ne-raseapif-ras_auth_attribute_type.md
ras_auth_attribute_type	raatFramedAppleTalkZone	36	corpus/win32/api/raseapif/ne-raseapif-ras_auth_attribute_type.md
ras_auth_attribute_type	raatAcctDelayTime	37	corpus/win32/api/raseapif/ne-raseapif-ras_auth_attribute_type.md
ras_auth_attribute_type	raatAcctInputOctets	38	corpus/win32/api/raseapif/ne-raseapif-ras_auth_attribute_type.md
ras_auth_attribute_type	raatAcctOutputOctets	39	corpus/win32/api/raseapif/ne-raseapif-ras_auth_attribute_type.md
ras_auth_attribute_type	raatAcctSessionId	40	corpus/win32/api/raseapif/ne-raseapif-ras_auth_attribute_type.md
ras_auth_attribute_type	raatAcctAuthentic	41	corpus/win32/api/raseapif/ne-raseapif-ras_auth_attribute_type.md
ras_auth_attribute_type	raatAcctSessionTime	42	corpus/win32/api/raseapif/ne-raseapif-ras_auth_attribute_type.md
ras_auth_attribute_type	raatAcctInputPackets	43	corpus/win32/api/raseapif/ne-raseapif-ras_auth_attribute_type.md
ras_auth_attribute_type	raatAcctOutputPackets	44	corpus/win32/api/raseapif/ne-raseapif-ras_auth_attribute_type.md
ras_auth_attribute_type	raatAcctTerminateCause	45	corpus/win32/api/raseapif/ne-raseapif-ras_auth_attribute_type.md
ras_auth_attribute_type	raatAcctLinkCount	46	corpus/win32/api/raseapif/ne-raseapif-ras_auth_attribute_type.md
ras_auth_attribute_type	raatNASPortType	47	corpus/win32/api/raseapif/ne-raseapif-ras_auth_attribute_type.md
ras_auth_attribute_type	raatPortLimit	48	corpus/win32/api/raseapif/ne-raseapif-ras_auth_attribute_type.md
ras_auth_attribute_type	raatLoginLATPort	49	corpus/win32/api/raseapif/ne-raseapif-ras_auth_attribute_type.md
ras_auth_attribute_type	raatTunnelType	50	corpus/win32/api/raseapif/ne-raseapif-ras_auth_attribute_type.md
ras_auth_attribute_type	raatTunnelMediumType	51	corpus/win32/api/raseapif/ne-raseapif-ras_auth_attribute_type.md
ras_auth_attribute_type	raatTunnelClientEndpoint	52	corpus/win32/api/raseapif/ne-raseapif-ras_auth_attribute_type.md
ras_auth_attribute_type	raatTunnelServerEndpoint	53	corpus/win32/api/raseapif/ne-raseapif-ras_auth_attribute_type.md
ras_auth_attribute_type	raatARAPFeatures	54	corpus/win32/api/raseapif/ne-raseapif-ras_auth_attribute_type.md
ras_auth_attribute_type	raatARAPZoneAccess	55	corpus/win32/api/raseapif/ne-raseapif-ras_auth_attribute_type.md
ras_auth_attribute_type	raatARAPSecurity	56	corpus/win32/api/raseapif/ne-raseapif-ras_auth_attribute_type.md
ras_auth_attribute_type	raatARAPSecurityData	57	corpus/win32/api/raseapif/ne-raseapif-ras_auth_attribute_type.md
ras_auth_attribute_type	raatPasswordRetry	58	corpus/win32/api/raseapif/ne-raseapif-ras_auth_attribute_type.md
ras_auth_attribute_type	raatPrompt	59	corpus/win32/api/raseapif/ne-raseapif-ras_auth_attribute_type.md
ras_auth_attribute_type	raatConnectInfo	60	corpus/win32/api/raseapif/ne-raseapif-ras_auth_attribute_type.md
ras_auth_attribute_type	raatConfigurationToken	61	corpus/win32/api/raseapif/ne-raseapif-ras_auth_attribute_type.md
ras_auth_attribute_type	raatEAPMessage	62	corpus/win32/api/raseapif/ne-raseapif-ras_auth_attribute_type.md
ras_auth_attribute_type	raatFramedInterfaceId	63	corpus/win32/api/raseapif/ne-raseapif-ras_auth_attribute_type.md
ras_auth_attribute_type	raatLoginIPv6Host	64	corpus/win32/api/raseapif/ne-raseapif-ras_auth_attribute_type.md
ras_auth_attribute_type	raatFramedIPv6Pool	65	corpus/win32/api/raseapif/ne-raseapif-ras_auth_attribute_type.md
ras_auth_attribute_type	raatCertificateOID	66	corpus/win32/api/raseapif/ne-raseapif-ras_auth_attribute_type.md
ras_auth_attribute_type	raatEAPConfiguration	67	corpus/win32/api/raseapif/ne-raseapif-ras_auth_attribute_type.md
ras_auth_attribute_type	raatCredentialsChanged	68	corpus/win32/api/raseapif/ne-raseapif-ras_auth_attribute_type.md
ras_auth_attribute_type	raatServerId	69	corpus/win32/api/raseapif/ne-raseapif-ras_auth_attribute_type.md
ras_auth_attribute_type	raatEMSK	70	corpus/win32/api/raseapif/ne-raseapif-ras_auth_attribute_type.md
ras_auth_attribute_type	raatReserved	71	corpus/win32/api/raseapif/ne-raseapif-ras_auth_attribute_type.md
ras_stats	dwSize	1	corpus/win32/api/ras/ns-ras-ras_stats.md
ras_stats	dwBytesXmited	2	corpus/win32/api/ras/ns-ras-ras_stats.md
ras_stats	dwBytesRcved	3	corpus/win32/api/ras/ns-ras-ras_stats.md
ras_stats	dwFramesXmited	4	corpus/win32/api/ras/ns-ras-ras_stats.md
ras_stats	dwFramesRcved	5	corpus/win32/api/ras/ns-ras-ras_stats.md
ras_stats	dwCrcErr	6	corpus/win32/api/ras/ns-ras-ras_stats.md
ras_stats	dwTimeoutErr	7	corpus/win32/api/ras/ns-ras-ras_stats.md
ras_stats	dwAlignmentErr	8	corpus/win32/api/ras/ns-ras-ras_stats.md
ras_stats	dwHardwareOverrunErr	9	corpus/win32/api/ras/ns-ras-ras_stats.md
ras_stats	dwFramingErr	10	corpus/win32/api/ras/ns-ras-ras_stats.md
ras_stats	dwBufferOverrunErr	11	corpus/win32/api/ras/ns-ras-ras_stats.md
ras_stats	dwCompressionRatioIn	12	corpus/win32/api/ras/ns-ras-ras_stats.md
ras_stats	dwCompressionRatioOut	13	corpus/win32/api/ras/ns-ras-ras_stats.md
ras_stats	dwBps	14	corpus/win32/api/ras/ns-ras-ras_stats.md
ras_stats	dwConnectDuration	15	corpus/win32/api/ras/ns-ras-ras_stats.md
rbhittestinfo	pt	1	corpus/win32/api/commctrl/ns-commctrl-rbhittestinfo.md
rbhittestinfo	flags	2	corpus/win32/api/commctrl/ns-commctrl-rbhittestinfo.md
rbhittestinfo	iBand	3	corpus/win32/api/commctrl/ns-commctrl-rbhittestinfo.md
rebarbandinfoa	cbSize	1	corpus/win32/api/commctrl/ns-commctrl-rebarbandinfoa.md
rebarbandinfoa	fMask	2	corpus/win32/api/commctrl/ns-commctrl-rebarbandinfoa.md
rebarbandinfoa	fStyle	3	corpus/win32/api/commctrl/ns-commctrl-rebarbandinfoa.md
rebarbandinfoa	clrFore	4	corpus/win32/api/commctrl/ns-commctrl-rebarbandinfoa.md
rebarbandinfoa	clrBack	5	corpus/win32/api/commctrl/ns-commctrl-rebarbandinfoa.md
rebarbandinfoa	lpText	6	corpus/win32/api/commctrl/ns-commctrl-rebarbandinfoa.md
rebarbandinfoa	cch	7	corpus/win32/api/commctrl/ns-commctrl-rebarbandinfoa.md
rebarbandinfoa	iImage	8	corpus/win32/api/commctrl/ns-commctrl-rebarbandinfoa.md
rebarbandinfoa	hwndChild	9	corpus/win32/api/commctrl/ns-commctrl-rebarbandinfoa.md
rebarbandinfoa	cxMinChild	10	corpus/win32/api/commctrl/ns-commctrl-rebarbandinfoa.md
rebarbandinfoa	cyMinChild	11	corpus/win32/api/commctrl/ns-commctrl-rebarbandinfoa.md
rebarbandinfoa	cx	12	corpus/win32/api/commctrl/ns-commctrl-rebarbandinfoa.md
rebarbandinfoa	hbmBack	13	corpus/win32/api/commctrl/ns-commctrl-rebarbandinfoa.md
rebarbandinfoa	wID	14	corpus/win32/api/commctrl/ns-commctrl-rebarbandinfoa.md
rebarbandinfoa	cyChild	15	corpus/win32/api/commctrl/ns-commctrl-rebarbandinfoa.md
rebarbandinfoa	cyMaxChild	16	corpus/win32/api/commctrl/ns-commctrl-rebarbandinfoa.md
rebarbandinfoa	cyIntegral	17	corpus/win32/api/commctrl/ns-commctrl-rebarbandinfoa.md
rebarbandinfoa	cxIdeal	18	corpus/win32/api/commctrl/ns-commctrl-rebarbandinfoa.md
rebarbandinfoa	lParam	19	corpus/win32/api/commctrl/ns-commctrl-rebarbandinfoa.md
rebarbandinfoa	cxHeader	20	corpus/win32/api/commctrl/ns-commctrl-rebarbandinfoa.md
rebarbandinfoa	rcChevronLocation	21	corpus/win32/api/commctrl/ns-commctrl-rebarbandinfoa.md
rebarbandinfoa	uChevronState	22	corpus/win32/api/commctrl/ns-commctrl-rebarbandinfoa.md
rebarbandinfow	cbSize	1	corpus/win32/api/commctrl/ns-commctrl-rebarbandinfow.md
rebarbandinfow	fMask	2	corpus/win32/api/commctrl/ns-commctrl-rebarbandinfow.md
rebarbandinfow	fStyle	3	corpus/win32/api/commctrl/ns-commctrl-rebarbandinfow.md
rebarbandinfow	clrFore	4	corpus/win32/api/commctrl/ns-commctrl-rebarbandinfow.md
rebarbandinfow	clrBack	5	corpus/win32/api/commctrl/ns-commctrl-rebarbandinfow.md
rebarbandinfow	lpText	6	corpus/win32/api/commctrl/ns-commctrl-rebarbandinfow.md
rebarbandinfow	cch	7	corpus/win32/api/commctrl/ns-commctrl-rebarbandinfow.md
rebarbandinfow	iImage	8	corpus/win32/api/commctrl/ns-commctrl-rebarbandinfow.md
rebarbandinfow	hwndChild	9	corpus/win32/api/commctrl/ns-commctrl-rebarbandinfow.md
rebarbandinfow	cxMinChild	10	corpus/win32/api/commctrl/ns-commctrl-rebarbandinfow.md
rebarbandinfow	cyMinChild	11	corpus/win32/api/commctrl/ns-commctrl-rebarbandinfow.md
rebarbandinfow	cx	12	corpus/win32/api/commctrl/ns-commctrl-rebarbandinfow.md
rebarbandinfow	hbmBack	13	corpus/win32/api/commctrl/ns-commctrl-rebarbandinfow.md
rebarbandinfow	wID	14	corpus/win32/api/commctrl/ns-commctrl-rebarbandinfow.md
rebarbandinfow	cyChild	15	corpus/win32/api/commctrl/ns-commctrl-rebarbandinfow.md
rebarbandinfow	cyMaxChild	16	corpus/win32/api/commctrl/ns-commctrl-rebarbandinfow.md
rebarbandinfow	cyIntegral	17	corpus/win32/api/commctrl/ns-commctrl-rebarbandinfow.md
rebarbandinfow	cxIdeal	18	corpus/win32/api/commctrl/ns-commctrl-rebarbandinfow.md
rebarbandinfow	lParam	19	corpus/win32/api/commctrl/ns-commctrl-rebarbandinfow.md
rebarbandinfow	cxHeader	20	corpus/win32/api/commctrl/ns-commctrl-rebarbandinfow.md
rebarbandinfow	rcChevronLocation	21	corpus/win32/api/commctrl/ns-commctrl-rebarbandinfow.md
rebarbandinfow	uChevronState	22	corpus/win32/api/commctrl/ns-commctrl-rebarbandinfow.md
rebarinfo	cbSize	1	corpus/win32/api/commctrl/ns-commctrl-rebarinfo.md
rebarinfo	fMask	2	corpus/win32/api/commctrl/ns-commctrl-rebarinfo.md
rebarinfo	himl	3	corpus/win32/api/commctrl/ns-commctrl-rebarinfo.md
reconvertstring	dwSize	1	corpus/win32/api/imm/ns-imm-reconvertstring.md
reconvertstring	dwVersion	2	corpus/win32/api/imm/ns-imm-reconvertstring.md
reconvertstring	dwStrLen	3	corpus/win32/api/imm/ns-imm-reconvertstring.md
reconvertstring	dwStrOffset	4	corpus/win32/api/imm/ns-imm-reconvertstring.md
reconvertstring	dwCompStrLen	5	corpus/win32/api/imm/ns-imm-reconvertstring.md
reconvertstring	dwCompStrOffset	6	corpus/win32/api/imm/ns-imm-reconvertstring.md
reconvertstring	dwTargetStrLen	7	corpus/win32/api/imm/ns-imm-reconvertstring.md
reconvertstring	dwTargetStrOffset	8	corpus/win32/api/imm/ns-imm-reconvertstring.md
rect	left	1	corpus/win32/api/windef/ns-windef-rect.md
rect	top	2	corpus/win32/api/windef/ns-windef-rect.md
rect	right	3	corpus/win32/api/windef/ns-windef-rect.md
rect	bottom	4	corpus/win32/api/windef/ns-windef-rect.md
rectl	left	1	corpus/win32/api/windef/ns-windef-rectl.md
rectl	top	2	corpus/win32/api/windef/ns-windef-rectl.md
rectl	right	3	corpus/win32/api/windef/ns-windef-rectl.md
rectl	bottom	4	corpus/win32/api/windef/ns-windef-rectl.md
regfilter2	dwVersion	1	corpus/win32/api/strmif/ns-strmif-regfilter2.md
regfilter2	dwMerit	2	corpus/win32/api/strmif/ns-strmif-regfilter2.md
regfilter2	cPins	3	corpus/win32/api/strmif/ns-strmif-regfilter2.md
regfilter2	rgPins	4	corpus/win32/api/strmif/ns-strmif-regfilter2.md
regfilter2	cPins2	5	corpus/win32/api/strmif/ns-strmif-regfilter2.md
regfilter2	rgPins2	6	corpus/win32/api/strmif/ns-strmif-regfilter2.md
regfilterpins	strName	1	corpus/win32/api/strmif/ns-strmif-regfilterpins.md
regfilterpins	bRendered	2	corpus/win32/api/strmif/ns-strmif-regfilterpins.md
regfilterpins	bOutput	3	corpus/win32/api/strmif/ns-strmif-regfilterpins.md
regfilterpins	bZero	4	corpus/win32/api/strmif/ns-strmif-regfilterpins.md
regfilterpins	bMany	5	corpus/win32/api/strmif/ns-strmif-regfilterpins.md
regfilterpins	clsConnectsToFilter	6	corpus/win32/api/strmif/ns-strmif-regfilterpins.md
regfilterpins	strConnectsToPin	7	corpus/win32/api/strmif/ns-strmif-regfilterpins.md
regfilterpins	nMediaTypes	8	corpus/win32/api/strmif/ns-strmif-regfilterpins.md
regfilterpins	lpMediaType	9	corpus/win32/api/strmif/ns-strmif-regfilterpins.md
regfilterpins2	dwFlags	1	corpus/win32/api/strmif/ns-strmif-regfilterpins2.md
regfilterpins2	cInstances	2	corpus/win32/api/strmif/ns-strmif-regfilterpins2.md
regfilterpins2	nMediaTypes	3	corpus/win32/api/strmif/ns-strmif-regfilterpins2.md
regfilterpins2	lpMediaType	4	corpus/win32/api/strmif/ns-strmif-regfilterpins2.md
regfilterpins2	nMediums	5	corpus/win32/api/strmif/ns-strmif-regfilterpins2.md
regfilterpins2	lpMedium	6	corpus/win32/api/strmif/ns-strmif-regfilterpins2.md
regfilterpins2	clsPinCategory	7	corpus/win32/api/strmif/ns-strmif-regfilterpins2.md
registerworda	lpReading	1	corpus/win32/api/imm/ns-imm-registerworda.md
registerworda	lpWord	2	corpus/win32/api/imm/ns-imm-registerworda.md
registerwordw	lpReading	1	corpus/win32/api/imm/ns-imm-registerwordw.md
registerwordw	lpWord	2	corpus/win32/api/imm/ns-imm-registerwordw.md
regpinmedium	clsMedium	1	corpus/win32/api/strmif/ns-strmif-regpinmedium.md
regpinmedium	dw1	2	corpus/win32/api/strmif/ns-strmif-regpinmedium.md
regpinmedium	dw2	3	corpus/win32/api/strmif/ns-strmif-regpinmedium.md
regpintypes	clsMajorType	1	corpus/win32/api/strmif/ns-strmif-regpintypes.md
regpintypes	clsMinorType	2	corpus/win32/api/strmif/ns-strmif-regpintypes.md
remote_name_infoa	lpUniversalName	1	corpus/win32/api/winnetwk/ns-winnetwk-remote_name_infoa.md
remote_name_infoa	lpConnectionName	2	corpus/win32/api/winnetwk/ns-winnetwk-remote_name_infoa.md
remote_name_infoa	lpRemainingPath	3	corpus/win32/api/winnetwk/ns-winnetwk-remote_name_infoa.md
remote_name_infow	lpUniversalName	1	corpus/win32/api/winnetwk/ns-winnetwk-remote_name_infow.md
remote_name_infow	lpConnectionName	2	corpus/win32/api/winnetwk/ns-winnetwk-remote_name_infow.md
remote_name_infow	lpRemainingPath	3	corpus/win32/api/winnetwk/ns-winnetwk-remote_name_infow.md
requestbody_getstatus	Any	1	corpus/win32/api/wsdtypes/ns-wsdtypes-requestbody_getstatus.md
requestbody_renew	Expires	1	corpus/win32/api/wsdtypes/ns-wsdtypes-requestbody_renew.md
requestbody_renew	Any	2	corpus/win32/api/wsdtypes/ns-wsdtypes-requestbody_renew.md
requestbody_subscribe	EndTo	1	corpus/win32/api/wsdtypes/ns-wsdtypes-requestbody_subscribe.md
requestbody_subscribe	Delivery	2	corpus/win32/api/wsdtypes/ns-wsdtypes-requestbody_subscribe.md
requestbody_subscribe	Expires	3	corpus/win32/api/wsdtypes/ns-wsdtypes-requestbody_subscribe.md
requestbody_subscribe	Filter	4	corpus/win32/api/wsdtypes/ns-wsdtypes-requestbody_subscribe.md
requestbody_subscribe	Any	5	corpus/win32/api/wsdtypes/ns-wsdtypes-requestbody_subscribe.md
requestbody_unsubscribe	any	1	corpus/win32/api/wsdtypes/ns-wsdtypes-requestbody_unsubscribe.md
responsebody_getmetadata	Metadata	1	corpus/win32/api/wsdtypes/ns-wsdtypes-responsebody_getmetadata.md
responsebody_getstatus	expires	1	corpus/win32/api/wsdtypes/ns-wsdtypes-responsebody_getstatus.md
responsebody_getstatus	any	2	corpus/win32/api/wsdtypes/ns-wsdtypes-responsebody_getstatus.md
responsebody_renew	expires	1	corpus/win32/api/wsdtypes/ns-wsdtypes-responsebody_renew.md
responsebody_renew	any	2	corpus/win32/api/wsdtypes/ns-wsdtypes-responsebody_renew.md
responsebody_subscribe	SubscriptionManager	1	corpus/win32/api/wsdtypes/ns-wsdtypes-responsebody_subscribe.md
responsebody_subscribe	expires	2	corpus/win32/api/wsdtypes/ns-wsdtypes-responsebody_subscribe.md
responsebody_subscribe	any	3	corpus/win32/api/wsdtypes/ns-wsdtypes-responsebody_subscribe.md
responsebody_subscriptionend	SubscriptionManager	1	corpus/win32/api/wsdtypes/ns-wsdtypes-responsebody_subscriptionend.md
responsebody_subscriptionend	Status	2	corpus/win32/api/wsdtypes/ns-wsdtypes-responsebody_subscriptionend.md
responsebody_subscriptionend	Reason	3	corpus/win32/api/wsdtypes/ns-wsdtypes-responsebody_subscriptionend.md
responsebody_subscriptionend	Any	4	corpus/win32/api/wsdtypes/ns-wsdtypes-responsebody_subscriptionend.md
rgbquad	rgbBlue	1	corpus/win32/api/wingdi/ns-wingdi-rgbquad.md
rgbquad	rgbGreen	2	corpus/win32/api/wingdi/ns-wingdi-rgbquad.md
rgbquad	rgbRed	3	corpus/win32/api/wingdi/ns-wingdi-rgbquad.md
rgbquad	rgbReserved	4	corpus/win32/api/wingdi/ns-wingdi-rgbquad.md
rgbtriple	rgbtBlue	1	corpus/win32/api/wingdi/ns-wingdi-rgbtriple.md
rgbtriple	rgbtGreen	2	corpus/win32/api/wingdi/ns-wingdi-rgbtriple.md
rgbtriple	rgbtRed	3	corpus/win32/api/wingdi/ns-wingdi-rgbtriple.md
rgndata	rdh	1	corpus/win32/api/wingdi/ns-wingdi-rgndata.md
rgndata	Buffer	2	corpus/win32/api/wingdi/ns-wingdi-rgndata.md
rgndataheader	dwSize	1	corpus/win32/api/wingdi/ns-wingdi-rgndataheader.md
rgndataheader	iType	2	corpus/win32/api/wingdi/ns-wingdi-rgndataheader.md
rgndataheader	nCount	3	corpus/win32/api/wingdi/ns-wingdi-rgndataheader.md
rgndataheader	nRgnSize	4	corpus/win32/api/wingdi/ns-wingdi-rgndataheader.md
rgndataheader	rcBound	5	corpus/win32/api/wingdi/ns-wingdi-rgndataheader.md
rsapubkey	magic	1	corpus/win32/api/wincrypt/ns-wincrypt-rsapubkey.md
rsapubkey	bitlen	2	corpus/win32/api/wincrypt/ns-wincrypt-rsapubkey.md
rsapubkey	pubexp	3	corpus/win32/api/wincrypt/ns-wincrypt-rsapubkey.md
safearray	cDims	1	corpus/win32/api/oaidl/ns-oaidl-safearray.md
safearray	fFeatures	2	corpus/win32/api/oaidl/ns-oaidl-safearray.md
safearray	cbElements	3	corpus/win32/api/oaidl/ns-oaidl-safearray.md
safearray	cLocks	4	corpus/win32/api/oaidl/ns-oaidl-safearray.md
safearray	pvData	5	corpus/win32/api/oaidl/ns-oaidl-safearray.md
safearray	rgsabound	6	corpus/win32/api/oaidl/ns-oaidl-safearray.md
safearraybound	cElements	1	corpus/win32/api/oaidl/ns-oaidl-safearraybound.md
safearraybound	lLbound	2	corpus/win32/api/oaidl/ns-oaidl-safearraybound.md
scard_atrmask	cbAtr	1	corpus/win32/api/winscard/ns-winscard-scard_atrmask.md
scard_atrmask	rgbAtr	2	corpus/win32/api/winscard/ns-winscard-scard_atrmask.md
scard_atrmask	rgbMask	3	corpus/win32/api/winscard/ns-winscard-scard_atrmask.md
scard_readerstatea	szReader	1	corpus/win32/api/winscard/ns-winscard-scard_readerstatea.md
scard_readerstatea	pvUserData	2	corpus/win32/api/winscard/ns-winscard-scard_readerstatea.md
scard_readerstatea	dwCurrentState	3	corpus/win32/api/winscard/ns-winscard-scard_readerstatea.md
scard_readerstatea	dwEventState	4	corpus/win32/api/winscard/ns-winscard-scard_readerstatea.md
scard_readerstatea	cbAtr	5	corpus/win32/api/winscard/ns-winscard-scard_readerstatea.md
scard_readerstatea	rgbAtr	6	corpus/win32/api/winscard/ns-winscard-scard_readerstatea.md
scard_readerstatew	szReader	1	corpus/win32/api/winscard/ns-winscard-scard_readerstatew.md
scard_readerstatew	pvUserData	2	corpus/win32/api/winscard/ns-winscard-scard_readerstatew.md
scard_readerstatew	dwCurrentState	3	corpus/win32/api/winscard/ns-winscard-scard_readerstatew.md
scard_readerstatew	dwEventState	4	corpus/win32/api/winscard/ns-winscard-scard_readerstatew.md
scard_readerstatew	cbAtr	5	corpus/win32/api/winscard/ns-winscard-scard_readerstatew.md
scard_readerstatew	rgbAtr	6	corpus/win32/api/winscard/ns-winscard-scard_readerstatew.md
schannel_cred	dwVersion	1	corpus/win32/api/schannel/ns-schannel-schannel_cred.md
schannel_cred	cCreds	2	corpus/win32/api/schannel/ns-schannel-schannel_cred.md
schannel_cred	paCred	3	corpus/win32/api/schannel/ns-schannel-schannel_cred.md
schannel_cred	hRootStore	4	corpus/win32/api/schannel/ns-schannel-schannel_cred.md
schannel_cred	cMappers	5	corpus/win32/api/schannel/ns-schannel-schannel_cred.md
schannel_cred	aphMappers	6	corpus/win32/api/schannel/ns-schannel-schannel_cred.md
schannel_cred	_HMAPPER	7	corpus/win32/api/schannel/ns-schannel-schannel_cred.md
schannel_cred	palgSupportedAlgs	8	corpus/win32/api/schannel/ns-schannel-schannel_cred.md
schannel_cred	grbitEnabledProtocols	9	corpus/win32/api/schannel/ns-schannel-schannel_cred.md
schannel_cred	dwMinimumCipherStrength	10	corpus/win32/api/schannel/ns-schannel-schannel_cred.md
schannel_cred	dwMaximumCipherStrength	11	corpus/win32/api/schannel/ns-schannel-schannel_cred.md
schannel_cred	dwSessionLifespan	12	corpus/win32/api/schannel/ns-schannel-schannel_cred.md
schannel_cred	dwFlags	13	corpus/win32/api/schannel/ns-schannel-schannel_cred.md
schannel_cred	dwCredFormat	14	corpus/win32/api/schannel/ns-schannel-schannel_cred.md
script_analysis	eScript	1	corpus/win32/api/usp10/ns-usp10-script_analysis.md
script_analysis	fRTL	2	corpus/win32/api/usp10/ns-usp10-script_analysis.md
script_analysis	fLayoutRTL	3	corpus/win32/api/usp10/ns-usp10-script_analysis.md
script_analysis	fLinkBefore	4	corpus/win32/api/usp10/ns-usp10-script_analysis.md
script_analysis	fLinkAfter	5	corpus/win32/api/usp10/ns-usp10-script_analysis.md
script_analysis	fLogicalOrder	6	corpus/win32/api/usp10/ns-usp10-script_analysis.md
script_analysis	fNoGlyphIndex	7	corpus/win32/api/usp10/ns-usp10-script_analysis.md
script_analysis	s	8	corpus/win32/api/usp10/ns-usp10-script_analysis.md
script_control	uDefaultLanguage	1	corpus/win32/api/usp10/ns-usp10-script_control.md
script_control	fContextDigits	2	corpus/win32/api/usp10/ns-usp10-script_control.md
script_control	fInvertPreBoundDir	3	corpus/win32/api/usp10/ns-usp10-script_control.md
script_control	fInvertPostBoundDir	4	corpus/win32/api/usp10/ns-usp10-script_control.md
script_control	fLinkStringBefore	5	corpus/win32/api/usp10/ns-usp10-script_control.md
script_control	fLinkStringAfter	6	corpus/win32/api/usp10/ns-usp10-script_control.md
script_control	fNeutralOverride	7	corpus/win32/api/usp10/ns-usp10-script_control.md
script_control	fNumericOverride	8	corpus/win32/api/usp10/ns-usp10-script_control.md
script_control	fLegacyBidiClass	9	corpus/win32/api/usp10/ns-usp10-script_control.md
script_control	fMergeNeutralItems	10	corpus/win32/api/usp10/ns-usp10-script_control.md
script_control	fUseStandardBidi	11	corpus/win32/api/usp10/ns-usp10-script_control.md
script_control	fReserved	12	corpus/win32/api/usp10/ns-usp10-script_control.md
script_digitsubstitute	NationalDigitLanguage	1	corpus/win32/api/usp10/ns-usp10-script_digitsubstitute.md
script_digitsubstitute	TraditionalDigitLanguage	2	corpus/win32/api/usp10/ns-usp10-script_digitsubstitute.md
script_digitsubstitute	DigitSubstitute	3	corpus/win32/api/usp10/ns-usp10-script_digitsubstitute.md
script_digitsubstitute	dwReserved	4	corpus/win32/api/usp10/ns-usp10-script_digitsubstitute.md
script_fontproperties	cBytes	1	corpus/win32/api/usp10/ns-usp10-script_fontproperties.md
script_fontproperties	wgBlank	2	corpus/win32/api/usp10/ns-usp10-script_fontproperties.md
script_fontproperties	wgDefault	3	corpus/win32/api/usp10/ns-usp10-script_fontproperties.md
script_fontproperties	wgInvalid	4	corpus/win32/api/usp10/ns-usp10-script_fontproperties.md
script_fontproperties	wgKashida	5	corpus/win32/api/usp10/ns-usp10-script_fontproperties.md
script_fontproperties	iKashidaWidth	6	corpus/win32/api/usp10/ns-usp10-script_fontproperties.md
script_item	iCharPos	1	corpus/win32/api/usp10/ns-usp10-script_item.md
script_item	a	2	corpus/win32/api/usp10/ns-usp10-script_item.md
script_logattr	fSoftBreak	1	corpus/win32/api/usp10/ns-usp10-script_logattr.md
script_logattr	fWhiteSpace	2	corpus/win32/api/usp10/ns-usp10-script_logattr.md
script_logattr	fCharStop	3	corpus/win32/api/usp10/ns-usp10-script_logattr.md
script_logattr	fWordStop	4	corpus/win32/api/usp10/ns-usp10-script_logattr.md
script_logattr	fInvalid	5	corpus/win32/api/usp10/ns-usp10-script_logattr.md
script_logattr	fReserved	6	corpus/win32/api/usp10/ns-usp10-script_logattr.md
script_properties	langid	1	corpus/win32/api/usp10/ns-usp10-script_properties.md
script_properties	fNumeric	2	corpus/win32/api/usp10/ns-usp10-script_properties.md
script_properties	fComplex	3	corpus/win32/api/usp10/ns-usp10-script_properties.md
script_properties	fNeedsWordBreaking	4	corpus/win32/api/usp10/ns-usp10-script_properties.md
script_properties	fNeedsCaretInfo	5	corpus/win32/api/usp10/ns-usp10-script_properties.md
script_properties	bCharSet	6	corpus/win32/api/usp10/ns-usp10-script_properties.md
script_properties	fControl	7	corpus/win32/api/usp10/ns-usp10-script_properties.md
script_properties	fPrivateUseArea	8	corpus/win32/api/usp10/ns-usp10-script_properties.md
script_properties	fNeedsCharacterJustify	9	corpus/win32/api/usp10/ns-usp10-script_properties.md
script_properties	fInvalidGlyph	10	corpus/win32/api/usp10/ns-usp10-script_properties.md
script_properties	fInvalidLogAttr	11	corpus/win32/api/usp10/ns-usp10-script_properties.md
script_properties	fCDM	12	corpus/win32/api/usp10/ns-usp10-script_properties.md
script_properties	fAmbiguousCharSet	13	corpus/win32/api/usp10/ns-usp10-script_properties.md
script_properties	fClusterSizeVaries	14	corpus/win32/api/usp10/ns-usp10-script_properties.md
script_properties	fRejectInvalid	15	corpus/win32/api/usp10/ns-usp10-script_properties.md
script_state	uBidiLevel	1	corpus/win32/api/usp10/ns-usp10-script_state.md
script_state	fOverrideDirection	2	corpus/win32/api/usp10/ns-usp10-script_state.md
script_state	fInhibitSymSwap	3	corpus/win32/api/usp10/ns-usp10-script_state.md
script_state	fCharShape	4	corpus/win32/api/usp10/ns-usp10-script_state.md
script_state	fDigitSubstitute	5	corpus/win32/api/usp10/ns-usp10-script_state.md
script_state	fInhibitLigate	6	corpus/win32/api/usp10/ns-usp10-script_state.md
script_state	fDisplayZWG	7	corpus/win32/api/usp10/ns-usp10-script_state.md
script_state	fArabicNumContext	8	corpus/win32/api/usp10/ns-usp10-script_state.md
script_state	fGcpClusters	9	corpus/win32/api/usp10/ns-usp10-script_state.md
script_state	fReserved	10	corpus/win32/api/usp10/ns-usp10-script_state.md
script_state	fEngineReserved	11	corpus/win32/api/usp10/ns-usp10-script_state.md
script_tabdef	cTabStops	1	corpus/win32/api/usp10/ns-usp10-script_tabdef.md
script_tabdef	iScale	2	corpus/win32/api/usp10/ns-usp10-script_tabdef.md
script_tabdef	pTabStops	3	corpus/win32/api/usp10/ns-usp10-script_tabdef.md
script_tabdef	iTabOrigin	4	corpus/win32/api/usp10/ns-usp10-script_tabdef.md
script_visattr	uJustification	1	corpus/win32/api/usp10/ns-usp10-script_visattr.md
script_visattr	fClusterStart	2	corpus/win32/api/usp10/ns-usp10-script_visattr.md
script_visattr	fDiacritic	3	corpus/win32/api/usp10/ns-usp10-script_visattr.md
script_visattr	fZeroWidth	4	corpus/win32/api/usp10/ns-usp10-script_visattr.md
script_visattr	fReserved	5	corpus/win32/api/usp10/ns-usp10-script_visattr.md
script_visattr	fShapeReserved	6	corpus/win32/api/usp10/ns-usp10-script_visattr.md
scrollinfo	cbSize	1	corpus/win32/api/winuser/ns-winuser-scrollinfo.md
scrollinfo	fMask	2	corpus/win32/api/winuser/ns-winuser-scrollinfo.md
scrollinfo	nMin	3	corpus/win32/api/winuser/ns-winuser-scrollinfo.md
scrollinfo	nMax	4	corpus/win32/api/winuser/ns-winuser-scrollinfo.md
scrollinfo	nPage	5	corpus/win32/api/winuser/ns-winuser-scrollinfo.md
scrollinfo	nPos	6	corpus/win32/api/winuser/ns-winuser-scrollinfo.md
scrollinfo	nTrackPos	7	corpus/win32/api/winuser/ns-winuser-scrollinfo.md
sdpattributerange	minAttribute	1	corpus/win32/api/bthsdpdef/ns-bthsdpdef-sdpattributerange.md
sdpattributerange	maxAttribute	2	corpus/win32/api/bthsdpdef/ns-bthsdpdef-sdpattributerange.md
sdpqueryuuid	u	1	corpus/win32/api/bthsdpdef/ns-bthsdpdef-sdpqueryuuid.md
sdpqueryuuid	uuidType	2	corpus/win32/api/bthsdpdef/ns-bthsdpdef-sdpqueryuuid.md
sdpqueryuuidunion	uuid128	1	corpus/win32/api/bthsdpdef/ns-bthsdpdef-sdpqueryuuidunion.md
sdpqueryuuidunion	uuid32	2	corpus/win32/api/bthsdpdef/ns-bthsdpdef-sdpqueryuuidunion.md
sdpqueryuuidunion	uuid16	3	corpus/win32/api/bthsdpdef/ns-bthsdpdef-sdpqueryuuidunion.md
secbuffer	cbBuffer	1	corpus/win32/api/sspi/ns-sspi-secbuffer.md
secbuffer	BufferType	2	corpus/win32/api/sspi/ns-sspi-secbuffer.md
secbuffer	pvBuffer	3	corpus/win32/api/sspi/ns-sspi-secbuffer.md
secbufferdesc	ulVersion	1	corpus/win32/api/sspi/ns-sspi-secbufferdesc.md
secbufferdesc	cBuffers	2	corpus/win32/api/sspi/ns-sspi-secbufferdesc.md
secbufferdesc	pBuffers	3	corpus/win32/api/sspi/ns-sspi-secbufferdesc.md
secpkgcontext_authoritya	sAuthorityName	1	corpus/win32/api/sspi/ns-sspi-secpkgcontext_authoritya.md
secpkgcontext_authorityw	sAuthorityName	1	corpus/win32/api/sspi/ns-sspi-secpkgcontext_authorityw.md
secpkgcontext_connectioninfo	dwProtocol	1	corpus/win32/api/schannel/ns-schannel-secpkgcontext_connectioninfo.md
secpkgcontext_connectioninfo	aiCipher	2	corpus/win32/api/schannel/ns-schannel-secpkgcontext_connectioninfo.md
secpkgcontext_connectioninfo	dwCipherStrength	3	corpus/win32/api/schannel/ns-schannel-secpkgcontext_connectioninfo.md
secpkgcontext_connectioninfo	aiHash	4	corpus/win32/api/schannel/ns-schannel-secpkgcontext_connectioninfo.md
secpkgcontext_connectioninfo	dwHashStrength	5	corpus/win32/api/schannel/ns-schannel-secpkgcontext_connectioninfo.md
secpkgcontext_connectioninfo	aiExch	6	corpus/win32/api/schannel/ns-schannel-secpkgcontext_connectioninfo.md
secpkgcontext_connectioninfo	dwExchStrength	7	corpus/win32/api/schannel/ns-schannel-secpkgcontext_connectioninfo.md
secpkgcontext_dceinfo	AuthzSvc	1	corpus/win32/api/sspi/ns-sspi-secpkgcontext_dceinfo.md
secpkgcontext_dceinfo	pPac	2	corpus/win32/api/sspi/ns-sspi-secpkgcontext_dceinfo.md
secpkgcontext_issuerlistinfoex	aIssuers	1	corpus/win32/api/schannel/ns-schannel-secpkgcontext_issuerlistinfoex.md
secpkgcontext_issuerlistinfoex	cIssuers	2	corpus/win32/api/schannel/ns-schannel-secpkgcontext_issuerlistinfoex.md
secpkgcontext_keyinfoa	sSignatureAlgorithmName	1	corpus/win32/api/sspi/ns-sspi-secpkgcontext_keyinfoa.md
secpkgcontext_keyinfoa	sEncryptAlgorithmName	2	corpus/win32/api/sspi/ns-sspi-secpkgcontext_keyinfoa.md
secpkgcontext_keyinfoa	KeySize	3	corpus/win32/api/sspi/ns-sspi-secpkgcontext_keyinfoa.md
secpkgcontext_keyinfoa	SignatureAlgorithm	4	corpus/win32/api/sspi/ns-sspi-secpkgcontext_keyinfoa.md
secpkgcontext_keyinfoa	EncryptAlgorithm	5	corpus/win32/api/sspi/ns-sspi-secpkgcontext_keyinfoa.md
secpkgcontext_keyinfow	sSignatureAlgorithmName	1	corpus/win32/api/sspi/ns-sspi-secpkgcontext_keyinfow.md
secpkgcontext_keyinfow	sEncryptAlgorithmName	2	corpus/win32/api/sspi/ns-sspi-secpkgcontext_keyinfow.md
secpkgcontext_keyinfow	KeySize	3	corpus/win32/api/sspi/ns-sspi-secpkgcontext_keyinfow.md
secpkgcontext_keyinfow	SignatureAlgorithm	4	corpus/win32/api/sspi/ns-sspi-secpkgcontext_keyinfow.md
secpkgcontext_keyinfow	EncryptAlgorithm	5	corpus/win32/api/sspi/ns-sspi-secpkgcontext_keyinfow.md
secpkgcontext_lifespan	tsStart	1	corpus/win32/api/sspi/ns-sspi-secpkgcontext_lifespan.md
secpkgcontext_lifespan	tsExpiry	2	corpus/win32/api/sspi/ns-sspi-secpkgcontext_lifespan.md
secpkgcontext_namesa	sUserName	1	corpus/win32/api/sspi/ns-sspi-secpkgcontext_namesa.md
secpkgcontext_namesw	sUserName	1	corpus/win32/api/sspi/ns-sspi-secpkgcontext_namesw.md
secpkgcontext_protoinfoa	sProtocolName	1	corpus/win32/api/sspi/ns-sspi-secpkgcontext_protoinfoa.md
secpkgcontext_protoinfoa	majorVersion	2	corpus/win32/api/sspi/ns-sspi-secpkgcontext_protoinfoa.md
secpkgcontext_protoinfoa	minorVersion	3	corpus/win32/api/sspi/ns-sspi-secpkgcontext_protoinfoa.md
secpkgcontext_protoinfow	sProtocolName	1	corpus/win32/api/sspi/ns-sspi-secpkgcontext_protoinfow.md
secpkgcontext_protoinfow	majorVersion	2	corpus/win32/api/sspi/ns-sspi-secpkgcontext_protoinfow.md
secpkgcontext_protoinfow	minorVersion	3	corpus/win32/api/sspi/ns-sspi-secpkgcontext_protoinfow.md
secpkgcontext_sizes	cbMaxToken	1	corpus/win32/api/sspi/ns-sspi-secpkgcontext_sizes.md
secpkgcontext_sizes	cbMaxSignature	2	corpus/win32/api/sspi/ns-sspi-secpkgcontext_sizes.md
secpkgcontext_sizes	cbBlockSize	3	corpus/win32/api/sspi/ns-sspi-secpkgcontext_sizes.md
secpkgcontext_sizes	cbSecurityTrailer	4	corpus/win32/api/sspi/ns-sspi-secpkgcontext_sizes.md
secpkgcontext_streamsizes	cbHeader	1	corpus/win32/api/sspi/ns-sspi-secpkgcontext_streamsizes.md
secpkgcontext_streamsizes	cbTrailer	2	corpus/win32/api/sspi/ns-sspi-secpkgcontext_streamsizes.md
secpkgcontext_streamsizes	cbMaximumMessage	3	corpus/win32/api/sspi/ns-sspi-secpkgcontext_streamsizes.md
secpkgcontext_streamsizes	cBuffers	4	corpus/win32/api/sspi/ns-sspi-secpkgcontext_streamsizes.md
secpkgcontext_streamsizes	cbBlockSize	5	corpus/win32/api/sspi/ns-sspi-secpkgcontext_streamsizes.md
secpkgcredentials_namesa	sUserName	1	corpus/win32/api/sspi/ns-sspi-secpkgcredentials_namesa.md
secpkgcredentials_namesw	sUserName	1	corpus/win32/api/sspi/ns-sspi-secpkgcredentials_namesw.md
secpkginfoa	fCapabilities	1	corpus/win32/api/sspi/ns-sspi-secpkginfoa.md
secpkginfoa	wVersion	2	corpus/win32/api/sspi/ns-sspi-secpkginfoa.md
secpkginfoa	wRPCID	3	corpus/win32/api/sspi/ns-sspi-secpkginfoa.md
secpkginfoa	cbMaxToken	4	corpus/win32/api/sspi/ns-sspi-secpkginfoa.md
secpkginfoa	Name	5	corpus/win32/api/sspi/ns-sspi-secpkginfoa.md
secpkginfoa	Comment	6	corpus/win32/api/sspi/ns-sspi-secpkginfoa.md
secpkginfow	fCapabilities	1	corpus/win32/api/sspi/ns-sspi-secpkginfow.md
secpkginfow	wVersion	2	corpus/win32/api/sspi/ns-sspi-secpkginfow.md
secpkginfow	wRPCID	3	corpus/win32/api/sspi/ns-sspi-secpkginfow.md
secpkginfow	cbMaxToken	4	corpus/win32/api/sspi/ns-sspi-secpkginfow.md
secpkginfow	Name	5	corpus/win32/api/sspi/ns-sspi-secpkginfow.md
secpkginfow	Comment	6	corpus/win32/api/sspi/ns-sspi-secpkginfow.md
section	TableId	1	corpus/win32/api/mpeg2structs/ns-mpeg2structs-section.md
section	Header	2	corpus/win32/api/mpeg2structs/ns-mpeg2structs-section.md
section	SectionData	3	corpus/win32/api/mpeg2structs/ns-mpeg2structs-section.md
security_attributes	nLength	1	corpus/win32/api/wtypesbase/ns-wtypesbase-security_attributes.md
security_attributes	lpSecurityDescriptor	2	corpus/win32/api/wtypesbase/ns-wtypesbase-security_attributes.md
security_attributes	bInheritHandle	3	corpus/win32/api/wtypesbase/ns-wtypesbase-security_attributes.md
securityfunctiontablea	dwVersion	1	corpus/win32/api/sspi/ns-sspi-securityfunctiontablea.md
securityfunctiontablea	EnumerateSecurityPackagesA	2	corpus/win32/api/sspi/ns-sspi-securityfunctiontablea.md
securityfunctiontablea	AcquireCredentialsHandleA	3	corpus/win32/api/sspi/ns-sspi-securityfunctiontablea.md
securityfunctiontablea	Reserved2	4	corpus/win32/api/sspi/ns-sspi-securityfunctiontablea.md
securityfunctiontablea	InitializeSecurityContextA	5	corpus/win32/api/sspi/ns-sspi-securityfunctiontablea.md
securityfunctiontablea	CompleteAuthToken	6	corpus/win32/api/sspi/ns-sspi-securityfunctiontablea.md
securityfunctiontablea	DeleteSecurityContext	7	corpus/win32/api/sspi/ns-sspi-securityfunctiontablea.md
securityfunctiontablea	ApplyControlToken	8	corpus/win32/api/sspi/ns-sspi-securityfunctiontablea.md
securityfunctiontablea	QueryContextAttributesA	9	corpus/win32/api/sspi/ns-sspi-securityfunctiontablea.md
securityfunctiontablea	RevertSecurityContext	10	corpus/win32/api/sspi/ns-sspi-securityfunctiontablea.md
securityfunctiontablea	MakeSignature	11	corpus/win32/api/sspi/ns-sspi-securityfunctiontablea.md
securityfunctiontablea	VerifySignature	12	corpus/win32/api/sspi/ns-sspi-securityfunctiontablea.md
securityfunctiontablea	FreeContextBuffer	13	corpus/win32/api/sspi/ns-sspi-securityfunctiontablea.md
securityfunctiontablea	QuerySecurityPackageInfoA	14	corpus/win32/api/sspi/ns-sspi-securityfunctiontablea.md
securityfunctiontablea	Reserved4	15	corpus/win32/api/sspi/ns-sspi-securityfunctiontablea.md
securityfunctiontablea	ExportSecurityContext	16	corpus/win32/api/sspi/ns-sspi-securityfunctiontablea.md
securityfunctiontablea	ImportSecurityContextA	17	corpus/win32/api/sspi/ns-sspi-securityfunctiontablea.md
securityfunctiontablea	Reserved8	18	corpus/win32/api/sspi/ns-sspi-securityfunctiontablea.md
securityfunctiontablea	QuerySecurityContextToken	19	corpus/win32/api/sspi/ns-sspi-securityfunctiontablea.md
securityfunctiontablea	EncryptMessage	20	corpus/win32/api/sspi/ns-sspi-securityfunctiontablea.md
securityfunctiontablea	DecryptMessage	21	corpus/win32/api/sspi/ns-sspi-securityfunctiontablea.md
securityfunctiontablea	SetContextAttributesA	22	corpus/win32/api/sspi/ns-sspi-securityfunctiontablea.md
securityfunctiontablea	ChangeAccountPasswordA	23	corpus/win32/api/sspi/ns-sspi-securityfunctiontablea.md
securityfunctiontablea	QueryContextAttributesExA	24	corpus/win32/api/sspi/ns-sspi-securityfunctiontablea.md
securityfunctiontablew	dwVersion	1	corpus/win32/api/sspi/ns-sspi-securityfunctiontablew.md
securityfunctiontablew	EnumerateSecurityPackagesW	2	corpus/win32/api/sspi/ns-sspi-securityfunctiontablew.md
securityfunctiontablew	AcquireCredentialsHandleW	3	corpus/win32/api/sspi/ns-sspi-securityfunctiontablew.md
securityfunctiontablew	Reserved2	4	corpus/win32/api/sspi/ns-sspi-securityfunctiontablew.md
securityfunctiontablew	InitializeSecurityContextW	5	corpus/win32/api/sspi/ns-sspi-securityfunctiontablew.md
securityfunctiontablew	CompleteAuthToken	6	corpus/win32/api/sspi/ns-sspi-securityfunctiontablew.md
securityfunctiontablew	DeleteSecurityContext	7	corpus/win32/api/sspi/ns-sspi-securityfunctiontablew.md
securityfunctiontablew	ApplyControlToken	8	corpus/win32/api/sspi/ns-sspi-securityfunctiontablew.md
securityfunctiontablew	QueryContextAttributesW	9	corpus/win32/api/sspi/ns-sspi-securityfunctiontablew.md
securityfunctiontablew	RevertSecurityContext	10	corpus/win32/api/sspi/ns-sspi-securityfunctiontablew.md
securityfunctiontablew	MakeSignature	11	corpus/win32/api/sspi/ns-sspi-securityfunctiontablew.md
securityfunctiontablew	VerifySignature	12	corpus/win32/api/sspi/ns-sspi-securityfunctiontablew.md
securityfunctiontablew	FreeContextBuffer	13	corpus/win32/api/sspi/ns-sspi-securityfunctiontablew.md
securityfunctiontablew	QuerySecurityPackageInfoW	14	corpus/win32/api/sspi/ns-sspi-securityfunctiontablew.md
securityfunctiontablew	Reserved4	15	corpus/win32/api/sspi/ns-sspi-securityfunctiontablew.md
securityfunctiontablew	ExportSecurityContext	16	corpus/win32/api/sspi/ns-sspi-securityfunctiontablew.md
securityfunctiontablew	ImportSecurityContextW	17	corpus/win32/api/sspi/ns-sspi-securityfunctiontablew.md
securityfunctiontablew	Reserved8	18	corpus/win32/api/sspi/ns-sspi-securityfunctiontablew.md
securityfunctiontablew	QuerySecurityContextToken	19	corpus/win32/api/sspi/ns-sspi-securityfunctiontablew.md
securityfunctiontablew	EncryptMessage	20	corpus/win32/api/sspi/ns-sspi-securityfunctiontablew.md
securityfunctiontablew	DecryptMessage	21	corpus/win32/api/sspi/ns-sspi-securityfunctiontablew.md
securityfunctiontablew	SetContextAttributesW	22	corpus/win32/api/sspi/ns-sspi-securityfunctiontablew.md
securityfunctiontablew	ChangeAccountPasswordW	23	corpus/win32/api/sspi/ns-sspi-securityfunctiontablew.md
securityfunctiontablew	QueryContextAttributesExW	24	corpus/win32/api/sspi/ns-sspi-securityfunctiontablew.md
servent	s_name	1	corpus/win32/api/winsock/ns-winsock-servent.md
servent	s_aliases	2	corpus/win32/api/winsock/ns-winsock-servent.md
servent	s_port	3	corpus/win32/api/winsock/ns-winsock-servent.md
servent	s_proto	4	corpus/win32/api/winsock/ns-winsock-servent.md
service_address	dwAddressType	1	corpus/win32/api/nspapi/ns-nspapi-service_address.md
service_address	dwAddressFlags	2	corpus/win32/api/nspapi/ns-nspapi-service_address.md
service_address	dwAddressLength	3	corpus/win32/api/nspapi/ns-nspapi-service_address.md
service_address	dwPrincipalLength	4	corpus/win32/api/nspapi/ns-nspapi-service_address.md
service_address	lpAddress	5	corpus/win32/api/nspapi/ns-nspapi-service_address.md
service_address	lpPrincipal	6	corpus/win32/api/nspapi/ns-nspapi-service_address.md
service_addresses	dwAddressCount	1	corpus/win32/api/nspapi/ns-nspapi-service_addresses.md
service_addresses	Addresses	2	corpus/win32/api/nspapi/ns-nspapi-service_addresses.md
service_infoa	lpServiceType	1	corpus/win32/api/nspapi/ns-nspapi-service_infoa.md
service_infoa	lpServiceName	2	corpus/win32/api/nspapi/ns-nspapi-service_infoa.md
service_infoa	lpComment	3	corpus/win32/api/nspapi/ns-nspapi-service_infoa.md
service_infoa	lpLocale	4	corpus/win32/api/nspapi/ns-nspapi-service_infoa.md
service_infoa	dwDisplayHint	5	corpus/win32/api/nspapi/ns-nspapi-service_infoa.md
service_infoa	dwVersion	6	corpus/win32/api/nspapi/ns-nspapi-service_infoa.md
service_infoa	dwTime	7	corpus/win32/api/nspapi/ns-nspapi-service_infoa.md
service_infoa	lpMachineName	8	corpus/win32/api/nspapi/ns-nspapi-service_infoa.md
service_infoa	lpServiceAddress	9	corpus/win32/api/nspapi/ns-nspapi-service_infoa.md
service_infoa	ServiceSpecificInfo	10	corpus/win32/api/nspapi/ns-nspapi-service_infoa.md
service_infow	lpServiceType	1	corpus/win32/api/nspapi/ns-nspapi-service_infow.md
service_infow	lpServiceName	2	corpus/win32/api/nspapi/ns-nspapi-service_infow.md
service_infow	lpComment	3	corpus/win32/api/nspapi/ns-nspapi-service_infow.md
service_infow	lpLocale	4	corpus/win32/api/nspapi/ns-nspapi-service_infow.md
service_infow	dwDisplayHint	5	corpus/win32/api/nspapi/ns-nspapi-service_infow.md
service_infow	dwVersion	6	corpus/win32/api/nspapi/ns-nspapi-service_infow.md
service_infow	dwTime	7	corpus/win32/api/nspapi/ns-nspapi-service_infow.md
service_infow	lpMachineName	8	corpus/win32/api/nspapi/ns-nspapi-service_infow.md
service_infow	lpServiceAddress	9	corpus/win32/api/nspapi/ns-nspapi-service_infow.md
service_infow	ServiceSpecificInfo	10	corpus/win32/api/nspapi/ns-nspapi-service_infow.md
service_type_info_absa	lpTypeName	1	corpus/win32/api/nspapi/ns-nspapi-service_type_info_absa.md
service_type_info_absa	dwValueCount	2	corpus/win32/api/nspapi/ns-nspapi-service_type_info_absa.md
service_type_info_absa	Values	3	corpus/win32/api/nspapi/ns-nspapi-service_type_info_absa.md
service_type_info_absw	lpTypeName	1	corpus/win32/api/nspapi/ns-nspapi-service_type_info_absw.md
service_type_info_absw	dwValueCount	2	corpus/win32/api/nspapi/ns-nspapi-service_type_info_absw.md
service_type_info_absw	Values	3	corpus/win32/api/nspapi/ns-nspapi-service_type_info_absw.md
service_type_value_absa	dwNameSpace	1	corpus/win32/api/nspapi/ns-nspapi-service_type_value_absa.md
service_type_value_absa	dwValueType	2	corpus/win32/api/nspapi/ns-nspapi-service_type_value_absa.md
service_type_value_absa	dwValueSize	3	corpus/win32/api/nspapi/ns-nspapi-service_type_value_absa.md
service_type_value_absa	lpValueName	4	corpus/win32/api/nspapi/ns-nspapi-service_type_value_absa.md
service_type_value_absa	lpValue	5	corpus/win32/api/nspapi/ns-nspapi-service_type_value_absa.md
service_type_value_absw	dwNameSpace	1	corpus/win32/api/nspapi/ns-nspapi-service_type_value_absw.md
service_type_value_absw	dwValueType	2	corpus/win32/api/nspapi/ns-nspapi-service_type_value_absw.md
service_type_value_absw	dwValueSize	3	corpus/win32/api/nspapi/ns-nspapi-service_type_value_absw.md
service_type_value_absw	lpValueName	4	corpus/win32/api/nspapi/ns-nspapi-service_type_value_absw.md
service_type_value_absw	lpValue	5	corpus/win32/api/nspapi/ns-nspapi-service_type_value_absw.md
shchangenotifyentry	pidl	1	corpus/win32/api/shlobj_core/ns-shlobj_core-shchangenotifyentry.md
shchangenotifyentry	fRecursive	2	corpus/win32/api/shlobj_core/ns-shlobj_core-shchangenotifyentry.md
shellexecuteinfoa	cbSize	1	corpus/win32/api/shellapi/ns-shellapi-shellexecuteinfoa.md
shellexecuteinfoa	fMask	2	corpus/win32/api/shellapi/ns-shellapi-shellexecuteinfoa.md
shellexecuteinfoa	hwnd	3	corpus/win32/api/shellapi/ns-shellapi-shellexecuteinfoa.md
shellexecuteinfoa	lpVerb	4	corpus/win32/api/shellapi/ns-shellapi-shellexecuteinfoa.md
shellexecuteinfoa	lpFile	5	corpus/win32/api/shellapi/ns-shellapi-shellexecuteinfoa.md
shellexecuteinfoa	lpParameters	6	corpus/win32/api/shellapi/ns-shellapi-shellexecuteinfoa.md
shellexecuteinfoa	lpDirectory	7	corpus/win32/api/shellapi/ns-shellapi-shellexecuteinfoa.md
shellexecuteinfoa	nShow	8	corpus/win32/api/shellapi/ns-shellapi-shellexecuteinfoa.md
shellexecuteinfoa	hInstApp	9	corpus/win32/api/shellapi/ns-shellapi-shellexecuteinfoa.md
shellexecuteinfoa	lpIDList	10	corpus/win32/api/shellapi/ns-shellapi-shellexecuteinfoa.md
shellexecuteinfoa	lpClass	11	corpus/win32/api/shellapi/ns-shellapi-shellexecuteinfoa.md
shellexecuteinfoa	hkeyClass	12	corpus/win32/api/shellapi/ns-shellapi-shellexecuteinfoa.md
shellexecuteinfoa	dwHotKey	13	corpus/win32/api/shellapi/ns-shellapi-shellexecuteinfoa.md
shellexecuteinfoa	DUMMYUNIONNAME	14	corpus/win32/api/shellapi/ns-shellapi-shellexecuteinfoa.md
shellexecuteinfoa	hProcess	15	corpus/win32/api/shellapi/ns-shellapi-shellexecuteinfoa.md
shellexecuteinfow	cbSize	1	corpus/win32/api/shellapi/ns-shellapi-shellexecuteinfow.md
shellexecuteinfow	fMask	2	corpus/win32/api/shellapi/ns-shellapi-shellexecuteinfow.md
shellexecuteinfow	hwnd	3	corpus/win32/api/shellapi/ns-shellapi-shellexecuteinfow.md
shellexecuteinfow	lpVerb	4	corpus/win32/api/shellapi/ns-shellapi-shellexecuteinfow.md
shellexecuteinfow	lpFile	5	corpus/win32/api/shellapi/ns-shellapi-shellexecuteinfow.md
shellexecuteinfow	lpParameters	6	corpus/win32/api/shellapi/ns-shellapi-shellexecuteinfow.md
shellexecuteinfow	lpDirectory	7	corpus/win32/api/shellapi/ns-shellapi-shellexecuteinfow.md
shellexecuteinfow	nShow	8	corpus/win32/api/shellapi/ns-shellapi-shellexecuteinfow.md
shellexecuteinfow	hInstApp	9	corpus/win32/api/shellapi/ns-shellapi-shellexecuteinfow.md
shellexecuteinfow	lpIDList	10	corpus/win32/api/shellapi/ns-shellapi-shellexecuteinfow.md
shellexecuteinfow	lpClass	11	corpus/win32/api/shellapi/ns-shellapi-shellexecuteinfow.md
shellexecuteinfow	hkeyClass	12	corpus/win32/api/shellapi/ns-shellapi-shellexecuteinfow.md
shellexecuteinfow	dwHotKey	13	corpus/win32/api/shellapi/ns-shellapi-shellexecuteinfow.md
shellexecuteinfow	DUMMYUNIONNAME	14	corpus/win32/api/shellapi/ns-shellapi-shellexecuteinfow.md
shellexecuteinfow	hProcess	15	corpus/win32/api/shellapi/ns-shellapi-shellexecuteinfow.md
shfileinfoa	hIcon	1	corpus/win32/api/shellapi/ns-shellapi-shfileinfoa.md
shfileinfoa	iIcon	2	corpus/win32/api/shellapi/ns-shellapi-shfileinfoa.md
shfileinfoa	dwAttributes	3	corpus/win32/api/shellapi/ns-shellapi-shfileinfoa.md
shfileinfoa	szDisplayName	4	corpus/win32/api/shellapi/ns-shellapi-shfileinfoa.md
shfileinfoa	szTypeName	5	corpus/win32/api/shellapi/ns-shellapi-shfileinfoa.md
shfileinfow	hIcon	1	corpus/win32/api/shellapi/ns-shellapi-shfileinfow.md
shfileinfow	iIcon	2	corpus/win32/api/shellapi/ns-shellapi-shfileinfow.md
shfileinfow	dwAttributes	3	corpus/win32/api/shellapi/ns-shellapi-shfileinfow.md
shfileinfow	szDisplayName	4	corpus/win32/api/shellapi/ns-shellapi-shfileinfow.md
shfileinfow	szTypeName	5	corpus/win32/api/shellapi/ns-shellapi-shfileinfow.md
shfileopstructa	hwnd	1	corpus/win32/api/shellapi/ns-shellapi-shfileopstructa.md
shfileopstructa	wFunc	2	corpus/win32/api/shellapi/ns-shellapi-shfileopstructa.md
shfileopstructa	pFrom	3	corpus/win32/api/shellapi/ns-shellapi-shfileopstructa.md
shfileopstructa	pTo	4	corpus/win32/api/shellapi/ns-shellapi-shfileopstructa.md
shfileopstructa	fFlags	5	corpus/win32/api/shellapi/ns-shellapi-shfileopstructa.md
shfileopstructa	fAnyOperationsAborted	6	corpus/win32/api/shellapi/ns-shellapi-shfileopstructa.md
shfileopstructa	hNameMappings	7	corpus/win32/api/shellapi/ns-shellapi-shfileopstructa.md
shfileopstructa	lpszProgressTitle	8	corpus/win32/api/shellapi/ns-shellapi-shfileopstructa.md
shfileopstructw	hwnd	1	corpus/win32/api/shellapi/ns-shellapi-shfileopstructw.md
shfileopstructw	wFunc	2	corpus/win32/api/shellapi/ns-shellapi-shfileopstructw.md
shfileopstructw	pFrom	3	corpus/win32/api/shellapi/ns-shellapi-shfileopstructw.md
shfileopstructw	pTo	4	corpus/win32/api/shellapi/ns-shellapi-shfileopstructw.md
shfileopstructw	fFlags	5	corpus/win32/api/shellapi/ns-shellapi-shfileopstructw.md
shfileopstructw	fAnyOperationsAborted	6	corpus/win32/api/shellapi/ns-shellapi-shfileopstructw.md
shfileopstructw	hNameMappings	7	corpus/win32/api/shellapi/ns-shellapi-shfileopstructw.md
shfileopstructw	lpszProgressTitle	8	corpus/win32/api/shellapi/ns-shellapi-shfileopstructw.md
shitemid	cb	1	corpus/win32/api/shtypes/ns-shtypes-shitemid.md
shitemid	abID	2	corpus/win32/api/shtypes/ns-shtypes-shitemid.md
size	cx	1	corpus/win32/api/windef/ns-windef-size.md
size	cy	2	corpus/win32/api/windef/ns-windef-size.md
snmpvarbind	name	1	corpus/win32/api/snmp/ns-snmp-snmpvarbind.md
snmpvarbind	value	2	corpus/win32/api/snmp/ns-snmp-snmpvarbind.md
snmpvarbindlist	list	1	corpus/win32/api/snmp/ns-snmp-snmpvarbindlist.md
snmpvarbindlist	len	2	corpus/win32/api/snmp/ns-snmp-snmpvarbindlist.md
sockaddr	sa_family	1	corpus/win32/api/winsock/ns-winsock-sockaddr.md
sockaddr	sa_data	2	corpus/win32/api/winsock/ns-winsock-sockaddr.md
sockaddr_bth	addressFamily	1	corpus/win32/api/ws2bth/ns-ws2bth-sockaddr_bth.md
sockaddr_bth	btAddr	2	corpus/win32/api/ws2bth/ns-ws2bth-sockaddr_bth.md
sockaddr_bth	serviceClassId	3	corpus/win32/api/ws2bth/ns-ws2bth-sockaddr_bth.md
sockaddr_bth	port	4	corpus/win32/api/ws2bth/ns-ws2bth-sockaddr_bth.md
sockaddr_in	sin_family	1	corpus/win32/api/winsock/ns-winsock-sockaddr_in.md
sockaddr_in	sin_addr	2	corpus/win32/api/winsock/ns-winsock-sockaddr_in.md
sockaddr_in	sin_port	3	corpus/win32/api/winsock/ns-winsock-sockaddr_in.md
sockaddr_in	sin_zero	4	corpus/win32/api/winsock/ns-winsock-sockaddr_in.md
sockaddr_irda	irdaAddressFamily	1	corpus/win32/api/af_irda/ns-af_irda-sockaddr_irda.md
sockaddr_irda	irdaDeviceID	2	corpus/win32/api/af_irda/ns-af_irda-sockaddr_irda.md
sockaddr_irda	irdaServiceName	3	corpus/win32/api/af_irda/ns-af_irda-sockaddr_irda.md
socket_address	lpSockaddr	1	corpus/win32/api/ws2def/ns-ws2def-socket_address.md
socket_address	iSockaddrLength	2	corpus/win32/api/ws2def/ns-ws2def-socket_address.md
sole_authentication_service	dwAuthnSvc	1	corpus/win32/api/objidl/ns-objidl-sole_authentication_service.md
sole_authentication_service	dwAuthzSvc	2	corpus/win32/api/objidl/ns-objidl-sole_authentication_service.md
sole_authentication_service	pPrincipalName	3	corpus/win32/api/objidl/ns-objidl-sole_authentication_service.md
sole_authentication_service	hr	4	corpus/win32/api/objidl/ns-objidl-sole_authentication_service.md
soundsentrya	cbSize	1	corpus/win32/api/winuser/ns-winuser-soundsentrya.md
soundsentrya	dwFlags	2	corpus/win32/api/winuser/ns-winuser-soundsentrya.md
soundsentrya	iFSTextEffect	3	corpus/win32/api/winuser/ns-winuser-soundsentrya.md
soundsentrya	iFSTextEffectMSec	4	corpus/win32/api/winuser/ns-winuser-soundsentrya.md
soundsentrya	iFSTextEffectColorBits	5	corpus/win32/api/winuser/ns-winuser-soundsentrya.md
soundsentrya	iFSGrafEffect	6	corpus/win32/api/winuser/ns-winuser-soundsentrya.md
soundsentrya	iFSGrafEffectMSec	7	corpus/win32/api/winuser/ns-winuser-soundsentrya.md
soundsentrya	iFSGrafEffectColor	8	corpus/win32/api/winuser/ns-winuser-soundsentrya.md
soundsentrya	iWindowsEffect	9	corpus/win32/api/winuser/ns-winuser-soundsentrya.md
soundsentrya	iWindowsEffectMSec	10	corpus/win32/api/winuser/ns-winuser-soundsentrya.md
soundsentrya	lpszWindowsEffectDLL	11	corpus/win32/api/winuser/ns-winuser-soundsentrya.md
soundsentrya	iWindowsEffectOrdinal	12	corpus/win32/api/winuser/ns-winuser-soundsentrya.md
soundsentryw	cbSize	1	corpus/win32/api/winuser/ns-winuser-soundsentryw.md
soundsentryw	dwFlags	2	corpus/win32/api/winuser/ns-winuser-soundsentryw.md
soundsentryw	iFSTextEffect	3	corpus/win32/api/winuser/ns-winuser-soundsentryw.md
soundsentryw	iFSTextEffectMSec	4	corpus/win32/api/winuser/ns-winuser-soundsentryw.md
soundsentryw	iFSTextEffectColorBits	5	corpus/win32/api/winuser/ns-winuser-soundsentryw.md
soundsentryw	iFSGrafEffect	6	corpus/win32/api/winuser/ns-winuser-soundsentryw.md
soundsentryw	iFSGrafEffectMSec	7	corpus/win32/api/winuser/ns-winuser-soundsentryw.md
soundsentryw	iFSGrafEffectColor	8	corpus/win32/api/winuser/ns-winuser-soundsentryw.md
soundsentryw	iWindowsEffect	9	corpus/win32/api/winuser/ns-winuser-soundsentryw.md
soundsentryw	iWindowsEffectMSec	10	corpus/win32/api/winuser/ns-winuser-soundsentryw.md
soundsentryw	lpszWindowsEffectDLL	11	corpus/win32/api/winuser/ns-winuser-soundsentryw.md
soundsentryw	iWindowsEffectOrdinal	12	corpus/win32/api/winuser/ns-winuser-soundsentryw.md
startupinfoa	cb	1	corpus/win32/api/processthreadsapi/ns-processthreadsapi-startupinfoa.md
startupinfoa	lpReserved	2	corpus/win32/api/processthreadsapi/ns-processthreadsapi-startupinfoa.md
startupinfoa	lpDesktop	3	corpus/win32/api/processthreadsapi/ns-processthreadsapi-startupinfoa.md
startupinfoa	lpTitle	4	corpus/win32/api/processthreadsapi/ns-processthreadsapi-startupinfoa.md
startupinfoa	dwX	5	corpus/win32/api/processthreadsapi/ns-processthreadsapi-startupinfoa.md
startupinfoa	dwY	6	corpus/win32/api/processthreadsapi/ns-processthreadsapi-startupinfoa.md
startupinfoa	dwXSize	7	corpus/win32/api/processthreadsapi/ns-processthreadsapi-startupinfoa.md
startupinfoa	dwYSize	8	corpus/win32/api/processthreadsapi/ns-processthreadsapi-startupinfoa.md
startupinfoa	dwXCountChars	9	corpus/win32/api/processthreadsapi/ns-processthreadsapi-startupinfoa.md
startupinfoa	dwYCountChars	10	corpus/win32/api/processthreadsapi/ns-processthreadsapi-startupinfoa.md
startupinfoa	dwFillAttribute	11	corpus/win32/api/processthreadsapi/ns-processthreadsapi-startupinfoa.md
startupinfoa	dwFlags	12	corpus/win32/api/processthreadsapi/ns-processthreadsapi-startupinfoa.md
startupinfoa	wShowWindow	13	corpus/win32/api/processthreadsapi/ns-processthreadsapi-startupinfoa.md
startupinfoa	cbReserved2	14	corpus/win32/api/processthreadsapi/ns-processthreadsapi-startupinfoa.md
startupinfoa	lpReserved2	15	corpus/win32/api/processthreadsapi/ns-processthreadsapi-startupinfoa.md
startupinfoa	hStdInput	16	corpus/win32/api/processthreadsapi/ns-processthreadsapi-startupinfoa.md
startupinfoa	hStdOutput	17	corpus/win32/api/processthreadsapi/ns-processthreadsapi-startupinfoa.md
startupinfoa	hStdError	18	corpus/win32/api/processthreadsapi/ns-processthreadsapi-startupinfoa.md
startupinfow	cb	1	corpus/win32/api/processthreadsapi/ns-processthreadsapi-startupinfow.md
startupinfow	lpReserved	2	corpus/win32/api/processthreadsapi/ns-processthreadsapi-startupinfow.md
startupinfow	lpDesktop	3	corpus/win32/api/processthreadsapi/ns-processthreadsapi-startupinfow.md
startupinfow	lpTitle	4	corpus/win32/api/processthreadsapi/ns-processthreadsapi-startupinfow.md
startupinfow	dwX	5	corpus/win32/api/processthreadsapi/ns-processthreadsapi-startupinfow.md
startupinfow	dwY	6	corpus/win32/api/processthreadsapi/ns-processthreadsapi-startupinfow.md
startupinfow	dwXSize	7	corpus/win32/api/processthreadsapi/ns-processthreadsapi-startupinfow.md
startupinfow	dwYSize	8	corpus/win32/api/processthreadsapi/ns-processthreadsapi-startupinfow.md
startupinfow	dwXCountChars	9	corpus/win32/api/processthreadsapi/ns-processthreadsapi-startupinfow.md
startupinfow	dwYCountChars	10	corpus/win32/api/processthreadsapi/ns-processthreadsapi-startupinfow.md
startupinfow	dwFillAttribute	11	corpus/win32/api/processthreadsapi/ns-processthreadsapi-startupinfow.md
startupinfow	dwFlags	12	corpus/win32/api/processthreadsapi/ns-processthreadsapi-startupinfow.md
startupinfow	wShowWindow	13	corpus/win32/api/processthreadsapi/ns-processthreadsapi-startupinfow.md
startupinfow	cbReserved2	14	corpus/win32/api/processthreadsapi/ns-processthreadsapi-startupinfow.md
startupinfow	lpReserved2	15	corpus/win32/api/processthreadsapi/ns-processthreadsapi-startupinfow.md
startupinfow	hStdInput	16	corpus/win32/api/processthreadsapi/ns-processthreadsapi-startupinfow.md
startupinfow	hStdOutput	17	corpus/win32/api/processthreadsapi/ns-processthreadsapi-startupinfow.md
startupinfow	hStdError	18	corpus/win32/api/processthreadsapi/ns-processthreadsapi-startupinfow.md
statdata	formatetc	1	corpus/win32/api/objidl/ns-objidl-statdata.md
statdata	advf	2	corpus/win32/api/objidl/ns-objidl-statdata.md
statdata	pAdvSink	3	corpus/win32/api/objidl/ns-objidl-statdata.md
statdata	dwConnection	4	corpus/win32/api/objidl/ns-objidl-statdata.md
statstg	pwcsName	1	corpus/win32/api/objidl/ns-objidl-statstg.md
statstg	type	2	corpus/win32/api/objidl/ns-objidl-statstg.md
statstg	cbSize	3	corpus/win32/api/objidl/ns-objidl-statstg.md
statstg	mtime	4	corpus/win32/api/objidl/ns-objidl-statstg.md
statstg	ctime	5	corpus/win32/api/objidl/ns-objidl-statstg.md
statstg	atime	6	corpus/win32/api/objidl/ns-objidl-statstg.md
statstg	grfMode	7	corpus/win32/api/objidl/ns-objidl-statstg.md
statstg	grfLocksSupported	8	corpus/win32/api/objidl/ns-objidl-statstg.md
statstg	clsid	9	corpus/win32/api/objidl/ns-objidl-statstg.md
statstg	grfStateBits	10	corpus/win32/api/objidl/ns-objidl-statstg.md
statstg	reserved	11	corpus/win32/api/objidl/ns-objidl-statstg.md
stickykeys	cbSize	1	corpus/win32/api/winuser/ns-winuser-stickykeys.md
stickykeys	dwFlags	2	corpus/win32/api/winuser/ns-winuser-stickykeys.md
string	Length	1	corpus/win32/api/ntdef/ns-ntdef-string.md
string	MaximumLength	2	corpus/win32/api/ntdef/ns-ntdef-string.md
string	Buffer	3	corpus/win32/api/ntdef/ns-ntdef-string.md
strobj	cGlyphs	1	corpus/win32/api/winddi/ns-winddi-strobj.md
strobj	flAccel	2	corpus/win32/api/winddi/ns-winddi-strobj.md
strobj	ulCharInc	3	corpus/win32/api/winddi/ns-winddi-strobj.md
strobj	rclBkGround	4	corpus/win32/api/winddi/ns-winddi-strobj.md
strobj	pgp	5	corpus/win32/api/winddi/ns-winddi-strobj.md
strobj	pwszOrg	6	corpus/win32/api/winddi/ns-winddi-strobj.md
strret	uType	1	corpus/win32/api/shtypes/ns-shtypes-strret.md
strret	DUMMYUNIONNAME	2	corpus/win32/api/shtypes/ns-shtypes-strret.md
stylebufa	dwStyle	1	corpus/win32/api/imm/ns-imm-stylebufa.md
stylebufa	szDescription	2	corpus/win32/api/imm/ns-imm-stylebufa.md
stylebufw	dwStyle	1	corpus/win32/api/imm/ns-imm-stylebufw.md
stylebufw	szDescription	2	corpus/win32/api/imm/ns-imm-stylebufw.md
stylestruct	styleOld	1	corpus/win32/api/winuser/ns-winuser-stylestruct.md
stylestruct	styleNew	2	corpus/win32/api/winuser/ns-winuser-stylestruct.md
surfobj	dhsurf	1	corpus/win32/api/winddi/ns-winddi-surfobj.md
surfobj	hsurf	2	corpus/win32/api/winddi/ns-winddi-surfobj.md
surfobj	dhpdev	3	corpus/win32/api/winddi/ns-winddi-surfobj.md
surfobj	hdev	4	corpus/win32/api/winddi/ns-winddi-surfobj.md
surfobj	sizlBitmap	5	corpus/win32/api/winddi/ns-winddi-surfobj.md
surfobj	cjBits	6	corpus/win32/api/winddi/ns-winddi-surfobj.md
surfobj	pvBits	7	corpus/win32/api/winddi/ns-winddi-surfobj.md
surfobj	pvScan0	8	corpus/win32/api/winddi/ns-winddi-surfobj.md
surfobj	lDelta	9	corpus/win32/api/winddi/ns-winddi-surfobj.md
surfobj	iUniq	10	corpus/win32/api/winddi/ns-winddi-surfobj.md
surfobj	iBitmapFormat	11	corpus/win32/api/winddi/ns-winddi-surfobj.md
surfobj	iType	12	corpus/win32/api/winddi/ns-winddi-surfobj.md
surfobj	fjBitmap	13	corpus/win32/api/winddi/ns-winddi-surfobj.md
syskind	SYS_WIN32	1	corpus/win32/api/oaidl/ne-oaidl-syskind.md
syskind	SYS_MAC	2	corpus/win32/api/oaidl/ne-oaidl-syskind.md
syskind	SYS_WIN64	3	corpus/win32/api/oaidl/ne-oaidl-syskind.md
system_info	DUMMYUNIONNAME	1	corpus/win32/api/sysinfoapi/ns-sysinfoapi-system_info.md
system_info	dwPageSize	2	corpus/win32/api/sysinfoapi/ns-sysinfoapi-system_info.md
system_info	lpMinimumApplicationAddress	3	corpus/win32/api/sysinfoapi/ns-sysinfoapi-system_info.md
system_info	lpMaximumApplicationAddress	4	corpus/win32/api/sysinfoapi/ns-sysinfoapi-system_info.md
system_info	dwActiveProcessorMask	5	corpus/win32/api/sysinfoapi/ns-sysinfoapi-system_info.md
system_info	dwNumberOfProcessors	6	corpus/win32/api/sysinfoapi/ns-sysinfoapi-system_info.md
system_info	dwProcessorType	7	corpus/win32/api/sysinfoapi/ns-sysinfoapi-system_info.md
system_info	dwAllocationGranularity	8	corpus/win32/api/sysinfoapi/ns-sysinfoapi-system_info.md
system_info	wProcessorLevel	9	corpus/win32/api/sysinfoapi/ns-sysinfoapi-system_info.md
system_info	wProcessorRevision	10	corpus/win32/api/sysinfoapi/ns-sysinfoapi-system_info.md
systemtime	wYear	1	corpus/win32/api/minwinbase/ns-minwinbase-systemtime.md
systemtime	wMonth	2	corpus/win32/api/minwinbase/ns-minwinbase-systemtime.md
systemtime	wDayOfWeek	3	corpus/win32/api/minwinbase/ns-minwinbase-systemtime.md
systemtime	wDay	4	corpus/win32/api/minwinbase/ns-minwinbase-systemtime.md
systemtime	wHour	5	corpus/win32/api/minwinbase/ns-minwinbase-systemtime.md
systemtime	wMinute	6	corpus/win32/api/minwinbase/ns-minwinbase-systemtime.md
systemtime	wSecond	7	corpus/win32/api/minwinbase/ns-minwinbase-systemtime.md
systemtime	wMilliseconds	8	corpus/win32/api/minwinbase/ns-minwinbase-systemtime.md
tbaddbitmap	hInst	1	corpus/win32/api/commctrl/ns-commctrl-tbaddbitmap.md
tbaddbitmap	nID	2	corpus/win32/api/commctrl/ns-commctrl-tbaddbitmap.md
tbbutton	iBitmap	1	corpus/win32/api/commctrl/ns-commctrl-tbbutton.md
tbbutton	idCommand	2	corpus/win32/api/commctrl/ns-commctrl-tbbutton.md
tbbutton	fsState	3	corpus/win32/api/commctrl/ns-commctrl-tbbutton.md
tbbutton	fsStyle	4	corpus/win32/api/commctrl/ns-commctrl-tbbutton.md
tbbutton	bReserved	5	corpus/win32/api/commctrl/ns-commctrl-tbbutton.md
tbbutton	dwData	6	corpus/win32/api/commctrl/ns-commctrl-tbbutton.md
tbbutton	iString	7	corpus/win32/api/commctrl/ns-commctrl-tbbutton.md
tbbuttoninfoa	cbSize	1	corpus/win32/api/commctrl/ns-commctrl-tbbuttoninfoa.md
tbbuttoninfoa	dwMask	2	corpus/win32/api/commctrl/ns-commctrl-tbbuttoninfoa.md
tbbuttoninfoa	idCommand	3	corpus/win32/api/commctrl/ns-commctrl-tbbuttoninfoa.md
tbbuttoninfoa	iImage	4	corpus/win32/api/commctrl/ns-commctrl-tbbuttoninfoa.md
tbbuttoninfoa	fsState	5	corpus/win32/api/commctrl/ns-commctrl-tbbuttoninfoa.md
tbbuttoninfoa	fsStyle	6	corpus/win32/api/commctrl/ns-commctrl-tbbuttoninfoa.md
tbbuttoninfoa	cx	7	corpus/win32/api/commctrl/ns-commctrl-tbbuttoninfoa.md
tbbuttoninfoa	lParam	8	corpus/win32/api/commctrl/ns-commctrl-tbbuttoninfoa.md
tbbuttoninfoa	pszText	9	corpus/win32/api/commctrl/ns-commctrl-tbbuttoninfoa.md
tbbuttoninfoa	cchText	10	corpus/win32/api/commctrl/ns-commctrl-tbbuttoninfoa.md
tbbuttoninfow	cbSize	1	corpus/win32/api/commctrl/ns-commctrl-tbbuttoninfow.md
tbbuttoninfow	dwMask	2	corpus/win32/api/commctrl/ns-commctrl-tbbuttoninfow.md
tbbuttoninfow	idCommand	3	corpus/win32/api/commctrl/ns-commctrl-tbbuttoninfow.md
tbbuttoninfow	iImage	4	corpus/win32/api/commctrl/ns-commctrl-tbbuttoninfow.md
tbbuttoninfow	fsState	5	corpus/win32/api/commctrl/ns-commctrl-tbbuttoninfow.md
tbbuttoninfow	fsStyle	6	corpus/win32/api/commctrl/ns-commctrl-tbbuttoninfow.md
tbbuttoninfow	cx	7	corpus/win32/api/commctrl/ns-commctrl-tbbuttoninfow.md
tbbuttoninfow	lParam	8	corpus/win32/api/commctrl/ns-commctrl-tbbuttoninfow.md
tbbuttoninfow	pszText	9	corpus/win32/api/commctrl/ns-commctrl-tbbuttoninfow.md
tbbuttoninfow	cchText	10	corpus/win32/api/commctrl/ns-commctrl-tbbuttoninfow.md
tbreplacebitmap	hInstOld	1	corpus/win32/api/commctrl/ns-commctrl-tbreplacebitmap.md
tbreplacebitmap	nIDOld	2	corpus/win32/api/commctrl/ns-commctrl-tbreplacebitmap.md
tbreplacebitmap	hInstNew	3	corpus/win32/api/commctrl/ns-commctrl-tbreplacebitmap.md
tbreplacebitmap	nIDNew	4	corpus/win32/api/commctrl/ns-commctrl-tbreplacebitmap.md
tbreplacebitmap	nButtons	5	corpus/win32/api/commctrl/ns-commctrl-tbreplacebitmap.md
tchittestinfo	pt	1	corpus/win32/api/commctrl/ns-commctrl-tchittestinfo.md
tchittestinfo	flags	2	corpus/win32/api/commctrl/ns-commctrl-tchittestinfo.md
tcitema	mask	1	corpus/win32/api/commctrl/ns-commctrl-tcitema.md
tcitema	dwState	2	corpus/win32/api/commctrl/ns-commctrl-tcitema.md
tcitema	dwStateMask	3	corpus/win32/api/commctrl/ns-commctrl-tcitema.md
tcitema	pszText	4	corpus/win32/api/commctrl/ns-commctrl-tcitema.md
tcitema	cchTextMax	5	corpus/win32/api/commctrl/ns-commctrl-tcitema.md
tcitema	iImage	6	corpus/win32/api/commctrl/ns-commctrl-tcitema.md
tcitema	lParam	7	corpus/win32/api/commctrl/ns-commctrl-tcitema.md
tcitemheadera	mask	1	corpus/win32/api/commctrl/ns-commctrl-tcitemheadera.md
tcitemheadera	lpReserved1	2	corpus/win32/api/commctrl/ns-commctrl-tcitemheadera.md
tcitemheadera	lpReserved2	3	corpus/win32/api/commctrl/ns-commctrl-tcitemheadera.md
tcitemheadera	pszText	4	corpus/win32/api/commctrl/ns-commctrl-tcitemheadera.md
tcitemheadera	cchTextMax	5	corpus/win32/api/commctrl/ns-commctrl-tcitemheadera.md
tcitemheadera	iImage	6	corpus/win32/api/commctrl/ns-commctrl-tcitemheadera.md
tcitemheaderw	mask	1	corpus/win32/api/commctrl/ns-commctrl-tcitemheaderw.md
tcitemheaderw	lpReserved1	2	corpus/win32/api/commctrl/ns-commctrl-tcitemheaderw.md
tcitemheaderw	lpReserved2	3	corpus/win32/api/commctrl/ns-commctrl-tcitemheaderw.md
tcitemheaderw	pszText	4	corpus/win32/api/commctrl/ns-commctrl-tcitemheaderw.md
tcitemheaderw	cchTextMax	5	corpus/win32/api/commctrl/ns-commctrl-tcitemheaderw.md
tcitemheaderw	iImage	6	corpus/win32/api/commctrl/ns-commctrl-tcitemheaderw.md
tcitemw	mask	1	corpus/win32/api/commctrl/ns-commctrl-tcitemw.md
tcitemw	dwState	2	corpus/win32/api/commctrl/ns-commctrl-tcitemw.md
tcitemw	dwStateMask	3	corpus/win32/api/commctrl/ns-commctrl-tcitemw.md
tcitemw	pszText	4	corpus/win32/api/commctrl/ns-commctrl-tcitemw.md
tcitemw	cchTextMax	5	corpus/win32/api/commctrl/ns-commctrl-tcitemw.md
tcitemw	iImage	6	corpus/win32/api/commctrl/ns-commctrl-tcitemw.md
tcitemw	lParam	7	corpus/win32/api/commctrl/ns-commctrl-tcitemw.md
textmetrica	tmHeight	1	corpus/win32/api/wingdi/ns-wingdi-textmetrica.md
textmetrica	tmAscent	2	corpus/win32/api/wingdi/ns-wingdi-textmetrica.md
textmetrica	tmDescent	3	corpus/win32/api/wingdi/ns-wingdi-textmetrica.md
textmetrica	tmInternalLeading	4	corpus/win32/api/wingdi/ns-wingdi-textmetrica.md
textmetrica	tmExternalLeading	5	corpus/win32/api/wingdi/ns-wingdi-textmetrica.md
textmetrica	tmAveCharWidth	6	corpus/win32/api/wingdi/ns-wingdi-textmetrica.md
textmetrica	tmMaxCharWidth	7	corpus/win32/api/wingdi/ns-wingdi-textmetrica.md
textmetrica	tmWeight	8	corpus/win32/api/wingdi/ns-wingdi-textmetrica.md
textmetrica	tmOverhang	9	corpus/win32/api/wingdi/ns-wingdi-textmetrica.md
textmetrica	tmDigitizedAspectX	10	corpus/win32/api/wingdi/ns-wingdi-textmetrica.md
textmetrica	tmDigitizedAspectY	11	corpus/win32/api/wingdi/ns-wingdi-textmetrica.md
textmetrica	tmFirstChar	12	corpus/win32/api/wingdi/ns-wingdi-textmetrica.md
textmetrica	tmLastChar	13	corpus/win32/api/wingdi/ns-wingdi-textmetrica.md
textmetrica	tmDefaultChar	14	corpus/win32/api/wingdi/ns-wingdi-textmetrica.md
textmetrica	tmBreakChar	15	corpus/win32/api/wingdi/ns-wingdi-textmetrica.md
textmetrica	tmItalic	16	corpus/win32/api/wingdi/ns-wingdi-textmetrica.md
textmetrica	tmUnderlined	17	corpus/win32/api/wingdi/ns-wingdi-textmetrica.md
textmetrica	tmStruckOut	18	corpus/win32/api/wingdi/ns-wingdi-textmetrica.md
textmetrica	tmPitchAndFamily	19	corpus/win32/api/wingdi/ns-wingdi-textmetrica.md
textmetrica	tmCharSet	20	corpus/win32/api/wingdi/ns-wingdi-textmetrica.md
textmetricw	tmHeight	1	corpus/win32/api/wingdi/ns-wingdi-textmetricw.md
textmetricw	tmAscent	2	corpus/win32/api/wingdi/ns-wingdi-textmetricw.md
textmetricw	tmDescent	3	corpus/win32/api/wingdi/ns-wingdi-textmetricw.md
textmetricw	tmInternalLeading	4	corpus/win32/api/wingdi/ns-wingdi-textmetricw.md
textmetricw	tmExternalLeading	5	corpus/win32/api/wingdi/ns-wingdi-textmetricw.md
textmetricw	tmAveCharWidth	6	corpus/win32/api/wingdi/ns-wingdi-textmetricw.md
textmetricw	tmMaxCharWidth	7	corpus/win32/api/wingdi/ns-wingdi-textmetricw.md
textmetricw	tmWeight	8	corpus/win32/api/wingdi/ns-wingdi-textmetricw.md
textmetricw	tmOverhang	9	corpus/win32/api/wingdi/ns-wingdi-textmetricw.md
textmetricw	tmDigitizedAspectX	10	corpus/win32/api/wingdi/ns-wingdi-textmetricw.md
textmetricw	tmDigitizedAspectY	11	corpus/win32/api/wingdi/ns-wingdi-textmetricw.md
textmetricw	tmFirstChar	12	corpus/win32/api/wingdi/ns-wingdi-textmetricw.md
textmetricw	tmLastChar	13	corpus/win32/api/wingdi/ns-wingdi-textmetricw.md
textmetricw	tmDefaultChar	14	corpus/win32/api/wingdi/ns-wingdi-textmetricw.md
textmetricw	tmBreakChar	15	corpus/win32/api/wingdi/ns-wingdi-textmetricw.md
textmetricw	tmItalic	16	corpus/win32/api/wingdi/ns-wingdi-textmetricw.md
textmetricw	tmUnderlined	17	corpus/win32/api/wingdi/ns-wingdi-textmetricw.md
textmetricw	tmStruckOut	18	corpus/win32/api/wingdi/ns-wingdi-textmetricw.md
textmetricw	tmPitchAndFamily	19	corpus/win32/api/wingdi/ns-wingdi-textmetricw.md
textmetricw	tmCharSet	20	corpus/win32/api/wingdi/ns-wingdi-textmetricw.md
threadentry32	dwSize	1	corpus/win32/api/tlhelp32/ns-tlhelp32-threadentry32.md
threadentry32	cntUsage	2	corpus/win32/api/tlhelp32/ns-tlhelp32-threadentry32.md
threadentry32	th32ThreadID	3	corpus/win32/api/tlhelp32/ns-tlhelp32-threadentry32.md
threadentry32	th32OwnerProcessID	4	corpus/win32/api/tlhelp32/ns-tlhelp32-threadentry32.md
threadentry32	tpBasePri	5	corpus/win32/api/tlhelp32/ns-tlhelp32-threadentry32.md
threadentry32	tpDeltaPri	6	corpus/win32/api/tlhelp32/ns-tlhelp32-threadentry32.md
threadentry32	dwFlags	7	corpus/win32/api/tlhelp32/ns-tlhelp32-threadentry32.md
time_zone_information	Bias	1	corpus/win32/api/timezoneapi/ns-timezoneapi-time_zone_information.md
time_zone_information	StandardName	2	corpus/win32/api/timezoneapi/ns-timezoneapi-time_zone_information.md
time_zone_information	StandardDate	3	corpus/win32/api/timezoneapi/ns-timezoneapi-time_zone_information.md
time_zone_information	StandardBias	4	corpus/win32/api/timezoneapi/ns-timezoneapi-time_zone_information.md
time_zone_information	DaylightName	5	corpus/win32/api/timezoneapi/ns-timezoneapi-time_zone_information.md
time_zone_information	DaylightDate	6	corpus/win32/api/timezoneapi/ns-timezoneapi-time_zone_information.md
time_zone_information	DaylightBias	7	corpus/win32/api/timezoneapi/ns-timezoneapi-time_zone_information.md
timecaps	wPeriodMin	1	corpus/win32/api/timeapi/ns-timeapi-timecaps.md
timecaps	wPeriodMax	2	corpus/win32/api/timeapi/ns-timeapi-timecaps.md
timecode	wFrameRate	1	corpus/win32/api/strmif/ns-strmif-timecode.md
timecode	wFrameFract	2	corpus/win32/api/strmif/ns-strmif-timecode.md
timecode	dwFrames	3	corpus/win32/api/strmif/ns-strmif-timecode.md
timecode_sample	qwTick	1	corpus/win32/api/strmif/ns-strmif-timecode_sample.md
timecode_sample	timecode	2	corpus/win32/api/strmif/ns-strmif-timecode_sample.md
timecode_sample	dwUser	3	corpus/win32/api/strmif/ns-strmif-timecode_sample.md
timecode_sample	dwFlags	4	corpus/win32/api/strmif/ns-strmif-timecode_sample.md
timeval	tv_sec	1	corpus/win32/api/winsock/ns-winsock-timeval.md
timeval	tv_usec	2	corpus/win32/api/winsock/ns-winsock-timeval.md
tlibattr	guid	1	corpus/win32/api/oaidl/ns-oaidl-tlibattr.md
tlibattr	lcid	2	corpus/win32/api/oaidl/ns-oaidl-tlibattr.md
tlibattr	syskind	3	corpus/win32/api/oaidl/ns-oaidl-tlibattr.md
tlibattr	wMajorVerNum	4	corpus/win32/api/oaidl/ns-oaidl-tlibattr.md
tlibattr	wMinorVerNum	5	corpus/win32/api/oaidl/ns-oaidl-tlibattr.md
tlibattr	wLibFlags	6	corpus/win32/api/oaidl/ns-oaidl-tlibattr.md
togglekeys	cbSize	1	corpus/win32/api/winuser/ns-winuser-togglekeys.md
togglekeys	dwFlags	2	corpus/win32/api/winuser/ns-winuser-togglekeys.md
tpmparams	cbSize	1	corpus/win32/api/winuser/ns-winuser-tpmparams.md
tpmparams	rcExclude	2	corpus/win32/api/winuser/ns-winuser-tpmparams.md
transmit_file_buffers	Head	1	corpus/win32/api/mswsock/ns-mswsock-transmit_file_buffers.md
transmit_file_buffers	HeadLength	2	corpus/win32/api/mswsock/ns-mswsock-transmit_file_buffers.md
transmit_file_buffers	Tail	3	corpus/win32/api/mswsock/ns-mswsock-transmit_file_buffers.md
transmit_file_buffers	TailLength	4	corpus/win32/api/mswsock/ns-mswsock-transmit_file_buffers.md
trivertex	x	1	corpus/win32/api/wingdi/ns-wingdi-trivertex.md
trivertex	y	2	corpus/win32/api/wingdi/ns-wingdi-trivertex.md
trivertex	Red	3	corpus/win32/api/wingdi/ns-wingdi-trivertex.md
trivertex	Green	4	corpus/win32/api/wingdi/ns-wingdi-trivertex.md
trivertex	Blue	5	corpus/win32/api/wingdi/ns-wingdi-trivertex.md
trivertex	Alpha	6	corpus/win32/api/wingdi/ns-wingdi-trivertex.md
truecolorinfo	dwBitMasks	1	corpus/win32/api/amvideo/ns-amvideo-truecolorinfo.md
truecolorinfo	bmiColors	2	corpus/win32/api/amvideo/ns-amvideo-truecolorinfo.md
tthittestinfoa	hwnd	1	corpus/win32/api/commctrl/ns-commctrl-tthittestinfoa.md
tthittestinfoa	pt	2	corpus/win32/api/commctrl/ns-commctrl-tthittestinfoa.md
tthittestinfoa	ti	3	corpus/win32/api/commctrl/ns-commctrl-tthittestinfoa.md
tthittestinfow	hwnd	1	corpus/win32/api/commctrl/ns-commctrl-tthittestinfow.md
tthittestinfow	pt	2	corpus/win32/api/commctrl/ns-commctrl-tthittestinfow.md
tthittestinfow	ti	3	corpus/win32/api/commctrl/ns-commctrl-tthittestinfow.md
tvhittestinfo	pt	1	corpus/win32/api/commctrl/ns-commctrl-tvhittestinfo.md
tvhittestinfo	flags	2	corpus/win32/api/commctrl/ns-commctrl-tvhittestinfo.md
tvhittestinfo	hItem	3	corpus/win32/api/commctrl/ns-commctrl-tvhittestinfo.md
tvinsertstructa	hParent	1	corpus/win32/api/commctrl/ns-commctrl-tvinsertstructa.md
tvinsertstructa	hInsertAfter	2	corpus/win32/api/commctrl/ns-commctrl-tvinsertstructa.md
tvinsertstructa	DUMMYUNIONNAME	3	corpus/win32/api/commctrl/ns-commctrl-tvinsertstructa.md
tvinsertstructw	hParent	1	corpus/win32/api/commctrl/ns-commctrl-tvinsertstructw.md
tvinsertstructw	hInsertAfter	2	corpus/win32/api/commctrl/ns-commctrl-tvinsertstructw.md
tvinsertstructw	DUMMYUNIONNAME	3	corpus/win32/api/commctrl/ns-commctrl-tvinsertstructw.md
tvitema	mask	1	corpus/win32/api/commctrl/ns-commctrl-tvitema.md
tvitema	hItem	2	corpus/win32/api/commctrl/ns-commctrl-tvitema.md
tvitema	state	3	corpus/win32/api/commctrl/ns-commctrl-tvitema.md
tvitema	stateMask	4	corpus/win32/api/commctrl/ns-commctrl-tvitema.md
tvitema	pszText	5	corpus/win32/api/commctrl/ns-commctrl-tvitema.md
tvitema	cchTextMax	6	corpus/win32/api/commctrl/ns-commctrl-tvitema.md
tvitema	iImage	7	corpus/win32/api/commctrl/ns-commctrl-tvitema.md
tvitema	iSelectedImage	8	corpus/win32/api/commctrl/ns-commctrl-tvitema.md
tvitema	cChildren	9	corpus/win32/api/commctrl/ns-commctrl-tvitema.md
tvitema	lParam	10	corpus/win32/api/commctrl/ns-commctrl-tvitema.md
tvitemw	mask	1	corpus/win32/api/commctrl/ns-commctrl-tvitemw.md
tvitemw	hItem	2	corpus/win32/api/commctrl/ns-commctrl-tvitemw.md
tvitemw	state	3	corpus/win32/api/commctrl/ns-commctrl-tvitemw.md
tvitemw	stateMask	4	corpus/win32/api/commctrl/ns-commctrl-tvitemw.md
tvitemw	pszText	5	corpus/win32/api/commctrl/ns-commctrl-tvitemw.md
tvitemw	cchTextMax	6	corpus/win32/api/commctrl/ns-commctrl-tvitemw.md
tvitemw	iImage	7	corpus/win32/api/commctrl/ns-commctrl-tvitemw.md
tvitemw	iSelectedImage	8	corpus/win32/api/commctrl/ns-commctrl-tvitemw.md
tvitemw	cChildren	9	corpus/win32/api/commctrl/ns-commctrl-tvitemw.md
tvitemw	lParam	10	corpus/win32/api/commctrl/ns-commctrl-tvitemw.md
tvsortcb	hParent	1	corpus/win32/api/commctrl/ns-commctrl-tvsortcb.md
tvsortcb	lpfnCompare	2	corpus/win32/api/commctrl/ns-commctrl-tvsortcb.md
tvsortcb	lParam	3	corpus/win32/api/commctrl/ns-commctrl-tvsortcb.md
typeattr	guid	1	corpus/win32/api/oaidl/ns-oaidl-typeattr.md
typeattr	lcid	2	corpus/win32/api/oaidl/ns-oaidl-typeattr.md
typeattr	dwReserved	3	corpus/win32/api/oaidl/ns-oaidl-typeattr.md
typeattr	memidConstructor	4	corpus/win32/api/oaidl/ns-oaidl-typeattr.md
typeattr	memidDestructor	5	corpus/win32/api/oaidl/ns-oaidl-typeattr.md
typeattr	lpstrSchema	6	corpus/win32/api/oaidl/ns-oaidl-typeattr.md
typeattr	cbSizeInstance	7	corpus/win32/api/oaidl/ns-oaidl-typeattr.md
typeattr	typekind	8	corpus/win32/api/oaidl/ns-oaidl-typeattr.md
typeattr	cFuncs	9	corpus/win32/api/oaidl/ns-oaidl-typeattr.md
typeattr	cVars	10	corpus/win32/api/oaidl/ns-oaidl-typeattr.md
typeattr	cImplTypes	11	corpus/win32/api/oaidl/ns-oaidl-typeattr.md
typeattr	cbSizeVft	12	corpus/win32/api/oaidl/ns-oaidl-typeattr.md
typeattr	cbAlignment	13	corpus/win32/api/oaidl/ns-oaidl-typeattr.md
typeattr	wTypeFlags	14	corpus/win32/api/oaidl/ns-oaidl-typeattr.md
typeattr	wMajorVerNum	15	corpus/win32/api/oaidl/ns-oaidl-typeattr.md
typeattr	wMinorVerNum	16	corpus/win32/api/oaidl/ns-oaidl-typeattr.md
typeattr	tdescAlias	17	corpus/win32/api/oaidl/ns-oaidl-typeattr.md
typeattr	idldescType	18	corpus/win32/api/oaidl/ns-oaidl-typeattr.md
typedesc	DUMMYUNIONNAME	1	corpus/win32/api/oaidl/ns-oaidl-typedesc.md
typedesc	vt	2	corpus/win32/api/oaidl/ns-oaidl-typedesc.md
typekind	TKIND_RECORD	1	corpus/win32/api/oaidl/ne-oaidl-typekind.md
typekind	TKIND_MODULE	2	corpus/win32/api/oaidl/ne-oaidl-typekind.md
typekind	TKIND_INTERFACE	3	corpus/win32/api/oaidl/ne-oaidl-typekind.md
typekind	TKIND_DISPATCH	4	corpus/win32/api/oaidl/ne-oaidl-typekind.md
typekind	TKIND_COCLASS	5	corpus/win32/api/oaidl/ne-oaidl-typekind.md
typekind	TKIND_ALIAS	6	corpus/win32/api/oaidl/ne-oaidl-typekind.md
typekind	TKIND_UNION	7	corpus/win32/api/oaidl/ne-oaidl-typekind.md
typekind	TKIND_MAX	8	corpus/win32/api/oaidl/ne-oaidl-typekind.md
udaccel	nSec	1	corpus/win32/api/commctrl/ns-commctrl-udaccel.md
udaccel	nInc	2	corpus/win32/api/commctrl/ns-commctrl-udaccel.md
universal_name_infoa	lpUniversalName	1	corpus/win32/api/winnetwk/ns-winnetwk-universal_name_infoa.md
universal_name_infow	lpUniversalName	1	corpus/win32/api/winnetwk/ns-winnetwk-universal_name_infow.md
unload_dll_debug_info	lpBaseOfDll	1	corpus/win32/api/minwinbase/ns-minwinbase-unload_dll_debug_info.md
url_components	dwStructSize	1	corpus/win32/api/winhttp/ns-winhttp-url_components.md
url_components	lpszScheme	2	corpus/win32/api/winhttp/ns-winhttp-url_components.md
url_components	dwSchemeLength	3	corpus/win32/api/winhttp/ns-winhttp-url_components.md
url_components	nScheme	4	corpus/win32/api/winhttp/ns-winhttp-url_components.md
url_components	lpszHostName	5	corpus/win32/api/winhttp/ns-winhttp-url_components.md
url_components	dwHostNameLength	6	corpus/win32/api/winhttp/ns-winhttp-url_components.md
url_components	nPort	7	corpus/win32/api/winhttp/ns-winhttp-url_components.md
url_components	lpszUserName	8	corpus/win32/api/winhttp/ns-winhttp-url_components.md
url_components	dwUserNameLength	9	corpus/win32/api/winhttp/ns-winhttp-url_components.md
url_components	lpszPassword	10	corpus/win32/api/winhttp/ns-winhttp-url_components.md
url_components	dwPasswordLength	11	corpus/win32/api/winhttp/ns-winhttp-url_components.md
url_components	lpszUrlPath	12	corpus/win32/api/winhttp/ns-winhttp-url_components.md
url_components	dwUrlPathLength	13	corpus/win32/api/winhttp/ns-winhttp-url_components.md
url_components	lpszExtraInfo	14	corpus/win32/api/winhttp/ns-winhttp-url_components.md
url_components	dwExtraInfoLength	15	corpus/win32/api/winhttp/ns-winhttp-url_components.md
url_componentsa	dwStructSize	1	corpus/win32/api/wininet/ns-wininet-url_componentsa.md
url_componentsa	lpszScheme	2	corpus/win32/api/wininet/ns-wininet-url_componentsa.md
url_componentsa	dwSchemeLength	3	corpus/win32/api/wininet/ns-wininet-url_componentsa.md
url_componentsa	nScheme	4	corpus/win32/api/wininet/ns-wininet-url_componentsa.md
url_componentsa	lpszHostName	5	corpus/win32/api/wininet/ns-wininet-url_componentsa.md
url_componentsa	dwHostNameLength	6	corpus/win32/api/wininet/ns-wininet-url_componentsa.md
url_componentsa	nPort	7	corpus/win32/api/wininet/ns-wininet-url_componentsa.md
url_componentsa	lpszUserName	8	corpus/win32/api/wininet/ns-wininet-url_componentsa.md
url_componentsa	dwUserNameLength	9	corpus/win32/api/wininet/ns-wininet-url_componentsa.md
url_componentsa	lpszPassword	10	corpus/win32/api/wininet/ns-wininet-url_componentsa.md
url_componentsa	dwPasswordLength	11	corpus/win32/api/wininet/ns-wininet-url_componentsa.md
url_componentsa	lpszUrlPath	12	corpus/win32/api/wininet/ns-wininet-url_componentsa.md
url_componentsa	dwUrlPathLength	13	corpus/win32/api/wininet/ns-wininet-url_componentsa.md
url_componentsa	lpszExtraInfo	14	corpus/win32/api/wininet/ns-wininet-url_componentsa.md
url_componentsa	dwExtraInfoLength	15	corpus/win32/api/wininet/ns-wininet-url_componentsa.md
url_componentsw	dwStructSize	1	corpus/win32/api/wininet/ns-wininet-url_componentsw.md
url_componentsw	lpszScheme	2	corpus/win32/api/wininet/ns-wininet-url_componentsw.md
url_componentsw	dwSchemeLength	3	corpus/win32/api/wininet/ns-wininet-url_componentsw.md
url_componentsw	nScheme	4	corpus/win32/api/wininet/ns-wininet-url_componentsw.md
url_componentsw	lpszHostName	5	corpus/win32/api/wininet/ns-wininet-url_componentsw.md
url_componentsw	dwHostNameLength	6	corpus/win32/api/wininet/ns-wininet-url_componentsw.md
url_componentsw	nPort	7	corpus/win32/api/wininet/ns-wininet-url_componentsw.md
url_componentsw	lpszUserName	8	corpus/win32/api/wininet/ns-wininet-url_componentsw.md
url_componentsw	dwUserNameLength	9	corpus/win32/api/wininet/ns-wininet-url_componentsw.md
url_componentsw	lpszPassword	10	corpus/win32/api/wininet/ns-wininet-url_componentsw.md
url_componentsw	dwPasswordLength	11	corpus/win32/api/wininet/ns-wininet-url_componentsw.md
url_componentsw	lpszUrlPath	12	corpus/win32/api/wininet/ns-wininet-url_componentsw.md
url_componentsw	dwUrlPathLength	13	corpus/win32/api/wininet/ns-wininet-url_componentsw.md
url_componentsw	lpszExtraInfo	14	corpus/win32/api/wininet/ns-wininet-url_componentsw.md
url_componentsw	dwExtraInfoLength	15	corpus/win32/api/wininet/ns-wininet-url_componentsw.md
vardesc	memid	1	corpus/win32/api/oaidl/ns-oaidl-vardesc.md
vardesc	lpstrSchema	2	corpus/win32/api/oaidl/ns-oaidl-vardesc.md
vardesc	DUMMYUNIONNAME	3	corpus/win32/api/oaidl/ns-oaidl-vardesc.md
vardesc	elemdescVar	4	corpus/win32/api/oaidl/ns-oaidl-vardesc.md
vardesc	wVarFlags	5	corpus/win32/api/oaidl/ns-oaidl-vardesc.md
vardesc	varkind	6	corpus/win32/api/oaidl/ns-oaidl-vardesc.md
varkind	VAR_STATIC	1	corpus/win32/api/oaidl/ne-oaidl-varkind.md
varkind	VAR_CONST	2	corpus/win32/api/oaidl/ne-oaidl-varkind.md
varkind	VAR_DISPATCH	3	corpus/win32/api/oaidl/ne-oaidl-varkind.md
varstring	dwTotalSize	1	corpus/win32/api/tapi/ns-tapi-varstring.md
varstring	dwNeededSize	2	corpus/win32/api/tapi/ns-tapi-varstring.md
varstring	dwUsedSize	3	corpus/win32/api/tapi/ns-tapi-varstring.md
varstring	dwStringFormat	4	corpus/win32/api/tapi/ns-tapi-varstring.md
varstring	dwStringSize	5	corpus/win32/api/tapi/ns-tapi-varstring.md
varstring	dwStringOffset	6	corpus/win32/api/tapi/ns-tapi-varstring.md
video_stream_config_caps	guid	1	corpus/win32/api/strmif/ns-strmif-video_stream_config_caps.md
video_stream_config_caps	VideoStandard	2	corpus/win32/api/strmif/ns-strmif-video_stream_config_caps.md
video_stream_config_caps	InputSize	3	corpus/win32/api/strmif/ns-strmif-video_stream_config_caps.md
video_stream_config_caps	MinCroppingSize	4	corpus/win32/api/strmif/ns-strmif-video_stream_config_caps.md
video_stream_config_caps	MaxCroppingSize	5	corpus/win32/api/strmif/ns-strmif-video_stream_config_caps.md
video_stream_config_caps	CropGranularityX	6	corpus/win32/api/strmif/ns-strmif-video_stream_config_caps.md
video_stream_config_caps	CropGranularityY	7	corpus/win32/api/strmif/ns-strmif-video_stream_config_caps.md
video_stream_config_caps	CropAlignX	8	corpus/win32/api/strmif/ns-strmif-video_stream_config_caps.md
video_stream_config_caps	CropAlignY	9	corpus/win32/api/strmif/ns-strmif-video_stream_config_caps.md
video_stream_config_caps	MinOutputSize	10	corpus/win32/api/strmif/ns-strmif-video_stream_config_caps.md
video_stream_config_caps	MaxOutputSize	11	corpus/win32/api/strmif/ns-strmif-video_stream_config_caps.md
video_stream_config_caps	OutputGranularityX	12	corpus/win32/api/strmif/ns-strmif-video_stream_config_caps.md
video_stream_config_caps	OutputGranularityY	13	corpus/win32/api/strmif/ns-strmif-video_stream_config_caps.md
video_stream_config_caps	StretchTapsX	14	corpus/win32/api/strmif/ns-strmif-video_stream_config_caps.md
video_stream_config_caps	StretchTapsY	15	corpus/win32/api/strmif/ns-strmif-video_stream_config_caps.md
video_stream_config_caps	ShrinkTapsX	16	corpus/win32/api/strmif/ns-strmif-video_stream_config_caps.md
video_stream_config_caps	ShrinkTapsY	17	corpus/win32/api/strmif/ns-strmif-video_stream_config_caps.md
video_stream_config_caps	MinFrameInterval	18	corpus/win32/api/strmif/ns-strmif-video_stream_config_caps.md
video_stream_config_caps	MaxFrameInterval	19	corpus/win32/api/strmif/ns-strmif-video_stream_config_caps.md
video_stream_config_caps	MinBitsPerSecond	20	corpus/win32/api/strmif/ns-strmif-video_stream_config_caps.md
video_stream_config_caps	MaxBitsPerSecond	21	corpus/win32/api/strmif/ns-strmif-video_stream_config_caps.md
videoinfo	rcSource	1	corpus/win32/api/amvideo/ns-amvideo-videoinfo.md
videoinfo	rcTarget	2	corpus/win32/api/amvideo/ns-amvideo-videoinfo.md
videoinfo	dwBitRate	3	corpus/win32/api/amvideo/ns-amvideo-videoinfo.md
videoinfo	dwBitErrorRate	4	corpus/win32/api/amvideo/ns-amvideo-videoinfo.md
videoinfo	AvgTimePerFrame	5	corpus/win32/api/amvideo/ns-amvideo-videoinfo.md
videoinfo	bmiHeader	6	corpus/win32/api/amvideo/ns-amvideo-videoinfo.md
videoinfo	bmiColors	7	corpus/win32/api/amvideo/ns-amvideo-videoinfo.md
videoinfo	dwBitMasks	8	corpus/win32/api/amvideo/ns-amvideo-videoinfo.md
videoinfo	TrueColorInfo	9	corpus/win32/api/amvideo/ns-amvideo-videoinfo.md
videoinfoheader	rcSource	1	corpus/win32/api/amvideo/ns-amvideo-videoinfoheader.md
videoinfoheader	rcTarget	2	corpus/win32/api/amvideo/ns-amvideo-videoinfoheader.md
videoinfoheader	dwBitRate	3	corpus/win32/api/amvideo/ns-amvideo-videoinfoheader.md
videoinfoheader	dwBitErrorRate	4	corpus/win32/api/amvideo/ns-amvideo-videoinfoheader.md
videoinfoheader	AvgTimePerFrame	5	corpus/win32/api/amvideo/ns-amvideo-videoinfoheader.md
videoinfoheader	bmiHeader	6	corpus/win32/api/amvideo/ns-amvideo-videoinfoheader.md
videoinfoheader2	rcSource	1	corpus/win32/api/dvdmedia/ns-dvdmedia-videoinfoheader2.md
videoinfoheader2	rcTarget	2	corpus/win32/api/dvdmedia/ns-dvdmedia-videoinfoheader2.md
videoinfoheader2	dwBitRate	3	corpus/win32/api/dvdmedia/ns-dvdmedia-videoinfoheader2.md
videoinfoheader2	dwBitErrorRate	4	corpus/win32/api/dvdmedia/ns-dvdmedia-videoinfoheader2.md
videoinfoheader2	AvgTimePerFrame	5	corpus/win32/api/dvdmedia/ns-dvdmedia-videoinfoheader2.md
videoinfoheader2	dwInterlaceFlags	6	corpus/win32/api/dvdmedia/ns-dvdmedia-videoinfoheader2.md
videoinfoheader2	dwCopyProtectFlags	7	corpus/win32/api/dvdmedia/ns-dvdmedia-videoinfoheader2.md
videoinfoheader2	dwPictAspectRatioX	8	corpus/win32/api/dvdmedia/ns-dvdmedia-videoinfoheader2.md
videoinfoheader2	dwPictAspectRatioY	9	corpus/win32/api/dvdmedia/ns-dvdmedia-videoinfoheader2.md
videoinfoheader2	dwControlFlags	10	corpus/win32/api/dvdmedia/ns-dvdmedia-videoinfoheader2.md
videoinfoheader2	dwReserved1	11	corpus/win32/api/dvdmedia/ns-dvdmedia-videoinfoheader2.md
videoinfoheader2	dwReserved2	12	corpus/win32/api/dvdmedia/ns-dvdmedia-videoinfoheader2.md
videoinfoheader2	bmiHeader	13	corpus/win32/api/dvdmedia/ns-dvdmedia-videoinfoheader2.md
videoparameters	Guid	1	corpus/win32/api/tvout/ns-tvout-videoparameters.md
videoparameters	dwOffset	2	corpus/win32/api/tvout/ns-tvout-videoparameters.md
videoparameters	dwCommand	3	corpus/win32/api/tvout/ns-tvout-videoparameters.md
videoparameters	dwFlags	4	corpus/win32/api/tvout/ns-tvout-videoparameters.md
videoparameters	dwMode	5	corpus/win32/api/tvout/ns-tvout-videoparameters.md
videoparameters	dwTVStandard	6	corpus/win32/api/tvout/ns-tvout-videoparameters.md
videoparameters	dwAvailableModes	7	corpus/win32/api/tvout/ns-tvout-videoparameters.md
videoparameters	dwAvailableTVStandard	8	corpus/win32/api/tvout/ns-tvout-videoparameters.md
videoparameters	dwFlickerFilter	9	corpus/win32/api/tvout/ns-tvout-videoparameters.md
videoparameters	dwOverScanX	10	corpus/win32/api/tvout/ns-tvout-videoparameters.md
videoparameters	dwOverScanY	11	corpus/win32/api/tvout/ns-tvout-videoparameters.md
videoparameters	dwMaxUnscaledX	12	corpus/win32/api/tvout/ns-tvout-videoparameters.md
videoparameters	dwMaxUnscaledY	13	corpus/win32/api/tvout/ns-tvout-videoparameters.md
videoparameters	dwPositionX	14	corpus/win32/api/tvout/ns-tvout-videoparameters.md
videoparameters	dwPositionY	15	corpus/win32/api/tvout/ns-tvout-videoparameters.md
videoparameters	dwBrightness	16	corpus/win32/api/tvout/ns-tvout-videoparameters.md
videoparameters	dwContrast	17	corpus/win32/api/tvout/ns-tvout-videoparameters.md
videoparameters	dwCPType	18	corpus/win32/api/tvout/ns-tvout-videoparameters.md
videoparameters	dwCPCommand	19	corpus/win32/api/tvout/ns-tvout-videoparameters.md
videoparameters	dwCPStandard	20	corpus/win32/api/tvout/ns-tvout-videoparameters.md
videoparameters	dwCPKey	21	corpus/win32/api/tvout/ns-tvout-videoparameters.md
videoparameters	bCP_APSTriggerBits	22	corpus/win32/api/tvout/ns-tvout-videoparameters.md
videoparameters	bOEMCopyProtection	23	corpus/win32/api/tvout/ns-tvout-videoparameters.md
videoprocampproperty	VideoProcAmp_Contrast	1	corpus/win32/api/strmif/ne-strmif-videoprocampproperty.md
videoprocampproperty	VideoProcAmp_Hue	2	corpus/win32/api/strmif/ne-strmif-videoprocampproperty.md
videoprocampproperty	VideoProcAmp_Saturation	3	corpus/win32/api/strmif/ne-strmif-videoprocampproperty.md
videoprocampproperty	VideoProcAmp_Sharpness	4	corpus/win32/api/strmif/ne-strmif-videoprocampproperty.md
videoprocampproperty	VideoProcAmp_Gamma	5	corpus/win32/api/strmif/ne-strmif-videoprocampproperty.md
videoprocampproperty	VideoProcAmp_ColorEnable	6	corpus/win32/api/strmif/ne-strmif-videoprocampproperty.md
videoprocampproperty	VideoProcAmp_WhiteBalance	7	corpus/win32/api/strmif/ne-strmif-videoprocampproperty.md
videoprocampproperty	VideoProcAmp_BacklightCompensation	8	corpus/win32/api/strmif/ne-strmif-videoprocampproperty.md
videoprocampproperty	VideoProcAmp_Gain	9	corpus/win32/api/strmif/ne-strmif-videoprocampproperty.md
vs_fixedfileinfo	dwSignature	1	corpus/win32/api/verrsrc/ns-verrsrc-vs_fixedfileinfo.md
vs_fixedfileinfo	dwStrucVersion	2	corpus/win32/api/verrsrc/ns-verrsrc-vs_fixedfileinfo.md
vs_fixedfileinfo	dwFileVersionMS	3	corpus/win32/api/verrsrc/ns-verrsrc-vs_fixedfileinfo.md
vs_fixedfileinfo	dwFileVersionLS	4	corpus/win32/api/verrsrc/ns-verrsrc-vs_fixedfileinfo.md
vs_fixedfileinfo	dwProductVersionMS	5	corpus/win32/api/verrsrc/ns-verrsrc-vs_fixedfileinfo.md
vs_fixedfileinfo	dwProductVersionLS	6	corpus/win32/api/verrsrc/ns-verrsrc-vs_fixedfileinfo.md
vs_fixedfileinfo	dwFileFlagsMask	7	corpus/win32/api/verrsrc/ns-verrsrc-vs_fixedfileinfo.md
vs_fixedfileinfo	dwFileFlags	8	corpus/win32/api/verrsrc/ns-verrsrc-vs_fixedfileinfo.md
vs_fixedfileinfo	dwFileOS	9	corpus/win32/api/verrsrc/ns-verrsrc-vs_fixedfileinfo.md
vs_fixedfileinfo	dwFileType	10	corpus/win32/api/verrsrc/ns-verrsrc-vs_fixedfileinfo.md
vs_fixedfileinfo	dwFileSubtype	11	corpus/win32/api/verrsrc/ns-verrsrc-vs_fixedfileinfo.md
vs_fixedfileinfo	dwFileDateMS	12	corpus/win32/api/verrsrc/ns-verrsrc-vs_fixedfileinfo.md
vs_fixedfileinfo	dwFileDateLS	13	corpus/win32/api/verrsrc/ns-verrsrc-vs_fixedfileinfo.md
waveformatex	wFormatTag	1	corpus/win32/api/mmeapi/ns-mmeapi-waveformatex.md
waveformatex	nChannels	2	corpus/win32/api/mmeapi/ns-mmeapi-waveformatex.md
waveformatex	nSamplesPerSec	3	corpus/win32/api/mmeapi/ns-mmeapi-waveformatex.md
waveformatex	nAvgBytesPerSec	4	corpus/win32/api/mmeapi/ns-mmeapi-waveformatex.md
waveformatex	nBlockAlign	5	corpus/win32/api/mmeapi/ns-mmeapi-waveformatex.md
waveformatex	wBitsPerSample	6	corpus/win32/api/mmeapi/ns-mmeapi-waveformatex.md
waveformatex	cbSize	7	corpus/win32/api/mmeapi/ns-mmeapi-waveformatex.md
wavehdr	lpData	1	corpus/win32/api/mmeapi/ns-mmeapi-wavehdr.md
wavehdr	dwBufferLength	2	corpus/win32/api/mmeapi/ns-mmeapi-wavehdr.md
wavehdr	dwBytesRecorded	3	corpus/win32/api/mmeapi/ns-mmeapi-wavehdr.md
wavehdr	dwUser	4	corpus/win32/api/mmeapi/ns-mmeapi-wavehdr.md
wavehdr	dwFlags	5	corpus/win32/api/mmeapi/ns-mmeapi-wavehdr.md
wavehdr	dwLoops	6	corpus/win32/api/mmeapi/ns-mmeapi-wavehdr.md
wavehdr	lpNext	7	corpus/win32/api/mmeapi/ns-mmeapi-wavehdr.md
wavehdr	reserved	8	corpus/win32/api/mmeapi/ns-mmeapi-wavehdr.md
waveincaps	wMid	1	corpus/win32/api/mmeapi/ns-mmeapi-waveincaps.md
waveincaps	wPid	2	corpus/win32/api/mmeapi/ns-mmeapi-waveincaps.md
waveincaps	vDriverVersion	3	corpus/win32/api/mmeapi/ns-mmeapi-waveincaps.md
waveincaps	szPname	4	corpus/win32/api/mmeapi/ns-mmeapi-waveincaps.md
waveincaps	dwFormats	5	corpus/win32/api/mmeapi/ns-mmeapi-waveincaps.md
waveincaps	wChannels	6	corpus/win32/api/mmeapi/ns-mmeapi-waveincaps.md
waveincapsa	wMid	1	corpus/win32/api/mmeapi/ns-mmeapi-waveincapsa.md
waveincapsa	wPid	2	corpus/win32/api/mmeapi/ns-mmeapi-waveincapsa.md
waveincapsa	vDriverVersion	3	corpus/win32/api/mmeapi/ns-mmeapi-waveincapsa.md
waveincapsa	szPname	4	corpus/win32/api/mmeapi/ns-mmeapi-waveincapsa.md
waveincapsa	dwFormats	5	corpus/win32/api/mmeapi/ns-mmeapi-waveincapsa.md
waveincapsa	wChannels	6	corpus/win32/api/mmeapi/ns-mmeapi-waveincapsa.md
waveincapsw	wMid	1	corpus/win32/api/mmeapi/ns-mmeapi-waveincapsw.md
waveincapsw	wPid	2	corpus/win32/api/mmeapi/ns-mmeapi-waveincapsw.md
waveincapsw	vDriverVersion	3	corpus/win32/api/mmeapi/ns-mmeapi-waveincapsw.md
waveincapsw	szPname	4	corpus/win32/api/mmeapi/ns-mmeapi-waveincapsw.md
waveincapsw	dwFormats	5	corpus/win32/api/mmeapi/ns-mmeapi-waveincapsw.md
waveincapsw	wChannels	6	corpus/win32/api/mmeapi/ns-mmeapi-waveincapsw.md
waveoutcaps	wMid	1	corpus/win32/api/mmeapi/ns-mmeapi-waveoutcaps.md
waveoutcaps	wPid	2	corpus/win32/api/mmeapi/ns-mmeapi-waveoutcaps.md
waveoutcaps	vDriverVersion	3	corpus/win32/api/mmeapi/ns-mmeapi-waveoutcaps.md
waveoutcaps	szPname	4	corpus/win32/api/mmeapi/ns-mmeapi-waveoutcaps.md
waveoutcaps	dwFormats	5	corpus/win32/api/mmeapi/ns-mmeapi-waveoutcaps.md
waveoutcaps	wChannels	6	corpus/win32/api/mmeapi/ns-mmeapi-waveoutcaps.md
waveoutcaps	dwSupport	7	corpus/win32/api/mmeapi/ns-mmeapi-waveoutcaps.md
waveoutcapsa	wMid	1	corpus/win32/api/mmeapi/ns-mmeapi-waveoutcapsa.md
waveoutcapsa	wPid	2	corpus/win32/api/mmeapi/ns-mmeapi-waveoutcapsa.md
waveoutcapsa	vDriverVersion	3	corpus/win32/api/mmeapi/ns-mmeapi-waveoutcapsa.md
waveoutcapsa	szPname	4	corpus/win32/api/mmeapi/ns-mmeapi-waveoutcapsa.md
waveoutcapsa	dwFormats	5	corpus/win32/api/mmeapi/ns-mmeapi-waveoutcapsa.md
waveoutcapsa	wChannels	6	corpus/win32/api/mmeapi/ns-mmeapi-waveoutcapsa.md
waveoutcapsa	dwSupport	7	corpus/win32/api/mmeapi/ns-mmeapi-waveoutcapsa.md
waveoutcapsw	wMid	1	corpus/win32/api/mmeapi/ns-mmeapi-waveoutcapsw.md
waveoutcapsw	wPid	2	corpus/win32/api/mmeapi/ns-mmeapi-waveoutcapsw.md
waveoutcapsw	vDriverVersion	3	corpus/win32/api/mmeapi/ns-mmeapi-waveoutcapsw.md
waveoutcapsw	szPname	4	corpus/win32/api/mmeapi/ns-mmeapi-waveoutcapsw.md
waveoutcapsw	dwFormats	5	corpus/win32/api/mmeapi/ns-mmeapi-waveoutcapsw.md
waveoutcapsw	wChannels	6	corpus/win32/api/mmeapi/ns-mmeapi-waveoutcapsw.md
waveoutcapsw	dwSupport	7	corpus/win32/api/mmeapi/ns-mmeapi-waveoutcapsw.md
win32_file_attribute_data	dwFileAttributes	1	corpus/win32/api/fileapi/ns-fileapi-win32_file_attribute_data.md
win32_file_attribute_data	ftCreationTime	2	corpus/win32/api/fileapi/ns-fileapi-win32_file_attribute_data.md
win32_file_attribute_data	ftLastAccessTime	3	corpus/win32/api/fileapi/ns-fileapi-win32_file_attribute_data.md
win32_file_attribute_data	ftLastWriteTime	4	corpus/win32/api/fileapi/ns-fileapi-win32_file_attribute_data.md
win32_file_attribute_data	nFileSizeHigh	5	corpus/win32/api/fileapi/ns-fileapi-win32_file_attribute_data.md
win32_file_attribute_data	nFileSizeLow	6	corpus/win32/api/fileapi/ns-fileapi-win32_file_attribute_data.md
win32_find_dataa	dwFileAttributes	1	corpus/win32/api/minwinbase/ns-minwinbase-win32_find_dataa.md
win32_find_dataa	ftCreationTime	2	corpus/win32/api/minwinbase/ns-minwinbase-win32_find_dataa.md
win32_find_dataa	ftLastAccessTime	3	corpus/win32/api/minwinbase/ns-minwinbase-win32_find_dataa.md
win32_find_dataa	ftLastWriteTime	4	corpus/win32/api/minwinbase/ns-minwinbase-win32_find_dataa.md
win32_find_dataa	nFileSizeHigh	5	corpus/win32/api/minwinbase/ns-minwinbase-win32_find_dataa.md
win32_find_dataa	nFileSizeLow	6	corpus/win32/api/minwinbase/ns-minwinbase-win32_find_dataa.md
win32_find_dataa	dwReserved0	7	corpus/win32/api/minwinbase/ns-minwinbase-win32_find_dataa.md
win32_find_dataa	dwReserved1	8	corpus/win32/api/minwinbase/ns-minwinbase-win32_find_dataa.md
win32_find_dataa	cFileName	9	corpus/win32/api/minwinbase/ns-minwinbase-win32_find_dataa.md
win32_find_dataa	cAlternateFileName	10	corpus/win32/api/minwinbase/ns-minwinbase-win32_find_dataa.md
win32_find_dataa	dwFileType	11	corpus/win32/api/minwinbase/ns-minwinbase-win32_find_dataa.md
win32_find_dataa	dwCreatorType	12	corpus/win32/api/minwinbase/ns-minwinbase-win32_find_dataa.md
win32_find_dataa	wFinderFlags	13	corpus/win32/api/minwinbase/ns-minwinbase-win32_find_dataa.md
win32_find_dataw	dwFileAttributes	1	corpus/win32/api/minwinbase/ns-minwinbase-win32_find_dataw.md
win32_find_dataw	ftCreationTime	2	corpus/win32/api/minwinbase/ns-minwinbase-win32_find_dataw.md
win32_find_dataw	ftLastAccessTime	3	corpus/win32/api/minwinbase/ns-minwinbase-win32_find_dataw.md
win32_find_dataw	ftLastWriteTime	4	corpus/win32/api/minwinbase/ns-minwinbase-win32_find_dataw.md
win32_find_dataw	nFileSizeHigh	5	corpus/win32/api/minwinbase/ns-minwinbase-win32_find_dataw.md
win32_find_dataw	nFileSizeLow	6	corpus/win32/api/minwinbase/ns-minwinbase-win32_find_dataw.md
win32_find_dataw	dwReserved0	7	corpus/win32/api/minwinbase/ns-minwinbase-win32_find_dataw.md
win32_find_dataw	dwReserved1	8	corpus/win32/api/minwinbase/ns-minwinbase-win32_find_dataw.md
win32_find_dataw	cFileName	9	corpus/win32/api/minwinbase/ns-minwinbase-win32_find_dataw.md
win32_find_dataw	cAlternateFileName	10	corpus/win32/api/minwinbase/ns-minwinbase-win32_find_dataw.md
win32_find_dataw	dwFileType	11	corpus/win32/api/minwinbase/ns-minwinbase-win32_find_dataw.md
win32_find_dataw	dwCreatorType	12	corpus/win32/api/minwinbase/ns-minwinbase-win32_find_dataw.md
win32_find_dataw	wFinderFlags	13	corpus/win32/api/minwinbase/ns-minwinbase-win32_find_dataw.md
win_certificate	dwLength	1	corpus/win32/api/wintrust/ns-wintrust-win_certificate.md
win_certificate	wRevision	2	corpus/win32/api/wintrust/ns-wintrust-win_certificate.md
win_certificate	wCertificateType	3	corpus/win32/api/wintrust/ns-wintrust-win_certificate.md
win_certificate	bCertificate	4	corpus/win32/api/wintrust/ns-wintrust-win_certificate.md
windowinfo	cbSize	1	corpus/win32/api/winuser/ns-winuser-windowinfo.md
windowinfo	rcWindow	2	corpus/win32/api/winuser/ns-winuser-windowinfo.md
windowinfo	rcClient	3	corpus/win32/api/winuser/ns-winuser-windowinfo.md
windowinfo	dwStyle	4	corpus/win32/api/winuser/ns-winuser-windowinfo.md
windowinfo	dwExStyle	5	corpus/win32/api/winuser/ns-winuser-windowinfo.md
windowinfo	dwWindowStatus	6	corpus/win32/api/winuser/ns-winuser-windowinfo.md
windowinfo	cxWindowBorders	7	corpus/win32/api/winuser/ns-winuser-windowinfo.md
windowinfo	cyWindowBorders	8	corpus/win32/api/winuser/ns-winuser-windowinfo.md
windowinfo	atomWindowType	9	corpus/win32/api/winuser/ns-winuser-windowinfo.md
windowinfo	wCreatorVersion	10	corpus/win32/api/winuser/ns-winuser-windowinfo.md
windowpos	hwndInsertAfter	1	corpus/win32/api/winuser/ns-winuser-windowpos.md
windowpos	hwnd	2	corpus/win32/api/winuser/ns-winuser-windowpos.md
windowpos	x	3	corpus/win32/api/winuser/ns-winuser-windowpos.md
windowpos	y	4	corpus/win32/api/winuser/ns-winuser-windowpos.md
windowpos	cx	5	corpus/win32/api/winuser/ns-winuser-windowpos.md
windowpos	cy	6	corpus/win32/api/winuser/ns-winuser-windowpos.md
windowpos	flags	7	corpus/win32/api/winuser/ns-winuser-windowpos.md
wndclassa	style	1	corpus/win32/api/winuser/ns-winuser-wndclassa.md
wndclassa	lpfnWndProc	2	corpus/win32/api/winuser/ns-winuser-wndclassa.md
wndclassa	cbClsExtra	3	corpus/win32/api/winuser/ns-winuser-wndclassa.md
wndclassa	cbWndExtra	4	corpus/win32/api/winuser/ns-winuser-wndclassa.md
wndclassa	hInstance	5	corpus/win32/api/winuser/ns-winuser-wndclassa.md
wndclassa	hIcon	6	corpus/win32/api/winuser/ns-winuser-wndclassa.md
wndclassa	hCursor	7	corpus/win32/api/winuser/ns-winuser-wndclassa.md
wndclassa	hbrBackground	8	corpus/win32/api/winuser/ns-winuser-wndclassa.md
wndclassa	lpszMenuName	9	corpus/win32/api/winuser/ns-winuser-wndclassa.md
wndclassa	lpszClassName	10	corpus/win32/api/winuser/ns-winuser-wndclassa.md
wndclassw	style	1	corpus/win32/api/winuser/ns-winuser-wndclassw.md
wndclassw	lpfnWndProc	2	corpus/win32/api/winuser/ns-winuser-wndclassw.md
wndclassw	cbClsExtra	3	corpus/win32/api/winuser/ns-winuser-wndclassw.md
wndclassw	cbWndExtra	4	corpus/win32/api/winuser/ns-winuser-wndclassw.md
wndclassw	hInstance	5	corpus/win32/api/winuser/ns-winuser-wndclassw.md
wndclassw	hIcon	6	corpus/win32/api/winuser/ns-winuser-wndclassw.md
wndclassw	hCursor	7	corpus/win32/api/winuser/ns-winuser-wndclassw.md
wndclassw	hbrBackground	8	corpus/win32/api/winuser/ns-winuser-wndclassw.md
wndclassw	lpszMenuName	9	corpus/win32/api/winuser/ns-winuser-wndclassw.md
wndclassw	lpszClassName	10	corpus/win32/api/winuser/ns-winuser-wndclassw.md
wsabuf	len	1	corpus/win32/api/ws2def/ns-ws2def-wsabuf.md
wsabuf	buf	2	corpus/win32/api/ws2def/ns-ws2def-wsabuf.md
wsacompletion	Type	1	corpus/win32/api/winsock2/ns-winsock2-wsacompletion.md
wsacompletion	Parameters	2	corpus/win32/api/winsock2/ns-winsock2-wsacompletion.md
wsadata	wVersion	1	corpus/win32/api/winsock/ns-winsock-wsadata.md
wsadata	wHighVersion	2	corpus/win32/api/winsock/ns-winsock-wsadata.md
wsadata	szDescription	3	corpus/win32/api/winsock/ns-winsock-wsadata.md
wsadata	szSystemStatus	4	corpus/win32/api/winsock/ns-winsock-wsadata.md
wsadata	iMaxSockets	5	corpus/win32/api/winsock/ns-winsock-wsadata.md
wsadata	iMaxUdpDg	6	corpus/win32/api/winsock/ns-winsock-wsadata.md
wsadata	lpVendorInfo	7	corpus/win32/api/winsock/ns-winsock-wsadata.md
wsaecomparator	COMP_NOTLESS	1	corpus/win32/api/winsock2/ne-winsock2-wsaecomparator.md
wsanamespace_infoa	NSProviderId	1	corpus/win32/api/winsock2/ns-winsock2-wsanamespace_infoa.md
wsanamespace_infoa	dwNameSpace	2	corpus/win32/api/winsock2/ns-winsock2-wsanamespace_infoa.md
wsanamespace_infoa	fActive	3	corpus/win32/api/winsock2/ns-winsock2-wsanamespace_infoa.md
wsanamespace_infoa	dwVersion	4	corpus/win32/api/winsock2/ns-winsock2-wsanamespace_infoa.md
wsanamespace_infoa	lpszIdentifier	5	corpus/win32/api/winsock2/ns-winsock2-wsanamespace_infoa.md
wsanamespace_infow	NSProviderId	1	corpus/win32/api/winsock2/ns-winsock2-wsanamespace_infow.md
wsanamespace_infow	dwNameSpace	2	corpus/win32/api/winsock2/ns-winsock2-wsanamespace_infow.md
wsanamespace_infow	fActive	3	corpus/win32/api/winsock2/ns-winsock2-wsanamespace_infow.md
wsanamespace_infow	dwVersion	4	corpus/win32/api/winsock2/ns-winsock2-wsanamespace_infow.md
wsanamespace_infow	lpszIdentifier	5	corpus/win32/api/winsock2/ns-winsock2-wsanamespace_infow.md
wsanetworkevents	lNetworkEvents	1	corpus/win32/api/winsock2/ns-winsock2-wsanetworkevents.md
wsanetworkevents	iErrorCode	2	corpus/win32/api/winsock2/ns-winsock2-wsanetworkevents.md
wsaoverlapped	Internal	1	corpus/win32/api/winsock2/ns-winsock2-wsaoverlapped.md
wsaoverlapped	InternalHigh	2	corpus/win32/api/winsock2/ns-winsock2-wsaoverlapped.md
wsaoverlapped	Offset	3	corpus/win32/api/winsock2/ns-winsock2-wsaoverlapped.md
wsaoverlapped	OffsetHigh	4	corpus/win32/api/winsock2/ns-winsock2-wsaoverlapped.md
wsaoverlapped	hEvent	5	corpus/win32/api/winsock2/ns-winsock2-wsaoverlapped.md
wsaprotocol_infoa	dwServiceFlags1	1	corpus/win32/api/winsock2/ns-winsock2-wsaprotocol_infoa.md
wsaprotocol_infoa	dwServiceFlags2	2	corpus/win32/api/winsock2/ns-winsock2-wsaprotocol_infoa.md
wsaprotocol_infoa	dwServiceFlags3	3	corpus/win32/api/winsock2/ns-winsock2-wsaprotocol_infoa.md
wsaprotocol_infoa	dwServiceFlags4	4	corpus/win32/api/winsock2/ns-winsock2-wsaprotocol_infoa.md
wsaprotocol_infoa	dwProviderFlags	5	corpus/win32/api/winsock2/ns-winsock2-wsaprotocol_infoa.md
wsaprotocol_infoa	ProviderId	6	corpus/win32/api/winsock2/ns-winsock2-wsaprotocol_infoa.md
wsaprotocol_infoa	dwCatalogEntryId	7	corpus/win32/api/winsock2/ns-winsock2-wsaprotocol_infoa.md
wsaprotocol_infoa	ProtocolChain	8	corpus/win32/api/winsock2/ns-winsock2-wsaprotocol_infoa.md
wsaprotocol_infoa	iVersion	9	corpus/win32/api/winsock2/ns-winsock2-wsaprotocol_infoa.md
wsaprotocol_infoa	iAddressFamily	10	corpus/win32/api/winsock2/ns-winsock2-wsaprotocol_infoa.md
wsaprotocol_infoa	iMaxSockAddr	11	corpus/win32/api/winsock2/ns-winsock2-wsaprotocol_infoa.md
wsaprotocol_infoa	iMinSockAddr	12	corpus/win32/api/winsock2/ns-winsock2-wsaprotocol_infoa.md
wsaprotocol_infoa	iSocketType	13	corpus/win32/api/winsock2/ns-winsock2-wsaprotocol_infoa.md
wsaprotocol_infoa	iProtocol	14	corpus/win32/api/winsock2/ns-winsock2-wsaprotocol_infoa.md
wsaprotocol_infoa	iProtocolMaxOffset	15	corpus/win32/api/winsock2/ns-winsock2-wsaprotocol_infoa.md
wsaprotocol_infoa	iNetworkByteOrder	16	corpus/win32/api/winsock2/ns-winsock2-wsaprotocol_infoa.md
wsaprotocol_infoa	iSecurityScheme	17	corpus/win32/api/winsock2/ns-winsock2-wsaprotocol_infoa.md
wsaprotocol_infoa	dwMessageSize	18	corpus/win32/api/winsock2/ns-winsock2-wsaprotocol_infoa.md
wsaprotocol_infoa	dwProviderReserved	19	corpus/win32/api/winsock2/ns-winsock2-wsaprotocol_infoa.md
wsaprotocol_infoa	szProtocol	20	corpus/win32/api/winsock2/ns-winsock2-wsaprotocol_infoa.md
wsaprotocol_infow	dwServiceFlags1	1	corpus/win32/api/winsock2/ns-winsock2-wsaprotocol_infow.md
wsaprotocol_infow	dwServiceFlags2	2	corpus/win32/api/winsock2/ns-winsock2-wsaprotocol_infow.md
wsaprotocol_infow	dwServiceFlags3	3	corpus/win32/api/winsock2/ns-winsock2-wsaprotocol_infow.md
wsaprotocol_infow	dwServiceFlags4	4	corpus/win32/api/winsock2/ns-winsock2-wsaprotocol_infow.md
wsaprotocol_infow	dwProviderFlags	5	corpus/win32/api/winsock2/ns-winsock2-wsaprotocol_infow.md
wsaprotocol_infow	ProviderId	6	corpus/win32/api/winsock2/ns-winsock2-wsaprotocol_infow.md
wsaprotocol_infow	dwCatalogEntryId	7	corpus/win32/api/winsock2/ns-winsock2-wsaprotocol_infow.md
wsaprotocol_infow	ProtocolChain	8	corpus/win32/api/winsock2/ns-winsock2-wsaprotocol_infow.md
wsaprotocol_infow	iVersion	9	corpus/win32/api/winsock2/ns-winsock2-wsaprotocol_infow.md
wsaprotocol_infow	iAddressFamily	10	corpus/win32/api/winsock2/ns-winsock2-wsaprotocol_infow.md
wsaprotocol_infow	iMaxSockAddr	11	corpus/win32/api/winsock2/ns-winsock2-wsaprotocol_infow.md
wsaprotocol_infow	iMinSockAddr	12	corpus/win32/api/winsock2/ns-winsock2-wsaprotocol_infow.md
wsaprotocol_infow	iSocketType	13	corpus/win32/api/winsock2/ns-winsock2-wsaprotocol_infow.md
wsaprotocol_infow	iProtocol	14	corpus/win32/api/winsock2/ns-winsock2-wsaprotocol_infow.md
wsaprotocol_infow	iProtocolMaxOffset	15	corpus/win32/api/winsock2/ns-winsock2-wsaprotocol_infow.md
wsaprotocol_infow	iNetworkByteOrder	16	corpus/win32/api/winsock2/ns-winsock2-wsaprotocol_infow.md
wsaprotocol_infow	iSecurityScheme	17	corpus/win32/api/winsock2/ns-winsock2-wsaprotocol_infow.md
wsaprotocol_infow	dwMessageSize	18	corpus/win32/api/winsock2/ns-winsock2-wsaprotocol_infow.md
wsaprotocol_infow	dwProviderReserved	19	corpus/win32/api/winsock2/ns-winsock2-wsaprotocol_infow.md
wsaprotocol_infow	szProtocol	20	corpus/win32/api/winsock2/ns-winsock2-wsaprotocol_infow.md
wsaprotocolchain	ChainLen	1	corpus/win32/api/winsock2/ns-winsock2-wsaprotocolchain.md
wsaprotocolchain	ChainEntries	2	corpus/win32/api/winsock2/ns-winsock2-wsaprotocolchain.md
wsaqueryseta	dwSize	1	corpus/win32/api/winsock2/ns-winsock2-wsaqueryseta.md
wsaqueryseta	lpszServiceInstanceName	2	corpus/win32/api/winsock2/ns-winsock2-wsaqueryseta.md
wsaqueryseta	lpServiceClassId	3	corpus/win32/api/winsock2/ns-winsock2-wsaqueryseta.md
wsaqueryseta	lpVersion	4	corpus/win32/api/winsock2/ns-winsock2-wsaqueryseta.md
wsaqueryseta	lpszComment	5	corpus/win32/api/winsock2/ns-winsock2-wsaqueryseta.md
wsaqueryseta	dwNameSpace	6	corpus/win32/api/winsock2/ns-winsock2-wsaqueryseta.md
wsaqueryseta	lpNSProviderId	7	corpus/win32/api/winsock2/ns-winsock2-wsaqueryseta.md
wsaqueryseta	lpszContext	8	corpus/win32/api/winsock2/ns-winsock2-wsaqueryseta.md
wsaqueryseta	dwNumberOfProtocols	9	corpus/win32/api/winsock2/ns-winsock2-wsaqueryseta.md
wsaqueryseta	lpafpProtocols	10	corpus/win32/api/winsock2/ns-winsock2-wsaqueryseta.md
wsaqueryseta	lpszQueryString	11	corpus/win32/api/winsock2/ns-winsock2-wsaqueryseta.md
wsaqueryseta	dwNumberOfCsAddrs	12	corpus/win32/api/winsock2/ns-winsock2-wsaqueryseta.md
wsaqueryseta	lpcsaBuffer	13	corpus/win32/api/winsock2/ns-winsock2-wsaqueryseta.md
wsaqueryseta	dwOutputFlags	14	corpus/win32/api/winsock2/ns-winsock2-wsaqueryseta.md
wsaqueryseta	lpBlob	15	corpus/win32/api/winsock2/ns-winsock2-wsaqueryseta.md
wsaquerysetw	dwSize	1	corpus/win32/api/winsock2/ns-winsock2-wsaquerysetw.md
wsaquerysetw	lpszServiceInstanceName	2	corpus/win32/api/winsock2/ns-winsock2-wsaquerysetw.md
wsaquerysetw	lpServiceClassId	3	corpus/win32/api/winsock2/ns-winsock2-wsaquerysetw.md
wsaquerysetw	lpVersion	4	corpus/win32/api/winsock2/ns-winsock2-wsaquerysetw.md
wsaquerysetw	lpszComment	5	corpus/win32/api/winsock2/ns-winsock2-wsaquerysetw.md
wsaquerysetw	dwNameSpace	6	corpus/win32/api/winsock2/ns-winsock2-wsaquerysetw.md
wsaquerysetw	lpNSProviderId	7	corpus/win32/api/winsock2/ns-winsock2-wsaquerysetw.md
wsaquerysetw	lpszContext	8	corpus/win32/api/winsock2/ns-winsock2-wsaquerysetw.md
wsaquerysetw	dwNumberOfProtocols	9	corpus/win32/api/winsock2/ns-winsock2-wsaquerysetw.md
wsaquerysetw	lpafpProtocols	10	corpus/win32/api/winsock2/ns-winsock2-wsaquerysetw.md
wsaquerysetw	lpszQueryString	11	corpus/win32/api/winsock2/ns-winsock2-wsaquerysetw.md
wsaquerysetw	dwNumberOfCsAddrs	12	corpus/win32/api/winsock2/ns-winsock2-wsaquerysetw.md
wsaquerysetw	lpcsaBuffer	13	corpus/win32/api/winsock2/ns-winsock2-wsaquerysetw.md
wsaquerysetw	dwOutputFlags	14	corpus/win32/api/winsock2/ns-winsock2-wsaquerysetw.md
wsaquerysetw	lpBlob	15	corpus/win32/api/winsock2/ns-winsock2-wsaquerysetw.md
wsaserviceclassinfoa	lpServiceClassId	1	corpus/win32/api/winsock2/ns-winsock2-wsaserviceclassinfoa.md
wsaserviceclassinfoa	lpszServiceClassName	2	corpus/win32/api/winsock2/ns-winsock2-wsaserviceclassinfoa.md
wsaserviceclassinfoa	dwCount	3	corpus/win32/api/winsock2/ns-winsock2-wsaserviceclassinfoa.md
wsaserviceclassinfoa	lpClassInfos	4	corpus/win32/api/winsock2/ns-winsock2-wsaserviceclassinfoa.md
wsaserviceclassinfow	lpServiceClassId	1	corpus/win32/api/winsock2/ns-winsock2-wsaserviceclassinfow.md
wsaserviceclassinfow	lpszServiceClassName	2	corpus/win32/api/winsock2/ns-winsock2-wsaserviceclassinfow.md
wsaserviceclassinfow	dwCount	3	corpus/win32/api/winsock2/ns-winsock2-wsaserviceclassinfow.md
wsaserviceclassinfow	lpClassInfos	4	corpus/win32/api/winsock2/ns-winsock2-wsaserviceclassinfow.md
wsathreadid	ThreadHandle	1	corpus/win32/api/ws2spi/ns-ws2spi-wsathreadid.md
wsathreadid	Reserved	2	corpus/win32/api/ws2spi/ns-ws2spi-wsathreadid.md
wsd_app_sequence	InstanceId	1	corpus/win32/api/wsdtypes/ns-wsdtypes-wsd_app_sequence.md
wsd_app_sequence	SequenceId	2	corpus/win32/api/wsdtypes/ns-wsdtypes-wsd_app_sequence.md
wsd_app_sequence	MessageNumber	3	corpus/win32/api/wsdtypes/ns-wsdtypes-wsd_app_sequence.md
wsd_bye	EndpointReference	1	corpus/win32/api/wsdtypes/ns-wsdtypes-wsd_bye.md
wsd_bye	Any	2	corpus/win32/api/wsdtypes/ns-wsdtypes-wsd_bye.md
wsd_datetime	isPositive	1	corpus/win32/api/wsdxml/ns-wsdxml-wsd_datetime.md
wsd_datetime	year	2	corpus/win32/api/wsdxml/ns-wsdxml-wsd_datetime.md
wsd_datetime	month	3	corpus/win32/api/wsdxml/ns-wsdxml-wsd_datetime.md
wsd_datetime	day	4	corpus/win32/api/wsdxml/ns-wsdxml-wsd_datetime.md
wsd_datetime	hour	5	corpus/win32/api/wsdxml/ns-wsdxml-wsd_datetime.md
wsd_datetime	minute	6	corpus/win32/api/wsdxml/ns-wsdxml-wsd_datetime.md
wsd_datetime	second	7	corpus/win32/api/wsdxml/ns-wsdxml-wsd_datetime.md
wsd_datetime	millisecond	8	corpus/win32/api/wsdxml/ns-wsdxml-wsd_datetime.md
wsd_datetime	TZIsLocal	9	corpus/win32/api/wsdxml/ns-wsdxml-wsd_datetime.md
wsd_datetime	TZIsPositive	10	corpus/win32/api/wsdxml/ns-wsdxml-wsd_datetime.md
wsd_datetime	TZHour	11	corpus/win32/api/wsdxml/ns-wsdxml-wsd_datetime.md
wsd_datetime	TZMinute	12	corpus/win32/api/wsdxml/ns-wsdxml-wsd_datetime.md
wsd_duration	isPositive	1	corpus/win32/api/wsdxml/ns-wsdxml-wsd_duration.md
wsd_duration	year	2	corpus/win32/api/wsdxml/ns-wsdxml-wsd_duration.md
wsd_duration	month	3	corpus/win32/api/wsdxml/ns-wsdxml-wsd_duration.md
wsd_duration	day	4	corpus/win32/api/wsdxml/ns-wsdxml-wsd_duration.md
wsd_duration	hour	5	corpus/win32/api/wsdxml/ns-wsdxml-wsd_duration.md
wsd_duration	minute	6	corpus/win32/api/wsdxml/ns-wsdxml-wsd_duration.md
wsd_duration	second	7	corpus/win32/api/wsdxml/ns-wsdxml-wsd_duration.md
wsd_duration	millisecond	8	corpus/win32/api/wsdxml/ns-wsdxml-wsd_duration.md
wsd_endpoint_reference	Address	1	corpus/win32/api/wsdtypes/ns-wsdtypes-wsd_endpoint_reference.md
wsd_endpoint_reference	ReferenceProperties	2	corpus/win32/api/wsdtypes/ns-wsdtypes-wsd_endpoint_reference.md
wsd_endpoint_reference	ReferenceParameters	3	corpus/win32/api/wsdtypes/ns-wsdtypes-wsd_endpoint_reference.md
wsd_endpoint_reference	PortType	4	corpus/win32/api/wsdtypes/ns-wsdtypes-wsd_endpoint_reference.md
wsd_endpoint_reference	ServiceName	5	corpus/win32/api/wsdtypes/ns-wsdtypes-wsd_endpoint_reference.md
wsd_endpoint_reference	Any	6	corpus/win32/api/wsdtypes/ns-wsdtypes-wsd_endpoint_reference.md
wsd_endpoint_reference_list	Next	1	corpus/win32/api/wsdtypes/ns-wsdtypes-wsd_endpoint_reference_list.md
wsd_endpoint_reference_list	Element	2	corpus/win32/api/wsdtypes/ns-wsdtypes-wsd_endpoint_reference_list.md
wsd_event	Hr	1	corpus/win32/api/wsdtypes/ns-wsdtypes-wsd_event.md
wsd_event	EventType	2	corpus/win32/api/wsdtypes/ns-wsdtypes-wsd_event.md
wsd_event	DispatchTag	3	corpus/win32/api/wsdtypes/ns-wsdtypes-wsd_event.md
wsd_event	HandlerContext	4	corpus/win32/api/wsdtypes/ns-wsdtypes-wsd_event.md
wsd_event	Soap	5	corpus/win32/api/wsdtypes/ns-wsdtypes-wsd_event.md
wsd_event	Operation	6	corpus/win32/api/wsdtypes/ns-wsdtypes-wsd_event.md
wsd_event	MessageParameters	7	corpus/win32/api/wsdtypes/ns-wsdtypes-wsd_event.md
wsd_eventing_delivery_mode	Mode	1	corpus/win32/api/wsdtypes/ns-wsdtypes-wsd_eventing_delivery_mode.md
wsd_eventing_delivery_mode	Push	2	corpus/win32/api/wsdtypes/ns-wsdtypes-wsd_eventing_delivery_mode.md
wsd_eventing_delivery_mode_push	NotifyTo	1	corpus/win32/api/wsdtypes/ns-wsdtypes-wsd_eventing_delivery_mode_push.md
wsd_eventing_expires	Duration	1	corpus/win32/api/wsdtypes/ns-wsdtypes-wsd_eventing_expires.md
wsd_eventing_expires	DateTime	2	corpus/win32/api/wsdtypes/ns-wsdtypes-wsd_eventing_expires.md
wsd_eventing_filter	Dialect	1	corpus/win32/api/wsdtypes/ns-wsdtypes-wsd_eventing_filter.md
wsd_eventing_filter	FilterAction	2	corpus/win32/api/wsdtypes/ns-wsdtypes-wsd_eventing_filter.md
wsd_eventing_filter_action	Actions	1	corpus/win32/api/wsdtypes/ns-wsdtypes-wsd_eventing_filter_action.md
wsd_handler_context	Handler	1	corpus/win32/api/wsdtypes/ns-wsdtypes-wsd_handler_context.md
wsd_handler_context	PVoid	2	corpus/win32/api/wsdtypes/ns-wsdtypes-wsd_handler_context.md
wsd_handler_context	Unknown	3	corpus/win32/api/wsdtypes/ns-wsdtypes-wsd_handler_context.md
wsd_header_relatesto	RelationshipType	1	corpus/win32/api/wsdtypes/ns-wsdtypes-wsd_header_relatesto.md
wsd_header_relatesto	MessageID	2	corpus/win32/api/wsdtypes/ns-wsdtypes-wsd_header_relatesto.md
wsd_hello	EndpointReference	1	corpus/win32/api/wsdtypes/ns-wsdtypes-wsd_hello.md
wsd_hello	Types	2	corpus/win32/api/wsdtypes/ns-wsdtypes-wsd_hello.md
wsd_hello	Scopes	3	corpus/win32/api/wsdtypes/ns-wsdtypes-wsd_hello.md
wsd_hello	XAddrs	4	corpus/win32/api/wsdtypes/ns-wsdtypes-wsd_hello.md
wsd_hello	MetadataVersion	5	corpus/win32/api/wsdtypes/ns-wsdtypes-wsd_hello.md
wsd_hello	Any	6	corpus/win32/api/wsdtypes/ns-wsdtypes-wsd_hello.md
wsd_host_metadata	Host	1	corpus/win32/api/wsdtypes/ns-wsdtypes-wsd_host_metadata.md
wsd_host_metadata	Hosted	2	corpus/win32/api/wsdtypes/ns-wsdtypes-wsd_host_metadata.md
wsd_localized_string	lang	1	corpus/win32/api/wsdtypes/ns-wsdtypes-wsd_localized_string.md
wsd_localized_string	String	2	corpus/win32/api/wsdtypes/ns-wsdtypes-wsd_localized_string.md
wsd_localized_string_list	Next	1	corpus/win32/api/wsdtypes/ns-wsdtypes-wsd_localized_string_list.md
wsd_localized_string_list	Element	2	corpus/win32/api/wsdtypes/ns-wsdtypes-wsd_localized_string_list.md
wsd_metadata_section	Dialect	1	corpus/win32/api/wsdtypes/ns-wsdtypes-wsd_metadata_section.md
wsd_metadata_section	Identifier	2	corpus/win32/api/wsdtypes/ns-wsdtypes-wsd_metadata_section.md
wsd_metadata_section	Data	3	corpus/win32/api/wsdtypes/ns-wsdtypes-wsd_metadata_section.md
wsd_metadata_section	MetadataReference	4	corpus/win32/api/wsdtypes/ns-wsdtypes-wsd_metadata_section.md
wsd_metadata_section	Location	5	corpus/win32/api/wsdtypes/ns-wsdtypes-wsd_metadata_section.md
wsd_metadata_section	Any	6	corpus/win32/api/wsdtypes/ns-wsdtypes-wsd_metadata_section.md
wsd_metadata_section_list	Next	1	corpus/win32/api/wsdtypes/ns-wsdtypes-wsd_metadata_section_list.md
wsd_metadata_section_list	Element	2	corpus/win32/api/wsdtypes/ns-wsdtypes-wsd_metadata_section_list.md
wsd_name_list	Next	1	corpus/win32/api/wsdtypes/ns-wsdtypes-wsd_name_list.md
wsd_name_list	Element	2	corpus/win32/api/wsdtypes/ns-wsdtypes-wsd_name_list.md
wsd_operation	RequestType	1	corpus/win32/api/wsdtypes/ns-wsdtypes-wsd_operation.md
wsd_operation	ResponseType	2	corpus/win32/api/wsdtypes/ns-wsdtypes-wsd_operation.md
wsd_operation	RequestStubFunction	3	corpus/win32/api/wsdtypes/ns-wsdtypes-wsd_operation.md
wsd_port_type	EncodedName	1	corpus/win32/api/wsdtypes/ns-wsdtypes-wsd_port_type.md
wsd_port_type	OperationCount	2	corpus/win32/api/wsdtypes/ns-wsdtypes-wsd_port_type.md
wsd_port_type	Operations	3	corpus/win32/api/wsdtypes/ns-wsdtypes-wsd_port_type.md
wsd_port_type	ProtocolType	4	corpus/win32/api/wsdtypes/ns-wsdtypes-wsd_port_type.md
wsd_probe	Types	1	corpus/win32/api/wsdtypes/ns-wsdtypes-wsd_probe.md
wsd_probe	Scopes	2	corpus/win32/api/wsdtypes/ns-wsdtypes-wsd_probe.md
wsd_probe	Any	3	corpus/win32/api/wsdtypes/ns-wsdtypes-wsd_probe.md
wsd_probe_match	EndpointReference	1	corpus/win32/api/wsdtypes/ns-wsdtypes-wsd_probe_match.md
wsd_probe_match	Types	2	corpus/win32/api/wsdtypes/ns-wsdtypes-wsd_probe_match.md
wsd_probe_match	Scopes	3	corpus/win32/api/wsdtypes/ns-wsdtypes-wsd_probe_match.md
wsd_probe_match	XAddrs	4	corpus/win32/api/wsdtypes/ns-wsdtypes-wsd_probe_match.md
wsd_probe_match	MetadataVersion	5	corpus/win32/api/wsdtypes/ns-wsdtypes-wsd_probe_match.md
wsd_probe_match	Any	6	corpus/win32/api/wsdtypes/ns-wsdtypes-wsd_probe_match.md
wsd_probe_match_list	Next	1	corpus/win32/api/wsdtypes/ns-wsdtypes-wsd_probe_match_list.md
wsd_probe_match_list	Element	2	corpus/win32/api/wsdtypes/ns-wsdtypes-wsd_probe_match_list.md
wsd_probe_matches	ProbeMatch	1	corpus/win32/api/wsdtypes/ns-wsdtypes-wsd_probe_matches.md
wsd_probe_matches	Any	2	corpus/win32/api/wsdtypes/ns-wsdtypes-wsd_probe_matches.md
wsd_reference_parameters	Any	1	corpus/win32/api/wsdtypes/ns-wsdtypes-wsd_reference_parameters.md
wsd_reference_properties	Any	1	corpus/win32/api/wsdtypes/ns-wsdtypes-wsd_reference_properties.md
wsd_relationship_metadata	Type	1	corpus/win32/api/wsdtypes/ns-wsdtypes-wsd_relationship_metadata.md
wsd_relationship_metadata	Data	2	corpus/win32/api/wsdtypes/ns-wsdtypes-wsd_relationship_metadata.md
wsd_relationship_metadata	Any	3	corpus/win32/api/wsdtypes/ns-wsdtypes-wsd_relationship_metadata.md
wsd_resolve	EndpointReference	1	corpus/win32/api/wsdtypes/ns-wsdtypes-wsd_resolve.md
wsd_resolve	Any	2	corpus/win32/api/wsdtypes/ns-wsdtypes-wsd_resolve.md
wsd_resolve_match	EndpointReference	1	corpus/win32/api/wsdtypes/ns-wsdtypes-wsd_resolve_match.md
wsd_resolve_match	Types	2	corpus/win32/api/wsdtypes/ns-wsdtypes-wsd_resolve_match.md
wsd_resolve_match	Scopes	3	corpus/win32/api/wsdtypes/ns-wsdtypes-wsd_resolve_match.md
wsd_resolve_match	XAddrs	4	corpus/win32/api/wsdtypes/ns-wsdtypes-wsd_resolve_match.md
wsd_resolve_match	MetadataVersion	5	corpus/win32/api/wsdtypes/ns-wsdtypes-wsd_resolve_match.md
wsd_resolve_match	Any	6	corpus/win32/api/wsdtypes/ns-wsdtypes-wsd_resolve_match.md
wsd_resolve_matches	ResolveMatch	1	corpus/win32/api/wsdtypes/ns-wsdtypes-wsd_resolve_matches.md
wsd_resolve_matches	Any	2	corpus/win32/api/wsdtypes/ns-wsdtypes-wsd_resolve_matches.md
wsd_scopes	MatchBy	1	corpus/win32/api/wsdtypes/ns-wsdtypes-wsd_scopes.md
wsd_scopes	Scopes	2	corpus/win32/api/wsdtypes/ns-wsdtypes-wsd_scopes.md
wsd_service_metadata	EndpointReference	1	corpus/win32/api/wsdtypes/ns-wsdtypes-wsd_service_metadata.md
wsd_service_metadata	Types	2	corpus/win32/api/wsdtypes/ns-wsdtypes-wsd_service_metadata.md
wsd_service_metadata	ServiceId	3	corpus/win32/api/wsdtypes/ns-wsdtypes-wsd_service_metadata.md
wsd_service_metadata	Any	4	corpus/win32/api/wsdtypes/ns-wsdtypes-wsd_service_metadata.md
wsd_service_metadata_list	Next	1	corpus/win32/api/wsdtypes/ns-wsdtypes-wsd_service_metadata_list.md
wsd_service_metadata_list	Element	2	corpus/win32/api/wsdtypes/ns-wsdtypes-wsd_service_metadata_list.md
wsd_soap_fault	Code	1	corpus/win32/api/wsdtypes/ns-wsdtypes-wsd_soap_fault.md
wsd_soap_fault	Reason	2	corpus/win32/api/wsdtypes/ns-wsdtypes-wsd_soap_fault.md
wsd_soap_fault	Node	3	corpus/win32/api/wsdtypes/ns-wsdtypes-wsd_soap_fault.md
wsd_soap_fault	Role	4	corpus/win32/api/wsdtypes/ns-wsdtypes-wsd_soap_fault.md
wsd_soap_fault	Detail	5	corpus/win32/api/wsdtypes/ns-wsdtypes-wsd_soap_fault.md
wsd_soap_fault_code	Value	1	corpus/win32/api/wsdtypes/ns-wsdtypes-wsd_soap_fault_code.md
wsd_soap_fault_code	Subcode	2	corpus/win32/api/wsdtypes/ns-wsdtypes-wsd_soap_fault_code.md
wsd_soap_fault_reason	Text	1	corpus/win32/api/wsdtypes/ns-wsdtypes-wsd_soap_fault_reason.md
wsd_soap_fault_subcode	Value	1	corpus/win32/api/wsdtypes/ns-wsdtypes-wsd_soap_fault_subcode.md
wsd_soap_fault_subcode	Subcode	2	corpus/win32/api/wsdtypes/ns-wsdtypes-wsd_soap_fault_subcode.md
wsd_soap_header	To	1	corpus/win32/api/wsdtypes/ns-wsdtypes-wsd_soap_header.md
wsd_soap_header	Action	2	corpus/win32/api/wsdtypes/ns-wsdtypes-wsd_soap_header.md
wsd_soap_header	MessageID	3	corpus/win32/api/wsdtypes/ns-wsdtypes-wsd_soap_header.md
wsd_soap_header	RelatesTo	4	corpus/win32/api/wsdtypes/ns-wsdtypes-wsd_soap_header.md
wsd_soap_header	ReplyTo	5	corpus/win32/api/wsdtypes/ns-wsdtypes-wsd_soap_header.md
wsd_soap_header	From	6	corpus/win32/api/wsdtypes/ns-wsdtypes-wsd_soap_header.md
wsd_soap_header	FaultTo	7	corpus/win32/api/wsdtypes/ns-wsdtypes-wsd_soap_header.md
wsd_soap_header	AppSequence	8	corpus/win32/api/wsdtypes/ns-wsdtypes-wsd_soap_header.md
wsd_soap_header	AnyHeaders	9	corpus/win32/api/wsdtypes/ns-wsdtypes-wsd_soap_header.md
wsd_soap_message	Header	1	corpus/win32/api/wsdtypes/ns-wsdtypes-wsd_soap_message.md
wsd_soap_message	Body	2	corpus/win32/api/wsdtypes/ns-wsdtypes-wsd_soap_message.md
wsd_soap_message	BodyType	3	corpus/win32/api/wsdtypes/ns-wsdtypes-wsd_soap_message.md
wsd_synchronous_response_context	hr	1	corpus/win32/api/wsdtypes/ns-wsdtypes-wsd_synchronous_response_context.md
wsd_synchronous_response_context	eventHandle	2	corpus/win32/api/wsdtypes/ns-wsdtypes-wsd_synchronous_response_context.md
wsd_synchronous_response_context	messageParameters	3	corpus/win32/api/wsdtypes/ns-wsdtypes-wsd_synchronous_response_context.md
wsd_synchronous_response_context	results	4	corpus/win32/api/wsdtypes/ns-wsdtypes-wsd_synchronous_response_context.md
wsd_this_device_metadata	FriendlyName	1	corpus/win32/api/wsdtypes/ns-wsdtypes-wsd_this_device_metadata.md
wsd_this_device_metadata	FirmwareVersion	2	corpus/win32/api/wsdtypes/ns-wsdtypes-wsd_this_device_metadata.md
wsd_this_device_metadata	SerialNumber	3	corpus/win32/api/wsdtypes/ns-wsdtypes-wsd_this_device_metadata.md
wsd_this_device_metadata	Any	4	corpus/win32/api/wsdtypes/ns-wsdtypes-wsd_this_device_metadata.md
wsd_this_model_metadata	Manufacturer	1	corpus/win32/api/wsdtypes/ns-wsdtypes-wsd_this_model_metadata.md
wsd_this_model_metadata	ManufacturerUrl	2	corpus/win32/api/wsdtypes/ns-wsdtypes-wsd_this_model_metadata.md
wsd_this_model_metadata	ModelName	3	corpus/win32/api/wsdtypes/ns-wsdtypes-wsd_this_model_metadata.md
wsd_this_model_metadata	ModelNumber	4	corpus/win32/api/wsdtypes/ns-wsdtypes-wsd_this_model_metadata.md
wsd_this_model_metadata	ModelUrl	5	corpus/win32/api/wsdtypes/ns-wsdtypes-wsd_this_model_metadata.md
wsd_this_model_metadata	PresentationUrl	6	corpus/win32/api/wsdtypes/ns-wsdtypes-wsd_this_model_metadata.md
wsd_this_model_metadata	Any	7	corpus/win32/api/wsdtypes/ns-wsdtypes-wsd_this_model_metadata.md
wsd_unknown_lookup	Any	1	corpus/win32/api/wsdtypes/ns-wsdtypes-wsd_unknown_lookup.md
wsd_uri_list	Next	1	corpus/win32/api/wsdtypes/ns-wsdtypes-wsd_uri_list.md
wsd_uri_list	Element	2	corpus/win32/api/wsdtypes/ns-wsdtypes-wsd_uri_list.md
wsdudpmessagetype	TWO_WAY	1	corpus/win32/api/wsdbase/ne-wsdbase-wsdudpmessagetype.md
wsdudpretransmitparams	ulSendDelay	1	corpus/win32/api/wsdbase/ns-wsdbase-wsdudpretransmitparams.md
wsdudpretransmitparams	ulRepeat	2	corpus/win32/api/wsdbase/ns-wsdbase-wsdudpretransmitparams.md
wsdudpretransmitparams	ulRepeatMinDelay	3	corpus/win32/api/wsdbase/ns-wsdbase-wsdudpretransmitparams.md
wsdudpretransmitparams	ulRepeatMaxDelay	4	corpus/win32/api/wsdbase/ns-wsdbase-wsdudpretransmitparams.md
wsdudpretransmitparams	ulRepeatUpperDelay	5	corpus/win32/api/wsdbase/ns-wsdbase-wsdudpretransmitparams.md
wsdxml_attribute	Element	1	corpus/win32/api/wsdxmldom/ns-wsdxmldom-wsdxml_attribute.md
wsdxml_attribute	Next	2	corpus/win32/api/wsdxmldom/ns-wsdxmldom-wsdxml_attribute.md
wsdxml_attribute	Name	3	corpus/win32/api/wsdxmldom/ns-wsdxmldom-wsdxml_attribute.md
wsdxml_attribute	Value	4	corpus/win32/api/wsdxmldom/ns-wsdxmldom-wsdxml_attribute.md
wsdxml_element	Node	1	corpus/win32/api/wsdxmldom/ns-wsdxmldom-wsdxml_element.md
wsdxml_element	Name	2	corpus/win32/api/wsdxmldom/ns-wsdxmldom-wsdxml_element.md
wsdxml_element	FirstAttribute	3	corpus/win32/api/wsdxmldom/ns-wsdxmldom-wsdxml_element.md
wsdxml_element	FirstChild	4	corpus/win32/api/wsdxmldom/ns-wsdxmldom-wsdxml_element.md
wsdxml_element	PrefixMappings	5	corpus/win32/api/wsdxmldom/ns-wsdxmldom-wsdxml_element.md
wsdxml_element_list	Next	1	corpus/win32/api/wsdxmldom/ns-wsdxmldom-wsdxml_element_list.md
wsdxml_element_list	Element	2	corpus/win32/api/wsdxmldom/ns-wsdxmldom-wsdxml_element_list.md
wsdxml_name	Space	1	corpus/win32/api/wsdxmldom/ns-wsdxmldom-wsdxml_name.md
wsdxml_name	LocalName	2	corpus/win32/api/wsdxmldom/ns-wsdxmldom-wsdxml_name.md
wsdxml_namespace	Uri	1	corpus/win32/api/wsdxmldom/ns-wsdxmldom-wsdxml_namespace.md
wsdxml_namespace	PreferredPrefix	2	corpus/win32/api/wsdxmldom/ns-wsdxmldom-wsdxml_namespace.md
wsdxml_namespace	Names	3	corpus/win32/api/wsdxmldom/ns-wsdxmldom-wsdxml_namespace.md
wsdxml_namespace	NamesCount	4	corpus/win32/api/wsdxmldom/ns-wsdxmldom-wsdxml_namespace.md
wsdxml_namespace	Encoding	5	corpus/win32/api/wsdxmldom/ns-wsdxmldom-wsdxml_namespace.md
wsdxml_node	Parent	1	corpus/win32/api/wsdxmldom/ns-wsdxmldom-wsdxml_node.md
wsdxml_node	Next	2	corpus/win32/api/wsdxmldom/ns-wsdxmldom-wsdxml_node.md
wsdxml_prefix_mapping	Refs	1	corpus/win32/api/wsdxmldom/ns-wsdxmldom-wsdxml_prefix_mapping.md
wsdxml_prefix_mapping	Next	2	corpus/win32/api/wsdxmldom/ns-wsdxmldom-wsdxml_prefix_mapping.md
wsdxml_prefix_mapping	Space	3	corpus/win32/api/wsdxmldom/ns-wsdxmldom-wsdxml_prefix_mapping.md
wsdxml_prefix_mapping	Prefix	4	corpus/win32/api/wsdxmldom/ns-wsdxmldom-wsdxml_prefix_mapping.md
wsdxml_text	Node	1	corpus/win32/api/wsdxmldom/ns-wsdxmldom-wsdxml_text.md
wsdxml_text	Text	2	corpus/win32/api/wsdxmldom/ns-wsdxmldom-wsdxml_text.md
wsdxml_type	Uri	1	corpus/win32/api/wsdxmldom/ns-wsdxmldom-wsdxml_type.md
wsdxml_type	Table	2	corpus/win32/api/wsdxmldom/ns-wsdxmldom-wsdxml_type.md
wspdata	wVersion	1	corpus/win32/api/ws2spi/ns-ws2spi-wspdata.md
wspdata	wHighVersion	2	corpus/win32/api/ws2spi/ns-ws2spi-wspdata.md
wspdata	szDescription	3	corpus/win32/api/ws2spi/ns-ws2spi-wspdata.md
xlateobj	iUniq	1	corpus/win32/api/winddi/ns-winddi-xlateobj.md
xlateobj	flXlate	2	corpus/win32/api/winddi/ns-winddi-xlateobj.md
xlateobj	iSrcType	3	corpus/win32/api/winddi/ns-winddi-xlateobj.md
xlateobj	iDstType	4	corpus/win32/api/winddi/ns-winddi-xlateobj.md
xlateobj	cEntries	5	corpus/win32/api/winddi/ns-winddi-xlateobj.md
xlateobj	pulXlate	6	corpus/win32/api/winddi/ns-winddi-xlateobj.md
