name	status	page_entity	statement	page	page_id	set	title	license
BEGIN_EXTENSION_SNAPIN_NODEINFO_MAP	not-supported		In addition, because Windows CE does not support service maps, snap-in objects, or some extended window styles, ATL for Windows CE does not support the following macros:	corpus/msdn-library/datadungeon-2000-04/wceatl/htm/atlapi_1.content.htm	atlapi_1.content	msdn-library/datadungeon-2000-04/wceatl/htm	Unsupported ATL Macros and Global Functions (Windows CE)	msdn-library-copyright
BEGIN_SERVICE_MAP	not-supported		In addition, because Windows CE does not support service maps, snap-in objects, or some extended window styles, ATL for Windows CE does not support the following macros:	corpus/msdn-library/datadungeon-2000-04/wceatl/htm/atlapi_1.content.htm	atlapi_1.content	msdn-library/datadungeon-2000-04/wceatl/htm	Unsupported ATL Macros and Global Functions (Windows CE)	msdn-library-copyright
BEGIN_SNAPINTOOLBARID_MAP	not-supported		In addition, because Windows CE does not support service maps, snap-in objects, or some extended window styles, ATL for Windows CE does not support the following macros:	corpus/msdn-library/datadungeon-2000-04/wceatl/htm/atlapi_1.content.htm	atlapi_1.content	msdn-library/datadungeon-2000-04/wceatl/htm	Unsupported ATL Macros and Global Functions (Windows CE)	msdn-library-copyright
BF_BOTTOMLEFT	not-supported	drawedge	Windows CE Notes The EDGE_BUMP edge flag is not supported The following grfFlags values are not supported:	corpus/mvb/windows-ce-1.0/PEGSDK/AB104D.html	AB104D	mvb/windows-ce-1.0/PEGSDK	DrawEdge	ms-media-copyright
BF_TOPLEFT	not-supported	drawedge	Windows CE Notes The EDGE_BUMP edge flag is not supported The following grfFlags values are not supported:	corpus/mvb/windows-ce-1.0/PEGSDK/AB104D.html	AB104D	mvb/windows-ce-1.0/PEGSDK	DrawEdge	ms-media-copyright
BF_TOPRIGHT	not-supported	drawedge	Windows CE Notes The EDGE_BUMP edge flag is not supported The following grfFlags values are not supported:	corpus/mvb/windows-ce-1.0/PEGSDK/AB104D.html	AB104D	mvb/windows-ce-1.0/PEGSDK	DrawEdge	ms-media-copyright
BS_DIBPATTERN	not-supported	logbrush	Windows CE Notes The following lbStyle values are not supported:	corpus/mvb/windows-ce-1.0/PEGSDK/AC54B.html	AC54B	mvb/windows-ce-1.0/PEGSDK	LOGBRUSH	ms-media-copyright
BS_DIBPATTERN8X8	not-supported	logbrush	Windows CE Notes The following lbStyle values are not supported:	corpus/mvb/windows-ce-1.0/PEGSDK/AC54B.html	AC54B	mvb/windows-ce-1.0/PEGSDK	LOGBRUSH	ms-media-copyright
BS_HATCHED	not-supported	logbrush	Windows CE Notes The following lbStyle values are not supported:	corpus/mvb/windows-ce-1.0/PEGSDK/AC54B.html	AC54B	mvb/windows-ce-1.0/PEGSDK	LOGBRUSH	ms-media-copyright
BS_NULL	only-supported	logbrush	Remarks Windows CE version 1.0 supports only the following lbStyle values:	corpus/msdn-library/wcedevcon-99/wcesdkr/uis_el_14.html	uis_el_14	msdn-library/wcedevcon-99/wcesdkr	LOGBRUSH	msdn-library-copyright
BS_PATTERN	not-supported	logbrush	Windows CE Notes The following lbStyle values are not supported:	corpus/mvb/windows-ce-1.0/PEGSDK/AC54B.html	AC54B	mvb/windows-ce-1.0/PEGSDK	LOGBRUSH	ms-media-copyright
BS_PATTERN8X8	not-supported	logbrush	Windows CE Notes The following lbStyle values are not supported:	corpus/mvb/windows-ce-1.0/PEGSDK/AC54B.html	AC54B	mvb/windows-ce-1.0/PEGSDK	LOGBRUSH	ms-media-copyright
BS_PUSHBOX	not-supported	bm_setstyle	Windows CE Notes The following button styles are not supported:	corpus/mvb/windows-ce-1.0/PEGSDK/AD20A.html	AD20A	mvb/windows-ce-1.0/PEGSDK	BM_SETSTYLE	ms-media-copyright
BS_SOLID	only-supported	logbrush	Remarks Windows CE version 1.0 supports only the following lbStyle values:	corpus/msdn-library/wcedevcon-99/wcesdkr/uis_el_14.html	uis_el_14	msdn-library/wcedevcon-99/wcesdkr	LOGBRUSH	msdn-library-copyright
BS_USERBUTTON	not-supported	bm_setstyle	Windows CE Notes The following button styles are not supported:	corpus/mvb/windows-ce-1.0/PEGSDK/AD20A.html	AD20A	mvb/windows-ce-1.0/PEGSDK	BM_SETSTYLE	ms-media-copyright
CERT_CHAIN_REVOCATION_CHECK_CACHE_ONLY	not-supported	certgetcertificatechain	The desktop operating system supports the following dwFlags flags that Windows CE does not support:	corpus/chm/windows-ce-5.0/wcecertificates5/html/wce50lrfCertGetCertificateChain.html	wce50lrfCertGetCertificateChain	chm/windows-ce-5.0/wcecertificates5/html	CertGetCertificateChain	ms-media-copyright
CERT_CHAIN_REVOCATION_CHECK_CACHE_ONLY	not-supported	certgetcertificatechain	The desktop operating system supports the following dwFlags flags that Windows CE does not support:	corpus/learn/windows-ce-5.0/ms937660(v=msdn.10).html	ms937660(v=msdn.10)	learn/windows-ce-5.0	CertGetCertificateChain (Windows CE 5.0)	learn-tou
CERT_CHAIN_REVOCATION_CHECK_CACHE_ONLY	not-supported	certgetcertificatechain	The desktop platform supports the following dwFlags flags that Windows CE does not support:	corpus/learn/windows-ce-net-4x/ms883844(v=msdn.10).html	ms883844(v=msdn.10)	learn/windows-ce-net-4x	CertGetCertificateChain (Windows CE .NET 4.2)	learn-tou
CERT_CHAIN_REVOCATION_CHECK_CACHE_ONLY	not-supported	certgetcertificatechain	The desktop operating system supports the following dwFlags flags that Windows Embedded CE does not support:	corpus/learn/windows-embedded-ce-6.0/ee498136(v=winembedded.60).html	ee498136(v=winembedded.60)	learn/windows-embedded-ce-6.0	CertGetCertificateChain (Windows Embedded CE 6.0)	learn-tou
CERT_CHAIN_REVOCATION_CHECK_CHAIN	not-supported	certgetcertificatechain	The desktop operating system supports the following dwFlags flags that Windows CE does not support:	corpus/chm/windows-ce-5.0/wcecertificates5/html/wce50lrfCertGetCertificateChain.html	wce50lrfCertGetCertificateChain	chm/windows-ce-5.0/wcecertificates5/html	CertGetCertificateChain	ms-media-copyright
CERT_CHAIN_REVOCATION_CHECK_CHAIN	not-supported	certgetcertificatechain	The desktop operating system supports the following dwFlags flags that Windows CE does not support:	corpus/learn/windows-ce-5.0/ms937660(v=msdn.10).html	ms937660(v=msdn.10)	learn/windows-ce-5.0	CertGetCertificateChain (Windows CE 5.0)	learn-tou
CERT_CHAIN_REVOCATION_CHECK_CHAIN	not-supported	certgetcertificatechain	The desktop platform supports the following dwFlags flags that Windows CE does not support:	corpus/learn/windows-ce-net-4x/ms883844(v=msdn.10).html	ms883844(v=msdn.10)	learn/windows-ce-net-4x	CertGetCertificateChain (Windows CE .NET 4.2)	learn-tou
CERT_CHAIN_REVOCATION_CHECK_CHAIN	not-supported	certgetcertificatechain	The desktop operating system supports the following dwFlags flags that Windows Embedded CE does not support:	corpus/learn/windows-embedded-ce-6.0/ee498136(v=winembedded.60).html	ee498136(v=winembedded.60)	learn/windows-embedded-ce-6.0	CertGetCertificateChain (Windows Embedded CE 6.0)	learn-tou
CERT_CHAIN_REVOCATION_CHECK_CHAIN_EXCLUDE_ROOT	not-supported	certgetcertificatechain	The desktop operating system supports the following dwFlags flags that Windows CE does not support:	corpus/chm/windows-ce-5.0/wcecertificates5/html/wce50lrfCertGetCertificateChain.html	wce50lrfCertGetCertificateChain	chm/windows-ce-5.0/wcecertificates5/html	CertGetCertificateChain	ms-media-copyright
CERT_CHAIN_REVOCATION_CHECK_CHAIN_EXCLUDE_ROOT	not-supported	certgetcertificatechain	The desktop operating system supports the following dwFlags flags that Windows CE does not support:	corpus/learn/windows-ce-5.0/ms937660(v=msdn.10).html	ms937660(v=msdn.10)	learn/windows-ce-5.0	CertGetCertificateChain (Windows CE 5.0)	learn-tou
CERT_CHAIN_REVOCATION_CHECK_CHAIN_EXCLUDE_ROOT	not-supported	certgetcertificatechain	The desktop platform supports the following dwFlags flags that Windows CE does not support:	corpus/learn/windows-ce-net-4x/ms883844(v=msdn.10).html	ms883844(v=msdn.10)	learn/windows-ce-net-4x	CertGetCertificateChain (Windows CE .NET 4.2)	learn-tou
CERT_CHAIN_REVOCATION_CHECK_CHAIN_EXCLUDE_ROOT	not-supported	certgetcertificatechain	The desktop operating system supports the following dwFlags flags that Windows Embedded CE does not support:	corpus/learn/windows-embedded-ce-6.0/ee498136(v=winembedded.60).html	ee498136(v=winembedded.60)	learn/windows-embedded-ce-6.0	CertGetCertificateChain (Windows Embedded CE 6.0)	learn-tou
CERT_CHAIN_REVOCATION_CHECK_END_CERT	not-supported	certgetcertificatechain	The desktop operating system supports the following dwFlags flags that Windows CE does not support:	corpus/chm/windows-ce-5.0/wcecertificates5/html/wce50lrfCertGetCertificateChain.html	wce50lrfCertGetCertificateChain	chm/windows-ce-5.0/wcecertificates5/html	CertGetCertificateChain	ms-media-copyright
CERT_CHAIN_REVOCATION_CHECK_END_CERT	not-supported	certgetcertificatechain	The desktop operating system supports the following dwFlags flags that Windows CE does not support:	corpus/learn/windows-ce-5.0/ms937660(v=msdn.10).html	ms937660(v=msdn.10)	learn/windows-ce-5.0	CertGetCertificateChain (Windows CE 5.0)	learn-tou
CERT_CHAIN_REVOCATION_CHECK_END_CERT	not-supported	certgetcertificatechain	The desktop platform supports the following dwFlags flags that Windows CE does not support:	corpus/learn/windows-ce-net-4x/ms883844(v=msdn.10).html	ms883844(v=msdn.10)	learn/windows-ce-net-4x	CertGetCertificateChain (Windows CE .NET 4.2)	learn-tou
CERT_CHAIN_REVOCATION_CHECK_END_CERT	not-supported	certgetcertificatechain	The desktop operating system supports the following dwFlags flags that Windows Embedded CE does not support:	corpus/learn/windows-embedded-ce-6.0/ee498136(v=winembedded.60).html	ee498136(v=winembedded.60)	learn/windows-embedded-ce-6.0	CertGetCertificateChain (Windows Embedded CE 6.0)	learn-tou
CERT_STORE_CRL_CONTEXT	not-supported	certaddserializedelementtostore	The desktop operating system supports the following flags that Windows CE does not support:	corpus/chm/windows-ce-5.0/wcecertificates5/html/wce50lrfCertAddSerializedElementToStore.html	wce50lrfCertAddSerializedElementToStore	chm/windows-ce-5.0/wcecertificates5/html	CertAddSerializedElementToStore	ms-media-copyright
CERT_STORE_CRL_CONTEXT	not-supported	certaddserializedelementtostore	The desktop operating system supports the following flags that Windows CE does not support:	corpus/learn/windows-ce-5.0/ms937022(v=msdn.10).html	ms937022(v=msdn.10)	learn/windows-ce-5.0	CertAddSerializedElementToStore (Windows CE 5.0)	learn-tou
CERT_STORE_CRL_CONTEXT	not-supported	certaddserializedelementtostore	The desktop platform supports the following flags that Windows CE does not support:	corpus/learn/windows-ce-net-4x/ms883734(v=msdn.10).html	ms883734(v=msdn.10)	learn/windows-ce-net-4x	CertAddSerializedElementToStore (Windows CE .NET 4.2)	learn-tou
CERT_STORE_CRL_CONTEXT	not-supported	certaddserializedelementtostore	The desktop operating system supports the following flags that Windows Embedded CE does not support:	corpus/learn/windows-embedded-ce-6.0/ee498342(v=winembedded.60).html	ee498342(v=winembedded.60)	learn/windows-embedded-ce-6.0	CertAddSerializedElementToStore (Windows Embedded CE 6.0)	learn-tou
CERT_STORE_CRL_CONTEXT_FLAG	not-supported	certaddserializedelementtostore	The desktop operating system supports the following flags that Windows CE does not support:	corpus/chm/windows-ce-5.0/wcecertificates5/html/wce50lrfCertAddSerializedElementToStore.html	wce50lrfCertAddSerializedElementToStore	chm/windows-ce-5.0/wcecertificates5/html	CertAddSerializedElementToStore	ms-media-copyright
CERT_STORE_CRL_CONTEXT_FLAG	not-supported	certaddserializedelementtostore	The desktop operating system supports the following flags that Windows CE does not support:	corpus/learn/windows-ce-5.0/ms937022(v=msdn.10).html	ms937022(v=msdn.10)	learn/windows-ce-5.0	CertAddSerializedElementToStore (Windows CE 5.0)	learn-tou
CERT_STORE_CRL_CONTEXT_FLAG	not-supported	certaddserializedelementtostore	The desktop platform supports the following flags that Windows CE does not support:	corpus/learn/windows-ce-net-4x/ms883734(v=msdn.10).html	ms883734(v=msdn.10)	learn/windows-ce-net-4x	CertAddSerializedElementToStore (Windows CE .NET 4.2)	learn-tou
CERT_STORE_CRL_CONTEXT_FLAG	not-supported	certaddserializedelementtostore	The desktop operating system supports the following flags that Windows Embedded CE does not support:	corpus/learn/windows-embedded-ce-6.0/ee498342(v=winembedded.60).html	ee498342(v=winembedded.60)	learn/windows-embedded-ce-6.0	CertAddSerializedElementToStore (Windows Embedded CE 6.0)	learn-tou
CERT_STORE_PROV_COLLECTION	not-supported	certopenstore	The desktop operating system supports the following lpzStoreProvider flags that Windows CE does not support:	corpus/chm/windows-ce-5.0/wcecertificates5/html/wce50lrfCertOpenStore.html	wce50lrfCertOpenStore	chm/windows-ce-5.0/wcecertificates5/html	CertOpenStore	ms-media-copyright
CERT_STORE_PROV_COLLECTION	not-supported	certopenstore	The desktop operating system supports the following lpzStoreProvider flags that Windows CE does not support:	corpus/learn/windows-ce-5.0/ms937683(v=msdn.10).html	ms937683(v=msdn.10)	learn/windows-ce-5.0	CertOpenStore (Windows CE 5.0)	learn-tou
CERT_STORE_PROV_COLLECTION	not-supported	certopenstore	The desktop platform supports the following lpzStoreProvider flags that Windows CE does not support:	corpus/learn/windows-ce-net-4x/ms883897(v=msdn.10).html	ms883897(v=msdn.10)	learn/windows-ce-net-4x	CertOpenStore (Windows CE .NET 4.2)	learn-tou
CERT_STORE_PROV_COLLECTION	not-supported	certopenstore	The desktop operating system supports the following lpzStoreProvider flags that Windows Embedded CE does not support:	corpus/learn/windows-embedded-ce-6.0/ee498874(v=winembedded.60).html	ee498874(v=winembedded.60)	learn/windows-embedded-ce-6.0	CertOpenStore (Windows Embedded CE 6.0)	learn-tou
CERT_STORE_PROV_FILENAME	not-supported	certopenstore	The desktop operating system supports the following lpzStoreProvider flags that Windows CE does not support:	corpus/chm/windows-ce-5.0/wcecertificates5/html/wce50lrfCertOpenStore.html	wce50lrfCertOpenStore	chm/windows-ce-5.0/wcecertificates5/html	CertOpenStore	ms-media-copyright
CERT_STORE_PROV_FILENAME	not-supported	certopenstore	The desktop operating system supports the following lpzStoreProvider flags that Windows CE does not support:	corpus/learn/windows-ce-5.0/ms937683(v=msdn.10).html	ms937683(v=msdn.10)	learn/windows-ce-5.0	CertOpenStore (Windows CE 5.0)	learn-tou
CERT_STORE_PROV_FILENAME	not-supported	certopenstore	The desktop platform supports the following lpzStoreProvider flags that Windows CE does not support:	corpus/learn/windows-ce-net-4x/ms883897(v=msdn.10).html	ms883897(v=msdn.10)	learn/windows-ce-net-4x	CertOpenStore (Windows CE .NET 4.2)	learn-tou
CERT_STORE_PROV_FILENAME	not-supported	certopenstore	The desktop operating system supports the following lpzStoreProvider flags that Windows Embedded CE does not support:	corpus/learn/windows-embedded-ce-6.0/ee498874(v=winembedded.60).html	ee498874(v=winembedded.60)	learn/windows-embedded-ce-6.0	CertOpenStore (Windows Embedded CE 6.0)	learn-tou
CERT_STORE_PROV_LDAP	not-supported	certopenstore	The desktop operating system supports the following lpzStoreProvider flags that Windows CE does not support:	corpus/chm/windows-ce-5.0/wcecertificates5/html/wce50lrfCertOpenStore.html	wce50lrfCertOpenStore	chm/windows-ce-5.0/wcecertificates5/html	CertOpenStore	ms-media-copyright
CERT_STORE_PROV_LDAP	not-supported	certopenstore	The desktop operating system supports the following lpzStoreProvider flags that Windows CE does not support:	corpus/learn/windows-ce-5.0/ms937683(v=msdn.10).html	ms937683(v=msdn.10)	learn/windows-ce-5.0	CertOpenStore (Windows CE 5.0)	learn-tou
CERT_STORE_PROV_LDAP	not-supported	certopenstore	The desktop platform supports the following lpzStoreProvider flags that Windows CE does not support:	corpus/learn/windows-ce-net-4x/ms883897(v=msdn.10).html	ms883897(v=msdn.10)	learn/windows-ce-net-4x	CertOpenStore (Windows CE .NET 4.2)	learn-tou
CERT_STORE_PROV_LDAP	not-supported	certopenstore	The desktop operating system supports the following lpzStoreProvider flags that Windows Embedded CE does not support:	corpus/learn/windows-embedded-ce-6.0/ee498874(v=winembedded.60).html	ee498874(v=winembedded.60)	learn/windows-embedded-ce-6.0	CertOpenStore (Windows Embedded CE 6.0)	learn-tou
CERT_STORE_PROV_MSG	not-supported	certopenstore	The desktop operating system supports the following lpzStoreProvider flags that Windows CE does not support:	corpus/chm/windows-ce-5.0/wcecertificates5/html/wce50lrfCertOpenStore.html	wce50lrfCertOpenStore	chm/windows-ce-5.0/wcecertificates5/html	CertOpenStore	ms-media-copyright
CERT_STORE_PROV_MSG	not-supported	certopenstore	The desktop operating system supports the following lpzStoreProvider flags that Windows CE does not support:	corpus/learn/windows-ce-5.0/ms937683(v=msdn.10).html	ms937683(v=msdn.10)	learn/windows-ce-5.0	CertOpenStore (Windows CE 5.0)	learn-tou
CERT_STORE_PROV_MSG	not-supported	certopenstore	The desktop platform supports the following lpzStoreProvider flags that Windows CE does not support:	corpus/learn/windows-ce-net-4x/ms883897(v=msdn.10).html	ms883897(v=msdn.10)	learn/windows-ce-net-4x	CertOpenStore (Windows CE .NET 4.2)	learn-tou
CERT_STORE_PROV_MSG	not-supported	certopenstore	The desktop operating system supports the following lpzStoreProvider flags that Windows Embedded CE does not support:	corpus/learn/windows-embedded-ce-6.0/ee498874(v=winembedded.60).html	ee498874(v=winembedded.60)	learn/windows-embedded-ce-6.0	CertOpenStore (Windows Embedded CE 6.0)	learn-tou
CERT_STORE_PROV_PKCS7	not-supported	certopenstore	The desktop operating system supports the following lpzStoreProvider flags that Windows CE does not support:	corpus/chm/windows-ce-5.0/wcecertificates5/html/wce50lrfCertOpenStore.html	wce50lrfCertOpenStore	chm/windows-ce-5.0/wcecertificates5/html	CertOpenStore	ms-media-copyright
CERT_STORE_PROV_PKCS7	not-supported	certopenstore	The desktop operating system supports the following lpzStoreProvider flags that Windows CE does not support:	corpus/learn/windows-ce-5.0/ms937683(v=msdn.10).html	ms937683(v=msdn.10)	learn/windows-ce-5.0	CertOpenStore (Windows CE 5.0)	learn-tou
CERT_STORE_PROV_PKCS7	not-supported	certopenstore	The desktop platform supports the following lpzStoreProvider flags that Windows CE does not support:	corpus/learn/windows-ce-net-4x/ms883897(v=msdn.10).html	ms883897(v=msdn.10)	learn/windows-ce-net-4x	CertOpenStore (Windows CE .NET 4.2)	learn-tou
CERT_SYSTEM_STORE_CURRENT_SERVICE	not-supported	certenumsystemstore	The desktop operating system supports the following dwFlags that Windows CE does not support:	corpus/chm/windows-ce-5.0/wcecertificates5/html/wce50lrfCertEnumSystemStore.html	wce50lrfCertEnumSystemStore	chm/windows-ce-5.0/wcecertificates5/html	CertEnumSystemStore	ms-media-copyright
CERT_SYSTEM_STORE_CURRENT_SERVICE	not-supported	certopenstore	lowing lpzStoreProvider flags that Windows CE does not support: CERT_STORE_PROV_COLLECTION CERT_STORE_PROV_FILENAME CERT_STORE_PROV_LDAP CERT_STORE_PROV_MSG CERT_STORE_PROV_PKCS7 The desktop operating system supports the following defined high-word values associated with system store providers that 	corpus/chm/windows-ce-5.0/wcecertificates5/html/wce50lrfCertOpenStore.html	wce50lrfCertOpenStore	chm/windows-ce-5.0/wcecertificates5/html	CertOpenStore	ms-media-copyright
CERT_SYSTEM_STORE_CURRENT_SERVICE	not-supported	certenumphysicalstore	The desktop operating system supports the following dwFlags that Windows CE does not support:	corpus/learn/windows-ce-5.0/aa452564(v=msdn.10).html	aa452564(v=msdn.10)	learn/windows-ce-5.0	CertEnumPhysicalStore (Windows CE 5.0)	learn-tou
CERT_SYSTEM_STORE_CURRENT_SERVICE	not-supported	certenumsystemstore	The desktop operating system supports the following dwFlags that Windows CE does not support:	corpus/learn/windows-ce-5.0/ms937645(v=msdn.10).html	ms937645(v=msdn.10)	learn/windows-ce-5.0	CertEnumSystemStore (Windows CE 5.0)	learn-tou
CERT_SYSTEM_STORE_CURRENT_SERVICE	not-supported	certopenstore	lowing lpzStoreProvider flags that Windows CE does not support: CERT_STORE_PROV_COLLECTION CERT_STORE_PROV_FILENAME CERT_STORE_PROV_LDAP CERT_STORE_PROV_MSG CERT_STORE_PROV_PKCS7 The desktop operating system supports the following defined high-word values associated with system store providers that 	corpus/learn/windows-ce-5.0/ms937683(v=msdn.10).html	ms937683(v=msdn.10)	learn/windows-ce-5.0	CertOpenStore (Windows CE 5.0)	learn-tou
CERT_SYSTEM_STORE_CURRENT_SERVICE	not-supported	certenumsystemstore	The desktop platform supports the following dwFlags that Windows CE does not support:	corpus/learn/windows-ce-net-4x/ms883804(v=msdn.10).html	ms883804(v=msdn.10)	learn/windows-ce-net-4x	CertEnumSystemStore (Windows CE .NET 4.2)	learn-tou
CERT_SYSTEM_STORE_CURRENT_SERVICE	not-supported	certopenstore	the following lpzStoreProvider flags that Windows CE does not support: CERT_STORE_PROV_COLLECTION CERT_STORE_PROV_FILENAME CERT_STORE_PROV_LDAP CERT_STORE_PROV_MSG CERT_STORE_PROV_PKCS7 The desktop platform supports the following defined high-word values associated with system store providers that W	corpus/learn/windows-ce-net-4x/ms883897(v=msdn.10).html	ms883897(v=msdn.10)	learn/windows-ce-net-4x	CertOpenStore (Windows CE .NET 4.2)	learn-tou
CERT_SYSTEM_STORE_CURRENT_SERVICE	not-supported	certenumphysicalstore	The desktop operating system supports the following dwFlags that Windows Embedded CE does not support:	corpus/learn/windows-embedded-ce-6.0/ee498173(v=winembedded.60).html	ee498173(v=winembedded.60)	learn/windows-embedded-ce-6.0	CertEnumPhysicalStore (Windows Embedded CE 6.0)	learn-tou
CERT_SYSTEM_STORE_CURRENT_SERVICE	not-supported	certenumsystemstore	The desktop operating system supports the following dwFlags that Windows Embedded CE does not support:	corpus/learn/windows-embedded-ce-6.0/ee498597(v=winembedded.60).html	ee498597(v=winembedded.60)	learn/windows-embedded-ce-6.0	CertEnumSystemStore (Windows Embedded CE 6.0)	learn-tou
CERT_SYSTEM_STORE_CURRENT_SERVICE	not-supported	certopenstore	ports the following lpzStoreProvider flags that Windows Embedded CE does not support: CERT_STORE_PROV_COLLECTION CERT_STORE_PROV_FILENAME CERT_STORE_PROV_LDAP CERT_STORE_PROV_MSG The desktop operating system supports the following defined high-word values associated with system store providers that 	corpus/learn/windows-embedded-ce-6.0/ee498874(v=winembedded.60).html	ee498874(v=winembedded.60)	learn/windows-embedded-ce-6.0	CertOpenStore (Windows Embedded CE 6.0)	learn-tou
CERT_SYSTEM_STORE_CURRENT_USER_GROUP_POLICY	not-supported	certenumsystemstore	The desktop operating system supports the following dwFlags that Windows CE does not support:	corpus/chm/windows-ce-5.0/wcecertificates5/html/wce50lrfCertEnumSystemStore.html	wce50lrfCertEnumSystemStore	chm/windows-ce-5.0/wcecertificates5/html	CertEnumSystemStore	ms-media-copyright
CERT_SYSTEM_STORE_CURRENT_USER_GROUP_POLICY	not-supported	certenumphysicalstore	The desktop operating system supports the following dwFlags that Windows CE does not support:	corpus/learn/windows-ce-5.0/aa452564(v=msdn.10).html	aa452564(v=msdn.10)	learn/windows-ce-5.0	CertEnumPhysicalStore (Windows CE 5.0)	learn-tou
CERT_SYSTEM_STORE_CURRENT_USER_GROUP_POLICY	not-supported	certenumsystemstore	The desktop operating system supports the following dwFlags that Windows CE does not support:	corpus/learn/windows-ce-5.0/ms937645(v=msdn.10).html	ms937645(v=msdn.10)	learn/windows-ce-5.0	CertEnumSystemStore (Windows CE 5.0)	learn-tou
CERT_SYSTEM_STORE_CURRENT_USER_GROUP_POLICY	not-supported	certenumsystemstore	The desktop platform supports the following dwFlags that Windows CE does not support:	corpus/learn/windows-ce-net-4x/ms883804(v=msdn.10).html	ms883804(v=msdn.10)	learn/windows-ce-net-4x	CertEnumSystemStore (Windows CE .NET 4.2)	learn-tou
CERT_SYSTEM_STORE_CURRENT_USER_GROUP_POLICY	not-supported	certenumphysicalstore	The desktop operating system supports the following dwFlags that Windows Embedded CE does not support:	corpus/learn/windows-embedded-ce-6.0/ee498173(v=winembedded.60).html	ee498173(v=winembedded.60)	learn/windows-embedded-ce-6.0	CertEnumPhysicalStore (Windows Embedded CE 6.0)	learn-tou
CERT_SYSTEM_STORE_CURRENT_USER_GROUP_POLICY	not-supported	certenumsystemstore	The desktop operating system supports the following dwFlags that Windows Embedded CE does not support:	corpus/learn/windows-embedded-ce-6.0/ee498597(v=winembedded.60).html	ee498597(v=winembedded.60)	learn/windows-embedded-ce-6.0	CertEnumSystemStore (Windows Embedded CE 6.0)	learn-tou
CERT_SYSTEM_STORE_CURREN_USER_GROUP_POLICY	not-supported	certopenstore	lowing lpzStoreProvider flags that Windows CE does not support: CERT_STORE_PROV_COLLECTION CERT_STORE_PROV_FILENAME CERT_STORE_PROV_LDAP CERT_STORE_PROV_MSG CERT_STORE_PROV_PKCS7 The desktop operating system supports the following defined high-word values associated with system store providers that 	corpus/chm/windows-ce-5.0/wcecertificates5/html/wce50lrfCertOpenStore.html	wce50lrfCertOpenStore	chm/windows-ce-5.0/wcecertificates5/html	CertOpenStore	ms-media-copyright
CERT_SYSTEM_STORE_CURREN_USER_GROUP_POLICY	not-supported	certopenstore	lowing lpzStoreProvider flags that Windows CE does not support: CERT_STORE_PROV_COLLECTION CERT_STORE_PROV_FILENAME CERT_STORE_PROV_LDAP CERT_STORE_PROV_MSG CERT_STORE_PROV_PKCS7 The desktop operating system supports the following defined high-word values associated with system store providers that 	corpus/learn/windows-ce-5.0/ms937683(v=msdn.10).html	ms937683(v=msdn.10)	learn/windows-ce-5.0	CertOpenStore (Windows CE 5.0)	learn-tou
CERT_SYSTEM_STORE_CURREN_USER_GROUP_POLICY	not-supported	certopenstore	the following lpzStoreProvider flags that Windows CE does not support: CERT_STORE_PROV_COLLECTION CERT_STORE_PROV_FILENAME CERT_STORE_PROV_LDAP CERT_STORE_PROV_MSG CERT_STORE_PROV_PKCS7 The desktop platform supports the following defined high-word values associated with system store providers that W	corpus/learn/windows-ce-net-4x/ms883897(v=msdn.10).html	ms883897(v=msdn.10)	learn/windows-ce-net-4x	CertOpenStore (Windows CE .NET 4.2)	learn-tou
CERT_SYSTEM_STORE_CURREN_USER_GROUP_POLICY	not-supported	certopenstore	ports the following lpzStoreProvider flags that Windows Embedded CE does not support: CERT_STORE_PROV_COLLECTION CERT_STORE_PROV_FILENAME CERT_STORE_PROV_LDAP CERT_STORE_PROV_MSG The desktop operating system supports the following defined high-word values associated with system store providers that 	corpus/learn/windows-embedded-ce-6.0/ee498874(v=winembedded.60).html	ee498874(v=winembedded.60)	learn/windows-embedded-ce-6.0	CertOpenStore (Windows Embedded CE 6.0)	learn-tou
CERT_SYSTEM_STORE_LOCAL_MACHINE_ENTERPRISE	not-supported	certenumsystemstore	The desktop operating system supports the following dwFlags that Windows CE does not support:	corpus/chm/windows-ce-5.0/wcecertificates5/html/wce50lrfCertEnumSystemStore.html	wce50lrfCertEnumSystemStore	chm/windows-ce-5.0/wcecertificates5/html	CertEnumSystemStore	ms-media-copyright
CERT_SYSTEM_STORE_LOCAL_MACHINE_ENTERPRISE	not-supported	certopenstore	lowing lpzStoreProvider flags that Windows CE does not support: CERT_STORE_PROV_COLLECTION CERT_STORE_PROV_FILENAME CERT_STORE_PROV_LDAP CERT_STORE_PROV_MSG CERT_STORE_PROV_PKCS7 The desktop operating system supports the following defined high-word values associated with system store providers that 	corpus/chm/windows-ce-5.0/wcecertificates5/html/wce50lrfCertOpenStore.html	wce50lrfCertOpenStore	chm/windows-ce-5.0/wcecertificates5/html	CertOpenStore	ms-media-copyright
CERT_SYSTEM_STORE_LOCAL_MACHINE_ENTERPRISE	not-supported	certenumphysicalstore	The desktop operating system supports the following dwFlags that Windows CE does not support:	corpus/learn/windows-ce-5.0/aa452564(v=msdn.10).html	aa452564(v=msdn.10)	learn/windows-ce-5.0	CertEnumPhysicalStore (Windows CE 5.0)	learn-tou
CERT_SYSTEM_STORE_LOCAL_MACHINE_ENTERPRISE	not-supported	certenumsystemstore	The desktop operating system supports the following dwFlags that Windows CE does not support:	corpus/learn/windows-ce-5.0/ms937645(v=msdn.10).html	ms937645(v=msdn.10)	learn/windows-ce-5.0	CertEnumSystemStore (Windows CE 5.0)	learn-tou
CERT_SYSTEM_STORE_LOCAL_MACHINE_ENTERPRISE	not-supported	certopenstore	lowing lpzStoreProvider flags that Windows CE does not support: CERT_STORE_PROV_COLLECTION CERT_STORE_PROV_FILENAME CERT_STORE_PROV_LDAP CERT_STORE_PROV_MSG CERT_STORE_PROV_PKCS7 The desktop operating system supports the following defined high-word values associated with system store providers that 	corpus/learn/windows-ce-5.0/ms937683(v=msdn.10).html	ms937683(v=msdn.10)	learn/windows-ce-5.0	CertOpenStore (Windows CE 5.0)	learn-tou
CERT_SYSTEM_STORE_LOCAL_MACHINE_ENTERPRISE	not-supported	certenumsystemstore	The desktop platform supports the following dwFlags that Windows CE does not support:	corpus/learn/windows-ce-net-4x/ms883804(v=msdn.10).html	ms883804(v=msdn.10)	learn/windows-ce-net-4x	CertEnumSystemStore (Windows CE .NET 4.2)	learn-tou
CERT_SYSTEM_STORE_LOCAL_MACHINE_ENTERPRISE	not-supported	certopenstore	the following lpzStoreProvider flags that Windows CE does not support: CERT_STORE_PROV_COLLECTION CERT_STORE_PROV_FILENAME CERT_STORE_PROV_LDAP CERT_STORE_PROV_MSG CERT_STORE_PROV_PKCS7 The desktop platform supports the following defined high-word values associated with system store providers that W	corpus/learn/windows-ce-net-4x/ms883897(v=msdn.10).html	ms883897(v=msdn.10)	learn/windows-ce-net-4x	CertOpenStore (Windows CE .NET 4.2)	learn-tou
CERT_SYSTEM_STORE_LOCAL_MACHINE_ENTERPRISE	not-supported	certenumphysicalstore	The desktop operating system supports the following dwFlags that Windows Embedded CE does not support:	corpus/learn/windows-embedded-ce-6.0/ee498173(v=winembedded.60).html	ee498173(v=winembedded.60)	learn/windows-embedded-ce-6.0	CertEnumPhysicalStore (Windows Embedded CE 6.0)	learn-tou
CERT_SYSTEM_STORE_LOCAL_MACHINE_ENTERPRISE	not-supported	certenumsystemstore	The desktop operating system supports the following dwFlags that Windows Embedded CE does not support:	corpus/learn/windows-embedded-ce-6.0/ee498597(v=winembedded.60).html	ee498597(v=winembedded.60)	learn/windows-embedded-ce-6.0	CertEnumSystemStore (Windows Embedded CE 6.0)	learn-tou
CERT_SYSTEM_STORE_LOCAL_MACHINE_ENTERPRISE	not-supported	certopenstore	ports the following lpzStoreProvider flags that Windows Embedded CE does not support: CERT_STORE_PROV_COLLECTION CERT_STORE_PROV_FILENAME CERT_STORE_PROV_LDAP CERT_STORE_PROV_MSG The desktop operating system supports the following defined high-word values associated with system store providers that 	corpus/learn/windows-embedded-ce-6.0/ee498874(v=winembedded.60).html	ee498874(v=winembedded.60)	learn/windows-embedded-ce-6.0	CertOpenStore (Windows Embedded CE 6.0)	learn-tou
CERT_SYSTEM_STORE_LOCAL_MACHINE_GROUP_POLICY	not-supported	certenumsystemstore	The desktop operating system supports the following dwFlags that Windows CE does not support:	corpus/chm/windows-ce-5.0/wcecertificates5/html/wce50lrfCertEnumSystemStore.html	wce50lrfCertEnumSystemStore	chm/windows-ce-5.0/wcecertificates5/html	CertEnumSystemStore	ms-media-copyright
CERT_SYSTEM_STORE_LOCAL_MACHINE_GROUP_POLICY	not-supported	certopenstore	lowing lpzStoreProvider flags that Windows CE does not support: CERT_STORE_PROV_COLLECTION CERT_STORE_PROV_FILENAME CERT_STORE_PROV_LDAP CERT_STORE_PROV_MSG CERT_STORE_PROV_PKCS7 The desktop operating system supports the following defined high-word values associated with system store providers that 	corpus/chm/windows-ce-5.0/wcecertificates5/html/wce50lrfCertOpenStore.html	wce50lrfCertOpenStore	chm/windows-ce-5.0/wcecertificates5/html	CertOpenStore	ms-media-copyright
CERT_SYSTEM_STORE_LOCAL_MACHINE_GROUP_POLICY	not-supported	certenumphysicalstore	The desktop operating system supports the following dwFlags that Windows CE does not support:	corpus/learn/windows-ce-5.0/aa452564(v=msdn.10).html	aa452564(v=msdn.10)	learn/windows-ce-5.0	CertEnumPhysicalStore (Windows CE 5.0)	learn-tou
CERT_SYSTEM_STORE_LOCAL_MACHINE_GROUP_POLICY	not-supported	certenumsystemstore	The desktop operating system supports the following dwFlags that Windows CE does not support:	corpus/learn/windows-ce-5.0/ms937645(v=msdn.10).html	ms937645(v=msdn.10)	learn/windows-ce-5.0	CertEnumSystemStore (Windows CE 5.0)	learn-tou
CERT_SYSTEM_STORE_LOCAL_MACHINE_GROUP_POLICY	not-supported	certopenstore	lowing lpzStoreProvider flags that Windows CE does not support: CERT_STORE_PROV_COLLECTION CERT_STORE_PROV_FILENAME CERT_STORE_PROV_LDAP CERT_STORE_PROV_MSG CERT_STORE_PROV_PKCS7 The desktop operating system supports the following defined high-word values associated with system store providers that 	corpus/learn/windows-ce-5.0/ms937683(v=msdn.10).html	ms937683(v=msdn.10)	learn/windows-ce-5.0	CertOpenStore (Windows CE 5.0)	learn-tou
CERT_SYSTEM_STORE_LOCAL_MACHINE_GROUP_POLICY	not-supported	certenumsystemstore	The desktop platform supports the following dwFlags that Windows CE does not support:	corpus/learn/windows-ce-net-4x/ms883804(v=msdn.10).html	ms883804(v=msdn.10)	learn/windows-ce-net-4x	CertEnumSystemStore (Windows CE .NET 4.2)	learn-tou
CERT_SYSTEM_STORE_LOCAL_MACHINE_GROUP_POLICY	not-supported	certopenstore	the following lpzStoreProvider flags that Windows CE does not support: CERT_STORE_PROV_COLLECTION CERT_STORE_PROV_FILENAME CERT_STORE_PROV_LDAP CERT_STORE_PROV_MSG CERT_STORE_PROV_PKCS7 The desktop platform supports the following defined high-word values associated with system store providers that W	corpus/learn/windows-ce-net-4x/ms883897(v=msdn.10).html	ms883897(v=msdn.10)	learn/windows-ce-net-4x	CertOpenStore (Windows CE .NET 4.2)	learn-tou
CERT_SYSTEM_STORE_LOCAL_MACHINE_GROUP_POLICY	not-supported	certenumphysicalstore	The desktop operating system supports the following dwFlags that Windows Embedded CE does not support:	corpus/learn/windows-embedded-ce-6.0/ee498173(v=winembedded.60).html	ee498173(v=winembedded.60)	learn/windows-embedded-ce-6.0	CertEnumPhysicalStore (Windows Embedded CE 6.0)	learn-tou
CERT_SYSTEM_STORE_LOCAL_MACHINE_GROUP_POLICY	not-supported	certenumsystemstore	The desktop operating system supports the following dwFlags that Windows Embedded CE does not support:	corpus/learn/windows-embedded-ce-6.0/ee498597(v=winembedded.60).html	ee498597(v=winembedded.60)	learn/windows-embedded-ce-6.0	CertEnumSystemStore (Windows Embedded CE 6.0)	learn-tou
CERT_SYSTEM_STORE_LOCAL_MACHINE_GROUP_POLICY	not-supported	certopenstore	ports the following lpzStoreProvider flags that Windows Embedded CE does not support: CERT_STORE_PROV_COLLECTION CERT_STORE_PROV_FILENAME CERT_STORE_PROV_LDAP CERT_STORE_PROV_MSG The desktop operating system supports the following defined high-word values associated with system store providers that 	corpus/learn/windows-embedded-ce-6.0/ee498874(v=winembedded.60).html	ee498874(v=winembedded.60)	learn/windows-embedded-ce-6.0	CertOpenStore (Windows Embedded CE 6.0)	learn-tou
CERT_SYSTEM_STORE_SERVICES	not-supported	certenumsystemstore	The desktop operating system supports the following dwFlags that Windows CE does not support:	corpus/chm/windows-ce-5.0/wcecertificates5/html/wce50lrfCertEnumSystemStore.html	wce50lrfCertEnumSystemStore	chm/windows-ce-5.0/wcecertificates5/html	CertEnumSystemStore	ms-media-copyright
CERT_SYSTEM_STORE_SERVICES	not-supported	certopenstore	lowing lpzStoreProvider flags that Windows CE does not support: CERT_STORE_PROV_COLLECTION CERT_STORE_PROV_FILENAME CERT_STORE_PROV_LDAP CERT_STORE_PROV_MSG CERT_STORE_PROV_PKCS7 The desktop operating system supports the following defined high-word values associated with system store providers that 	corpus/chm/windows-ce-5.0/wcecertificates5/html/wce50lrfCertOpenStore.html	wce50lrfCertOpenStore	chm/windows-ce-5.0/wcecertificates5/html	CertOpenStore	ms-media-copyright
CERT_SYSTEM_STORE_SERVICES	not-supported	certenumphysicalstore	The desktop operating system supports the following dwFlags that Windows CE does not support:	corpus/learn/windows-ce-5.0/aa452564(v=msdn.10).html	aa452564(v=msdn.10)	learn/windows-ce-5.0	CertEnumPhysicalStore (Windows CE 5.0)	learn-tou
CERT_SYSTEM_STORE_SERVICES	not-supported	certenumsystemstore	The desktop operating system supports the following dwFlags that Windows CE does not support:	corpus/learn/windows-ce-5.0/ms937645(v=msdn.10).html	ms937645(v=msdn.10)	learn/windows-ce-5.0	CertEnumSystemStore (Windows CE 5.0)	learn-tou
CERT_SYSTEM_STORE_SERVICES	not-supported	certopenstore	lowing lpzStoreProvider flags that Windows CE does not support: CERT_STORE_PROV_COLLECTION CERT_STORE_PROV_FILENAME CERT_STORE_PROV_LDAP CERT_STORE_PROV_MSG CERT_STORE_PROV_PKCS7 The desktop operating system supports the following defined high-word values associated with system store providers that 	corpus/learn/windows-ce-5.0/ms937683(v=msdn.10).html	ms937683(v=msdn.10)	learn/windows-ce-5.0	CertOpenStore (Windows CE 5.0)	learn-tou
CERT_SYSTEM_STORE_SERVICES	not-supported	certenumsystemstore	The desktop platform supports the following dwFlags that Windows CE does not support:	corpus/learn/windows-ce-net-4x/ms883804(v=msdn.10).html	ms883804(v=msdn.10)	learn/windows-ce-net-4x	CertEnumSystemStore (Windows CE .NET 4.2)	learn-tou
CERT_SYSTEM_STORE_SERVICES	not-supported	certopenstore	the following lpzStoreProvider flags that Windows CE does not support: CERT_STORE_PROV_COLLECTION CERT_STORE_PROV_FILENAME CERT_STORE_PROV_LDAP CERT_STORE_PROV_MSG CERT_STORE_PROV_PKCS7 The desktop platform supports the following defined high-word values associated with system store providers that W	corpus/learn/windows-ce-net-4x/ms883897(v=msdn.10).html	ms883897(v=msdn.10)	learn/windows-ce-net-4x	CertOpenStore (Windows CE .NET 4.2)	learn-tou
CERT_SYSTEM_STORE_SERVICES	not-supported	certenumphysicalstore	The desktop operating system supports the following dwFlags that Windows Embedded CE does not support:	corpus/learn/windows-embedded-ce-6.0/ee498173(v=winembedded.60).html	ee498173(v=winembedded.60)	learn/windows-embedded-ce-6.0	CertEnumPhysicalStore (Windows Embedded CE 6.0)	learn-tou
CERT_SYSTEM_STORE_SERVICES	not-supported	certenumsystemstore	The desktop operating system supports the following dwFlags that Windows Embedded CE does not support:	corpus/learn/windows-embedded-ce-6.0/ee498597(v=winembedded.60).html	ee498597(v=winembedded.60)	learn/windows-embedded-ce-6.0	CertEnumSystemStore (Windows Embedded CE 6.0)	learn-tou
CERT_SYSTEM_STORE_SERVICES	not-supported	certopenstore	ports the following lpzStoreProvider flags that Windows Embedded CE does not support: CERT_STORE_PROV_COLLECTION CERT_STORE_PROV_FILENAME CERT_STORE_PROV_LDAP CERT_STORE_PROV_MSG The desktop operating system supports the following defined high-word values associated with system store providers that 	corpus/learn/windows-embedded-ce-6.0/ee498874(v=winembedded.60).html	ee498874(v=winembedded.60)	learn/windows-embedded-ce-6.0	CertOpenStore (Windows Embedded CE 6.0)	learn-tou
CERT_SYSTEM_STORE_USERS	not-supported	certenumsystemstore	The desktop operating system supports the following dwFlags that Windows CE does not support:	corpus/chm/windows-ce-5.0/wcecertificates5/html/wce50lrfCertEnumSystemStore.html	wce50lrfCertEnumSystemStore	chm/windows-ce-5.0/wcecertificates5/html	CertEnumSystemStore	ms-media-copyright
CERT_SYSTEM_STORE_USERS	not-supported	certopenstore	lowing lpzStoreProvider flags that Windows CE does not support: CERT_STORE_PROV_COLLECTION CERT_STORE_PROV_FILENAME CERT_STORE_PROV_LDAP CERT_STORE_PROV_MSG CERT_STORE_PROV_PKCS7 The desktop operating system supports the following defined high-word values associated with system store providers that 	corpus/chm/windows-ce-5.0/wcecertificates5/html/wce50lrfCertOpenStore.html	wce50lrfCertOpenStore	chm/windows-ce-5.0/wcecertificates5/html	CertOpenStore	ms-media-copyright
CERT_SYSTEM_STORE_USERS	not-supported	certenumphysicalstore	The desktop operating system supports the following dwFlags that Windows CE does not support:	corpus/learn/windows-ce-5.0/aa452564(v=msdn.10).html	aa452564(v=msdn.10)	learn/windows-ce-5.0	CertEnumPhysicalStore (Windows CE 5.0)	learn-tou
CERT_SYSTEM_STORE_USERS	not-supported	certenumsystemstore	The desktop operating system supports the following dwFlags that Windows CE does not support:	corpus/learn/windows-ce-5.0/ms937645(v=msdn.10).html	ms937645(v=msdn.10)	learn/windows-ce-5.0	CertEnumSystemStore (Windows CE 5.0)	learn-tou
CERT_SYSTEM_STORE_USERS	not-supported	certopenstore	lowing lpzStoreProvider flags that Windows CE does not support: CERT_STORE_PROV_COLLECTION CERT_STORE_PROV_FILENAME CERT_STORE_PROV_LDAP CERT_STORE_PROV_MSG CERT_STORE_PROV_PKCS7 The desktop operating system supports the following defined high-word values associated with system store providers that 	corpus/learn/windows-ce-5.0/ms937683(v=msdn.10).html	ms937683(v=msdn.10)	learn/windows-ce-5.0	CertOpenStore (Windows CE 5.0)	learn-tou
CERT_SYSTEM_STORE_USERS	not-supported	certenumsystemstore	The desktop platform supports the following dwFlags that Windows CE does not support:	corpus/learn/windows-ce-net-4x/ms883804(v=msdn.10).html	ms883804(v=msdn.10)	learn/windows-ce-net-4x	CertEnumSystemStore (Windows CE .NET 4.2)	learn-tou
CERT_SYSTEM_STORE_USERS	not-supported	certopenstore	the following lpzStoreProvider flags that Windows CE does not support: CERT_STORE_PROV_COLLECTION CERT_STORE_PROV_FILENAME CERT_STORE_PROV_LDAP CERT_STORE_PROV_MSG CERT_STORE_PROV_PKCS7 The desktop platform supports the following defined high-word values associated with system store providers that W	corpus/learn/windows-ce-net-4x/ms883897(v=msdn.10).html	ms883897(v=msdn.10)	learn/windows-ce-net-4x	CertOpenStore (Windows CE .NET 4.2)	learn-tou
CERT_SYSTEM_STORE_USERS	not-supported	certenumphysicalstore	The desktop operating system supports the following dwFlags that Windows Embedded CE does not support:	corpus/learn/windows-embedded-ce-6.0/ee498173(v=winembedded.60).html	ee498173(v=winembedded.60)	learn/windows-embedded-ce-6.0	CertEnumPhysicalStore (Windows Embedded CE 6.0)	learn-tou
CERT_SYSTEM_STORE_USERS	not-supported	certenumsystemstore	The desktop operating system supports the following dwFlags that Windows Embedded CE does not support:	corpus/learn/windows-embedded-ce-6.0/ee498597(v=winembedded.60).html	ee498597(v=winembedded.60)	learn/windows-embedded-ce-6.0	CertEnumSystemStore (Windows Embedded CE 6.0)	learn-tou
CERT_SYSTEM_STORE_USERS	not-supported	certopenstore	ports the following lpzStoreProvider flags that Windows Embedded CE does not support: CERT_STORE_PROV_COLLECTION CERT_STORE_PROV_FILENAME CERT_STORE_PROV_LDAP CERT_STORE_PROV_MSG The desktop operating system supports the following defined high-word values associated with system store providers that 	corpus/learn/windows-embedded-ce-6.0/ee498874(v=winembedded.60).html	ee498874(v=winembedded.60)	learn/windows-embedded-ce-6.0	CertOpenStore (Windows Embedded CE 6.0)	learn-tou
CLIP_EMBEDDED	not-supported	logfont	Remarks Windows CE versions 1.0 and 1.01 do not support the following values for lfClipPrecision:	corpus/chm/windows-ce-3.0/_wcesdk_win32_LOGFONT_str.html	_wcesdk_win32_LOGFONT_str	chm/windows-ce-3.0	LOGFONT	ce30-internal-reference
CLIP_EMBEDDED	not-supported	logfont	Remarks Windows CE 1.0 and 1.01 do not support the following values for lfClipPrecision:	corpus/chm/windows-ce-5.0/wcefonts5/html/wce50lrfLOGFONT.html	wce50lrfLOGFONT	chm/windows-ce-5.0/wcefonts5/html	LOGFONT	ms-media-copyright
CLIP_EMBEDDED	not-supported	logfont	Remarks Windows CE 1.0 and 1.01 do not support the following values for lfClipPrecision:	corpus/learn/windows-ce-5.0/ms901140(v=msdn.10).html	ms901140(v=msdn.10)	learn/windows-ce-5.0	LOGFONT (Windows CE 5.0)	learn-tou
CLIP_EMBEDDED	not-supported	logfont	Remarks Windows CE 1.0 and 1.01 do not support the following values for lfClipPrecision:	corpus/learn/windows-ce-net-4x/ms900730(v=msdn.10).html	ms900730(v=msdn.10)	learn/windows-ce-net-4x	LOGFONT	learn-tou
CLIP_EMBEDDED	not-supported	logfont	Remarks Windows CE 1.0 and 1.01 do not support the following values for lfClipPrecision:	corpus/learn/windows-embedded-ce-6.0/ee489840(v=winembedded.60).html	ee489840(v=winembedded.60)	learn/windows-embedded-ce-6.0	LOGFONT (Windows Embedded CE 6.0)	learn-tou
CLIP_EMBEDDED	not-supported	logfont	Remarks Windows CE version 1.0 does not support the following values for lfClipPrecision:	corpus/msdn-library/wcedevcon-99/wcesdkr/uis_el_15.html	uis_el_15	msdn-library/wcedevcon-99/wcesdkr	LOGFONT	msdn-library-copyright
CLIP_EMBEDDED	not-supported	logfont	Windows CE Notes The following lfClipPrecision values are not supported:	corpus/mvb/windows-ce-1.0/PEGSDK/AC58B.html	AC58B	mvb/windows-ce-1.0/PEGSDK	LOGFONT	ms-media-copyright
CLIP_LH_ANGLES	not-supported	logfont	Remarks Windows CE versions 1.0 and 1.01 do not support the following values for lfClipPrecision:	corpus/chm/windows-ce-3.0/_wcesdk_win32_LOGFONT_str.html	_wcesdk_win32_LOGFONT_str	chm/windows-ce-3.0	LOGFONT	ce30-internal-reference
CLIP_LH_ANGLES	not-supported	logfont	Remarks Windows CE 1.0 and 1.01 do not support the following values for lfClipPrecision:	corpus/chm/windows-ce-5.0/wcefonts5/html/wce50lrfLOGFONT.html	wce50lrfLOGFONT	chm/windows-ce-5.0/wcefonts5/html	LOGFONT	ms-media-copyright
CLIP_LH_ANGLES	not-supported	logfont	Remarks Windows CE 1.0 and 1.01 do not support the following values for lfClipPrecision:	corpus/learn/windows-ce-5.0/ms901140(v=msdn.10).html	ms901140(v=msdn.10)	learn/windows-ce-5.0	LOGFONT (Windows CE 5.0)	learn-tou
CLIP_LH_ANGLES	not-supported	logfont	Remarks Windows CE 1.0 and 1.01 do not support the following values for lfClipPrecision:	corpus/learn/windows-ce-net-4x/ms900730(v=msdn.10).html	ms900730(v=msdn.10)	learn/windows-ce-net-4x	LOGFONT	learn-tou
CLIP_LH_ANGLES	not-supported	logfont	Remarks Windows CE 1.0 and 1.01 do not support the following values for lfClipPrecision:	corpus/learn/windows-embedded-ce-6.0/ee489840(v=winembedded.60).html	ee489840(v=winembedded.60)	learn/windows-embedded-ce-6.0	LOGFONT (Windows Embedded CE 6.0)	learn-tou
CLIP_LH_ANGLES	not-supported	logfont	Remarks Windows CE version 1.0 does not support the following values for lfClipPrecision:	corpus/msdn-library/wcedevcon-99/wcesdkr/uis_el_15.html	uis_el_15	msdn-library/wcedevcon-99/wcesdkr	LOGFONT	msdn-library-copyright
CLIP_LH_ANGLES	not-supported	logfont	Windows CE Notes The following lfClipPrecision values are not supported:	corpus/mvb/windows-ce-1.0/PEGSDK/AC58B.html	AC58B	mvb/windows-ce-1.0/PEGSDK	LOGFONT	ms-media-copyright
CLIP_MASK	not-supported	logfont	Remarks Windows CE versions 1.0 and 1.01 do not support the following values for lfClipPrecision:	corpus/chm/windows-ce-3.0/_wcesdk_win32_LOGFONT_str.html	_wcesdk_win32_LOGFONT_str	chm/windows-ce-3.0	LOGFONT	ce30-internal-reference
CLIP_MASK	not-supported	logfont	Remarks Windows CE 1.0 and 1.01 do not support the following values for lfClipPrecision:	corpus/chm/windows-ce-5.0/wcefonts5/html/wce50lrfLOGFONT.html	wce50lrfLOGFONT	chm/windows-ce-5.0/wcefonts5/html	LOGFONT	ms-media-copyright
CLIP_MASK	not-supported	logfont	Remarks Windows CE 1.0 and 1.01 do not support the following values for lfClipPrecision:	corpus/learn/windows-ce-5.0/ms901140(v=msdn.10).html	ms901140(v=msdn.10)	learn/windows-ce-5.0	LOGFONT (Windows CE 5.0)	learn-tou
CLIP_MASK	not-supported	logfont	Remarks Windows CE 1.0 and 1.01 do not support the following values for lfClipPrecision:	corpus/learn/windows-ce-net-4x/ms900730(v=msdn.10).html	ms900730(v=msdn.10)	learn/windows-ce-net-4x	LOGFONT	learn-tou
CLIP_MASK	not-supported	logfont	Remarks Windows CE 1.0 and 1.01 do not support the following values for lfClipPrecision:	corpus/learn/windows-embedded-ce-6.0/ee489840(v=winembedded.60).html	ee489840(v=winembedded.60)	learn/windows-embedded-ce-6.0	LOGFONT (Windows Embedded CE 6.0)	learn-tou
CLIP_MASK	not-supported	logfont	Remarks Windows CE version 1.0 does not support the following values for lfClipPrecision:	corpus/msdn-library/wcedevcon-99/wcesdkr/uis_el_15.html	uis_el_15	msdn-library/wcedevcon-99/wcesdkr	LOGFONT	msdn-library-copyright
CLIP_MASK	not-supported	logfont	Windows CE Notes The following lfClipPrecision values are not supported:	corpus/mvb/windows-ce-1.0/PEGSDK/AC58B.html	AC58B	mvb/windows-ce-1.0/PEGSDK	LOGFONT	ms-media-copyright
CLIP_TT_ALWAYS	not-supported	logfont	Remarks Windows CE versions 1.0 and 1.01 do not support the following values for lfClipPrecision:	corpus/chm/windows-ce-3.0/_wcesdk_win32_LOGFONT_str.html	_wcesdk_win32_LOGFONT_str	chm/windows-ce-3.0	LOGFONT	ce30-internal-reference
CLIP_TT_ALWAYS	not-supported	logfont	Remarks Windows CE 1.0 and 1.01 do not support the following values for lfClipPrecision:	corpus/chm/windows-ce-5.0/wcefonts5/html/wce50lrfLOGFONT.html	wce50lrfLOGFONT	chm/windows-ce-5.0/wcefonts5/html	LOGFONT	ms-media-copyright
CLIP_TT_ALWAYS	not-supported	logfont	Remarks Windows CE 1.0 and 1.01 do not support the following values for lfClipPrecision:	corpus/learn/windows-ce-5.0/ms901140(v=msdn.10).html	ms901140(v=msdn.10)	learn/windows-ce-5.0	LOGFONT (Windows CE 5.0)	learn-tou
CLIP_TT_ALWAYS	not-supported	logfont	Remarks Windows CE 1.0 and 1.01 do not support the following values for lfClipPrecision:	corpus/learn/windows-ce-net-4x/ms900730(v=msdn.10).html	ms900730(v=msdn.10)	learn/windows-ce-net-4x	LOGFONT	learn-tou
CLIP_TT_ALWAYS	not-supported	logfont	Remarks Windows CE 1.0 and 1.01 do not support the following values for lfClipPrecision:	corpus/learn/windows-embedded-ce-6.0/ee489840(v=winembedded.60).html	ee489840(v=winembedded.60)	learn/windows-embedded-ce-6.0	LOGFONT (Windows Embedded CE 6.0)	learn-tou
CLIP_TT_ALWAYS	not-supported	logfont	Remarks Windows CE version 1.0 does not support the following values for lfClipPrecision:	corpus/msdn-library/wcedevcon-99/wcesdkr/uis_el_15.html	uis_el_15	msdn-library/wcedevcon-99/wcesdkr	LOGFONT	msdn-library-copyright
CLIP_TT_ALWAYS	not-supported	logfont	Windows CE Notes The following lfClipPrecision values are not supported:	corpus/mvb/windows-ce-1.0/PEGSDK/AC58B.html	AC58B	mvb/windows-ce-1.0/PEGSDK	LOGFONT	ms-media-copyright
DECLARE_WND_CLASS_EX	not-supported		In addition, because Windows CE does not support service maps, snap-in objects, or some extended window styles, ATL for Windows CE does not support the following macros:	corpus/msdn-library/datadungeon-2000-04/wceatl/htm/atlapi_1.content.htm	atlapi_1.content	msdn-library/datadungeon-2000-04/wceatl/htm	Unsupported ATL Macros and Global Functions (Windows CE)	msdn-library-copyright
DS_LOCALEDIT	not-supported	dlgtemplate	Windows CE Notes The following style values are not supported:	corpus/mvb/windows-ce-1.0/PEGSDK/AC67A.html	AC67A	mvb/windows-ce-1.0/PEGSDK	DLGTEMPLATE	ms-media-copyright
DS_SETFONT	not-supported	dlgtemplate	Windows CE Notes The following style values are not supported:	corpus/mvb/windows-ce-1.0/PEGSDK/AC67A.html	AC67A	mvb/windows-ce-1.0/PEGSDK	DLGTEMPLATE	ms-media-copyright
END_EXTENSION_SNAPIN_NODEINFO_MAP	not-supported		In addition, because Windows CE does not support service maps, snap-in objects, or some extended window styles, ATL for Windows CE does not support the following macros:	corpus/msdn-library/datadungeon-2000-04/wceatl/htm/atlapi_1.content.htm	atlapi_1.content	msdn-library/datadungeon-2000-04/wceatl/htm	Unsupported ATL Macros and Global Functions (Windows CE)	msdn-library-copyright
END_SERVICE_MAP	not-supported		In addition, because Windows CE does not support service maps, snap-in objects, or some extended window styles, ATL for Windows CE does not support the following macros:	corpus/msdn-library/datadungeon-2000-04/wceatl/htm/atlapi_1.content.htm	atlapi_1.content	msdn-library/datadungeon-2000-04/wceatl/htm	Unsupported ATL Macros and Global Functions (Windows CE)	msdn-library-copyright
END_SNAPINTOOLBARID_MAP	not-supported		In addition, because Windows CE does not support service maps, snap-in objects, or some extended window styles, ATL for Windows CE does not support the following macros:	corpus/msdn-library/datadungeon-2000-04/wceatl/htm/atlapi_1.content.htm	atlapi_1.content	msdn-library/datadungeon-2000-04/wceatl/htm	Unsupported ATL Macros and Global Functions (Windows CE)	msdn-library-copyright
EXTENSION_SNAPIN_DATACLASS	not-supported		In addition, because Windows CE does not support service maps, snap-in objects, or some extended window styles, ATL for Windows CE does not support the following macros:	corpus/msdn-library/datadungeon-2000-04/wceatl/htm/atlapi_1.content.htm	atlapi_1.content	msdn-library/datadungeon-2000-04/wceatl/htm	Unsupported ATL Macros and Global Functions (Windows CE)	msdn-library-copyright
EXTENSION_SNAPIN_NODEINFO_ENTRY	not-supported		In addition, because Windows CE does not support service maps, snap-in objects, or some extended window styles, ATL for Windows CE does not support the following macros:	corpus/msdn-library/datadungeon-2000-04/wceatl/htm/atlapi_1.content.htm	atlapi_1.content	msdn-library/datadungeon-2000-04/wceatl/htm	Unsupported ATL Macros and Global Functions (Windows CE)	msdn-library-copyright
HKEY_CURRENT_CONFIG	not-supported	nkregopenkeyex	LONG NKRegOpenKeyEx(HKEYhKey,LPCWSTRlpSubKey, DWORDulOptions, REGSAMsamDesired,PHKEYphkResult); Parameters hKey [in] Handle to an open key or any of the following predefined reserved handle values: HKEY_CLASSES_ROOT HKEY_CURRENT_USER HKEY_LOCAL_MACHINE HKEY_USERS Windows CE does not support the foll	corpus/learn/windows-ce-5.0/ms904870(v=msdn.10).html	ms904870(v=msdn.10)	learn/windows-ce-5.0	NKRegOpenKeyEx (Windows CE 5.0)	learn-tou
HKEY_CURRENT_CONFIG	not-supported	nkregopenkeyex	Syntax LONG NKRegOpenKeyEx( HKEY hKey, LPCWSTR lpSubKey, DWORD ulOptions, REGSAM samDesired, PHKEY phkResult ); Parameters hKey [in] Handle to an open key or any of the following predefined reserved handle values: HKEY_CLASSES_ROOT HKEY_CURRENT_USER HKEY_LOCAL_MACHINE HKEY_USERS Windows Embedded CE 	corpus/learn/windows-embedded-ce-6.0/ee478238(v=winembedded.60).html	ee478238(v=winembedded.60)	learn/windows-embedded-ce-6.0	NKRegOpenKeyEx (Windows Embedded CE 6.0)	learn-tou
HKEY_DYN_DATA	not-supported	nkregopenkeyex	LONG NKRegOpenKeyEx(HKEYhKey,LPCWSTRlpSubKey, DWORDulOptions, REGSAMsamDesired,PHKEYphkResult); Parameters hKey [in] Handle to an open key or any of the following predefined reserved handle values: HKEY_CLASSES_ROOT HKEY_CURRENT_USER HKEY_LOCAL_MACHINE HKEY_USERS Windows CE does not support the foll	corpus/learn/windows-ce-5.0/ms904870(v=msdn.10).html	ms904870(v=msdn.10)	learn/windows-ce-5.0	NKRegOpenKeyEx (Windows CE 5.0)	learn-tou
HKEY_DYN_DATA	not-supported	nkregopenkeyex	Syntax LONG NKRegOpenKeyEx( HKEY hKey, LPCWSTR lpSubKey, DWORD ulOptions, REGSAM samDesired, PHKEY phkResult ); Parameters hKey [in] Handle to an open key or any of the following predefined reserved handle values: HKEY_CLASSES_ROOT HKEY_CURRENT_USER HKEY_LOCAL_MACHINE HKEY_USERS Windows Embedded CE 	corpus/learn/windows-embedded-ce-6.0/ee478238(v=winembedded.60).html	ee478238(v=winembedded.60)	learn/windows-embedded-ce-6.0	NKRegOpenKeyEx (Windows Embedded CE 6.0)	learn-tou
HKEY_PERFORMANCE_DATA	not-supported	nkregopenkeyex	LONG NKRegOpenKeyEx(HKEYhKey,LPCWSTRlpSubKey, DWORDulOptions, REGSAMsamDesired,PHKEYphkResult); Parameters hKey [in] Handle to an open key or any of the following predefined reserved handle values: HKEY_CLASSES_ROOT HKEY_CURRENT_USER HKEY_LOCAL_MACHINE HKEY_USERS Windows CE does not support the foll	corpus/learn/windows-ce-5.0/ms904870(v=msdn.10).html	ms904870(v=msdn.10)	learn/windows-ce-5.0	NKRegOpenKeyEx (Windows CE 5.0)	learn-tou
HKEY_PERFORMANCE_DATA	not-supported	nkregopenkeyex	Syntax LONG NKRegOpenKeyEx( HKEY hKey, LPCWSTR lpSubKey, DWORD ulOptions, REGSAM samDesired, PHKEY phkResult ); Parameters hKey [in] Handle to an open key or any of the following predefined reserved handle values: HKEY_CLASSES_ROOT HKEY_CURRENT_USER HKEY_LOCAL_MACHINE HKEY_USERS Windows Embedded CE 	corpus/learn/windows-embedded-ce-6.0/ee478238(v=winembedded.60).html	ee478238(v=winembedded.60)	learn/windows-embedded-ce-6.0	NKRegOpenKeyEx (Windows Embedded CE 6.0)	learn-tou
IMAGE_CURSOR	not-supported	stm_getimage	Windows CE Notes The following fImageType values are not supported:	corpus/mvb/windows-ce-1.0/PEGSDK/AD0M.html	AD0M	mvb/windows-ce-1.0/PEGSDK	STM_GETIMAGE	ms-media-copyright
IMAGE_CURSOR	not-supported	stm_setimage	Windows CE Notes The following fImageType values are not supported:	corpus/mvb/windows-ce-1.0/PEGSDK/AD4M.html	AD4M	mvb/windows-ce-1.0/PEGSDK	STM_SETIMAGE	ms-media-copyright
IMAGE_ENHMETAFILE	not-supported	stm_getimage	Windows CE Notes The following fImageType values are not supported:	corpus/mvb/windows-ce-1.0/PEGSDK/AD0M.html	AD0M	mvb/windows-ce-1.0/PEGSDK	STM_GETIMAGE	ms-media-copyright
IMAGE_ENHMETAFILE	not-supported	stm_setimage	Windows CE Notes The following fImageType values are not supported:	corpus/mvb/windows-ce-1.0/PEGSDK/AD4M.html	AD4M	mvb/windows-ce-1.0/PEGSDK	STM_SETIMAGE	ms-media-copyright
INTERNET_FLAG_RAW_DATA	only-supported	internetopenurl	Windows CE supports only the following values for the dwFlags parameter:	corpus/chm/windows-ce-3.0/_wcesdk_win32_InternetOpenUrl.html	_wcesdk_win32_InternetOpenUrl	chm/windows-ce-3.0	InternetOpenUrl	ce30-internal-reference
INTERNET_FLAG_RAW_DATA	only-supported	internetopenurl	Windows CE supports only the following values for the dwFlags parameter:	corpus/msdn-library/wcedevcon-99/wcesdkr/cf_hk_27.html	cf_hk_27	msdn-library/wcedevcon-99/wcesdkr	InternetOpenUrl	msdn-library-copyright
INTERNET_FLAG_RELOAD	only-supported	internetopenurl	Windows CE supports only the following values for the dwFlags parameter:	corpus/chm/windows-ce-3.0/_wcesdk_win32_InternetOpenUrl.html	_wcesdk_win32_InternetOpenUrl	chm/windows-ce-3.0	InternetOpenUrl	ce30-internal-reference
INTERNET_FLAG_SECURE	only-supported	internetopenurl	Windows CE supports only the following values for the dwFlags parameter:	corpus/chm/windows-ce-3.0/_wcesdk_win32_InternetOpenUrl.html	_wcesdk_win32_InternetOpenUrl	chm/windows-ce-3.0	InternetOpenUrl	ce30-internal-reference
INTERNET_FLAG_SECURE	only-supported	internetopenurl	Windows CE supports only the following values for the dwFlags parameter:	corpus/msdn-library/wcedevcon-99/wcesdkr/cf_hk_27.html	cf_hk_27	msdn-library/wcedevcon-99/wcesdkr	InternetOpenUrl	msdn-library-copyright
LINECALLSTATE_ACCEPTED	not-supported	line_callstate	Windows CE Notes dwParam1 does not support the following values:	corpus/mvb/windows-ce-1.0/PEGSDK/AD9I.html	AD9I	mvb/windows-ce-1.0/PEGSDK	LINE_CALLSTATE	ms-media-copyright
LINECALLSTATE_OFFERING	not-supported	line_callstate	Windows CE Notes dwParam1 does not support the following values:	corpus/mvb/windows-ce-1.0/PEGSDK/AD9I.html	AD9I	mvb/windows-ce-1.0/PEGSDK	LINE_CALLSTATE	ms-media-copyright
MB_DEFAULT_DESKTOP_ONLY	not-supported	messagebox	Windows CE Notes The follwing styles are not supported:	corpus/mvb/windows-ce-1.0/PEGSDK/AB109K.html	AB109K	mvb/windows-ce-1.0/PEGSDK	MessageBox	ms-media-copyright
MB_HELP	not-supported	messagebox	Windows CE Notes The follwing styles are not supported:	corpus/mvb/windows-ce-1.0/PEGSDK/AB109K.html	AB109K	mvb/windows-ce-1.0/PEGSDK	MessageBox	ms-media-copyright
MB_RIGHT	not-supported	messagebox	Windows CE Notes The follwing styles are not supported:	corpus/mvb/windows-ce-1.0/PEGSDK/AB109K.html	AB109K	mvb/windows-ce-1.0/PEGSDK	MessageBox	ms-media-copyright
MB_RTLREADING	not-supported	messagebox	Windows CE Notes The follwing styles are not supported:	corpus/mvb/windows-ce-1.0/PEGSDK/AB109K.html	AB109K	mvb/windows-ce-1.0/PEGSDK	MessageBox	ms-media-copyright
MB_SERVICE_NOTIFICATION	not-supported	messagebox	Windows CE Notes The follwing styles are not supported:	corpus/mvb/windows-ce-1.0/PEGSDK/AB109K.html	AB109K	mvb/windows-ce-1.0/PEGSDK	MessageBox	ms-media-copyright
MB_SYSTEMMODAL	not-supported	messagebox	Windows CE Notes The follwing styles are not supported:	corpus/mvb/windows-ce-1.0/PEGSDK/AB109K.html	AB109K	mvb/windows-ce-1.0/PEGSDK	MessageBox	ms-media-copyright
MB_TASKMODAL	not-supported	messagebox	Windows CE Notes The follwing styles are not supported:	corpus/mvb/windows-ce-1.0/PEGSDK/AB109K.html	AB109K	mvb/windows-ce-1.0/PEGSDK	MessageBox	ms-media-copyright
MB_USERICON	not-supported	messagebox	Windows CE Notes The follwing styles are not supported:	corpus/mvb/windows-ce-1.0/PEGSDK/AB109K.html	AB109K	mvb/windows-ce-1.0/PEGSDK	MessageBox	ms-media-copyright
NM_RCLICK	not-supported	nmhdr	Windows CE Notes The following code values are not supported:	corpus/mvb/windows-ce-1.0/PEGSDK/AC121B.html	AC121B	mvb/windows-ce-1.0/PEGSDK	NMHDR	ms-media-copyright
NM_RDBCLICK	not-supported	nmhdr	Windows CE Notes The following code values are not supported:	corpus/mvb/windows-ce-1.0/PEGSDK/AC121B.html	AC121B	mvb/windows-ce-1.0/PEGSDK	NMHDR	ms-media-copyright
NORM_IGNOREKANATYPE	not-supported	comparestring	Windows CE Notes The ANSI version of this function is not supported The following values are NOT supported for the dwCmpFlags parameter:	corpus/mvb/windows-ce-1.0/PEGSDK/AB140C.html	AB140C	mvb/windows-ce-1.0/PEGSDK	CompareString	ms-media-copyright
NORM_IGNORENONSPACE	not-supported	comparestring	Windows CE Notes The ANSI version of this function is not supported The following values are NOT supported for the dwCmpFlags parameter:	corpus/mvb/windows-ce-1.0/PEGSDK/AB140C.html	AB140C	mvb/windows-ce-1.0/PEGSDK	CompareString	ms-media-copyright
NORM_IGNORESYMBOLS	not-supported	comparestring	Windows CE Notes The ANSI version of this function is not supported The following values are NOT supported for the dwCmpFlags parameter:	corpus/mvb/windows-ce-1.0/PEGSDK/AB140C.html	AB140C	mvb/windows-ce-1.0/PEGSDK	CompareString	ms-media-copyright
NORM_IGNOREWIDTH	not-supported	comparestring	Windows CE Notes The ANSI version of this function is not supported The following values are NOT supported for the dwCmpFlags parameter:	corpus/mvb/windows-ce-1.0/PEGSDK/AB140C.html	AB140C	mvb/windows-ce-1.0/PEGSDK	CompareString	ms-media-copyright
OBJ_ENHMETADC	not-supported	getobjecttype	Windows CE Notes The following return values are not supported:	corpus/mvb/windows-ce-1.0/PEGSDK/AB315G.html	AB315G	mvb/windows-ce-1.0/PEGSDK	GetObjectType	ms-media-copyright
OBJ_ENHMETAFILE	not-supported	getobjecttype	Windows CE Notes The following return values are not supported:	corpus/mvb/windows-ce-1.0/PEGSDK/AB315G.html	AB315G	mvb/windows-ce-1.0/PEGSDK	GetObjectType	ms-media-copyright
OBJ_EXTPEN	not-supported	getobjecttype	Windows CE Notes The following return values are not supported:	corpus/mvb/windows-ce-1.0/PEGSDK/AB315G.html	AB315G	mvb/windows-ce-1.0/PEGSDK	GetObjectType	ms-media-copyright
OBJ_METADC	not-supported	getobjecttype	Windows CE Notes The following return values are not supported:	corpus/mvb/windows-ce-1.0/PEGSDK/AB315G.html	AB315G	mvb/windows-ce-1.0/PEGSDK	GetObjectType	ms-media-copyright
OBJ_PAL	not-supported	getobjecttype	Windows CE Notes The following return values are not supported:	corpus/mvb/windows-ce-1.0/PEGSDK/AB315G.html	AB315G	mvb/windows-ce-1.0/PEGSDK	GetObjectType	ms-media-copyright
OFN_ALLOWMULTISELECT	not-supported	openfilename	Windows CE Notes The following members are not supported: · lCustData · lpfnHook · lpTemplateName The following flags are not supported:	corpus/mvb/windows-ce-1.0/PEGSDK/AC133B.html	AC133B	mvb/windows-ce-1.0/PEGSDK	OPENFILENAME	ms-media-copyright
OFN_ENABLEHOOK	not-supported	openfilename	Windows CE Notes The following members are not supported: · lCustData · lpfnHook · lpTemplateName The following flags are not supported:	corpus/mvb/windows-ce-1.0/PEGSDK/AC133B.html	AC133B	mvb/windows-ce-1.0/PEGSDK	OPENFILENAME	ms-media-copyright
OFN_ENABLETEMPLATE	not-supported	openfilename	Windows CE Notes The following members are not supported: · lCustData · lpfnHook · lpTemplateName The following flags are not supported:	corpus/mvb/windows-ce-1.0/PEGSDK/AC133B.html	AC133B	mvb/windows-ce-1.0/PEGSDK	OPENFILENAME	ms-media-copyright
OFN_ENABLETEMPLATEHANDLE	not-supported	openfilename	Windows CE Notes The following members are not supported: · lCustData · lpfnHook · lpTemplateName The following flags are not supported:	corpus/mvb/windows-ce-1.0/PEGSDK/AC133B.html	AC133B	mvb/windows-ce-1.0/PEGSDK	OPENFILENAME	ms-media-copyright
OFN_NOREADONLYRETURN	not-supported	openfilename	Windows CE Notes The following members are not supported: · lCustData · lpfnHook · lpTemplateName The following flags are not supported:	corpus/mvb/windows-ce-1.0/PEGSDK/AC133B.html	AC133B	mvb/windows-ce-1.0/PEGSDK	OPENFILENAME	ms-media-copyright
OFN_NOVALIDATE	not-supported	openfilename	Windows CE Notes The following members are not supported: · lCustData · lpfnHook · lpTemplateName The following flags are not supported:	corpus/mvb/windows-ce-1.0/PEGSDK/AC133B.html	AC133B	mvb/windows-ce-1.0/PEGSDK	OPENFILENAME	ms-media-copyright
OFN_READONLY	not-supported	openfilename	Windows CE Notes The following members are not supported: · lCustData · lpfnHook · lpTemplateName The following flags are not supported:	corpus/mvb/windows-ce-1.0/PEGSDK/AC133B.html	AC133B	mvb/windows-ce-1.0/PEGSDK	OPENFILENAME	ms-media-copyright
OFN_SHAREAWARE	not-supported	openfilename	Windows CE Notes The following members are not supported: · lCustData · lpfnHook · lpTemplateName The following flags are not supported:	corpus/mvb/windows-ce-1.0/PEGSDK/AC133B.html	AC133B	mvb/windows-ce-1.0/PEGSDK	OPENFILENAME	ms-media-copyright
PSH_MULTILINETABS	not-supported	propsheetheader	Windows CE Notes The following dwFlags values are not supported:	corpus/mvb/windows-ce-1.0/PEGSDK/AC51C.html	AC51C	mvb/windows-ce-1.0/PEGSDK	PROPSHEETHEADER	ms-media-copyright
PSH_USEHICON	not-supported	propsheetheader	Windows CE Notes The following dwFlags values are not supported:	corpus/mvb/windows-ce-1.0/PEGSDK/AC51C.html	AC51C	mvb/windows-ce-1.0/PEGSDK	PROPSHEETHEADER	ms-media-copyright
PSH_USEICONID	not-supported	propsheetheader	Windows CE Notes The following dwFlags values are not supported:	corpus/mvb/windows-ce-1.0/PEGSDK/AC51C.html	AC51C	mvb/windows-ce-1.0/PEGSDK	PROPSHEETHEADER	ms-media-copyright
PSH_WIZARD	not-supported	propsheetheader	Windows CE Notes The following dwFlags values are not supported:	corpus/mvb/windows-ce-1.0/PEGSDK/AC51C.html	AC51C	mvb/windows-ce-1.0/PEGSDK	PROPSHEETHEADER	ms-media-copyright
PSP_USEHICON	not-supported	propsheetpage	Windows CE Notes The following dwFlags values are not supported:	corpus/mvb/windows-ce-1.0/PEGSDK/AC54C.html	AC54C	mvb/windows-ce-1.0/PEGSDK	PROPSHEETPAGE	ms-media-copyright
PSP_USEICONID	not-supported	propsheetpage	Windows CE Notes The following dwFlags values are not supported:	corpus/mvb/windows-ce-1.0/PEGSDK/AC54C.html	AC54C	mvb/windows-ce-1.0/PEGSDK	PROPSHEETPAGE	ms-media-copyright
PS_DASHDOT	not-supported	logpen	Remarks Windows CE does not support the following values for the lopnStyle member:	corpus/chm/windows-ce-3.0/_wcesdk_win32_LOGPEN_str.html	_wcesdk_win32_LOGPEN_str	chm/windows-ce-3.0	LOGPEN	ce30-internal-reference
PS_DASHDOT	not-supported	logpen	Remarks Windows CE does not support the following values for the lopnStyle member:	corpus/chm/windows-ce-5.0/wceui5/html/wce50lrfLOGPEN.html	wce50lrfLOGPEN	chm/windows-ce-5.0/wceui5/html	LOGPEN	ms-media-copyright
PS_DASHDOT	not-supported	logpen	Remarks Windows CE does not support the following values for the lopnStyle member:	corpus/learn/windows-ce-5.0/aa453420(v=msdn.10).html	aa453420(v=msdn.10)	learn/windows-ce-5.0	LOGPEN (Windows CE 5.0)	learn-tou
PS_DASHDOT	not-supported	logpen	Remarks Windows Embedded CE does not support the following values for the lopnStyle member:	corpus/learn/windows-embedded-ce-6.0/ee502585(v=winembedded.60).html	ee502585(v=winembedded.60)	learn/windows-embedded-ce-6.0	LOGPEN (Windows Embedded CE 6.0)	learn-tou
PS_DASHDOT	not-supported	logpen	Remarks Windows CE does not support the following values for the lopnStyle member:	corpus/msdn-library/wcedevcon-99/wcesdkr/uis_el_17.html	uis_el_17	msdn-library/wcedevcon-99/wcesdkr	LOGPEN	msdn-library-copyright
PS_DASHDOT	not-supported	logpen	Windows CE Notes The following lopnStyle values are not supported:	corpus/mvb/windows-ce-1.0/PEGSDK/AC61B.html	AC61B	mvb/windows-ce-1.0/PEGSDK	LOGPEN	ms-media-copyright
PS_DASHDOTDOT	not-supported	logpen	Remarks Windows CE does not support the following values for the lopnStyle member:	corpus/chm/windows-ce-3.0/_wcesdk_win32_LOGPEN_str.html	_wcesdk_win32_LOGPEN_str	chm/windows-ce-3.0	LOGPEN	ce30-internal-reference
PS_DASHDOTDOT	not-supported	logpen	Remarks Windows CE does not support the following values for the lopnStyle member:	corpus/chm/windows-ce-5.0/wceui5/html/wce50lrfLOGPEN.html	wce50lrfLOGPEN	chm/windows-ce-5.0/wceui5/html	LOGPEN	ms-media-copyright
PS_DASHDOTDOT	not-supported	logpen	Remarks Windows CE does not support the following values for the lopnStyle member:	corpus/learn/windows-ce-5.0/aa453420(v=msdn.10).html	aa453420(v=msdn.10)	learn/windows-ce-5.0	LOGPEN (Windows CE 5.0)	learn-tou
PS_DASHDOTDOT	not-supported	logpen	Remarks Windows Embedded CE does not support the following values for the lopnStyle member:	corpus/learn/windows-embedded-ce-6.0/ee502585(v=winembedded.60).html	ee502585(v=winembedded.60)	learn/windows-embedded-ce-6.0	LOGPEN (Windows Embedded CE 6.0)	learn-tou
PS_DASHDOTDOT	not-supported	logpen	Remarks Windows CE does not support the following values for the lopnStyle member:	corpus/msdn-library/wcedevcon-99/wcesdkr/uis_el_17.html	uis_el_17	msdn-library/wcedevcon-99/wcesdkr	LOGPEN	msdn-library-copyright
PS_DASHDOTDOT	not-supported	logpen	Windows CE Notes The following lopnStyle values are not supported:	corpus/mvb/windows-ce-1.0/PEGSDK/AC61B.html	AC61B	mvb/windows-ce-1.0/PEGSDK	LOGPEN	ms-media-copyright
PS_DOT	not-supported	logpen	Remarks Windows CE does not support the following values for the lopnStyle member:	corpus/chm/windows-ce-3.0/_wcesdk_win32_LOGPEN_str.html	_wcesdk_win32_LOGPEN_str	chm/windows-ce-3.0	LOGPEN	ce30-internal-reference
PS_DOT	not-supported	logpen	Remarks Windows CE does not support the following values for the lopnStyle member:	corpus/chm/windows-ce-5.0/wceui5/html/wce50lrfLOGPEN.html	wce50lrfLOGPEN	chm/windows-ce-5.0/wceui5/html	LOGPEN	ms-media-copyright
PS_DOT	not-supported	logpen	Remarks Windows CE does not support the following values for the lopnStyle member:	corpus/learn/windows-ce-5.0/aa453420(v=msdn.10).html	aa453420(v=msdn.10)	learn/windows-ce-5.0	LOGPEN (Windows CE 5.0)	learn-tou
PS_DOT	not-supported	logpen	Remarks Windows Embedded CE does not support the following values for the lopnStyle member:	corpus/learn/windows-embedded-ce-6.0/ee502585(v=winembedded.60).html	ee502585(v=winembedded.60)	learn/windows-embedded-ce-6.0	LOGPEN (Windows Embedded CE 6.0)	learn-tou
PS_DOT	not-supported	logpen	Remarks Windows CE does not support the following values for the lopnStyle member:	corpus/msdn-library/wcedevcon-99/wcesdkr/uis_el_17.html	uis_el_17	msdn-library/wcedevcon-99/wcesdkr	LOGPEN	msdn-library-copyright
PS_DOT	not-supported	logpen	Windows CE Notes The following lopnStyle values are not supported:	corpus/mvb/windows-ce-1.0/PEGSDK/AC61B.html	AC61B	mvb/windows-ce-1.0/PEGSDK	LOGPEN	ms-media-copyright
PS_INSIDEFRAME	not-supported	logpen	Remarks Windows CE does not support the following values for the lopnStyle member:	corpus/chm/windows-ce-3.0/_wcesdk_win32_LOGPEN_str.html	_wcesdk_win32_LOGPEN_str	chm/windows-ce-3.0	LOGPEN	ce30-internal-reference
PS_INSIDEFRAME	not-supported	logpen	Remarks Windows CE does not support the following values for the lopnStyle member:	corpus/chm/windows-ce-5.0/wceui5/html/wce50lrfLOGPEN.html	wce50lrfLOGPEN	chm/windows-ce-5.0/wceui5/html	LOGPEN	ms-media-copyright
PS_INSIDEFRAME	not-supported	logpen	Remarks Windows CE does not support the following values for the lopnStyle member:	corpus/learn/windows-ce-5.0/aa453420(v=msdn.10).html	aa453420(v=msdn.10)	learn/windows-ce-5.0	LOGPEN (Windows CE 5.0)	learn-tou
PS_INSIDEFRAME	not-supported	logpen	Remarks Windows Embedded CE does not support the following values for the lopnStyle member:	corpus/learn/windows-embedded-ce-6.0/ee502585(v=winembedded.60).html	ee502585(v=winembedded.60)	learn/windows-embedded-ce-6.0	LOGPEN (Windows Embedded CE 6.0)	learn-tou
PS_INSIDEFRAME	not-supported	logpen	Remarks Windows CE does not support the following values for the lopnStyle member:	corpus/msdn-library/wcedevcon-99/wcesdkr/uis_el_17.html	uis_el_17	msdn-library/wcedevcon-99/wcesdkr	LOGPEN	msdn-library-copyright
PS_INSIDEFRAME	not-supported	logpen	Windows CE Notes The following lopnStyle values are not supported:	corpus/mvb/windows-ce-1.0/PEGSDK/AC61B.html	AC61B	mvb/windows-ce-1.0/PEGSDK	LOGPEN	ms-media-copyright
SERVICE_ENTRY	not-supported		In addition, because Windows CE does not support service maps, snap-in objects, or some extended window styles, ATL for Windows CE does not support the following macros:	corpus/msdn-library/datadungeon-2000-04/wceatl/htm/atlapi_1.content.htm	atlapi_1.content	msdn-library/datadungeon-2000-04/wceatl/htm	Unsupported ATL Macros and Global Functions (Windows CE)	msdn-library-copyright
SERVICE_ENTRY_CHAIN	not-supported		In addition, because Windows CE does not support service maps, snap-in objects, or some extended window styles, ATL for Windows CE does not support the following macros:	corpus/msdn-library/datadungeon-2000-04/wceatl/htm/atlapi_1.content.htm	atlapi_1.content	msdn-library/datadungeon-2000-04/wceatl/htm	Unsupported ATL Macros and Global Functions (Windows CE)	msdn-library-copyright
SHGFI_ATTRIBUTES	not-supported	shgetfileinfo	Remarks For Windows CE versions 2.10 and later, SHGetFileInfo does not support the following values for uFlags:	corpus/msdn-library/wcedevcon-99/wcesdkr/kf_s_41.html	kf_s_41	msdn-library/wcedevcon-99/wcesdkr	SHGetFileInfo	msdn-library-copyright
SHGFI_EXETYPE	not-supported	shgetfileinfo	Remarks For Windows CE versions 2.10 and later, SHGetFileInfo does not support the following values for uFlags:	corpus/chm/windows-ce-3.0/_wcesdk_Win32_SHGetFileInfo.html	_wcesdk_Win32_SHGetFileInfo	chm/windows-ce-3.0	SHGetFileInfo	ce30-internal-reference
SHGFI_EXETYPE	not-supported	shgetfileinfo	For Windows CE 2.10 and later, SHGetFileInfo does not support the following values for uFlags:	corpus/chm/windows-ce-5.0/wceui5/html/wce50lrfSHGetFileInfo.html	wce50lrfSHGetFileInfo	chm/windows-ce-5.0/wceui5/html	SHGetFileInfo	ms-media-copyright
SHGFI_EXETYPE	not-supported	shgetfileinfo	For Windows CE 2.10 and later, SHGetFileInfo does not support the following values for uFlags:	corpus/learn/windows-ce-5.0/aa453700(v=msdn.10).html	aa453700(v=msdn.10)	learn/windows-ce-5.0	SHGetFileInfo (Windows CE 5.0)	learn-tou
SHGFI_EXETYPE	not-supported	shgetfileinfo	For Windows CE 2.10 and later, SHGetFileInfo does not support the following values for uFlags:	corpus/learn/windows-embedded-ce-6.0/ee499381(v=winembedded.60).html	ee499381(v=winembedded.60)	learn/windows-embedded-ce-6.0	SHGetFileInfo (Windows Embedded CE 6.0)	learn-tou
SHGFI_EXETYPE	not-supported	shgetfileinfo	Remarks For Windows CE versions 2.10 and later, SHGetFileInfo does not support the following values for uFlags:	corpus/msdn-library/wcedevcon-99/wcesdkr/kf_s_41.html	kf_s_41	msdn-library/wcedevcon-99/wcesdkr	SHGetFileInfo	msdn-library-copyright
SHGFI_ICONLOCATION	not-supported	shgetfileinfo	Remarks For Windows CE versions 2.10 and later, SHGetFileInfo does not support the following values for uFlags:	corpus/chm/windows-ce-3.0/_wcesdk_Win32_SHGetFileInfo.html	_wcesdk_Win32_SHGetFileInfo	chm/windows-ce-3.0	SHGetFileInfo	ce30-internal-reference
SHGFI_ICONLOCATION	not-supported	shgetfileinfo	For Windows CE 2.10 and later, SHGetFileInfo does not support the following values for uFlags:	corpus/chm/windows-ce-5.0/wceui5/html/wce50lrfSHGetFileInfo.html	wce50lrfSHGetFileInfo	chm/windows-ce-5.0/wceui5/html	SHGetFileInfo	ms-media-copyright
SHGFI_ICONLOCATION	not-supported	shgetfileinfo	For Windows CE 2.10 and later, SHGetFileInfo does not support the following values for uFlags:	corpus/learn/windows-ce-5.0/aa453700(v=msdn.10).html	aa453700(v=msdn.10)	learn/windows-ce-5.0	SHGetFileInfo (Windows CE 5.0)	learn-tou
SHGFI_ICONLOCATION	not-supported	shgetfileinfo	For Windows CE 2.10 and later, SHGetFileInfo does not support the following values for uFlags:	corpus/learn/windows-embedded-ce-6.0/ee499381(v=winembedded.60).html	ee499381(v=winembedded.60)	learn/windows-embedded-ce-6.0	SHGetFileInfo (Windows Embedded CE 6.0)	learn-tou
SHGFI_ICONLOCATION	not-supported	shgetfileinfo	Remarks For Windows CE versions 2.10 and later, SHGetFileInfo does not support the following values for uFlags:	corpus/msdn-library/wcedevcon-99/wcesdkr/kf_s_41.html	kf_s_41	msdn-library/wcedevcon-99/wcesdkr	SHGetFileInfo	msdn-library-copyright
SHGFI_LINKOVERLAY	not-supported	shgetfileinfo	Remarks For Windows CE versions 2.10 and later, SHGetFileInfo does not support the following values for uFlags:	corpus/chm/windows-ce-3.0/_wcesdk_Win32_SHGetFileInfo.html	_wcesdk_Win32_SHGetFileInfo	chm/windows-ce-3.0	SHGetFileInfo	ce30-internal-reference
SHGFI_LINKOVERLAY	not-supported	shgetfileinfo	For Windows CE 2.10 and later, SHGetFileInfo does not support the following values for uFlags:	corpus/chm/windows-ce-5.0/wceui5/html/wce50lrfSHGetFileInfo.html	wce50lrfSHGetFileInfo	chm/windows-ce-5.0/wceui5/html	SHGetFileInfo	ms-media-copyright
SHGFI_LINKOVERLAY	not-supported	shgetfileinfo	For Windows CE 2.10 and later, SHGetFileInfo does not support the following values for uFlags:	corpus/learn/windows-ce-5.0/aa453700(v=msdn.10).html	aa453700(v=msdn.10)	learn/windows-ce-5.0	SHGetFileInfo (Windows CE 5.0)	learn-tou
SHGFI_LINKOVERLAY	not-supported	shgetfileinfo	For Windows CE 2.10 and later, SHGetFileInfo does not support the following values for uFlags:	corpus/learn/windows-embedded-ce-6.0/ee499381(v=winembedded.60).html	ee499381(v=winembedded.60)	learn/windows-embedded-ce-6.0	SHGetFileInfo (Windows Embedded CE 6.0)	learn-tou
SHGFI_LINKOVERLAY	not-supported	shgetfileinfo	Remarks For Windows CE versions 2.10 and later, SHGetFileInfo does not support the following values for uFlags:	corpus/msdn-library/wcedevcon-99/wcesdkr/kf_s_41.html	kf_s_41	msdn-library/wcedevcon-99/wcesdkr	SHGetFileInfo	msdn-library-copyright
SHGFI_OPENICON	not-supported	shgetfileinfo	Remarks For Windows CE versions 2.10 and later, SHGetFileInfo does not support the following values for uFlags:	corpus/chm/windows-ce-3.0/_wcesdk_Win32_SHGetFileInfo.html	_wcesdk_Win32_SHGetFileInfo	chm/windows-ce-3.0	SHGetFileInfo	ce30-internal-reference
SHGFI_OPENICON	not-supported	shgetfileinfo	For Windows CE 2.10 and later, SHGetFileInfo does not support the following values for uFlags:	corpus/chm/windows-ce-5.0/wceui5/html/wce50lrfSHGetFileInfo.html	wce50lrfSHGetFileInfo	chm/windows-ce-5.0/wceui5/html	SHGetFileInfo	ms-media-copyright
SHGFI_OPENICON	not-supported	shgetfileinfo	For Windows CE 2.10 and later, SHGetFileInfo does not support the following values for uFlags:	corpus/learn/windows-ce-5.0/aa453700(v=msdn.10).html	aa453700(v=msdn.10)	learn/windows-ce-5.0	SHGetFileInfo (Windows CE 5.0)	learn-tou
SHGFI_OPENICON	not-supported	shgetfileinfo	For Windows CE 2.10 and later, SHGetFileInfo does not support the following values for uFlags:	corpus/learn/windows-embedded-ce-6.0/ee499381(v=winembedded.60).html	ee499381(v=winembedded.60)	learn/windows-embedded-ce-6.0	SHGetFileInfo (Windows Embedded CE 6.0)	learn-tou
SHGFI_OPENICON	not-supported	shgetfileinfo	Remarks For Windows CE versions 2.10 and later, SHGetFileInfo does not support the following values for uFlags:	corpus/msdn-library/wcedevcon-99/wcesdkr/kf_s_41.html	kf_s_41	msdn-library/wcedevcon-99/wcesdkr	SHGetFileInfo	msdn-library-copyright
SHGFI_SELECTED	not-supported	shgetfileinfo	Remarks For Windows CE versions 2.10 and later, SHGetFileInfo does not support the following values for uFlags:	corpus/chm/windows-ce-3.0/_wcesdk_Win32_SHGetFileInfo.html	_wcesdk_Win32_SHGetFileInfo	chm/windows-ce-3.0	SHGetFileInfo	ce30-internal-reference
SHGFI_SELECTED	not-supported	shgetfileinfo	For Windows CE 2.10 and later, SHGetFileInfo does not support the following values for uFlags:	corpus/chm/windows-ce-5.0/wceui5/html/wce50lrfSHGetFileInfo.html	wce50lrfSHGetFileInfo	chm/windows-ce-5.0/wceui5/html	SHGetFileInfo	ms-media-copyright
SHGFI_SELECTED	not-supported	shgetfileinfo	For Windows CE 2.10 and later, SHGetFileInfo does not support the following values for uFlags:	corpus/learn/windows-ce-5.0/aa453700(v=msdn.10).html	aa453700(v=msdn.10)	learn/windows-ce-5.0	SHGetFileInfo (Windows CE 5.0)	learn-tou
SHGFI_SELECTED	not-supported	shgetfileinfo	For Windows CE 2.10 and later, SHGetFileInfo does not support the following values for uFlags:	corpus/learn/windows-embedded-ce-6.0/ee499381(v=winembedded.60).html	ee499381(v=winembedded.60)	learn/windows-embedded-ce-6.0	SHGetFileInfo (Windows Embedded CE 6.0)	learn-tou
SHGFI_SELECTED	not-supported	shgetfileinfo	Remarks For Windows CE versions 2.10 and later, SHGetFileInfo does not support the following values for uFlags:	corpus/msdn-library/wcedevcon-99/wcesdkr/kf_s_41.html	kf_s_41	msdn-library/wcedevcon-99/wcesdkr	SHGetFileInfo	msdn-library-copyright
SHGFI_SHELLICONSIZE	not-supported	shgetfileinfo	Remarks For Windows CE versions 2.10 and later, SHGetFileInfo does not support the following values for uFlags:	corpus/chm/windows-ce-3.0/_wcesdk_Win32_SHGetFileInfo.html	_wcesdk_Win32_SHGetFileInfo	chm/windows-ce-3.0	SHGetFileInfo	ce30-internal-reference
SHGFI_SHELLICONSIZE	not-supported	shgetfileinfo	For Windows CE 2.10 and later, SHGetFileInfo does not support the following values for uFlags:	corpus/chm/windows-ce-5.0/wceui5/html/wce50lrfSHGetFileInfo.html	wce50lrfSHGetFileInfo	chm/windows-ce-5.0/wceui5/html	SHGetFileInfo	ms-media-copyright
SHGFI_SHELLICONSIZE	not-supported	shgetfileinfo	For Windows CE 2.10 and later, SHGetFileInfo does not support the following values for uFlags:	corpus/learn/windows-ce-5.0/aa453700(v=msdn.10).html	aa453700(v=msdn.10)	learn/windows-ce-5.0	SHGetFileInfo (Windows CE 5.0)	learn-tou
SHGFI_SHELLICONSIZE	not-supported	shgetfileinfo	For Windows CE 2.10 and later, SHGetFileInfo does not support the following values for uFlags:	corpus/learn/windows-embedded-ce-6.0/ee499381(v=winembedded.60).html	ee499381(v=winembedded.60)	learn/windows-embedded-ce-6.0	SHGetFileInfo (Windows Embedded CE 6.0)	learn-tou
SHGFI_SHELLICONSIZE	not-supported	shgetfileinfo	Remarks For Windows CE versions 2.10 and later, SHGetFileInfo does not support the following values for uFlags:	corpus/msdn-library/wcedevcon-99/wcesdkr/kf_s_41.html	kf_s_41	msdn-library/wcedevcon-99/wcesdkr	SHGetFileInfo	msdn-library-copyright
SM_ARRANGE	not-supported	getsystemmetrics	Windows CE Remarks Windows CE does not support the following nIndex values:	corpus/chm/windows-ce-3.0/_wcesdk_win32_GetSystemMetrics.html	_wcesdk_win32_GetSystemMetrics	chm/windows-ce-3.0	GetSystemMetrics	ce30-internal-reference
SM_ARRANGE	not-supported	cegetsystemmetrics	Remarks Windows CE does not support the following nIndex values:	corpus/chm/windows-ce-5.0/wceactsync5/html/wce50lrfCeGetSystemMetricsRAPI.html	wce50lrfCeGetSystemMetricsRAPI	chm/windows-ce-5.0/wceactsync5/html	CeGetSystemMetrics (RAPI)	ms-media-copyright
SM_ARRANGE	not-supported	getsystemmetrics	Remarks Windows CE does not support the following nIndex values:	corpus/chm/windows-ce-5.0/wceui5/html/wce50lrfGetSystemMetrics.html	wce50lrfGetSystemMetrics	chm/windows-ce-5.0/wceui5/html	GetSystemMetrics	ms-media-copyright
SM_ARRANGE	not-supported	getsystemmetrics	Remarks Windows CE does not support the following nIndex values:	corpus/learn/windows-ce-5.0/aa453170(v=msdn.10).html	aa453170(v=msdn.10)	learn/windows-ce-5.0	GetSystemMetrics (Windows CE 5.0)	learn-tou
SM_ARRANGE	not-supported	cegetsystemmetrics	Remarks Windows CE does not support the following nIndex values:	corpus/learn/windows-ce-5.0/aa513367(v=msdn.10).html	aa513367(v=msdn.10)	learn/windows-ce-5.0	CeGetSystemMetrics (RAPI) (Windows CE 5.0)	learn-tou
SM_ARRANGE	not-supported	getsystemmetrics	Remarks Windows Embedded CE does not support the following nIndex values:	corpus/learn/windows-embedded-ce-6.0/ee499415(v=winembedded.60).html	ee499415(v=winembedded.60)	learn/windows-embedded-ce-6.0	GetSystemMetrics (Windows Embedded CE 6.0)	learn-tou
SM_ARRANGE	not-supported	getsystemmetrics	Windows CE Remarks Windows CE does not support the following nIndex values:	corpus/msdn-library/wcedevcon-99/wcesdkr/uif_fg_64.html	uif_fg_64	msdn-library/wcedevcon-99/wcesdkr	GetSystemMetrics	msdn-library-copyright
SM_ARRANGE	not-supported	peggetsystemmetrics	Windows CE Notes The following nIndex values are not supported:	corpus/mvb/windows-ce-1.0/PEGSDK/AB138L.html	AB138L	mvb/windows-ce-1.0/PEGSDK	PegGetSystemMetrics	ms-media-copyright
SM_ARRANGE	not-supported	getsystemmetrics	Windows CE Notes The following nIndex values are not supported:	corpus/mvb/windows-ce-1.0/PEGSDK/AB435G.html	AB435G	mvb/windows-ce-1.0/PEGSDK	GetSystemMetrics	ms-media-copyright
SM_CLEANBOOT	not-supported	getsystemmetrics	Windows CE Remarks Windows CE does not support the following nIndex values:	corpus/chm/windows-ce-3.0/_wcesdk_win32_GetSystemMetrics.html	_wcesdk_win32_GetSystemMetrics	chm/windows-ce-3.0	GetSystemMetrics	ce30-internal-reference
SM_CLEANBOOT	not-supported	cegetsystemmetrics	Remarks Windows CE does not support the following nIndex values:	corpus/chm/windows-ce-5.0/wceactsync5/html/wce50lrfCeGetSystemMetricsRAPI.html	wce50lrfCeGetSystemMetricsRAPI	chm/windows-ce-5.0/wceactsync5/html	CeGetSystemMetrics (RAPI)	ms-media-copyright
SM_CLEANBOOT	not-supported	getsystemmetrics	Remarks Windows CE does not support the following nIndex values:	corpus/chm/windows-ce-5.0/wceui5/html/wce50lrfGetSystemMetrics.html	wce50lrfGetSystemMetrics	chm/windows-ce-5.0/wceui5/html	GetSystemMetrics	ms-media-copyright
SM_CLEANBOOT	not-supported	getsystemmetrics	Remarks Windows CE does not support the following nIndex values:	corpus/learn/windows-ce-5.0/aa453170(v=msdn.10).html	aa453170(v=msdn.10)	learn/windows-ce-5.0	GetSystemMetrics (Windows CE 5.0)	learn-tou
SM_CLEANBOOT	not-supported	cegetsystemmetrics	Remarks Windows CE does not support the following nIndex values:	corpus/learn/windows-ce-5.0/aa513367(v=msdn.10).html	aa513367(v=msdn.10)	learn/windows-ce-5.0	CeGetSystemMetrics (RAPI) (Windows CE 5.0)	learn-tou
SM_CLEANBOOT	not-supported	getsystemmetrics	Remarks Windows Embedded CE does not support the following nIndex values:	corpus/learn/windows-embedded-ce-6.0/ee499415(v=winembedded.60).html	ee499415(v=winembedded.60)	learn/windows-embedded-ce-6.0	GetSystemMetrics (Windows Embedded CE 6.0)	learn-tou
SM_CLEANBOOT	not-supported	getsystemmetrics	Windows CE Remarks Windows CE does not support the following nIndex values:	corpus/msdn-library/wcedevcon-99/wcesdkr/uif_fg_64.html	uif_fg_64	msdn-library/wcedevcon-99/wcesdkr	GetSystemMetrics	msdn-library-copyright
SM_CLEANBOOT	not-supported	peggetsystemmetrics	Windows CE Notes The following nIndex values are not supported:	corpus/mvb/windows-ce-1.0/PEGSDK/AB138L.html	AB138L	mvb/windows-ce-1.0/PEGSDK	PegGetSystemMetrics	ms-media-copyright
SM_CLEANBOOT	not-supported	getsystemmetrics	Windows CE Notes The following nIndex values are not supported:	corpus/mvb/windows-ce-1.0/PEGSDK/AB435G.html	AB435G	mvb/windows-ce-1.0/PEGSDK	GetSystemMetrics	ms-media-copyright
SM_CMETRICS	not-supported	getsystemmetrics	Windows CE Remarks Windows CE does not support the following nIndex values:	corpus/chm/windows-ce-3.0/_wcesdk_win32_GetSystemMetrics.html	_wcesdk_win32_GetSystemMetrics	chm/windows-ce-3.0	GetSystemMetrics	ce30-internal-reference
SM_CMETRICS	not-supported	cegetsystemmetrics	Remarks Windows CE does not support the following nIndex values:	corpus/chm/windows-ce-5.0/wceactsync5/html/wce50lrfCeGetSystemMetricsRAPI.html	wce50lrfCeGetSystemMetricsRAPI	chm/windows-ce-5.0/wceactsync5/html	CeGetSystemMetrics (RAPI)	ms-media-copyright
SM_CMETRICS	not-supported	getsystemmetrics	Remarks Windows CE does not support the following nIndex values:	corpus/chm/windows-ce-5.0/wceui5/html/wce50lrfGetSystemMetrics.html	wce50lrfGetSystemMetrics	chm/windows-ce-5.0/wceui5/html	GetSystemMetrics	ms-media-copyright
SM_CMETRICS	not-supported	getsystemmetrics	Remarks Windows CE does not support the following nIndex values:	corpus/learn/windows-ce-5.0/aa453170(v=msdn.10).html	aa453170(v=msdn.10)	learn/windows-ce-5.0	GetSystemMetrics (Windows CE 5.0)	learn-tou
SM_CMETRICS	not-supported	cegetsystemmetrics	Remarks Windows CE does not support the following nIndex values:	corpus/learn/windows-ce-5.0/aa513367(v=msdn.10).html	aa513367(v=msdn.10)	learn/windows-ce-5.0	CeGetSystemMetrics (RAPI) (Windows CE 5.0)	learn-tou
SM_CMETRICS	not-supported	getsystemmetrics	Remarks Windows Embedded CE does not support the following nIndex values:	corpus/learn/windows-embedded-ce-6.0/ee499415(v=winembedded.60).html	ee499415(v=winembedded.60)	learn/windows-embedded-ce-6.0	GetSystemMetrics (Windows Embedded CE 6.0)	learn-tou
SM_CMETRICS	not-supported	getsystemmetrics	Windows CE Remarks Windows CE does not support the following nIndex values:	corpus/msdn-library/wcedevcon-99/wcesdkr/uif_fg_64.html	uif_fg_64	msdn-library/wcedevcon-99/wcesdkr	GetSystemMetrics	msdn-library-copyright
SM_CMETRICS	not-supported	peggetsystemmetrics	Windows CE Notes The following nIndex values are not supported:	corpus/mvb/windows-ce-1.0/PEGSDK/AB138L.html	AB138L	mvb/windows-ce-1.0/PEGSDK	PegGetSystemMetrics	ms-media-copyright
SM_CMETRICS	not-supported	getsystemmetrics	Windows CE Notes The following nIndex values are not supported:	corpus/mvb/windows-ce-1.0/PEGSDK/AB435G.html	AB435G	mvb/windows-ce-1.0/PEGSDK	GetSystemMetrics	ms-media-copyright
SM_CMOUSEBUTTONS	not-supported	getsystemmetrics	Windows CE Remarks Windows CE does not support the following nIndex values:	corpus/chm/windows-ce-3.0/_wcesdk_win32_GetSystemMetrics.html	_wcesdk_win32_GetSystemMetrics	chm/windows-ce-3.0	GetSystemMetrics	ce30-internal-reference
SM_CMOUSEBUTTONS	not-supported	cegetsystemmetrics	Remarks Windows CE does not support the following nIndex values:	corpus/chm/windows-ce-5.0/wceactsync5/html/wce50lrfCeGetSystemMetricsRAPI.html	wce50lrfCeGetSystemMetricsRAPI	chm/windows-ce-5.0/wceactsync5/html	CeGetSystemMetrics (RAPI)	ms-media-copyright
SM_CMOUSEBUTTONS	not-supported	getsystemmetrics	Remarks Windows CE does not support the following nIndex values:	corpus/chm/windows-ce-5.0/wceui5/html/wce50lrfGetSystemMetrics.html	wce50lrfGetSystemMetrics	chm/windows-ce-5.0/wceui5/html	GetSystemMetrics	ms-media-copyright
SM_CMOUSEBUTTONS	not-supported	getsystemmetrics	Remarks Windows CE does not support the following nIndex values:	corpus/learn/windows-ce-5.0/aa453170(v=msdn.10).html	aa453170(v=msdn.10)	learn/windows-ce-5.0	GetSystemMetrics (Windows CE 5.0)	learn-tou
SM_CMOUSEBUTTONS	not-supported	cegetsystemmetrics	Remarks Windows CE does not support the following nIndex values:	corpus/learn/windows-ce-5.0/aa513367(v=msdn.10).html	aa513367(v=msdn.10)	learn/windows-ce-5.0	CeGetSystemMetrics (RAPI) (Windows CE 5.0)	learn-tou
SM_CMOUSEBUTTONS	not-supported	getsystemmetrics	Remarks Windows Embedded CE does not support the following nIndex values:	corpus/learn/windows-embedded-ce-6.0/ee499415(v=winembedded.60).html	ee499415(v=winembedded.60)	learn/windows-embedded-ce-6.0	GetSystemMetrics (Windows Embedded CE 6.0)	learn-tou
SM_CMOUSEBUTTONS	not-supported	getsystemmetrics	Windows CE Remarks Windows CE does not support the following nIndex values:	corpus/msdn-library/wcedevcon-99/wcesdkr/uif_fg_64.html	uif_fg_64	msdn-library/wcedevcon-99/wcesdkr	GetSystemMetrics	msdn-library-copyright
SM_CMOUSEBUTTONS	not-supported	peggetsystemmetrics	Windows CE Notes The following nIndex values are not supported:	corpus/mvb/windows-ce-1.0/PEGSDK/AB138L.html	AB138L	mvb/windows-ce-1.0/PEGSDK	PegGetSystemMetrics	ms-media-copyright
SM_CMOUSEBUTTONS	not-supported	getsystemmetrics	Windows CE Notes The following nIndex values are not supported:	corpus/mvb/windows-ce-1.0/PEGSDK/AB435G.html	AB435G	mvb/windows-ce-1.0/PEGSDK	GetSystemMetrics	ms-media-copyright
SM_CXCURSOR	not-supported	getsystemmetrics	Windows CE Remarks Windows CE does not support the following nIndex values:	corpus/chm/windows-ce-3.0/_wcesdk_win32_GetSystemMetrics.html	_wcesdk_win32_GetSystemMetrics	chm/windows-ce-3.0	GetSystemMetrics	ce30-internal-reference
SM_CXCURSOR	not-supported	getsystemmetrics	Windows CE Remarks Windows CE does not support the following nIndex values:	corpus/msdn-library/wcedevcon-99/wcesdkr/uif_fg_64.html	uif_fg_64	msdn-library/wcedevcon-99/wcesdkr	GetSystemMetrics	msdn-library-copyright
SM_CXCURSOR	not-supported	peggetsystemmetrics	Windows CE Notes The following nIndex values are not supported:	corpus/mvb/windows-ce-1.0/PEGSDK/AB138L.html	AB138L	mvb/windows-ce-1.0/PEGSDK	PegGetSystemMetrics	ms-media-copyright
SM_CXCURSOR	not-supported	getsystemmetrics	Windows CE Notes The following nIndex values are not supported:	corpus/mvb/windows-ce-1.0/PEGSDK/AB435G.html	AB435G	mvb/windows-ce-1.0/PEGSDK	GetSystemMetrics	ms-media-copyright
SM_CXDRAG	not-supported	getsystemmetrics	Windows CE Remarks Windows CE does not support the following nIndex values:	corpus/chm/windows-ce-3.0/_wcesdk_win32_GetSystemMetrics.html	_wcesdk_win32_GetSystemMetrics	chm/windows-ce-3.0	GetSystemMetrics	ce30-internal-reference
SM_CXDRAG	not-supported	cegetsystemmetrics	Remarks Windows CE does not support the following nIndex values:	corpus/chm/windows-ce-5.0/wceactsync5/html/wce50lrfCeGetSystemMetricsRAPI.html	wce50lrfCeGetSystemMetricsRAPI	chm/windows-ce-5.0/wceactsync5/html	CeGetSystemMetrics (RAPI)	ms-media-copyright
SM_CXDRAG	not-supported	getsystemmetrics	Remarks Windows CE does not support the following nIndex values:	corpus/chm/windows-ce-5.0/wceui5/html/wce50lrfGetSystemMetrics.html	wce50lrfGetSystemMetrics	chm/windows-ce-5.0/wceui5/html	GetSystemMetrics	ms-media-copyright
SM_CXDRAG	not-supported	getsystemmetrics	Remarks Windows CE does not support the following nIndex values:	corpus/learn/windows-ce-5.0/aa453170(v=msdn.10).html	aa453170(v=msdn.10)	learn/windows-ce-5.0	GetSystemMetrics (Windows CE 5.0)	learn-tou
SM_CXDRAG	not-supported	cegetsystemmetrics	Remarks Windows CE does not support the following nIndex values:	corpus/learn/windows-ce-5.0/aa513367(v=msdn.10).html	aa513367(v=msdn.10)	learn/windows-ce-5.0	CeGetSystemMetrics (RAPI) (Windows CE 5.0)	learn-tou
SM_CXDRAG	not-supported	getsystemmetrics	Remarks Windows Embedded CE does not support the following nIndex values:	corpus/learn/windows-embedded-ce-6.0/ee499415(v=winembedded.60).html	ee499415(v=winembedded.60)	learn/windows-embedded-ce-6.0	GetSystemMetrics (Windows Embedded CE 6.0)	learn-tou
SM_CXDRAG	not-supported	getsystemmetrics	Windows CE Remarks Windows CE does not support the following nIndex values:	corpus/msdn-library/wcedevcon-99/wcesdkr/uif_fg_64.html	uif_fg_64	msdn-library/wcedevcon-99/wcesdkr	GetSystemMetrics	msdn-library-copyright
SM_CXDRAG	not-supported	peggetsystemmetrics	Windows CE Notes The following nIndex values are not supported:	corpus/mvb/windows-ce-1.0/PEGSDK/AB138L.html	AB138L	mvb/windows-ce-1.0/PEGSDK	PegGetSystemMetrics	ms-media-copyright
SM_CXDRAG	not-supported	getsystemmetrics	Windows CE Notes The following nIndex values are not supported:	corpus/mvb/windows-ce-1.0/PEGSDK/AB435G.html	AB435G	mvb/windows-ce-1.0/PEGSDK	GetSystemMetrics	ms-media-copyright
SM_CXFRAME	not-supported	getsystemmetrics	Windows CE Remarks Windows CE does not support the following nIndex values:	corpus/chm/windows-ce-3.0/_wcesdk_win32_GetSystemMetrics.html	_wcesdk_win32_GetSystemMetrics	chm/windows-ce-3.0	GetSystemMetrics	ce30-internal-reference
SM_CXFRAME	not-supported	cegetsystemmetrics	Remarks Windows CE does not support the following nIndex values:	corpus/chm/windows-ce-5.0/wceactsync5/html/wce50lrfCeGetSystemMetricsRAPI.html	wce50lrfCeGetSystemMetricsRAPI	chm/windows-ce-5.0/wceactsync5/html	CeGetSystemMetrics (RAPI)	ms-media-copyright
SM_CXFRAME	not-supported	getsystemmetrics	Remarks Windows CE does not support the following nIndex values:	corpus/chm/windows-ce-5.0/wceui5/html/wce50lrfGetSystemMetrics.html	wce50lrfGetSystemMetrics	chm/windows-ce-5.0/wceui5/html	GetSystemMetrics	ms-media-copyright
SM_CXFRAME	not-supported	getsystemmetrics	Remarks Windows CE does not support the following nIndex values:	corpus/learn/windows-ce-5.0/aa453170(v=msdn.10).html	aa453170(v=msdn.10)	learn/windows-ce-5.0	GetSystemMetrics (Windows CE 5.0)	learn-tou
SM_CXFRAME	not-supported	cegetsystemmetrics	Remarks Windows CE does not support the following nIndex values:	corpus/learn/windows-ce-5.0/aa513367(v=msdn.10).html	aa513367(v=msdn.10)	learn/windows-ce-5.0	CeGetSystemMetrics (RAPI) (Windows CE 5.0)	learn-tou
SM_CXFRAME	not-supported	getsystemmetrics	Remarks Windows Embedded CE does not support the following nIndex values:	corpus/learn/windows-embedded-ce-6.0/ee499415(v=winembedded.60).html	ee499415(v=winembedded.60)	learn/windows-embedded-ce-6.0	GetSystemMetrics (Windows Embedded CE 6.0)	learn-tou
SM_CXFRAME	not-supported	getsystemmetrics	Windows CE Remarks Windows CE does not support the following nIndex values:	corpus/msdn-library/wcedevcon-99/wcesdkr/uif_fg_64.html	uif_fg_64	msdn-library/wcedevcon-99/wcesdkr	GetSystemMetrics	msdn-library-copyright
SM_CXFRAME	not-supported	peggetsystemmetrics	Windows CE Notes The following nIndex values are not supported:	corpus/mvb/windows-ce-1.0/PEGSDK/AB138L.html	AB138L	mvb/windows-ce-1.0/PEGSDK	PegGetSystemMetrics	ms-media-copyright
SM_CXFRAME	not-supported	getsystemmetrics	Windows CE Notes The following nIndex values are not supported:	corpus/mvb/windows-ce-1.0/PEGSDK/AB435G.html	AB435G	mvb/windows-ce-1.0/PEGSDK	GetSystemMetrics	ms-media-copyright
SM_CXFULLSCREEN	not-supported	getsystemmetrics	Windows CE Remarks Windows CE does not support the following nIndex values:	corpus/chm/windows-ce-3.0/_wcesdk_win32_GetSystemMetrics.html	_wcesdk_win32_GetSystemMetrics	chm/windows-ce-3.0	GetSystemMetrics	ce30-internal-reference
SM_CXFULLSCREEN	not-supported	cegetsystemmetrics	Remarks Windows CE does not support the following nIndex values:	corpus/chm/windows-ce-5.0/wceactsync5/html/wce50lrfCeGetSystemMetricsRAPI.html	wce50lrfCeGetSystemMetricsRAPI	chm/windows-ce-5.0/wceactsync5/html	CeGetSystemMetrics (RAPI)	ms-media-copyright
SM_CXFULLSCREEN	not-supported	getsystemmetrics	Remarks Windows CE does not support the following nIndex values:	corpus/chm/windows-ce-5.0/wceui5/html/wce50lrfGetSystemMetrics.html	wce50lrfGetSystemMetrics	chm/windows-ce-5.0/wceui5/html	GetSystemMetrics	ms-media-copyright
SM_CXFULLSCREEN	not-supported	getsystemmetrics	Remarks Windows CE does not support the following nIndex values:	corpus/learn/windows-ce-5.0/aa453170(v=msdn.10).html	aa453170(v=msdn.10)	learn/windows-ce-5.0	GetSystemMetrics (Windows CE 5.0)	learn-tou
SM_CXFULLSCREEN	not-supported	cegetsystemmetrics	Remarks Windows CE does not support the following nIndex values:	corpus/learn/windows-ce-5.0/aa513367(v=msdn.10).html	aa513367(v=msdn.10)	learn/windows-ce-5.0	CeGetSystemMetrics (RAPI) (Windows CE 5.0)	learn-tou
SM_CXFULLSCREEN	not-supported	getsystemmetrics	Remarks Windows Embedded CE does not support the following nIndex values:	corpus/learn/windows-embedded-ce-6.0/ee499415(v=winembedded.60).html	ee499415(v=winembedded.60)	learn/windows-embedded-ce-6.0	GetSystemMetrics (Windows Embedded CE 6.0)	learn-tou
SM_CXFULLSCREEN	not-supported	getsystemmetrics	Windows CE Remarks Windows CE does not support the following nIndex values:	corpus/msdn-library/wcedevcon-99/wcesdkr/uif_fg_64.html	uif_fg_64	msdn-library/wcedevcon-99/wcesdkr	GetSystemMetrics	msdn-library-copyright
SM_CXFULLSCREEN	not-supported	peggetsystemmetrics	Windows CE Notes The following nIndex values are not supported:	corpus/mvb/windows-ce-1.0/PEGSDK/AB138L.html	AB138L	mvb/windows-ce-1.0/PEGSDK	PegGetSystemMetrics	ms-media-copyright
SM_CXFULLSCREEN	not-supported	getsystemmetrics	Windows CE Notes The following nIndex values are not supported:	corpus/mvb/windows-ce-1.0/PEGSDK/AB435G.html	AB435G	mvb/windows-ce-1.0/PEGSDK	GetSystemMetrics	ms-media-copyright
SM_CXHTHUMB	not-supported	getsystemmetrics	Windows CE Remarks Windows CE does not support the following nIndex values:	corpus/chm/windows-ce-3.0/_wcesdk_win32_GetSystemMetrics.html	_wcesdk_win32_GetSystemMetrics	chm/windows-ce-3.0	GetSystemMetrics	ce30-internal-reference
SM_CXHTHUMB	not-supported	cegetsystemmetrics	Remarks Windows CE does not support the following nIndex values:	corpus/chm/windows-ce-5.0/wceactsync5/html/wce50lrfCeGetSystemMetricsRAPI.html	wce50lrfCeGetSystemMetricsRAPI	chm/windows-ce-5.0/wceactsync5/html	CeGetSystemMetrics (RAPI)	ms-media-copyright
SM_CXHTHUMB	not-supported	getsystemmetrics	Remarks Windows CE does not support the following nIndex values:	corpus/chm/windows-ce-5.0/wceui5/html/wce50lrfGetSystemMetrics.html	wce50lrfGetSystemMetrics	chm/windows-ce-5.0/wceui5/html	GetSystemMetrics	ms-media-copyright
SM_CXHTHUMB	not-supported	getsystemmetrics	Remarks Windows CE does not support the following nIndex values:	corpus/learn/windows-ce-5.0/aa453170(v=msdn.10).html	aa453170(v=msdn.10)	learn/windows-ce-5.0	GetSystemMetrics (Windows CE 5.0)	learn-tou
SM_CXHTHUMB	not-supported	cegetsystemmetrics	Remarks Windows CE does not support the following nIndex values:	corpus/learn/windows-ce-5.0/aa513367(v=msdn.10).html	aa513367(v=msdn.10)	learn/windows-ce-5.0	CeGetSystemMetrics (RAPI) (Windows CE 5.0)	learn-tou
SM_CXHTHUMB	not-supported	getsystemmetrics	Remarks Windows Embedded CE does not support the following nIndex values:	corpus/learn/windows-embedded-ce-6.0/ee499415(v=winembedded.60).html	ee499415(v=winembedded.60)	learn/windows-embedded-ce-6.0	GetSystemMetrics (Windows Embedded CE 6.0)	learn-tou
SM_CXHTHUMB	not-supported	getsystemmetrics	Windows CE Remarks Windows CE does not support the following nIndex values:	corpus/msdn-library/wcedevcon-99/wcesdkr/uif_fg_64.html	uif_fg_64	msdn-library/wcedevcon-99/wcesdkr	GetSystemMetrics	msdn-library-copyright
SM_CXHTHUMB	not-supported	peggetsystemmetrics	Windows CE Notes The following nIndex values are not supported:	corpus/mvb/windows-ce-1.0/PEGSDK/AB138L.html	AB138L	mvb/windows-ce-1.0/PEGSDK	PegGetSystemMetrics	ms-media-copyright
SM_CXHTHUMB	not-supported	getsystemmetrics	Windows CE Notes The following nIndex values are not supported:	corpus/mvb/windows-ce-1.0/PEGSDK/AB435G.html	AB435G	mvb/windows-ce-1.0/PEGSDK	GetSystemMetrics	ms-media-copyright
SM_CXMAXIMIZED	not-supported	getsystemmetrics	Windows CE Remarks Windows CE does not support the following nIndex values:	corpus/chm/windows-ce-3.0/_wcesdk_win32_GetSystemMetrics.html	_wcesdk_win32_GetSystemMetrics	chm/windows-ce-3.0	GetSystemMetrics	ce30-internal-reference
SM_CXMAXIMIZED	not-supported	cegetsystemmetrics	Remarks Windows CE does not support the following nIndex values:	corpus/chm/windows-ce-5.0/wceactsync5/html/wce50lrfCeGetSystemMetricsRAPI.html	wce50lrfCeGetSystemMetricsRAPI	chm/windows-ce-5.0/wceactsync5/html	CeGetSystemMetrics (RAPI)	ms-media-copyright
SM_CXMAXIMIZED	not-supported	getsystemmetrics	Remarks Windows CE does not support the following nIndex values:	corpus/chm/windows-ce-5.0/wceui5/html/wce50lrfGetSystemMetrics.html	wce50lrfGetSystemMetrics	chm/windows-ce-5.0/wceui5/html	GetSystemMetrics	ms-media-copyright
SM_CXMAXIMIZED	not-supported	getsystemmetrics	Remarks Windows CE does not support the following nIndex values:	corpus/learn/windows-ce-5.0/aa453170(v=msdn.10).html	aa453170(v=msdn.10)	learn/windows-ce-5.0	GetSystemMetrics (Windows CE 5.0)	learn-tou
SM_CXMAXIMIZED	not-supported	cegetsystemmetrics	Remarks Windows CE does not support the following nIndex values:	corpus/learn/windows-ce-5.0/aa513367(v=msdn.10).html	aa513367(v=msdn.10)	learn/windows-ce-5.0	CeGetSystemMetrics (RAPI) (Windows CE 5.0)	learn-tou
SM_CXMAXIMIZED	not-supported	getsystemmetrics	Remarks Windows Embedded CE does not support the following nIndex values:	corpus/learn/windows-embedded-ce-6.0/ee499415(v=winembedded.60).html	ee499415(v=winembedded.60)	learn/windows-embedded-ce-6.0	GetSystemMetrics (Windows Embedded CE 6.0)	learn-tou
SM_CXMAXIMIZED	not-supported	getsystemmetrics	Windows CE Remarks Windows CE does not support the following nIndex values:	corpus/msdn-library/wcedevcon-99/wcesdkr/uif_fg_64.html	uif_fg_64	msdn-library/wcedevcon-99/wcesdkr	GetSystemMetrics	msdn-library-copyright
SM_CXMAXIMIZED	not-supported	peggetsystemmetrics	Windows CE Notes The following nIndex values are not supported:	corpus/mvb/windows-ce-1.0/PEGSDK/AB138L.html	AB138L	mvb/windows-ce-1.0/PEGSDK	PegGetSystemMetrics	ms-media-copyright
SM_CXMAXIMIZED	not-supported	getsystemmetrics	Windows CE Notes The following nIndex values are not supported:	corpus/mvb/windows-ce-1.0/PEGSDK/AB435G.html	AB435G	mvb/windows-ce-1.0/PEGSDK	GetSystemMetrics	ms-media-copyright
SM_CXMAXTRACK	not-supported	getsystemmetrics	Windows CE Remarks Windows CE does not support the following nIndex values:	corpus/chm/windows-ce-3.0/_wcesdk_win32_GetSystemMetrics.html	_wcesdk_win32_GetSystemMetrics	chm/windows-ce-3.0	GetSystemMetrics	ce30-internal-reference
SM_CXMAXTRACK	not-supported	cegetsystemmetrics	Remarks Windows CE does not support the following nIndex values:	corpus/chm/windows-ce-5.0/wceactsync5/html/wce50lrfCeGetSystemMetricsRAPI.html	wce50lrfCeGetSystemMetricsRAPI	chm/windows-ce-5.0/wceactsync5/html	CeGetSystemMetrics (RAPI)	ms-media-copyright
SM_CXMAXTRACK	not-supported	getsystemmetrics	Remarks Windows CE does not support the following nIndex values:	corpus/chm/windows-ce-5.0/wceui5/html/wce50lrfGetSystemMetrics.html	wce50lrfGetSystemMetrics	chm/windows-ce-5.0/wceui5/html	GetSystemMetrics	ms-media-copyright
SM_CXMAXTRACK	not-supported	getsystemmetrics	Remarks Windows CE does not support the following nIndex values:	corpus/learn/windows-ce-5.0/aa453170(v=msdn.10).html	aa453170(v=msdn.10)	learn/windows-ce-5.0	GetSystemMetrics (Windows CE 5.0)	learn-tou
SM_CXMAXTRACK	not-supported	cegetsystemmetrics	Remarks Windows CE does not support the following nIndex values:	corpus/learn/windows-ce-5.0/aa513367(v=msdn.10).html	aa513367(v=msdn.10)	learn/windows-ce-5.0	CeGetSystemMetrics (RAPI) (Windows CE 5.0)	learn-tou
SM_CXMAXTRACK	not-supported	getsystemmetrics	Remarks Windows Embedded CE does not support the following nIndex values:	corpus/learn/windows-embedded-ce-6.0/ee499415(v=winembedded.60).html	ee499415(v=winembedded.60)	learn/windows-embedded-ce-6.0	GetSystemMetrics (Windows Embedded CE 6.0)	learn-tou
SM_CXMAXTRACK	not-supported	getsystemmetrics	Windows CE Remarks Windows CE does not support the following nIndex values:	corpus/msdn-library/wcedevcon-99/wcesdkr/uif_fg_64.html	uif_fg_64	msdn-library/wcedevcon-99/wcesdkr	GetSystemMetrics	msdn-library-copyright
SM_CXMAXTRACK	not-supported	peggetsystemmetrics	Windows CE Notes The following nIndex values are not supported:	corpus/mvb/windows-ce-1.0/PEGSDK/AB138L.html	AB138L	mvb/windows-ce-1.0/PEGSDK	PegGetSystemMetrics	ms-media-copyright
SM_CXMAXTRACK	not-supported	getsystemmetrics	Windows CE Notes The following nIndex values are not supported:	corpus/mvb/windows-ce-1.0/PEGSDK/AB435G.html	AB435G	mvb/windows-ce-1.0/PEGSDK	GetSystemMetrics	ms-media-copyright
SM_CXMENUCHECK	not-supported	getsystemmetrics	Windows CE Remarks Windows CE does not support the following nIndex values:	corpus/chm/windows-ce-3.0/_wcesdk_win32_GetSystemMetrics.html	_wcesdk_win32_GetSystemMetrics	chm/windows-ce-3.0	GetSystemMetrics	ce30-internal-reference
SM_CXMENUCHECK	not-supported	cegetsystemmetrics	Remarks Windows CE does not support the following nIndex values:	corpus/chm/windows-ce-5.0/wceactsync5/html/wce50lrfCeGetSystemMetricsRAPI.html	wce50lrfCeGetSystemMetricsRAPI	chm/windows-ce-5.0/wceactsync5/html	CeGetSystemMetrics (RAPI)	ms-media-copyright
SM_CXMENUCHECK	not-supported	getsystemmetrics	Remarks Windows CE does not support the following nIndex values:	corpus/chm/windows-ce-5.0/wceui5/html/wce50lrfGetSystemMetrics.html	wce50lrfGetSystemMetrics	chm/windows-ce-5.0/wceui5/html	GetSystemMetrics	ms-media-copyright
SM_CXMENUCHECK	not-supported	getsystemmetrics	Remarks Windows CE does not support the following nIndex values:	corpus/learn/windows-ce-5.0/aa453170(v=msdn.10).html	aa453170(v=msdn.10)	learn/windows-ce-5.0	GetSystemMetrics (Windows CE 5.0)	learn-tou
SM_CXMENUCHECK	not-supported	cegetsystemmetrics	Remarks Windows CE does not support the following nIndex values:	corpus/learn/windows-ce-5.0/aa513367(v=msdn.10).html	aa513367(v=msdn.10)	learn/windows-ce-5.0	CeGetSystemMetrics (RAPI) (Windows CE 5.0)	learn-tou
SM_CXMENUCHECK	not-supported	getsystemmetrics	Remarks Windows Embedded CE does not support the following nIndex values:	corpus/learn/windows-embedded-ce-6.0/ee499415(v=winembedded.60).html	ee499415(v=winembedded.60)	learn/windows-embedded-ce-6.0	GetSystemMetrics (Windows Embedded CE 6.0)	learn-tou
SM_CXMENUCHECK	not-supported	getsystemmetrics	Windows CE Remarks Windows CE does not support the following nIndex values:	corpus/msdn-library/wcedevcon-99/wcesdkr/uif_fg_64.html	uif_fg_64	msdn-library/wcedevcon-99/wcesdkr	GetSystemMetrics	msdn-library-copyright
SM_CXMENUCHECK	not-supported	peggetsystemmetrics	Windows CE Notes The following nIndex values are not supported:	corpus/mvb/windows-ce-1.0/PEGSDK/AB138L.html	AB138L	mvb/windows-ce-1.0/PEGSDK	PegGetSystemMetrics	ms-media-copyright
SM_CXMENUCHECK	not-supported	getsystemmetrics	Windows CE Notes The following nIndex values are not supported:	corpus/mvb/windows-ce-1.0/PEGSDK/AB435G.html	AB435G	mvb/windows-ce-1.0/PEGSDK	GetSystemMetrics	ms-media-copyright
SM_CXMENUSIZE	not-supported	getsystemmetrics	Windows CE Remarks Windows CE does not support the following nIndex values:	corpus/chm/windows-ce-3.0/_wcesdk_win32_GetSystemMetrics.html	_wcesdk_win32_GetSystemMetrics	chm/windows-ce-3.0	GetSystemMetrics	ce30-internal-reference
SM_CXMENUSIZE	not-supported	cegetsystemmetrics	Remarks Windows CE does not support the following nIndex values:	corpus/chm/windows-ce-5.0/wceactsync5/html/wce50lrfCeGetSystemMetricsRAPI.html	wce50lrfCeGetSystemMetricsRAPI	chm/windows-ce-5.0/wceactsync5/html	CeGetSystemMetrics (RAPI)	ms-media-copyright
SM_CXMENUSIZE	not-supported	getsystemmetrics	Remarks Windows CE does not support the following nIndex values:	corpus/chm/windows-ce-5.0/wceui5/html/wce50lrfGetSystemMetrics.html	wce50lrfGetSystemMetrics	chm/windows-ce-5.0/wceui5/html	GetSystemMetrics	ms-media-copyright
SM_CXMENUSIZE	not-supported	getsystemmetrics	Remarks Windows CE does not support the following nIndex values:	corpus/learn/windows-ce-5.0/aa453170(v=msdn.10).html	aa453170(v=msdn.10)	learn/windows-ce-5.0	GetSystemMetrics (Windows CE 5.0)	learn-tou
SM_CXMENUSIZE	not-supported	cegetsystemmetrics	Remarks Windows CE does not support the following nIndex values:	corpus/learn/windows-ce-5.0/aa513367(v=msdn.10).html	aa513367(v=msdn.10)	learn/windows-ce-5.0	CeGetSystemMetrics (RAPI) (Windows CE 5.0)	learn-tou
SM_CXMENUSIZE	not-supported	getsystemmetrics	Remarks Windows Embedded CE does not support the following nIndex values:	corpus/learn/windows-embedded-ce-6.0/ee499415(v=winembedded.60).html	ee499415(v=winembedded.60)	learn/windows-embedded-ce-6.0	GetSystemMetrics (Windows Embedded CE 6.0)	learn-tou
SM_CXMENUSIZE	not-supported	getsystemmetrics	Windows CE Remarks Windows CE does not support the following nIndex values:	corpus/msdn-library/wcedevcon-99/wcesdkr/uif_fg_64.html	uif_fg_64	msdn-library/wcedevcon-99/wcesdkr	GetSystemMetrics	msdn-library-copyright
SM_CXMENUSIZE	not-supported	peggetsystemmetrics	Windows CE Notes The following nIndex values are not supported:	corpus/mvb/windows-ce-1.0/PEGSDK/AB138L.html	AB138L	mvb/windows-ce-1.0/PEGSDK	PegGetSystemMetrics	ms-media-copyright
SM_CXMENUSIZE	not-supported	getsystemmetrics	Windows CE Notes The following nIndex values are not supported:	corpus/mvb/windows-ce-1.0/PEGSDK/AB435G.html	AB435G	mvb/windows-ce-1.0/PEGSDK	GetSystemMetrics	ms-media-copyright
SM_CXMIN	not-supported	getsystemmetrics	Windows CE Remarks Windows CE does not support the following nIndex values:	corpus/chm/windows-ce-3.0/_wcesdk_win32_GetSystemMetrics.html	_wcesdk_win32_GetSystemMetrics	chm/windows-ce-3.0	GetSystemMetrics	ce30-internal-reference
SM_CXMIN	not-supported	cegetsystemmetrics	Remarks Windows CE does not support the following nIndex values:	corpus/chm/windows-ce-5.0/wceactsync5/html/wce50lrfCeGetSystemMetricsRAPI.html	wce50lrfCeGetSystemMetricsRAPI	chm/windows-ce-5.0/wceactsync5/html	CeGetSystemMetrics (RAPI)	ms-media-copyright
SM_CXMIN	not-supported	getsystemmetrics	Remarks Windows CE does not support the following nIndex values:	corpus/chm/windows-ce-5.0/wceui5/html/wce50lrfGetSystemMetrics.html	wce50lrfGetSystemMetrics	chm/windows-ce-5.0/wceui5/html	GetSystemMetrics	ms-media-copyright
SM_CXMIN	not-supported	getsystemmetrics	Remarks Windows CE does not support the following nIndex values:	corpus/learn/windows-ce-5.0/aa453170(v=msdn.10).html	aa453170(v=msdn.10)	learn/windows-ce-5.0	GetSystemMetrics (Windows CE 5.0)	learn-tou
SM_CXMIN	not-supported	cegetsystemmetrics	Remarks Windows CE does not support the following nIndex values:	corpus/learn/windows-ce-5.0/aa513367(v=msdn.10).html	aa513367(v=msdn.10)	learn/windows-ce-5.0	CeGetSystemMetrics (RAPI) (Windows CE 5.0)	learn-tou
SM_CXMIN	not-supported	getsystemmetrics	Remarks Windows Embedded CE does not support the following nIndex values:	corpus/learn/windows-embedded-ce-6.0/ee499415(v=winembedded.60).html	ee499415(v=winembedded.60)	learn/windows-embedded-ce-6.0	GetSystemMetrics (Windows Embedded CE 6.0)	learn-tou
SM_CXMIN	not-supported	getsystemmetrics	Windows CE Remarks Windows CE does not support the following nIndex values:	corpus/msdn-library/wcedevcon-99/wcesdkr/uif_fg_64.html	uif_fg_64	msdn-library/wcedevcon-99/wcesdkr	GetSystemMetrics	msdn-library-copyright
SM_CXMIN	not-supported	peggetsystemmetrics	Windows CE Notes The following nIndex values are not supported:	corpus/mvb/windows-ce-1.0/PEGSDK/AB138L.html	AB138L	mvb/windows-ce-1.0/PEGSDK	PegGetSystemMetrics	ms-media-copyright
SM_CXMIN	not-supported	getsystemmetrics	Windows CE Notes The following nIndex values are not supported:	corpus/mvb/windows-ce-1.0/PEGSDK/AB435G.html	AB435G	mvb/windows-ce-1.0/PEGSDK	GetSystemMetrics	ms-media-copyright
SM_CXMINIMIZED	not-supported	getsystemmetrics	Windows CE Remarks Windows CE does not support the following nIndex values:	corpus/chm/windows-ce-3.0/_wcesdk_win32_GetSystemMetrics.html	_wcesdk_win32_GetSystemMetrics	chm/windows-ce-3.0	GetSystemMetrics	ce30-internal-reference
SM_CXMINIMIZED	not-supported	cegetsystemmetrics	Remarks Windows CE does not support the following nIndex values:	corpus/chm/windows-ce-5.0/wceactsync5/html/wce50lrfCeGetSystemMetricsRAPI.html	wce50lrfCeGetSystemMetricsRAPI	chm/windows-ce-5.0/wceactsync5/html	CeGetSystemMetrics (RAPI)	ms-media-copyright
SM_CXMINIMIZED	not-supported	getsystemmetrics	Remarks Windows CE does not support the following nIndex values:	corpus/chm/windows-ce-5.0/wceui5/html/wce50lrfGetSystemMetrics.html	wce50lrfGetSystemMetrics	chm/windows-ce-5.0/wceui5/html	GetSystemMetrics	ms-media-copyright
SM_CXMINIMIZED	not-supported	getsystemmetrics	Remarks Windows CE does not support the following nIndex values:	corpus/learn/windows-ce-5.0/aa453170(v=msdn.10).html	aa453170(v=msdn.10)	learn/windows-ce-5.0	GetSystemMetrics (Windows CE 5.0)	learn-tou
SM_CXMINIMIZED	not-supported	cegetsystemmetrics	Remarks Windows CE does not support the following nIndex values:	corpus/learn/windows-ce-5.0/aa513367(v=msdn.10).html	aa513367(v=msdn.10)	learn/windows-ce-5.0	CeGetSystemMetrics (RAPI) (Windows CE 5.0)	learn-tou
SM_CXMINIMIZED	not-supported	getsystemmetrics	Remarks Windows Embedded CE does not support the following nIndex values:	corpus/learn/windows-embedded-ce-6.0/ee499415(v=winembedded.60).html	ee499415(v=winembedded.60)	learn/windows-embedded-ce-6.0	GetSystemMetrics (Windows Embedded CE 6.0)	learn-tou
SM_CXMINIMIZED	not-supported	getsystemmetrics	Windows CE Remarks Windows CE does not support the following nIndex values:	corpus/msdn-library/wcedevcon-99/wcesdkr/uif_fg_64.html	uif_fg_64	msdn-library/wcedevcon-99/wcesdkr	GetSystemMetrics	msdn-library-copyright
SM_CXMINIMIZED	not-supported	peggetsystemmetrics	Windows CE Notes The following nIndex values are not supported:	corpus/mvb/windows-ce-1.0/PEGSDK/AB138L.html	AB138L	mvb/windows-ce-1.0/PEGSDK	PegGetSystemMetrics	ms-media-copyright
SM_CXMINIMIZED	not-supported	getsystemmetrics	Windows CE Notes The following nIndex values are not supported:	corpus/mvb/windows-ce-1.0/PEGSDK/AB435G.html	AB435G	mvb/windows-ce-1.0/PEGSDK	GetSystemMetrics	ms-media-copyright
SM_CXMINSPACING	not-supported	getsystemmetrics	Windows CE Remarks Windows CE does not support the following nIndex values:	corpus/chm/windows-ce-3.0/_wcesdk_win32_GetSystemMetrics.html	_wcesdk_win32_GetSystemMetrics	chm/windows-ce-3.0	GetSystemMetrics	ce30-internal-reference
SM_CXMINSPACING	not-supported	cegetsystemmetrics	Remarks Windows CE does not support the following nIndex values:	corpus/chm/windows-ce-5.0/wceactsync5/html/wce50lrfCeGetSystemMetricsRAPI.html	wce50lrfCeGetSystemMetricsRAPI	chm/windows-ce-5.0/wceactsync5/html	CeGetSystemMetrics (RAPI)	ms-media-copyright
SM_CXMINSPACING	not-supported	getsystemmetrics	Remarks Windows CE does not support the following nIndex values:	corpus/chm/windows-ce-5.0/wceui5/html/wce50lrfGetSystemMetrics.html	wce50lrfGetSystemMetrics	chm/windows-ce-5.0/wceui5/html	GetSystemMetrics	ms-media-copyright
SM_CXMINSPACING	not-supported	getsystemmetrics	Remarks Windows CE does not support the following nIndex values:	corpus/learn/windows-ce-5.0/aa453170(v=msdn.10).html	aa453170(v=msdn.10)	learn/windows-ce-5.0	GetSystemMetrics (Windows CE 5.0)	learn-tou
SM_CXMINSPACING	not-supported	cegetsystemmetrics	Remarks Windows CE does not support the following nIndex values:	corpus/learn/windows-ce-5.0/aa513367(v=msdn.10).html	aa513367(v=msdn.10)	learn/windows-ce-5.0	CeGetSystemMetrics (RAPI) (Windows CE 5.0)	learn-tou
SM_CXMINSPACING	not-supported	getsystemmetrics	Remarks Windows Embedded CE does not support the following nIndex values:	corpus/learn/windows-embedded-ce-6.0/ee499415(v=winembedded.60).html	ee499415(v=winembedded.60)	learn/windows-embedded-ce-6.0	GetSystemMetrics (Windows Embedded CE 6.0)	learn-tou
SM_CXMINSPACING	not-supported	getsystemmetrics	Windows CE Remarks Windows CE does not support the following nIndex values:	corpus/msdn-library/wcedevcon-99/wcesdkr/uif_fg_64.html	uif_fg_64	msdn-library/wcedevcon-99/wcesdkr	GetSystemMetrics	msdn-library-copyright
SM_CXMINSPACING	not-supported	peggetsystemmetrics	Windows CE Notes The following nIndex values are not supported:	corpus/mvb/windows-ce-1.0/PEGSDK/AB138L.html	AB138L	mvb/windows-ce-1.0/PEGSDK	PegGetSystemMetrics	ms-media-copyright
SM_CXMINSPACING	not-supported	getsystemmetrics	Windows CE Notes The following nIndex values are not supported:	corpus/mvb/windows-ce-1.0/PEGSDK/AB435G.html	AB435G	mvb/windows-ce-1.0/PEGSDK	GetSystemMetrics	ms-media-copyright
SM_CXMINTRACK	not-supported	getsystemmetrics	Windows CE Remarks Windows CE does not support the following nIndex values:	corpus/chm/windows-ce-3.0/_wcesdk_win32_GetSystemMetrics.html	_wcesdk_win32_GetSystemMetrics	chm/windows-ce-3.0	GetSystemMetrics	ce30-internal-reference
SM_CXMINTRACK	not-supported	cegetsystemmetrics	Remarks Windows CE does not support the following nIndex values:	corpus/chm/windows-ce-5.0/wceactsync5/html/wce50lrfCeGetSystemMetricsRAPI.html	wce50lrfCeGetSystemMetricsRAPI	chm/windows-ce-5.0/wceactsync5/html	CeGetSystemMetrics (RAPI)	ms-media-copyright
SM_CXMINTRACK	not-supported	getsystemmetrics	Remarks Windows CE does not support the following nIndex values:	corpus/chm/windows-ce-5.0/wceui5/html/wce50lrfGetSystemMetrics.html	wce50lrfGetSystemMetrics	chm/windows-ce-5.0/wceui5/html	GetSystemMetrics	ms-media-copyright
SM_CXMINTRACK	not-supported	getsystemmetrics	Remarks Windows CE does not support the following nIndex values:	corpus/learn/windows-ce-5.0/aa453170(v=msdn.10).html	aa453170(v=msdn.10)	learn/windows-ce-5.0	GetSystemMetrics (Windows CE 5.0)	learn-tou
SM_CXMINTRACK	not-supported	cegetsystemmetrics	Remarks Windows CE does not support the following nIndex values:	corpus/learn/windows-ce-5.0/aa513367(v=msdn.10).html	aa513367(v=msdn.10)	learn/windows-ce-5.0	CeGetSystemMetrics (RAPI) (Windows CE 5.0)	learn-tou
SM_CXMINTRACK	not-supported	getsystemmetrics	Remarks Windows Embedded CE does not support the following nIndex values:	corpus/learn/windows-embedded-ce-6.0/ee499415(v=winembedded.60).html	ee499415(v=winembedded.60)	learn/windows-embedded-ce-6.0	GetSystemMetrics (Windows Embedded CE 6.0)	learn-tou
SM_CXMINTRACK	not-supported	getsystemmetrics	Windows CE Remarks Windows CE does not support the following nIndex values:	corpus/msdn-library/wcedevcon-99/wcesdkr/uif_fg_64.html	uif_fg_64	msdn-library/wcedevcon-99/wcesdkr	GetSystemMetrics	msdn-library-copyright
SM_CXMINTRACK	not-supported	peggetsystemmetrics	Windows CE Notes The following nIndex values are not supported:	corpus/mvb/windows-ce-1.0/PEGSDK/AB138L.html	AB138L	mvb/windows-ce-1.0/PEGSDK	PegGetSystemMetrics	ms-media-copyright
SM_CXMINTRACK	not-supported	getsystemmetrics	Windows CE Notes The following nIndex values are not supported:	corpus/mvb/windows-ce-1.0/PEGSDK/AB435G.html	AB435G	mvb/windows-ce-1.0/PEGSDK	GetSystemMetrics	ms-media-copyright
SM_CXSIZE	not-supported	getsystemmetrics	Windows CE Remarks Windows CE does not support the following nIndex values:	corpus/chm/windows-ce-3.0/_wcesdk_win32_GetSystemMetrics.html	_wcesdk_win32_GetSystemMetrics	chm/windows-ce-3.0	GetSystemMetrics	ce30-internal-reference
SM_CXSIZE	not-supported	cegetsystemmetrics	Remarks Windows CE does not support the following nIndex values:	corpus/chm/windows-ce-5.0/wceactsync5/html/wce50lrfCeGetSystemMetricsRAPI.html	wce50lrfCeGetSystemMetricsRAPI	chm/windows-ce-5.0/wceactsync5/html	CeGetSystemMetrics (RAPI)	ms-media-copyright
SM_CXSIZE	not-supported	getsystemmetrics	Remarks Windows CE does not support the following nIndex values:	corpus/chm/windows-ce-5.0/wceui5/html/wce50lrfGetSystemMetrics.html	wce50lrfGetSystemMetrics	chm/windows-ce-5.0/wceui5/html	GetSystemMetrics	ms-media-copyright
SM_CXSIZE	not-supported	getsystemmetrics	Remarks Windows CE does not support the following nIndex values:	corpus/learn/windows-ce-5.0/aa453170(v=msdn.10).html	aa453170(v=msdn.10)	learn/windows-ce-5.0	GetSystemMetrics (Windows CE 5.0)	learn-tou
SM_CXSIZE	not-supported	cegetsystemmetrics	Remarks Windows CE does not support the following nIndex values:	corpus/learn/windows-ce-5.0/aa513367(v=msdn.10).html	aa513367(v=msdn.10)	learn/windows-ce-5.0	CeGetSystemMetrics (RAPI) (Windows CE 5.0)	learn-tou
SM_CXSIZE	not-supported	getsystemmetrics	Remarks Windows Embedded CE does not support the following nIndex values:	corpus/learn/windows-embedded-ce-6.0/ee499415(v=winembedded.60).html	ee499415(v=winembedded.60)	learn/windows-embedded-ce-6.0	GetSystemMetrics (Windows Embedded CE 6.0)	learn-tou
SM_CXSIZE	not-supported	getsystemmetrics	Windows CE Remarks Windows CE does not support the following nIndex values:	corpus/msdn-library/wcedevcon-99/wcesdkr/uif_fg_64.html	uif_fg_64	msdn-library/wcedevcon-99/wcesdkr	GetSystemMetrics	msdn-library-copyright
SM_CXSIZE	not-supported	peggetsystemmetrics	Windows CE Notes The following nIndex values are not supported:	corpus/mvb/windows-ce-1.0/PEGSDK/AB138L.html	AB138L	mvb/windows-ce-1.0/PEGSDK	PegGetSystemMetrics	ms-media-copyright
SM_CXSIZE	not-supported	getsystemmetrics	Windows CE Notes The following nIndex values are not supported:	corpus/mvb/windows-ce-1.0/PEGSDK/AB435G.html	AB435G	mvb/windows-ce-1.0/PEGSDK	GetSystemMetrics	ms-media-copyright
SM_CXSIZEFRAME	not-supported	getsystemmetrics	Windows CE Remarks Windows CE does not support the following nIndex values:	corpus/chm/windows-ce-3.0/_wcesdk_win32_GetSystemMetrics.html	_wcesdk_win32_GetSystemMetrics	chm/windows-ce-3.0	GetSystemMetrics	ce30-internal-reference
SM_CXSIZEFRAME	not-supported	cegetsystemmetrics	Remarks Windows CE does not support the following nIndex values:	corpus/chm/windows-ce-5.0/wceactsync5/html/wce50lrfCeGetSystemMetricsRAPI.html	wce50lrfCeGetSystemMetricsRAPI	chm/windows-ce-5.0/wceactsync5/html	CeGetSystemMetrics (RAPI)	ms-media-copyright
SM_CXSIZEFRAME	not-supported	getsystemmetrics	Remarks Windows CE does not support the following nIndex values:	corpus/chm/windows-ce-5.0/wceui5/html/wce50lrfGetSystemMetrics.html	wce50lrfGetSystemMetrics	chm/windows-ce-5.0/wceui5/html	GetSystemMetrics	ms-media-copyright
SM_CXSIZEFRAME	not-supported	getsystemmetrics	Remarks Windows CE does not support the following nIndex values:	corpus/learn/windows-ce-5.0/aa453170(v=msdn.10).html	aa453170(v=msdn.10)	learn/windows-ce-5.0	GetSystemMetrics (Windows CE 5.0)	learn-tou
SM_CXSIZEFRAME	not-supported	cegetsystemmetrics	Remarks Windows CE does not support the following nIndex values:	corpus/learn/windows-ce-5.0/aa513367(v=msdn.10).html	aa513367(v=msdn.10)	learn/windows-ce-5.0	CeGetSystemMetrics (RAPI) (Windows CE 5.0)	learn-tou
SM_CXSIZEFRAME	not-supported	getsystemmetrics	Remarks Windows Embedded CE does not support the following nIndex values:	corpus/learn/windows-embedded-ce-6.0/ee499415(v=winembedded.60).html	ee499415(v=winembedded.60)	learn/windows-embedded-ce-6.0	GetSystemMetrics (Windows Embedded CE 6.0)	learn-tou
SM_CXSIZEFRAME	not-supported	getsystemmetrics	Windows CE Remarks Windows CE does not support the following nIndex values:	corpus/msdn-library/wcedevcon-99/wcesdkr/uif_fg_64.html	uif_fg_64	msdn-library/wcedevcon-99/wcesdkr	GetSystemMetrics	msdn-library-copyright
SM_CXSIZEFRAME	not-supported	peggetsystemmetrics	Windows CE Notes The following nIndex values are not supported:	corpus/mvb/windows-ce-1.0/PEGSDK/AB138L.html	AB138L	mvb/windows-ce-1.0/PEGSDK	PegGetSystemMetrics	ms-media-copyright
SM_CXSIZEFRAME	not-supported	getsystemmetrics	Windows CE Notes The following nIndex values are not supported:	corpus/mvb/windows-ce-1.0/PEGSDK/AB435G.html	AB435G	mvb/windows-ce-1.0/PEGSDK	GetSystemMetrics	ms-media-copyright
SM_CXSMSIZE	not-supported	getsystemmetrics	Windows CE Remarks Windows CE does not support the following nIndex values:	corpus/chm/windows-ce-3.0/_wcesdk_win32_GetSystemMetrics.html	_wcesdk_win32_GetSystemMetrics	chm/windows-ce-3.0	GetSystemMetrics	ce30-internal-reference
SM_CXSMSIZE	not-supported	cegetsystemmetrics	Remarks Windows CE does not support the following nIndex values:	corpus/chm/windows-ce-5.0/wceactsync5/html/wce50lrfCeGetSystemMetricsRAPI.html	wce50lrfCeGetSystemMetricsRAPI	chm/windows-ce-5.0/wceactsync5/html	CeGetSystemMetrics (RAPI)	ms-media-copyright
SM_CXSMSIZE	not-supported	getsystemmetrics	Remarks Windows CE does not support the following nIndex values:	corpus/chm/windows-ce-5.0/wceui5/html/wce50lrfGetSystemMetrics.html	wce50lrfGetSystemMetrics	chm/windows-ce-5.0/wceui5/html	GetSystemMetrics	ms-media-copyright
SM_CXSMSIZE	not-supported	getsystemmetrics	Remarks Windows CE does not support the following nIndex values:	corpus/learn/windows-ce-5.0/aa453170(v=msdn.10).html	aa453170(v=msdn.10)	learn/windows-ce-5.0	GetSystemMetrics (Windows CE 5.0)	learn-tou
SM_CXSMSIZE	not-supported	cegetsystemmetrics	Remarks Windows CE does not support the following nIndex values:	corpus/learn/windows-ce-5.0/aa513367(v=msdn.10).html	aa513367(v=msdn.10)	learn/windows-ce-5.0	CeGetSystemMetrics (RAPI) (Windows CE 5.0)	learn-tou
SM_CXSMSIZE	not-supported	getsystemmetrics	Remarks Windows Embedded CE does not support the following nIndex values:	corpus/learn/windows-embedded-ce-6.0/ee499415(v=winembedded.60).html	ee499415(v=winembedded.60)	learn/windows-embedded-ce-6.0	GetSystemMetrics (Windows Embedded CE 6.0)	learn-tou
SM_CXSMSIZE	not-supported	getsystemmetrics	Windows CE Remarks Windows CE does not support the following nIndex values:	corpus/msdn-library/wcedevcon-99/wcesdkr/uif_fg_64.html	uif_fg_64	msdn-library/wcedevcon-99/wcesdkr	GetSystemMetrics	msdn-library-copyright
SM_CXSMSIZE	not-supported	peggetsystemmetrics	Windows CE Notes The following nIndex values are not supported:	corpus/mvb/windows-ce-1.0/PEGSDK/AB138L.html	AB138L	mvb/windows-ce-1.0/PEGSDK	PegGetSystemMetrics	ms-media-copyright
SM_CXSMSIZE	not-supported	getsystemmetrics	Windows CE Notes The following nIndex values are not supported:	corpus/mvb/windows-ce-1.0/PEGSDK/AB435G.html	AB435G	mvb/windows-ce-1.0/PEGSDK	GetSystemMetrics	ms-media-copyright
SM_CYCURSOR	not-supported	getsystemmetrics	Windows CE Remarks Windows CE does not support the following nIndex values:	corpus/chm/windows-ce-3.0/_wcesdk_win32_GetSystemMetrics.html	_wcesdk_win32_GetSystemMetrics	chm/windows-ce-3.0	GetSystemMetrics	ce30-internal-reference
SM_CYCURSOR	not-supported	getsystemmetrics	Windows CE Remarks Windows CE does not support the following nIndex values:	corpus/msdn-library/wcedevcon-99/wcesdkr/uif_fg_64.html	uif_fg_64	msdn-library/wcedevcon-99/wcesdkr	GetSystemMetrics	msdn-library-copyright
SM_CYCURSOR	not-supported	peggetsystemmetrics	Windows CE Notes The following nIndex values are not supported:	corpus/mvb/windows-ce-1.0/PEGSDK/AB138L.html	AB138L	mvb/windows-ce-1.0/PEGSDK	PegGetSystemMetrics	ms-media-copyright
SM_CYCURSOR	not-supported	getsystemmetrics	Windows CE Notes The following nIndex values are not supported:	corpus/mvb/windows-ce-1.0/PEGSDK/AB435G.html	AB435G	mvb/windows-ce-1.0/PEGSDK	GetSystemMetrics	ms-media-copyright
SM_CYDRAG	not-supported	getsystemmetrics	Windows CE Remarks Windows CE does not support the following nIndex values:	corpus/chm/windows-ce-3.0/_wcesdk_win32_GetSystemMetrics.html	_wcesdk_win32_GetSystemMetrics	chm/windows-ce-3.0	GetSystemMetrics	ce30-internal-reference
SM_CYDRAG	not-supported	cegetsystemmetrics	Remarks Windows CE does not support the following nIndex values:	corpus/chm/windows-ce-5.0/wceactsync5/html/wce50lrfCeGetSystemMetricsRAPI.html	wce50lrfCeGetSystemMetricsRAPI	chm/windows-ce-5.0/wceactsync5/html	CeGetSystemMetrics (RAPI)	ms-media-copyright
SM_CYDRAG	not-supported	getsystemmetrics	Remarks Windows CE does not support the following nIndex values:	corpus/chm/windows-ce-5.0/wceui5/html/wce50lrfGetSystemMetrics.html	wce50lrfGetSystemMetrics	chm/windows-ce-5.0/wceui5/html	GetSystemMetrics	ms-media-copyright
SM_CYDRAG	not-supported	getsystemmetrics	Remarks Windows CE does not support the following nIndex values:	corpus/learn/windows-ce-5.0/aa453170(v=msdn.10).html	aa453170(v=msdn.10)	learn/windows-ce-5.0	GetSystemMetrics (Windows CE 5.0)	learn-tou
SM_CYDRAG	not-supported	cegetsystemmetrics	Remarks Windows CE does not support the following nIndex values:	corpus/learn/windows-ce-5.0/aa513367(v=msdn.10).html	aa513367(v=msdn.10)	learn/windows-ce-5.0	CeGetSystemMetrics (RAPI) (Windows CE 5.0)	learn-tou
SM_CYDRAG	not-supported	getsystemmetrics	Remarks Windows Embedded CE does not support the following nIndex values:	corpus/learn/windows-embedded-ce-6.0/ee499415(v=winembedded.60).html	ee499415(v=winembedded.60)	learn/windows-embedded-ce-6.0	GetSystemMetrics (Windows Embedded CE 6.0)	learn-tou
SM_CYDRAG	not-supported	getsystemmetrics	Windows CE Remarks Windows CE does not support the following nIndex values:	corpus/msdn-library/wcedevcon-99/wcesdkr/uif_fg_64.html	uif_fg_64	msdn-library/wcedevcon-99/wcesdkr	GetSystemMetrics	msdn-library-copyright
SM_CYDRAG	not-supported	peggetsystemmetrics	Windows CE Notes The following nIndex values are not supported:	corpus/mvb/windows-ce-1.0/PEGSDK/AB138L.html	AB138L	mvb/windows-ce-1.0/PEGSDK	PegGetSystemMetrics	ms-media-copyright
SM_CYDRAG	not-supported	getsystemmetrics	Windows CE Notes The following nIndex values are not supported:	corpus/mvb/windows-ce-1.0/PEGSDK/AB435G.html	AB435G	mvb/windows-ce-1.0/PEGSDK	GetSystemMetrics	ms-media-copyright
SM_CYFRAME	not-supported	getsystemmetrics	Windows CE Remarks Windows CE does not support the following nIndex values:	corpus/chm/windows-ce-3.0/_wcesdk_win32_GetSystemMetrics.html	_wcesdk_win32_GetSystemMetrics	chm/windows-ce-3.0	GetSystemMetrics	ce30-internal-reference
SM_CYFRAME	not-supported	cegetsystemmetrics	Remarks Windows CE does not support the following nIndex values:	corpus/chm/windows-ce-5.0/wceactsync5/html/wce50lrfCeGetSystemMetricsRAPI.html	wce50lrfCeGetSystemMetricsRAPI	chm/windows-ce-5.0/wceactsync5/html	CeGetSystemMetrics (RAPI)	ms-media-copyright
SM_CYFRAME	not-supported	getsystemmetrics	Remarks Windows CE does not support the following nIndex values:	corpus/chm/windows-ce-5.0/wceui5/html/wce50lrfGetSystemMetrics.html	wce50lrfGetSystemMetrics	chm/windows-ce-5.0/wceui5/html	GetSystemMetrics	ms-media-copyright
SM_CYFRAME	not-supported	getsystemmetrics	Remarks Windows CE does not support the following nIndex values:	corpus/learn/windows-ce-5.0/aa453170(v=msdn.10).html	aa453170(v=msdn.10)	learn/windows-ce-5.0	GetSystemMetrics (Windows CE 5.0)	learn-tou
SM_CYFRAME	not-supported	cegetsystemmetrics	Remarks Windows CE does not support the following nIndex values:	corpus/learn/windows-ce-5.0/aa513367(v=msdn.10).html	aa513367(v=msdn.10)	learn/windows-ce-5.0	CeGetSystemMetrics (RAPI) (Windows CE 5.0)	learn-tou
SM_CYFRAME	not-supported	getsystemmetrics	Remarks Windows Embedded CE does not support the following nIndex values:	corpus/learn/windows-embedded-ce-6.0/ee499415(v=winembedded.60).html	ee499415(v=winembedded.60)	learn/windows-embedded-ce-6.0	GetSystemMetrics (Windows Embedded CE 6.0)	learn-tou
SM_CYFRAME	not-supported	getsystemmetrics	Windows CE Remarks Windows CE does not support the following nIndex values:	corpus/msdn-library/wcedevcon-99/wcesdkr/uif_fg_64.html	uif_fg_64	msdn-library/wcedevcon-99/wcesdkr	GetSystemMetrics	msdn-library-copyright
SM_CYFRAME	not-supported	peggetsystemmetrics	Windows CE Notes The following nIndex values are not supported:	corpus/mvb/windows-ce-1.0/PEGSDK/AB138L.html	AB138L	mvb/windows-ce-1.0/PEGSDK	PegGetSystemMetrics	ms-media-copyright
SM_CYFRAME	not-supported	getsystemmetrics	Windows CE Notes The following nIndex values are not supported:	corpus/mvb/windows-ce-1.0/PEGSDK/AB435G.html	AB435G	mvb/windows-ce-1.0/PEGSDK	GetSystemMetrics	ms-media-copyright
SM_CYFULLSCREEN	not-supported	getsystemmetrics	Windows CE Remarks Windows CE does not support the following nIndex values:	corpus/chm/windows-ce-3.0/_wcesdk_win32_GetSystemMetrics.html	_wcesdk_win32_GetSystemMetrics	chm/windows-ce-3.0	GetSystemMetrics	ce30-internal-reference
SM_CYFULLSCREEN	not-supported	cegetsystemmetrics	Remarks Windows CE does not support the following nIndex values:	corpus/chm/windows-ce-5.0/wceactsync5/html/wce50lrfCeGetSystemMetricsRAPI.html	wce50lrfCeGetSystemMetricsRAPI	chm/windows-ce-5.0/wceactsync5/html	CeGetSystemMetrics (RAPI)	ms-media-copyright
SM_CYFULLSCREEN	not-supported	getsystemmetrics	Remarks Windows CE does not support the following nIndex values:	corpus/chm/windows-ce-5.0/wceui5/html/wce50lrfGetSystemMetrics.html	wce50lrfGetSystemMetrics	chm/windows-ce-5.0/wceui5/html	GetSystemMetrics	ms-media-copyright
SM_CYFULLSCREEN	not-supported	getsystemmetrics	Remarks Windows CE does not support the following nIndex values:	corpus/learn/windows-ce-5.0/aa453170(v=msdn.10).html	aa453170(v=msdn.10)	learn/windows-ce-5.0	GetSystemMetrics (Windows CE 5.0)	learn-tou
SM_CYFULLSCREEN	not-supported	cegetsystemmetrics	Remarks Windows CE does not support the following nIndex values:	corpus/learn/windows-ce-5.0/aa513367(v=msdn.10).html	aa513367(v=msdn.10)	learn/windows-ce-5.0	CeGetSystemMetrics (RAPI) (Windows CE 5.0)	learn-tou
SM_CYFULLSCREEN	not-supported	getsystemmetrics	Remarks Windows Embedded CE does not support the following nIndex values:	corpus/learn/windows-embedded-ce-6.0/ee499415(v=winembedded.60).html	ee499415(v=winembedded.60)	learn/windows-embedded-ce-6.0	GetSystemMetrics (Windows Embedded CE 6.0)	learn-tou
SM_CYFULLSCREEN	not-supported	getsystemmetrics	Windows CE Remarks Windows CE does not support the following nIndex values:	corpus/msdn-library/wcedevcon-99/wcesdkr/uif_fg_64.html	uif_fg_64	msdn-library/wcedevcon-99/wcesdkr	GetSystemMetrics	msdn-library-copyright
SM_CYFULLSCREEN	not-supported	peggetsystemmetrics	Windows CE Notes The following nIndex values are not supported:	corpus/mvb/windows-ce-1.0/PEGSDK/AB138L.html	AB138L	mvb/windows-ce-1.0/PEGSDK	PegGetSystemMetrics	ms-media-copyright
SM_CYFULLSCREEN	not-supported	getsystemmetrics	Windows CE Notes The following nIndex values are not supported:	corpus/mvb/windows-ce-1.0/PEGSDK/AB435G.html	AB435G	mvb/windows-ce-1.0/PEGSDK	GetSystemMetrics	ms-media-copyright
SM_CYKANJIWINDOW	not-supported	getsystemmetrics	Windows CE Remarks Windows CE does not support the following nIndex values:	corpus/chm/windows-ce-3.0/_wcesdk_win32_GetSystemMetrics.html	_wcesdk_win32_GetSystemMetrics	chm/windows-ce-3.0	GetSystemMetrics	ce30-internal-reference
SM_CYKANJIWINDOW	not-supported	cegetsystemmetrics	Remarks Windows CE does not support the following nIndex values:	corpus/chm/windows-ce-5.0/wceactsync5/html/wce50lrfCeGetSystemMetricsRAPI.html	wce50lrfCeGetSystemMetricsRAPI	chm/windows-ce-5.0/wceactsync5/html	CeGetSystemMetrics (RAPI)	ms-media-copyright
SM_CYKANJIWINDOW	not-supported	getsystemmetrics	Remarks Windows CE does not support the following nIndex values:	corpus/chm/windows-ce-5.0/wceui5/html/wce50lrfGetSystemMetrics.html	wce50lrfGetSystemMetrics	chm/windows-ce-5.0/wceui5/html	GetSystemMetrics	ms-media-copyright
SM_CYKANJIWINDOW	not-supported	getsystemmetrics	Remarks Windows CE does not support the following nIndex values:	corpus/learn/windows-ce-5.0/aa453170(v=msdn.10).html	aa453170(v=msdn.10)	learn/windows-ce-5.0	GetSystemMetrics (Windows CE 5.0)	learn-tou
SM_CYKANJIWINDOW	not-supported	cegetsystemmetrics	Remarks Windows CE does not support the following nIndex values:	corpus/learn/windows-ce-5.0/aa513367(v=msdn.10).html	aa513367(v=msdn.10)	learn/windows-ce-5.0	CeGetSystemMetrics (RAPI) (Windows CE 5.0)	learn-tou
SM_CYKANJIWINDOW	not-supported	getsystemmetrics	Remarks Windows Embedded CE does not support the following nIndex values:	corpus/learn/windows-embedded-ce-6.0/ee499415(v=winembedded.60).html	ee499415(v=winembedded.60)	learn/windows-embedded-ce-6.0	GetSystemMetrics (Windows Embedded CE 6.0)	learn-tou
SM_CYKANJIWINDOW	not-supported	getsystemmetrics	Windows CE Remarks Windows CE does not support the following nIndex values:	corpus/msdn-library/wcedevcon-99/wcesdkr/uif_fg_64.html	uif_fg_64	msdn-library/wcedevcon-99/wcesdkr	GetSystemMetrics	msdn-library-copyright
SM_CYKANJIWINDOW	not-supported	peggetsystemmetrics	Windows CE Notes The following nIndex values are not supported:	corpus/mvb/windows-ce-1.0/PEGSDK/AB138L.html	AB138L	mvb/windows-ce-1.0/PEGSDK	PegGetSystemMetrics	ms-media-copyright
SM_CYKANJIWINDOW	not-supported	getsystemmetrics	Windows CE Notes The following nIndex values are not supported:	corpus/mvb/windows-ce-1.0/PEGSDK/AB435G.html	AB435G	mvb/windows-ce-1.0/PEGSDK	GetSystemMetrics	ms-media-copyright
SM_CYMAXIMIZED	not-supported	getsystemmetrics	Windows CE Remarks Windows CE does not support the following nIndex values:	corpus/chm/windows-ce-3.0/_wcesdk_win32_GetSystemMetrics.html	_wcesdk_win32_GetSystemMetrics	chm/windows-ce-3.0	GetSystemMetrics	ce30-internal-reference
SM_CYMAXIMIZED	not-supported	cegetsystemmetrics	Remarks Windows CE does not support the following nIndex values:	corpus/chm/windows-ce-5.0/wceactsync5/html/wce50lrfCeGetSystemMetricsRAPI.html	wce50lrfCeGetSystemMetricsRAPI	chm/windows-ce-5.0/wceactsync5/html	CeGetSystemMetrics (RAPI)	ms-media-copyright
SM_CYMAXIMIZED	not-supported	getsystemmetrics	Remarks Windows CE does not support the following nIndex values:	corpus/chm/windows-ce-5.0/wceui5/html/wce50lrfGetSystemMetrics.html	wce50lrfGetSystemMetrics	chm/windows-ce-5.0/wceui5/html	GetSystemMetrics	ms-media-copyright
SM_CYMAXIMIZED	not-supported	getsystemmetrics	Remarks Windows CE does not support the following nIndex values:	corpus/learn/windows-ce-5.0/aa453170(v=msdn.10).html	aa453170(v=msdn.10)	learn/windows-ce-5.0	GetSystemMetrics (Windows CE 5.0)	learn-tou
SM_CYMAXIMIZED	not-supported	cegetsystemmetrics	Remarks Windows CE does not support the following nIndex values:	corpus/learn/windows-ce-5.0/aa513367(v=msdn.10).html	aa513367(v=msdn.10)	learn/windows-ce-5.0	CeGetSystemMetrics (RAPI) (Windows CE 5.0)	learn-tou
SM_CYMAXIMIZED	not-supported	getsystemmetrics	Remarks Windows Embedded CE does not support the following nIndex values:	corpus/learn/windows-embedded-ce-6.0/ee499415(v=winembedded.60).html	ee499415(v=winembedded.60)	learn/windows-embedded-ce-6.0	GetSystemMetrics (Windows Embedded CE 6.0)	learn-tou
SM_CYMAXIMIZED	not-supported	getsystemmetrics	Windows CE Remarks Windows CE does not support the following nIndex values:	corpus/msdn-library/wcedevcon-99/wcesdkr/uif_fg_64.html	uif_fg_64	msdn-library/wcedevcon-99/wcesdkr	GetSystemMetrics	msdn-library-copyright
SM_CYMAXIMIZED	not-supported	peggetsystemmetrics	Windows CE Notes The following nIndex values are not supported:	corpus/mvb/windows-ce-1.0/PEGSDK/AB138L.html	AB138L	mvb/windows-ce-1.0/PEGSDK	PegGetSystemMetrics	ms-media-copyright
SM_CYMAXIMIZED	not-supported	getsystemmetrics	Windows CE Notes The following nIndex values are not supported:	corpus/mvb/windows-ce-1.0/PEGSDK/AB435G.html	AB435G	mvb/windows-ce-1.0/PEGSDK	GetSystemMetrics	ms-media-copyright
SM_CYMAXTRACK	not-supported	getsystemmetrics	Windows CE Remarks Windows CE does not support the following nIndex values:	corpus/chm/windows-ce-3.0/_wcesdk_win32_GetSystemMetrics.html	_wcesdk_win32_GetSystemMetrics	chm/windows-ce-3.0	GetSystemMetrics	ce30-internal-reference
SM_CYMAXTRACK	not-supported	cegetsystemmetrics	Remarks Windows CE does not support the following nIndex values:	corpus/chm/windows-ce-5.0/wceactsync5/html/wce50lrfCeGetSystemMetricsRAPI.html	wce50lrfCeGetSystemMetricsRAPI	chm/windows-ce-5.0/wceactsync5/html	CeGetSystemMetrics (RAPI)	ms-media-copyright
SM_CYMAXTRACK	not-supported	getsystemmetrics	Remarks Windows CE does not support the following nIndex values:	corpus/chm/windows-ce-5.0/wceui5/html/wce50lrfGetSystemMetrics.html	wce50lrfGetSystemMetrics	chm/windows-ce-5.0/wceui5/html	GetSystemMetrics	ms-media-copyright
SM_CYMAXTRACK	not-supported	getsystemmetrics	Remarks Windows CE does not support the following nIndex values:	corpus/learn/windows-ce-5.0/aa453170(v=msdn.10).html	aa453170(v=msdn.10)	learn/windows-ce-5.0	GetSystemMetrics (Windows CE 5.0)	learn-tou
SM_CYMAXTRACK	not-supported	cegetsystemmetrics	Remarks Windows CE does not support the following nIndex values:	corpus/learn/windows-ce-5.0/aa513367(v=msdn.10).html	aa513367(v=msdn.10)	learn/windows-ce-5.0	CeGetSystemMetrics (RAPI) (Windows CE 5.0)	learn-tou
SM_CYMAXTRACK	not-supported	getsystemmetrics	Remarks Windows Embedded CE does not support the following nIndex values:	corpus/learn/windows-embedded-ce-6.0/ee499415(v=winembedded.60).html	ee499415(v=winembedded.60)	learn/windows-embedded-ce-6.0	GetSystemMetrics (Windows Embedded CE 6.0)	learn-tou
SM_CYMAXTRACK	not-supported	getsystemmetrics	Windows CE Remarks Windows CE does not support the following nIndex values:	corpus/msdn-library/wcedevcon-99/wcesdkr/uif_fg_64.html	uif_fg_64	msdn-library/wcedevcon-99/wcesdkr	GetSystemMetrics	msdn-library-copyright
SM_CYMAXTRACK	not-supported	peggetsystemmetrics	Windows CE Notes The following nIndex values are not supported:	corpus/mvb/windows-ce-1.0/PEGSDK/AB138L.html	AB138L	mvb/windows-ce-1.0/PEGSDK	PegGetSystemMetrics	ms-media-copyright
SM_CYMAXTRACK	not-supported	getsystemmetrics	Windows CE Notes The following nIndex values are not supported:	corpus/mvb/windows-ce-1.0/PEGSDK/AB435G.html	AB435G	mvb/windows-ce-1.0/PEGSDK	GetSystemMetrics	ms-media-copyright
SM_CYMENUCHECK	not-supported	getsystemmetrics	Windows CE Remarks Windows CE does not support the following nIndex values:	corpus/chm/windows-ce-3.0/_wcesdk_win32_GetSystemMetrics.html	_wcesdk_win32_GetSystemMetrics	chm/windows-ce-3.0	GetSystemMetrics	ce30-internal-reference
SM_CYMENUCHECK	not-supported	cegetsystemmetrics	Remarks Windows CE does not support the following nIndex values:	corpus/chm/windows-ce-5.0/wceactsync5/html/wce50lrfCeGetSystemMetricsRAPI.html	wce50lrfCeGetSystemMetricsRAPI	chm/windows-ce-5.0/wceactsync5/html	CeGetSystemMetrics (RAPI)	ms-media-copyright
SM_CYMENUCHECK	not-supported	getsystemmetrics	Remarks Windows CE does not support the following nIndex values:	corpus/chm/windows-ce-5.0/wceui5/html/wce50lrfGetSystemMetrics.html	wce50lrfGetSystemMetrics	chm/windows-ce-5.0/wceui5/html	GetSystemMetrics	ms-media-copyright
SM_CYMENUCHECK	not-supported	getsystemmetrics	Remarks Windows CE does not support the following nIndex values:	corpus/learn/windows-ce-5.0/aa453170(v=msdn.10).html	aa453170(v=msdn.10)	learn/windows-ce-5.0	GetSystemMetrics (Windows CE 5.0)	learn-tou
SM_CYMENUCHECK	not-supported	cegetsystemmetrics	Remarks Windows CE does not support the following nIndex values:	corpus/learn/windows-ce-5.0/aa513367(v=msdn.10).html	aa513367(v=msdn.10)	learn/windows-ce-5.0	CeGetSystemMetrics (RAPI) (Windows CE 5.0)	learn-tou
SM_CYMENUCHECK	not-supported	getsystemmetrics	Remarks Windows Embedded CE does not support the following nIndex values:	corpus/learn/windows-embedded-ce-6.0/ee499415(v=winembedded.60).html	ee499415(v=winembedded.60)	learn/windows-embedded-ce-6.0	GetSystemMetrics (Windows Embedded CE 6.0)	learn-tou
SM_CYMENUCHECK	not-supported	getsystemmetrics	Windows CE Remarks Windows CE does not support the following nIndex values:	corpus/msdn-library/wcedevcon-99/wcesdkr/uif_fg_64.html	uif_fg_64	msdn-library/wcedevcon-99/wcesdkr	GetSystemMetrics	msdn-library-copyright
SM_CYMENUCHECK	not-supported	peggetsystemmetrics	Windows CE Notes The following nIndex values are not supported:	corpus/mvb/windows-ce-1.0/PEGSDK/AB138L.html	AB138L	mvb/windows-ce-1.0/PEGSDK	PegGetSystemMetrics	ms-media-copyright
SM_CYMENUCHECK	not-supported	getsystemmetrics	Windows CE Notes The following nIndex values are not supported:	corpus/mvb/windows-ce-1.0/PEGSDK/AB435G.html	AB435G	mvb/windows-ce-1.0/PEGSDK	GetSystemMetrics	ms-media-copyright
SM_CYMENUSIZE	not-supported	getsystemmetrics	Windows CE Remarks Windows CE does not support the following nIndex values:	corpus/chm/windows-ce-3.0/_wcesdk_win32_GetSystemMetrics.html	_wcesdk_win32_GetSystemMetrics	chm/windows-ce-3.0	GetSystemMetrics	ce30-internal-reference
SM_CYMENUSIZE	not-supported	cegetsystemmetrics	Remarks Windows CE does not support the following nIndex values:	corpus/chm/windows-ce-5.0/wceactsync5/html/wce50lrfCeGetSystemMetricsRAPI.html	wce50lrfCeGetSystemMetricsRAPI	chm/windows-ce-5.0/wceactsync5/html	CeGetSystemMetrics (RAPI)	ms-media-copyright
SM_CYMENUSIZE	not-supported	getsystemmetrics	Remarks Windows CE does not support the following nIndex values:	corpus/chm/windows-ce-5.0/wceui5/html/wce50lrfGetSystemMetrics.html	wce50lrfGetSystemMetrics	chm/windows-ce-5.0/wceui5/html	GetSystemMetrics	ms-media-copyright
SM_CYMENUSIZE	not-supported	getsystemmetrics	Remarks Windows CE does not support the following nIndex values:	corpus/learn/windows-ce-5.0/aa453170(v=msdn.10).html	aa453170(v=msdn.10)	learn/windows-ce-5.0	GetSystemMetrics (Windows CE 5.0)	learn-tou
SM_CYMENUSIZE	not-supported	cegetsystemmetrics	Remarks Windows CE does not support the following nIndex values:	corpus/learn/windows-ce-5.0/aa513367(v=msdn.10).html	aa513367(v=msdn.10)	learn/windows-ce-5.0	CeGetSystemMetrics (RAPI) (Windows CE 5.0)	learn-tou
SM_CYMENUSIZE	not-supported	getsystemmetrics	Remarks Windows Embedded CE does not support the following nIndex values:	corpus/learn/windows-embedded-ce-6.0/ee499415(v=winembedded.60).html	ee499415(v=winembedded.60)	learn/windows-embedded-ce-6.0	GetSystemMetrics (Windows Embedded CE 6.0)	learn-tou
SM_CYMENUSIZE	not-supported	getsystemmetrics	Windows CE Remarks Windows CE does not support the following nIndex values:	corpus/msdn-library/wcedevcon-99/wcesdkr/uif_fg_64.html	uif_fg_64	msdn-library/wcedevcon-99/wcesdkr	GetSystemMetrics	msdn-library-copyright
SM_CYMENUSIZE	not-supported	peggetsystemmetrics	Windows CE Notes The following nIndex values are not supported:	corpus/mvb/windows-ce-1.0/PEGSDK/AB138L.html	AB138L	mvb/windows-ce-1.0/PEGSDK	PegGetSystemMetrics	ms-media-copyright
SM_CYMENUSIZE	not-supported	getsystemmetrics	Windows CE Notes The following nIndex values are not supported:	corpus/mvb/windows-ce-1.0/PEGSDK/AB435G.html	AB435G	mvb/windows-ce-1.0/PEGSDK	GetSystemMetrics	ms-media-copyright
SM_CYMIN	not-supported	getsystemmetrics	Windows CE Remarks Windows CE does not support the following nIndex values:	corpus/chm/windows-ce-3.0/_wcesdk_win32_GetSystemMetrics.html	_wcesdk_win32_GetSystemMetrics	chm/windows-ce-3.0	GetSystemMetrics	ce30-internal-reference
SM_CYMIN	not-supported	cegetsystemmetrics	Remarks Windows CE does not support the following nIndex values:	corpus/chm/windows-ce-5.0/wceactsync5/html/wce50lrfCeGetSystemMetricsRAPI.html	wce50lrfCeGetSystemMetricsRAPI	chm/windows-ce-5.0/wceactsync5/html	CeGetSystemMetrics (RAPI)	ms-media-copyright
SM_CYMIN	not-supported	getsystemmetrics	Remarks Windows CE does not support the following nIndex values:	corpus/chm/windows-ce-5.0/wceui5/html/wce50lrfGetSystemMetrics.html	wce50lrfGetSystemMetrics	chm/windows-ce-5.0/wceui5/html	GetSystemMetrics	ms-media-copyright
SM_CYMIN	not-supported	getsystemmetrics	Remarks Windows CE does not support the following nIndex values:	corpus/learn/windows-ce-5.0/aa453170(v=msdn.10).html	aa453170(v=msdn.10)	learn/windows-ce-5.0	GetSystemMetrics (Windows CE 5.0)	learn-tou
SM_CYMIN	not-supported	cegetsystemmetrics	Remarks Windows CE does not support the following nIndex values:	corpus/learn/windows-ce-5.0/aa513367(v=msdn.10).html	aa513367(v=msdn.10)	learn/windows-ce-5.0	CeGetSystemMetrics (RAPI) (Windows CE 5.0)	learn-tou
SM_CYMIN	not-supported	getsystemmetrics	Remarks Windows Embedded CE does not support the following nIndex values:	corpus/learn/windows-embedded-ce-6.0/ee499415(v=winembedded.60).html	ee499415(v=winembedded.60)	learn/windows-embedded-ce-6.0	GetSystemMetrics (Windows Embedded CE 6.0)	learn-tou
SM_CYMIN	not-supported	getsystemmetrics	Windows CE Remarks Windows CE does not support the following nIndex values:	corpus/msdn-library/wcedevcon-99/wcesdkr/uif_fg_64.html	uif_fg_64	msdn-library/wcedevcon-99/wcesdkr	GetSystemMetrics	msdn-library-copyright
SM_CYMIN	not-supported	peggetsystemmetrics	Windows CE Notes The following nIndex values are not supported:	corpus/mvb/windows-ce-1.0/PEGSDK/AB138L.html	AB138L	mvb/windows-ce-1.0/PEGSDK	PegGetSystemMetrics	ms-media-copyright
SM_CYMIN	not-supported	getsystemmetrics	Windows CE Notes The following nIndex values are not supported:	corpus/mvb/windows-ce-1.0/PEGSDK/AB435G.html	AB435G	mvb/windows-ce-1.0/PEGSDK	GetSystemMetrics	ms-media-copyright
SM_CYMINIMIZED	not-supported	getsystemmetrics	Windows CE Remarks Windows CE does not support the following nIndex values:	corpus/chm/windows-ce-3.0/_wcesdk_win32_GetSystemMetrics.html	_wcesdk_win32_GetSystemMetrics	chm/windows-ce-3.0	GetSystemMetrics	ce30-internal-reference
SM_CYMINIMIZED	not-supported	cegetsystemmetrics	Remarks Windows CE does not support the following nIndex values:	corpus/chm/windows-ce-5.0/wceactsync5/html/wce50lrfCeGetSystemMetricsRAPI.html	wce50lrfCeGetSystemMetricsRAPI	chm/windows-ce-5.0/wceactsync5/html	CeGetSystemMetrics (RAPI)	ms-media-copyright
SM_CYMINIMIZED	not-supported	getsystemmetrics	Remarks Windows CE does not support the following nIndex values:	corpus/chm/windows-ce-5.0/wceui5/html/wce50lrfGetSystemMetrics.html	wce50lrfGetSystemMetrics	chm/windows-ce-5.0/wceui5/html	GetSystemMetrics	ms-media-copyright
SM_CYMINIMIZED	not-supported	getsystemmetrics	Remarks Windows CE does not support the following nIndex values:	corpus/learn/windows-ce-5.0/aa453170(v=msdn.10).html	aa453170(v=msdn.10)	learn/windows-ce-5.0	GetSystemMetrics (Windows CE 5.0)	learn-tou
SM_CYMINIMIZED	not-supported	cegetsystemmetrics	Remarks Windows CE does not support the following nIndex values:	corpus/learn/windows-ce-5.0/aa513367(v=msdn.10).html	aa513367(v=msdn.10)	learn/windows-ce-5.0	CeGetSystemMetrics (RAPI) (Windows CE 5.0)	learn-tou
SM_CYMINIMIZED	not-supported	getsystemmetrics	Remarks Windows Embedded CE does not support the following nIndex values:	corpus/learn/windows-embedded-ce-6.0/ee499415(v=winembedded.60).html	ee499415(v=winembedded.60)	learn/windows-embedded-ce-6.0	GetSystemMetrics (Windows Embedded CE 6.0)	learn-tou
SM_CYMINIMIZED	not-supported	getsystemmetrics	Windows CE Remarks Windows CE does not support the following nIndex values:	corpus/msdn-library/wcedevcon-99/wcesdkr/uif_fg_64.html	uif_fg_64	msdn-library/wcedevcon-99/wcesdkr	GetSystemMetrics	msdn-library-copyright
SM_CYMINIMIZED	not-supported	peggetsystemmetrics	Windows CE Notes The following nIndex values are not supported:	corpus/mvb/windows-ce-1.0/PEGSDK/AB138L.html	AB138L	mvb/windows-ce-1.0/PEGSDK	PegGetSystemMetrics	ms-media-copyright
SM_CYMINIMIZED	not-supported	getsystemmetrics	Windows CE Notes The following nIndex values are not supported:	corpus/mvb/windows-ce-1.0/PEGSDK/AB435G.html	AB435G	mvb/windows-ce-1.0/PEGSDK	GetSystemMetrics	ms-media-copyright
SM_CYMINSPACING	not-supported	getsystemmetrics	Windows CE Remarks Windows CE does not support the following nIndex values:	corpus/chm/windows-ce-3.0/_wcesdk_win32_GetSystemMetrics.html	_wcesdk_win32_GetSystemMetrics	chm/windows-ce-3.0	GetSystemMetrics	ce30-internal-reference
SM_CYMINSPACING	not-supported	cegetsystemmetrics	Remarks Windows CE does not support the following nIndex values:	corpus/chm/windows-ce-5.0/wceactsync5/html/wce50lrfCeGetSystemMetricsRAPI.html	wce50lrfCeGetSystemMetricsRAPI	chm/windows-ce-5.0/wceactsync5/html	CeGetSystemMetrics (RAPI)	ms-media-copyright
SM_CYMINSPACING	not-supported	getsystemmetrics	Remarks Windows CE does not support the following nIndex values:	corpus/chm/windows-ce-5.0/wceui5/html/wce50lrfGetSystemMetrics.html	wce50lrfGetSystemMetrics	chm/windows-ce-5.0/wceui5/html	GetSystemMetrics	ms-media-copyright
SM_CYMINSPACING	not-supported	getsystemmetrics	Remarks Windows CE does not support the following nIndex values:	corpus/learn/windows-ce-5.0/aa453170(v=msdn.10).html	aa453170(v=msdn.10)	learn/windows-ce-5.0	GetSystemMetrics (Windows CE 5.0)	learn-tou
SM_CYMINSPACING	not-supported	cegetsystemmetrics	Remarks Windows CE does not support the following nIndex values:	corpus/learn/windows-ce-5.0/aa513367(v=msdn.10).html	aa513367(v=msdn.10)	learn/windows-ce-5.0	CeGetSystemMetrics (RAPI) (Windows CE 5.0)	learn-tou
SM_CYMINSPACING	not-supported	getsystemmetrics	Remarks Windows Embedded CE does not support the following nIndex values:	corpus/learn/windows-embedded-ce-6.0/ee499415(v=winembedded.60).html	ee499415(v=winembedded.60)	learn/windows-embedded-ce-6.0	GetSystemMetrics (Windows Embedded CE 6.0)	learn-tou
SM_CYMINSPACING	not-supported	getsystemmetrics	Windows CE Remarks Windows CE does not support the following nIndex values:	corpus/msdn-library/wcedevcon-99/wcesdkr/uif_fg_64.html	uif_fg_64	msdn-library/wcedevcon-99/wcesdkr	GetSystemMetrics	msdn-library-copyright
SM_CYMINSPACING	not-supported	peggetsystemmetrics	Windows CE Notes The following nIndex values are not supported:	corpus/mvb/windows-ce-1.0/PEGSDK/AB138L.html	AB138L	mvb/windows-ce-1.0/PEGSDK	PegGetSystemMetrics	ms-media-copyright
SM_CYMINSPACING	not-supported	getsystemmetrics	Windows CE Notes The following nIndex values are not supported:	corpus/mvb/windows-ce-1.0/PEGSDK/AB435G.html	AB435G	mvb/windows-ce-1.0/PEGSDK	GetSystemMetrics	ms-media-copyright
SM_CYMINTRACK	not-supported	getsystemmetrics	Windows CE Remarks Windows CE does not support the following nIndex values:	corpus/chm/windows-ce-3.0/_wcesdk_win32_GetSystemMetrics.html	_wcesdk_win32_GetSystemMetrics	chm/windows-ce-3.0	GetSystemMetrics	ce30-internal-reference
SM_CYMINTRACK	not-supported	cegetsystemmetrics	Remarks Windows CE does not support the following nIndex values:	corpus/chm/windows-ce-5.0/wceactsync5/html/wce50lrfCeGetSystemMetricsRAPI.html	wce50lrfCeGetSystemMetricsRAPI	chm/windows-ce-5.0/wceactsync5/html	CeGetSystemMetrics (RAPI)	ms-media-copyright
SM_CYMINTRACK	not-supported	getsystemmetrics	Remarks Windows CE does not support the following nIndex values:	corpus/chm/windows-ce-5.0/wceui5/html/wce50lrfGetSystemMetrics.html	wce50lrfGetSystemMetrics	chm/windows-ce-5.0/wceui5/html	GetSystemMetrics	ms-media-copyright
SM_CYMINTRACK	not-supported	getsystemmetrics	Remarks Windows CE does not support the following nIndex values:	corpus/learn/windows-ce-5.0/aa453170(v=msdn.10).html	aa453170(v=msdn.10)	learn/windows-ce-5.0	GetSystemMetrics (Windows CE 5.0)	learn-tou
SM_CYMINTRACK	not-supported	cegetsystemmetrics	Remarks Windows CE does not support the following nIndex values:	corpus/learn/windows-ce-5.0/aa513367(v=msdn.10).html	aa513367(v=msdn.10)	learn/windows-ce-5.0	CeGetSystemMetrics (RAPI) (Windows CE 5.0)	learn-tou
SM_CYMINTRACK	not-supported	getsystemmetrics	Remarks Windows Embedded CE does not support the following nIndex values:	corpus/learn/windows-embedded-ce-6.0/ee499415(v=winembedded.60).html	ee499415(v=winembedded.60)	learn/windows-embedded-ce-6.0	GetSystemMetrics (Windows Embedded CE 6.0)	learn-tou
SM_CYMINTRACK	not-supported	getsystemmetrics	Windows CE Remarks Windows CE does not support the following nIndex values:	corpus/msdn-library/wcedevcon-99/wcesdkr/uif_fg_64.html	uif_fg_64	msdn-library/wcedevcon-99/wcesdkr	GetSystemMetrics	msdn-library-copyright
SM_CYMINTRACK	not-supported	peggetsystemmetrics	Windows CE Notes The following nIndex values are not supported:	corpus/mvb/windows-ce-1.0/PEGSDK/AB138L.html	AB138L	mvb/windows-ce-1.0/PEGSDK	PegGetSystemMetrics	ms-media-copyright
SM_CYMINTRACK	not-supported	getsystemmetrics	Windows CE Notes The following nIndex values are not supported:	corpus/mvb/windows-ce-1.0/PEGSDK/AB435G.html	AB435G	mvb/windows-ce-1.0/PEGSDK	GetSystemMetrics	ms-media-copyright
SM_CYSIZE	not-supported	getsystemmetrics	Windows CE Remarks Windows CE does not support the following nIndex values:	corpus/chm/windows-ce-3.0/_wcesdk_win32_GetSystemMetrics.html	_wcesdk_win32_GetSystemMetrics	chm/windows-ce-3.0	GetSystemMetrics	ce30-internal-reference
SM_CYSIZE	not-supported	cegetsystemmetrics	Remarks Windows CE does not support the following nIndex values:	corpus/chm/windows-ce-5.0/wceactsync5/html/wce50lrfCeGetSystemMetricsRAPI.html	wce50lrfCeGetSystemMetricsRAPI	chm/windows-ce-5.0/wceactsync5/html	CeGetSystemMetrics (RAPI)	ms-media-copyright
SM_CYSIZE	not-supported	getsystemmetrics	Remarks Windows CE does not support the following nIndex values:	corpus/chm/windows-ce-5.0/wceui5/html/wce50lrfGetSystemMetrics.html	wce50lrfGetSystemMetrics	chm/windows-ce-5.0/wceui5/html	GetSystemMetrics	ms-media-copyright
SM_CYSIZE	not-supported	getsystemmetrics	Remarks Windows CE does not support the following nIndex values:	corpus/learn/windows-ce-5.0/aa453170(v=msdn.10).html	aa453170(v=msdn.10)	learn/windows-ce-5.0	GetSystemMetrics (Windows CE 5.0)	learn-tou
SM_CYSIZE	not-supported	cegetsystemmetrics	Remarks Windows CE does not support the following nIndex values:	corpus/learn/windows-ce-5.0/aa513367(v=msdn.10).html	aa513367(v=msdn.10)	learn/windows-ce-5.0	CeGetSystemMetrics (RAPI) (Windows CE 5.0)	learn-tou
SM_CYSIZE	not-supported	getsystemmetrics	Remarks Windows Embedded CE does not support the following nIndex values:	corpus/learn/windows-embedded-ce-6.0/ee499415(v=winembedded.60).html	ee499415(v=winembedded.60)	learn/windows-embedded-ce-6.0	GetSystemMetrics (Windows Embedded CE 6.0)	learn-tou
SM_CYSIZE	not-supported	getsystemmetrics	Windows CE Remarks Windows CE does not support the following nIndex values:	corpus/msdn-library/wcedevcon-99/wcesdkr/uif_fg_64.html	uif_fg_64	msdn-library/wcedevcon-99/wcesdkr	GetSystemMetrics	msdn-library-copyright
SM_CYSIZE	not-supported	peggetsystemmetrics	Windows CE Notes The following nIndex values are not supported:	corpus/mvb/windows-ce-1.0/PEGSDK/AB138L.html	AB138L	mvb/windows-ce-1.0/PEGSDK	PegGetSystemMetrics	ms-media-copyright
SM_CYSIZE	not-supported	getsystemmetrics	Windows CE Notes The following nIndex values are not supported:	corpus/mvb/windows-ce-1.0/PEGSDK/AB435G.html	AB435G	mvb/windows-ce-1.0/PEGSDK	GetSystemMetrics	ms-media-copyright
SM_CYSIZEFRAME	not-supported	getsystemmetrics	Windows CE Remarks Windows CE does not support the following nIndex values:	corpus/chm/windows-ce-3.0/_wcesdk_win32_GetSystemMetrics.html	_wcesdk_win32_GetSystemMetrics	chm/windows-ce-3.0	GetSystemMetrics	ce30-internal-reference
SM_CYSIZEFRAME	not-supported	cegetsystemmetrics	Remarks Windows CE does not support the following nIndex values:	corpus/chm/windows-ce-5.0/wceactsync5/html/wce50lrfCeGetSystemMetricsRAPI.html	wce50lrfCeGetSystemMetricsRAPI	chm/windows-ce-5.0/wceactsync5/html	CeGetSystemMetrics (RAPI)	ms-media-copyright
SM_CYSIZEFRAME	not-supported	getsystemmetrics	Remarks Windows CE does not support the following nIndex values:	corpus/chm/windows-ce-5.0/wceui5/html/wce50lrfGetSystemMetrics.html	wce50lrfGetSystemMetrics	chm/windows-ce-5.0/wceui5/html	GetSystemMetrics	ms-media-copyright
SM_CYSIZEFRAME	not-supported	getsystemmetrics	Remarks Windows CE does not support the following nIndex values:	corpus/learn/windows-ce-5.0/aa453170(v=msdn.10).html	aa453170(v=msdn.10)	learn/windows-ce-5.0	GetSystemMetrics (Windows CE 5.0)	learn-tou
SM_CYSIZEFRAME	not-supported	cegetsystemmetrics	Remarks Windows CE does not support the following nIndex values:	corpus/learn/windows-ce-5.0/aa513367(v=msdn.10).html	aa513367(v=msdn.10)	learn/windows-ce-5.0	CeGetSystemMetrics (RAPI) (Windows CE 5.0)	learn-tou
SM_CYSIZEFRAME	not-supported	getsystemmetrics	Remarks Windows Embedded CE does not support the following nIndex values:	corpus/learn/windows-embedded-ce-6.0/ee499415(v=winembedded.60).html	ee499415(v=winembedded.60)	learn/windows-embedded-ce-6.0	GetSystemMetrics (Windows Embedded CE 6.0)	learn-tou
SM_CYSIZEFRAME	not-supported	getsystemmetrics	Windows CE Remarks Windows CE does not support the following nIndex values:	corpus/msdn-library/wcedevcon-99/wcesdkr/uif_fg_64.html	uif_fg_64	msdn-library/wcedevcon-99/wcesdkr	GetSystemMetrics	msdn-library-copyright
SM_CYSMCAPTION	not-supported	getsystemmetrics	Windows CE Remarks Windows CE does not support the following nIndex values:	corpus/chm/windows-ce-3.0/_wcesdk_win32_GetSystemMetrics.html	_wcesdk_win32_GetSystemMetrics	chm/windows-ce-3.0	GetSystemMetrics	ce30-internal-reference
SM_CYSMCAPTION	not-supported	cegetsystemmetrics	Remarks Windows CE does not support the following nIndex values:	corpus/chm/windows-ce-5.0/wceactsync5/html/wce50lrfCeGetSystemMetricsRAPI.html	wce50lrfCeGetSystemMetricsRAPI	chm/windows-ce-5.0/wceactsync5/html	CeGetSystemMetrics (RAPI)	ms-media-copyright
SM_CYSMCAPTION	not-supported	getsystemmetrics	Remarks Windows CE does not support the following nIndex values:	corpus/chm/windows-ce-5.0/wceui5/html/wce50lrfGetSystemMetrics.html	wce50lrfGetSystemMetrics	chm/windows-ce-5.0/wceui5/html	GetSystemMetrics	ms-media-copyright
SM_CYSMCAPTION	not-supported	getsystemmetrics	Remarks Windows CE does not support the following nIndex values:	corpus/learn/windows-ce-5.0/aa453170(v=msdn.10).html	aa453170(v=msdn.10)	learn/windows-ce-5.0	GetSystemMetrics (Windows CE 5.0)	learn-tou
SM_CYSMCAPTION	not-supported	cegetsystemmetrics	Remarks Windows CE does not support the following nIndex values:	corpus/learn/windows-ce-5.0/aa513367(v=msdn.10).html	aa513367(v=msdn.10)	learn/windows-ce-5.0	CeGetSystemMetrics (RAPI) (Windows CE 5.0)	learn-tou
SM_CYSMCAPTION	not-supported	getsystemmetrics	Remarks Windows Embedded CE does not support the following nIndex values:	corpus/learn/windows-embedded-ce-6.0/ee499415(v=winembedded.60).html	ee499415(v=winembedded.60)	learn/windows-embedded-ce-6.0	GetSystemMetrics (Windows Embedded CE 6.0)	learn-tou
SM_CYSMCAPTION	not-supported	getsystemmetrics	Windows CE Remarks Windows CE does not support the following nIndex values:	corpus/msdn-library/wcedevcon-99/wcesdkr/uif_fg_64.html	uif_fg_64	msdn-library/wcedevcon-99/wcesdkr	GetSystemMetrics	msdn-library-copyright
SM_CYSMCAPTION	not-supported	peggetsystemmetrics	Windows CE Notes The following nIndex values are not supported:	corpus/mvb/windows-ce-1.0/PEGSDK/AB138L.html	AB138L	mvb/windows-ce-1.0/PEGSDK	PegGetSystemMetrics	ms-media-copyright
SM_CYSMCAPTION	not-supported	getsystemmetrics	Windows CE Notes The following nIndex values are not supported:	corpus/mvb/windows-ce-1.0/PEGSDK/AB435G.html	AB435G	mvb/windows-ce-1.0/PEGSDK	GetSystemMetrics	ms-media-copyright
SM_CYSMSIZE	not-supported	getsystemmetrics	Windows CE Remarks Windows CE does not support the following nIndex values:	corpus/chm/windows-ce-3.0/_wcesdk_win32_GetSystemMetrics.html	_wcesdk_win32_GetSystemMetrics	chm/windows-ce-3.0	GetSystemMetrics	ce30-internal-reference
SM_CYSMSIZE	not-supported	cegetsystemmetrics	Remarks Windows CE does not support the following nIndex values:	corpus/chm/windows-ce-5.0/wceactsync5/html/wce50lrfCeGetSystemMetricsRAPI.html	wce50lrfCeGetSystemMetricsRAPI	chm/windows-ce-5.0/wceactsync5/html	CeGetSystemMetrics (RAPI)	ms-media-copyright
SM_CYSMSIZE	not-supported	getsystemmetrics	Remarks Windows CE does not support the following nIndex values:	corpus/chm/windows-ce-5.0/wceui5/html/wce50lrfGetSystemMetrics.html	wce50lrfGetSystemMetrics	chm/windows-ce-5.0/wceui5/html	GetSystemMetrics	ms-media-copyright
SM_CYSMSIZE	not-supported	getsystemmetrics	Remarks Windows CE does not support the following nIndex values:	corpus/learn/windows-ce-5.0/aa453170(v=msdn.10).html	aa453170(v=msdn.10)	learn/windows-ce-5.0	GetSystemMetrics (Windows CE 5.0)	learn-tou
SM_CYSMSIZE	not-supported	cegetsystemmetrics	Remarks Windows CE does not support the following nIndex values:	corpus/learn/windows-ce-5.0/aa513367(v=msdn.10).html	aa513367(v=msdn.10)	learn/windows-ce-5.0	CeGetSystemMetrics (RAPI) (Windows CE 5.0)	learn-tou
SM_CYSMSIZE	not-supported	getsystemmetrics	Remarks Windows Embedded CE does not support the following nIndex values:	corpus/learn/windows-embedded-ce-6.0/ee499415(v=winembedded.60).html	ee499415(v=winembedded.60)	learn/windows-embedded-ce-6.0	GetSystemMetrics (Windows Embedded CE 6.0)	learn-tou
SM_CYSMSIZE	not-supported	getsystemmetrics	Windows CE Remarks Windows CE does not support the following nIndex values:	corpus/msdn-library/wcedevcon-99/wcesdkr/uif_fg_64.html	uif_fg_64	msdn-library/wcedevcon-99/wcesdkr	GetSystemMetrics	msdn-library-copyright
SM_CYSMSIZE	not-supported	peggetsystemmetrics	Windows CE Notes The following nIndex values are not supported:	corpus/mvb/windows-ce-1.0/PEGSDK/AB138L.html	AB138L	mvb/windows-ce-1.0/PEGSDK	PegGetSystemMetrics	ms-media-copyright
SM_CYSMSIZE	not-supported	getsystemmetrics	Windows CE Notes The following nIndex values are not supported:	corpus/mvb/windows-ce-1.0/PEGSDK/AB435G.html	AB435G	mvb/windows-ce-1.0/PEGSDK	GetSystemMetrics	ms-media-copyright
SM_CYVTHUMB	not-supported	getsystemmetrics	Windows CE Remarks Windows CE does not support the following nIndex values:	corpus/chm/windows-ce-3.0/_wcesdk_win32_GetSystemMetrics.html	_wcesdk_win32_GetSystemMetrics	chm/windows-ce-3.0	GetSystemMetrics	ce30-internal-reference
SM_CYVTHUMB	not-supported	cegetsystemmetrics	Remarks Windows CE does not support the following nIndex values:	corpus/chm/windows-ce-5.0/wceactsync5/html/wce50lrfCeGetSystemMetricsRAPI.html	wce50lrfCeGetSystemMetricsRAPI	chm/windows-ce-5.0/wceactsync5/html	CeGetSystemMetrics (RAPI)	ms-media-copyright
SM_CYVTHUMB	not-supported	getsystemmetrics	Remarks Windows CE does not support the following nIndex values:	corpus/chm/windows-ce-5.0/wceui5/html/wce50lrfGetSystemMetrics.html	wce50lrfGetSystemMetrics	chm/windows-ce-5.0/wceui5/html	GetSystemMetrics	ms-media-copyright
SM_CYVTHUMB	not-supported	getsystemmetrics	Remarks Windows CE does not support the following nIndex values:	corpus/learn/windows-ce-5.0/aa453170(v=msdn.10).html	aa453170(v=msdn.10)	learn/windows-ce-5.0	GetSystemMetrics (Windows CE 5.0)	learn-tou
SM_CYVTHUMB	not-supported	cegetsystemmetrics	Remarks Windows CE does not support the following nIndex values:	corpus/learn/windows-ce-5.0/aa513367(v=msdn.10).html	aa513367(v=msdn.10)	learn/windows-ce-5.0	CeGetSystemMetrics (RAPI) (Windows CE 5.0)	learn-tou
SM_CYVTHUMB	not-supported	getsystemmetrics	Remarks Windows Embedded CE does not support the following nIndex values:	corpus/learn/windows-embedded-ce-6.0/ee499415(v=winembedded.60).html	ee499415(v=winembedded.60)	learn/windows-embedded-ce-6.0	GetSystemMetrics (Windows Embedded CE 6.0)	learn-tou
SM_CYVTHUMB	not-supported	getsystemmetrics	Windows CE Remarks Windows CE does not support the following nIndex values:	corpus/msdn-library/wcedevcon-99/wcesdkr/uif_fg_64.html	uif_fg_64	msdn-library/wcedevcon-99/wcesdkr	GetSystemMetrics	msdn-library-copyright
SM_CYVTHUMB	not-supported	peggetsystemmetrics	Windows CE Notes The following nIndex values are not supported:	corpus/mvb/windows-ce-1.0/PEGSDK/AB138L.html	AB138L	mvb/windows-ce-1.0/PEGSDK	PegGetSystemMetrics	ms-media-copyright
SM_CYVTHUMB	not-supported	getsystemmetrics	Windows CE Notes The following nIndex values are not supported:	corpus/mvb/windows-ce-1.0/PEGSDK/AB435G.html	AB435G	mvb/windows-ce-1.0/PEGSDK	GetSystemMetrics	ms-media-copyright
SM_DBCSENABLED	not-supported	getsystemmetrics	Windows CE Remarks Windows CE does not support the following nIndex values:	corpus/chm/windows-ce-3.0/_wcesdk_win32_GetSystemMetrics.html	_wcesdk_win32_GetSystemMetrics	chm/windows-ce-3.0	GetSystemMetrics	ce30-internal-reference
SM_DBCSENABLED	not-supported	cegetsystemmetrics	Remarks Windows CE does not support the following nIndex values:	corpus/chm/windows-ce-5.0/wceactsync5/html/wce50lrfCeGetSystemMetricsRAPI.html	wce50lrfCeGetSystemMetricsRAPI	chm/windows-ce-5.0/wceactsync5/html	CeGetSystemMetrics (RAPI)	ms-media-copyright
SM_DBCSENABLED	not-supported	getsystemmetrics	Remarks Windows CE does not support the following nIndex values:	corpus/chm/windows-ce-5.0/wceui5/html/wce50lrfGetSystemMetrics.html	wce50lrfGetSystemMetrics	chm/windows-ce-5.0/wceui5/html	GetSystemMetrics	ms-media-copyright
SM_DBCSENABLED	not-supported	getsystemmetrics	Remarks Windows CE does not support the following nIndex values:	corpus/learn/windows-ce-5.0/aa453170(v=msdn.10).html	aa453170(v=msdn.10)	learn/windows-ce-5.0	GetSystemMetrics (Windows CE 5.0)	learn-tou
SM_DBCSENABLED	not-supported	cegetsystemmetrics	Remarks Windows CE does not support the following nIndex values:	corpus/learn/windows-ce-5.0/aa513367(v=msdn.10).html	aa513367(v=msdn.10)	learn/windows-ce-5.0	CeGetSystemMetrics (RAPI) (Windows CE 5.0)	learn-tou
SM_DBCSENABLED	not-supported	getsystemmetrics	Remarks Windows Embedded CE does not support the following nIndex values:	corpus/learn/windows-embedded-ce-6.0/ee499415(v=winembedded.60).html	ee499415(v=winembedded.60)	learn/windows-embedded-ce-6.0	GetSystemMetrics (Windows Embedded CE 6.0)	learn-tou
SM_DBCSENABLED	not-supported	getsystemmetrics	Windows CE Remarks Windows CE does not support the following nIndex values:	corpus/msdn-library/wcedevcon-99/wcesdkr/uif_fg_64.html	uif_fg_64	msdn-library/wcedevcon-99/wcesdkr	GetSystemMetrics	msdn-library-copyright
SM_DBCSENABLED	not-supported	peggetsystemmetrics	Windows CE Notes The following nIndex values are not supported:	corpus/mvb/windows-ce-1.0/PEGSDK/AB138L.html	AB138L	mvb/windows-ce-1.0/PEGSDK	PegGetSystemMetrics	ms-media-copyright
SM_DBCSENABLED	not-supported	getsystemmetrics	Windows CE Notes The following nIndex values are not supported:	corpus/mvb/windows-ce-1.0/PEGSDK/AB435G.html	AB435G	mvb/windows-ce-1.0/PEGSDK	GetSystemMetrics	ms-media-copyright
SM_MENUDROPALIGNMENT	not-supported	getsystemmetrics	Windows CE Remarks Windows CE does not support the following nIndex values:	corpus/chm/windows-ce-3.0/_wcesdk_win32_GetSystemMetrics.html	_wcesdk_win32_GetSystemMetrics	chm/windows-ce-3.0	GetSystemMetrics	ce30-internal-reference
SM_MENUDROPALIGNMENT	not-supported	cegetsystemmetrics	Remarks Windows CE does not support the following nIndex values:	corpus/chm/windows-ce-5.0/wceactsync5/html/wce50lrfCeGetSystemMetricsRAPI.html	wce50lrfCeGetSystemMetricsRAPI	chm/windows-ce-5.0/wceactsync5/html	CeGetSystemMetrics (RAPI)	ms-media-copyright
SM_MENUDROPALIGNMENT	not-supported	getsystemmetrics	Remarks Windows CE does not support the following nIndex values:	corpus/chm/windows-ce-5.0/wceui5/html/wce50lrfGetSystemMetrics.html	wce50lrfGetSystemMetrics	chm/windows-ce-5.0/wceui5/html	GetSystemMetrics	ms-media-copyright
SM_MENUDROPALIGNMENT	not-supported	getsystemmetrics	Remarks Windows CE does not support the following nIndex values:	corpus/learn/windows-ce-5.0/aa453170(v=msdn.10).html	aa453170(v=msdn.10)	learn/windows-ce-5.0	GetSystemMetrics (Windows CE 5.0)	learn-tou
SM_MENUDROPALIGNMENT	not-supported	cegetsystemmetrics	Remarks Windows CE does not support the following nIndex values:	corpus/learn/windows-ce-5.0/aa513367(v=msdn.10).html	aa513367(v=msdn.10)	learn/windows-ce-5.0	CeGetSystemMetrics (RAPI) (Windows CE 5.0)	learn-tou
SM_MENUDROPALIGNMENT	not-supported	getsystemmetrics	Remarks Windows Embedded CE does not support the following nIndex values:	corpus/learn/windows-embedded-ce-6.0/ee499415(v=winembedded.60).html	ee499415(v=winembedded.60)	learn/windows-embedded-ce-6.0	GetSystemMetrics (Windows Embedded CE 6.0)	learn-tou
SM_MENUDROPALIGNMENT	not-supported	getsystemmetrics	Windows CE Remarks Windows CE does not support the following nIndex values:	corpus/msdn-library/wcedevcon-99/wcesdkr/uif_fg_64.html	uif_fg_64	msdn-library/wcedevcon-99/wcesdkr	GetSystemMetrics	msdn-library-copyright
SM_MENUDROPALIGNMENT	not-supported	peggetsystemmetrics	Windows CE Notes The following nIndex values are not supported:	corpus/mvb/windows-ce-1.0/PEGSDK/AB138L.html	AB138L	mvb/windows-ce-1.0/PEGSDK	PegGetSystemMetrics	ms-media-copyright
SM_MENUDROPALIGNMENT	not-supported	getsystemmetrics	Windows CE Notes The following nIndex values are not supported:	corpus/mvb/windows-ce-1.0/PEGSDK/AB435G.html	AB435G	mvb/windows-ce-1.0/PEGSDK	GetSystemMetrics	ms-media-copyright
SM_MIDEASTENABLED	not-supported	getsystemmetrics	Windows CE Remarks Windows CE does not support the following nIndex values:	corpus/chm/windows-ce-3.0/_wcesdk_win32_GetSystemMetrics.html	_wcesdk_win32_GetSystemMetrics	chm/windows-ce-3.0	GetSystemMetrics	ce30-internal-reference
SM_MIDEASTENABLED	not-supported	cegetsystemmetrics	Remarks Windows CE does not support the following nIndex values:	corpus/chm/windows-ce-5.0/wceactsync5/html/wce50lrfCeGetSystemMetricsRAPI.html	wce50lrfCeGetSystemMetricsRAPI	chm/windows-ce-5.0/wceactsync5/html	CeGetSystemMetrics (RAPI)	ms-media-copyright
SM_MIDEASTENABLED	not-supported	getsystemmetrics	Remarks Windows CE does not support the following nIndex values:	corpus/chm/windows-ce-5.0/wceui5/html/wce50lrfGetSystemMetrics.html	wce50lrfGetSystemMetrics	chm/windows-ce-5.0/wceui5/html	GetSystemMetrics	ms-media-copyright
SM_MIDEASTENABLED	not-supported	getsystemmetrics	Remarks Windows CE does not support the following nIndex values:	corpus/learn/windows-ce-5.0/aa453170(v=msdn.10).html	aa453170(v=msdn.10)	learn/windows-ce-5.0	GetSystemMetrics (Windows CE 5.0)	learn-tou
SM_MIDEASTENABLED	not-supported	cegetsystemmetrics	Remarks Windows CE does not support the following nIndex values:	corpus/learn/windows-ce-5.0/aa513367(v=msdn.10).html	aa513367(v=msdn.10)	learn/windows-ce-5.0	CeGetSystemMetrics (RAPI) (Windows CE 5.0)	learn-tou
SM_MIDEASTENABLED	not-supported	getsystemmetrics	Remarks Windows Embedded CE does not support the following nIndex values:	corpus/learn/windows-embedded-ce-6.0/ee499415(v=winembedded.60).html	ee499415(v=winembedded.60)	learn/windows-embedded-ce-6.0	GetSystemMetrics (Windows Embedded CE 6.0)	learn-tou
SM_MIDEASTENABLED	not-supported	getsystemmetrics	Windows CE Remarks Windows CE does not support the following nIndex values:	corpus/msdn-library/wcedevcon-99/wcesdkr/uif_fg_64.html	uif_fg_64	msdn-library/wcedevcon-99/wcesdkr	GetSystemMetrics	msdn-library-copyright
SM_MIDEASTENABLED	not-supported	peggetsystemmetrics	Windows CE Notes The following nIndex values are not supported:	corpus/mvb/windows-ce-1.0/PEGSDK/AB138L.html	AB138L	mvb/windows-ce-1.0/PEGSDK	PegGetSystemMetrics	ms-media-copyright
SM_MIDEASTENABLED	not-supported	getsystemmetrics	Windows CE Notes The following nIndex values are not supported:	corpus/mvb/windows-ce-1.0/PEGSDK/AB435G.html	AB435G	mvb/windows-ce-1.0/PEGSDK	GetSystemMetrics	ms-media-copyright
SM_MOUSEPRESENT	not-supported	cegetsystemmetrics	Remarks Windows CE does not support the following nIndex values:	corpus/chm/windows-ce-5.0/wceactsync5/html/wce50lrfCeGetSystemMetricsRAPI.html	wce50lrfCeGetSystemMetricsRAPI	chm/windows-ce-5.0/wceactsync5/html	CeGetSystemMetrics (RAPI)	ms-media-copyright
SM_MOUSEPRESENT	not-supported	getsystemmetrics	Remarks Windows CE does not support the following nIndex values:	corpus/chm/windows-ce-5.0/wceui5/html/wce50lrfGetSystemMetrics.html	wce50lrfGetSystemMetrics	chm/windows-ce-5.0/wceui5/html	GetSystemMetrics	ms-media-copyright
SM_MOUSEPRESENT	not-supported	getsystemmetrics	Remarks Windows CE does not support the following nIndex values:	corpus/learn/windows-ce-5.0/aa453170(v=msdn.10).html	aa453170(v=msdn.10)	learn/windows-ce-5.0	GetSystemMetrics (Windows CE 5.0)	learn-tou
SM_MOUSEPRESENT	not-supported	cegetsystemmetrics	Remarks Windows CE does not support the following nIndex values:	corpus/learn/windows-ce-5.0/aa513367(v=msdn.10).html	aa513367(v=msdn.10)	learn/windows-ce-5.0	CeGetSystemMetrics (RAPI) (Windows CE 5.0)	learn-tou
SM_MOUSEPRESENT	not-supported	getsystemmetrics	Remarks Windows Embedded CE does not support the following nIndex values:	corpus/learn/windows-embedded-ce-6.0/ee499415(v=winembedded.60).html	ee499415(v=winembedded.60)	learn/windows-embedded-ce-6.0	GetSystemMetrics (Windows Embedded CE 6.0)	learn-tou
SM_MOUSEWHEELPRESENT	not-supported	cegetsystemmetrics	Remarks Windows CE does not support the following nIndex values:	corpus/chm/windows-ce-5.0/wceactsync5/html/wce50lrfCeGetSystemMetricsRAPI.html	wce50lrfCeGetSystemMetricsRAPI	chm/windows-ce-5.0/wceactsync5/html	CeGetSystemMetrics (RAPI)	ms-media-copyright
SM_MOUSEWHEELPRESENT	not-supported	getsystemmetrics	Remarks Windows CE does not support the following nIndex values:	corpus/chm/windows-ce-5.0/wceui5/html/wce50lrfGetSystemMetrics.html	wce50lrfGetSystemMetrics	chm/windows-ce-5.0/wceui5/html	GetSystemMetrics	ms-media-copyright
SM_MOUSEWHEELPRESENT	not-supported	getsystemmetrics	Remarks Windows CE does not support the following nIndex values:	corpus/learn/windows-ce-5.0/aa453170(v=msdn.10).html	aa453170(v=msdn.10)	learn/windows-ce-5.0	GetSystemMetrics (Windows CE 5.0)	learn-tou
SM_MOUSEWHEELPRESENT	not-supported	cegetsystemmetrics	Remarks Windows CE does not support the following nIndex values:	corpus/learn/windows-ce-5.0/aa513367(v=msdn.10).html	aa513367(v=msdn.10)	learn/windows-ce-5.0	CeGetSystemMetrics (RAPI) (Windows CE 5.0)	learn-tou
SM_MOUSEWHEELPRESENT	not-supported	getsystemmetrics	Remarks Windows Embedded CE does not support the following nIndex values:	corpus/learn/windows-embedded-ce-6.0/ee499415(v=winembedded.60).html	ee499415(v=winembedded.60)	learn/windows-embedded-ce-6.0	GetSystemMetrics (Windows Embedded CE 6.0)	learn-tou
SM_NETWORK	not-supported	getsystemmetrics	Windows CE Remarks Windows CE does not support the following nIndex values:	corpus/chm/windows-ce-3.0/_wcesdk_win32_GetSystemMetrics.html	_wcesdk_win32_GetSystemMetrics	chm/windows-ce-3.0	GetSystemMetrics	ce30-internal-reference
SM_NETWORK	not-supported	cegetsystemmetrics	Remarks Windows CE does not support the following nIndex values:	corpus/chm/windows-ce-5.0/wceactsync5/html/wce50lrfCeGetSystemMetricsRAPI.html	wce50lrfCeGetSystemMetricsRAPI	chm/windows-ce-5.0/wceactsync5/html	CeGetSystemMetrics (RAPI)	ms-media-copyright
SM_NETWORK	not-supported	getsystemmetrics	Remarks Windows CE does not support the following nIndex values:	corpus/chm/windows-ce-5.0/wceui5/html/wce50lrfGetSystemMetrics.html	wce50lrfGetSystemMetrics	chm/windows-ce-5.0/wceui5/html	GetSystemMetrics	ms-media-copyright
SM_NETWORK	not-supported	getsystemmetrics	Remarks Windows CE does not support the following nIndex values:	corpus/learn/windows-ce-5.0/aa453170(v=msdn.10).html	aa453170(v=msdn.10)	learn/windows-ce-5.0	GetSystemMetrics (Windows CE 5.0)	learn-tou
SM_NETWORK	not-supported	cegetsystemmetrics	Remarks Windows CE does not support the following nIndex values:	corpus/learn/windows-ce-5.0/aa513367(v=msdn.10).html	aa513367(v=msdn.10)	learn/windows-ce-5.0	CeGetSystemMetrics (RAPI) (Windows CE 5.0)	learn-tou
SM_NETWORK	not-supported	getsystemmetrics	Remarks Windows Embedded CE does not support the following nIndex values:	corpus/learn/windows-embedded-ce-6.0/ee499415(v=winembedded.60).html	ee499415(v=winembedded.60)	learn/windows-embedded-ce-6.0	GetSystemMetrics (Windows Embedded CE 6.0)	learn-tou
SM_NETWORK	not-supported	getsystemmetrics	Windows CE Remarks Windows CE does not support the following nIndex values:	corpus/msdn-library/wcedevcon-99/wcesdkr/uif_fg_64.html	uif_fg_64	msdn-library/wcedevcon-99/wcesdkr	GetSystemMetrics	msdn-library-copyright
SM_NETWORK	not-supported	peggetsystemmetrics	Windows CE Notes The following nIndex values are not supported:	corpus/mvb/windows-ce-1.0/PEGSDK/AB138L.html	AB138L	mvb/windows-ce-1.0/PEGSDK	PegGetSystemMetrics	ms-media-copyright
SM_NETWORK	not-supported	getsystemmetrics	Windows CE Notes The following nIndex values are not supported:	corpus/mvb/windows-ce-1.0/PEGSDK/AB435G.html	AB435G	mvb/windows-ce-1.0/PEGSDK	GetSystemMetrics	ms-media-copyright
SM_PENWINDOWS	not-supported	getsystemmetrics	Windows CE Remarks Windows CE does not support the following nIndex values:	corpus/chm/windows-ce-3.0/_wcesdk_win32_GetSystemMetrics.html	_wcesdk_win32_GetSystemMetrics	chm/windows-ce-3.0	GetSystemMetrics	ce30-internal-reference
SM_PENWINDOWS	not-supported	cegetsystemmetrics	Remarks Windows CE does not support the following nIndex values:	corpus/chm/windows-ce-5.0/wceactsync5/html/wce50lrfCeGetSystemMetricsRAPI.html	wce50lrfCeGetSystemMetricsRAPI	chm/windows-ce-5.0/wceactsync5/html	CeGetSystemMetrics (RAPI)	ms-media-copyright
SM_PENWINDOWS	not-supported	getsystemmetrics	Remarks Windows CE does not support the following nIndex values:	corpus/chm/windows-ce-5.0/wceui5/html/wce50lrfGetSystemMetrics.html	wce50lrfGetSystemMetrics	chm/windows-ce-5.0/wceui5/html	GetSystemMetrics	ms-media-copyright
SM_PENWINDOWS	not-supported	getsystemmetrics	Remarks Windows CE does not support the following nIndex values:	corpus/learn/windows-ce-5.0/aa453170(v=msdn.10).html	aa453170(v=msdn.10)	learn/windows-ce-5.0	GetSystemMetrics (Windows CE 5.0)	learn-tou
SM_PENWINDOWS	not-supported	cegetsystemmetrics	Remarks Windows CE does not support the following nIndex values:	corpus/learn/windows-ce-5.0/aa513367(v=msdn.10).html	aa513367(v=msdn.10)	learn/windows-ce-5.0	CeGetSystemMetrics (RAPI) (Windows CE 5.0)	learn-tou
SM_PENWINDOWS	not-supported	getsystemmetrics	Remarks Windows Embedded CE does not support the following nIndex values:	corpus/learn/windows-embedded-ce-6.0/ee499415(v=winembedded.60).html	ee499415(v=winembedded.60)	learn/windows-embedded-ce-6.0	GetSystemMetrics (Windows Embedded CE 6.0)	learn-tou
SM_PENWINDOWS	not-supported	getsystemmetrics	Windows CE Remarks Windows CE does not support the following nIndex values:	corpus/msdn-library/wcedevcon-99/wcesdkr/uif_fg_64.html	uif_fg_64	msdn-library/wcedevcon-99/wcesdkr	GetSystemMetrics	msdn-library-copyright
SM_PENWINDOWS	not-supported	peggetsystemmetrics	Windows CE Notes The following nIndex values are not supported:	corpus/mvb/windows-ce-1.0/PEGSDK/AB138L.html	AB138L	mvb/windows-ce-1.0/PEGSDK	PegGetSystemMetrics	ms-media-copyright
SM_PENWINDOWS	not-supported	getsystemmetrics	Windows CE Notes The following nIndex values are not supported:	corpus/mvb/windows-ce-1.0/PEGSDK/AB435G.html	AB435G	mvb/windows-ce-1.0/PEGSDK	GetSystemMetrics	ms-media-copyright
SM_SECURE	not-supported	getsystemmetrics	Windows CE Remarks Windows CE does not support the following nIndex values:	corpus/chm/windows-ce-3.0/_wcesdk_win32_GetSystemMetrics.html	_wcesdk_win32_GetSystemMetrics	chm/windows-ce-3.0	GetSystemMetrics	ce30-internal-reference
SM_SECURE	not-supported	cegetsystemmetrics	Remarks Windows CE does not support the following nIndex values:	corpus/chm/windows-ce-5.0/wceactsync5/html/wce50lrfCeGetSystemMetricsRAPI.html	wce50lrfCeGetSystemMetricsRAPI	chm/windows-ce-5.0/wceactsync5/html	CeGetSystemMetrics (RAPI)	ms-media-copyright
SM_SECURE	not-supported	getsystemmetrics	Remarks Windows CE does not support the following nIndex values:	corpus/chm/windows-ce-5.0/wceui5/html/wce50lrfGetSystemMetrics.html	wce50lrfGetSystemMetrics	chm/windows-ce-5.0/wceui5/html	GetSystemMetrics	ms-media-copyright
SM_SECURE	not-supported	getsystemmetrics	Remarks Windows CE does not support the following nIndex values:	corpus/learn/windows-ce-5.0/aa453170(v=msdn.10).html	aa453170(v=msdn.10)	learn/windows-ce-5.0	GetSystemMetrics (Windows CE 5.0)	learn-tou
SM_SECURE	not-supported	cegetsystemmetrics	Remarks Windows CE does not support the following nIndex values:	corpus/learn/windows-ce-5.0/aa513367(v=msdn.10).html	aa513367(v=msdn.10)	learn/windows-ce-5.0	CeGetSystemMetrics (RAPI) (Windows CE 5.0)	learn-tou
SM_SECURE	not-supported	getsystemmetrics	Remarks Windows Embedded CE does not support the following nIndex values:	corpus/learn/windows-embedded-ce-6.0/ee499415(v=winembedded.60).html	ee499415(v=winembedded.60)	learn/windows-embedded-ce-6.0	GetSystemMetrics (Windows Embedded CE 6.0)	learn-tou
SM_SECURE	not-supported	getsystemmetrics	Windows CE Remarks Windows CE does not support the following nIndex values:	corpus/msdn-library/wcedevcon-99/wcesdkr/uif_fg_64.html	uif_fg_64	msdn-library/wcedevcon-99/wcesdkr	GetSystemMetrics	msdn-library-copyright
SM_SECURE	not-supported	peggetsystemmetrics	Windows CE Notes The following nIndex values are not supported:	corpus/mvb/windows-ce-1.0/PEGSDK/AB138L.html	AB138L	mvb/windows-ce-1.0/PEGSDK	PegGetSystemMetrics	ms-media-copyright
SM_SECURE	not-supported	getsystemmetrics	Windows CE Notes The following nIndex values are not supported:	corpus/mvb/windows-ce-1.0/PEGSDK/AB435G.html	AB435G	mvb/windows-ce-1.0/PEGSDK	GetSystemMetrics	ms-media-copyright
SM_SHOWSOUNDS	not-supported	getsystemmetrics	Windows CE Remarks Windows CE does not support the following nIndex values:	corpus/chm/windows-ce-3.0/_wcesdk_win32_GetSystemMetrics.html	_wcesdk_win32_GetSystemMetrics	chm/windows-ce-3.0	GetSystemMetrics	ce30-internal-reference
SM_SHOWSOUNDS	not-supported	cegetsystemmetrics	Remarks Windows CE does not support the following nIndex values:	corpus/chm/windows-ce-5.0/wceactsync5/html/wce50lrfCeGetSystemMetricsRAPI.html	wce50lrfCeGetSystemMetricsRAPI	chm/windows-ce-5.0/wceactsync5/html	CeGetSystemMetrics (RAPI)	ms-media-copyright
SM_SHOWSOUNDS	not-supported	getsystemmetrics	Remarks Windows CE does not support the following nIndex values:	corpus/chm/windows-ce-5.0/wceui5/html/wce50lrfGetSystemMetrics.html	wce50lrfGetSystemMetrics	chm/windows-ce-5.0/wceui5/html	GetSystemMetrics	ms-media-copyright
SM_SHOWSOUNDS	not-supported	getsystemmetrics	Remarks Windows CE does not support the following nIndex values:	corpus/learn/windows-ce-5.0/aa453170(v=msdn.10).html	aa453170(v=msdn.10)	learn/windows-ce-5.0	GetSystemMetrics (Windows CE 5.0)	learn-tou
SM_SHOWSOUNDS	not-supported	cegetsystemmetrics	Remarks Windows CE does not support the following nIndex values:	corpus/learn/windows-ce-5.0/aa513367(v=msdn.10).html	aa513367(v=msdn.10)	learn/windows-ce-5.0	CeGetSystemMetrics (RAPI) (Windows CE 5.0)	learn-tou
SM_SHOWSOUNDS	not-supported	getsystemmetrics	Remarks Windows Embedded CE does not support the following nIndex values:	corpus/learn/windows-embedded-ce-6.0/ee499415(v=winembedded.60).html	ee499415(v=winembedded.60)	learn/windows-embedded-ce-6.0	GetSystemMetrics (Windows Embedded CE 6.0)	learn-tou
SM_SHOWSOUNDS	not-supported	getsystemmetrics	Windows CE Remarks Windows CE does not support the following nIndex values:	corpus/msdn-library/wcedevcon-99/wcesdkr/uif_fg_64.html	uif_fg_64	msdn-library/wcedevcon-99/wcesdkr	GetSystemMetrics	msdn-library-copyright
SM_SHOWSOUNDS	not-supported	peggetsystemmetrics	Windows CE Notes The following nIndex values are not supported:	corpus/mvb/windows-ce-1.0/PEGSDK/AB138L.html	AB138L	mvb/windows-ce-1.0/PEGSDK	PegGetSystemMetrics	ms-media-copyright
SM_SHOWSOUNDS	not-supported	getsystemmetrics	Windows CE Notes The following nIndex values are not supported:	corpus/mvb/windows-ce-1.0/PEGSDK/AB435G.html	AB435G	mvb/windows-ce-1.0/PEGSDK	GetSystemMetrics	ms-media-copyright
SM_SLOWMACHINE	not-supported	getsystemmetrics	Windows CE Remarks Windows CE does not support the following nIndex values:	corpus/chm/windows-ce-3.0/_wcesdk_win32_GetSystemMetrics.html	_wcesdk_win32_GetSystemMetrics	chm/windows-ce-3.0	GetSystemMetrics	ce30-internal-reference
SM_SLOWMACHINE	not-supported	cegetsystemmetrics	Remarks Windows CE does not support the following nIndex values:	corpus/chm/windows-ce-5.0/wceactsync5/html/wce50lrfCeGetSystemMetricsRAPI.html	wce50lrfCeGetSystemMetricsRAPI	chm/windows-ce-5.0/wceactsync5/html	CeGetSystemMetrics (RAPI)	ms-media-copyright
SM_SLOWMACHINE	not-supported	getsystemmetrics	Remarks Windows CE does not support the following nIndex values:	corpus/chm/windows-ce-5.0/wceui5/html/wce50lrfGetSystemMetrics.html	wce50lrfGetSystemMetrics	chm/windows-ce-5.0/wceui5/html	GetSystemMetrics	ms-media-copyright
SM_SLOWMACHINE	not-supported	getsystemmetrics	Remarks Windows CE does not support the following nIndex values:	corpus/learn/windows-ce-5.0/aa453170(v=msdn.10).html	aa453170(v=msdn.10)	learn/windows-ce-5.0	GetSystemMetrics (Windows CE 5.0)	learn-tou
SM_SLOWMACHINE	not-supported	cegetsystemmetrics	Remarks Windows CE does not support the following nIndex values:	corpus/learn/windows-ce-5.0/aa513367(v=msdn.10).html	aa513367(v=msdn.10)	learn/windows-ce-5.0	CeGetSystemMetrics (RAPI) (Windows CE 5.0)	learn-tou
SM_SLOWMACHINE	not-supported	getsystemmetrics	Remarks Windows Embedded CE does not support the following nIndex values:	corpus/learn/windows-embedded-ce-6.0/ee499415(v=winembedded.60).html	ee499415(v=winembedded.60)	learn/windows-embedded-ce-6.0	GetSystemMetrics (Windows Embedded CE 6.0)	learn-tou
SM_SLOWMACHINE	not-supported	getsystemmetrics	Windows CE Remarks Windows CE does not support the following nIndex values:	corpus/msdn-library/wcedevcon-99/wcesdkr/uif_fg_64.html	uif_fg_64	msdn-library/wcedevcon-99/wcesdkr	GetSystemMetrics	msdn-library-copyright
SM_SLOWMACHINE	not-supported	peggetsystemmetrics	Windows CE Notes The following nIndex values are not supported:	corpus/mvb/windows-ce-1.0/PEGSDK/AB138L.html	AB138L	mvb/windows-ce-1.0/PEGSDK	PegGetSystemMetrics	ms-media-copyright
SM_SLOWMACHINE	not-supported	getsystemmetrics	Windows CE Notes The following nIndex values are not supported:	corpus/mvb/windows-ce-1.0/PEGSDK/AB435G.html	AB435G	mvb/windows-ce-1.0/PEGSDK	GetSystemMetrics	ms-media-copyright
SM_SWAPBUTTON	not-supported	getsystemmetrics	Windows CE Remarks Windows CE does not support the following nIndex values:	corpus/chm/windows-ce-3.0/_wcesdk_win32_GetSystemMetrics.html	_wcesdk_win32_GetSystemMetrics	chm/windows-ce-3.0	GetSystemMetrics	ce30-internal-reference
SM_SWAPBUTTON	not-supported	cegetsystemmetrics	Remarks Windows CE does not support the following nIndex values:	corpus/chm/windows-ce-5.0/wceactsync5/html/wce50lrfCeGetSystemMetricsRAPI.html	wce50lrfCeGetSystemMetricsRAPI	chm/windows-ce-5.0/wceactsync5/html	CeGetSystemMetrics (RAPI)	ms-media-copyright
SM_SWAPBUTTON	not-supported	getsystemmetrics	Remarks Windows CE does not support the following nIndex values:	corpus/chm/windows-ce-5.0/wceui5/html/wce50lrfGetSystemMetrics.html	wce50lrfGetSystemMetrics	chm/windows-ce-5.0/wceui5/html	GetSystemMetrics	ms-media-copyright
SM_SWAPBUTTON	not-supported	getsystemmetrics	Remarks Windows CE does not support the following nIndex values:	corpus/learn/windows-ce-5.0/aa453170(v=msdn.10).html	aa453170(v=msdn.10)	learn/windows-ce-5.0	GetSystemMetrics (Windows CE 5.0)	learn-tou
SM_SWAPBUTTON	not-supported	cegetsystemmetrics	Remarks Windows CE does not support the following nIndex values:	corpus/learn/windows-ce-5.0/aa513367(v=msdn.10).html	aa513367(v=msdn.10)	learn/windows-ce-5.0	CeGetSystemMetrics (RAPI) (Windows CE 5.0)	learn-tou
SM_SWAPBUTTON	not-supported	getsystemmetrics	Remarks Windows Embedded CE does not support the following nIndex values:	corpus/learn/windows-embedded-ce-6.0/ee499415(v=winembedded.60).html	ee499415(v=winembedded.60)	learn/windows-embedded-ce-6.0	GetSystemMetrics (Windows Embedded CE 6.0)	learn-tou
SM_SWAPBUTTON	not-supported	getsystemmetrics	Windows CE Remarks Windows CE does not support the following nIndex values:	corpus/msdn-library/wcedevcon-99/wcesdkr/uif_fg_64.html	uif_fg_64	msdn-library/wcedevcon-99/wcesdkr	GetSystemMetrics	msdn-library-copyright
SM_SWAPBUTTON	not-supported	peggetsystemmetrics	Windows CE Notes The following nIndex values are not supported:	corpus/mvb/windows-ce-1.0/PEGSDK/AB138L.html	AB138L	mvb/windows-ce-1.0/PEGSDK	PegGetSystemMetrics	ms-media-copyright
SM_SWAPBUTTON	not-supported	getsystemmetrics	Windows CE Notes The following nIndex values are not supported:	corpus/mvb/windows-ce-1.0/PEGSDK/AB435G.html	AB435G	mvb/windows-ce-1.0/PEGSDK	GetSystemMetrics	ms-media-copyright
SW_HIDE	only-supported	showwindow	Windows CE Notes The nCmdShow parameter supports only:	corpus/mvb/windows-ce-1.0/PEGSDK/AB300N.html	AB300N	mvb/windows-ce-1.0/PEGSDK	ShowWindow	ms-media-copyright
SW_MAXIMIZE	not-supported	showwindow	Windows CE Remarks The nCmdShow parameter does not support the following values:	corpus/msdn-library/wcedevcon-99/wcesdkr/uif_s_45.html	uif_s_45	msdn-library/wcedevcon-99/wcesdkr	ShowWindow	msdn-library-copyright
SW_MINIMIZE	not-supported	showwindow	Windows CE Remarks The nCmdShow parameter does not support the following values:	corpus/msdn-library/wcedevcon-99/wcesdkr/uif_s_45.html	uif_s_45	msdn-library/wcedevcon-99/wcesdkr	ShowWindow	msdn-library-copyright
SW_MINIMIZE	not-supported	winmain	Windows CE Notes The following nCmdShow values are not supported:	corpus/mvb/windows-ce-1.0/PEGSDK/AB66P.html	AB66P	mvb/windows-ce-1.0/PEGSDK	WinMain	ms-media-copyright
SW_RESTORE	not-supported	showwindow	Windows CE Remarks The nCmdShow parameter does not support the following values:	corpus/msdn-library/wcedevcon-99/wcesdkr/uif_s_45.html	uif_s_45	msdn-library/wcedevcon-99/wcesdkr	ShowWindow	msdn-library-copyright
SW_RESTORE	not-supported	winmain	Windows CE Notes The following nCmdShow values are not supported:	corpus/mvb/windows-ce-1.0/PEGSDK/AB66P.html	AB66P	mvb/windows-ce-1.0/PEGSDK	WinMain	ms-media-copyright
SW_SHOW	only-supported	showwindow	Windows CE Notes The nCmdShow parameter supports only:	corpus/mvb/windows-ce-1.0/PEGSDK/AB300N.html	AB300N	mvb/windows-ce-1.0/PEGSDK	ShowWindow	ms-media-copyright
SW_SHOWDEFAULT	not-supported	showwindow	Windows CE Remarks The nCmdShow parameter does not support the following values:	corpus/msdn-library/wcedevcon-99/wcesdkr/uif_s_45.html	uif_s_45	msdn-library/wcedevcon-99/wcesdkr	ShowWindow	msdn-library-copyright
SW_SHOWMAXIMIZED	not-supported	showwindow	Windows CE Remarks The nCmdShow parameter does not support the following values:	corpus/msdn-library/wcedevcon-99/wcesdkr/uif_s_45.html	uif_s_45	msdn-library/wcedevcon-99/wcesdkr	ShowWindow	msdn-library-copyright
SW_SHOWMAXIMIZED	not-supported	winmain	Windows CE Notes The following nCmdShow values are not supported:	corpus/mvb/windows-ce-1.0/PEGSDK/AB66P.html	AB66P	mvb/windows-ce-1.0/PEGSDK	WinMain	ms-media-copyright
SW_SHOWMINIMIZED	not-supported	showwindow	Windows CE Remarks The nCmdShow parameter does not support the following values:	corpus/msdn-library/wcedevcon-99/wcesdkr/uif_s_45.html	uif_s_45	msdn-library/wcedevcon-99/wcesdkr	ShowWindow	msdn-library-copyright
SW_SHOWMINIMIZED	not-supported	winmain	Windows CE Notes The following nCmdShow values are not supported:	corpus/mvb/windows-ce-1.0/PEGSDK/AB66P.html	AB66P	mvb/windows-ce-1.0/PEGSDK	WinMain	ms-media-copyright
SW_SHOWMINNOACTIVE	not-supported	showwindow	Windows CE Remarks The nCmdShow parameter does not support the following values:	corpus/msdn-library/wcedevcon-99/wcesdkr/uif_s_45.html	uif_s_45	msdn-library/wcedevcon-99/wcesdkr	ShowWindow	msdn-library-copyright
SW_SHOWMINNOACTIVE	not-supported	winmain	Windows CE Notes The following nCmdShow values are not supported:	corpus/mvb/windows-ce-1.0/PEGSDK/AB66P.html	AB66P	mvb/windows-ce-1.0/PEGSDK	WinMain	ms-media-copyright
SW_SHOWNA	only-supported	showwindow	Windows CE Notes The nCmdShow parameter supports only:	corpus/mvb/windows-ce-1.0/PEGSDK/AB300N.html	AB300N	mvb/windows-ce-1.0/PEGSDK	ShowWindow	ms-media-copyright
SW_SHOWNOACTIVATE	only-supported	showwindow	Windows CE Notes The nCmdShow parameter supports only:	corpus/mvb/windows-ce-1.0/PEGSDK/AB300N.html	AB300N	mvb/windows-ce-1.0/PEGSDK	ShowWindow	ms-media-copyright
SW_SHOWNORMAL	only-supported	showwindow	Windows CE Notes The nCmdShow parameter supports only:	corpus/mvb/windows-ce-1.0/PEGSDK/AB300N.html	AB300N	mvb/windows-ce-1.0/PEGSDK	ShowWindow	ms-media-copyright
TPM_HORIZONTAL	not-supported	trackpopupmenuex	Windows CE Notes The follwing flags are not supported:	corpus/mvb/windows-ce-1.0/PEGSDK/AB33O.html	AB33O	mvb/windows-ce-1.0/PEGSDK	TrackPopupMenuEx	ms-media-copyright
TPM_LEFTBUTTON	not-supported	trackpopupmenuex	Windows CE Notes The follwing flags are not supported:	corpus/mvb/windows-ce-1.0/PEGSDK/AB33O.html	AB33O	mvb/windows-ce-1.0/PEGSDK	TrackPopupMenuEx	ms-media-copyright
TPM_NONOTIFY	not-supported	trackpopupmenuex	Windows CE Notes The follwing flags are not supported:	corpus/mvb/windows-ce-1.0/PEGSDK/AB33O.html	AB33O	mvb/windows-ce-1.0/PEGSDK	TrackPopupMenuEx	ms-media-copyright
TPM_RIGHTBUTTON	not-supported	trackpopupmenuex	Windows CE Notes The follwing flags are not supported:	corpus/mvb/windows-ce-1.0/PEGSDK/AB33O.html	AB33O	mvb/windows-ce-1.0/PEGSDK	TrackPopupMenuEx	ms-media-copyright
TPM_VERTICAL	not-supported	trackpopupmenuex	Windows CE Notes The follwing flags are not supported:	corpus/mvb/windows-ce-1.0/PEGSDK/AB33O.html	AB33O	mvb/windows-ce-1.0/PEGSDK	TrackPopupMenuEx	ms-media-copyright
WS_CHILDWINDOW	not-supported	createwindow	The following dwStyle flags are not supported for Windows CE:	corpus/chm/windows-ce-3.0/_wcesdk_win32_CreateWindow.html	_wcesdk_win32_CreateWindow	chm/windows-ce-3.0	CreateWindow	ce30-internal-reference
WS_CHILDWINDOW	not-supported	createwindow	The following dwStyle flags are not supported for Windows CE:	corpus/chm/windows-ce-5.0/wceui5/html/wce50lrfCreateWindow.html	wce50lrfCreateWindow	chm/windows-ce-5.0/wceui5/html	CreateWindow	ms-media-copyright
WS_CHILDWINDOW	not-supported	createwindow	The following dwStyle flags are not supported for Windows CE:	corpus/learn/windows-ce-5.0/ms908192(v=msdn.10).html	ms908192(v=msdn.10)	learn/windows-ce-5.0	CreateWindow (Windows CE 5.0)	learn-tou
WS_CHILDWINDOW	not-supported	createwindow	The following dwStyle flags are not supported for Windows Embedded CE:	corpus/learn/windows-embedded-ce-6.0/ee500617(v=winembedded.60).html	ee500617(v=winembedded.60)	learn/windows-embedded-ce-6.0	CreateWindow (Windows Embedded CE 6.0)	learn-tou
WS_CHILDWINDOW	not-supported	cwintraits	WinTraits Remarks Windows CE does not support the following dwExStyle flags: WS_EX_ACCEPTFILES WS_EX_LEFTSCROLLBAR WS_EX_LEFT WS_EX_MDICHILD WS_EX_LTRREADING WS_EX_PALETTEWINDOW WS_EX_NOPARENTNOTIFY WS_EX_RIGHTSCROLLBAR WS_EX_RIGHT WS_EX_TOOLWINDOW WS_EX_RTLREADING WS_EX_TRANSPARENT WS_EX_APPWINDOW 	corpus/msdn-library/datadungeon-2000-04/wceatl/htm/cwintrt.content.htm	cwintrt.content	msdn-library/datadungeon-2000-04/wceatl/htm	CWinTraits	msdn-library-copyright
WS_CHILDWINDOW	not-supported	cwintraitsor	nTraitsOR Remarks Windows CE does not support the following dwExStyle flags: WS_EX_ACCEPTFILES WS_EX_LEFTSCROLLBAR WS_EX_LEFT WS_EX_MDICHILD WS_EX_LTRREADING WS_EX_PALETTEWINDOW WS_EX_NOPARENTNOTIFY WS_EX_RIGHTSCROLLBAR WS_EX_RIGHT WS_EX_TOOLWINDOW WS_EX_RTLREADING WS_EX_TRANSPARENT WS_EX_APPWINDOW 	corpus/msdn-library/datadungeon-2000-04/wceatl/htm/cwintrto.content.htm	cwintrto.content	msdn-library/datadungeon-2000-04/wceatl/htm	CWinTraitsOR	msdn-library-copyright
WS_EX_ACCEPTFILES	not-supported	cwintraits	At a Glance Header file: Atlwin.h Windows CE versions: 2.10 and later Complete documentation: Visual C++ documentation Syntax template <DWORD t_dwStyle = 0, DWORD t_dwExStyle = 0> class CWinTraits Remarks Windows CE does not support the following dwExStyle flags:	corpus/msdn-library/datadungeon-2000-04/wceatl/htm/cwintrt.content.htm	cwintrt.content	msdn-library/datadungeon-2000-04/wceatl/htm	CWinTraits	msdn-library-copyright
WS_EX_ACCEPTFILES	not-supported	cwintraitsor	At a Glance Header file: Atlwin.h Windows CE versions: 2.10 and later Complete documentation: Visual C++ documentation Syntax template < DWORD t_dwStyle = 0, DWORD t_dwExStyle = 0, class TWinTraits = CControlWinTraits > class CWinTraitsOR Remarks Windows CE does not support the following dwExStyle f	corpus/msdn-library/datadungeon-2000-04/wceatl/htm/cwintrto.content.htm	cwintrto.content	msdn-library/datadungeon-2000-04/wceatl/htm	CWinTraitsOR	msdn-library-copyright
WS_EX_APPWINDOW	not-supported	cwintraits	At a Glance Header file: Atlwin.h Windows CE versions: 2.10 and later Complete documentation: Visual C++ documentation Syntax template <DWORD t_dwStyle = 0, DWORD t_dwExStyle = 0> class CWinTraits Remarks Windows CE does not support the following dwExStyle flags:	corpus/msdn-library/datadungeon-2000-04/wceatl/htm/cwintrt.content.htm	cwintrt.content	msdn-library/datadungeon-2000-04/wceatl/htm	CWinTraits	msdn-library-copyright
WS_EX_APPWINDOW	not-supported	cwintraitsor	At a Glance Header file: Atlwin.h Windows CE versions: 2.10 and later Complete documentation: Visual C++ documentation Syntax template < DWORD t_dwStyle = 0, DWORD t_dwExStyle = 0, class TWinTraits = CControlWinTraits > class CWinTraitsOR Remarks Windows CE does not support the following dwExStyle f	corpus/msdn-library/datadungeon-2000-04/wceatl/htm/cwintrto.content.htm	cwintrto.content	msdn-library/datadungeon-2000-04/wceatl/htm	CWinTraitsOR	msdn-library-copyright
WS_EX_LEFT	not-supported	cwintraits	At a Glance Header file: Atlwin.h Windows CE versions: 2.10 and later Complete documentation: Visual C++ documentation Syntax template <DWORD t_dwStyle = 0, DWORD t_dwExStyle = 0> class CWinTraits Remarks Windows CE does not support the following dwExStyle flags:	corpus/msdn-library/datadungeon-2000-04/wceatl/htm/cwintrt.content.htm	cwintrt.content	msdn-library/datadungeon-2000-04/wceatl/htm	CWinTraits	msdn-library-copyright
WS_EX_LEFT	not-supported	cwintraitsor	At a Glance Header file: Atlwin.h Windows CE versions: 2.10 and later Complete documentation: Visual C++ documentation Syntax template < DWORD t_dwStyle = 0, DWORD t_dwExStyle = 0, class TWinTraits = CControlWinTraits > class CWinTraitsOR Remarks Windows CE does not support the following dwExStyle f	corpus/msdn-library/datadungeon-2000-04/wceatl/htm/cwintrto.content.htm	cwintrto.content	msdn-library/datadungeon-2000-04/wceatl/htm	CWinTraitsOR	msdn-library-copyright
WS_EX_LEFTSCROLLBAR	not-supported	cwintraits	At a Glance Header file: Atlwin.h Windows CE versions: 2.10 and later Complete documentation: Visual C++ documentation Syntax template <DWORD t_dwStyle = 0, DWORD t_dwExStyle = 0> class CWinTraits Remarks Windows CE does not support the following dwExStyle flags:	corpus/msdn-library/datadungeon-2000-04/wceatl/htm/cwintrt.content.htm	cwintrt.content	msdn-library/datadungeon-2000-04/wceatl/htm	CWinTraits	msdn-library-copyright
WS_EX_LEFTSCROLLBAR	not-supported	cwintraitsor	At a Glance Header file: Atlwin.h Windows CE versions: 2.10 and later Complete documentation: Visual C++ documentation Syntax template < DWORD t_dwStyle = 0, DWORD t_dwExStyle = 0, class TWinTraits = CControlWinTraits > class CWinTraitsOR Remarks Windows CE does not support the following dwExStyle f	corpus/msdn-library/datadungeon-2000-04/wceatl/htm/cwintrto.content.htm	cwintrto.content	msdn-library/datadungeon-2000-04/wceatl/htm	CWinTraitsOR	msdn-library-copyright
WS_EX_LTRREADING	not-supported	cwintraits	At a Glance Header file: Atlwin.h Windows CE versions: 2.10 and later Complete documentation: Visual C++ documentation Syntax template <DWORD t_dwStyle = 0, DWORD t_dwExStyle = 0> class CWinTraits Remarks Windows CE does not support the following dwExStyle flags:	corpus/msdn-library/datadungeon-2000-04/wceatl/htm/cwintrt.content.htm	cwintrt.content	msdn-library/datadungeon-2000-04/wceatl/htm	CWinTraits	msdn-library-copyright
WS_EX_LTRREADING	not-supported	cwintraitsor	At a Glance Header file: Atlwin.h Windows CE versions: 2.10 and later Complete documentation: Visual C++ documentation Syntax template < DWORD t_dwStyle = 0, DWORD t_dwExStyle = 0, class TWinTraits = CControlWinTraits > class CWinTraitsOR Remarks Windows CE does not support the following dwExStyle f	corpus/msdn-library/datadungeon-2000-04/wceatl/htm/cwintrto.content.htm	cwintrto.content	msdn-library/datadungeon-2000-04/wceatl/htm	CWinTraitsOR	msdn-library-copyright
WS_EX_MDICHILD	not-supported	cwintraits	At a Glance Header file: Atlwin.h Windows CE versions: 2.10 and later Complete documentation: Visual C++ documentation Syntax template <DWORD t_dwStyle = 0, DWORD t_dwExStyle = 0> class CWinTraits Remarks Windows CE does not support the following dwExStyle flags:	corpus/msdn-library/datadungeon-2000-04/wceatl/htm/cwintrt.content.htm	cwintrt.content	msdn-library/datadungeon-2000-04/wceatl/htm	CWinTraits	msdn-library-copyright
WS_EX_MDICHILD	not-supported	cwintraitsor	At a Glance Header file: Atlwin.h Windows CE versions: 2.10 and later Complete documentation: Visual C++ documentation Syntax template < DWORD t_dwStyle = 0, DWORD t_dwExStyle = 0, class TWinTraits = CControlWinTraits > class CWinTraitsOR Remarks Windows CE does not support the following dwExStyle f	corpus/msdn-library/datadungeon-2000-04/wceatl/htm/cwintrto.content.htm	cwintrto.content	msdn-library/datadungeon-2000-04/wceatl/htm	CWinTraitsOR	msdn-library-copyright
WS_EX_NOPARENTNOTIFY	not-supported	cwintraits	At a Glance Header file: Atlwin.h Windows CE versions: 2.10 and later Complete documentation: Visual C++ documentation Syntax template <DWORD t_dwStyle = 0, DWORD t_dwExStyle = 0> class CWinTraits Remarks Windows CE does not support the following dwExStyle flags:	corpus/msdn-library/datadungeon-2000-04/wceatl/htm/cwintrt.content.htm	cwintrt.content	msdn-library/datadungeon-2000-04/wceatl/htm	CWinTraits	msdn-library-copyright
WS_EX_NOPARENTNOTIFY	not-supported	cwintraitsor	At a Glance Header file: Atlwin.h Windows CE versions: 2.10 and later Complete documentation: Visual C++ documentation Syntax template < DWORD t_dwStyle = 0, DWORD t_dwExStyle = 0, class TWinTraits = CControlWinTraits > class CWinTraitsOR Remarks Windows CE does not support the following dwExStyle f	corpus/msdn-library/datadungeon-2000-04/wceatl/htm/cwintrto.content.htm	cwintrto.content	msdn-library/datadungeon-2000-04/wceatl/htm	CWinTraitsOR	msdn-library-copyright
WS_EX_PALETTEWINDOW	not-supported	cwintraits	At a Glance Header file: Atlwin.h Windows CE versions: 2.10 and later Complete documentation: Visual C++ documentation Syntax template <DWORD t_dwStyle = 0, DWORD t_dwExStyle = 0> class CWinTraits Remarks Windows CE does not support the following dwExStyle flags:	corpus/msdn-library/datadungeon-2000-04/wceatl/htm/cwintrt.content.htm	cwintrt.content	msdn-library/datadungeon-2000-04/wceatl/htm	CWinTraits	msdn-library-copyright
WS_EX_PALETTEWINDOW	not-supported	cwintraitsor	At a Glance Header file: Atlwin.h Windows CE versions: 2.10 and later Complete documentation: Visual C++ documentation Syntax template < DWORD t_dwStyle = 0, DWORD t_dwExStyle = 0, class TWinTraits = CControlWinTraits > class CWinTraitsOR Remarks Windows CE does not support the following dwExStyle f	corpus/msdn-library/datadungeon-2000-04/wceatl/htm/cwintrto.content.htm	cwintrto.content	msdn-library/datadungeon-2000-04/wceatl/htm	CWinTraitsOR	msdn-library-copyright
WS_EX_RIGHT	not-supported	cwintraits	At a Glance Header file: Atlwin.h Windows CE versions: 2.10 and later Complete documentation: Visual C++ documentation Syntax template <DWORD t_dwStyle = 0, DWORD t_dwExStyle = 0> class CWinTraits Remarks Windows CE does not support the following dwExStyle flags:	corpus/msdn-library/datadungeon-2000-04/wceatl/htm/cwintrt.content.htm	cwintrt.content	msdn-library/datadungeon-2000-04/wceatl/htm	CWinTraits	msdn-library-copyright
WS_EX_RIGHT	not-supported	cwintraitsor	At a Glance Header file: Atlwin.h Windows CE versions: 2.10 and later Complete documentation: Visual C++ documentation Syntax template < DWORD t_dwStyle = 0, DWORD t_dwExStyle = 0, class TWinTraits = CControlWinTraits > class CWinTraitsOR Remarks Windows CE does not support the following dwExStyle f	corpus/msdn-library/datadungeon-2000-04/wceatl/htm/cwintrto.content.htm	cwintrto.content	msdn-library/datadungeon-2000-04/wceatl/htm	CWinTraitsOR	msdn-library-copyright
WS_EX_RIGHTSCROLLBAR	not-supported	cwintraits	At a Glance Header file: Atlwin.h Windows CE versions: 2.10 and later Complete documentation: Visual C++ documentation Syntax template <DWORD t_dwStyle = 0, DWORD t_dwExStyle = 0> class CWinTraits Remarks Windows CE does not support the following dwExStyle flags:	corpus/msdn-library/datadungeon-2000-04/wceatl/htm/cwintrt.content.htm	cwintrt.content	msdn-library/datadungeon-2000-04/wceatl/htm	CWinTraits	msdn-library-copyright
WS_EX_RIGHTSCROLLBAR	not-supported	cwintraitsor	At a Glance Header file: Atlwin.h Windows CE versions: 2.10 and later Complete documentation: Visual C++ documentation Syntax template < DWORD t_dwStyle = 0, DWORD t_dwExStyle = 0, class TWinTraits = CControlWinTraits > class CWinTraitsOR Remarks Windows CE does not support the following dwExStyle f	corpus/msdn-library/datadungeon-2000-04/wceatl/htm/cwintrto.content.htm	cwintrto.content	msdn-library/datadungeon-2000-04/wceatl/htm	CWinTraitsOR	msdn-library-copyright
WS_EX_RTLREADING	not-supported	cwintraits	At a Glance Header file: Atlwin.h Windows CE versions: 2.10 and later Complete documentation: Visual C++ documentation Syntax template <DWORD t_dwStyle = 0, DWORD t_dwExStyle = 0> class CWinTraits Remarks Windows CE does not support the following dwExStyle flags:	corpus/msdn-library/datadungeon-2000-04/wceatl/htm/cwintrt.content.htm	cwintrt.content	msdn-library/datadungeon-2000-04/wceatl/htm	CWinTraits	msdn-library-copyright
WS_EX_RTLREADING	not-supported	cwintraitsor	At a Glance Header file: Atlwin.h Windows CE versions: 2.10 and later Complete documentation: Visual C++ documentation Syntax template < DWORD t_dwStyle = 0, DWORD t_dwExStyle = 0, class TWinTraits = CControlWinTraits > class CWinTraitsOR Remarks Windows CE does not support the following dwExStyle f	corpus/msdn-library/datadungeon-2000-04/wceatl/htm/cwintrto.content.htm	cwintrto.content	msdn-library/datadungeon-2000-04/wceatl/htm	CWinTraitsOR	msdn-library-copyright
WS_EX_TOOLWINDOW	not-supported	cwintraits	At a Glance Header file: Atlwin.h Windows CE versions: 2.10 and later Complete documentation: Visual C++ documentation Syntax template <DWORD t_dwStyle = 0, DWORD t_dwExStyle = 0> class CWinTraits Remarks Windows CE does not support the following dwExStyle flags:	corpus/msdn-library/datadungeon-2000-04/wceatl/htm/cwintrt.content.htm	cwintrt.content	msdn-library/datadungeon-2000-04/wceatl/htm	CWinTraits	msdn-library-copyright
WS_EX_TOOLWINDOW	not-supported	cwintraitsor	At a Glance Header file: Atlwin.h Windows CE versions: 2.10 and later Complete documentation: Visual C++ documentation Syntax template < DWORD t_dwStyle = 0, DWORD t_dwExStyle = 0, class TWinTraits = CControlWinTraits > class CWinTraitsOR Remarks Windows CE does not support the following dwExStyle f	corpus/msdn-library/datadungeon-2000-04/wceatl/htm/cwintrto.content.htm	cwintrto.content	msdn-library/datadungeon-2000-04/wceatl/htm	CWinTraitsOR	msdn-library-copyright
WS_EX_TRANSPARENT	not-supported	cwintraits	At a Glance Header file: Atlwin.h Windows CE versions: 2.10 and later Complete documentation: Visual C++ documentation Syntax template <DWORD t_dwStyle = 0, DWORD t_dwExStyle = 0> class CWinTraits Remarks Windows CE does not support the following dwExStyle flags:	corpus/msdn-library/datadungeon-2000-04/wceatl/htm/cwintrt.content.htm	cwintrt.content	msdn-library/datadungeon-2000-04/wceatl/htm	CWinTraits	msdn-library-copyright
WS_EX_TRANSPARENT	not-supported	cwintraitsor	At a Glance Header file: Atlwin.h Windows CE versions: 2.10 and later Complete documentation: Visual C++ documentation Syntax template < DWORD t_dwStyle = 0, DWORD t_dwExStyle = 0, class TWinTraits = CControlWinTraits > class CWinTraitsOR Remarks Windows CE does not support the following dwExStyle f	corpus/msdn-library/datadungeon-2000-04/wceatl/htm/cwintrto.content.htm	cwintrto.content	msdn-library/datadungeon-2000-04/wceatl/htm	CWinTraitsOR	msdn-library-copyright
WS_ICONIC	not-supported	createwindow	The following dwStyle flags are not supported for Windows CE:	corpus/chm/windows-ce-3.0/_wcesdk_win32_CreateWindow.html	_wcesdk_win32_CreateWindow	chm/windows-ce-3.0	CreateWindow	ce30-internal-reference
WS_ICONIC	not-supported	createwindow	The following dwStyle flags are not supported for Windows CE:	corpus/chm/windows-ce-5.0/wceui5/html/wce50lrfCreateWindow.html	wce50lrfCreateWindow	chm/windows-ce-5.0/wceui5/html	CreateWindow	ms-media-copyright
WS_ICONIC	not-supported	createwindow	The following dwStyle flags are not supported for Windows CE:	corpus/learn/windows-ce-5.0/ms908192(v=msdn.10).html	ms908192(v=msdn.10)	learn/windows-ce-5.0	CreateWindow (Windows CE 5.0)	learn-tou
WS_ICONIC	not-supported	createwindow	The following dwStyle flags are not supported for Windows Embedded CE:	corpus/learn/windows-embedded-ce-6.0/ee500617(v=winembedded.60).html	ee500617(v=winembedded.60)	learn/windows-embedded-ce-6.0	CreateWindow (Windows Embedded CE 6.0)	learn-tou
WS_ICONIC	not-supported	cwintraits	WinTraits Remarks Windows CE does not support the following dwExStyle flags: WS_EX_ACCEPTFILES WS_EX_LEFTSCROLLBAR WS_EX_LEFT WS_EX_MDICHILD WS_EX_LTRREADING WS_EX_PALETTEWINDOW WS_EX_NOPARENTNOTIFY WS_EX_RIGHTSCROLLBAR WS_EX_RIGHT WS_EX_TOOLWINDOW WS_EX_RTLREADING WS_EX_TRANSPARENT WS_EX_APPWINDOW 	corpus/msdn-library/datadungeon-2000-04/wceatl/htm/cwintrt.content.htm	cwintrt.content	msdn-library/datadungeon-2000-04/wceatl/htm	CWinTraits	msdn-library-copyright
WS_ICONIC	not-supported	cwintraitsor	nTraitsOR Remarks Windows CE does not support the following dwExStyle flags: WS_EX_ACCEPTFILES WS_EX_LEFTSCROLLBAR WS_EX_LEFT WS_EX_MDICHILD WS_EX_LTRREADING WS_EX_PALETTEWINDOW WS_EX_NOPARENTNOTIFY WS_EX_RIGHTSCROLLBAR WS_EX_RIGHT WS_EX_TOOLWINDOW WS_EX_RTLREADING WS_EX_TRANSPARENT WS_EX_APPWINDOW 	corpus/msdn-library/datadungeon-2000-04/wceatl/htm/cwintrto.content.htm	cwintrto.content	msdn-library/datadungeon-2000-04/wceatl/htm	CWinTraitsOR	msdn-library-copyright
WS_MAXIMIZE	not-supported	cwintraits	WinTraits Remarks Windows CE does not support the following dwExStyle flags: WS_EX_ACCEPTFILES WS_EX_LEFTSCROLLBAR WS_EX_LEFT WS_EX_MDICHILD WS_EX_LTRREADING WS_EX_PALETTEWINDOW WS_EX_NOPARENTNOTIFY WS_EX_RIGHTSCROLLBAR WS_EX_RIGHT WS_EX_TOOLWINDOW WS_EX_RTLREADING WS_EX_TRANSPARENT WS_EX_APPWINDOW 	corpus/msdn-library/datadungeon-2000-04/wceatl/htm/cwintrt.content.htm	cwintrt.content	msdn-library/datadungeon-2000-04/wceatl/htm	CWinTraits	msdn-library-copyright
WS_MAXIMIZE	not-supported	cwintraitsor	nTraitsOR Remarks Windows CE does not support the following dwExStyle flags: WS_EX_ACCEPTFILES WS_EX_LEFTSCROLLBAR WS_EX_LEFT WS_EX_MDICHILD WS_EX_LTRREADING WS_EX_PALETTEWINDOW WS_EX_NOPARENTNOTIFY WS_EX_RIGHTSCROLLBAR WS_EX_RIGHT WS_EX_TOOLWINDOW WS_EX_RTLREADING WS_EX_TRANSPARENT WS_EX_APPWINDOW 	corpus/msdn-library/datadungeon-2000-04/wceatl/htm/cwintrto.content.htm	cwintrto.content	msdn-library/datadungeon-2000-04/wceatl/htm	CWinTraitsOR	msdn-library-copyright
WS_MAXIMIZEBOX	not-supported	cwintraits	WinTraits Remarks Windows CE does not support the following dwExStyle flags: WS_EX_ACCEPTFILES WS_EX_LEFTSCROLLBAR WS_EX_LEFT WS_EX_MDICHILD WS_EX_LTRREADING WS_EX_PALETTEWINDOW WS_EX_NOPARENTNOTIFY WS_EX_RIGHTSCROLLBAR WS_EX_RIGHT WS_EX_TOOLWINDOW WS_EX_RTLREADING WS_EX_TRANSPARENT WS_EX_APPWINDOW 	corpus/msdn-library/datadungeon-2000-04/wceatl/htm/cwintrt.content.htm	cwintrt.content	msdn-library/datadungeon-2000-04/wceatl/htm	CWinTraits	msdn-library-copyright
WS_MAXIMIZEBOX	not-supported	cwintraitsor	nTraitsOR Remarks Windows CE does not support the following dwExStyle flags: WS_EX_ACCEPTFILES WS_EX_LEFTSCROLLBAR WS_EX_LEFT WS_EX_MDICHILD WS_EX_LTRREADING WS_EX_PALETTEWINDOW WS_EX_NOPARENTNOTIFY WS_EX_RIGHTSCROLLBAR WS_EX_RIGHT WS_EX_TOOLWINDOW WS_EX_RTLREADING WS_EX_TRANSPARENT WS_EX_APPWINDOW 	corpus/msdn-library/datadungeon-2000-04/wceatl/htm/cwintrto.content.htm	cwintrto.content	msdn-library/datadungeon-2000-04/wceatl/htm	CWinTraitsOR	msdn-library-copyright
WS_MINIMIZE	not-supported	cwintraits	WinTraits Remarks Windows CE does not support the following dwExStyle flags: WS_EX_ACCEPTFILES WS_EX_LEFTSCROLLBAR WS_EX_LEFT WS_EX_MDICHILD WS_EX_LTRREADING WS_EX_PALETTEWINDOW WS_EX_NOPARENTNOTIFY WS_EX_RIGHTSCROLLBAR WS_EX_RIGHT WS_EX_TOOLWINDOW WS_EX_RTLREADING WS_EX_TRANSPARENT WS_EX_APPWINDOW 	corpus/msdn-library/datadungeon-2000-04/wceatl/htm/cwintrt.content.htm	cwintrt.content	msdn-library/datadungeon-2000-04/wceatl/htm	CWinTraits	msdn-library-copyright
WS_MINIMIZE	not-supported	cwintraitsor	nTraitsOR Remarks Windows CE does not support the following dwExStyle flags: WS_EX_ACCEPTFILES WS_EX_LEFTSCROLLBAR WS_EX_LEFT WS_EX_MDICHILD WS_EX_LTRREADING WS_EX_PALETTEWINDOW WS_EX_NOPARENTNOTIFY WS_EX_RIGHTSCROLLBAR WS_EX_RIGHT WS_EX_TOOLWINDOW WS_EX_RTLREADING WS_EX_TRANSPARENT WS_EX_APPWINDOW 	corpus/msdn-library/datadungeon-2000-04/wceatl/htm/cwintrto.content.htm	cwintrto.content	msdn-library/datadungeon-2000-04/wceatl/htm	CWinTraitsOR	msdn-library-copyright
WS_MINIMIZEBOX	not-supported	cwintraits	WinTraits Remarks Windows CE does not support the following dwExStyle flags: WS_EX_ACCEPTFILES WS_EX_LEFTSCROLLBAR WS_EX_LEFT WS_EX_MDICHILD WS_EX_LTRREADING WS_EX_PALETTEWINDOW WS_EX_NOPARENTNOTIFY WS_EX_RIGHTSCROLLBAR WS_EX_RIGHT WS_EX_TOOLWINDOW WS_EX_RTLREADING WS_EX_TRANSPARENT WS_EX_APPWINDOW 	corpus/msdn-library/datadungeon-2000-04/wceatl/htm/cwintrt.content.htm	cwintrt.content	msdn-library/datadungeon-2000-04/wceatl/htm	CWinTraits	msdn-library-copyright
WS_MINIMIZEBOX	not-supported	cwintraitsor	nTraitsOR Remarks Windows CE does not support the following dwExStyle flags: WS_EX_ACCEPTFILES WS_EX_LEFTSCROLLBAR WS_EX_LEFT WS_EX_MDICHILD WS_EX_LTRREADING WS_EX_PALETTEWINDOW WS_EX_NOPARENTNOTIFY WS_EX_RIGHTSCROLLBAR WS_EX_RIGHT WS_EX_TOOLWINDOW WS_EX_RTLREADING WS_EX_TRANSPARENT WS_EX_APPWINDOW 	corpus/msdn-library/datadungeon-2000-04/wceatl/htm/cwintrto.content.htm	cwintrto.content	msdn-library/datadungeon-2000-04/wceatl/htm	CWinTraitsOR	msdn-library-copyright
WS_OVERLAPPEDWINDOW	not-supported	cwintraits	WinTraits Remarks Windows CE does not support the following dwExStyle flags: WS_EX_ACCEPTFILES WS_EX_LEFTSCROLLBAR WS_EX_LEFT WS_EX_MDICHILD WS_EX_LTRREADING WS_EX_PALETTEWINDOW WS_EX_NOPARENTNOTIFY WS_EX_RIGHTSCROLLBAR WS_EX_RIGHT WS_EX_TOOLWINDOW WS_EX_RTLREADING WS_EX_TRANSPARENT WS_EX_APPWINDOW 	corpus/msdn-library/datadungeon-2000-04/wceatl/htm/cwintrt.content.htm	cwintrt.content	msdn-library/datadungeon-2000-04/wceatl/htm	CWinTraits	msdn-library-copyright
WS_OVERLAPPEDWINDOW	not-supported	cwintraitsor	nTraitsOR Remarks Windows CE does not support the following dwExStyle flags: WS_EX_ACCEPTFILES WS_EX_LEFTSCROLLBAR WS_EX_LEFT WS_EX_MDICHILD WS_EX_LTRREADING WS_EX_PALETTEWINDOW WS_EX_NOPARENTNOTIFY WS_EX_RIGHTSCROLLBAR WS_EX_RIGHT WS_EX_TOOLWINDOW WS_EX_RTLREADING WS_EX_TRANSPARENT WS_EX_APPWINDOW 	corpus/msdn-library/datadungeon-2000-04/wceatl/htm/cwintrto.content.htm	cwintrto.content	msdn-library/datadungeon-2000-04/wceatl/htm	CWinTraitsOR	msdn-library-copyright
WS_POPUPWINDOW	not-supported	createwindow	The following dwStyle flags are not supported for Windows CE:	corpus/chm/windows-ce-3.0/_wcesdk_win32_CreateWindow.html	_wcesdk_win32_CreateWindow	chm/windows-ce-3.0	CreateWindow	ce30-internal-reference
WS_POPUPWINDOW	not-supported	createwindow	The following dwStyle flags are not supported for Windows CE:	corpus/chm/windows-ce-5.0/wceui5/html/wce50lrfCreateWindow.html	wce50lrfCreateWindow	chm/windows-ce-5.0/wceui5/html	CreateWindow	ms-media-copyright
WS_POPUPWINDOW	not-supported	createwindow	The following dwStyle flags are not supported for Windows CE:	corpus/learn/windows-ce-5.0/ms908192(v=msdn.10).html	ms908192(v=msdn.10)	learn/windows-ce-5.0	CreateWindow (Windows CE 5.0)	learn-tou
WS_POPUPWINDOW	not-supported	createwindow	The following dwStyle flags are not supported for Windows Embedded CE:	corpus/learn/windows-embedded-ce-6.0/ee500617(v=winembedded.60).html	ee500617(v=winembedded.60)	learn/windows-embedded-ce-6.0	CreateWindow (Windows Embedded CE 6.0)	learn-tou
WS_POPUPWINDOW	not-supported	cwintraits	WinTraits Remarks Windows CE does not support the following dwExStyle flags: WS_EX_ACCEPTFILES WS_EX_LEFTSCROLLBAR WS_EX_LEFT WS_EX_MDICHILD WS_EX_LTRREADING WS_EX_PALETTEWINDOW WS_EX_NOPARENTNOTIFY WS_EX_RIGHTSCROLLBAR WS_EX_RIGHT WS_EX_TOOLWINDOW WS_EX_RTLREADING WS_EX_TRANSPARENT WS_EX_APPWINDOW 	corpus/msdn-library/datadungeon-2000-04/wceatl/htm/cwintrt.content.htm	cwintrt.content	msdn-library/datadungeon-2000-04/wceatl/htm	CWinTraits	msdn-library-copyright
WS_POPUPWINDOW	not-supported	cwintraitsor	nTraitsOR Remarks Windows CE does not support the following dwExStyle flags: WS_EX_ACCEPTFILES WS_EX_LEFTSCROLLBAR WS_EX_LEFT WS_EX_MDICHILD WS_EX_LTRREADING WS_EX_PALETTEWINDOW WS_EX_NOPARENTNOTIFY WS_EX_RIGHTSCROLLBAR WS_EX_RIGHT WS_EX_TOOLWINDOW WS_EX_RTLREADING WS_EX_TRANSPARENT WS_EX_APPWINDOW 	corpus/msdn-library/datadungeon-2000-04/wceatl/htm/cwintrto.content.htm	cwintrto.content	msdn-library/datadungeon-2000-04/wceatl/htm	CWinTraitsOR	msdn-library-copyright
WS_SIZEBOX	not-supported	cwintraits	WinTraits Remarks Windows CE does not support the following dwExStyle flags: WS_EX_ACCEPTFILES WS_EX_LEFTSCROLLBAR WS_EX_LEFT WS_EX_MDICHILD WS_EX_LTRREADING WS_EX_PALETTEWINDOW WS_EX_NOPARENTNOTIFY WS_EX_RIGHTSCROLLBAR WS_EX_RIGHT WS_EX_TOOLWINDOW WS_EX_RTLREADING WS_EX_TRANSPARENT WS_EX_APPWINDOW 	corpus/msdn-library/datadungeon-2000-04/wceatl/htm/cwintrt.content.htm	cwintrt.content	msdn-library/datadungeon-2000-04/wceatl/htm	CWinTraits	msdn-library-copyright
WS_SIZEBOX	not-supported	cwintraitsor	nTraitsOR Remarks Windows CE does not support the following dwExStyle flags: WS_EX_ACCEPTFILES WS_EX_LEFTSCROLLBAR WS_EX_LEFT WS_EX_MDICHILD WS_EX_LTRREADING WS_EX_PALETTEWINDOW WS_EX_NOPARENTNOTIFY WS_EX_RIGHTSCROLLBAR WS_EX_RIGHT WS_EX_TOOLWINDOW WS_EX_RTLREADING WS_EX_TRANSPARENT WS_EX_APPWINDOW 	corpus/msdn-library/datadungeon-2000-04/wceatl/htm/cwintrto.content.htm	cwintrto.content	msdn-library/datadungeon-2000-04/wceatl/htm	CWinTraitsOR	msdn-library-copyright
WS_THICKFRAME	not-supported	cwintraits	WinTraits Remarks Windows CE does not support the following dwExStyle flags: WS_EX_ACCEPTFILES WS_EX_LEFTSCROLLBAR WS_EX_LEFT WS_EX_MDICHILD WS_EX_LTRREADING WS_EX_PALETTEWINDOW WS_EX_NOPARENTNOTIFY WS_EX_RIGHTSCROLLBAR WS_EX_RIGHT WS_EX_TOOLWINDOW WS_EX_RTLREADING WS_EX_TRANSPARENT WS_EX_APPWINDOW 	corpus/msdn-library/datadungeon-2000-04/wceatl/htm/cwintrt.content.htm	cwintrt.content	msdn-library/datadungeon-2000-04/wceatl/htm	CWinTraits	msdn-library-copyright
WS_THICKFRAME	not-supported	cwintraitsor	nTraitsOR Remarks Windows CE does not support the following dwExStyle flags: WS_EX_ACCEPTFILES WS_EX_LEFTSCROLLBAR WS_EX_LEFT WS_EX_MDICHILD WS_EX_LTRREADING WS_EX_PALETTEWINDOW WS_EX_NOPARENTNOTIFY WS_EX_RIGHTSCROLLBAR WS_EX_RIGHT WS_EX_TOOLWINDOW WS_EX_RTLREADING WS_EX_TRANSPARENT WS_EX_APPWINDOW 	corpus/msdn-library/datadungeon-2000-04/wceatl/htm/cwintrto.content.htm	cwintrto.content	msdn-library/datadungeon-2000-04/wceatl/htm	CWinTraitsOR	msdn-library-copyright
WS_TILED	not-supported	cwintraits	WinTraits Remarks Windows CE does not support the following dwExStyle flags: WS_EX_ACCEPTFILES WS_EX_LEFTSCROLLBAR WS_EX_LEFT WS_EX_MDICHILD WS_EX_LTRREADING WS_EX_PALETTEWINDOW WS_EX_NOPARENTNOTIFY WS_EX_RIGHTSCROLLBAR WS_EX_RIGHT WS_EX_TOOLWINDOW WS_EX_RTLREADING WS_EX_TRANSPARENT WS_EX_APPWINDOW 	corpus/msdn-library/datadungeon-2000-04/wceatl/htm/cwintrt.content.htm	cwintrt.content	msdn-library/datadungeon-2000-04/wceatl/htm	CWinTraits	msdn-library-copyright
WS_TILED	not-supported	cwintraitsor	nTraitsOR Remarks Windows CE does not support the following dwExStyle flags: WS_EX_ACCEPTFILES WS_EX_LEFTSCROLLBAR WS_EX_LEFT WS_EX_MDICHILD WS_EX_LTRREADING WS_EX_PALETTEWINDOW WS_EX_NOPARENTNOTIFY WS_EX_RIGHTSCROLLBAR WS_EX_RIGHT WS_EX_TOOLWINDOW WS_EX_RTLREADING WS_EX_TRANSPARENT WS_EX_APPWINDOW 	corpus/msdn-library/datadungeon-2000-04/wceatl/htm/cwintrto.content.htm	cwintrto.content	msdn-library/datadungeon-2000-04/wceatl/htm	CWinTraitsOR	msdn-library-copyright
WS_TILEDWINDOW	not-supported	cwintraits	WinTraits Remarks Windows CE does not support the following dwExStyle flags: WS_EX_ACCEPTFILES WS_EX_LEFTSCROLLBAR WS_EX_LEFT WS_EX_MDICHILD WS_EX_LTRREADING WS_EX_PALETTEWINDOW WS_EX_NOPARENTNOTIFY WS_EX_RIGHTSCROLLBAR WS_EX_RIGHT WS_EX_TOOLWINDOW WS_EX_RTLREADING WS_EX_TRANSPARENT WS_EX_APPWINDOW 	corpus/msdn-library/datadungeon-2000-04/wceatl/htm/cwintrt.content.htm	cwintrt.content	msdn-library/datadungeon-2000-04/wceatl/htm	CWinTraits	msdn-library-copyright
WS_TILEDWINDOW	not-supported	cwintraitsor	nTraitsOR Remarks Windows CE does not support the following dwExStyle flags: WS_EX_ACCEPTFILES WS_EX_LEFTSCROLLBAR WS_EX_LEFT WS_EX_MDICHILD WS_EX_LTRREADING WS_EX_PALETTEWINDOW WS_EX_NOPARENTNOTIFY WS_EX_RIGHTSCROLLBAR WS_EX_RIGHT WS_EX_TOOLWINDOW WS_EX_RTLREADING WS_EX_TRANSPARENT WS_EX_APPWINDOW 	corpus/msdn-library/datadungeon-2000-04/wceatl/htm/cwintrto.content.htm	cwintrto.content	msdn-library/datadungeon-2000-04/wceatl/htm	CWinTraitsOR	msdn-library-copyright
